ISO-10303-21;
HEADER;
FILE_DESCRIPTION (( 'STEP AP214' ),
    '1' );
FILE_NAME ('69E606F8-E654-4B8A-A1E6-D8F60CE14AFD.STEP',
    '2026-02-17T10:31:40',
    ( '' ),
    ( '' ),
    'SwSTEP 2.0',
    'SolidWorks 2022',
    '' );
FILE_SCHEMA (( 'AUTOMOTIVE_DESIGN' ));
ENDSEC;

DATA;
#1 = ORIENTED_EDGE ( 'NONE', *, *, #320, .F. ) ;
#2 = ADVANCED_FACE ( 'NONE', ( #5782 ), #2594, .T. ) ;
#3 = FACE_OUTER_BOUND ( 'NONE', #5878, .T. ) ;
#4 = AXIS2_PLACEMENT_3D ( 'NONE', #6057, #1586, #3530 ) ;
#5 = LINE ( 'NONE', #4737, #2496 ) ;
#6 = DIRECTION ( 'NONE',  ( 0.0000000000000000000, 0.0000000000000000000, 1.000000000000000000 ) ) ;
#7 = ORIENTED_EDGE ( 'NONE', *, *, #3691, .T. ) ;
#8 = ORIENTED_EDGE ( 'NONE', *, *, #7652, .F. ) ;
#9 = VERTEX_POINT ( 'NONE', #1210 ) ;
#10 = VECTOR ( 'NONE', #384, 1000.000000000000000 ) ;
#11 = ORIENTED_EDGE ( 'NONE', *, *, #7867, .F. ) ;
#12 = EDGE_CURVE ( 'NONE', #259, #3792, #1085, .T. ) ;
#13 = PLANE ( 'NONE',  #6938 ) ;
#14 = PLANE ( 'NONE',  #5737 ) ;
#15 = CARTESIAN_POINT ( 'NONE',  ( -5.149999999999999467, -7.250000000000000000, 0.0000000000000000000 ) ) ;
#16 = LINE ( 'NONE', #7854, #1243 ) ;
#17 = CARTESIAN_POINT ( 'NONE',  ( -3.249999999999999556, -7.249999999999999112, 1.970000000000000417 ) ) ;
#18 = ORIENTED_EDGE ( 'NONE', *, *, #4517, .T. ) ;
#19 = CIRCLE ( 'NONE', #3238, 6.999999999999999112 ) ;
#20 = ORIENTED_EDGE ( 'NONE', *, *, #2573, .T. ) ;
#21 = AXIS2_PLACEMENT_3D ( 'NONE', #7925, #1885, #8527 ) ;
#22 = UNCERTAINTY_MEASURE_WITH_UNIT (LENGTH_MEASURE( 1.000000000000000082E-05 ), #5252, 'distance_accuracy_value', 'NONE');
#23 = DIRECTION ( 'NONE',  ( -0.0000000000000000000, -0.0000000000000000000, 1.000000000000000000 ) ) ;
#24 = ADVANCED_FACE ( 'NONE', ( #3162 ), #8425, .T. ) ;
#25 = DIRECTION ( 'NONE',  ( 1.000000000000000000, 1.065814103640150279E-14, 0.0000000000000000000 ) ) ;
#26 = CIRCLE ( 'NONE', #452, 7.250000000000000888 ) ;
#27 = VECTOR ( 'NONE', #1565, 1000.000000000000000 ) ;
#28 = DIRECTION ( 'NONE',  ( -1.000000000000000000, 0.0000000000000000000, 0.0000000000000000000 ) ) ;
#29 = LINE ( 'NONE', #4677, #2205 ) ;
#30 = LINE ( 'NONE', #2703, #1972 ) ;
#31 = FACE_OUTER_BOUND ( 'NONE', #4697, .T. ) ;
#33 = EDGE_LOOP ( 'NONE', ( #533, #1903, #1527, #2575 ) ) ;
#32 = B_SPLINE_CURVE_WITH_KNOTS ( 'NONE', 3,
 ( #5238, #6076, #3854, #159, #2780, #5396 ),
 .UNSPECIFIED., .F., .F.,
 ( 4, 2, 4 ),
 ( 0.0000000000000000000, 0.0002759767003077506884, 0.0005519534006155013767 ),
 .UNSPECIFIED. ) ;
#34 = DIRECTION ( 'NONE',  ( -0.0000000000000000000, -0.0000000000000000000, 1.000000000000000000 ) ) ;
#35 = COLOUR_RGB ( '',0.2980392156862745057, 0.2980392156862745057, 0.2980392156862745057 ) ;
#36 = CARTESIAN_POINT ( 'NONE',  ( 5.855266267671297875, 4.212002063983640632, 2.212737241224834950 ) ) ;
#37 = EDGE_CURVE ( 'NONE', #3673, #1089, #8382, .T. ) ;
#38 = LINE ( 'NONE', #4724, #4910 ) ;
#39 = CARTESIAN_POINT ( 'NONE',  ( -1.974999999999996314, -7.250000000000000000, 1.989999999999999991 ) ) ;
#40 = ADVANCED_FACE ( 'NONE', ( #517 ), #4407, .T. ) ;
#41 = EDGE_CURVE ( 'NONE', #4535, #6814, #6313, .T. ) ;
#42 = VECTOR ( 'NONE', #3606, 1000.000000000000000 ) ;
#43 = ORIENTED_EDGE ( 'NONE', *, *, #2930, .T. ) ;
#44 = VERTEX_POINT ( 'NONE', #2489 ) ;
#45 = ORIENTED_EDGE ( 'NONE', *, *, #3445, .F. ) ;
#46 =( LENGTH_UNIT ( ) NAMED_UNIT ( * ) SI_UNIT ( .MILLI., .METRE. ) );
#47 = VERTEX_POINT ( 'NONE', #8472 ) ;
#48 = CIRCLE ( 'NONE', #6402, 0.03000000000000007869 ) ;
#49 = CARTESIAN_POINT ( 'NONE',  ( 2.536198336770763451, 3.210225366088509169, 0.9700000000000000844 ) ) ;
#50 = FILL_AREA_STYLE_COLOUR ( '', #8119 ) ;
#51 = PLANE ( 'NONE',  #4871 ) ;
#52 = EDGE_CURVE ( 'NONE', #4011, #5329, #3205, .T. ) ;
#53 = VERTEX_POINT ( 'NONE', #5189 ) ;
#54 = ORIENTED_EDGE ( 'NONE', *, *, #5197, .T. ) ;
#55 = ORIENTED_EDGE ( 'NONE', *, *, #2064, .T. ) ;
#56 = DIRECTION ( 'NONE',  ( 0.0000000000000000000, 3.293778751854695487E-15, 1.000000000000000000 ) ) ;
#57 = VERTEX_POINT ( 'NONE', #7119 ) ;
#58 = LINE ( 'NONE', #4004, #361 ) ;
#59 = CARTESIAN_POINT ( 'NONE',  ( 0.0000000000000000000, 0.0000000000000000000, 1.989999999999999991 ) ) ;
#60 = EDGE_CURVE ( 'NONE', #7766, #6277, #2403, .T. ) ;
#61 = DIRECTION ( 'NONE',  ( -1.196361017915039486E-16, -1.000000000000000000, 0.0000000000000000000 ) ) ;
#62 = FACE_OUTER_BOUND ( 'NONE', #2892, .T. ) ;
#63 = DIRECTION ( 'NONE',  ( 0.7111669494853621876, 0.7030231645967892629, -0.0000000000000000000 ) ) ;
#64 = CARTESIAN_POINT ( 'NONE',  ( 0.9749999999999940936, -7.250000000000000000, 0.5000000000000000000 ) ) ;
#65 = STYLED_ITEM ( 'NONE', ( #6303 ), #8019 ) ;
#66 = ORIENTED_EDGE ( 'NONE', *, *, #4349, .F. ) ;
#67 = CARTESIAN_POINT ( 'NONE',  ( -2.999999999999999556, -4.500000000000000000, -0.5000000000000000000 ) ) ;
#68 = VECTOR ( 'NONE', #3114, 1000.000000000000000 ) ;
#69 = DIRECTION ( 'NONE',  ( -3.486881358747351719E-15, 0.0000000000000000000, 1.000000000000000000 ) ) ;
#70 = CIRCLE ( 'NONE', #2727, 7.249999999999999112 ) ;
#71 = LINE ( 'NONE', #7862, #3410 ) ;
#72 = PLANE ( 'NONE',  #97 ) ;
#73 = PLANE ( 'NONE',  #5948 ) ;
#74 = LINE ( 'NONE', #2742, #4191 ) ;
#75 = CIRCLE ( 'NONE', #1476, 7.250000000000000000 ) ;
#76 = DIRECTION ( 'NONE',  ( 1.000000000000000000, 1.332267629550187849E-14, 0.0000000000000000000 ) ) ;
#77 = CARTESIAN_POINT ( 'NONE',  ( 0.0000000000000000000, -7.224999999999999645, 2.000000000000000000 ) ) ;
#78 = CARTESIAN_POINT ( 'NONE',  ( -2.894821588564007619, 2.861672122991794076, 1.969999999999999529 ) ) ;
#79 = DIRECTION ( 'NONE',  ( 1.000000000000000000, 0.0000000000000000000, 0.0000000000000000000 ) ) ;
#80 = EDGE_LOOP ( 'NONE', ( #5528, #936, #374, #825 ) ) ;
#81 = DIRECTION ( 'NONE',  ( -0.0000000000000000000, -0.0000000000000000000, -1.000000000000000000 ) ) ;
#82 = VERTEX_POINT ( 'NONE', #555 ) ;
#83 = VERTEX_POINT ( 'NONE', #431 ) ;
#84 = PLANE ( 'NONE',  #305 ) ;
#85 = ORIENTED_EDGE ( 'NONE', *, *, #5222, .T. ) ;
#86 = EDGE_CURVE ( 'NONE', #6003, #968, #1912, .T. ) ;
#87 = EDGE_CURVE ( 'NONE', #2056, #6423, #2895, .T. ) ;
#88 = FACE_OUTER_BOUND ( 'NONE', #6526, .T. ) ;
#89 = DIRECTION ( 'NONE',  ( 0.7111669494853591900, -0.7030231645967923715, 0.0000000000000000000 ) ) ;
#90 = VERTEX_POINT ( 'NONE', #3680 ) ;
#91 = CARTESIAN_POINT ( 'NONE',  ( 8.075423574700504759, -1.423915056868493956, 4.000000000000000000 ) ) ;
#92 = ORIENTED_EDGE ( 'NONE', *, *, #2061, .T. ) ;
#93 = ORIENTED_EDGE ( 'NONE', *, *, #3700, .F. ) ;
#94 = CARTESIAN_POINT ( 'NONE',  ( 0.0000000000000000000, 0.0000000000000000000, 1.989999999999999991 ) ) ;
#95 = ORIENTED_EDGE ( 'NONE', *, *, #2709, .T. ) ;
#96 = DIRECTION ( 'NONE',  ( 0.0000000000000000000, -1.000000000000000000, 0.0000000000000000000 ) ) ;
#97 = AXIS2_PLACEMENT_3D ( 'NONE', #7283, #4020, #6681 ) ;
#98 = EDGE_CURVE ( 'NONE', #1587, #275, #2749, .T. ) ;
#99 = CARTESIAN_POINT ( 'NONE',  ( -6.837924277842772902, 1.621571790147172676, 2.027052200441471719 ) ) ;
#100 = SHAPE_DEFINITION_REPRESENTATION ( #2735, #4447 ) ;
#101 = VECTOR ( 'NONE', #7580, 1000.000000000000114 ) ;
#103 = B_SPLINE_CURVE_WITH_KNOTS ( 'NONE', 3,
 ( #2321, #8168, #4806, #6830, #3467, #6087 ),
 .UNSPECIFIED., .F., .F.,
 ( 4, 2, 4 ),
 ( 0.0000000000000000000, 0.0002759767003079322380, 0.0005519534006158644760 ),
 .UNSPECIFIED. ) ;
#102 = CARTESIAN_POINT ( 'NONE',  ( 0.0000000000000000000, 0.0000000000000000000, 4.000000000000000000 ) ) ;
#104 = FACE_OUTER_BOUND ( 'NONE', #2214, .T. ) ;
#105 = VECTOR ( 'NONE', #1605, 1000.000000000000114 ) ;
#106 = LINE ( 'NONE', #6498, #2791 ) ;
#107 = PLANE ( 'NONE',  #4692 ) ;
#108 = ORIENTED_EDGE ( 'NONE', *, *, #1748, .T. ) ;
#109 = EDGE_CURVE ( 'NONE', #8158, #6575, #1916, .T. ) ;
#110 = EDGE_CURVE ( 'NONE', #8132, #1359, #5707, .T. ) ;
#111 = CIRCLE ( 'NONE', #7143, 7.250000000000000000 ) ;
#112 = DIRECTION ( 'NONE',  ( 1.000000000000000000, -0.0000000000000000000, 3.486881358747351719E-15 ) ) ;
#113 = FACE_OUTER_BOUND ( 'NONE', #2110, .T. ) ;
#114 = DIRECTION ( 'NONE',  ( 1.000000000000000000, 0.0000000000000000000, 0.0000000000000000000 ) ) ;
#115 = DIRECTION ( 'NONE',  ( 1.000000000000000000, 0.0000000000000000000, 0.0000000000000000000 ) ) ;
#116 = CARTESIAN_POINT ( 'NONE',  ( 0.9749999999999945377, -7.160000000000000142, -0.005000000000000000104 ) ) ;
#117 = AXIS2_PLACEMENT_3D ( 'NONE', #4437, #1706, #2500 ) ;
#118 = STYLED_ITEM ( 'NONE', ( #8025 ), #726 ) ;
#119 = CARTESIAN_POINT ( 'NONE',  ( 5.150000000000000355, -6.324710424241401618, 1.988239158481577507 ) ) ;
#120 = LINE ( 'NONE', #725, #799 ) ;
#121 = ORIENTED_EDGE ( 'NONE', *, *, #6282, .F. ) ;
#122 = CARTESIAN_POINT ( 'NONE',  ( -3.500000000000000000, 4.286263797015736595E-16, 3.700000000000000178 ) ) ;
#123 = DIRECTION ( 'NONE',  ( -0.0000000000000000000, -0.0000000000000000000, 1.000000000000000000 ) ) ;
#124 = AXIS2_PLACEMENT_3D ( 'NONE', #4332, #1869, #5020 ) ;
#125 = CARTESIAN_POINT ( 'NONE',  ( 5.270858399430221830, -6.281564433575399953, 4.000000000000000000 ) ) ;
#126 =( NAMED_UNIT ( * ) SI_UNIT ( $, .STERADIAN. ) SOLID_ANGLE_UNIT ( ) );
#127 = LINE ( 'NONE', #4768, #8151 ) ;
#128 = ORIENTED_EDGE ( 'NONE', *, *, #3168, .F. ) ;
#129 = B_SPLINE_CURVE_WITH_KNOTS ( 'NONE', 3,
 ( #8115, #904, #3554, #6161, #6726, #6122 ),
 .UNSPECIFIED., .F., .F.,
 ( 4, 2, 4 ),
 ( 0.0000000000000000000, 0.0002759767003081717925, 0.0005519534006163435850 ),
 .UNSPECIFIED. ) ;
#130 = FILL_AREA_STYLE ('',( #6044 ) ) ;
#131 = EDGE_LOOP ( 'NONE', ( #1333, #7672, #896, #4307 ) ) ;
#132 = ORIENTED_EDGE ( 'NONE', *, *, #1122, .F. ) ;
#133 = MECHANICAL_DESIGN_GEOMETRIC_PRESENTATION_REPRESENTATION (  '', ( #3596 ), #4571 ) ;
#134 = DIRECTION ( 'NONE',  ( 1.000000000000000000, 0.0000000000000000000, -0.0000000000000000000 ) ) ;
#135 = ORIENTED_EDGE ( 'NONE', *, *, #8387, .T. ) ;
#136 = FACE_OUTER_BOUND ( 'NONE', #7295, .T. ) ;
#137 = VECTOR ( 'NONE', #2287, 1000.000000000000000 ) ;
#138 = CARTESIAN_POINT ( 'NONE',  ( 5.150000000000000355, -1.163414459190184377E-16, 1.989999999999999991 ) ) ;
#139 = LINE ( 'NONE', #7356, #878 ) ;
#140 = DIRECTION ( 'NONE',  ( 1.000000000000000000, -0.0000000000000000000, 3.486881358747351719E-15 ) ) ;
#141 = EDGE_CURVE ( 'NONE', #6092, #3605, #7565, .T. ) ;
#142 = VERTEX_POINT ( 'NONE', #7199 ) ;
#143 = VERTEX_POINT ( 'NONE', #4066 ) ;
#144 = CARTESIAN_POINT ( 'NONE',  ( -4.049976487848957696, 6.013334386833199652, 2.249999999999997780 ) ) ;
#145 = ORIENTED_EDGE ( 'NONE', *, *, #3699, .F. ) ;
#146 = AXIS2_PLACEMENT_3D ( 'NONE', #3558, #3427, #6125 ) ;
#147 = DIRECTION ( 'NONE',  ( -1.000000000000000000, 2.878623907262427508E-14, 0.0000000000000000000 ) ) ;
#148 = DIRECTION ( 'NONE',  ( -0.0000000000000000000, -0.0000000000000000000, -1.000000000000000000 ) ) ;
#149 = EDGE_CURVE ( 'NONE', #7139, #2435, #29, .T. ) ;
#150 = CARTESIAN_POINT ( 'NONE',  ( 2.681536301734667838, 3.077428095828810939, 0.4299591213836871373 ) ) ;
#151 = ADVANCED_FACE ( 'NONE', ( #8514 ), #72, .T. ) ;
#152 = ORIENTED_EDGE ( 'NONE', *, *, #2450, .F. ) ;
#153 = ORIENTED_EDGE ( 'NONE', *, *, #1544, .T. ) ;
#154 = CARTESIAN_POINT ( 'NONE',  ( -6.896677359547330965, -1.867291674077366626, 2.144131816092807341 ) ) ;
#155 = AXIS2_PLACEMENT_3D ( 'NONE', #4201, #5479, #6727 ) ;
#156 = CARTESIAN_POINT ( 'NONE',  ( -3.254999999999999005, -7.224999999999999645, 1.990000000000000435 ) ) ;
#157 = DIRECTION ( 'NONE',  ( 1.000000000000000000, 0.0000000000000000000, 0.0000000000000000000 ) ) ;
#158 = B_SPLINE_CURVE_WITH_KNOTS ( 'NONE', 3,
 ( #3035, #6253, #3078, #7027 ),
 .UNSPECIFIED., .F., .F.,
 ( 4, 4 ),
 ( 0.0000000000000000000, 0.0003571877805293505377 ),
 .UNSPECIFIED. ) ;
#159 = CARTESIAN_POINT ( 'NONE',  ( -4.154407135043495458, 5.713478970601139295, 2.063856039206980686 ) ) ;
#160 = EDGE_CURVE ( 'NONE', #2815, #1015, #6721, .T. ) ;
#161 = AXIS2_PLACEMENT_3D ( 'NONE', #1011, #1623, #349 ) ;
#162 = DIRECTION ( 'NONE',  ( 2.017312099804055287E-15, -2.017312099804055287E-15, 1.000000000000000000 ) ) ;
#163 = CONICAL_SURFACE ( 'NONE', #5002, 7.000000000000000888, 0.7853981633974466137 ) ;
#164 = CARTESIAN_POINT ( 'NONE',  ( 0.0000000000000000000, 0.0000000000000000000, 4.000000000000000000 ) ) ;
#165 = ORIENTED_EDGE ( 'NONE', *, *, #1267, .F. ) ;
#166 = CYLINDRICAL_SURFACE ( 'NONE', #6932, 1.249999999999997558 ) ;
#167 = CARTESIAN_POINT ( 'NONE',  ( 6.625249362316868229, 2.944243686775933622, 4.000000000000000000 ) ) ;
#168 = VECTOR ( 'NONE', #7639, 1000.000000000000114 ) ;
#169 = LINE ( 'NONE', #2830, #4893 ) ;
#170 = CIRCLE ( 'NONE', #453, 1.249999999999994227 ) ;
#171 = FACE_OUTER_BOUND ( 'NONE', #3793, .T. ) ;
#172 = CARTESIAN_POINT ( 'NONE',  ( 6.801860843870434085E-13, -8.199999999999999289, 4.000000000000000000 ) ) ;
#173 = EDGE_CURVE ( 'NONE', #44, #5962, #1380, .T. ) ;
#174 = ORIENTED_EDGE ( 'NONE', *, *, #8303, .T. ) ;
#175 = CARTESIAN_POINT ( 'NONE',  ( 6.896677359547511266, 1.867291674076146712, 2.144131816092659015 ) ) ;
#176 = ORIENTED_EDGE ( 'NONE', *, *, #5819, .T. ) ;
#177 = ORIENTED_EDGE ( 'NONE', *, *, #2609, .T. ) ;
#178 = AXIS2_PLACEMENT_3D ( 'NONE', #6719, #5435, #7983 ) ;
#179 = ORIENTED_EDGE ( 'NONE', *, *, #5177, .F. ) ;
#180 = CARTESIAN_POINT ( 'NONE',  ( 5.150000000000006573, -3.963704366711341187, 0.1392243887514867662 ) ) ;
#181 = CIRCLE ( 'NONE', #2827, 4.200000000000000178 ) ;
#182 = PRESENTATION_LAYER_ASSIGNMENT (  '', '', ( #2829 ) ) ;
#183 = DIRECTION ( 'NONE',  ( -0.7030231645967912613, 0.7111669494853601892, 0.0000000000000000000 ) ) ;
#184 = DIRECTION ( 'NONE',  ( -0.0000000000000000000, -0.0000000000000000000, -1.000000000000000000 ) ) ;
#185 = ORIENTED_EDGE ( 'NONE', *, *, #6006, .T. ) ;
#186 = CARTESIAN_POINT ( 'NONE',  ( 0.0000000000000000000, 0.0000000000000000000, 4.000000000000000000 ) ) ;
#187 = ORIENTED_EDGE ( 'NONE', *, *, #2968, .F. ) ;
#188 = ORIENTED_EDGE ( 'NONE', *, *, #998, .F. ) ;
#189 = CARTESIAN_POINT ( 'NONE',  ( 6.625249362317113366, -2.944243686775382063, 2.250000000000002665 ) ) ;
#190 = ORIENTED_EDGE ( 'NONE', *, *, #1065, .F. ) ;
#191 = CIRCLE ( 'NONE', #2297, 7.000000000000000888 ) ;
#192 = ADVANCED_FACE ( 'NONE', ( #5266 ), #5493, .T. ) ;
#193 = DIRECTION ( 'NONE',  ( 0.7111669494853497531, 0.7030231645968018084, 1.831811271303659549E-14 ) ) ;
#194 = CARTESIAN_POINT ( 'NONE',  ( 2.870814365006290725, 6.454561601911803059, 2.063856039206910964 ) ) ;
#195 = DIRECTION ( 'NONE',  ( 0.0000000000000000000, 0.0000000000000000000, 1.000000000000000000 ) ) ;
#196 = CARTESIAN_POINT ( 'NONE',  ( -5.065460705799472940, 5.039051958034614032, 2.144131816092778031 ) ) ;
#197 = ORIENTED_EDGE ( 'NONE', *, *, #2972, .T. ) ;
#198 = B_SPLINE_CURVE_WITH_KNOTS ( 'NONE', 3,
 ( #5488, #7603, #1570, #7426 ),
 .UNSPECIFIED., .F., .F.,
 ( 4, 4 ),
 ( 1.626303258728256651E-19, 0.0005511928767350099401 ),
 .UNSPECIFIED. ) ;
#199 = ORIENTED_EDGE ( 'NONE', *, *, #2631, .F. ) ;
#200 = EDGE_CURVE ( 'NONE', #703, #6043, #723, .T. ) ;
#201 = EDGE_CURVE ( 'NONE', #1091, #7107, #2702, .T. ) ;
#202 = DIRECTION ( 'NONE',  ( -0.0000000000000000000, -0.0000000000000000000, -1.000000000000000000 ) ) ;
#203 = DIRECTION ( 'NONE',  ( 0.0000000000000000000, 0.0000000000000000000, -1.000000000000000000 ) ) ;
#204 = VECTOR ( 'NONE', #553, 1000.000000000000000 ) ;
#205 =( NAMED_UNIT ( * ) SI_UNIT ( $, .STERADIAN. ) SOLID_ANGLE_UNIT ( ) );
#206 = DIRECTION ( 'NONE',  ( 0.0000000000000000000, 1.000000000000000000, 0.0000000000000000000 ) ) ;
#207 = VERTEX_POINT ( 'NONE', #6598 ) ;
#208 = LINE ( 'NONE', #4885, #2345 ) ;
#209 = DIRECTION ( 'NONE',  ( -0.0000000000000000000, -0.0000000000000000000, 1.000000000000000000 ) ) ;
#210 = ORIENTED_EDGE ( 'NONE', *, *, #6581, .T. ) ;
#211 = PRESENTATION_LAYER_ASSIGNMENT (  '', '', ( #8080 ) ) ;
#212 = CARTESIAN_POINT ( 'NONE',  ( 2.804565175270500976, 7.705479490444564483, 4.000000000000000000 ) ) ;
#213 = CARTESIAN_POINT ( 'NONE',  ( 0.7581282393918733487, -0.7669103586881789170, 2.000000000000000000 ) ) ;
#214 = CYLINDRICAL_SURFACE ( 'NONE', #4424, 1.250000000000000222 ) ;
#215 = ORIENTED_EDGE ( 'NONE', *, *, #3907, .F. ) ;
#216 = AXIS2_PLACEMENT_3D ( 'NONE', #4412, #4458, #7065 ) ;
#217 = ORIENTED_EDGE ( 'NONE', *, *, #7992, .F. ) ;
#218 = LINE ( 'NONE', #3394, #5680 ) ;
#219 = ORIENTED_EDGE ( 'NONE', *, *, #4301, .T. ) ;
#220 = VERTEX_POINT ( 'NONE', #5988 ) ;
#221 = SURFACE_STYLE_FILL_AREA ( #4856 ) ;
#222 = ORIENTED_EDGE ( 'NONE', *, *, #4290, .T. ) ;
#223 = EDGE_CURVE ( 'NONE', #5836, #6254, #1080, .T. ) ;
#224 =( NAMED_UNIT ( * ) SI_UNIT ( $, .STERADIAN. ) SOLID_ANGLE_UNIT ( ) );
#225 = DIRECTION ( 'NONE',  ( 1.000000000000000000, -0.0000000000000000000, 3.486881358747351719E-15 ) ) ;
#226 = CARTESIAN_POINT ( 'NONE',  ( 5.150000000000000355, -1.163414459190184377E-16, 2.000000000000000000 ) ) ;
#227 = VERTEX_POINT ( 'NONE', #2090 ) ;
#228 = VERTEX_POINT ( 'NONE', #6556 ) ;
#229 = ORIENTED_EDGE ( 'NONE', *, *, #3194, .F. ) ;
#230 = DIRECTION ( 'NONE',  ( -0.0000000000000000000, -0.0000000000000000000, -1.000000000000000000 ) ) ;
#231 = ORIENTED_EDGE ( 'NONE', *, *, #4499, .F. ) ;
#232 = PRODUCT ( '69E606F8-E654-4B8A-A1E6-D8F60CE14AFD', '69E606F8-E654-4B8A-A1E6-D8F60CE14AFD', '', ( #4913 ) ) ;
#233 = CARTESIAN_POINT ( 'NONE',  ( -6.348083615206947528, -3.099157144377019169, 2.063856039206997561 ) ) ;
#234 = CARTESIAN_POINT ( 'NONE',  ( 0.9749999999999945377, 0.0000000000000000000, 0.0000000000000000000 ) ) ;
#235 = SURFACE_STYLE_USAGE ( .BOTH. , #6152 ) ;
#236 =( NAMED_UNIT ( * ) PLANE_ANGLE_UNIT ( ) SI_UNIT ( $, .RADIAN. ) );
#237 = VERTEX_POINT ( 'NONE', #116 ) ;
#238 = DIRECTION ( 'NONE',  ( 0.7111669494853621876, 0.7030231645967893739, 3.613946018757868503E-15 ) ) ;
#239 = AXIS2_PLACEMENT_3D ( 'NONE', #6393, #2535, #7783 ) ;
#240 = DIRECTION ( 'NONE',  ( -1.000000000000000000, 8.673617379884035472E-16, -0.0000000000000000000 ) ) ;
#241 = EDGE_CURVE ( 'NONE', #6798, #2160, #2622, .T. ) ;
#242 = DIRECTION ( 'NONE',  ( 0.0000000000000000000, 0.0000000000000000000, -1.000000000000000000 ) ) ;
#243 = CARTESIAN_POINT ( 'NONE',  ( -5.160000000000006359, -6.173222852441613480E-16, 1.799235381093731653E-14 ) ) ;
#244 = ORIENTED_EDGE ( 'NONE', *, *, #5228, .F. ) ;
#245 = CYLINDRICAL_SURFACE ( 'NONE', #5236, 0.03000000000000019665 ) ;
#246 = CYLINDRICAL_SURFACE ( 'NONE', #4727, 4.200000000000000178 ) ;
#247 = CARTESIAN_POINT ( 'NONE',  ( -1.749051531137701732, -7.035859488465135314, 2.249999999999997780 ) ) ;
#248 = EDGE_CURVE ( 'NONE', #4852, #4813, #2490, .T. ) ;
#249 = EDGE_LOOP ( 'NONE', ( #6407, #6650, #43, #7472 ) ) ;
#250 = AXIS2_PLACEMENT_3D ( 'NONE', #3146, #8487, #1806 ) ;
#251 = CARTESIAN_POINT ( 'NONE',  ( 0.0000000000000000000, 0.0000000000000000000, 3.750000000000001776 ) ) ;
#252 = B_SPLINE_CURVE_WITH_KNOTS ( 'NONE', 3,
 ( #2475, #1896, #5089, #1985, #3284, #3874 ),
 .UNSPECIFIED., .F., .F.,
 ( 4, 2, 4 ),
 ( 0.0000000000000000000, 0.0002759767003082216116, 0.0005519534006164425726 ),
 .UNSPECIFIED. ) ;
#253 = DIRECTION ( 'NONE',  ( -0.7111669494853501972, 0.7030231645968014753, 0.0000000000000000000 ) ) ;
#254 = DIRECTION ( 'NONE',  ( 1.000000000000000000, 0.0000000000000000000, 0.0000000000000000000 ) ) ;
#255 = EDGE_CURVE ( 'NONE', #3939, #2235, #3424, .T. ) ;
#256 =( GEOMETRIC_REPRESENTATION_CONTEXT ( 3 ) GLOBAL_UNCERTAINTY_ASSIGNED_CONTEXT ( ( #6866 ) ) GLOBAL_UNIT_ASSIGNED_CONTEXT ( ( #3138, #7343, #7875 ) ) REPRESENTATION_CONTEXT ( 'NONE', 'WORKASPACE' ) );
#257 = CARTESIAN_POINT ( 'NONE',  ( -0.3232914739353220379, 6.992530487804878625, 4.000000000000000000 ) ) ;
#258 = VERTEX_POINT ( 'NONE', #5314 ) ;
#259 = VERTEX_POINT ( 'NONE', #5399 ) ;
#260 = EDGE_CURVE ( 'NONE', #5846, #44, #4551, .T. ) ;
#261 = ORIENTED_EDGE ( 'NONE', *, *, #7773, .F. ) ;
#262 = VERTEX_POINT ( 'NONE', #5227 ) ;
#263 = EDGE_LOOP ( 'NONE', ( #6489, #2801, #6145, #190, #7899, #4648 ) ) ;
#264 = VECTOR ( 'NONE', #3517, 1000.000000000000114 ) ;
#265 = AXIS2_PLACEMENT_3D ( 'NONE', #4506, #7774, #3156 ) ;
#266 = CARTESIAN_POINT ( 'NONE',  ( -5.149999999999999467, -7.250000000000000000, 0.0000000000000000000 ) ) ;
#267 = CARTESIAN_POINT ( 'NONE',  ( 4.499999999999998224, -7.259999999999998899, -0.005000000000000000104 ) ) ;
#268 = CARTESIAN_POINT ( 'NONE',  ( -5.159999999999999254, -6.324710424241401618, 1.988239158481577507 ) ) ;
#269 = CARTESIAN_POINT ( 'NONE',  ( -0.3232914739347411137, -6.992530487804905270, 4.000000000000000000 ) ) ;
#270 = EDGE_LOOP ( 'NONE', ( #2837, #957, #2584, #4223 ) ) ;
#271 = CARTESIAN_POINT ( 'NONE',  ( 4.082889415499332486, -5.863527165330880919, 3.855868183907315672 ) ) ;
#272 = EDGE_CURVE ( 'NONE', #2948, #4574, #3887, .T. ) ;
#273 = ORIENTED_EDGE ( 'NONE', *, *, #1947, .F. ) ;
#274 = EDGE_LOOP ( 'NONE', ( #2367, #3837, #4857, #2292, #6210 ) ) ;
#275 = VERTEX_POINT ( 'NONE', #3254 ) ;
#276 = AXIS2_PLACEMENT_3D ( 'NONE', #7913, #1299, #7123 ) ;
#277 = CARTESIAN_POINT ( 'NONE',  ( 1.974999999999994538, -7.160000000000000142, -0.005000000000000000104 ) ) ;
#278 = LINE ( 'NONE', #7551, #871 ) ;
#279 = EDGE_CURVE ( 'NONE', #4584, #3654, #5907, .T. ) ;
#280 = DIRECTION ( 'NONE',  ( -0.0000000000000000000, -0.0000000000000000000, -1.000000000000000000 ) ) ;
#281 = ORIENTED_EDGE ( 'NONE', *, *, #8087, .T. ) ;
#282 =( GEOMETRIC_REPRESENTATION_CONTEXT ( 3 ) GLOBAL_UNCERTAINTY_ASSIGNED_CONTEXT ( ( #3158 ) ) GLOBAL_UNIT_ASSIGNED_CONTEXT ( ( #8562, #5272, #6827 ) ) REPRESENTATION_CONTEXT ( 'NONE', 'WORKASPACE' ) );
#283 = ORIENTED_EDGE ( 'NONE', *, *, #6375, .F. ) ;
#284 = FACE_OUTER_BOUND ( 'NONE', #5420, .T. ) ;
#285 = AXIS2_PLACEMENT_3D ( 'NONE', #1652, #7697, #4428 ) ;
#286 = CARTESIAN_POINT ( 'NONE',  ( 6.942437212868437513, 0.8958602264748285471, 4.000000000000000000 ) ) ;
#287 = DIRECTION ( 'NONE',  ( -0.0000000000000000000, -0.0000000000000000000, -1.000000000000000000 ) ) ;
#288 = VERTEX_POINT ( 'NONE', #6509 ) ;
#289 = CARTESIAN_POINT ( 'NONE',  ( -5.150000000000003020, -6.173222852441612494E-16, 1.200000000000017941 ) ) ;
#290 = DIRECTION ( 'NONE',  ( 0.0000000000000000000, 0.0000000000000000000, 1.000000000000000000 ) ) ;
#291 = CARTESIAN_POINT ( 'NONE',  ( -3.499999999999999556, -7.259999999999998899, -0.005000000000000000104 ) ) ;
#292 = ORIENTED_EDGE ( 'NONE', *, *, #8109, .F. ) ;
#293 = VECTOR ( 'NONE', #6305, 1000.000000000000000 ) ;
#294 = DIRECTION ( 'NONE',  ( -1.000000000000000000, 0.0000000000000000000, 0.0000000000000000000 ) ) ;
#295 = LINE ( 'NONE', #8166, #7942 ) ;
#296 = VECTOR ( 'NONE', #5650, 1000.000000000000000 ) ;
#297 = CARTESIAN_POINT ( 'NONE',  ( -5.160000000000005471, -5.898932796319721561, -0.01000000000000000021 ) ) ;
#298 = DIRECTION ( 'NONE',  ( 1.000000000000000000, 0.0000000000000000000, 0.0000000000000000000 ) ) ;
#299 = VERTEX_POINT ( 'NONE', #601 ) ;
#300 = VERTEX_POINT ( 'NONE', #2657 ) ;
#301 = CYLINDRICAL_SURFACE ( 'NONE', #4478, 0.7750000000000001332 ) ;
#302 = ORIENTED_EDGE ( 'NONE', *, *, #7773, .T. ) ;
#303 = AXIS2_PLACEMENT_3D ( 'NONE', #901, #287, #1601 ) ;
#304 = EDGE_CURVE ( 'NONE', #5250, #6653, #801, .T. ) ;
#305 = AXIS2_PLACEMENT_3D ( 'NONE', #3397, #4650, #4689 ) ;
#306 = PLANE ( 'NONE',  #6518 ) ;
#307 = EDGE_CURVE ( 'NONE', #5192, #5919, #1471, .T. ) ;
#308 = EDGE_CURVE ( 'NONE', #946, #8476, #208, .T. ) ;
#309 = DIRECTION ( 'NONE',  ( 0.0000000000000000000, -1.000000000000000000, 0.0000000000000000000 ) ) ;
#310 = CARTESIAN_POINT ( 'NONE',  ( -4.823284503248603805, -5.111030238693019534, 2.027052200441461061 ) ) ;
#311 = CIRCLE ( 'NONE', #5016, 7.249999999999999112 ) ;
#312 = DIRECTION ( 'NONE',  ( 1.000000000000000000, 0.0000000000000000000, 0.0000000000000000000 ) ) ;
#313 = FACE_OUTER_BOUND ( 'NONE', #1872, .T. ) ;
#314 = CARTESIAN_POINT ( 'NONE',  ( -6.625249362317016555, -2.944243686775596114, 2.249999999999996003 ) ) ;
#315 = ORIENTED_EDGE ( 'NONE', *, *, #1858, .T. ) ;
#316 = ORIENTED_EDGE ( 'NONE', *, *, #2660, .F. ) ;
#317 = DIRECTION ( 'NONE',  ( 1.000000000000000000, -8.673617379884036458E-16, 0.0000000000000000000 ) ) ;
#318 = ORIENTED_EDGE ( 'NONE', *, *, #308, .T. ) ;
#319 = CONICAL_SURFACE ( 'NONE', #5828, 7.000000000000000888, 0.7853981633974482790 ) ;
#320 = EDGE_CURVE ( 'NONE', #4235, #8302, #5572, .T. ) ;
#321 = DIRECTION ( 'NONE',  ( 2.602085213965210642E-15, 2.602085213965210642E-15, -1.000000000000000000 ) ) ;
#322 = AXIS2_PLACEMENT_3D ( 'NONE', #3932, #717, #5261 ) ;
#323 = ORIENTED_EDGE ( 'NONE', *, *, #5797, .F. ) ;
#324 = CARTESIAN_POINT ( 'NONE',  ( 6.942437212868439289, 0.8958602264748265487, 2.000000000000000000 ) ) ;
#325 = LINE ( 'NONE', #7727, #3271 ) ;
#326 = CARTESIAN_POINT ( 'NONE',  ( 0.0000000000000000000, -0.8000000000000042633, 0.0000000000000000000 ) ) ;
#327 = CARTESIAN_POINT ( 'NONE',  ( -7.232688584372583662, 0.5007153297898134792, 2.249999999999997780 ) ) ;
#328 = DIRECTION ( 'NONE',  ( 0.0000000000000000000, 0.0000000000000000000, -1.000000000000000000 ) ) ;
#329 = ORIENTED_EDGE ( 'NONE', *, *, #6228, .T. ) ;
#330 = CARTESIAN_POINT ( 'NONE',  ( 4.049976487849248130, 6.013334386833004253, 2.250000000000001776 ) ) ;
#331 = CARTESIAN_POINT ( 'NONE',  ( 6.967758820037846412, -2.003206685737844328, 4.000000000000000000 ) ) ;
#332 = DIRECTION ( 'NONE',  ( -0.7030231645967899290, 0.7111669494853616325, 1.084202172485504557E-16 ) ) ;
#333 = ORIENTED_EDGE ( 'NONE', *, *, #7976, .T. ) ;
#334 = CARTESIAN_POINT ( 'NONE',  ( 5.894063302208976118, 3.776243873156688746, 4.000000000000000000 ) ) ;
#335 =( GEOMETRIC_REPRESENTATION_CONTEXT ( 3 ) GLOBAL_UNCERTAINTY_ASSIGNED_CONTEXT ( ( #22 ) ) GLOBAL_UNIT_ASSIGNED_CONTEXT ( ( #5252, #2689, #5302 ) ) REPRESENTATION_CONTEXT ( 'NONE', 'WORKASPACE' ) );
#336 = PRESENTATION_STYLE_ASSIGNMENT (( #6911 ) ) ;
#337 = PLANE ( 'NONE',  #2507 ) ;
#338 = CARTESIAN_POINT ( 'NONE',  ( -4.742367595032799699, 5.148781369759531046, 4.000000000000000000 ) ) ;
#339 = ORIENTED_EDGE ( 'NONE', *, *, #8303, .F. ) ;
#340 = ORIENTED_EDGE ( 'NONE', *, *, #2872, .F. ) ;
#341 = VECTOR ( 'NONE', #1301, 1000.000000000000114 ) ;
#342 = CARTESIAN_POINT ( 'NONE',  ( 2.128639366018725276, 3.620620727090233526, 1.989999999999999991 ) ) ;
#343 = ORIENTED_EDGE ( 'NONE', *, *, #5101, .F. ) ;
#344 = CARTESIAN_POINT ( 'NONE',  ( 3.649434712132886727, 2.098317599051054305, 3.491481338843134095E-17 ) ) ;
#345 = CARTESIAN_POINT ( 'NONE',  ( 4.049976487849248130, 6.013334386833004253, 2.250000000000001776 ) ) ;
#346 = VECTOR ( 'NONE', #238, 1000.000000000000114 ) ;
#347 = VECTOR ( 'NONE', #7685, 1000.000000000000000 ) ;
#348 = CARTESIAN_POINT ( 'NONE',  ( -5.060000000000007603, -4.900000000000000355, 0.0000000000000000000 ) ) ;
#349 = DIRECTION ( 'NONE',  ( 1.000000000000000000, 0.0000000000000000000, 0.0000000000000000000 ) ) ;
#350 =( NAMED_UNIT ( * ) PLANE_ANGLE_UNIT ( ) SI_UNIT ( $, .RADIAN. ) );
#351 = EDGE_CURVE ( 'NONE', #90, #3673, #7517, .T. ) ;
#352 = ORIENTED_EDGE ( 'NONE', *, *, #7601, .T. ) ;
#353 = VERTEX_POINT ( 'NONE', #6822 ) ;
#354 = VERTEX_POINT ( 'NONE', #1560 ) ;
#355 = LINE ( 'NONE', #6929, #1693 ) ;
#356 = EDGE_CURVE ( 'NONE', #1100, #8507, #811, .T. ) ;
#357 = VECTOR ( 'NONE', #3131, 1000.000000000000000 ) ;
#358 = ORIENTED_EDGE ( 'NONE', *, *, #1905, .F. ) ;
#359 = EDGE_CURVE ( 'NONE', #1498, #6849, #5442, .T. ) ;
#360 = AXIS2_PLACEMENT_3D ( 'NONE', #59, #2730, #2077 ) ;
#361 = VECTOR ( 'NONE', #6452, 1000.000000000000000 ) ;
#362 = CARTESIAN_POINT ( 'NONE',  ( 0.0000000000000000000, 0.0000000000000000000, 4.000000000000000000 ) ) ;
#363 = EDGE_CURVE ( 'NONE', #8569, #4742, #129, .T. ) ;
#364 = DIRECTION ( 'NONE',  ( 0.0000000000000000000, -1.000000000000000000, 0.0000000000000000000 ) ) ;
#365 = CARTESIAN_POINT ( 'NONE',  ( 5.218707288899020469, 5.032652802726634178, 2.249999999999998668 ) ) ;
#366 = ORIENTED_EDGE ( 'NONE', *, *, #1012, .T. ) ;
#367 = ORIENTED_EDGE ( 'NONE', *, *, #2921, .T. ) ;
#368 = EDGE_CURVE ( 'NONE', #7744, #6884, #4243, .T. ) ;
#369 = LINE ( 'NONE', #4277, #5160 ) ;
#370 = CARTESIAN_POINT ( 'NONE',  ( -5.149999999999999467, -7.250000000000000000, 0.0000000000000000000 ) ) ;
#371 = DIRECTION ( 'NONE',  ( -0.7111669494853618545, 0.7030231645967895959, 3.545124961925875515E-15 ) ) ;
#372 = CARTESIAN_POINT ( 'NONE',  ( 3.499999999999997780, -7.259999999999999787, 0.5000000000000000000 ) ) ;
#373 = CARTESIAN_POINT ( 'NONE',  ( -4.500000000000000000, -7.159999999999999254, -0.005000000000000000104 ) ) ;
#374 = ORIENTED_EDGE ( 'NONE', *, *, #2449, .F. ) ;
#375 = CARTESIAN_POINT ( 'NONE',  ( 3.036990180444824272, 2.575613833695105992, -0.01000000000000000021 ) ) ;
#376 = CARTESIAN_POINT ( 'NONE',  ( -3.628099703648321572, 2.077226904113146144, 1.990000000000000435 ) ) ;
#377 = LINE ( 'NONE', #3036, #5229 ) ;
#378 = ORIENTED_EDGE ( 'NONE', *, *, #3779, .T. ) ;
#379 = VECTOR ( 'NONE', #6348, 1000.000000000000114 ) ;
#380 = CARTESIAN_POINT ( 'NONE',  ( 5.851408311032904486, -4.099999999999703881, 2.144856837083756851 ) ) ;
#381 = CARTESIAN_POINT ( 'NONE',  ( 0.0000000000000000000, 0.0000000000000000000, -0.01000000000000000021 ) ) ;
#382 = DIRECTION ( 'NONE',  ( -0.0000000000000000000, -0.0000000000000000000, -1.000000000000000000 ) ) ;
#383 = CIRCLE ( 'NONE', #6034, 0.7750000000000001332 ) ;
#384 = DIRECTION ( 'NONE',  ( 0.0000000000000000000, 0.0000000000000000000, 1.000000000000000000 ) ) ;
#385 = VERTEX_POINT ( 'NONE', #987 ) ;
#386 = ORIENTED_EDGE ( 'NONE', *, *, #359, .T. ) ;
#387 = CARTESIAN_POINT ( 'NONE',  ( 6.343973861996540009, 3.089618791926355801, 3.945737749221118751 ) ) ;
#388 = ORIENTED_EDGE ( 'NONE', *, *, #3931, .T. ) ;
#389 = CARTESIAN_POINT ( 'NONE',  ( -4.500000000000000000, -7.159999999999999254, -0.005000000000000000104 ) ) ;
#390 = VECTOR ( 'NONE', #7304, 1000.000000000000000 ) ;
#391 = CARTESIAN_POINT ( 'NONE',  ( -6.280480150433490394, -3.153136942811651355, 2.027052200441466834 ) ) ;
#392 = CYLINDRICAL_SURFACE ( 'NONE', #3318, 0.02999999999999964501 ) ;
#393 = DIRECTION ( 'NONE',  ( -2.017312099804055287E-15, 2.017312099804055287E-15, -1.000000000000000000 ) ) ;
#394 = LINE ( 'NONE', #1662, #137 ) ;
#395 = VERTEX_POINT ( 'NONE', #330 ) ;
#396 = DIRECTION ( 'NONE',  ( -1.000000000000000000, 0.0000000000000000000, -0.0000000000000000000 ) ) ;
#397 = ORIENTED_EDGE ( 'NONE', *, *, #5656, .T. ) ;
#398 = ORIENTED_EDGE ( 'NONE', *, *, #739, .T. ) ;
#399 = VECTOR ( 'NONE', #2932, 1000.000000000000114 ) ;
#400 = DIRECTION ( 'NONE',  ( 0.0000000000000000000, 0.0000000000000000000, -1.000000000000000000 ) ) ;
#401 = MECHANICAL_DESIGN_GEOMETRIC_PRESENTATION_REPRESENTATION (  '', ( #118 ), #813 ) ;
#402 = EDGE_LOOP ( 'NONE', ( #179, #5743, #2877, #2314 ) ) ;
#403 = CONICAL_SURFACE ( 'NONE', #1937, 6.999999999999999112, 0.7853981633974518317 ) ;
#404 = CARTESIAN_POINT ( 'NONE',  ( 0.6360803707509964378, -7.120840011426456506, 3.851148186049328626 ) ) ;
#405 = EDGE_CURVE ( 'NONE', #6432, #7394, #4953, .T. ) ;
#406 = ADVANCED_FACE ( 'NONE', ( #3458 ), #3164, .T. ) ;
#407 = EDGE_CURVE ( 'NONE', #816, #4948, #2823, .T. ) ;
#408 = DIRECTION ( 'NONE',  ( 0.0000000000000000000, 0.0000000000000000000, 1.000000000000000000 ) ) ;
#409 = EDGE_LOOP ( 'NONE', ( #6995, #4995, #4791, #572, #6491, #8258, #3323, #4354 ) ) ;
#410 = ORIENTED_EDGE ( 'NONE', *, *, #5892, .F. ) ;
#411 = AXIS2_PLACEMENT_3D ( 'NONE', #8183, #4260, #6882 ) ;
#412 = LINE ( 'NONE', #6243, #6248 ) ;
#413 = ADVANCED_FACE ( 'NONE', ( #2137 ), #245, .T. ) ;
#414 = DIRECTION ( 'NONE',  ( -0.7030231645968014753, 0.7111669494853501972, 0.0000000000000000000 ) ) ;
#415 = EDGE_CURVE ( 'NONE', #1655, #743, #8159, .T. ) ;
#416 = FACE_OUTER_BOUND ( 'NONE', #6014, .T. ) ;
#417 = EDGE_CURVE ( 'NONE', #5460, #300, #6078, .T. ) ;
#418 = ADVANCED_FACE ( 'NONE', ( #2176 ), #7726, .T. ) ;
#419 = VECTOR ( 'NONE', #7538, 1000.000000000000114 ) ;
#420 = LINE ( 'NONE', #3153, #4876 ) ;
#421 = CARTESIAN_POINT ( 'NONE',  ( -2.111802505940163943, 3.603976670919074810, 1.989999999999999991 ) ) ;
#422 = LINE ( 'NONE', #5097, #3043 ) ;
#423 = CARTESIAN_POINT ( 'NONE',  ( 4.742367595031693028, 5.148781369760550675, 2.000000000000000000 ) ) ;
#424 = DIRECTION ( 'NONE',  ( 0.0000000000000000000, 0.0000000000000000000, -1.000000000000000000 ) ) ;
#425 = ORIENTED_EDGE ( 'NONE', *, *, #5797, .T. ) ;
#426 = EDGE_CURVE ( 'NONE', #8549, #7458, #4151, .T. ) ;
#427 = AXIS2_PLACEMENT_3D ( 'NONE', #3278, #3869, #3912 ) ;
#428 = FILL_AREA_STYLE_COLOUR ( '', #4061 ) ;
#429 = CARTESIAN_POINT ( 'NONE',  ( 3.500000000000000000, 0.0000000000000000000, 3.449999999999999734 ) ) ;
#430 = DIRECTION ( 'NONE',  ( -0.0000000000000000000, -0.0000000000000000000, -1.000000000000000000 ) ) ;
#431 = CARTESIAN_POINT ( 'NONE',  ( 3.255000000000001670, -7.224999999999999645, 2.000000000000000000 ) ) ;
#432 = CONICAL_SURFACE ( 'NONE', #2256, 7.249999999999999112, 0.7853981633974500554 ) ;
#433 = CARTESIAN_POINT ( 'NONE',  ( -4.082889415497940711, -5.863527165331963609, 2.144131816092781140 ) ) ;
#434 = ORIENTED_EDGE ( 'NONE', *, *, #7351, .T. ) ;
#435 = VERTEX_POINT ( 'NONE', #3509 ) ;
#436 = DIRECTION ( 'NONE',  ( 1.000000000000000000, 0.0000000000000000000, -0.0000000000000000000 ) ) ;
#437 = DIRECTION ( 'NONE',  ( -0.7030231645967893739, -0.7111669494853621876, 0.0000000000000000000 ) ) ;
#438 = PRESENTATION_LAYER_ASSIGNMENT (  '', '', ( #7186 ) ) ;
#439 = CARTESIAN_POINT ( 'NONE',  ( 3.499999999999997780, 0.0000000000000000000, 0.0000000000000000000 ) ) ;
#440 = EDGE_CURVE ( 'NONE', #1945, #6821, #6722, .T. ) ;
#441 = LINE ( 'NONE', #5831, #3315 ) ;
#442 = CARTESIAN_POINT ( 'NONE',  ( 5.851408311032563425, 4.156604623170768065, 3.822661202774670919 ) ) ;
#443 = DIRECTION ( 'NONE',  ( -1.000000000000000000, 0.0000000000000000000, 0.0000000000000000000 ) ) ;
#444 = ORIENTED_EDGE ( 'NONE', *, *, #1686, .T. ) ;
#445 = FACE_OUTER_BOUND ( 'NONE', #8118, .T. ) ;
#446 = AXIS2_PLACEMENT_3D ( 'NONE', #1491, #3479, #6099 ) ;
#447 = EDGE_LOOP ( 'NONE', ( #4729, #5231, #5598, #2982 ) ) ;
#448 = ORIENTED_EDGE ( 'NONE', *, *, #7327, .T. ) ;
#449 = AXIS2_PLACEMENT_3D ( 'NONE', #5881, #742, #2057 ) ;
#450 = CARTESIAN_POINT ( 'NONE',  ( 4.499999999999998224, -7.160000000000000142, -0.005000000000000000104 ) ) ;
#451 = EDGE_LOOP ( 'NONE', ( #7574, #7692, #7266, #7926, #6902 ) ) ;
#452 = AXIS2_PLACEMENT_3D ( 'NONE', #7105, #506, #8415 ) ;
#453 = AXIS2_PLACEMENT_3D ( 'NONE', #2444, #3200, #6424 ) ;
#454 = FACE_OUTER_BOUND ( 'NONE', #5170, .T. ) ;
#455 = CARTESIAN_POINT ( 'NONE',  ( -5.894063302207811716, -3.776243873158508624, 2.000000000000000000 ) ) ;
#456 = CYLINDRICAL_SURFACE ( 'NONE', #8134, 3.500000000000000000 ) ;
#457 = EDGE_LOOP ( 'NONE', ( #4672, #658, #3858, #5918, #3603 ) ) ;
#458 = ORIENTED_EDGE ( 'NONE', *, *, #5177, .T. ) ;
#459 = VECTOR ( 'NONE', #2257, 1000.000000000000000 ) ;
#460 = VECTOR ( 'NONE', #4388, 1000.000000000000000 ) ;
#461 = DIRECTION ( 'NONE',  ( -0.0000000000000000000, -0.0000000000000000000, 1.000000000000000000 ) ) ;
#462 = DIRECTION ( 'NONE',  ( -3.469446951953614189E-15, 0.0000000000000000000, -1.000000000000000000 ) ) ;
#463 = DIRECTION ( 'NONE',  ( 0.7111669494853621876, -0.7030231645967892629, 0.0000000000000000000 ) ) ;
#464 = CIRCLE ( 'NONE', #1162, 1.249999999999997113 ) ;
#465 = CARTESIAN_POINT ( 'NONE',  ( -2.681536301734668282, 3.077428095828811827, 1.435066424030621726E-14 ) ) ;
#466 = FACE_OUTER_BOUND ( 'NONE', #5600, .T. ) ;
#467 = VERTEX_POINT ( 'NONE', #2865 ) ;
#468 = CARTESIAN_POINT ( 'NONE',  ( 2.128639366018725276, 3.620620727090233526, 2.000000000000000000 ) ) ;
#469 = EDGE_CURVE ( 'NONE', #4342, #9, #2528, .T. ) ;
#470 = ORIENTED_EDGE ( 'NONE', *, *, #6347, .F. ) ;
#471 = PLANE ( 'NONE',  #8456 ) ;
#472 = ADVANCED_FACE ( 'NONE', ( #6297 ), #7108, .F. ) ;
#473 = ADVANCED_FACE ( 'NONE', ( #5143 ), #3077, .F. ) ;
#474 = VECTOR ( 'NONE', #3083, 1000.000000000000000 ) ;
#475 = CARTESIAN_POINT ( 'NONE',  ( -6.942437212868703078, -0.8958602264727852926, 4.000000000000000000 ) ) ;
#476 = CARTESIAN_POINT ( 'NONE',  ( -5.060000000000007603, -4.900000000000000355, -0.01000000000000000021 ) ) ;
#477 = CARTESIAN_POINT ( 'NONE',  ( 0.0000000000000000000, 0.0000000000000000000, 4.000000000000000000 ) ) ;
#478 = DIRECTION ( 'NONE',  ( 0.0000000000000000000, -1.000000000000000000, -1.405447260629361553E-16 ) ) ;
#479 = VERTEX_POINT ( 'NONE', #7689 ) ;
#480 = FACE_OUTER_BOUND ( 'NONE', #3653, .T. ) ;
#481 = EDGE_CURVE ( 'NONE', #4404, #3965, #1204, .T. ) ;
#482 = CARTESIAN_POINT ( 'NONE',  ( -3.249999999999999556, -7.229999999999999538, 1.990000000000000435 ) ) ;
#483 = DIRECTION ( 'NONE',  ( -0.0000000000000000000, -0.0000000000000000000, -1.000000000000000000 ) ) ;
#484 = LINE ( 'NONE', #7087, #7546 ) ;
#485 = DIRECTION ( 'NONE',  ( -0.7030231645968014753, 0.7111669494853501972, 0.0000000000000000000 ) ) ;
#486 = FACE_OUTER_BOUND ( 'NONE', #1575, .T. ) ;
#487 = CARTESIAN_POINT ( 'NONE',  ( 0.0000000000000000000, 0.0000000000000000000, 4.000000000000000000 ) ) ;
#488 = VECTOR ( 'NONE', #8218, 999.9999999999998863 ) ;
#489 = ORIENTED_EDGE ( 'NONE', *, *, #5372, .F. ) ;
#490 = CARTESIAN_POINT ( 'NONE',  ( -4.742367595032363603, -5.148781369759928062, 4.000000000000000000 ) ) ;
#491 = CARTESIAN_POINT ( 'NONE',  ( -6.830159262260047548, -1.532620126503405622, 2.000000000000000000 ) ) ;
#492 = ORIENTED_EDGE ( 'NONE', *, *, #6632, .T. ) ;
#493 = ORIENTED_EDGE ( 'NONE', *, *, #1961, .T. ) ;
#494 = DIRECTION ( 'NONE',  ( 1.000000000000000000, 0.0000000000000000000, 0.0000000000000000000 ) ) ;
#495 = EDGE_LOOP ( 'NONE', ( #4443, #2408, #3149, #2425 ) ) ;
#496 = EDGE_CURVE ( 'NONE', #5283, #2857, #7870, .T. ) ;
#497 = CIRCLE ( 'NONE', #8498, 7.249999999999999112 ) ;
#498 = PRESENTATION_LAYER_ASSIGNMENT (  '', '', ( #4234 ) ) ;
#499 = CARTESIAN_POINT ( 'NONE',  ( 3.109766144456910020, -6.490897460570955069, 3.802824953243199690 ) ) ;
#500 = FACE_OUTER_BOUND ( 'NONE', #700, .T. ) ;
#501 = ORIENTED_EDGE ( 'NONE', *, *, #6180, .T. ) ;
#502 = EDGE_LOOP ( 'NONE', ( #5900, #930, #5826, #18, #1298 ) ) ;
#503 = DIRECTION ( 'NONE',  ( 1.000000000000000000, 0.0000000000000000000, 0.0000000000000000000 ) ) ;
#504 = DIRECTION ( 'NONE',  ( -0.0000000000000000000, -0.0000000000000000000, 1.000000000000000000 ) ) ;
#505 = LINE ( 'NONE', #3796, #2455 ) ;
#506 = DIRECTION ( 'NONE',  ( -0.0000000000000000000, -0.0000000000000000000, 1.000000000000000000 ) ) ;
#507 = CARTESIAN_POINT ( 'NONE',  ( -2.133096795500280418, 3.617996415286568013, 1.989999999999999991 ) ) ;
#508 = VERTEX_POINT ( 'NONE', #3834 ) ;
#509 = CARTESIAN_POINT ( 'NONE',  ( 1.941061039838400948, 6.784101317104720863, 2.054262250778937204 ) ) ;
#510 = CARTESIAN_POINT ( 'NONE',  ( 4.742367595031685923, 5.148781369760554227, 4.000000000000000000 ) ) ;
#511 = VERTEX_POINT ( 'NONE', #1774 ) ;
#512 = LINE ( 'NONE', #5779, #6668 ) ;
#513 = ADVANCED_FACE ( 'NONE', ( #8333 ), #6943, .F. ) ;
#514 = CARTESIAN_POINT ( 'NONE',  ( 4.200000000000000178, 0.0000000000000000000, 0.0000000000000000000 ) ) ;
#515 = LINE ( 'NONE', #1131, #7446 ) ;
#516 = EDGE_CURVE ( 'NONE', #2842, #4614, #3714, .T. ) ;
#517 = FACE_OUTER_BOUND ( 'NONE', #1187, .T. ) ;
#518 = ORIENTED_EDGE ( 'NONE', *, *, #8547, .F. ) ;
#519 = DIRECTION ( 'NONE',  ( -0.0000000000000000000, -0.0000000000000000000, -1.000000000000000000 ) ) ;
#520 = B_SPLINE_CURVE_WITH_KNOTS ( 'NONE', 3,
 ( #753, #1501, #6759, #888, #99, #4826 ),
 .UNSPECIFIED., .F., .F.,
 ( 4, 2, 4 ),
 ( 0.0000000000000000000, 0.0002759767003076481770, 0.0005519534006152963541 ),
 .UNSPECIFIED. ) ;
#521 = ADVANCED_FACE ( 'NONE', ( #4415 ), #2351, .F. ) ;
#522 = DIRECTION ( 'NONE',  ( 1.000000000000000000, 0.0000000000000000000, 0.0000000000000000000 ) ) ;
#523 = CIRCLE ( 'NONE', #6729, 7.000000000000000000 ) ;
#524 = PLANE ( 'NONE',  #2222 ) ;
#525 = VECTOR ( 'NONE', #4927, 1000.000000000000000 ) ;
#526 = DIRECTION ( 'NONE',  ( -0.0000000000000000000, -0.0000000000000000000, 1.000000000000000000 ) ) ;
#527 = EDGE_CURVE ( 'NONE', #1265, #3181, #1123, .T. ) ;
#528 = CARTESIAN_POINT ( 'NONE',  ( -3.249999999999999556, -7.224999999999999645, 1.990000000000000435 ) ) ;
#529 = VERTEX_POINT ( 'NONE', #6382 ) ;
#530 = CARTESIAN_POINT ( 'NONE',  ( -3.799999999999999822, 4.653657836759942730E-16, 3.700000000000000178 ) ) ;
#531 = ORIENTED_EDGE ( 'NONE', *, *, #4015, .F. ) ;
#532 = VERTEX_POINT ( 'NONE', #468 ) ;
#533 = ORIENTED_EDGE ( 'NONE', *, *, #5601, .F. ) ;
#534 = B_SPLINE_CURVE_WITH_KNOTS ( 'NONE', 3,
 ( #510, #3672, #4374, #3800 ),
 .UNSPECIFIED., .F., .F.,
 ( 4, 4 ),
 ( 0.0000000000000000000, 0.0005511928767353724973 ),
 .UNSPECIFIED. ) ;
#535 = EDGE_CURVE ( 'NONE', #6916, #7590, #5914, .T. ) ;
#536 = CARTESIAN_POINT ( 'NONE',  ( 7.000000000000000888, 0.0000000000000000000, 2.000000000000000000 ) ) ;
#537 = DIRECTION ( 'NONE',  ( 0.0000000000000000000, 6.229955439320540691E-15, -1.000000000000000000 ) ) ;
#538 = AXIS2_PLACEMENT_3D ( 'NONE', #4127, #2285, #4304 ) ;
#539 = TOROIDAL_SURFACE ( 'NONE', #7860, 3.799999999999999822, 0.2999999999999999889 ) ;
#540 = FACE_OUTER_BOUND ( 'NONE', #5958, .T. ) ;
#541 = ORIENTED_EDGE ( 'NONE', *, *, #1544, .F. ) ;
#542 = VERTEX_POINT ( 'NONE', #3670 ) ;
#543 = ORIENTED_EDGE ( 'NONE', *, *, #2557, .T. ) ;
#544 = VECTOR ( 'NONE', #6259, 1000.000000000000000 ) ;
#545 = LINE ( 'NONE', #7895, #2997 ) ;
#546 = PLANE ( 'NONE',  #4919 ) ;
#547 = EDGE_CURVE ( 'NONE', #8460, #6908, #422, .T. ) ;
#548 = DIRECTION ( 'NONE',  ( 0.7111669494853618545, -0.7030231645967895959, 0.0000000000000000000 ) ) ;
#549 = ORIENTED_EDGE ( 'NONE', *, *, #5398, .T. ) ;
#550 = VECTOR ( 'NONE', #2264, 1000.000000000000000 ) ;
#551 = CYLINDRICAL_SURFACE ( 'NONE', #6947, 0.7750000000000001332 ) ;
#552 = MECHANICAL_DESIGN_GEOMETRIC_PRESENTATION_REPRESENTATION (  '', ( #5792 ), #282 ) ;
#553 = DIRECTION ( 'NONE',  ( 1.196361017915039486E-16, 1.000000000000000000, -0.0000000000000000000 ) ) ;
#554 = CARTESIAN_POINT ( 'NONE',  ( 0.0000000000000000000, 0.0000000000000000000, 3.750000000000001776 ) ) ;
#555 = CARTESIAN_POINT ( 'NONE',  ( -5.862414508837596294, -4.265512410786125308, 2.249999999999999556 ) ) ;
#556 = SURFACE_SIDE_STYLE ('',( #6466 ) ) ;
#557 = ORIENTED_EDGE ( 'NONE', *, *, #596, .F. ) ;
#558 = ADVANCED_FACE ( 'NONE', ( #1166 ), #539, .T. ) ;
#559 = VECTOR ( 'NONE', #926, 1000.000000000000000 ) ;
#560 = CARTESIAN_POINT ( 'NONE',  ( 0.0000000000000000000, 0.0000000000000000000, 2.249999999999999556 ) ) ;
#561 = CARTESIAN_POINT ( 'NONE',  ( -3.033190751927840711, -6.473848512964013757, 2.148851813950693579 ) ) ;
#562 = DIRECTION ( 'NONE',  ( -0.7111669494853674056, 0.7030231645967840448, -0.0000000000000000000 ) ) ;
#563 = AXIS2_PLACEMENT_3D ( 'NONE', #530, #3217, #5794 ) ;
#564 = DIRECTION ( 'NONE',  ( 6.229955439320547790E-15, 6.229955439320547790E-15, -1.000000000000000000 ) ) ;
#565 = LINE ( 'NONE', #5832, #4190 ) ;
#566 = LINE ( 'NONE', #8308, #1118 ) ;
#567 = VERTEX_POINT ( 'NONE', #3880 ) ;
#568 = ORIENTED_EDGE ( 'NONE', *, *, #4024, .T. ) ;
#569 = VERTEX_POINT ( 'NONE', #2649 ) ;
#570 = EDGE_CURVE ( 'NONE', #6832, #8569, #6050, .T. ) ;
#571 = CARTESIAN_POINT ( 'NONE',  ( 4.195827640586919038, 5.637529060732042296, 3.972947799558611326 ) ) ;
#572 = ORIENTED_EDGE ( 'NONE', *, *, #4230, .T. ) ;
#573 = COLOUR_RGB ( '',0.8980392156862745390, 0.8980392156862745390, 0.8980392156862745390 ) ;
#574 = EDGE_CURVE ( 'NONE', #1564, #1716, #7898, .T. ) ;
#575 = ADVANCED_FACE ( 'NONE', ( #8505 ), #7990, .T. ) ;
#576 = DIRECTION ( 'NONE',  ( 1.000000000000000000, 0.0000000000000000000, 0.0000000000000000000 ) ) ;
#577 = LINE ( 'NONE', #3358, #7486 ) ;
#578 = VECTOR ( 'NONE', #3956, 1000.000000000000000 ) ;
#579 = VECTOR ( 'NONE', #7624, 1000.000000000000000 ) ;
#580 = EDGE_LOOP ( 'NONE', ( #1666, #2310, #1486, #7802, #8400, #1676, #4619, #398, #7306, #1531, #7841, #2192 ) ) ;
#581 = ORIENTED_EDGE ( 'NONE', *, *, #5923, .F. ) ;
#582 = VERTEX_POINT ( 'NONE', #64 ) ;
#583 = ADVANCED_FACE ( 'NONE', ( #1993 ), #4582, .F. ) ;
#584 = VERTEX_POINT ( 'NONE', #6499 ) ;
#585 = EDGE_CURVE ( 'NONE', #3824, #5338, #5308, .T. ) ;
#586 = CONICAL_SURFACE ( 'NONE', #5419, 6.999999999999995559, 0.7853981633974500554 ) ;
#587 = CIRCLE ( 'NONE', #2553, 4.200000000000000178 ) ;
#588 = DIRECTION ( 'NONE',  ( 1.000000000000000000, 0.0000000000000000000, 0.0000000000000000000 ) ) ;
#589 = DIRECTION ( 'NONE',  ( 1.000000000000000000, 0.0000000000000000000, 0.0000000000000000000 ) ) ;
#590 = DIRECTION ( 'NONE',  ( 0.7030231645967898180, -0.7111669494853616325, -0.0000000000000000000 ) ) ;
#591 = VERTEX_POINT ( 'NONE', #2037 ) ;
#592 = LINE ( 'NONE', #7981, #2383 ) ;
#593 = AXIS2_PLACEMENT_3D ( 'NONE', #3329, #4667, #7978 ) ;
#594 = DIRECTION ( 'NONE',  ( -2.197613586736894316E-31, -1.000000000000000000, 3.391901413832837590E-15 ) ) ;
#595 = VERTEX_POINT ( 'NONE', #7856 ) ;
#596 = EDGE_CURVE ( 'NONE', #2721, #3523, #6202, .T. ) ;
#597 = CIRCLE ( 'NONE', #7637, 6.999999999999999112 ) ;
#598 = CARTESIAN_POINT ( 'NONE',  ( -5.150000000000006573, -4.900000000000001243, 0.0000000000000000000 ) ) ;
#599 = VECTOR ( 'NONE', #6184, 1000.000000000000000 ) ;
#600 = CARTESIAN_POINT ( 'NONE',  ( 5.160000000000006359, -5.900000000000000355, 3.520932934518919948E-17 ) ) ;
#601 = CARTESIAN_POINT ( 'NONE',  ( 5.149999999999999467, -4.899999999999999467, 0.0000000000000000000 ) ) ;
#602 = AXIS2_PLACEMENT_3D ( 'NONE', #7778, #8378, #6461 ) ;
#603 = EDGE_LOOP ( 'NONE', ( #4044, #283, #7250, #885 ) ) ;
#604 = LINE ( 'NONE', #1344, #5532 ) ;
#605 = CARTESIAN_POINT ( 'NONE',  ( -3.628058984723878666, 2.070155953542735183, 1.989999999999999991 ) ) ;
#606 = DIRECTION ( 'NONE',  ( -1.000000000000000000, 0.0000000000000000000, 0.0000000000000000000 ) ) ;
#607 = FACE_OUTER_BOUND ( 'NONE', #3460, .T. ) ;
#608 = CARTESIAN_POINT ( 'NONE',  ( 5.864002626867252488, 3.888345555029196099, 2.035163395138619880 ) ) ;
#609 = VERTEX_POINT ( 'NONE', #5346 ) ;
#610 = ORIENTED_EDGE ( 'NONE', *, *, #8204, .F. ) ;
#611 = ORIENTED_EDGE ( 'NONE', *, *, #5754, .T. ) ;
#612 = ORIENTED_EDGE ( 'NONE', *, *, #6128, .F. ) ;
#613 = CIRCLE ( 'NONE', #1894, 4.200000000000000178 ) ;
#614 = CYLINDRICAL_SURFACE ( 'NONE', #2768, 0.02999999999999964501 ) ;
#615 = LINE ( 'NONE', #4654, #2676 ) ;
#616 = ORIENTED_EDGE ( 'NONE', *, *, #6302, .T. ) ;
#617 = DIRECTION ( 'NONE',  ( -0.7030231645967892629, 0.7111669494853621876, 3.745981415889730895E-16 ) ) ;
#618 = EDGE_CURVE ( 'NONE', #2153, #237, #3247, .T. ) ;
#619 = ORIENTED_EDGE ( 'NONE', *, *, #3221, .F. ) ;
#620 = ORIENTED_EDGE ( 'NONE', *, *, #255, .T. ) ;
#621 = CARTESIAN_POINT ( 'NONE',  ( 0.4900929902526688364, 7.047180248305441097, 2.063856039206935389 ) ) ;
#622 = AXIS2_PLACEMENT_3D ( 'NONE', #3151, #7064, #2437 ) ;
#623 = ORIENTED_EDGE ( 'NONE', *, *, #5032, .F. ) ;
#624 = AXIS2_PLACEMENT_3D ( 'NONE', #6690, #7207, #1346 ) ;
#625 = LINE ( 'NONE', #4455, #1576 ) ;
#626 = DIRECTION ( 'NONE',  ( 0.0000000000000000000, 0.0000000000000000000, 1.000000000000000000 ) ) ;
#627 = CARTESIAN_POINT ( 'NONE',  ( 3.499999999999997780, -7.160000000000000142, -0.005000000000000000104 ) ) ;
#628 = AXIS2_PLACEMENT_3D ( 'NONE', #2989, #8111, #6245 ) ;
#629 = FACE_OUTER_BOUND ( 'NONE', #6342, .T. ) ;
#630 = DIRECTION ( 'NONE',  ( -0.0000000000000000000, -0.0000000000000000000, -1.000000000000000000 ) ) ;
#631 = DIRECTION ( 'NONE',  ( 0.7111669494853501972, 0.7030231645968014753, -0.0000000000000000000 ) ) ;
#632 = EDGE_CURVE ( 'NONE', #2378, #1038, #2082, .T. ) ;
#633 = CARTESIAN_POINT ( 'NONE',  ( 0.9749999999999945377, -7.160000000000000142, -0.005000000000000000104 ) ) ;
#634 = ORIENTED_EDGE ( 'NONE', *, *, #2409, .T. ) ;
#635 = EDGE_LOOP ( 'NONE', ( #8417, #5627, #4090, #5026 ) ) ;
#636 =( GEOMETRIC_REPRESENTATION_CONTEXT ( 3 ) GLOBAL_UNCERTAINTY_ASSIGNED_CONTEXT ( ( #6889 ) ) GLOBAL_UNIT_ASSIGNED_CONTEXT ( ( #3448, #1502, #4186 ) ) REPRESENTATION_CONTEXT ( 'NONE', 'WORKASPACE' ) );
#637 = B_SPLINE_CURVE_WITH_KNOTS ( 'NONE', 3,
 ( #1776, #1205, #5698, #6299 ),
 .UNSPECIFIED., .F., .F.,
 ( 4, 4 ),
 ( 1.084202172485504434E-19, 0.0005511928767355728578 ),
 .UNSPECIFIED. ) ;
#638 = CARTESIAN_POINT ( 'NONE',  ( -2.536198336770760786, 3.210225366088506949, 1.969999999999999973 ) ) ;
#639 = CARTESIAN_POINT ( 'NONE',  ( 3.642323042638034192, 2.091287367405087139, 0.4299591213836870818 ) ) ;
#640 = CARTESIAN_POINT ( 'NONE',  ( 5.150000000000000355, -4.724710424241401974, 1.988239158481577507 ) ) ;
#641 = EDGE_CURVE ( 'NONE', #768, #1803, #6195, .T. ) ;
#642 = DIRECTION ( 'NONE',  ( 1.000000000000000000, 0.0000000000000000000, 0.0000000000000000000 ) ) ;
#643 = DIRECTION ( 'NONE',  ( -2.017312099804055287E-15, -2.017312099804055287E-15, 1.000000000000000000 ) ) ;
#644 = ORIENTED_EDGE ( 'NONE', *, *, #12, .T. ) ;
#645 = FACE_OUTER_BOUND ( 'NONE', #784, .T. ) ;
#646 = CARTESIAN_POINT ( 'NONE',  ( -5.150000000000000355, -1.163414459190184377E-16, 0.0000000000000000000 ) ) ;
#647 = CARTESIAN_POINT ( 'NONE',  ( -0.3232914739353027200, 6.992530487804873296, 2.000000000000000000 ) ) ;
#648 = CARTESIAN_POINT ( 'NONE',  ( 4.200000000000000178, 0.0000000000000000000, 1.989999999999999991 ) ) ;
#649 = CARTESIAN_POINT ( 'NONE',  ( 5.159999999999999254, 0.0000000000000000000, 1.969999999999999973 ) ) ;
#650 = ORIENTED_EDGE ( 'NONE', *, *, #998, .T. ) ;
#651 = ORIENTED_EDGE ( 'NONE', *, *, #2807, .F. ) ;
#652 = EDGE_LOOP ( 'NONE', ( #1429, #6885, #3354, #3266, #3642, #5123 ) ) ;
#653 = LINE ( 'NONE', #3861, #4043 ) ;
#654 = ORIENTED_EDGE ( 'NONE', *, *, #3141, .T. ) ;
#655 = AXIS2_PLACEMENT_3D ( 'NONE', #3938, #2503, #5269 ) ;
#656 = CARTESIAN_POINT ( 'NONE',  ( 0.0000000000000000000, 0.0000000000000000000, 2.000000000000000000 ) ) ;
#657 = DIRECTION ( 'NONE',  ( -0.0000000000000000000, -0.0000000000000000000, 1.000000000000000000 ) ) ;
#658 = ORIENTED_EDGE ( 'NONE', *, *, #6527, .F. ) ;
#659 = CARTESIAN_POINT ( 'NONE',  ( -5.870936769302674385, 3.862486886833727429, 2.027052200441465946 ) ) ;
#660 = VERTEX_POINT ( 'NONE', #7148 ) ;
#661 = ORIENTED_EDGE ( 'NONE', *, *, #7918, .F. ) ;
#662 = VECTOR ( 'NONE', #7717, 1000.000000000000000 ) ;
#663 = CARTESIAN_POINT ( 'NONE',  ( -5.060000000000000497, -4.388850394221322738E-15, 0.0000000000000000000 ) ) ;
#664 = ORIENTED_EDGE ( 'NONE', *, *, #7438, .T. ) ;
#665 = EDGE_CURVE ( 'NONE', #288, #824, #6606, .T. ) ;
#666 = LINE ( 'NONE', #7406, #1708 ) ;
#667 = EDGE_CURVE ( 'NONE', #8507, #4404, #1286, .T. ) ;
#668 = LINE ( 'NONE', #7974, #6692 ) ;
#669 = CARTESIAN_POINT ( 'NONE',  ( -5.150000000000003020, -3.963704366711342963, 1.200000000000017941 ) ) ;
#670 = DIRECTION ( 'NONE',  ( 1.000000000000000000, -0.0000000000000000000, 6.672013369141564231E-17 ) ) ;
#671 = FACE_OUTER_BOUND ( 'NONE', #5774, .T. ) ;
#672 = FACE_OUTER_BOUND ( 'NONE', #4719, .T. ) ;
#673 = VERTEX_POINT ( 'NONE', #8546 ) ;
#674 = ORIENTED_EDGE ( 'NONE', *, *, #368, .F. ) ;
#675 = ADVANCED_FACE ( 'NONE', ( #1330 ), #3973, .F. ) ;
#676 = COLOUR_RGB ( '',0.8980392156862745390, 0.8980392156862745390, 0.8980392156862745390 ) ;
#677 = EDGE_CURVE ( 'NONE', #914, #8220, #3498, .T. ) ;
#678 = DIRECTION ( 'NONE',  ( 0.0000000000000000000, 0.0000000000000000000, -1.000000000000000000 ) ) ;
#679 = CARTESIAN_POINT ( 'NONE',  ( -5.159999999999998366, -7.250000000000000000, 1.969999999999999973 ) ) ;
#680 = AXIS2_PLACEMENT_3D ( 'NONE', #1337, #7823, #3977 ) ;
#681 = PLANE ( 'NONE',  #4294 ) ;
#682 = DIRECTION ( 'NONE',  ( 1.000000000000000000, 0.0000000000000000000, 0.0000000000000000000 ) ) ;
#683 = LINE ( 'NONE', #3846, #4996 ) ;
#684 = ORIENTED_EDGE ( 'NONE', *, *, #7805, .T. ) ;
#685 = CARTESIAN_POINT ( 'NONE',  ( 1.678541033159452800, 3.850000000000000533, 2.000000000000000000 ) ) ;
#686 = CIRCLE ( 'NONE', #1379, 7.000000000000000888 ) ;
#687 = ADVANCED_FACE ( 'NONE', ( #8150 ), #107, .F. ) ;
#688 = CARTESIAN_POINT ( 'NONE',  ( -2.695380892067985368, -6.460257103759477815, 2.000000000000000000 ) ) ;
#689 = DIRECTION ( 'NONE',  ( 1.000000000000000000, 0.0000000000000000000, 2.521175704717236025E-15 ) ) ;
#690 = CARTESIAN_POINT ( 'NONE',  ( -3.239221501367550715, 2.499058416603145094, 1.969999999999999973 ) ) ;
#691 = DIRECTION ( 'NONE',  ( -0.0000000000000000000, -0.0000000000000000000, 1.000000000000000000 ) ) ;
#692 = ORIENTED_EDGE ( 'NONE', *, *, #8485, .F. ) ;
#693 = ORIENTED_EDGE ( 'NONE', *, *, #8201, .T. ) ;
#694 = ORIENTED_EDGE ( 'NONE', *, *, #3334, .F. ) ;
#695 = DIRECTION ( 'NONE',  ( -0.0000000000000000000, -0.0000000000000000000, 1.000000000000000000 ) ) ;
#696 = EDGE_LOOP ( 'NONE', ( #1288, #1289, #1402, #1759 ) ) ;
#697 = PLANE ( 'NONE',  #2428 ) ;
#698 = DIRECTION ( 'NONE',  ( 0.0000000000000000000, 0.0000000000000000000, 1.000000000000000000 ) ) ;
#699 = CARTESIAN_POINT ( 'NONE',  ( -3.249999999999999556, -7.259999999999999787, 1.970000000000000417 ) ) ;
#700 = EDGE_LOOP ( 'NONE', ( #4265, #358, #152, #4844 ) ) ;
#701 = CARTESIAN_POINT ( 'NONE',  ( 5.159999999999998366, -1.800000000000004263, 0.5000000000000000000 ) ) ;
#702 = ORIENTED_EDGE ( 'NONE', *, *, #6246, .F. ) ;
#703 = VERTEX_POINT ( 'NONE', #5470 ) ;
#704 =( NAMED_UNIT ( * ) PLANE_ANGLE_UNIT ( ) SI_UNIT ( $, .RADIAN. ) );
#705 = ORIENTED_EDGE ( 'NONE', *, *, #8392, .F. ) ;
#706 = PLANE ( 'NONE',  #2821 ) ;
#707 = CARTESIAN_POINT ( 'NONE',  ( 3.250000000000002220, -7.250000000000000000, 1.200000000000000844 ) ) ;
#708 = CIRCLE ( 'NONE', #8167, 4.200000000000000178 ) ;
#709 = CARTESIAN_POINT ( 'NONE',  ( -5.149999999999999467, -7.250000000000000000, 0.0000000000000000000 ) ) ;
#710 = LINE ( 'NONE', #15, #6931 ) ;
#711 = DIRECTION ( 'NONE',  ( -0.0000000000000000000, -0.0000000000000000000, 1.000000000000000000 ) ) ;
#712 = DIRECTION ( 'NONE',  ( -0.0000000000000000000, -0.0000000000000000000, 1.000000000000000000 ) ) ;
#713 = CARTESIAN_POINT ( 'NONE',  ( -2.115317621763147304, 3.600420836171648098, 1.989999999999999103 ) ) ;
#714 = ORIENTED_EDGE ( 'NONE', *, *, #4736, .T. ) ;
#715 = VECTOR ( 'NONE', #7145, 1000.000000000000000 ) ;
#716 = CIRCLE ( 'NONE', #5559, 1.249999999999994227 ) ;
#717 = DIRECTION ( 'NONE',  ( -0.0000000000000000000, -0.0000000000000000000, -1.000000000000000000 ) ) ;
#718 = CARTESIAN_POINT ( 'NONE',  ( 2.674424632239815303, 3.070397864182844216, 1.431521299068695704E-14 ) ) ;
#719 = VECTOR ( 'NONE', #1630, 1000.000000000000000 ) ;
#720 = B_SPLINE_CURVE_WITH_KNOTS ( 'NONE', 3,
 ( #3893, #4557, #36, #6514 ),
 .UNSPECIFIED., .F., .F.,
 ( 4, 4 ),
 ( 0.0003571877805294679568, 0.0005511928767354875311 ),
 .UNSPECIFIED. ) ;
#721 = ADVANCED_FACE ( 'NONE', ( #4233, #935, #2901 ), #5431, .F. ) ;
#722 = CARTESIAN_POINT ( 'NONE',  ( 3.628058984723877334, 2.070155953542735183, 1.989999999999998659 ) ) ;
#723 = LINE ( 'NONE', #7988, #2481 ) ;
#724 = CARTESIAN_POINT ( 'NONE',  ( -3.254999999999999005, 0.0000000000000000000, 2.000000000000000000 ) ) ;
#725 = CARTESIAN_POINT ( 'NONE',  ( 3.255000000000001670, -7.224999999999999645, 1.990000000000000435 ) ) ;
#726 = ADVANCED_FACE ( 'NONE', ( #4832 ), #7459, .T. ) ;
#727 = EDGE_CURVE ( 'NONE', #4614, #703, #8277, .T. ) ;
#728 = ORIENTED_EDGE ( 'NONE', *, *, #5616, .F. ) ;
#729 = DIRECTION ( 'NONE',  ( -0.0000000000000000000, -0.0000000000000000000, -1.000000000000000000 ) ) ;
#730 = CIRCLE ( 'NONE', #5568, 0.03000000000000007869 ) ;
#731 = LINE ( 'NONE', #5993, #2927 ) ;
#732 = CIRCLE ( 'NONE', #178, 1.249999999999998446 ) ;
#733 = DIRECTION ( 'NONE',  ( 0.7111669494853501972, -0.7030231645968014753, 0.0000000000000000000 ) ) ;
#734 = CARTESIAN_POINT ( 'NONE',  ( -3.254999999999999005, -7.250000000000000000, 1.990000000000000435 ) ) ;
#735 =( LENGTH_UNIT ( ) NAMED_UNIT ( * ) SI_UNIT ( .MILLI., .METRE. ) );
#736 = VECTOR ( 'NONE', #3983, 1000.000000000000000 ) ;
#737 = VERTEX_POINT ( 'NONE', #3791 ) ;
#738 = DIRECTION ( 'NONE',  ( 1.000000000000000000, 0.0000000000000000000, 0.0000000000000000000 ) ) ;
#739 = EDGE_CURVE ( 'NONE', #4948, #6012, #1808, .T. ) ;
#740 = ORIENTED_EDGE ( 'NONE', *, *, #2567, .F. ) ;
#741 = EDGE_LOOP ( 'NONE', ( #5888, #3500, #7935, #7181 ) ) ;
#742 = DIRECTION ( 'NONE',  ( 0.0000000000000000000, -1.000000000000000000, 0.0000000000000000000 ) ) ;
#743 = VERTEX_POINT ( 'NONE', #7630 ) ;
#744 = AXIS2_PLACEMENT_3D ( 'NONE', #3303, #123, #774 ) ;
#745 = LINE ( 'NONE', #4777, #8193 ) ;
#746 = PLANE ( 'NONE',  #4183 ) ;
#747 = ADVANCED_FACE ( 'NONE', ( #2984 ), #456, .F. ) ;
#748 = ORIENTED_EDGE ( 'NONE', *, *, #2818, .T. ) ;
#749 = ORIENTED_EDGE ( 'NONE', *, *, #7178, .F. ) ;
#750 = EDGE_CURVE ( 'NONE', #4813, #4852, #3320, .T. ) ;
#751 = DIRECTION ( 'NONE',  ( -0.0000000000000000000, -0.0000000000000000000, -1.000000000000000000 ) ) ;
#752 = ORIENTED_EDGE ( 'NONE', *, *, #795, .F. ) ;
#753 = CARTESIAN_POINT ( 'NONE',  ( -6.967758820037605716, 2.003206685738688098, 2.249999999999999556 ) ) ;
#754 = DIRECTION ( 'NONE',  ( -0.0000000000000000000, -0.0000000000000000000, -1.000000000000000000 ) ) ;
#755 = CARTESIAN_POINT ( 'NONE',  ( -5.160000000000002807, -4.724710424241401974, 0.9882391584815776175 ) ) ;
#756 = LINE ( 'NONE', #6444, #3749 ) ;
#757 = DIRECTION ( 'NONE',  ( 0.0000000000000000000, 0.0000000000000000000, 1.000000000000000000 ) ) ;
#758 =( GEOMETRIC_REPRESENTATION_CONTEXT ( 3 ) GLOBAL_UNCERTAINTY_ASSIGNED_CONTEXT ( ( #7503 ) ) GLOBAL_UNIT_ASSIGNED_CONTEXT ( ( #4209, #3637, #5450 ) ) REPRESENTATION_CONTEXT ( 'NONE', 'WORKASPACE' ) );
#759 = VERTEX_POINT ( 'NONE', #5637 ) ;
#760 = VECTOR ( 'NONE', #2343, 1000.000000000000000 ) ;
#761 = FACE_OUTER_BOUND ( 'NONE', #8058, .T. ) ;
#762 = AXIS2_PLACEMENT_3D ( 'NONE', #5772, #7769, #1117 ) ;
#763 = DIRECTION ( 'NONE',  ( -0.0000000000000000000, -0.0000000000000000000, -1.000000000000000000 ) ) ;
#764 = LINE ( 'NONE', #1879, #4601 ) ;
#765 = DIRECTION ( 'NONE',  ( -0.0000000000000000000, -0.0000000000000000000, 1.000000000000000000 ) ) ;
#766 = CARTESIAN_POINT ( 'NONE',  ( 4.499999999999998224, -7.259999999999998899, 0.5000000000000000000 ) ) ;
#767 = PLANE ( 'NONE',  #1218 ) ;
#768 = VERTEX_POINT ( 'NONE', #6286 ) ;
#769 = AXIS2_PLACEMENT_3D ( 'NONE', #2255, #195, #932 ) ;
#770 = CARTESIAN_POINT ( 'NONE',  ( 6.217354776143661610, -3.216286614647961173, 4.000000000000000000 ) ) ;
#771 = COLOUR_RGB ( '',0.2980392156862745057, 0.2980392156862745057, 0.2980392156862745057 ) ;
#772 = LINE ( 'NONE', #1991, #1955 ) ;
#773 = ADVANCED_FACE ( 'NONE', ( #1110 ), #2340, .F. ) ;
#774 = DIRECTION ( 'NONE',  ( 1.000000000000000000, 0.0000000000000000000, 0.0000000000000000000 ) ) ;
#775 = PRODUCT_RELATED_PRODUCT_CATEGORY ( 'part', '', ( #232 ) ) ;
#776 = CARTESIAN_POINT ( 'NONE',  ( -0.6413278623234481834, 7.116153130082146561, 2.144131816092733178 ) ) ;
#777 = EDGE_CURVE ( 'NONE', #1091, #5337, #5683, .T. ) ;
#778 = PLANE ( 'NONE',  #8139 ) ;
#779 = FACE_OUTER_BOUND ( 'NONE', #1189, .T. ) ;
#780 = ORIENTED_EDGE ( 'NONE', *, *, #7601, .F. ) ;
#781 = DIRECTION ( 'NONE',  ( 1.000000000000000000, -0.0000000000000000000, 3.486881358747351719E-15 ) ) ;
#782 = ORIENTED_EDGE ( 'NONE', *, *, #2014, .T. ) ;
#783 = VERTEX_POINT ( 'NONE', #6977 ) ;
#784 = EDGE_LOOP ( 'NONE', ( #7484, #6618, #3957, #5620, #4544 ) ) ;
#785 = EDGE_CURVE ( 'NONE', #990, #7758, #5631, .T. ) ;
#786 = SURFACE_STYLE_USAGE ( .BOTH. , #2632 ) ;
#787 = ADVANCED_FACE ( 'NONE', ( #3067 ), #1066, .F. ) ;
#788 = EDGE_CURVE ( 'NONE', #6048, #8211, #2433, .T. ) ;
#789 = FACE_OUTER_BOUND ( 'NONE', #978, .T. ) ;
#790 = CARTESIAN_POINT ( 'NONE',  ( 2.115317621763145084, 3.600420836171648542, 1.989999999999999547 ) ) ;
#791 = EDGE_LOOP ( 'NONE', ( #5859, #3474, #1103, #1809 ) ) ;
#792 = ORIENTED_EDGE ( 'NONE', *, *, #2017, .F. ) ;
#793 = VERTEX_POINT ( 'NONE', #365 ) ;
#794 = ORIENTED_EDGE ( 'NONE', *, *, #7782, .T. ) ;
#795 = EDGE_CURVE ( 'NONE', #4162, #4759, #2514, .T. ) ;
#796 = PLANE ( 'NONE',  #4058 ) ;
#797 = AXIS2_PLACEMENT_3D ( 'NONE', #1042, #1825, #5658 ) ;
#798 = CARTESIAN_POINT ( 'NONE',  ( -6.484868531555300741, -3.009558245794757170, 2.148851813950723777 ) ) ;
#799 = VECTOR ( 'NONE', #6683, 1000.000000000000000 ) ;
#800 = FACE_OUTER_BOUND ( 'NONE', #4822, .T. ) ;
#801 = CIRCLE ( 'NONE', #7980, 0.03000000000000007869 ) ;
#802 = CARTESIAN_POINT ( 'NONE',  ( -1.974999999999996314, -7.159999999999999254, -0.005000000000000000104 ) ) ;
#803 = ORIENTED_EDGE ( 'NONE', *, *, #8512, .T. ) ;
#804 = CARTESIAN_POINT ( 'NONE',  ( 5.159999999999999254, -4.724710424241401974, 1.969999999999999973 ) ) ;
#805 = VECTOR ( 'NONE', #3580, 1000.000000000000000 ) ;
#806 = ADVANCED_FACE ( 'NONE', ( #500 ), #7140, .T. ) ;
#807 = LINE ( 'NONE', #6117, #3675 ) ;
#808 = DIRECTION ( 'NONE',  ( 1.000000000000000000, 0.0000000000000000000, 0.0000000000000000000 ) ) ;
#809 = CARTESIAN_POINT ( 'NONE',  ( 1.749051531139097060, -7.035859488464788036, 3.750000000000003997 ) ) ;
#810 = FILL_AREA_STYLE_COLOUR ( '', #676 ) ;
#811 = LINE ( 'NONE', #6903, #2900 ) ;
#812 = CIRCLE ( 'NONE', #117, 6.999999999999998224 ) ;
#813 =( GEOMETRIC_REPRESENTATION_CONTEXT ( 3 ) GLOBAL_UNCERTAINTY_ASSIGNED_CONTEXT ( ( #5486 ) ) GLOBAL_UNIT_ASSIGNED_CONTEXT ( ( #1461, #236, #6892 ) ) REPRESENTATION_CONTEXT ( 'NONE', 'WORKASPACE' ) );
#814 = FACE_OUTER_BOUND ( 'NONE', #5516, .T. ) ;
#815 = LINE ( 'NONE', #3459, #5223 ) ;
#816 = VERTEX_POINT ( 'NONE', #7678 ) ;
#817 = DIRECTION ( 'NONE',  ( 0.0000000000000000000, -1.000000000000000000, 0.0000000000000000000 ) ) ;
#818 = DIRECTION ( 'NONE',  ( -0.0000000000000000000, -0.0000000000000000000, -1.000000000000000000 ) ) ;
#819 = VECTOR ( 'NONE', #7695, 1000.000000000000114 ) ;
#820 = LINE ( 'NONE', #1437, #341 ) ;
#821 = ORIENTED_EDGE ( 'NONE', *, *, #6006, .F. ) ;
#822 = EDGE_CURVE ( 'NONE', #4742, #2234, #523, .T. ) ;
#823 = ORIENTED_EDGE ( 'NONE', *, *, #1769, .T. ) ;
#824 = VERTEX_POINT ( 'NONE', #5766 ) ;
#825 = ORIENTED_EDGE ( 'NONE', *, *, #5800, .F. ) ;
#826 = EDGE_LOOP ( 'NONE', ( #7030, #6611, #3950, #2705, #3520, #971 ) ) ;
#827 =( NAMED_UNIT ( * ) PLANE_ANGLE_UNIT ( ) SI_UNIT ( $, .RADIAN. ) );
#828 = VECTOR ( 'NONE', #4350, 1000.000000000000000 ) ;
#829 = CARTESIAN_POINT ( 'NONE',  ( 2.087791667228991788, -6.681401496261788253, 4.000000000000000000 ) ) ;
#830 = CARTESIAN_POINT ( 'NONE',  ( -7.232688584372583662, 0.5007153297898134792, 4.000000000000000000 ) ) ;
#831 = ORIENTED_EDGE ( 'NONE', *, *, #4997, .T. ) ;
#832 = CYLINDRICAL_SURFACE ( 'NONE', #3201, 7.250000000000000000 ) ;
#833 = ORIENTED_EDGE ( 'NONE', *, *, #7214, .T. ) ;
#834 = ORIENTED_EDGE ( 'NONE', *, *, #41, .T. ) ;
#835 = DIRECTION ( 'NONE',  ( -1.000000000000000000, 0.0000000000000000000, 0.0000000000000000000 ) ) ;
#836 = ADVANCED_FACE ( 'NONE', ( #6936 ), #2066, .F. ) ;
#837 = ORIENTED_EDGE ( 'NONE', *, *, #6081, .T. ) ;
#838 = EDGE_CURVE ( 'NONE', #737, #529, #4263, .T. ) ;
#839 = EDGE_CURVE ( 'NONE', #47, #3480, #4353, .T. ) ;
#840 = VECTOR ( 'NONE', #5169, 1000.000000000000000 ) ;
#841 = DIRECTION ( 'NONE',  ( 0.0000000000000000000, -0.0000000000000000000, -1.000000000000000000 ) ) ;
#842 = CARTESIAN_POINT ( 'NONE',  ( -6.343973861997176833, -3.089618791925443642, 3.945737749220931345 ) ) ;
#843 = AXIS2_PLACEMENT_3D ( 'NONE', #5453, #8129, #5538 ) ;
#844 = DIRECTION ( 'NONE',  ( -1.000000000000000000, 0.0000000000000000000, -0.0000000000000000000 ) ) ;
#845 = DIRECTION ( 'NONE',  ( 0.0000000000000000000, 0.0000000000000000000, 1.000000000000000000 ) ) ;
#846 = ORIENTED_EDGE ( 'NONE', *, *, #4070, .F. ) ;
#847 = EDGE_CURVE ( 'NONE', #1004, #768, #6231, .T. ) ;
#848 = DIRECTION ( 'NONE',  ( -1.000000000000000000, 0.0000000000000000000, 0.0000000000000000000 ) ) ;
#849 = MECHANICAL_DESIGN_GEOMETRIC_PRESENTATION_REPRESENTATION (  '', ( #6494 ), #2260 ) ;
#850 = DIRECTION ( 'NONE',  ( 8.673617379884036458E-16, 1.000000000000000000, 0.0000000000000000000 ) ) ;
#851 = CARTESIAN_POINT ( 'NONE',  ( -4.500000000000000000, -7.259999999999998010, 0.5000000000000000000 ) ) ;
#852 = DIRECTION ( 'NONE',  ( -0.0000000000000000000, -0.0000000000000000000, 1.000000000000000000 ) ) ;
#853 = CARTESIAN_POINT ( 'NONE',  ( -2.111802505940163499, 3.603976670919074810, 1.989999999999999103 ) ) ;
#854 = VERTEX_POINT ( 'NONE', #5038 ) ;
#855 = AXIS2_PLACEMENT_3D ( 'NONE', #5335, #8533, #2720 ) ;
#856 = DIRECTION ( 'NONE',  ( -1.000000000000000000, -0.0000000000000000000, -0.0000000000000000000 ) ) ;
#857 = PRESENTATION_LAYER_ASSIGNMENT (  '', '', ( #4593 ) ) ;
#858 = DIRECTION ( 'NONE',  ( 0.0000000000000000000, 1.000000000000000000, 0.0000000000000000000 ) ) ;
#859 = DIRECTION ( 'NONE',  ( -1.000000000000000000, 8.673617379884036458E-16, 0.0000000000000000000 ) ) ;
#860 = EDGE_CURVE ( 'NONE', #5250, #8302, #7668, .T. ) ;
#861 = ORIENTED_EDGE ( 'NONE', *, *, #1107, .F. ) ;
#862 = DIRECTION ( 'NONE',  ( 1.000000000000000000, 0.0000000000000000000, 0.0000000000000000000 ) ) ;
#863 = VECTOR ( 'NONE', #6819, 1000.000000000000000 ) ;
#864 = DIRECTION ( 'NONE',  ( 1.000000000000000000, 0.0000000000000000000, 0.0000000000000000000 ) ) ;
#865 = AXIS2_PLACEMENT_3D ( 'NONE', #251, #4721, #4845 ) ;
#866 = PLANE ( 'NONE',  #5595 ) ;
#867 = DIRECTION ( 'NONE',  ( -0.0000000000000000000, -0.0000000000000000000, 1.000000000000000000 ) ) ;
#868 = VERTEX_POINT ( 'NONE', #1059 ) ;
#869 = VERTEX_POINT ( 'NONE', #3694 ) ;
#870 = LINE ( 'NONE', #1392, #8297 ) ;
#871 = VECTOR ( 'NONE', #3449, 1000.000000000000000 ) ;
#872 = ORIENTED_EDGE ( 'NONE', *, *, #86, .F. ) ;
#873 = VERTEX_POINT ( 'NONE', #6317 ) ;
#874 = AXIS2_PLACEMENT_3D ( 'NONE', #3686, #5786, #5665 ) ;
#875 = DIRECTION ( 'NONE',  ( 0.0000000000000000000, 0.0000000000000000000, -1.000000000000000000 ) ) ;
#876 = ORIENTED_EDGE ( 'NONE', *, *, #2179, .F. ) ;
#877 = FACE_OUTER_BOUND ( 'NONE', #4772, .T. ) ;
#878 = VECTOR ( 'NONE', #2799, 1000.000000000000000 ) ;
#879 = LINE ( 'NONE', #3527, #1365 ) ;
#880 = DIRECTION ( 'NONE',  ( 1.000000000000000000, 0.0000000000000000000, -0.0000000000000000000 ) ) ;
#881 = ORIENTED_EDGE ( 'NONE', *, *, #4079, .F. ) ;
#882 = ORIENTED_EDGE ( 'NONE', *, *, #7805, .F. ) ;
#883 = EDGE_LOOP ( 'NONE', ( #8526, #2889, #7221, #2390, #7608, #5445, #3439 ) ) ;
#884 = CARTESIAN_POINT ( 'NONE',  ( 3.182712096523840017, -6.514049716623356190, 2.249999999999996003 ) ) ;
#885 = ORIENTED_EDGE ( 'NONE', *, *, #1325, .T. ) ;
#886 = CIRCLE ( 'NONE', #6256, 4.200000000000000178 ) ;
#887 = EDGE_CURVE ( 'NONE', #7311, #5991, #7049, .T. ) ;
#888 = CARTESIAN_POINT ( 'NONE',  ( -6.855013990760915554, 1.706377384306955403, 2.063856039207007331 ) ) ;
#889 = DIRECTION ( 'NONE',  ( 0.0000000000000000000, 0.0000000000000000000, 1.000000000000000000 ) ) ;
#890 = EDGE_CURVE ( 'NONE', #6091, #262, #3336, .T. ) ;
#891 = CARTESIAN_POINT ( 'NONE',  ( 0.0000000000000000000, 0.0000000000000000000, -0.005000000000000000104 ) ) ;
#892 = ORIENTED_EDGE ( 'NONE', *, *, #7868, .F. ) ;
#893 = SURFACE_STYLE_USAGE ( .BOTH. , #5389 ) ;
#894 = VERTEX_POINT ( 'NONE', #3100 ) ;
#895 = B_SPLINE_CURVE_WITH_KNOTS ( 'NONE', 3,
 ( #6784, #6090, #8045, #2750, #7296, #4078 ),
 .UNSPECIFIED., .F., .F.,
 ( 4, 2, 4 ),
 ( 3.252606517456513302E-19, 0.0002759767003076530559, 0.0005519534006153057866 ),
 .UNSPECIFIED. ) ;
#896 = ORIENTED_EDGE ( 'NONE', *, *, #3579, .F. ) ;
#897 = ADVANCED_FACE ( 'NONE', ( #7620 ), #7709, .T. ) ;
#898 = LINE ( 'NONE', #8066, #7533 ) ;
#899 = CARTESIAN_POINT ( 'NONE',  ( -1.949740832127101919, -6.789804951450209458, 3.936143960793035745 ) ) ;
#900 = AXIS2_PLACEMENT_3D ( 'NONE', #7957, #1480, #1385 ) ;
#901 = CARTESIAN_POINT ( 'NONE',  ( -7.101408311031883969, -4.100000000000297184, 4.000000000000000000 ) ) ;
#902 =( LENGTH_UNIT ( ) NAMED_UNIT ( * ) SI_UNIT ( .MILLI., .METRE. ) );
#903 = VERTEX_POINT ( 'NONE', #491 ) ;
#904 = CARTESIAN_POINT ( 'NONE',  ( 6.554487537761410465, -2.973396783846213420, 3.802824953243215234 ) ) ;
#905 = DIRECTION ( 'NONE',  ( 0.0000000000000000000, -1.000000000000000000, 0.0000000000000000000 ) ) ;
#906 = DIRECTION ( 'NONE',  ( -1.000000000000000000, 0.0000000000000000000, 0.0000000000000000000 ) ) ;
#907 = ORIENTED_EDGE ( 'NONE', *, *, #1581, .T. ) ;
#908 = AXIS2_PLACEMENT_3D ( 'NONE', #6377, #2385, #2522 ) ;
#909 = VECTOR ( 'NONE', #3969, 1000.000000000000000 ) ;
#910 = FACE_OUTER_BOUND ( 'NONE', #4143, .T. ) ;
#911 = LINE ( 'NONE', #213, #5052 ) ;
#912 = ORIENTED_EDGE ( 'NONE', *, *, #7216, .F. ) ;
#913 = VECTOR ( 'NONE', #2644, 1000.000000000000000 ) ;
#914 = VERTEX_POINT ( 'NONE', #970 ) ;
#915 = DIRECTION ( 'NONE',  ( 0.0000000000000000000, 0.0000000000000000000, -1.000000000000000000 ) ) ;
#916 = ORIENTED_EDGE ( 'NONE', *, *, #8474, .F. ) ;
#917 = ORIENTED_EDGE ( 'NONE', *, *, #1828, .T. ) ;
#918 = CARTESIAN_POINT ( 'NONE',  ( 0.0000000000000000000, 0.0000000000000000000, 1.989999999999999991 ) ) ;
#919 = ORIENTED_EDGE ( 'NONE', *, *, #8353, .T. ) ;
#920 = CARTESIAN_POINT ( 'NONE',  ( 0.0000000000000000000, 0.0000000000000000000, 1.989999999999999991 ) ) ;
#921 = EDGE_CURVE ( 'NONE', #5008, #2753, #383, .T. ) ;
#922 = LINE ( 'NONE', #348, #8269 ) ;
#923 = CARTESIAN_POINT ( 'NONE',  ( 4.049976487849747286, -6.013334386832666745, 2.249999999999996003 ) ) ;
#924 = CARTESIAN_POINT ( 'NONE',  ( -4.247056320799507567, -5.564396877286603704, 4.000000000000000000 ) ) ;
#925 = ORIENTED_EDGE ( 'NONE', *, *, #7175, .F. ) ;
#926 = DIRECTION ( 'NONE',  ( -3.270669984456072870E-15, 1.635334992228036435E-15, -1.000000000000000000 ) ) ;
#927 = ORIENTED_EDGE ( 'NONE', *, *, #5090, .F. ) ;
#928 = VERTEX_POINT ( 'NONE', #314 ) ;
#929 = LINE ( 'NONE', #2335, #1272 ) ;
#930 = ORIENTED_EDGE ( 'NONE', *, *, #7829, .T. ) ;
#931 = DIRECTION ( 'NONE',  ( 1.000000000000000000, 0.0000000000000000000, 0.0000000000000000000 ) ) ;
#932 = DIRECTION ( 'NONE',  ( 1.000000000000000000, 0.0000000000000000000, 0.0000000000000000000 ) ) ;
#933 = CARTESIAN_POINT ( 'NONE',  ( 0.7546131235689350625, -0.7633545239407788507, 2.000000000000000000 ) ) ;
#934 = ORIENTED_EDGE ( 'NONE', *, *, #2747, .T. ) ;
#935 = FACE_BOUND ( 'NONE', #5725, .T. ) ;
#936 = ORIENTED_EDGE ( 'NONE', *, *, #3182, .F. ) ;
#937 = CARTESIAN_POINT ( 'NONE',  ( 5.160000000000005471, -7.249999999999997335, 3.491481338843134095E-17 ) ) ;
#938 = CIRCLE ( 'NONE', #655, 7.250000000000000888 ) ;
#939 = VECTOR ( 'NONE', #1250, 1000.000000000000000 ) ;
#940 = LINE ( 'NONE', #4194, #7104 ) ;
#941 = CARTESIAN_POINT ( 'NONE',  ( 3.628099703648320684, 2.077226904113146588, 1.989999999999999103 ) ) ;
#942 = ORIENTED_EDGE ( 'NONE', *, *, #3959, .T. ) ;
#943 = CARTESIAN_POINT ( 'NONE',  ( 2.133096795500278642, 3.617996415286566680, 1.989999999999999991 ) ) ;
#944 = EDGE_CURVE ( 'NONE', #2761, #5991, #5589, .T. ) ;
#945 = FILL_AREA_STYLE_COLOUR ( '', #3618 ) ;
#946 = VERTEX_POINT ( 'NONE', #5675 ) ;
#947 = EDGE_CURVE ( 'NONE', #8057, #8476, #8036, .T. ) ;
#948 = B_SPLINE_CURVE_WITH_KNOTS ( 'NONE', 3,
 ( #8117, #2224, #4843, #247 ),
 .UNSPECIFIED., .F., .F.,
 ( 4, 4 ),
 ( 0.0000000000000000000, 0.0005511928767348133742 ),
 .UNSPECIFIED. ) ;
#949 = ADVANCED_FACE ( 'NONE', ( #6601 ), #767, .F. ) ;
#950 = CARTESIAN_POINT ( 'NONE',  ( -5.842105456709075995, -4.113482785968758826, 2.144131816092800236 ) ) ;
#951 = FACE_OUTER_BOUND ( 'NONE', #7711, .T. ) ;
#952 = STYLED_ITEM ( 'NONE', ( #7662 ), #1855 ) ;
#953 = DIRECTION ( 'NONE',  ( 0.0000000000000000000, 0.0000000000000000000, 1.000000000000000000 ) ) ;
#954 = VECTOR ( 'NONE', #594, 1000.000000000000000 ) ;
#955 = ORIENTED_EDGE ( 'NONE', *, *, #5785, .F. ) ;
#956 = ORIENTED_EDGE ( 'NONE', *, *, #1070, .F. ) ;
#957 = ORIENTED_EDGE ( 'NONE', *, *, #7522, .T. ) ;
#958 = ORIENTED_EDGE ( 'NONE', *, *, #7371, .F. ) ;
#959 = DIRECTION ( 'NONE',  ( -1.000000000000000000, 0.0000000000000000000, 0.0000000000000000000 ) ) ;
#960 = ORIENTED_EDGE ( 'NONE', *, *, #2315, .F. ) ;
#961 = EDGE_CURVE ( 'NONE', #4507, #511, #3425, .T. ) ;
#962 = AXIS2_PLACEMENT_3D ( 'NONE', #5657, #2402, #5313 ) ;
#963 = FILL_AREA_STYLE ('',( #3525 ) ) ;
#964 = CARTESIAN_POINT ( 'NONE',  ( -3.249999999999999556, -7.224999999999999645, 1.990000000000000435 ) ) ;
#965 = CARTESIAN_POINT ( 'NONE',  ( 0.0000000000000000000, 0.0000000000000000000, 2.249999999999996891 ) ) ;
#966 = CARTESIAN_POINT ( 'NONE',  ( 0.0000000000000000000, 0.0000000000000000000, 0.0000000000000000000 ) ) ;
#967 = MECHANICAL_DESIGN_GEOMETRIC_PRESENTATION_REPRESENTATION (  '', ( #3735 ), #4148 ) ;
#968 = VERTEX_POINT ( 'NONE', #2740 ) ;
#969 = LINE ( 'NONE', #2111, #6490 ) ;
#970 = CARTESIAN_POINT ( 'NONE',  ( -3.246333170862404138, 2.506088648249112705, 1.969999999999999973 ) ) ;
#971 = ORIENTED_EDGE ( 'NONE', *, *, #6867, .T. ) ;
#972 = ORIENTED_EDGE ( 'NONE', *, *, #1447, .T. ) ;
#973 = CARTESIAN_POINT ( 'NONE',  ( -5.150000000000000355, -1.163414459190184377E-16, 1.200000000000017941 ) ) ;
#974 = VERTEX_POINT ( 'NONE', #6032 ) ;
#975 = COLOUR_RGB ( '',0.2980392156862745057, 0.2980392156862745057, 0.2980392156862745057 ) ;
#976 = LINE ( 'NONE', #7547, #2762 ) ;
#977 = DIRECTION ( 'NONE',  ( 0.0000000000000000000, 0.0000000000000000000, 1.000000000000000000 ) ) ;
#978 = EDGE_LOOP ( 'NONE', ( #2642, #4298, #8037, #1841 ) ) ;
#979 = AXIS2_PLACEMENT_3D ( 'NONE', #7941, #1241, #7319 ) ;
#980 = ORIENTED_EDGE ( 'NONE', *, *, #1415, .F. ) ;
#981 = CARTESIAN_POINT ( 'NONE',  ( 7.123112648442750938, 0.6101040107889112996, 2.148851813950609202 ) ) ;
#982 = CARTESIAN_POINT ( 'NONE',  ( -5.129999999999999005, -7.250000000000000000, 1.969999999999999973 ) ) ;
#983 = PRESENTATION_LAYER_ASSIGNMENT (  '', '', ( #4031 ) ) ;
#984 = CARTESIAN_POINT ( 'NONE',  ( -7.232688584372541030, -0.5007153297904121114, 4.000000000000000000 ) ) ;
#985 = DIRECTION ( 'NONE',  ( 0.0000000000000000000, 0.0000000000000000000, -1.000000000000000000 ) ) ;
#986 = DIRECTION ( 'NONE',  ( 0.7111669494853646301, 0.7030231645967869314, 0.0000000000000000000 ) ) ;
#987 = CARTESIAN_POINT ( 'NONE',  ( 6.217354776143386275, 3.216286614648486974, 2.000000000000000000 ) ) ;
#988 = DIRECTION ( 'NONE',  ( -0.0000000000000000000, -0.0000000000000000000, -1.000000000000000000 ) ) ;
#989 = DIRECTION ( 'NONE',  ( 0.7030231645967894849, -0.7111669494853619655, 0.0000000000000000000 ) ) ;
#990 = VERTEX_POINT ( 'NONE', #2139 ) ;
#991 = AXIS2_PLACEMENT_3D ( 'NONE', #5443, #6031, #4758 ) ;
#992 = CARTESIAN_POINT ( 'NONE',  ( 0.0000000000000000000, 0.0000000000000000000, 4.000000000000000000 ) ) ;
#993 = CARTESIAN_POINT ( 'NONE',  ( 2.869930745331984223, 2.837066312230966503, 2.000000000000000000 ) ) ;
#994 = EDGE_CURVE ( 'NONE', #567, #2220, #938, .T. ) ;
#995 = DIRECTION ( 'NONE',  ( 0.0000000000000000000, 0.0000000000000000000, -1.000000000000000000 ) ) ;
#996 = VECTOR ( 'NONE', #5964, 1000.000000000000000 ) ;
#997 = DIRECTION ( 'NONE',  ( -0.0000000000000000000, -0.0000000000000000000, -1.000000000000000000 ) ) ;
#998 = EDGE_CURVE ( 'NONE', #2805, #3992, #120, .T. ) ;
#999 = ADVANCED_FACE ( 'NONE', ( #7286 ), #4487, .F. ) ;
#1000 = EDGE_CURVE ( 'NONE', #207, #7417, #815, .T. ) ;
#1001 = ORIENTED_EDGE ( 'NONE', *, *, #8240, .F. ) ;
#1002 = CARTESIAN_POINT ( 'NONE',  ( -2.674424632239814414, 3.070397864182843328, 0.4299591213836870818 ) ) ;
#1003 = ORIENTED_EDGE ( 'NONE', *, *, #822, .F. ) ;
#1004 = VERTEX_POINT ( 'NONE', #7754 ) ;
#1005 = CYLINDRICAL_SURFACE ( 'NONE', #1425, 0.7750000000000001332 ) ;
#1006 = ORIENTED_EDGE ( 'NONE', *, *, #7462, .F. ) ;
#1007 = AXIS2_PLACEMENT_3D ( 'NONE', #8330, #7023, #1202 ) ;
#1008 = LINE ( 'NONE', #7786, #460 ) ;
#1009 = AXIS2_PLACEMENT_3D ( 'NONE', #918, #6876, #959 ) ;
#1010 = LINE ( 'NONE', #7444, #7989 ) ;
#1011 = CARTESIAN_POINT ( 'NONE',  ( 0.0000000000000000000, 0.0000000000000000000, 2.249999999999997780 ) ) ;
#1012 = EDGE_CURVE ( 'NONE', #8534, #142, #6872, .T. ) ;
#1013 = LINE ( 'NONE', #2079, #419 ) ;
#1014 = PRESENTATION_LAYER_ASSIGNMENT (  '', '', ( #7502 ) ) ;
#1015 = VERTEX_POINT ( 'NONE', #2659 ) ;
#1016 = ORIENTED_EDGE ( 'NONE', *, *, #5702, .T. ) ;
#1017 = ORIENTED_EDGE ( 'NONE', *, *, #6743, .T. ) ;
#1018 = LINE ( 'NONE', #6440, #7063 ) ;
#1019 = VERTEX_POINT ( 'NONE', #7910 ) ;
#1020 = AXIS2_PLACEMENT_3D ( 'NONE', #1051, #7124, #3093 ) ;
#1021 = VECTOR ( 'NONE', #6714, 1000.000000000000000 ) ;
#1022 = UNCERTAINTY_MEASURE_WITH_UNIT (LENGTH_MEASURE( 1.000000000000000082E-05 ), #4986, 'distance_accuracy_value', 'NONE');
#1023 = DIRECTION ( 'NONE',  ( 1.000000000000000000, 0.0000000000000000000, 0.0000000000000000000 ) ) ;
#1024 = EDGE_CURVE ( 'NONE', #8169, #5593, #4048, .T. ) ;
#1025 = ADVANCED_FACE ( 'NONE', ( #31 ), #5316, .F. ) ;
#1026 = AXIS2_PLACEMENT_3D ( 'NONE', #7425, #4891, #7384 ) ;
#1027 = DIRECTION ( 'NONE',  ( -0.0000000000000000000, -0.0000000000000000000, 1.000000000000000000 ) ) ;
#1028 = EDGE_LOOP ( 'NONE', ( #2325, #2473, #8523, #153, #4399, #7211, #4855, #3351, #5664, #1394, #1980, #1653, #7403, #8489, #3669, #2515, #6276, #5219, #3385, #7878, #1150, #3442, #8097, #199, #1539, #1765, #7411, #7095, #2063, #121, #616, #5769, #3483, #2106, #2795, #3061, #5807, #8202, #7559 ) ) ;
#1029 = DIRECTION ( 'NONE',  ( -0.0000000000000000000, -0.0000000000000000000, -1.000000000000000000 ) ) ;
#1030 = PLANE ( 'NONE',  #6840 ) ;
#1031 = EDGE_CURVE ( 'NONE', #467, #5808, #6164, .T. ) ;
#1032 = CARTESIAN_POINT ( 'NONE',  ( -7.018097286613546260, 0.7335251302784620009, 2.054262250779081977 ) ) ;
#1033 = CARTESIAN_POINT ( 'NONE',  ( 3.628099703648321128, 2.077226904113146144, 1.969999999999999085 ) ) ;
#1034 = ORIENTED_EDGE ( 'NONE', *, *, #7724, .F. ) ;
#1035 = DIRECTION ( 'NONE',  ( -1.000000000000000000, -8.673617379884163268E-15, -0.0000000000000000000 ) ) ;
#1036 = DIRECTION ( 'NONE',  ( 1.000000000000000000, 0.0000000000000000000, 0.0000000000000000000 ) ) ;
#1037 = LINE ( 'NONE', #291, #2215 ) ;
#1038 = VERTEX_POINT ( 'NONE', #7562 ) ;
#1039 = AXIS2_PLACEMENT_3D ( 'NONE', #7315, #7615, #1545 ) ;
#1040 = LINE ( 'NONE', #6829, #2168 ) ;
#1041 = CARTESIAN_POINT ( 'NONE',  ( -6.625249362317262580, 2.944243686775046775, 2.249999999999999556 ) ) ;
#1042 = CARTESIAN_POINT ( 'NONE',  ( 5.270858399429700469, 6.281564433575838713, 2.000000000000000000 ) ) ;
#1043 = VERTEX_POINT ( 'NONE', #2313 ) ;
#1044 = ORIENTED_EDGE ( 'NONE', *, *, #516, .T. ) ;
#1045 = ADVANCED_FACE ( 'NONE', ( #1516 ), #4268, .T. ) ;
#1046 = VECTOR ( 'NONE', #4933, 1000.000000000000000 ) ;
#1047 = LINE ( 'NONE', #3812, #7775 ) ;
#1048 = ORIENTED_EDGE ( 'NONE', *, *, #5643, .T. ) ;
#1049 =( NAMED_UNIT ( * ) SI_UNIT ( $, .STERADIAN. ) SOLID_ANGLE_UNIT ( ) );
#1050 = ADVANCED_FACE ( 'NONE', ( #3633 ), #4328, .F. ) ;
#1051 = CARTESIAN_POINT ( 'NONE',  ( 2.674424632239814414, 3.070397864182843328, 0.4299591213836870818 ) ) ;
#1052 = AXIS2_PLACEMENT_3D ( 'NONE', #4146, #4103, #6766 ) ;
#1053 = DIRECTION ( 'NONE',  ( -0.0000000000000000000, -0.0000000000000000000, -1.000000000000000000 ) ) ;
#1054 = AXIS2_PLACEMENT_3D ( 'NONE', #7975, #3922, #7811 ) ;
#1055 = CARTESIAN_POINT ( 'NONE',  ( -5.218707288899460117, 5.032652802726177654, 2.249999999999999556 ) ) ;
#1056 = DIRECTION ( 'NONE',  ( -6.229955439320539113E-15, -6.229955439320539113E-15, 1.000000000000000000 ) ) ;
#1057 = ORIENTED_EDGE ( 'NONE', *, *, #5289, .T. ) ;
#1058 = FACE_OUTER_BOUND ( 'NONE', #6700, .T. ) ;
#1059 = CARTESIAN_POINT ( 'NONE',  ( 3.250000000000002220, -7.229999999999999538, 1.990000000000000435 ) ) ;
#1060 = ORIENTED_EDGE ( 'NONE', *, *, #6962, .T. ) ;
#1061 = ORIENTED_EDGE ( 'NONE', *, *, #4870, .T. ) ;
#1062 = DIRECTION ( 'NONE',  ( -0.7030231645967894849, 0.7111669494853620765, -0.0000000000000000000 ) ) ;
#1063 = ORIENTED_EDGE ( 'NONE', *, *, #6107, .F. ) ;
#1064 = AXIS2_PLACEMENT_3D ( 'NONE', #7185, #2032, #1938 ) ;
#1065 = EDGE_CURVE ( 'NONE', #8014, #5122, #1037, .T. ) ;
#1066 = PLANE ( 'NONE',  #6448 ) ;
#1067 = ORIENTED_EDGE ( 'NONE', *, *, #7937, .T. ) ;
#1068 = EDGE_LOOP ( 'NONE', ( #1850, #3300, #3393, #5562 ) ) ;
#1069 = CARTESIAN_POINT ( 'NONE',  ( 7.176165166442693533, 0.5523122493581341663, 2.197175046756776329 ) ) ;
#1070 = EDGE_CURVE ( 'NONE', #6043, #7610, #6864, .T. ) ;
#1071 = CARTESIAN_POINT ( 'NONE',  ( -5.150000000000000355, -1.800000000000002931, 0.0000000000000000000 ) ) ;
#1072 = CARTESIAN_POINT ( 'NONE',  ( 3.499999999999997780, -7.160000000000000142, -0.005000000000000000104 ) ) ;
#1073 = CARTESIAN_POINT ( 'NONE',  ( 5.150000000000000355, -0.8000000000000040412, 0.0000000000000000000 ) ) ;
#1074 = CARTESIAN_POINT ( 'NONE',  ( -5.862414508837950677, 4.265512410785636810, 3.750000000000000888 ) ) ;
#1075 = EDGE_LOOP ( 'NONE', ( #3911, #2434, #8174, #4408, #2558, #919 ) ) ;
#1076 = CARTESIAN_POINT ( 'NONE',  ( 0.0000000000000000000, 0.0000000000000000000, 4.000000000000000000 ) ) ;
#1077 = CARTESIAN_POINT ( 'NONE',  ( 4.499999999999998224, -7.160000000000000142, 0.0000000000000000000 ) ) ;
#1078 = VERTEX_POINT ( 'NONE', #6209 ) ;
#1079 = ADVANCED_FACE ( 'NONE', ( #6080 ), #2958, .T. ) ;
#1080 = CIRCLE ( 'NONE', #1087, 7.000000000000000000 ) ;
#1081 = UNCERTAINTY_MEASURE_WITH_UNIT (LENGTH_MEASURE( 1.000000000000000082E-05 ), #8532, 'distance_accuracy_value', 'NONE');
#1082 = CARTESIAN_POINT ( 'NONE',  ( 0.3232914739358944134, -6.992530487804849315, 2.000000000000000000 ) ) ;
#1083 = FACE_OUTER_BOUND ( 'NONE', #6408, .T. ) ;
#1084 = CARTESIAN_POINT ( 'NONE',  ( -5.150000000000006573, -5.900000000000000355, 3.405157577156835136E-19 ) ) ;
#1085 = LINE ( 'NONE', #6950, #357 ) ;
#1086 =( GEOMETRIC_REPRESENTATION_CONTEXT ( 3 ) GLOBAL_UNCERTAINTY_ASSIGNED_CONTEXT ( ( #2485 ) ) GLOBAL_UNIT_ASSIGNED_CONTEXT ( ( #4153, #1644, #4887 ) ) REPRESENTATION_CONTEXT ( 'NONE', 'WORKASPACE' ) );
#1087 = AXIS2_PLACEMENT_3D ( 'NONE', #7908, #6030, #8557 ) ;
#1088 = LINE ( 'NONE', #4896, #293 ) ;
#1089 = VERTEX_POINT ( 'NONE', #2824 ) ;
#1090 = CARTESIAN_POINT ( 'NONE',  ( 5.149999999999999467, -7.250000000000000000, 1.989999999999999991 ) ) ;
#1091 = VERTEX_POINT ( 'NONE', #5444 ) ;
#1092 = CARTESIAN_POINT ( 'NONE',  ( 5.159999999999998366, -0.8000000000000042633, -0.005000000000000000104 ) ) ;
#1093 = LINE ( 'NONE', #5154, #7921 ) ;
#1094 = AXIS2_PLACEMENT_3D ( 'NONE', #7586, #6807, #6237 ) ;
#1095 = DIRECTION ( 'NONE',  ( -0.0000000000000000000, 0.0000000000000000000, 1.000000000000000000 ) ) ;
#1096 = EDGE_CURVE ( 'NONE', #4284, #3112, #948, .T. ) ;
#1097 = DIRECTION ( 'NONE',  ( 0.0000000000000000000, 0.0000000000000000000, 1.000000000000000000 ) ) ;
#1098 = ORIENTED_EDGE ( 'NONE', *, *, #8454, .T. ) ;
#1099 = DIRECTION ( 'NONE',  ( -3.486881358747350930E-15, 9.919576279195056621E-16, -1.000000000000000000 ) ) ;
#1100 = VERTEX_POINT ( 'NONE', #8073 ) ;
#1101 = ORIENTED_EDGE ( 'NONE', *, *, #847, .F. ) ;
#1102 = CARTESIAN_POINT ( 'NONE',  ( 4.200000000000000178, 0.0000000000000000000, 0.0000000000000000000 ) ) ;
#1103 = ORIENTED_EDGE ( 'NONE', *, *, #7312, .T. ) ;
#1104 = ADVANCED_FACE ( 'NONE', ( #7471 ), #1563, .F. ) ;
#1105 = CIRCLE ( 'NONE', #2369, 1.249999999999999334 ) ;
#1106 = CARTESIAN_POINT ( 'NONE',  ( -5.159999999999999254, -6.173222852441604605E-16, 1.969999999999999973 ) ) ;
#1107 = EDGE_CURVE ( 'NONE', #1996, #6386, #7850, .T. ) ;
#1108 = ADVANCED_FACE ( 'NONE', ( #2529 ), #2442, .T. ) ;
#1109 = EDGE_CURVE ( 'NONE', #4938, #4011, #7776, .T. ) ;
#1110 = FACE_OUTER_BOUND ( 'NONE', #1307, .T. ) ;
#1111 = EDGE_LOOP ( 'NONE', ( #5588, #7794, #6185, #5614 ) ) ;
#1112 = ORIENTED_EDGE ( 'NONE', *, *, #1024, .T. ) ;
#1113 = AXIS2_PLACEMENT_3D ( 'NONE', #7814, #630, #3833 ) ;
#1114 = B_SPLINE_CURVE_WITH_KNOTS ( 'NONE', 3,
 ( #7147, #3246, #1414, #3331, #6545, #7273 ),
 .UNSPECIFIED., .F., .F.,
 ( 4, 2, 4 ),
 ( 0.0000000000000000000, 0.0002759767003080307920, 0.0005519534006160615840 ),
 .UNSPECIFIED. ) ;
#1115 = FACE_OUTER_BOUND ( 'NONE', #7772, .T. ) ;
#1116 = DIRECTION ( 'NONE',  ( 0.0000000000000000000, 0.0000000000000000000, -1.000000000000000000 ) ) ;
#1117 = DIRECTION ( 'NONE',  ( 0.7111669494853622986, -0.7030231645967891518, 0.0000000000000000000 ) ) ;
#1118 = VECTOR ( 'NONE', #6357, 1000.000000000000000 ) ;
#1119 = DIRECTION ( 'NONE',  ( 0.0000000000000000000, 0.0000000000000000000, 1.000000000000000000 ) ) ;
#1120 = CARTESIAN_POINT ( 'NONE',  ( 3.628099703648320240, 2.077226904113146144, 1.989999999999998659 ) ) ;
#1121 = ORIENTED_EDGE ( 'NONE', *, *, #2240, .T. ) ;
#1122 = EDGE_CURVE ( 'NONE', #8221, #143, #637, .T. ) ;
#1123 = LINE ( 'NONE', #3760, #6742 ) ;
#1124 = CARTESIAN_POINT ( 'NONE',  ( 1.749051531139097060, -7.035859488464788036, 2.249999999999996891 ) ) ;
#1125 = PLANE ( 'NONE',  #6325 ) ;
#1126 = EDGE_LOOP ( 'NONE', ( #2627, #892, #4485, #1098 ) ) ;
#1127 = CIRCLE ( 'NONE', #2941, 7.249999999999999112 ) ;
#1128 = CARTESIAN_POINT ( 'NONE',  ( 8.075423574700504759, -1.423915056868493956, 2.000000000000000000 ) ) ;
#1129 = CARTESIAN_POINT ( 'NONE',  ( -3.249999999999999556, -7.260000000000001563, 1.200000000000000178 ) ) ;
#1130 = B_SPLINE_CURVE_WITH_KNOTS ( 'NONE', 3,
 ( #6942, #3668, #6295, #2389, #2526, #7024 ),
 .UNSPECIFIED., .F., .F.,
 ( 4, 2, 4 ),
 ( 0.0000000000000000000, 0.0002759767003076482312, 0.0005519534006152964625 ),
 .UNSPECIFIED. ) ;
#1131 = CARTESIAN_POINT ( 'NONE',  ( 0.0000000000000000000, -7.224999999999999645, 2.000000000000000000 ) ) ;
#1132 = EDGE_LOOP ( 'NONE', ( #4384, #174, #4566, #5676 ) ) ;
#1133 = CIRCLE ( 'NONE', #4312, 1.249999999999997780 ) ;
#1134 = LINE ( 'NONE', #6951, #10 ) ;
#1135 = VERTEX_POINT ( 'NONE', #3835 ) ;
#1136 = CARTESIAN_POINT ( 'NONE',  ( -3.249999999999999556, -7.224999999999999645, 1.989999999999999991 ) ) ;
#1137 = CARTESIAN_POINT ( 'NONE',  ( -6.625249362317262580, 2.944243686775046775, 4.000000000000000000 ) ) ;
#1138 = VECTOR ( 'NONE', #988, 1000.000000000000000 ) ;
#1139 = DIRECTION ( 'NONE',  ( 0.0000000000000000000, 0.0000000000000000000, -1.000000000000000000 ) ) ;
#1140 = SURFACE_STYLE_FILL_AREA ( #3689 ) ;
#1141 = SURFACE_STYLE_USAGE ( .BOTH. , #3690 ) ;
#1142 = PRESENTATION_STYLE_ASSIGNMENT (( #7047 ) ) ;
#1143 = ORIENTED_EDGE ( 'NONE', *, *, #4761, .F. ) ;
#1144 = CIRCLE ( 'NONE', #4591, 0.02999999999999958256 ) ;
#1145 = CARTESIAN_POINT ( 'NONE',  ( -5.150000000000000355, -6.324710424241401618, 1.988239158481577507 ) ) ;
#1146 = ORIENTED_EDGE ( 'NONE', *, *, #7135, .F. ) ;
#1147 = ORIENTED_EDGE ( 'NONE', *, *, #4776, .F. ) ;
#1148 = AXIS2_PLACEMENT_3D ( 'NONE', #8360, #3656, #400 ) ;
#1149 = CARTESIAN_POINT ( 'NONE',  ( 3.246333170862404138, 2.506088648249112705, 1.969999999999999973 ) ) ;
#1150 = ORIENTED_EDGE ( 'NONE', *, *, #7203, .F. ) ;
#1151 = AXIS2_PLACEMENT_3D ( 'NONE', #6379, #5094, #5646 ) ;
#1152 = B_SPLINE_CURVE_WITH_KNOTS ( 'NONE', 3,
 ( #4293, #3515, #2960, #334 ),
 .UNSPECIFIED., .F., .F.,
 ( 4, 4 ),
 ( 0.0001957817699439133553, 0.0005519534006163521501 ),
 .UNSPECIFIED. ) ;
#1153 = CIRCLE ( 'NONE', #8463, 7.249999999999999112 ) ;
#1154 = CARTESIAN_POINT ( 'NONE',  ( 3.628099703648320684, 2.077226904113146588, 1.969999999999999085 ) ) ;
#1155 = ORIENTED_EDGE ( 'NONE', *, *, #87, .T. ) ;
#1156 = ORIENTED_EDGE ( 'NONE', *, *, #2510, .F. ) ;
#1157 = VECTOR ( 'NONE', #61, 1000.000000000000000 ) ;
#1158 = AXIS2_PLACEMENT_3D ( 'NONE', #3794, #6415, #503 ) ;
#1159 = DIRECTION ( 'NONE',  ( -0.0000000000000000000, -0.0000000000000000000, 1.000000000000000000 ) ) ;
#1160 = CARTESIAN_POINT ( 'NONE',  ( 5.150000000000006573, -5.900000000000000355, 3.405157577156835136E-19 ) ) ;
#1161 = FACE_OUTER_BOUND ( 'NONE', #6836, .T. ) ;
#1162 = AXIS2_PLACEMENT_3D ( 'NONE', #2458, #483, #5753 ) ;
#1163 = CARTESIAN_POINT ( 'NONE',  ( -3.100995205898506413, 2.638885918508817152, 1.431521299068695704E-14 ) ) ;
#1164 = DIRECTION ( 'NONE',  ( -0.7030231645967912613, 0.7111669494853601892, 0.0000000000000000000 ) ) ;
#1165 = ORIENTED_EDGE ( 'NONE', *, *, #260, .F. ) ;
#1166 = FACE_OUTER_BOUND ( 'NONE', #5241, .T. ) ;
#1167 = DIRECTION ( 'NONE',  ( 0.0000000000000000000, 0.0000000000000000000, 1.000000000000000000 ) ) ;
#1168 = ORIENTED_EDGE ( 'NONE', *, *, #5531, .T. ) ;
#1169 = ADVANCED_FACE ( 'NONE', ( #6458 ), #8335, .F. ) ;
#1170 = AXIS2_PLACEMENT_3D ( 'NONE', #1128, #5059, #3766 ) ;
#1171 = UNCERTAINTY_MEASURE_WITH_UNIT (LENGTH_MEASURE( 1.000000000000000082E-05 ), #7169, 'distance_accuracy_value', 'NONE');
#1172 = EDGE_CURVE ( 'NONE', #2846, #567, #534, .T. ) ;
#1173 = CARTESIAN_POINT ( 'NONE',  ( 1.749051531138512416, 7.035859488464931921, 2.249999999999997780 ) ) ;
#1174 = CARTESIAN_POINT ( 'NONE',  ( 3.036518773207646849, 6.467649537330196097, 3.855868183907289470 ) ) ;
#1175 = CARTESIAN_POINT ( 'NONE',  ( 3.255000000000001670, 0.0000000000000000000, 2.000000000000000000 ) ) ;
#1176 = DIRECTION ( 'NONE',  ( 0.7030231645968014753, -0.7111669494853501972, 0.0000000000000000000 ) ) ;
#1177 = ORIENTED_EDGE ( 'NONE', *, *, #7499, .F. ) ;
#1178 = EDGE_CURVE ( 'NONE', #873, #3890, #377, .T. ) ;
#1179 = CARTESIAN_POINT ( 'NONE',  ( 6.625249362316868229, 2.944243686775933622, 3.749999999999999112 ) ) ;
#1180 = DIRECTION ( 'NONE',  ( 0.0000000000000000000, 0.0000000000000000000, -1.000000000000000000 ) ) ;
#1181 = ADVANCED_FACE ( 'NONE', ( #5651 ), #1125, .F. ) ;
#1182 = DIRECTION ( 'NONE',  ( 1.000000000000000000, 8.673617379884163268E-15, 0.0000000000000000000 ) ) ;
#1183 = CARTESIAN_POINT ( 'NONE',  ( 4.247056320801408269, -5.564396877285155973, 4.000000000000000000 ) ) ;
#1184 = CARTESIAN_POINT ( 'NONE',  ( 0.0000000000000000000, 0.0000000000000000000, 2.250000000000001776 ) ) ;
#1185 = DIRECTION ( 'NONE',  ( -1.000000000000000000, 0.0000000000000000000, 2.521175704717234448E-15 ) ) ;
#1186 = PRESENTATION_LAYER_ASSIGNMENT (  '', '', ( #65 ) ) ;
#1187 = EDGE_LOOP ( 'NONE', ( #8001, #4128, #7255, #6538 ) ) ;
#1188 = ORIENTED_EDGE ( 'NONE', *, *, #37, .F. ) ;
#1189 = EDGE_LOOP ( 'NONE', ( #4180, #6100, #2200, #1944 ) ) ;
#1190 = DIRECTION ( 'NONE',  ( -1.000000000000000000, 1.224646799147563241E-16, -0.0000000000000000000 ) ) ;
#1191 = ORIENTED_EDGE ( 'NONE', *, *, #6019, .T. ) ;
#1192 = CIRCLE ( 'NONE', #5190, 0.03000000000000007869 ) ;
#1193 = EDGE_CURVE ( 'NONE', #7180, #4033, #6990, .T. ) ;
#1194 = VECTOR ( 'NONE', #4666, 1000.000000000000000 ) ;
#1195 = LINE ( 'NONE', #1975, #7010 ) ;
#1196 = ORIENTED_EDGE ( 'NONE', *, *, #3224, .F. ) ;
#1197 = AXIS2_PLACEMENT_3D ( 'NONE', #3688, #7455, #8304 ) ;
#1198 = ORIENTED_EDGE ( 'NONE', *, *, #7392, .F. ) ;
#1199 = CARTESIAN_POINT ( 'NONE',  ( 5.159999999999998366, -1.800000000000004263, -0.005000000000000000104 ) ) ;
#1200 = DIRECTION ( 'NONE',  ( -0.7111669494853501972, 0.7030231645968014753, 0.0000000000000000000 ) ) ;
#1201 = CARTESIAN_POINT ( 'NONE',  ( 0.0000000000000000000, 0.0000000000000000000, 2.249999999999997780 ) ) ;
#1202 = DIRECTION ( 'NONE',  ( -1.000000000000000000, 0.0000000000000000000, 0.0000000000000000000 ) ) ;
#1203 = DIRECTION ( 'NONE',  ( 0.7030231645967899290, 0.7111669494853616325, 1.084202172485504557E-16 ) ) ;
#1204 = LINE ( 'NONE', #5694, #4559 ) ;
#1205 = CARTESIAN_POINT ( 'NONE',  ( 7.018097286613130592, 0.7335251302805142481, 3.945737749221131629 ) ) ;
#1206 = VERTEX_POINT ( 'NONE', #6422 ) ;
#1207 = LINE ( 'NONE', #3840, #8494 ) ;
#1208 = ADVANCED_FACE ( 'NONE', ( #7735 ), #4417, .F. ) ;
#1209 = DIRECTION ( 'NONE',  ( 0.0000000000000000000, 0.0000000000000000000, -1.000000000000000000 ) ) ;
#1210 = CARTESIAN_POINT ( 'NONE',  ( 5.218707288899438801, -5.032652802726199859, 2.249999999999999556 ) ) ;
#1211 = EDGE_CURVE ( 'NONE', #3573, #7766, #1820, .T. ) ;
#1212 = EDGE_CURVE ( 'NONE', #816, #90, #8147, .T. ) ;
#1213 = ORIENTED_EDGE ( 'NONE', *, *, #4680, .F. ) ;
#1214 = CARTESIAN_POINT ( 'NONE',  ( -1.974999999999996314, -7.159999999999999254, 0.0000000000000000000 ) ) ;
#1215 = B_SPLINE_CURVE_WITH_KNOTS ( 'NONE', 3,
 ( #1303, #7344, #3946, #3309 ),
 .UNSPECIFIED., .F., .F.,
 ( 4, 4 ),
 ( 0.0000000000000000000, 0.0005511928767346611522 ),
 .UNSPECIFIED. ) ;
#1216 = CARTESIAN_POINT ( 'NONE',  ( -0.9749999999999963141, -7.160000000000000142, -0.005000000000000000104 ) ) ;
#1217 = CARTESIAN_POINT ( 'NONE',  ( -3.642323042638027086, 2.091287367405080477, 1.969999999999999529 ) ) ;
#1218 = AXIS2_PLACEMENT_3D ( 'NONE', #7953, #4068, #1296 ) ;
#1219 = DIRECTION ( 'NONE',  ( 1.000000000000000000, 0.0000000000000000000, 0.0000000000000000000 ) ) ;
#1220 = DIRECTION ( 'NONE',  ( -0.0000000000000000000, -0.0000000000000000000, -1.000000000000000000 ) ) ;
#1221 = ORIENTED_EDGE ( 'NONE', *, *, #5090, .T. ) ;
#1222 = EDGE_CURVE ( 'NONE', #1416, #6091, #6453, .T. ) ;
#1223 = ORIENTED_EDGE ( 'NONE', *, *, #7037, .F. ) ;
#1224 = ORIENTED_EDGE ( 'NONE', *, *, #5434, .F. ) ;
#1225 = DIRECTION ( 'NONE',  ( 0.0000000000000000000, 0.0000000000000000000, -1.000000000000000000 ) ) ;
#1226 = ORIENTED_EDGE ( 'NONE', *, *, #8077, .F. ) ;
#1227 = CIRCLE ( 'NONE', #7013, 7.250000000000000888 ) ;
#1228 = DIRECTION ( 'NONE',  ( -0.7030231645967892629, 0.7111669494853621876, 3.745981415889730895E-16 ) ) ;
#1229 = DIRECTION ( 'NONE',  ( -0.0000000000000000000, -0.0000000000000000000, 1.000000000000000000 ) ) ;
#1230 = AXIS2_PLACEMENT_3D ( 'NONE', #2621, #7292, #2008 ) ;
#1231 = PRESENTATION_LAYER_ASSIGNMENT (  '', '', ( #118 ) ) ;
#1232 = CARTESIAN_POINT ( 'NONE',  ( 0.0000000000000000000, 0.0000000000000000000, 4.000000000000000000 ) ) ;
#1233 = EDGE_LOOP ( 'NONE', ( #5618, #2102, #8311, #1631 ) ) ;
#1234 = EDGE_LOOP ( 'NONE', ( #1603, #2825, #7357, #6363 ) ) ;
#1235 = ORIENTED_EDGE ( 'NONE', *, *, #4794, .T. ) ;
#1236 = CIRCLE ( 'NONE', #8273, 7.250000000000000000 ) ;
#1237 = FACE_OUTER_BOUND ( 'NONE', #603, .T. ) ;
#1238 = FILL_AREA_STYLE ('',( #3412 ) ) ;
#1239 = CARTESIAN_POINT ( 'NONE',  ( -3.500000000000000000, 4.286263797015736595E-16, 3.449999999999999734 ) ) ;
#1240 = CARTESIAN_POINT ( 'NONE',  ( -0.9749999999999958700, -7.250000000000000000, 1.989999999999999991 ) ) ;
#1241 = DIRECTION ( 'NONE',  ( -0.0000000000000000000, -0.0000000000000000000, -1.000000000000000000 ) ) ;
#1242 = CARTESIAN_POINT ( 'NONE',  ( -3.182712096523577561, 6.514049716623484976, 2.249999999999997780 ) ) ;
#1243 = VECTOR ( 'NONE', #7897, 1000.000000000000000 ) ;
#1244 = ORIENTED_EDGE ( 'NONE', *, *, #8520, .T. ) ;
#1245 = ORIENTED_EDGE ( 'NONE', *, *, #1828, .F. ) ;
#1246 = UNCERTAINTY_MEASURE_WITH_UNIT (LENGTH_MEASURE( 1.000000000000000082E-05 ), #3626, 'distance_accuracy_value', 'NONE');
#1247 = CARTESIAN_POINT ( 'NONE',  ( 7.101408311032906262, -4.099999999999703881, 4.000000000000000000 ) ) ;
#1248 = AXIS2_PLACEMENT_3D ( 'NONE', #2710, #3264, #1389 ) ;
#1249 = LINE ( 'NONE', #3379, #1326 ) ;
#1250 = DIRECTION ( 'NONE',  ( 0.0000000000000000000, -1.000000000000000000, 0.0000000000000000000 ) ) ;
#1251 = EDGE_LOOP ( 'NONE', ( #942, #5537, #752, #3166, #8358, #1551, #980, #4799 ) ) ;
#1252 = VECTOR ( 'NONE', #7014, 1000.000000000000000 ) ;
#1253 = DIRECTION ( 'NONE',  ( 0.0000000000000000000, -1.000000000000000000, 0.0000000000000000000 ) ) ;
#1254 = ADVANCED_FACE ( 'NONE', ( #4358 ), #7504, .F. ) ;
#1255 = CARTESIAN_POINT ( 'NONE',  ( -3.774999999999999911, -4.500000000000000000, -0.4000000000000000222 ) ) ;
#1256 = ADVANCED_FACE ( 'NONE', ( #2942 ), #4998, .F. ) ;
#1257 = EDGE_CURVE ( 'NONE', #869, #3531, #976, .T. ) ;
#1258 = LINE ( 'NONE', #6040, #1800 ) ;
#1259 = LINE ( 'NONE', #3819, #7905 ) ;
#1260 = DIRECTION ( 'NONE',  ( 0.7030231645967892629, -0.7111669494853621876, 0.0000000000000000000 ) ) ;
#1261 = EDGE_LOOP ( 'NONE', ( #5391, #7431, #6024, #85 ) ) ;
#1262 = ORIENTED_EDGE ( 'NONE', *, *, #788, .T. ) ;
#1263 = ORIENTED_EDGE ( 'NONE', *, *, #3648, .F. ) ;
#1264 = LINE ( 'NONE', #6569, #996 ) ;
#1265 = VERTEX_POINT ( 'NONE', #6283 ) ;
#1266 = B_SPLINE_CURVE_WITH_KNOTS ( 'NONE', 3,
 ( #3243, #8502, #7853, #1369, #1939, #3924 ),
 .UNSPECIFIED., .F., .F.,
 ( 4, 2, 4 ),
 ( 0.0000000000000000000, 0.0002759767003081188834, 0.0005519534006162384173 ),
 .UNSPECIFIED. ) ;
#1267 = EDGE_CURVE ( 'NONE', #3177, #3540, #4552, .T. ) ;
#1268 =( GEOMETRIC_REPRESENTATION_CONTEXT ( 3 ) GLOBAL_UNCERTAINTY_ASSIGNED_CONTEXT ( ( #7115 ) ) GLOBAL_UNIT_ASSIGNED_CONTEXT ( ( #3122, #704, #2641 ) ) REPRESENTATION_CONTEXT ( 'NONE', 'WORKASPACE' ) );
#1269 = PLANE ( 'NONE',  #6182 ) ;
#1270 = DIRECTION ( 'NONE',  ( 0.7030231645967893739, -0.7111669494853621876, -3.745981415889730895E-16 ) ) ;
#1271 = COLOUR_RGB ( '',0.2980392156862745057, 0.2980392156862745057, 0.2980392156862745057 ) ;
#1272 = VECTOR ( 'NONE', #2162, 1000.000000000000000 ) ;
#1273 = VERTEX_POINT ( 'NONE', #6891 ) ;
#1274 = ORIENTED_EDGE ( 'NONE', *, *, #2064, .F. ) ;
#1275 = ORIENTED_EDGE ( 'NONE', *, *, #4596, .F. ) ;
#1276 = LINE ( 'NONE', #663, #6234 ) ;
#1277 = VERTEX_POINT ( 'NONE', #5560 ) ;
#1278 = PLANE ( 'NONE',  #1435 ) ;
#1279 = AXIS2_PLACEMENT_3D ( 'NONE', #6768, #852, #6120 ) ;
#1280 = CARTESIAN_POINT ( 'NONE',  ( 1.974999999999994538, -7.259999999999999787, -0.005000000000000000104 ) ) ;
#1281 =( NAMED_UNIT ( * ) SI_UNIT ( $, .STERADIAN. ) SOLID_ANGLE_UNIT ( ) );
#1282 = CARTESIAN_POINT ( 'NONE',  ( 6.825423574700391960, 1.423915056869163864, 4.000000000000000000 ) ) ;
#1283 = DIRECTION ( 'NONE',  ( -0.0000000000000000000, -0.0000000000000000000, -1.000000000000000000 ) ) ;
#1284 = CARTESIAN_POINT ( 'NONE',  ( 3.239221501367550715, 2.499058416603145094, 1.969999999999999973 ) ) ;
#1285 = VECTOR ( 'NONE', #6671, 1000.000000000000000 ) ;
#1286 = LINE ( 'NONE', #3927, #4279 ) ;
#1287 = VECTOR ( 'NONE', #5301, 1000.000000000000000 ) ;
#1288 = ORIENTED_EDGE ( 'NONE', *, *, #4239, .F. ) ;
#1289 = ORIENTED_EDGE ( 'NONE', *, *, #1325, .F. ) ;
#1290 = EDGE_CURVE ( 'NONE', #4577, #3787, #8403, .T. ) ;
#1291 = CYLINDRICAL_SURFACE ( 'NONE', #5322, 1.249999999999997780 ) ;
#1292 =( GEOMETRIC_REPRESENTATION_CONTEXT ( 3 ) GLOBAL_UNCERTAINTY_ASSIGNED_CONTEXT ( ( #6193 ) ) GLOBAL_UNIT_ASSIGNED_CONTEXT ( ( #6356, #5034, #6923 ) ) REPRESENTATION_CONTEXT ( 'NONE', 'WORKASPACE' ) );
#1293 = LINE ( 'NONE', #639, #2860 ) ;
#1294 = DIRECTION ( 'NONE',  ( -2.172311548719345624E-29, 1.000000000000000000, 6.229955439320540691E-15 ) ) ;
#1295 = CARTESIAN_POINT ( 'NONE',  ( 2.999999999999999556, -4.500000000000000000, -0.4000000000000000222 ) ) ;
#1296 = DIRECTION ( 'NONE',  ( 0.0000000000000000000, 0.0000000000000000000, -1.000000000000000000 ) ) ;
#1297 = VECTOR ( 'NONE', #1648, 1000.000000000000000 ) ;
#1298 = ORIENTED_EDGE ( 'NONE', *, *, #8177, .F. ) ;
#1299 = DIRECTION ( 'NONE',  ( -1.000000000000000000, 0.0000000000000000000, -0.0000000000000000000 ) ) ;
#1300 = DIRECTION ( 'NONE',  ( 0.0000000000000000000, 0.0000000000000000000, 1.000000000000000000 ) ) ;
#1301 = DIRECTION ( 'NONE',  ( -0.7030231645968014753, -0.7111669494853501972, 0.0000000000000000000 ) ) ;
#1302 = FILL_AREA_STYLE ('',( #4075 ) ) ;
#1303 = CARTESIAN_POINT ( 'NONE',  ( -4.742367595032363603, -5.148781369759928062, 4.000000000000000000 ) ) ;
#1304 = B_SPLINE_CURVE_WITH_KNOTS ( 'NONE', 3,
 ( #8022, #2122, #4863, #7491 ),
 .UNSPECIFIED., .F., .F.,
 ( 4, 4 ),
 ( 0.0000000000000000000, 0.0005511928767344569970 ),
 .UNSPECIFIED. ) ;
#1305 = VERTEX_POINT ( 'NONE', #8239 ) ;
#1306 = VERTEX_POINT ( 'NONE', #2337 ) ;
#1307 = EDGE_LOOP ( 'NONE', ( #2104, #831, #7731, #6620 ) ) ;
#1308 = FACE_OUTER_BOUND ( 'NONE', #8091, .T. ) ;
#1309 = VERTEX_POINT ( 'NONE', #7456 ) ;
#1310 = DIRECTION ( 'NONE',  ( -0.0000000000000000000, -0.0000000000000000000, -1.000000000000000000 ) ) ;
#1311 = LINE ( 'NONE', #7399, #1650 ) ;
#1312 = CARTESIAN_POINT ( 'NONE',  ( 5.059999999999999609, -0.8000000000000042633, -0.005000000000000000104 ) ) ;
#1313 = B_SPLINE_CURVE_WITH_KNOTS ( 'NONE', 3,
 ( #7494, #7358, #2290, #8056 ),
 .UNSPECIFIED., .F., .F.,
 ( 4, 4 ),
 ( 0.0003571877805293505377, 0.0005511928767354900248 ),
 .UNSPECIFIED. ) ;
#1314 = EDGE_CURVE ( 'NONE', #6160, #4949, #4955, .T. ) ;
#1315 = ORIENTED_EDGE ( 'NONE', *, *, #7867, .T. ) ;
#1316 = LINE ( 'NONE', #4656, #840 ) ;
#1317 = ORIENTED_EDGE ( 'NONE', *, *, #4776, .T. ) ;
#1318 = ORIENTED_EDGE ( 'NONE', *, *, #2894, .T. ) ;
#1319 = EDGE_CURVE ( 'NONE', #4937, #869, #6324, .T. ) ;
#1320 = ORIENTED_EDGE ( 'NONE', *, *, #727, .F. ) ;
#1321 = EDGE_CURVE ( 'NONE', #4990, #4335, #3659, .T. ) ;
#1322 = EDGE_CURVE ( 'NONE', #6438, #1091, #2380, .T. ) ;
#1323 = DIRECTION ( 'NONE',  ( -0.0000000000000000000, -1.000000000000000000, -0.0000000000000000000 ) ) ;
#1324 =( NAMED_UNIT ( * ) PLANE_ANGLE_UNIT ( ) SI_UNIT ( $, .RADIAN. ) );
#1325 = EDGE_CURVE ( 'NONE', #2334, #3233, #2850, .T. ) ;
#1326 = VECTOR ( 'NONE', #5225, 1000.000000000000000 ) ;
#1327 = DIRECTION ( 'NONE',  ( 1.000000000000000000, 0.0000000000000000000, 0.0000000000000000000 ) ) ;
#1328 = LINE ( 'NONE', #3971, #7591 ) ;
#1329 = CARTESIAN_POINT ( 'NONE',  ( 5.150000000000006573, -5.900000000000000355, 3.405157577156835136E-19 ) ) ;
#1330 = FACE_OUTER_BOUND ( 'NONE', #3104, .T. ) ;
#1331 = VERTEX_POINT ( 'NONE', #3537 ) ;
#1332 = EDGE_CURVE ( 'NONE', #5204, #5008, #1546, .T. ) ;
#1333 = ORIENTED_EDGE ( 'NONE', *, *, #2212, .F. ) ;
#1334 = COLOUR_RGB ( '',0.8980392156862745390, 0.8980392156862745390, 0.8980392156862745390 ) ;
#1335 = CARTESIAN_POINT ( 'NONE',  ( -5.150000000000000355, -1.163414459190184377E-16, 1.989999999999999991 ) ) ;
#1336 = LINE ( 'NONE', #718, #3676 ) ;
#1337 = CARTESIAN_POINT ( 'NONE',  ( -5.150000000000006573, -3.963704366711341187, 0.1392243887514867662 ) ) ;
#1338 = CARTESIAN_POINT ( 'NONE',  ( -5.129999999999999005, 8.673617379884035472E-16, 1.969999999999999973 ) ) ;
#1339 = CARTESIAN_POINT ( 'NONE',  ( -6.484868531555546767, 3.009558245794220266, 3.851148186049275335 ) ) ;
#1340 = EDGE_CURVE ( 'NONE', #4616, #8105, #6151, .T. ) ;
#1341 = ORIENTED_EDGE ( 'NONE', *, *, #2238, .F. ) ;
#1342 = EDGE_CURVE ( 'NONE', #5550, #1688, #111, .T. ) ;
#1343 = LINE ( 'NONE', #685, #2275 ) ;
#1344 = CARTESIAN_POINT ( 'NONE',  ( 3.624543868900893528, 2.073711788290161895, 1.989999999999998659 ) ) ;
#1345 = CARTESIAN_POINT ( 'NONE',  ( 8.075423574700504759, -1.423915056868493956, 4.000000000000000000 ) ) ;
#1346 = DIRECTION ( 'NONE',  ( 1.000000000000000000, 0.0000000000000000000, 0.0000000000000000000 ) ) ;
#1347 = LINE ( 'NONE', #78, #5100 ) ;
#1348 = CARTESIAN_POINT ( 'NONE',  ( 8.453818109032806866E-19, -7.259999999999999787, 1.970000000000000417 ) ) ;
#1349 = ORIENTED_EDGE ( 'NONE', *, *, #2983, .T. ) ;
#1350 = ORIENTED_EDGE ( 'NONE', *, *, #7427, .T. ) ;
#1351 = ORIENTED_EDGE ( 'NONE', *, *, #1332, .F. ) ;
#1352 = VERTEX_POINT ( 'NONE', #277 ) ;
#1353 = DIRECTION ( 'NONE',  ( 1.000000000000000000, 0.0000000000000000000, 3.486881358747350930E-15 ) ) ;
#1354 = CARTESIAN_POINT ( 'NONE',  ( -6.625249362317016555, -2.944243686775596114, 4.000000000000000000 ) ) ;
#1355 = FACE_OUTER_BOUND ( 'NONE', #4897, .T. ) ;
#1356 = ORIENTED_EDGE ( 'NONE', *, *, #5811, .F. ) ;
#1357 = DIRECTION ( 'NONE',  ( 0.0000000000000000000, 0.0000000000000000000, 1.000000000000000000 ) ) ;
#1358 = VERTEX_POINT ( 'NONE', #8195 ) ;
#1359 = VERTEX_POINT ( 'NONE', #7839 ) ;
#1360 = VECTOR ( 'NONE', #4873, 1000.000000000000000 ) ;
#1361 = CARTESIAN_POINT ( 'NONE',  ( 0.7022066185388938786, 7.163051108413037049, 2.197175046756812744 ) ) ;
#1362 = ORIENTED_EDGE ( 'NONE', *, *, #5349, .T. ) ;
#1363 = CARTESIAN_POINT ( 'NONE',  ( 5.159999999999999254, -6.324710424241401618, 1.988239158481577507 ) ) ;
#1364 = CARTESIAN_POINT ( 'NONE',  ( -5.894063302207814381, -3.776243873158500186, 4.000000000000000000 ) ) ;
#1365 = VECTOR ( 'NONE', #4219, 1000.000000000000000 ) ;
#1366 = ADVANCED_FACE ( 'NONE', ( #454 ), #1269, .F. ) ;
#1367 = CARTESIAN_POINT ( 'NONE',  ( -7.249999999999999112, 0.0000000000000000000, 3.750000000000001776 ) ) ;
#1368 = ADVANCED_FACE ( 'NONE', ( #3183 ), #5840, .T. ) ;
#1369 = CARTESIAN_POINT ( 'NONE',  ( 4.905273158633030484, -5.083427567143528947, 3.936143960793115681 ) ) ;
#1370 = DIRECTION ( 'NONE',  ( 2.017312099804055287E-15, 2.017312099804055287E-15, -1.000000000000000000 ) ) ;
#1371 = DIRECTION ( 'NONE',  ( -0.7030231645967897069, 0.7111669494853619655, -2.872286784085004639E-16 ) ) ;
#1372 = EDGE_LOOP ( 'NONE', ( #6568, #5941, #5048, #6188 ) ) ;
#1373 = AXIS2_PLACEMENT_3D ( 'NONE', #477, #430, #3130 ) ;
#1374 = FACE_OUTER_BOUND ( 'NONE', #131, .T. ) ;
#1375 = AXIS2_PLACEMENT_3D ( 'NONE', #375, #3121, #6457 ) ;
#1376 = DIRECTION ( 'NONE',  ( 1.000000000000000000, 0.0000000000000000000, 0.0000000000000000000 ) ) ;
#1377 = DIRECTION ( 'NONE',  ( -0.0000000000000000000, -0.0000000000000000000, -1.000000000000000000 ) ) ;
#1378 = EDGE_CURVE ( 'NONE', #3068, #1945, #2069, .T. ) ;
#1379 = AXIS2_PLACEMENT_3D ( 'NONE', #4541, #4668, #4626 ) ;
#1380 = LINE ( 'NONE', #766, #1500 ) ;
#1381 = FILL_AREA_STYLE_COLOUR ( '', #5491 ) ;
#1382 = ORIENTED_EDGE ( 'NONE', *, *, #351, .F. ) ;
#1383 = VECTOR ( 'NONE', #1253, 1000.000000000000000 ) ;
#1384 = DIRECTION ( 'NONE',  ( -1.000000000000000000, 0.0000000000000000000, 0.0000000000000000000 ) ) ;
#1385 = DIRECTION ( 'NONE',  ( 1.000000000000000000, 0.0000000000000000000, 0.0000000000000000000 ) ) ;
#1386 = EDGE_CURVE ( 'NONE', #968, #5250, #3107, .T. ) ;
#1387 = ADVANCED_FACE ( 'NONE', ( #5729 ), #8364, .F. ) ;
#1388 = DIRECTION ( 'NONE',  ( -0.0000000000000000000, -0.0000000000000000000, -1.000000000000000000 ) ) ;
#1389 = DIRECTION ( 'NONE',  ( 1.000000000000000000, 0.0000000000000000000, 0.0000000000000000000 ) ) ;
#1390 = AXIS2_PLACEMENT_3D ( 'NONE', #8164, #4722, #253 ) ;
#1391 = ORIENTED_EDGE ( 'NONE', *, *, #6855, .T. ) ;
#1392 = CARTESIAN_POINT ( 'NONE',  ( 5.150000000000003020, -6.173222852441612494E-16, 1.200000000000017941 ) ) ;
#1393 = ORIENTED_EDGE ( 'NONE', *, *, #2396, .F. ) ;
#1394 = ORIENTED_EDGE ( 'NONE', *, *, #1378, .T. ) ;
#1395 = DIRECTION ( 'NONE',  ( 0.7111669494853646301, 0.7030231645967869314, 4.336808689942078321E-14 ) ) ;
#1396 = ORIENTED_EDGE ( 'NONE', *, *, #2240, .F. ) ;
#1397 = DIRECTION ( 'NONE',  ( 3.486881358747350930E-15, 0.0000000000000000000, -1.000000000000000000 ) ) ;
#1398 = AXIS2_PLACEMENT_3D ( 'NONE', #5783, #8426, #5867 ) ;
#1399 = EDGE_CURVE ( 'NONE', #511, #6711, #1847, .T. ) ;
#1400 = DIRECTION ( 'NONE',  ( -0.0000000000000000000, -0.0000000000000000000, 1.000000000000000000 ) ) ;
#1401 = LINE ( 'NONE', #4041, #1718 ) ;
#1402 = ORIENTED_EDGE ( 'NONE', *, *, #2919, .T. ) ;
#1403 = ORIENTED_EDGE ( 'NONE', *, *, #7327, .F. ) ;
#1404 = ORIENTED_EDGE ( 'NONE', *, *, #7424, .T. ) ;
#1405 = VECTOR ( 'NONE', #3407, 1000.000000000000114 ) ;
#1406 = PLANE ( 'NONE',  #5147 ) ;
#1407 = EDGE_LOOP ( 'NONE', ( #229, #6242, #2248, #4164 ) ) ;
#1408 = FACE_OUTER_BOUND ( 'NONE', #4142, .T. ) ;
#1409 = B_SPLINE_CURVE_WITH_KNOTS ( 'NONE', 3,
 ( #1729, #7518, #2441, #8213, #2393, #4928 ),
 .UNSPECIFIED., .F., .F.,
 ( 4, 2, 4 ),
 ( 6.133173666733496745E-19, 0.0002759767003078495676, 0.0005519534006156979426 ),
 .UNSPECIFIED. ) ;
#1410 = CARTESIAN_POINT ( 'NONE',  ( -6.625249362317016555, -2.944243686775596114, 2.249999999999996003 ) ) ;
#1411 = CARTESIAN_POINT ( 'NONE',  ( -5.150000000000003020, -3.963704366711342963, 1.200000000000017941 ) ) ;
#1412 = DIRECTION ( 'NONE',  ( 1.000000000000000000, -8.881784197001253901E-15, 0.0000000000000000000 ) ) ;
#1413 = PRESENTATION_STYLE_ASSIGNMENT (( #1584 ) ) ;
#1414 = CARTESIAN_POINT ( 'NONE',  ( 1.837750690687076194, -6.908953112105011840, 2.148851813950647838 ) ) ;
#1415 = EDGE_CURVE ( 'NONE', #3089, #1513, #3719, .T. ) ;
#1416 = VERTEX_POINT ( 'NONE', #536 ) ;
#1417 = CIRCLE ( 'NONE', #1839, 7.249999999999999112 ) ;
#1418 = AXIS2_PLACEMENT_3D ( 'NONE', #7254, #7300, #1395 ) ;
#1419 = CARTESIAN_POINT ( 'NONE',  ( 5.129999999999999005, -7.250000000000000000, 1.969999999999999973 ) ) ;
#1420 = EDGE_CURVE ( 'NONE', #1641, #6916, #4271, .T. ) ;
#1421 = EDGE_CURVE ( 'NONE', #4681, #793, #1227, .T. ) ;
#1422 = UNCERTAINTY_MEASURE_WITH_UNIT (LENGTH_MEASURE( 1.000000000000000082E-05 ), #6343, 'distance_accuracy_value', 'NONE');
#1423 = CARTESIAN_POINT ( 'NONE',  ( 5.150000000000003020, -3.963704366711342963, 1.200000000000017941 ) ) ;
#1424 = LINE ( 'NONE', #4018, #1750 ) ;
#1425 = AXIS2_PLACEMENT_3D ( 'NONE', #6264, #6351, #3134 ) ;
#1426 = CARTESIAN_POINT ( 'NONE',  ( -5.159999999999998366, -1.800000000000002931, -0.005000000000000000104 ) ) ;
#1427 = DIRECTION ( 'NONE',  ( 1.000000000000000000, 0.0000000000000000000, 3.486881358747350930E-15 ) ) ;
#1428 = CARTESIAN_POINT ( 'NONE',  ( 4.499999999999998224, -7.160000000000000142, 0.5000000000000000000 ) ) ;
#1429 = ORIENTED_EDGE ( 'NONE', *, *, #5515, .T. ) ;
#1430 = CARTESIAN_POINT ( 'NONE',  ( -4.200000000000000178, -2.932844324628232650E-14, 0.0000000000000000000 ) ) ;
#1431 = EDGE_CURVE ( 'NONE', #6094, #903, #5092, .T. ) ;
#1432 = EDGE_CURVE ( 'NONE', #1135, #1741, #4572, .T. ) ;
#1433 = CIRCLE ( 'NONE', #2142, 0.7750000000000001332 ) ;
#1434 = CARTESIAN_POINT ( 'NONE',  ( 3.250000000000002220, -7.229999999999999538, 1.990000000000000435 ) ) ;
#1435 = AXIS2_PLACEMENT_3D ( 'NONE', #4497, #3919, #3966 ) ;
#1436 = DIRECTION ( 'NONE',  ( -0.0000000000000000000, -1.000000000000000000, -0.0000000000000000000 ) ) ;
#1437 = CARTESIAN_POINT ( 'NONE',  ( -2.869930745331959354, 2.837066312230942078, 2.000000000000000000 ) ) ;
#1438 = LINE ( 'NONE', #3307, #3041 ) ;
#1439 = AXIS2_PLACEMENT_3D ( 'NONE', #212, #818, #294 ) ;
#1440 = CARTESIAN_POINT ( 'NONE',  ( 3.255000000000001670, -7.224999999999999645, 1.989999999999999991 ) ) ;
#1441 = EDGE_CURVE ( 'NONE', #6143, #2466, #1670, .T. ) ;
#1442 = ORIENTED_EDGE ( 'NONE', *, *, #4349, .T. ) ;
#1443 = FACE_OUTER_BOUND ( 'NONE', #652, .T. ) ;
#1444 = ORIENTED_EDGE ( 'NONE', *, *, #8125, .F. ) ;
#1445 = ORIENTED_EDGE ( 'NONE', *, *, #4114, .F. ) ;
#1446 = VERTEX_POINT ( 'NONE', #4449 ) ;
#1447 = EDGE_CURVE ( 'NONE', #8089, #2405, #2430, .T. ) ;
#1448 = PLANE ( 'NONE',  #6247 ) ;
#1449 = FACE_OUTER_BOUND ( 'NONE', #3187, .T. ) ;
#1450 = VERTEX_POINT ( 'NONE', #4401 ) ;
#1451 = CARTESIAN_POINT ( 'NONE',  ( -0.7628348534790005964, 7.209756097560974908, 3.750000000000000000 ) ) ;
#1452 = ORIENTED_EDGE ( 'NONE', *, *, #1193, .F. ) ;
#1453 = ORIENTED_EDGE ( 'NONE', *, *, #2668, .T. ) ;
#1454 = CARTESIAN_POINT ( 'NONE',  ( 6.980157201460412963, -0.8149287962832316712, 3.972947799558632198 ) ) ;
#1455 = ORIENTED_EDGE ( 'NONE', *, *, #3959, .F. ) ;
#1456 = EDGE_CURVE ( 'NONE', #6048, #6916, #3526, .T. ) ;
#1457 = FACE_OUTER_BOUND ( 'NONE', #2181, .T. ) ;
#1458 = VECTOR ( 'NONE', #148, 1000.000000000000000 ) ;
#1459 = LINE ( 'NONE', #6066, #1458 ) ;
#1460 = CARTESIAN_POINT ( 'NONE',  ( 0.0000000000000000000, 0.0000000000000000000, 2.249999999999996003 ) ) ;
#1461 =( LENGTH_UNIT ( ) NAMED_UNIT ( * ) SI_UNIT ( .MILLI., .METRE. ) );
#1462 = VECTOR ( 'NONE', #8423, 1000.000000000000000 ) ;
#1463 = ORIENTED_EDGE ( 'NONE', *, *, #6431, .F. ) ;
#1464 = VECTOR ( 'NONE', #4965, 1000.000000000000000 ) ;
#1465 = PLANE ( 'NONE',  #1052 ) ;
#1466 = EDGE_CURVE ( 'NONE', #1089, #4661, #1195, .T. ) ;
#1467 = TOROIDAL_SURFACE ( 'NONE', #6696, 0.6750000000000002665, 0.1000000000000000056 ) ;
#1468 = PLANE ( 'NONE',  #6979 ) ;
#1469 = DIRECTION ( 'NONE',  ( 0.7071067811865487940, 0.0000000000000000000, 0.7071067811865463515 ) ) ;
#1470 = DIRECTION ( 'NONE',  ( 0.0000000000000000000, 0.0000000000000000000, 1.000000000000000000 ) ) ;
#1471 = LINE ( 'NONE', #5607, #4269 ) ;
#1472 = CARTESIAN_POINT ( 'NONE',  ( 5.150000000000000355, -1.800000000000004263, 0.5000000000000000000 ) ) ;
#1473 = PRESENTATION_STYLE_ASSIGNMENT (( #3383 ) ) ;
#1474 = ORIENTED_EDGE ( 'NONE', *, *, #6707, .F. ) ;
#1475 = CYLINDRICAL_SURFACE ( 'NONE', #5286, 7.250000000000000000 ) ;
#1476 = AXIS2_PLACEMENT_3D ( 'NONE', #3193, #2073, #8457 ) ;
#1477 = DIRECTION ( 'NONE',  ( -0.0000000000000000000, -0.0000000000000000000, -1.000000000000000000 ) ) ;
#1478 = DIRECTION ( 'NONE',  ( -0.0000000000000000000, 1.000000000000000000, 1.355252715606880789E-16 ) ) ;
#1479 = EDGE_CURVE ( 'NONE', #1932, #3939, #5969, .T. ) ;
#1480 = DIRECTION ( 'NONE',  ( -0.0000000000000000000, -0.0000000000000000000, -1.000000000000000000 ) ) ;
#1481 = LINE ( 'NONE', #8043, #264 ) ;
#1482 = ADVANCED_FACE ( 'NONE', ( #789 ), #4779, .F. ) ;
#1483 = CARTESIAN_POINT ( 'NONE',  ( -5.059999999999998721, -1.800000000000002931, -0.005000000000000000104 ) ) ;
#1484 = VERTEX_POINT ( 'NONE', #7930 ) ;
#1485 = SURFACE_STYLE_USAGE ( .BOTH. , #5409 ) ;
#1486 = ORIENTED_EDGE ( 'NONE', *, *, #2930, .F. ) ;
#1487 = VERTEX_POINT ( 'NONE', #6573 ) ;
#1488 = DIRECTION ( 'NONE',  ( 0.0000000000000000000, 0.0000000000000000000, 1.000000000000000000 ) ) ;
#1489 = ORIENTED_EDGE ( 'NONE', *, *, #5294, .F. ) ;
#1490 = FILL_AREA_STYLE ('',( #8529 ) ) ;
#1491 = CARTESIAN_POINT ( 'NONE',  ( 0.0000000000000000000, 0.0000000000000000000, 0.5000000000000000000 ) ) ;
#1492 = EDGE_CURVE ( 'NONE', #660, #8105, #1311, .T. ) ;
#1493 = ORIENTED_EDGE ( 'NONE', *, *, #5495, .T. ) ;
#1494 = CARTESIAN_POINT ( 'NONE',  ( 5.153818755170745725, -7.250000000000000000, 1.988239158481577507 ) ) ;
#1495 = ORIENTED_EDGE ( 'NONE', *, *, #2680, .T. ) ;
#1496 = ORIENTED_EDGE ( 'NONE', *, *, #4726, .F. ) ;
#1497 = CARTESIAN_POINT ( 'NONE',  ( 2.695380892068346856, -6.460257103759333042, 2.000000000000000000 ) ) ;
#1498 = VERTEX_POINT ( 'NONE', #6530 ) ;
#1499 = CARTESIAN_POINT ( 'NONE',  ( 2.133096795500279530, 3.617996415286567569, 1.989999999999999991 ) ) ;
#1500 = VECTOR ( 'NONE', #6637, 1000.000000000000000 ) ;
#1501 = CARTESIAN_POINT ( 'NONE',  ( -6.932291367132887849, 1.935389293664826260, 2.197175046756850936 ) ) ;
#1502 =( NAMED_UNIT ( * ) PLANE_ANGLE_UNIT ( ) SI_UNIT ( $, .RADIAN. ) );
#1503 = ADVANCED_FACE ( 'NONE', ( #6660 ), #614, .T. ) ;
#1504 = VECTOR ( 'NONE', #6968, 1000.000000000000114 ) ;
#1505 = CYLINDRICAL_SURFACE ( 'NONE', #5427, 7.249999999999999112 ) ;
#1506 = ORIENTED_EDGE ( 'NONE', *, *, #7929, .F. ) ;
#1507 = VECTOR ( 'NONE', #7866, 1000.000000000000000 ) ;
#1508 = DIRECTION ( 'NONE',  ( 1.000000000000000000, 0.0000000000000000000, 0.0000000000000000000 ) ) ;
#1509 = EDGE_LOOP ( 'NONE', ( #3444, #2211, #7264, #7480, #2712 ) ) ;
#1510 = DIRECTION ( 'NONE',  ( 0.0000000000000000000, 0.0000000000000000000, 1.000000000000000000 ) ) ;
#1511 = CARTESIAN_POINT ( 'NONE',  ( 3.182712096523296452, 6.514049716623620867, 4.000000000000000000 ) ) ;
#1512 = DIRECTION ( 'NONE',  ( -1.000000000000000000, -1.196361017915039486E-16, 3.486881358747350930E-15 ) ) ;
#1513 = VERTEX_POINT ( 'NONE', #3275 ) ;
#1514 = DIRECTION ( 'NONE',  ( -1.000000000000000000, 0.0000000000000000000, 0.0000000000000000000 ) ) ;
#1515 = CONICAL_SURFACE ( 'NONE', #2635, 7.000000000000000888, 0.7853981633974501664 ) ;
#1516 = FACE_OUTER_BOUND ( 'NONE', #2667, .T. ) ;
#1517 = ORIENTED_EDGE ( 'NONE', *, *, #6116, .T. ) ;
#1518 = DIRECTION ( 'NONE',  ( -0.0000000000000000000, -0.0000000000000000000, 1.000000000000000000 ) ) ;
#1519 = CARTESIAN_POINT ( 'NONE',  ( 3.649434712132887171, 2.098317599051055193, 0.4299591213836871373 ) ) ;
#1521 = B_SPLINE_CURVE_WITH_KNOTS ( 'NONE', 3,
 ( #5162, #1924, #7793, #7130 ),
 .UNSPECIFIED., .F., .F.,
 ( 4, 4 ),
 ( 0.0000000000000000000, 0.0005511928767346655975 ),
 .UNSPECIFIED. ) ;
#1520 = DIRECTION ( 'NONE',  ( -1.196361017915039486E-16, -1.000000000000000000, 0.0000000000000000000 ) ) ;
#1522 = AXIS2_PLACEMENT_3D ( 'NONE', #5579, #2277, #6781 ) ;
#1523 = LINE ( 'NONE', #6779, #7383 ) ;
#1524 = EDGE_LOOP ( 'NONE', ( #6191, #1143, #7943, #644 ) ) ;
#1525 = ORIENTED_EDGE ( 'NONE', *, *, #574, .T. ) ;
#1526 = FACE_OUTER_BOUND ( 'NONE', #263, .T. ) ;
#1527 = ORIENTED_EDGE ( 'NONE', *, *, #1319, .T. ) ;
#1528 = ORIENTED_EDGE ( 'NONE', *, *, #8392, .T. ) ;
#1529 = CIRCLE ( 'NONE', #1942, 0.7750000000000001332 ) ;
#1530 = LINE ( 'NONE', #4165, #7198 ) ;
#1531 = ORIENTED_EDGE ( 'NONE', *, *, #7852, .F. ) ;
#1532 = ADVANCED_FACE ( 'NONE', ( #88 ), #3955, .F. ) ;
#1533 =( LENGTH_UNIT ( ) NAMED_UNIT ( * ) SI_UNIT ( .MILLI., .METRE. ) );
#1534 = CIRCLE ( 'NONE', #2931, 7.249999999999999112 ) ;
#1535 = LINE ( 'NONE', #7489, #6049 ) ;
#1536 = LINE ( 'NONE', #226, #6372 ) ;
#1537 = VERTEX_POINT ( 'NONE', #4612 ) ;
#1538 = ORIENTED_EDGE ( 'NONE', *, *, #3647, .T. ) ;
#1539 = ORIENTED_EDGE ( 'NONE', *, *, #5280, .T. ) ;
#1540 = DIRECTION ( 'NONE',  ( -0.0000000000000000000, 1.000000000000000000, -0.0000000000000000000 ) ) ;
#1541 = VERTEX_POINT ( 'NONE', #5373 ) ;
#1542 = VECTOR ( 'NONE', #6730, 1000.000000000000000 ) ;
#1543 = CARTESIAN_POINT ( 'NONE',  ( -5.160000000000005471, -4.900000000000001243, -0.01000000000000000021 ) ) ;
#1544 = EDGE_CURVE ( 'NONE', #7493, #353, #1790, .T. ) ;
#1545 = DIRECTION ( 'NONE',  ( 1.000000000000000000, 0.0000000000000000000, 0.0000000000000000000 ) ) ;
#1546 = LINE ( 'NONE', #4185, #805 ) ;
#1547 = FILL_AREA_STYLE ('',( #7548 ) ) ;
#1548 = AXIS2_PLACEMENT_3D ( 'NONE', #1002, #3005, #5615 ) ;
#1549 = LINE ( 'NONE', #4099, #459 ) ;
#1550 = FILL_AREA_STYLE_COLOUR ( '', #3851 ) ;
#1551 = ORIENTED_EDGE ( 'NONE', *, *, #6810, .T. ) ;
#1552 = DIRECTION ( 'NONE',  ( -0.0000000000000000000, -0.0000000000000000000, -1.000000000000000000 ) ) ;
#1553 = EDGE_CURVE ( 'NONE', #4011, #1358, #5, .T. ) ;
#1554 = STYLED_ITEM ( 'NONE', ( #7599 ), #4069 ) ;
#1555 = CARTESIAN_POINT ( 'NONE',  ( 3.036990180444824716, 2.575613833695105992, 0.0000000000000000000 ) ) ;
#1556 = CARTESIAN_POINT ( 'NONE',  ( -2.140208464995134285, 3.625026646932536067, 1.989999999999999991 ) ) ;
#1557 = DIRECTION ( 'NONE',  ( -1.000000000000000000, -8.673617379884036458E-16, 0.0000000000000000000 ) ) ;
#1558 = PLANE ( 'NONE',  #4975 ) ;
#1559 = AXIS2_PLACEMENT_3D ( 'NONE', #3227, #5246, #537 ) ;
#1560 = CARTESIAN_POINT ( 'NONE',  ( 7.232688584372536589, -0.5007153297904874956, 3.749999999999999112 ) ) ;
#1561 = CIRCLE ( 'NONE', #4872, 0.6750000000000002665 ) ;
#1562 = DIRECTION ( 'NONE',  ( -1.000000000000000000, 0.0000000000000000000, 0.0000000000000000000 ) ) ;
#1563 = PLANE ( 'NONE',  #6593 ) ;
#1564 = VERTEX_POINT ( 'NONE', #5292 ) ;
#1565 = DIRECTION ( 'NONE',  ( 1.000000000000000000, -0.0000000000000000000, 3.486881358747351719E-15 ) ) ;
#1566 = EDGE_CURVE ( 'NONE', #8268, #7132, #7284, .T. ) ;
#1567 = DIRECTION ( 'NONE',  ( 0.0000000000000000000, 0.0000000000000000000, -1.000000000000000000 ) ) ;
#1568 = DIRECTION ( 'NONE',  ( 0.0000000000000000000, 0.0000000000000000000, 1.000000000000000000 ) ) ;
#1569 = VECTOR ( 'NONE', #8466, 1000.000000000000000 ) ;
#1570 = CARTESIAN_POINT ( 'NONE',  ( -0.6413278623228619857, -7.116153130082202516, 3.855868183907263269 ) ) ;
#1571 = DIRECTION ( 'NONE',  ( -0.7030231645967897069, 0.7111669494853619655, 1.642855579391808388E-17 ) ) ;
#1572 = ORIENTED_EDGE ( 'NONE', *, *, #4301, .F. ) ;
#1573 = CARTESIAN_POINT ( 'NONE',  ( 5.150000000000006573, -3.963704366711341187, 0.1392243887514867662 ) ) ;
#1574 = ORIENTED_EDGE ( 'NONE', *, *, #1692, .T. ) ;
#1575 = EDGE_LOOP ( 'NONE', ( #323, #1618, #2792, #1915, #4895, #1969, #4045, #8323, #2669, #2158 ) ) ;
#1576 = VECTOR ( 'NONE', #7807, 1000.000000000000000 ) ;
#1577 = FACE_OUTER_BOUND ( 'NONE', #1882, .T. ) ;
#1578 = ORIENTED_EDGE ( 'NONE', *, *, #469, .T. ) ;
#1579 = B_SPLINE_CURVE_WITH_KNOTS ( 'NONE', 3,
 ( #5213, #1897, #3921, #3239, #6541, #1364 ),
 .UNSPECIFIED., .F., .F.,
 ( 4, 2, 4 ),
 ( 9.697399036122160616E-19, 0.0002759767003076853110, 0.0005519534006153696461 ),
 .UNSPECIFIED. ) ;
#1580 = CARTESIAN_POINT ( 'NONE',  ( 2.133096795500278642, 3.617996415286566680, 1.989999999999999991 ) ) ;
#1581 = EDGE_CURVE ( 'NONE', #6662, #928, #6705, .T. ) ;
#1582 = LINE ( 'NONE', #2371, #5507 ) ;
#1583 = CARTESIAN_POINT ( 'NONE',  ( 3.642323042638026642, 2.091287367405080477, 0.0000000000000000000 ) ) ;
#1584 = SURFACE_STYLE_USAGE ( .BOTH. , #6315 ) ;
#1585 = ORIENTED_EDGE ( 'NONE', *, *, #6329, .F. ) ;
#1586 = DIRECTION ( 'NONE',  ( -0.7030231645967923715, -0.7111669494853591900, 0.0000000000000000000 ) ) ;
#1587 = VERTEX_POINT ( 'NONE', #6616 ) ;
#1588 = ORIENTED_EDGE ( 'NONE', *, *, #4575, .T. ) ;
#1589 = DIRECTION ( 'NONE',  ( -0.0000000000000000000, -0.0000000000000000000, -1.000000000000000000 ) ) ;
#1590 = ORIENTED_EDGE ( 'NONE', *, *, #3256, .F. ) ;
#1591 = CARTESIAN_POINT ( 'NONE',  ( 0.0000000000000000000, 0.0000000000000000000, 3.749999999999993783 ) ) ;
#1592 = CARTESIAN_POINT ( 'NONE',  ( 0.0000000000000000000, 0.0000000000000000000, 4.000000000000000000 ) ) ;
#1593 = EDGE_CURVE ( 'NONE', #5593, #8158, #4138, .T. ) ;
#1594 = ADVANCED_FACE ( 'NONE', ( #4170 ), #5369, .T. ) ;
#1595 = EDGE_CURVE ( 'NONE', #7622, #2153, #2887, .T. ) ;
#1596 = EDGE_LOOP ( 'NONE', ( #7193, #1274, #458, #1121 ) ) ;
#1597 = CARTESIAN_POINT ( 'NONE',  ( -3.108106875393358948, 2.645916150154784319, 0.4299591213836871373 ) ) ;
#1598 = DIRECTION ( 'NONE',  ( -1.000000000000000000, 8.673617379884036458E-16, 0.0000000000000000000 ) ) ;
#1599 = CARTESIAN_POINT ( 'NONE',  ( -5.159999999999998366, -1.800000000000002931, 0.5000000000000000000 ) ) ;
#1600 = CIRCLE ( 'NONE', #7534, 1.249999999999997113 ) ;
#1601 = DIRECTION ( 'NONE',  ( -1.000000000000000000, 0.0000000000000000000, 0.0000000000000000000 ) ) ;
#1602 = CARTESIAN_POINT ( 'NONE',  ( -5.142241978092696897, 5.035845783540112919, 3.802824953243163275 ) ) ;
#1603 = ORIENTED_EDGE ( 'NONE', *, *, #3437, .F. ) ;
#1604 = EDGE_CURVE ( 'NONE', #6277, #5808, #3478, .T. ) ;
#1605 = DIRECTION ( 'NONE',  ( 0.7111669494853651852, -0.7030231645967861542, -0.0000000000000000000 ) ) ;
#1606 = LINE ( 'NONE', #5697, #2395 ) ;
#1607 = FILL_AREA_STYLE ('',( #3556 ) ) ;
#1608 = EDGE_LOOP ( 'NONE', ( #1934, #5583, #3050, #8535, #5065, #3879, #956, #6912, #1320, #5661, #8377, #3124, #5025, #343, #1362, #925 ) ) ;
#1609 = CIRCLE ( 'NONE', #3541, 1.249999999999995115 ) ;
#1610 = VECTOR ( 'NONE', #240, 1000.000000000000000 ) ;
#1611 = CARTESIAN_POINT ( 'NONE',  ( 0.0000000000000000000, 0.0000000000000000000, 0.0000000000000000000 ) ) ;
#1612 = CARTESIAN_POINT ( 'NONE',  ( 5.150000000000006573, -7.249999999999997335, 0.1392243887514867662 ) ) ;
#1613 = CARTESIAN_POINT ( 'NONE',  ( -7.232688584372541030, -0.5007153297904121114, 3.750000000000001776 ) ) ;
#1614 = EDGE_CURVE ( 'NONE', #5325, #1537, #1010, .T. ) ;
#1615 = ORIENTED_EDGE ( 'NONE', *, *, #1635, .F. ) ;
#1616 = VERTEX_POINT ( 'NONE', #267 ) ;
#1617 = ORIENTED_EDGE ( 'NONE', *, *, #7427, .F. ) ;
#1618 = ORIENTED_EDGE ( 'NONE', *, *, #7890, .T. ) ;
#1619 =( NAMED_UNIT ( * ) PLANE_ANGLE_UNIT ( ) SI_UNIT ( $, .RADIAN. ) );
#1620 = ORIENTED_EDGE ( 'NONE', *, *, #6067, .T. ) ;
#1621 = CARTESIAN_POINT ( 'NONE',  ( 5.153818755170745725, -4.724710424241401974, 1.988239158481577507 ) ) ;
#1622 = DIRECTION ( 'NONE',  ( 0.7111669494853618545, 0.7030231645967895959, 3.545124961925875515E-15 ) ) ;
#1623 = DIRECTION ( 'NONE',  ( -0.0000000000000000000, -0.0000000000000000000, 1.000000000000000000 ) ) ;
#1624 = ORIENTED_EDGE ( 'NONE', *, *, #4124, .F. ) ;
#1625 = CARTESIAN_POINT ( 'NONE',  ( 4.049976487849747286, -6.013334386832666745, 3.750000000000000888 ) ) ;
#1626 = ORIENTED_EDGE ( 'NONE', *, *, #2180, .F. ) ;
#1627 = EDGE_LOOP ( 'NONE', ( #6844, #4884, #340, #6987 ) ) ;
#1628 = CARTESIAN_POINT ( 'NONE',  ( 6.483433319032942954, -3.002670344114201750, 2.144131816092667897 ) ) ;
#1629 = ORIENTED_EDGE ( 'NONE', *, *, #3903, .T. ) ;
#1630 = DIRECTION ( 'NONE',  ( 0.0000000000000000000, 1.000000000000000000, 0.0000000000000000000 ) ) ;
#1631 = ORIENTED_EDGE ( 'NONE', *, *, #2347, .F. ) ;
#1632 = EDGE_CURVE ( 'NONE', #5203, #5249, #5458, .T. ) ;
#1633 = CARTESIAN_POINT ( 'NONE',  ( 5.150000000000006573, -4.900000000000001243, 0.1392243887514867662 ) ) ;
#1634 = EDGE_CURVE ( 'NONE', #8480, #2726, #6183, .T. ) ;
#1635 = EDGE_CURVE ( 'NONE', #57, #3112, #4861, .T. ) ;
#1636 = EDGE_CURVE ( 'NONE', #5709, #703, #1535, .T. ) ;
#1637 = FACE_OUTER_BOUND ( 'NONE', #2237, .T. ) ;
#1638 = AXIS2_PLACEMENT_3D ( 'NONE', #7201, #1840, #5910 ) ;
#1639 = CARTESIAN_POINT ( 'NONE',  ( 0.0000000000000000000, 0.0000000000000000000, 3.449999999999999734 ) ) ;
#1640 = CARTESIAN_POINT ( 'NONE',  ( -5.160000000000005471, -5.898932796319721561, -0.01000000000000000021 ) ) ;
#1641 = VERTEX_POINT ( 'NONE', #829 ) ;
#1642 = CARTESIAN_POINT ( 'NONE',  ( 5.851408311032904486, -4.099999999999703881, 4.000000000000000000 ) ) ;
#1643 = CARTESIAN_POINT ( 'NONE',  ( -2.543310006265614209, 3.217255597734475003, 1.969999999999999973 ) ) ;
#1644 =( NAMED_UNIT ( * ) PLANE_ANGLE_UNIT ( ) SI_UNIT ( $, .RADIAN. ) );
#1645 = ORIENTED_EDGE ( 'NONE', *, *, #1109, .F. ) ;
#1646 = VECTOR ( 'NONE', #3157, 1000.000000000000000 ) ;
#1647 = EDGE_CURVE ( 'NONE', #5460, #2671, #2244, .T. ) ;
#1648 = DIRECTION ( 'NONE',  ( -1.000000000000000000, 0.0000000000000000000, 0.0000000000000000000 ) ) ;
#1649 = LINE ( 'NONE', #2320, #2583 ) ;
#1650 = VECTOR ( 'NONE', #698, 1000.000000000000000 ) ;
#1651 = LINE ( 'NONE', #3561, #3052 ) ;
#1652 = CARTESIAN_POINT ( 'NONE',  ( -1.402282587635234279, 3.852739745222165002, 4.000000000000000000 ) ) ;
#1653 = ORIENTED_EDGE ( 'NONE', *, *, #2530, .T. ) ;
#1654 = ORIENTED_EDGE ( 'NONE', *, *, #3021, .F. ) ;
#1655 = VERTEX_POINT ( 'NONE', #5548 ) ;
#1656 = AXIS2_PLACEMENT_3D ( 'NONE', #2448, #7118, #1209 ) ;
#1657 = EDGE_CURVE ( 'NONE', #508, #1265, #922, .T. ) ;
#1658 =( NAMED_UNIT ( * ) SI_UNIT ( $, .STERADIAN. ) SOLID_ANGLE_UNIT ( ) );
#1659 = ADVANCED_FACE ( 'NONE', ( #6269 ), #1515, .T. ) ;
#1660 = DIRECTION ( 'NONE',  ( -3.486881358747350930E-15, 0.0000000000000000000, -1.000000000000000000 ) ) ;
#1661 = CARTESIAN_POINT ( 'NONE',  ( -7.232688584372541030, -0.5007153297904121114, 3.750000000000001776 ) ) ;
#1662 = CARTESIAN_POINT ( 'NONE',  ( -4.500000000000000000, -7.159999999999999254, -0.005000000000000000104 ) ) ;
#1663 = CONICAL_SURFACE ( 'NONE', #3058, 7.250000000000000888, 0.7853981633974500554 ) ;
#1664 = EDGE_LOOP ( 'NONE', ( #7347, #6124, #7960, #955, #861, #7669, #4253, #6233 ) ) ;
#1665 = DIRECTION ( 'NONE',  ( -0.0000000000000000000, -0.0000000000000000000, -1.000000000000000000 ) ) ;
#1666 = ORIENTED_EDGE ( 'NONE', *, *, #8474, .T. ) ;
#1667 = VERTEX_POINT ( 'NONE', #6098 ) ;
#1668 = DIRECTION ( 'NONE',  ( 1.000000000000000000, 0.0000000000000000000, -0.0000000000000000000 ) ) ;
#1669 = ORIENTED_EDGE ( 'NONE', *, *, #6925, .T. ) ;
#1670 = B_SPLINE_CURVE_WITH_KNOTS ( 'NONE', 3,
 ( #5803, #1929, #404, #3066, #5167, #3789 ),
 .UNSPECIFIED., .F., .F.,
 ( 4, 2, 4 ),
 ( 5.421010862427522170E-19, 0.0002759767003079213418, 0.0005519534006158414909 ),
 .UNSPECIFIED. ) ;
#1671 = CIRCLE ( 'NONE', #3065, 1.250000000000002887 ) ;
#1672 = CARTESIAN_POINT ( 'NONE',  ( -3.254999999999999005, -7.250000000000000000, 1.990000000000000435 ) ) ;
#1673 = LINE ( 'NONE', #5044, #8293 ) ;
#1674 = DIRECTION ( 'NONE',  ( 1.000000000000000000, 0.0000000000000000000, 0.0000000000000000000 ) ) ;
#1675 = CIRCLE ( 'NONE', #146, 7.249999999999999112 ) ;
#1676 = ORIENTED_EDGE ( 'NONE', *, *, #1212, .F. ) ;
#1677 = SURFACE_SIDE_STYLE ('',( #3025 ) ) ;
#1678 = LINE ( 'NONE', #6334, #5998 ) ;
#1679 = AXIS2_PLACEMENT_3D ( 'NONE', #4636, #6600, #7159 ) ;
#1680 = CARTESIAN_POINT ( 'NONE',  ( 5.150000000000006573, -5.900000000000001243, 0.1392243887514869605 ) ) ;
#1681 =( NAMED_UNIT ( * ) PLANE_ANGLE_UNIT ( ) SI_UNIT ( $, .RADIAN. ) );
#1682 = DIRECTION ( 'NONE',  ( -0.7030231645968014753, -0.7111669494853501972, 0.0000000000000000000 ) ) ;
#1683 = ORIENTED_EDGE ( 'NONE', *, *, #2919, .F. ) ;
#1684 = CARTESIAN_POINT ( 'NONE',  ( 2.536198336770763451, 3.210225366088509169, 0.9700000000000000844 ) ) ;
#1685 = DIRECTION ( 'NONE',  ( 0.0000000000000000000, -1.000000000000000000, -0.0000000000000000000 ) ) ;
#1686 = EDGE_CURVE ( 'NONE', #7098, #1786, #1582, .T. ) ;
#1687 = EDGE_CURVE ( 'NONE', #3529, #532, #2840, .T. ) ;
#1688 = VERTEX_POINT ( 'NONE', #7577 ) ;
#1689 = CARTESIAN_POINT ( 'NONE',  ( 2.999999999999999556, -4.500000000000000000, -0.5000000000000000000 ) ) ;
#1690 = CARTESIAN_POINT ( 'NONE',  ( 2.014639774594660260, 6.732602028839439257, 3.972947799558596671 ) ) ;
#1691 = AXIS2_PLACEMENT_3D ( 'NONE', #3011, #5621, #8261 ) ;
#1692 = EDGE_CURVE ( 'NONE', #220, #3605, #879, .T. ) ;
#1693 = VECTOR ( 'NONE', #3019, 1000.000000000000000 ) ;
#1694 = FACE_OUTER_BOUND ( 'NONE', #8005, .T. ) ;
#1695 = FACE_OUTER_BOUND ( 'NONE', #2786, .T. ) ;
#1696 = ADVANCED_FACE ( 'NONE', ( #6841 ), #7535, .T. ) ;
#1697 = ADVANCED_FACE ( 'NONE', ( #8227 ), #2329, .T. ) ;
#1698 = ORIENTED_EDGE ( 'NONE', *, *, #3378, .F. ) ;
#1699 = ORIENTED_EDGE ( 'NONE', *, *, #2839, .T. ) ;
#1700 = CARTESIAN_POINT ( 'NONE',  ( -5.059999999999999609, -0.8000000000000030420, -1.694065894508600678E-18 ) ) ;
#1701 = ORIENTED_EDGE ( 'NONE', *, *, #5173, .T. ) ;
#1702 = AXIS2_PLACEMENT_3D ( 'NONE', #6158, #985, #3667 ) ;
#1703 = CARTESIAN_POINT ( 'NONE',  ( 6.967758820037681211, 2.003206685738419424, 3.749999999999999112 ) ) ;
#1704 = STYLED_ITEM ( 'NONE', ( #2928 ), #4549 ) ;
#1705 = CARTESIAN_POINT ( 'NONE',  ( -6.967758820037437850, -2.003206685739267190, 2.249999999999996003 ) ) ;
#1706 = DIRECTION ( 'NONE',  ( 0.0000000000000000000, 0.0000000000000000000, 1.000000000000000000 ) ) ;
#1707 = CARTESIAN_POINT ( 'NONE',  ( 2.610419606786133606, 3.007125779369130392, 0.0000000000000000000 ) ) ;
#1708 = VECTOR ( 'NONE', #147, 1000.000000000000000 ) ;
#1709 = ORIENTED_EDGE ( 'NONE', *, *, #356, .T. ) ;
#1710 = DIRECTION ( 'NONE',  ( -0.0000000000000000000, -0.0000000000000000000, 1.000000000000000000 ) ) ;
#1711 = ADVANCED_FACE ( 'NONE', ( #3780 ), #524, .T. ) ;
#1712 =( NAMED_UNIT ( * ) SI_UNIT ( $, .STERADIAN. ) SOLID_ANGLE_UNIT ( ) );
#1713 = ORIENTED_EDGE ( 'NONE', *, *, #1492, .T. ) ;
#1714 = ORIENTED_EDGE ( 'NONE', *, *, #248, .T. ) ;
#1715 = CARTESIAN_POINT ( 'NONE',  ( -2.674424632239815303, 3.070397864182844216, 1.431521299068695704E-14 ) ) ;
#1716 = VERTEX_POINT ( 'NONE', #5033 ) ;
#1717 = VECTOR ( 'NONE', #6657, 1000.000000000000000 ) ;
#1718 = VECTOR ( 'NONE', #4738, 1000.000000000000000 ) ;
#1719 = DIRECTION ( 'NONE',  ( 0.0000000000000000000, -1.000000000000000000, 0.0000000000000000000 ) ) ;
#1720 = VECTOR ( 'NONE', #1478, 1000.000000000000000 ) ;
#1721 = ORIENTED_EDGE ( 'NONE', *, *, #527, .T. ) ;
#1722 = ORIENTED_EDGE ( 'NONE', *, *, #8031, .F. ) ;
#1723 = LINE ( 'NONE', #1854, #4365 ) ;
#1724 = LINE ( 'NONE', #4366, #1888 ) ;
#1725 = DIRECTION ( 'NONE',  ( 0.0000000000000000000, 0.0000000000000000000, -1.000000000000000000 ) ) ;
#1726 = CARTESIAN_POINT ( 'NONE',  ( -3.249999999999999556, -7.250000000000000000, 1.989999999999999991 ) ) ;
#1727 = ORIENTED_EDGE ( 'NONE', *, *, #1604, .T. ) ;
#1728 = CARTESIAN_POINT ( 'NONE',  ( 1.749051531138512416, 7.035859488464931921, 2.249999999999997780 ) ) ;
#1729 = CARTESIAN_POINT ( 'NONE',  ( -3.182712096523577561, 6.514049716623484976, 3.749999999999994671 ) ) ;
#1730 = CARTESIAN_POINT ( 'NONE',  ( -5.159999999999998366, -0.8000000000000029310, -0.005000000000000000104 ) ) ;
#1731 = ORIENTED_EDGE ( 'NONE', *, *, #7972, .F. ) ;
#1732 = CYLINDRICAL_SURFACE ( 'NONE', #8184, 7.249999999999999112 ) ;
#1733 = CARTESIAN_POINT ( 'NONE',  ( 0.7628348534795985625, -7.209756097560911847, 2.249999999999996891 ) ) ;
#1734 = VECTOR ( 'NONE', #4560, 1000.000000000000000 ) ;
#1735 = FACE_OUTER_BOUND ( 'NONE', #3405, .T. ) ;
#1736 = CARTESIAN_POINT ( 'NONE',  ( -1.749051531138295479, 7.035859488464986988, 3.750000000000000000 ) ) ;
#1737 = DIRECTION ( 'NONE',  ( -0.0000000000000000000, -0.0000000000000000000, -1.000000000000000000 ) ) ;
#1738 = VECTOR ( 'NONE', #2653, 1000.000000000000114 ) ;
#1739 = DIRECTION ( 'NONE',  ( -2.602085213965210642E-15, 2.602085213965210642E-15, -1.000000000000000000 ) ) ;
#1740 = ORIENTED_EDGE ( 'NONE', *, *, #1687, .F. ) ;
#1741 = VERTEX_POINT ( 'NONE', #4480 ) ;
#1742 = VECTOR ( 'NONE', #6646, 1000.000000000000000 ) ;
#1743 = CARTESIAN_POINT ( 'NONE',  ( -3.036990180444823384, 2.575613833695106880, 0.0000000000000000000 ) ) ;
#1744 = ORIENTED_EDGE ( 'NONE', *, *, #7226, .T. ) ;
#1745 = DIRECTION ( 'NONE',  ( 0.0000000000000000000, -1.000000000000000000, -0.0000000000000000000 ) ) ;
#1746 = ADVANCED_FACE ( 'NONE', ( #3174 ), #5789, .F. ) ;
#1747 = LINE ( 'NONE', #1137, #4890 ) ;
#1748 = EDGE_CURVE ( 'NONE', #3773, #5673, #4827, .T. ) ;
#1749 = CARTESIAN_POINT ( 'NONE',  ( 5.060000000000005826, -5.898932796319721561, -0.01000000000000000021 ) ) ;
#1750 = VECTOR ( 'NONE', #6027, 1000.000000000000000 ) ;
#1751 = CARTESIAN_POINT ( 'NONE',  ( 0.0000000000000000000, 0.0000000000000000000, 2.000000000000000000 ) ) ;
#1752 = DIRECTION ( 'NONE',  ( -1.000000000000000000, 0.0000000000000000000, 0.0000000000000000000 ) ) ;
#1753 = ORIENTED_EDGE ( 'NONE', *, *, #8225, .F. ) ;
#1754 = CARTESIAN_POINT ( 'NONE',  ( 2.695380892067780199, 6.460257103759558639, 2.000000000000000000 ) ) ;
#1755 = CARTESIAN_POINT ( 'NONE',  ( -2.681536301734667838, 3.077428095828810939, 0.4299591213836871373 ) ) ;
#1756 = VERTEX_POINT ( 'NONE', #3095 ) ;
#1757 = ORIENTED_EDGE ( 'NONE', *, *, #2985, .F. ) ;
#1758 = SURFACE_SIDE_STYLE ('',( #7671 ) ) ;
#1759 = ORIENTED_EDGE ( 'NONE', *, *, #5385, .T. ) ;
#1760 = MECHANICAL_DESIGN_GEOMETRIC_PRESENTATION_REPRESENTATION (  '', ( #3413 ), #636 ) ;
#1761 = EDGE_CURVE ( 'NONE', #7758, #2607, #812, .T. ) ;
#1762 = CARTESIAN_POINT ( 'NONE',  ( -5.060000000000007603, -5.898932796319720673, -0.01000000000000000021 ) ) ;
#1763 = CARTESIAN_POINT ( 'NONE',  ( -3.108106875393358948, 2.645916150154784319, 0.4299591213836871373 ) ) ;
#1764 = VERTEX_POINT ( 'NONE', #3733 ) ;
#1765 = ORIENTED_EDGE ( 'NONE', *, *, #6667, .F. ) ;
#1766 =( LENGTH_UNIT ( ) NAMED_UNIT ( * ) SI_UNIT ( .MILLI., .METRE. ) );
#1767 = ADVANCED_FACE ( 'NONE', ( #1878 ), #392, .T. ) ;
#1768 = LINE ( 'NONE', #4410, #1887 ) ;
#1769 = EDGE_CURVE ( 'NONE', #3018, #3529, #5718, .T. ) ;
#1770 = DIRECTION ( 'NONE',  ( -0.0000000000000000000, -0.0000000000000000000, -1.000000000000000000 ) ) ;
#1771 = CARTESIAN_POINT ( 'NONE',  ( 0.0000000000000000000, 0.0000000000000000000, -0.005000000000000000104 ) ) ;
#1772 = CARTESIAN_POINT ( 'NONE',  ( 1.974999999999994538, -7.160000000000000142, 0.5000000000000000000 ) ) ;
#1773 = ORIENTED_EDGE ( 'NONE', *, *, #8087, .F. ) ;
#1774 = CARTESIAN_POINT ( 'NONE',  ( 3.100995205898505969, 2.638885918508802497, 0.4299591213836871373 ) ) ;
#1775 = LINE ( 'NONE', #331, #5267 ) ;
#1776 = CARTESIAN_POINT ( 'NONE',  ( 6.942437212868437513, 0.8958602264748285471, 4.000000000000000000 ) ) ;
#1777 = VECTOR ( 'NONE', #332, 1000.000000000000114 ) ;
#1778 = DIRECTION ( 'NONE',  ( 1.000000000000000000, 0.0000000000000000000, 0.0000000000000000000 ) ) ;
#1779 = PLANE ( 'NONE',  #7806 ) ;
#1780 = CARTESIAN_POINT ( 'NONE',  ( 2.536198336770758122, 3.210225366088504284, 1.969999999999999973 ) ) ;
#1781 = CARTESIAN_POINT ( 'NONE',  ( -8.075423574699824414, 1.423915056868491069, 4.000000000000000000 ) ) ;
#1782 = STYLED_ITEM ( 'NONE', ( #4040 ), #1482 ) ;
#1783 = VECTOR ( 'NONE', #2782, 1000.000000000000000 ) ;
#1784 = PLANE ( 'NONE',  #285 ) ;
#1785 = VERTEX_POINT ( 'NONE', #7789 ) ;
#1786 = VERTEX_POINT ( 'NONE', #5072 ) ;
#1787 = CARTESIAN_POINT ( 'NONE',  ( -2.999999999999999556, -4.500000000000000000, -0.5000000000000000000 ) ) ;
#1788 = CARTESIAN_POINT ( 'NONE',  ( 0.0000000000000000000, 0.0000000000000000000, 1.989999999999999991 ) ) ;
#1789 = DIRECTION ( 'NONE',  ( 0.7111669494853619655, -0.7030231645967894849, 0.0000000000000000000 ) ) ;
#1790 = CIRCLE ( 'NONE', #4419, 6.999999999999999112 ) ;
#1791 = DIRECTION ( 'NONE',  ( 0.0000000000000000000, 0.0000000000000000000, -1.000000000000000000 ) ) ;
#1792 = DIRECTION ( 'NONE',  ( 1.000000000000000000, 0.0000000000000000000, 0.0000000000000000000 ) ) ;
#1793 = LINE ( 'NONE', #3139, #6501 ) ;
#1794 = CARTESIAN_POINT ( 'NONE',  ( 3.108106875393358948, 2.645916150154784319, 0.4299591213836871373 ) ) ;
#1795 = EDGE_CURVE ( 'NONE', #1078, #4162, #7704, .T. ) ;
#1796 = ORIENTED_EDGE ( 'NONE', *, *, #5136, .T. ) ;
#1797 = DIRECTION ( 'NONE',  ( -0.0000000000000000000, -0.0000000000000000000, -1.000000000000000000 ) ) ;
#1798 = ORIENTED_EDGE ( 'NONE', *, *, #677, .F. ) ;
#1799 = VERTEX_POINT ( 'NONE', #6475 ) ;
#1800 = VECTOR ( 'NONE', #4728, 1000.000000000000000 ) ;
#1801 = DIRECTION ( 'NONE',  ( 0.7030231645967897069, 0.7111669494853619655, 1.642855579391808388E-17 ) ) ;
#1802 = VECTOR ( 'NONE', #162, 1000.000000000000000 ) ;
#1803 = VERTEX_POINT ( 'NONE', #7090 ) ;
#1804 = EDGE_CURVE ( 'NONE', #479, #5028, #6963, .T. ) ;
#1805 = VECTOR ( 'NONE', #1283, 1000.000000000000000 ) ;
#1806 = DIRECTION ( 'NONE',  ( 0.7111669494853618545, -0.7030231645967895959, 0.0000000000000000000 ) ) ;
#1807 = EDGE_CURVE ( 'NONE', #532, #5366, #4558, .T. ) ;
#1808 = LINE ( 'NONE', #1763, #7020 ) ;
#1809 = ORIENTED_EDGE ( 'NONE', *, *, #5556, .T. ) ;
#1810 = ORIENTED_EDGE ( 'NONE', *, *, #4704, .T. ) ;
#1811 = EDGE_CURVE ( 'NONE', #7610, #5028, #4347, .T. ) ;
#1812 = CARTESIAN_POINT ( 'NONE',  ( 4.049976487849248130, 6.013334386833004253, 3.749999999999994671 ) ) ;
#1813 = CARTESIAN_POINT ( 'NONE',  ( -2.543310006265614209, 3.217255597734475003, 1.969999999999999973 ) ) ;
#1814 = AXIS2_PLACEMENT_3D ( 'NONE', #1880, #8396, #5672 ) ;
#1815 = CARTESIAN_POINT ( 'NONE',  ( 0.0000000000000000000, 0.0000000000000000000, -0.005000000000000000104 ) ) ;
#1816 = CARTESIAN_POINT ( 'NONE',  ( 5.160000000000005471, -5.898932796319721561, 3.491481338843134095E-17 ) ) ;
#1817 = VERTEX_POINT ( 'NONE', #1055 ) ;
#1818 = CARTESIAN_POINT ( 'NONE',  ( 6.932291367133097459, -1.935389293663794863, 2.197175046756778105 ) ) ;
#1819 = DIRECTION ( 'NONE',  ( -0.0000000000000000000, -0.0000000000000000000, -1.000000000000000000 ) ) ;
#1820 = LINE ( 'NONE', #5776, #8262 ) ;
#1821 = ORIENTED_EDGE ( 'NONE', *, *, #4389, .F. ) ;
#1822 = AXIS2_PLACEMENT_3D ( 'NONE', #1284, #5257, #4708 ) ;
#1823 =( LENGTH_UNIT ( ) NAMED_UNIT ( * ) SI_UNIT ( .MILLI., .METRE. ) );
#1824 = LINE ( 'NONE', #1175, #8411 ) ;
#1825 = DIRECTION ( 'NONE',  ( -0.0000000000000000000, -0.0000000000000000000, -1.000000000000000000 ) ) ;
#1826 = MECHANICAL_DESIGN_GEOMETRIC_PRESENTATION_REPRESENTATION (  '', ( #4031 ), #7316 ) ;
#1827 = CARTESIAN_POINT ( 'NONE',  ( 2.543310006265614209, 3.217255597734475003, 1.969999999999999973 ) ) ;
#1828 = EDGE_CURVE ( 'NONE', #1667, #2805, #441, .T. ) ;
#1829 = ORIENTED_EDGE ( 'NONE', *, *, #1804, .F. ) ;
#1830 = DIRECTION ( 'NONE',  ( 1.000000000000000000, 0.0000000000000000000, 0.0000000000000000000 ) ) ;
#1831 = CARTESIAN_POINT ( 'NONE',  ( 2.133096795500285747, 3.617996415286572010, 0.4299591213836870818 ) ) ;
#1832 = PLANE ( 'NONE',  #1020 ) ;
#1833 = VECTOR ( 'NONE', #2957, 1000.000000000000000 ) ;
#1834 = DIRECTION ( 'NONE',  ( -0.0000000000000000000, -0.0000000000000000000, 1.000000000000000000 ) ) ;
#1835 = CARTESIAN_POINT ( 'NONE',  ( -2.999999999999999556, -4.500000000000000000, -0.5000000000000000000 ) ) ;
#1836 = DIRECTION ( 'NONE',  ( -1.000000000000000000, 0.0000000000000000000, 0.0000000000000000000 ) ) ;
#1837 = DIRECTION ( 'NONE',  ( 1.000000000000000000, 0.0000000000000000000, 0.0000000000000000000 ) ) ;
#1838 = ORIENTED_EDGE ( 'NONE', *, *, #255, .F. ) ;
#1839 = AXIS2_PLACEMENT_3D ( 'NONE', #2603, #5980, #1412 ) ;
#1840 = DIRECTION ( 'NONE',  ( 0.0000000000000000000, 0.0000000000000000000, -1.000000000000000000 ) ) ;
#1841 = ORIENTED_EDGE ( 'NONE', *, *, #6649, .T. ) ;
#1842 = ORIENTED_EDGE ( 'NONE', *, *, #4039, .F. ) ;
#1843 = CARTESIAN_POINT ( 'NONE',  ( 0.0000000000000000000, 0.0000000000000000000, 4.000000000000000000 ) ) ;
#1844 = ORIENTED_EDGE ( 'NONE', *, *, #307, .F. ) ;
#1845 = MECHANICAL_DESIGN_GEOMETRIC_PRESENTATION_REPRESENTATION (  '', ( #4482 ), #6658 ) ;
#1846 = COLOUR_RGB ( '',0.2980392156862745057, 0.2980392156862745057, 0.2980392156862745057 ) ;
#1847 = LINE ( 'NONE', #6442, #5635 ) ;
#1848 = CARTESIAN_POINT ( 'NONE',  ( 5.150000000000000355, -1.163414459190184377E-16, 1.989999999999999991 ) ) ;
#1849 = DIRECTION ( 'NONE',  ( -0.0000000000000000000, -0.0000000000000000000, -1.000000000000000000 ) ) ;
#1850 = ORIENTED_EDGE ( 'NONE', *, *, #2179, .T. ) ;
#1851 = ORIENTED_EDGE ( 'NONE', *, *, #173, .T. ) ;
#1852 = STYLED_ITEM ( 'NONE', ( #5457 ), #6374 ) ;
#1853 = LINE ( 'NONE', #6451, #3781 ) ;
#1854 = CARTESIAN_POINT ( 'NONE',  ( -3.182712096523577561, 6.514049716623484976, 4.000000000000000000 ) ) ;
#1855 = ADVANCED_FACE ( 'NONE', ( #3213 ), #4391, .T. ) ;
#1856 = DIRECTION ( 'NONE',  ( -0.7111669494853618545, 0.7030231645967895959, 3.545124961925875515E-15 ) ) ;
#1857 = EDGE_CURVE ( 'NONE', #5366, #3553, #1438, .T. ) ;
#1858 = EDGE_CURVE ( 'NONE', #7815, #1487, #1347, .T. ) ;
#1859 = CIRCLE ( 'NONE', #2704, 1.250000000000000222 ) ;
#1860 = PLANE ( 'NONE',  #3367 ) ;
#1861 = CARTESIAN_POINT ( 'NONE',  ( 0.3232914739359215583, -6.992530487804857309, 4.000000000000000000 ) ) ;
#1862 = ORIENTED_EDGE ( 'NONE', *, *, #6493, .T. ) ;
#1863 = ORIENTED_EDGE ( 'NONE', *, *, #5547, .F. ) ;
#1864 = CARTESIAN_POINT ( 'NONE',  ( 3.250000000000002220, -7.249999999999999112, 1.970000000000000417 ) ) ;
#1865 = UNCERTAINTY_MEASURE_WITH_UNIT (LENGTH_MEASURE( 1.000000000000000082E-05 ), #3186, 'distance_accuracy_value', 'NONE');
#1866 = CARTESIAN_POINT ( 'NONE',  ( -5.150000000000000355, -0.8000000000000029310, 0.0000000000000000000 ) ) ;
#1867 = DIRECTION ( 'NONE',  ( -8.453818109048741548E-17, 1.000000000000000000, 0.0000000000000000000 ) ) ;
#1868 = ADVANCED_FACE ( 'NONE', ( #5916 ), #4032, .T. ) ;
#1869 = DIRECTION ( 'NONE',  ( -3.486881358747351719E-15, -1.405447260629361553E-16, 1.000000000000000000 ) ) ;
#1870 = DIRECTION ( 'NONE',  ( -0.7030231645967917053, -0.7111669494853598561, -0.0000000000000000000 ) ) ;
#1871 = FACE_OUTER_BOUND ( 'NONE', #5552, .T. ) ;
#1872 = EDGE_LOOP ( 'NONE', ( #5340, #2058, #2233, #1191 ) ) ;
#1873 = CARTESIAN_POINT ( 'NONE',  ( -3.239221501367548051, 2.499058416603141985, 1.969999999999999973 ) ) ;
#1874 = AXIS2_PLACEMENT_3D ( 'NONE', #3171, #2499, #1095 ) ;
#1875 = FILL_AREA_STYLE_COLOUR ( '', #6811 ) ;
#1876 = DIRECTION ( 'NONE',  ( -0.7030231645967893739, 0.7111669494853621876, 4.040317977819572303E-16 ) ) ;
#1877 = EDGE_CURVE ( 'NONE', #1135, #8140, #7999, .T. ) ;
#1878 = FACE_OUTER_BOUND ( 'NONE', #3003, .T. ) ;
#1879 = CARTESIAN_POINT ( 'NONE',  ( 5.160000000000005471, -5.898932796319721561, -0.01000000000000000021 ) ) ;
#1880 = CARTESIAN_POINT ( 'NONE',  ( -5.150000000000000355, -1.163414459190184377E-16, 1.989999999999999991 ) ) ;
#1881 = VECTOR ( 'NONE', #6426, 1000.000000000000000 ) ;
#1882 = EDGE_LOOP ( 'NONE', ( #8015, #5462, #7720, #927, #4012 ) ) ;
#1883 = VERTEX_POINT ( 'NONE', #3349 ) ;
#1884 = ORIENTED_EDGE ( 'NONE', *, *, #201, .F. ) ;
#1885 = DIRECTION ( 'NONE',  ( -0.0000000000000000000, -0.0000000000000000000, -1.000000000000000000 ) ) ;
#1886 = ORIENTED_EDGE ( 'NONE', *, *, #4751, .T. ) ;
#1887 = VECTOR ( 'NONE', #626, 1000.000000000000000 ) ;
#1888 = VECTOR ( 'NONE', #3074, 1000.000000000000114 ) ;
#1889 = DIRECTION ( 'NONE',  ( -1.196361017915039486E-16, 1.000000000000000000, 0.0000000000000000000 ) ) ;
#1890 = CARTESIAN_POINT ( 'NONE',  ( 5.060000000000005826, -5.898932796319721561, -0.01000000000000000021 ) ) ;
#1891 = DIRECTION ( 'NONE',  ( -1.000000000000000000, 0.0000000000000000000, 0.0000000000000000000 ) ) ;
#1892 = ORIENTED_EDGE ( 'NONE', *, *, #2858, .T. ) ;
#1893 = EDGE_LOOP ( 'NONE', ( #6059, #3207, #1731, #7629 ) ) ;
#1894 = AXIS2_PLACEMENT_3D ( 'NONE', #8041, #3428, #8565 ) ;
#1895 = ORIENTED_EDGE ( 'NONE', *, *, #7443, .T. ) ;
#1896 = CARTESIAN_POINT ( 'NONE',  ( 6.932291367132940252, 1.935389293664367738, 3.802824953243223671 ) ) ;
#1897 = CARTESIAN_POINT ( 'NONE',  ( -5.852280919222046407, -4.189654324567491095, 3.802824953243152617 ) ) ;
#1898 = CARTESIAN_POINT ( 'NONE',  ( 1.974999999999994982, -7.250000000000000000, 1.989999999999999991 ) ) ;
#1899 = LINE ( 'NONE', #4540, #715 ) ;
#1900 = DIRECTION ( 'NONE',  ( -0.0000000000000000000, 1.000000000000000000, -0.0000000000000000000 ) ) ;
#1901 = DIRECTION ( 'NONE',  ( 1.000000000000000000, 0.0000000000000000000, 0.0000000000000000000 ) ) ;
#1902 = ADVANCED_FACE ( 'NONE', ( #3896 ), #403, .T. ) ;
#1903 = ORIENTED_EDGE ( 'NONE', *, *, #3839, .F. ) ;
#1904 = LINE ( 'NONE', #4545, #6383 ) ;
#1905 = EDGE_CURVE ( 'NONE', #385, #275, #3730, .T. ) ;
#1906 = EDGE_CURVE ( 'NONE', #2125, #1616, #1258, .T. ) ;
#1907 = ADVANCED_FACE ( 'NONE', ( #6647 ), #778, .F. ) ;
#1908 = B_SPLINE_CURVE_WITH_KNOTS ( 'NONE', 3,
 ( #6881, #6314, #442, #5719 ),
 .UNSPECIFIED., .F., .F.,
 ( 4, 4 ),
 ( 9.697399036122160616E-19, 0.0001957817699439133553 ),
 .UNSPECIFIED. ) ;
#1909 = DIRECTION ( 'NONE',  ( -1.000000000000000000, 0.0000000000000000000, 0.0000000000000000000 ) ) ;
#1910 = FILL_AREA_STYLE ('',( #7694 ) ) ;
#1911 = DIRECTION ( 'NONE',  ( -1.000000000000000000, -0.0000000000000000000, 3.486881358747351719E-15 ) ) ;
#1912 = LINE ( 'NONE', #4427, #4543 ) ;
#1913 = ADVANCED_FACE ( 'NONE', ( #607 ), #7920, .F. ) ;
#1914 = DIRECTION ( 'NONE',  ( -0.0000000000000000000, 0.0000000000000000000, 1.000000000000000000 ) ) ;
#1915 = ORIENTED_EDGE ( 'NONE', *, *, #2872, .T. ) ;
#1916 = CIRCLE ( 'NONE', #5087, 1.249999999999999334 ) ;
#1917 = ADVANCED_FACE ( 'NONE', ( #8084 ), #337, .F. ) ;
#1918 = DIRECTION ( 'NONE',  ( -0.7030231645967892629, -0.7111669494853621876, 3.745981415889632288E-16 ) ) ;
#1919 = LINE ( 'NONE', #6515, #8509 ) ;
#1920 = PRESENTATION_LAYER_ASSIGNMENT (  '', '', ( #7001 ) ) ;
#1921 = CARTESIAN_POINT ( 'NONE',  ( 5.851408311032473719, 3.995730147873248761, 2.085022692961736368 ) ) ;
#1922 = CARTESIAN_POINT ( 'NONE',  ( 2.681536301734667838, 3.077428095828810939, 0.4299591213836871373 ) ) ;
#1923 = ORIENTED_EDGE ( 'NONE', *, *, #3849, .F. ) ;
#1924 = CARTESIAN_POINT ( 'NONE',  ( -4.144300040442676192, 5.711087971298352883, 3.945737749220956658 ) ) ;
#1925 = ORIENTED_EDGE ( 'NONE', *, *, #5437, .F. ) ;
#1926 = VERTEX_POINT ( 'NONE', #257 ) ;
#1927 = ORIENTED_EDGE ( 'NONE', *, *, #1456, .F. ) ;
#1928 = VECTOR ( 'NONE', #2554, 1000.000000000000000 ) ;
#1929 = CARTESIAN_POINT ( 'NONE',  ( 0.7022066185394905125, -7.163051108412982870, 3.802824953243187700 ) ) ;
#1930 = CARTESIAN_POINT ( 'NONE',  ( -1.678541033159453244, 3.850000000000000089, 2.000000000000000000 ) ) ;
#1931 = VECTOR ( 'NONE', #6922, 1000.000000000000000 ) ;
#1932 = VERTEX_POINT ( 'NONE', #7479 ) ;
#1933 = ORIENTED_EDGE ( 'NONE', *, *, #6806, .F. ) ;
#1934 = ORIENTED_EDGE ( 'NONE', *, *, #7492, .F. ) ;
#1935 = ORIENTED_EDGE ( 'NONE', *, *, #1193, .T. ) ;
#1936 = EDGE_CURVE ( 'NONE', #6849, #8366, #2093, .T. ) ;
#1937 = AXIS2_PLACEMENT_3D ( 'NONE', #1960, #5874, #2099 ) ;
#1938 = DIRECTION ( 'NONE',  ( 1.000000000000000000, 0.0000000000000000000, 0.0000000000000000000 ) ) ;
#1939 = CARTESIAN_POINT ( 'NONE',  ( 4.823284503248419064, -5.111030238693093253, 3.972947799558617543 ) ) ;
#1940 = DIRECTION ( 'NONE',  ( 0.0000000000000000000, 0.0000000000000000000, 1.000000000000000000 ) ) ;
#1941 = DIRECTION ( 'NONE',  ( -0.0000000000000000000, 1.000000000000000000, -0.0000000000000000000 ) ) ;
#1942 = AXIS2_PLACEMENT_3D ( 'NONE', #7771, #4283, #3627 ) ;
#1943 = APPLICATION_CONTEXT ( 'automotive_design' ) ;
#1944 = ORIENTED_EDGE ( 'NONE', *, *, #5746, .F. ) ;
#1945 = VERTEX_POINT ( 'NONE', #5535 ) ;
#1946 = DIRECTION ( 'NONE',  ( -0.0000000000000000000, -0.0000000000000000000, -1.000000000000000000 ) ) ;
#1947 = EDGE_CURVE ( 'NONE', #6884, #1487, #1481, .T. ) ;
#1948 = AXIS2_PLACEMENT_3D ( 'NONE', #487, #4392, #443 ) ;
#1949 = LINE ( 'NONE', #4587, #8226 ) ;
#1950 = DIRECTION ( 'NONE',  ( -0.7071067811865474617, 0.0000000000000000000, -0.7071067811865474617 ) ) ;
#1951 = ADVANCED_FACE ( 'NONE', ( #4850 ), #6734, .T. ) ;
#1952 = DIRECTION ( 'NONE',  ( -0.0000000000000000000, -0.0000000000000000000, -1.000000000000000000 ) ) ;
#1953 = CARTESIAN_POINT ( 'NONE',  ( -5.159999999999998366, -0.8000000000000029310, -0.005000000000000000104 ) ) ;
#1954 = ORIENTED_EDGE ( 'NONE', *, *, #2014, .F. ) ;
#1955 = VECTOR ( 'NONE', #3290, 1000.000000000000000 ) ;
#1956 = FILL_AREA_STYLE ('',( #7871 ) ) ;
#1957 = CARTESIAN_POINT ( 'NONE',  ( 0.0000000000000000000, 0.0000000000000000000, 4.000000000000000000 ) ) ;
#1958 = CARTESIAN_POINT ( 'NONE',  ( -3.499999999999999556, -7.250000000000000000, 0.0000000000000000000 ) ) ;
#1959 = CIRCLE ( 'NONE', #843, 0.03000000000000007869 ) ;
#1960 = CARTESIAN_POINT ( 'NONE',  ( 0.0000000000000000000, 0.0000000000000000000, 4.000000000000000000 ) ) ;
#1961 = EDGE_CURVE ( 'NONE', #6764, #4744, #103, .T. ) ;
#1962 = DIRECTION ( 'NONE',  ( 1.000000000000000000, -0.0000000000000000000, -0.0000000000000000000 ) ) ;
#1963 = EDGE_CURVE ( 'NONE', #2913, #5740, #1651, .T. ) ;
#1964 = EDGE_CURVE ( 'NONE', #6821, #1043, #8555, .T. ) ;
#1965 = CARTESIAN_POINT ( 'NONE',  ( -6.830159262260174557, 1.532620126502830527, 2.000000000000000000 ) ) ;
#1966 = VERTEX_POINT ( 'NONE', #1613 ) ;
#1967 = CARTESIAN_POINT ( 'NONE',  ( 1.678541033159452800, 3.850000000000000533, 0.0000000000000000000 ) ) ;
#1968 = ORIENTED_EDGE ( 'NONE', *, *, #6904, .F. ) ;
#1969 = ORIENTED_EDGE ( 'NONE', *, *, #7972, .T. ) ;
#1970 = PRESENTATION_STYLE_ASSIGNMENT (( #4398 ) ) ;
#1971 = ORIENTED_EDGE ( 'NONE', *, *, #7576, .F. ) ;
#1972 = VECTOR ( 'NONE', #2044, 1000.000000000000000 ) ;
#1973 = DIRECTION ( 'NONE',  ( 1.000000000000000000, -0.0000000000000000000, -0.0000000000000000000 ) ) ;
#1974 = ADVANCED_FACE ( 'NONE', ( #4249 ), #214, .F. ) ;
#1975 = CARTESIAN_POINT ( 'NONE',  ( -3.036990180444823384, 2.575613833695106880, -0.01000000000000000021 ) ) ;
#1976 = DIRECTION ( 'NONE',  ( -0.7030231645968014753, 0.7111669494853501972, 0.0000000000000000000 ) ) ;
#1977 = EDGE_CURVE ( 'NONE', #2805, #83, #2876, .T. ) ;
#1978 = AXIS2_PLACEMENT_3D ( 'NONE', #5804, #5168, #1976 ) ;
#1979 = VECTOR ( 'NONE', #2804, 1000.000000000000114 ) ;
#1980 = ORIENTED_EDGE ( 'NONE', *, *, #8075, .F. ) ;
#1981 = LINE ( 'NONE', #2025, #6628 ) ;
#1982 = ORIENTED_EDGE ( 'NONE', *, *, #1321, .F. ) ;
#1983 = VERTEX_POINT ( 'NONE', #6215 ) ;
#1984 = EDGE_LOOP ( 'NONE', ( #410, #7141, #8142, #1714 ) ) ;
#1985 = CARTESIAN_POINT ( 'NONE',  ( 6.855013990761047005, 1.706377384305814093, 3.936143960793135665 ) ) ;
#1986 = AXIS2_PLACEMENT_3D ( 'NONE', #7467, #1557, #4197 ) ;
#1987 = CARTESIAN_POINT ( 'NONE',  ( -3.624543868900894861, 2.073711788290161895, 1.989999999999999991 ) ) ;
#1988 = DIRECTION ( 'NONE',  ( 2.602085213965210642E-15, -2.168404344971008868E-15, 1.000000000000000000 ) ) ;
#1989 = LINE ( 'NONE', #4625, #6106 ) ;
#1990 = LINE ( 'NONE', #5981, #6065 ) ;
#1991 = CARTESIAN_POINT ( 'NONE',  ( 5.150000000000000355, -4.724710424241401974, 1.988239158481577507 ) ) ;
#1992 = AXIS2_PLACEMENT_3D ( 'NONE', #2731, #5255, #589 ) ;
#1993 = FACE_OUTER_BOUND ( 'NONE', #4578, .T. ) ;
#1994 = VECTOR ( 'NONE', #5714, 1000.000000000000114 ) ;
#1995 = ORIENTED_EDGE ( 'NONE', *, *, #60, .F. ) ;
#1996 = VERTEX_POINT ( 'NONE', #5489 ) ;
#1997 = AXIS2_PLACEMENT_3D ( 'NONE', #3777, #7660, #5112 ) ;
#1998 = CARTESIAN_POINT ( 'NONE',  ( 0.0000000000000000000, 8.199999999999999289, 4.000000000000000000 ) ) ;
#1999 = AXIS2_PLACEMENT_3D ( 'NONE', #5752, #1180, #3814 ) ;
#2000 = LINE ( 'NONE', #8030, #4227 ) ;
#2001 = DIRECTION ( 'NONE',  ( -0.0000000000000000000, -0.0000000000000000000, -1.000000000000000000 ) ) ;
#2002 = CARTESIAN_POINT ( 'NONE',  ( 1.974999999999994538, -7.160000000000000142, -0.005000000000000000104 ) ) ;
#2003 =( GEOMETRIC_REPRESENTATION_CONTEXT ( 3 ) GLOBAL_UNCERTAINTY_ASSIGNED_CONTEXT ( ( #1422 ) ) GLOBAL_UNIT_ASSIGNED_CONTEXT ( ( #6343, #7693, #7738 ) ) REPRESENTATION_CONTEXT ( 'NONE', 'WORKASPACE' ) );
#2004 = ORIENTED_EDGE ( 'NONE', *, *, #1795, .T. ) ;
#2005 = LINE ( 'NONE', #6603, #1383 ) ;
#2006 = CARTESIAN_POINT ( 'NONE',  ( 0.0000000000000000000, 0.0000000000000000000, 2.000000000000000000 ) ) ;
#2007 = DIRECTION ( 'NONE',  ( -0.0000000000000000000, -0.0000000000000000000, -1.000000000000000000 ) ) ;
#2008 = DIRECTION ( 'NONE',  ( 1.000000000000000000, 0.0000000000000000000, -0.0000000000000000000 ) ) ;
#2009 = CARTESIAN_POINT ( 'NONE',  ( 5.149999999999999467, -3.963704366711341187, 0.1392243887514867939 ) ) ;
#2010 = ORIENTED_EDGE ( 'NONE', *, *, #2127, .F. ) ;
#2011 = CARTESIAN_POINT ( 'NONE',  ( -2.804565175270468558, 7.705479490444330004, 4.000000000000000000 ) ) ;
#2012 = ORIENTED_EDGE ( 'NONE', *, *, #5173, .F. ) ;
#2013 = ORIENTED_EDGE ( 'NONE', *, *, #944, .F. ) ;
#2014 = EDGE_CURVE ( 'NONE', #3250, #5652, #3638, .T. ) ;
#2015 = PLANE ( 'NONE',  #449 ) ;
#2016 = ORIENTED_EDGE ( 'NONE', *, *, #2427, .F. ) ;
#2017 = EDGE_CURVE ( 'NONE', #5329, #6602, #4934, .T. ) ;
#2018 = EDGE_CURVE ( 'NONE', #1015, #6652, #2497, .T. ) ;
#2019 = EDGE_CURVE ( 'NONE', #6450, #83, #515, .T. ) ;
#2020 = CARTESIAN_POINT ( 'NONE',  ( 5.150000000000006573, -3.963704366711341187, 0.1392243887514867662 ) ) ;
#2021 = AXIS2_PLACEMENT_3D ( 'NONE', #5612, #995, #6127 ) ;
#2022 = DIRECTION ( 'NONE',  ( 1.000000000000000000, 0.0000000000000000000, 0.0000000000000000000 ) ) ;
#2023 = DIRECTION ( 'NONE',  ( 0.0000000000000000000, 1.635334992228036632E-15, -1.000000000000000000 ) ) ;
#2024 = ORIENTED_EDGE ( 'NONE', *, *, #7335, .F. ) ;
#2025 = CARTESIAN_POINT ( 'NONE',  ( 2.224999999999999645, -4.500000000000000000, -0.5000000000000000000 ) ) ;
#2026 = ORIENTED_EDGE ( 'NONE', *, *, #6694, .T. ) ;
#2027 = ORIENTED_EDGE ( 'NONE', *, *, #4024, .F. ) ;
#2028 = CARTESIAN_POINT ( 'NONE',  ( -6.837924277842638787, -1.621571790147745107, 3.972947799558522064 ) ) ;
#2029 = VERTEX_POINT ( 'NONE', #6464 ) ;
#2030 = AXIS2_PLACEMENT_3D ( 'NONE', #1556, #2905, #7513 ) ;
#2031 = SURFACE_SIDE_STYLE ('',( #8061 ) ) ;
#2032 = DIRECTION ( 'NONE',  ( -0.0000000000000000000, -0.0000000000000000000, -1.000000000000000000 ) ) ;
#2033 = CARTESIAN_POINT ( 'NONE',  ( -2.610419606786132718, 3.007125779369130836, -0.01000000000000000021 ) ) ;
#2034 = DIRECTION ( 'NONE',  ( -0.0000000000000000000, -0.0000000000000000000, 1.000000000000000000 ) ) ;
#2035 = CARTESIAN_POINT ( 'NONE',  ( 2.681536301734668726, 3.077428095828809163, -0.01000000000000000021 ) ) ;
#2036 = CARTESIAN_POINT ( 'NONE',  ( 6.625249362317113366, -2.944243686775382063, 2.250000000000002665 ) ) ;
#2037 = CARTESIAN_POINT ( 'NONE',  ( 5.894063302208976118, 3.776243873156688746, 4.000000000000000000 ) ) ;
#2038 = EDGE_LOOP ( 'NONE', ( #2504, #803, #7134, #2986, #8172, #8322 ) ) ;
#2039 = UNCERTAINTY_MEASURE_WITH_UNIT (LENGTH_MEASURE( 1.000000000000000082E-05 ), #2728, 'distance_accuracy_value', 'NONE');
#2040 = FACE_OUTER_BOUND ( 'NONE', #3928, .T. ) ;
#2041 = CARTESIAN_POINT ( 'NONE',  ( 0.7546131235688381400, 0.7633545239406808181, 2.000000000000000000 ) ) ;
#2042 = DIRECTION ( 'NONE',  ( 1.000000000000000000, 2.042810365310288034E-14, 0.0000000000000000000 ) ) ;
#2043 = CARTESIAN_POINT ( 'NONE',  ( -8.075423574699705398, -1.423915056869163198, 4.000000000000000000 ) ) ;
#2044 = DIRECTION ( 'NONE',  ( 1.196361017915039486E-16, 1.000000000000000000, -0.0000000000000000000 ) ) ;
#2045 = ORIENTED_EDGE ( 'NONE', *, *, #7724, .T. ) ;
#2046 = ADVANCED_FACE ( 'NONE', ( #6392 ), #3161, .T. ) ;
#2047 = PLANE ( 'NONE',  #3338 ) ;
#2049 = B_SPLINE_CURVE_WITH_KNOTS ( 'NONE', 3,
 ( #2159, #2198, #271, #1625 ),
 .UNSPECIFIED., .F., .F.,
 ( 4, 4 ),
 ( 0.0000000000000000000, 0.0005511928767353696784 ),
 .UNSPECIFIED. ) ;
#2048 = PLANE ( 'NONE',  #5717 ) ;
#2050 = DIRECTION ( 'NONE',  ( -1.000000000000000000, 0.0000000000000000000, 0.0000000000000000000 ) ) ;
#2051 =( NAMED_UNIT ( * ) PLANE_ANGLE_UNIT ( ) SI_UNIT ( $, .RADIAN. ) );
#2052 = DIRECTION ( 'NONE',  ( 0.0000000000000000000, 0.0000000000000000000, 1.000000000000000000 ) ) ;
#2053 = ORIENTED_EDGE ( 'NONE', *, *, #7808, .F. ) ;
#2054 = DIRECTION ( 'NONE',  ( 1.000000000000000000, 0.0000000000000000000, 0.0000000000000000000 ) ) ;
#2055 = ORIENTED_EDGE ( 'NONE', *, *, #8443, .T. ) ;
#2056 = VERTEX_POINT ( 'NONE', #8380 ) ;
#2057 = DIRECTION ( 'NONE',  ( 0.0000000000000000000, -0.0000000000000000000, -1.000000000000000000 ) ) ;
#2058 = ORIENTED_EDGE ( 'NONE', *, *, #5633, .T. ) ;
#2059 = CARTESIAN_POINT ( 'NONE',  ( 5.160000000000006359, -6.173222852441613480E-16, 1.799235381093731653E-14 ) ) ;
#2060 = AXIS2_PLACEMENT_3D ( 'NONE', #7333, #4108, #5354 ) ;
#2061 = EDGE_CURVE ( 'NONE', #7795, #4584, #5860, .T. ) ;
#2062 = CARTESIAN_POINT ( 'NONE',  ( -5.149999999999999467, -7.250000000000000000, 0.0000000000000000000 ) ) ;
#2063 = ORIENTED_EDGE ( 'NONE', *, *, #3547, .T. ) ;
#2064 = EDGE_CURVE ( 'NONE', #8570, #7679, #3806, .T. ) ;
#2065 = ADVANCED_FACE ( 'NONE', ( #6949 ), #8424, .F. ) ;
#2066 = PLANE ( 'NONE',  #4546 ) ;
#2067 = ORIENTED_EDGE ( 'NONE', *, *, #6288, .F. ) ;
#2068 = ORIENTED_EDGE ( 'NONE', *, *, #585, .T. ) ;
#2069 = CIRCLE ( 'NONE', #3443, 7.000000000000000000 ) ;
#2070 = DIRECTION ( 'NONE',  ( 0.0000000000000000000, -0.0000000000000000000, 1.000000000000000000 ) ) ;
#2071 = ORIENTED_EDGE ( 'NONE', *, *, #3717, .T. ) ;
#2072 = CARTESIAN_POINT ( 'NONE',  ( 3.644895844802441331, 2.086800009713892567, 1.989999999999999991 ) ) ;
#2073 = DIRECTION ( 'NONE',  ( 0.0000000000000000000, 0.0000000000000000000, -1.000000000000000000 ) ) ;
#2074 = EDGE_CURVE ( 'NONE', #7600, #7815, #2360, .T. ) ;
#2075 = VECTOR ( 'NONE', #6141, 1000.000000000000000 ) ;
#2076 = MECHANICAL_DESIGN_GEOMETRIC_PRESENTATION_REPRESENTATION (  '', ( #5370 ), #2769 ) ;
#2077 = DIRECTION ( 'NONE',  ( 1.000000000000000000, 0.0000000000000000000, -0.0000000000000000000 ) ) ;
#2078 = CARTESIAN_POINT ( 'NONE',  ( 3.182712096523840017, -6.514049716623356190, 3.750000000000000888 ) ) ;
#2079 = CARTESIAN_POINT ( 'NONE',  ( -2.111802505940163499, 3.603976670919074810, 1.989999999999999103 ) ) ;
#2080 = CARTESIAN_POINT ( 'NONE',  ( 0.0000000000000000000, 0.0000000000000000000, 3.750000000000000888 ) ) ;
#2081 = EDGE_CURVE ( 'NONE', #8057, #8570, #4978, .T. ) ;
#2082 = LINE ( 'NONE', #3291, #4808 ) ;
#2083 = ORIENTED_EDGE ( 'NONE', *, *, #6167, .T. ) ;
#2084 = VECTOR ( 'NONE', #3724, 1000.000000000000000 ) ;
#2085 = CARTESIAN_POINT ( 'NONE',  ( -6.830159262260047548, -1.532620126503405622, 2.000000000000000000 ) ) ;
#2086 = DIRECTION ( 'NONE',  ( -1.000000000000000000, 0.0000000000000000000, 0.0000000000000000000 ) ) ;
#2087 = DIRECTION ( 'NONE',  ( 1.000000000000000000, 0.0000000000000000000, 0.0000000000000000000 ) ) ;
#2088 = VECTOR ( 'NONE', #115, 1000.000000000000000 ) ;
#2089 = DIRECTION ( 'NONE',  ( -0.7111669494853618545, 0.7030231645967895959, 3.545124961925875515E-15 ) ) ;
#2090 = CARTESIAN_POINT ( 'NONE',  ( -3.642323042638027086, 2.091287367405080477, 1.989999999999999991 ) ) ;
#2091 = LINE ( 'NONE', #4717, #296 ) ;
#2092 = ORIENTED_EDGE ( 'NONE', *, *, #3545, .F. ) ;
#2093 = B_SPLINE_CURVE_WITH_KNOTS ( 'NONE', 3,
 ( #4767, #8219, #4210, #2187 ),
 .UNSPECIFIED., .F., .F.,
 ( 4, 4 ),
 ( 0.0001957817699440330241, 0.0005519534006163612574 ),
 .UNSPECIFIED. ) ;
#2094 = DIRECTION ( 'NONE',  ( -1.000000000000000000, 0.0000000000000000000, 0.0000000000000000000 ) ) ;
#2095 = LINE ( 'NONE', #6686, #6211 ) ;
#2096 = CIRCLE ( 'NONE', #6899, 7.250000000000000000 ) ;
#2097 = CARTESIAN_POINT ( 'NONE',  ( -4.154407135043022059, -5.713478970601481244, 3.936143960793016650 ) ) ;
#2098 = DIRECTION ( 'NONE',  ( -0.0000000000000000000, -0.0000000000000000000, 1.000000000000000000 ) ) ;
#2099 = DIRECTION ( 'NONE',  ( -1.000000000000000000, 0.0000000000000000000, 0.0000000000000000000 ) ) ;
#2100 = EDGE_CURVE ( 'NONE', #7815, #1004, #5242, .T. ) ;
#2101 = CARTESIAN_POINT ( 'NONE',  ( -5.159999999999998366, -0.8000000000000029310, 0.5000000000000000000 ) ) ;
#2102 = ORIENTED_EDGE ( 'NONE', *, *, #1342, .F. ) ;
#2103 = CARTESIAN_POINT ( 'NONE',  ( -3.499999999999999556, -7.159999999999999254, -0.005000000000000000104 ) ) ;
#2104 = ORIENTED_EDGE ( 'NONE', *, *, #6806, .T. ) ;
#2105 = ORIENTED_EDGE ( 'NONE', *, *, #7154, .T. ) ;
#2106 = ORIENTED_EDGE ( 'NONE', *, *, #4236, .F. ) ;
#2107 = LINE ( 'NONE', #4735, #4492 ) ;
#2108 = AXIS2_PLACEMENT_3D ( 'NONE', #7433, #738, #915 ) ;
#2109 = CARTESIAN_POINT ( 'NONE',  ( 5.060000000000005826, -4.900000000000001243, -0.01000000000000000021 ) ) ;
#2110 = EDGE_LOOP ( 'NONE', ( #8399, #2678 ) ) ;
#2111 = CARTESIAN_POINT ( 'NONE',  ( -7.249999999999999112, 0.0000000000000000000, 4.000000000000000000 ) ) ;
#2112 = ORIENTED_EDGE ( 'NONE', *, *, #8497, .T. ) ;
#2113 = VERTEX_POINT ( 'NONE', #8295 ) ;
#2114 = VECTOR ( 'NONE', #751, 1000.000000000000000 ) ;
#2115 = SURFACE_STYLE_USAGE ( .BOTH. , #4464 ) ;
#2116 = ORIENTED_EDGE ( 'NONE', *, *, #6060, .F. ) ;
#2117 = ADVANCED_FACE ( 'NONE', ( #8341 ), #4470, .F. ) ;
#2118 = DIRECTION ( 'NONE',  ( 0.0000000000000000000, -1.000000000000000000, 0.0000000000000000000 ) ) ;
#2119 = CIRCLE ( 'NONE', #3770, 6.999999999999995559 ) ;
#2120 = SURFACE_STYLE_FILL_AREA ( #1547 ) ;
#2121 = DIRECTION ( 'NONE',  ( 0.0000000000000000000, 0.0000000000000000000, -1.000000000000000000 ) ) ;
#2122 = CARTESIAN_POINT ( 'NONE',  ( -6.845734602379291545, 1.711042487756893271, 3.945737749220917578 ) ) ;
#2123 = CARTESIAN_POINT ( 'NONE',  ( -7.232688584372583662, 0.5007153297898134792, 2.249999999999997780 ) ) ;
#2124 = DIRECTION ( 'NONE',  ( 0.0000000000000000000, 0.0000000000000000000, -1.000000000000000000 ) ) ;
#2125 = VERTEX_POINT ( 'NONE', #5613 ) ;
#2126 = AXIS2_PLACEMENT_3D ( 'NONE', #3897, #1836, #8032 ) ;
#2127 = EDGE_CURVE ( 'NONE', #1817, #1309, #1236, .T. ) ;
#2128 = DIRECTION ( 'NONE',  ( 1.000000000000000000, 0.0000000000000000000, 0.0000000000000000000 ) ) ;
#2129 = EDGE_CURVE ( 'NONE', #595, #4930, #7741, .T. ) ;
#2130 = EDGE_CURVE ( 'NONE', #288, #4852, #5780, .T. ) ;
#2131 = DIRECTION ( 'NONE',  ( -1.000000000000000000, 0.0000000000000000000, 0.0000000000000000000 ) ) ;
#2132 = DIRECTION ( 'NONE',  ( 2.017312099804055287E-15, 2.017312099804055287E-15, -1.000000000000000000 ) ) ;
#2133 = CIRCLE ( 'NONE', #1992, 7.000000000000000888 ) ;
#2134 = AXIS2_PLACEMENT_3D ( 'NONE', #4825, #5935, #841 ) ;
#2135 = LINE ( 'NONE', #7208, #2273 ) ;
#2136 = CARTESIAN_POINT ( 'NONE',  ( 3.649434712132883174, 2.098317599051050752, 1.969999999999999085 ) ) ;
#2137 = FACE_OUTER_BOUND ( 'NONE', #6996, .T. ) ;
#2138 =( NAMED_UNIT ( * ) SI_UNIT ( $, .STERADIAN. ) SOLID_ANGLE_UNIT ( ) );
#2139 = CARTESIAN_POINT ( 'NONE',  ( -2.695380892067972933, -6.460257103759478703, 4.000000000000000000 ) ) ;
#2140 = VERTEX_POINT ( 'NONE', #1780 ) ;
#2141 = PLANE ( 'NONE',  #2817 ) ;
#2142 = AXIS2_PLACEMENT_3D ( 'NONE', #6037, #4723, #1384 ) ;
#2143 = CARTESIAN_POINT ( 'NONE',  ( 4.742367595032114025, -5.148781369760159876, 2.000000000000000000 ) ) ;
#2144 = CONICAL_SURFACE ( 'NONE', #3084, 7.250000000000000000, 0.7853981633974518317 ) ;
#2145 = EDGE_CURVE ( 'NONE', #1038, #1716, #4425, .T. ) ;
#2146 = DIRECTION ( 'NONE',  ( -0.0000000000000000000, -0.0000000000000000000, -1.000000000000000000 ) ) ;
#2147 = CARTESIAN_POINT ( 'NONE',  ( 0.0000000000000000000, 0.0000000000000000000, 2.249999999999999556 ) ) ;
#2148 = AXIS2_PLACEMENT_3D ( 'NONE', #5986, #1946, #1376 ) ;
#2149 = CARTESIAN_POINT ( 'NONE',  ( 6.625249362316868229, 2.944243686775933622, 3.749999999999999112 ) ) ;
#2150 = ORIENTED_EDGE ( 'NONE', *, *, #3221, .T. ) ;
#2151 = ORIENTED_EDGE ( 'NONE', *, *, #3987, .T. ) ;
#2152 = ORIENTED_EDGE ( 'NONE', *, *, #2660, .T. ) ;
#2153 = VERTEX_POINT ( 'NONE', #3085 ) ;
#2154 = EDGE_CURVE ( 'NONE', #83, #220, #1824, .T. ) ;
#2155 = DIRECTION ( 'NONE',  ( 0.0000000000000000000, 0.0000000000000000000, 1.000000000000000000 ) ) ;
#2156 =( NAMED_UNIT ( * ) SI_UNIT ( $, .STERADIAN. ) SOLID_ANGLE_UNIT ( ) );
#2157 = CARTESIAN_POINT ( 'NONE',  ( -7.018097286613489416, -0.7335251302790319894, 3.945737749220916690 ) ) ;
#2158 = ORIENTED_EDGE ( 'NONE', *, *, #6063, .F. ) ;
#2159 = CARTESIAN_POINT ( 'NONE',  ( 4.247056320801408269, -5.564396877285155973, 4.000000000000000000 ) ) ;
#2160 = VERTEX_POINT ( 'NONE', #5706 ) ;
#2161 = ORIENTED_EDGE ( 'NONE', *, *, #8345, .F. ) ;
#2162 = DIRECTION ( 'NONE',  ( -0.0000000000000000000, -0.0000000000000000000, -1.000000000000000000 ) ) ;
#2163 = ORIENTED_EDGE ( 'NONE', *, *, #1906, .T. ) ;
#2164 = AXIS2_PLACEMENT_3D ( 'NONE', #2541, #5155, #7788 ) ;
#2165 = CARTESIAN_POINT ( 'NONE',  ( 2.695380892068346856, -6.460257103759333042, 2.000000000000000000 ) ) ;
#2166 = DIRECTION ( 'NONE',  ( 0.7030231645967897069, -0.7111669494853617435, 0.0000000000000000000 ) ) ;
#2167 = ORIENTED_EDGE ( 'NONE', *, *, #887, .F. ) ;
#2168 = VECTOR ( 'NONE', #3001, 1000.000000000000114 ) ;
#2169 = ORIENTED_EDGE ( 'NONE', *, *, #2645, .T. ) ;
#2170 = AXIS2_PLACEMENT_3D ( 'NONE', #6292, #1029, #7635 ) ;
#2171 = DIRECTION ( 'NONE',  ( -1.196361017915039486E-16, -1.000000000000000000, -0.0000000000000000000 ) ) ;
#2172 = VECTOR ( 'NONE', #6417, 1000.000000000000000 ) ;
#2173 = CARTESIAN_POINT ( 'NONE',  ( -5.149999999999999467, -7.250000000000000000, 1.989999999999999991 ) ) ;
#2174 = ADVANCED_FACE ( 'NONE', ( #1694 ), #4433, .T. ) ;
#2175 = CYLINDRICAL_SURFACE ( 'NONE', #303, 1.249999999999997558 ) ;
#2176 = FACE_OUTER_BOUND ( 'NONE', #4926, .T. ) ;
#2177 = DIRECTION ( 'NONE',  ( -0.7030231645967898180, -0.7111669494853616325, 0.0000000000000000000 ) ) ;
#2178 = CARTESIAN_POINT ( 'NONE',  ( 2.133096795500278642, 3.617996415286566680, 1.989999999999999991 ) ) ;
#2179 = EDGE_CURVE ( 'NONE', #7458, #4088, #3935, .T. ) ;
#2180 = EDGE_CURVE ( 'NONE', #7569, #7180, #3886, .T. ) ;
#2181 = EDGE_LOOP ( 'NONE', ( #4355, #5815, #5295, #7334 ) ) ;
#2182 = DIRECTION ( 'NONE',  ( -0.0000000000000000000, -0.0000000000000000000, 1.000000000000000000 ) ) ;
#2183 = CIRCLE ( 'NONE', #1039, 6.999999999999996447 ) ;
#2184 = CYLINDRICAL_SURFACE ( 'NONE', #1439, 1.249999999999997113 ) ;
#2185 = DIRECTION ( 'NONE',  ( 0.7030231645967894849, -0.7111669494853619655, 0.0000000000000000000 ) ) ;
#2186 = EDGE_CURVE ( 'NONE', #2365, #3480, #6508, .T. ) ;
#2187 = CARTESIAN_POINT ( 'NONE',  ( 5.894063302209293198, -3.776243873156188702, 2.000000000000000000 ) ) ;
#2188 = ORIENTED_EDGE ( 'NONE', *, *, #3968, .F. ) ;
#2189 = ORIENTED_EDGE ( 'NONE', *, *, #8238, .T. ) ;
#2190 = EDGE_CURVE ( 'NONE', #2815, #8482, #1105, .T. ) ;
#2191 = ORIENTED_EDGE ( 'NONE', *, *, #4498, .F. ) ;
#2192 = ORIENTED_EDGE ( 'NONE', *, *, #2471, .T. ) ;
#2193 = SURFACE_STYLE_USAGE ( .BOTH. , #6093 ) ;
#2194 = ORIENTED_EDGE ( 'NONE', *, *, #5801, .F. ) ;
#2195 = DIRECTION ( 'NONE',  ( -0.7030231645967894849, -0.7111669494853620765, 0.0000000000000000000 ) ) ;
#2196 = CARTESIAN_POINT ( 'NONE',  ( 4.195827640587378227, -5.637529060731711006, 2.027052200441389118 ) ) ;
#2197 = ORIENTED_EDGE ( 'NONE', *, *, #6323, .T. ) ;
#2198 = CARTESIAN_POINT ( 'NONE',  ( 4.144300040443789079, -5.711087971297389210, 3.945737749221093438 ) ) ;
#2199 = ADVANCED_FACE ( 'NONE', ( #3297 ), #7865, .F. ) ;
#2200 = ORIENTED_EDGE ( 'NONE', *, *, #2858, .F. ) ;
#2201 = ORIENTED_EDGE ( 'NONE', *, *, #2355, .T. ) ;
#2202 = CARTESIAN_POINT ( 'NONE',  ( 3.036518773208191302, -6.467649537329945630, 2.144131816092708309 ) ) ;
#2203 = ORIENTED_EDGE ( 'NONE', *, *, #2516, .T. ) ;
#2204 = LINE ( 'NONE', #5382, #3641 ) ;
#2205 = VECTOR ( 'NONE', #2001, 1000.000000000000000 ) ;
#2206 = DIRECTION ( 'NONE',  ( 0.0000000000000000000, 0.0000000000000000000, 1.000000000000000000 ) ) ;
#2207 = CARTESIAN_POINT ( 'NONE',  ( 0.0000000000000000000, 0.0000000000000000000, 2.000000000000000000 ) ) ;
#2208 =( NAMED_UNIT ( * ) PLANE_ANGLE_UNIT ( ) SI_UNIT ( $, .RADIAN. ) );
#2209 = AXIS2_PLACEMENT_3D ( 'NONE', #3865, #2470, #3226 ) ;
#2210 = DIRECTION ( 'NONE',  ( -0.7111669494853621876, 0.7030231645967893739, 3.613946018757868503E-15 ) ) ;
#2211 = ORIENTED_EDGE ( 'NONE', *, *, #6119, .T. ) ;
#2212 = EDGE_CURVE ( 'NONE', #3468, #8534, #5864, .T. ) ;
#2213 =( NAMED_UNIT ( * ) SI_UNIT ( $, .STERADIAN. ) SOLID_ANGLE_UNIT ( ) );
#2214 = EDGE_LOOP ( 'NONE', ( #8141, #5574, #3620, #4906 ) ) ;
#2215 = VECTOR ( 'NONE', #209, 1000.000000000000000 ) ;
#2216 = LINE ( 'NONE', #3420, #346 ) ;
#2217 = CARTESIAN_POINT ( 'NONE',  ( -1.749051531137701732, -7.035859488465135314, 3.749999999999996447 ) ) ;
#2218 = FACE_OUTER_BOUND ( 'NONE', #7681, .T. ) ;
#2219 = FACE_OUTER_BOUND ( 'NONE', #5793, .T. ) ;
#2220 = VERTEX_POINT ( 'NONE', #8513 ) ;
#2221 = CARTESIAN_POINT ( 'NONE',  ( -2.536198336770760786, 3.210225366088506949, 1.969999999999999973 ) ) ;
#2222 = AXIS2_PLACEMENT_3D ( 'NONE', #3817, #485, #2460 ) ;
#2223 = CARTESIAN_POINT ( 'NONE',  ( 0.0000000000000000000, -7.159999999999999254, 0.0000000000000000000 ) ) ;
#2224 = CARTESIAN_POINT ( 'NONE',  ( -1.941061039837350899, -6.784101317105093898, 2.054262250779012700 ) ) ;
#2225 = ORIENTED_EDGE ( 'NONE', *, *, #4079, .T. ) ;
#2226 = FACE_OUTER_BOUND ( 'NONE', #6801, .T. ) ;
#2227 = LINE ( 'NONE', #167, #3876 ) ;
#2228 = ADVANCED_FACE ( 'NONE', ( #7241 ), #4065, .F. ) ;
#2229 = DIRECTION ( 'NONE',  ( -0.0000000000000000000, -0.0000000000000000000, -1.000000000000000000 ) ) ;
#2230 = FILL_AREA_STYLE ('',( #6869 ) ) ;
#2231 = ADVANCED_FACE ( 'NONE', ( #5264 ), #7987, .F. ) ;
#2232 = CARTESIAN_POINT ( 'NONE',  ( 3.255000000000001670, -7.224999999999999645, 1.990000000000000435 ) ) ;
#2233 = ORIENTED_EDGE ( 'NONE', *, *, #3875, .F. ) ;
#2234 = VERTEX_POINT ( 'NONE', #5906 ) ;
#2235 = VERTEX_POINT ( 'NONE', #4676 ) ;
#2236 = ORIENTED_EDGE ( 'NONE', *, *, #3920, .F. ) ;
#2237 = EDGE_LOOP ( 'NONE', ( #4888, #7131, #1188, #6770 ) ) ;
#2238 = EDGE_CURVE ( 'NONE', #1966, #8534, #7156, .T. ) ;
#2239 = SURFACE_STYLE_USAGE ( .BOTH. , #6097 ) ;
#2240 = EDGE_CURVE ( 'NONE', #946, #3048, #7907, .T. ) ;
#2241 = EDGE_CURVE ( 'NONE', #5422, #6664, #4019, .T. ) ;
#2242 = ADVANCED_FACE ( 'NONE', ( #3204 ), #5188, .T. ) ;
#2243 = AXIS2_PLACEMENT_3D ( 'NONE', #4645, #4027, #7161 ) ;
#2244 = LINE ( 'NONE', #8263, #6333 ) ;
#2245 = LINE ( 'NONE', #790, #5414 ) ;
#2246 = ORIENTED_EDGE ( 'NONE', *, *, #1877, .T. ) ;
#2247 = DIRECTION ( 'NONE',  ( -0.0000000000000000000, -1.000000000000000000, -0.0000000000000000000 ) ) ;
#2248 = ORIENTED_EDGE ( 'NONE', *, *, #5372, .T. ) ;
#2249 = VERTEX_POINT ( 'NONE', #6597 ) ;
#2250 = CARTESIAN_POINT ( 'NONE',  ( 6.217354776143642070, -3.216286614647981601, 2.000000000000000000 ) ) ;
#2251 = ORIENTED_EDGE ( 'NONE', *, *, #1211, .F. ) ;
#2252 = AXIS2_PLACEMENT_3D ( 'NONE', #7587, #2431, #2339 ) ;
#2253 = CARTESIAN_POINT ( 'NONE',  ( 6.825423574700510088, -1.423915056868493956, 4.000000000000000000 ) ) ;
#2254 = CARTESIAN_POINT ( 'NONE',  ( -2.681536301734668726, 3.077428095828809163, -0.01000000000000000021 ) ) ;
#2255 = CARTESIAN_POINT ( 'NONE',  ( 0.0000000000000000000, 0.0000000000000000000, 0.0000000000000000000 ) ) ;
#2256 = AXIS2_PLACEMENT_3D ( 'NONE', #6230, #1710, #6274 ) ;
#2257 = DIRECTION ( 'NONE',  ( 0.0000000000000000000, 0.0000000000000000000, 1.000000000000000000 ) ) ;
#2258 = EDGE_LOOP ( 'NONE', ( #3614, #1356, #2560, #4812 ) ) ;
#2259 = CARTESIAN_POINT ( 'NONE',  ( -3.254999999999999005, -7.224999999999999645, 1.989999999999999991 ) ) ;
#2260 =( GEOMETRIC_REPRESENTATION_CONTEXT ( 3 ) GLOBAL_UNCERTAINTY_ASSIGNED_CONTEXT ( ( #4292 ) ) GLOBAL_UNIT_ASSIGNED_CONTEXT ( ( #6079, #6682, #2138 ) ) REPRESENTATION_CONTEXT ( 'NONE', 'WORKASPACE' ) );
#2261 = ADVANCED_FACE ( 'NONE', ( #4550 ), #681, .T. ) ;
#2262 = PLANE ( 'NONE',  #7674 ) ;
#2263 = DIRECTION ( 'NONE',  ( -0.0000000000000000000, -0.0000000000000000000, -1.000000000000000000 ) ) ;
#2264 = DIRECTION ( 'NONE',  ( 0.7030231645967897069, -0.7111669494853617435, 0.0000000000000000000 ) ) ;
#2265 = VECTOR ( 'NONE', #1229, 1000.000000000000000 ) ;
#2266 = DIRECTION ( 'NONE',  ( 0.7030231645967893739, 0.7111669494853621876, -3.745981415889632288E-16 ) ) ;
#2267 =( GEOMETRIC_REPRESENTATION_CONTEXT ( 3 ) GLOBAL_UNCERTAINTY_ASSIGNED_CONTEXT ( ( #3838 ) ) GLOBAL_UNIT_ASSIGNED_CONTEXT ( ( #46, #3991, #4569 ) ) REPRESENTATION_CONTEXT ( 'NONE', 'WORKASPACE' ) );
#2268 = CARTESIAN_POINT ( 'NONE',  ( 3.624543868900893528, 2.073711788290161895, 2.000000000000000000 ) ) ;
#2269 = SURFACE_STYLE_USAGE ( .BOTH. , #4245 ) ;
#2270 = ORIENTED_EDGE ( 'NONE', *, *, #3903, .F. ) ;
#2271 = CARTESIAN_POINT ( 'NONE',  ( -5.150000000000000355, -4.724710424241401974, 1.988239158481577507 ) ) ;
#2272 = LINE ( 'NONE', #7995, #4988 ) ;
#2273 = VECTOR ( 'NONE', #526, 1000.000000000000000 ) ;
#2274 = CARTESIAN_POINT ( 'NONE',  ( -2.014639774594097599, 6.732602028839642649, 2.027052200441441521 ) ) ;
#2275 = VECTOR ( 'NONE', #3344, 1000.000000000000000 ) ;
#2276 = LINE ( 'NONE', #4805, #1046 ) ;
#2277 = DIRECTION ( 'NONE',  ( -0.0000000000000000000, 0.0000000000000000000, -1.000000000000000000 ) ) ;
#2278 = ORIENTED_EDGE ( 'NONE', *, *, #4400, .T. ) ;
#2279 = ORIENTED_EDGE ( 'NONE', *, *, #7686, .T. ) ;
#2280 = VECTOR ( 'NONE', #8021, 1000.000000000000000 ) ;
#2281 = EDGE_LOOP ( 'NONE', ( #177, #7792, #6456, #4452, #5723, #6070, #5064, #7005 ) ) ;
#2282 = EDGE_LOOP ( 'NONE', ( #145, #6113, #4687, #55 ) ) ;
#2283 = ORIENTED_EDGE ( 'NONE', *, *, #3332, .T. ) ;
#2284 = CIRCLE ( 'NONE', #3376, 7.000000000000000888 ) ;
#2285 = DIRECTION ( 'NONE',  ( 0.0000000000000000000, 0.0000000000000000000, -1.000000000000000000 ) ) ;
#2286 = CARTESIAN_POINT ( 'NONE',  ( -3.182712096523036216, -6.514049716623748765, 3.749999999999993783 ) ) ;
#2287 = DIRECTION ( 'NONE',  ( -0.0000000000000000000, -0.0000000000000000000, 1.000000000000000000 ) ) ;
#2288 = EDGE_CURVE ( 'NONE', #2140, #3573, #8069, .T. ) ;
#2289 = VERTEX_POINT ( 'NONE', #4925 ) ;
#2290 = CARTESIAN_POINT ( 'NONE',  ( 5.855266267671643377, -4.212002063983121047, 3.787262758775188143 ) ) ;
#2291 = ORIENTED_EDGE ( 'NONE', *, *, #5032, .T. ) ;
#2292 = ORIENTED_EDGE ( 'NONE', *, *, #1632, .F. ) ;
#2293 = FACE_OUTER_BOUND ( 'NONE', #6296, .T. ) ;
#2294 = EDGE_LOOP ( 'NONE', ( #5490, #6952, #6262, #1525 ) ) ;
#2295 = ADVANCED_FACE ( 'NONE', ( #3423 ), #1558, .F. ) ;
#2296 = EDGE_CURVE ( 'NONE', #8374, #3713, #7510, .T. ) ;
#2297 = AXIS2_PLACEMENT_3D ( 'NONE', #1957, #1300, #3942 ) ;
#2298 = CARTESIAN_POINT ( 'NONE',  ( 5.150000000000003908, -4.724710424241401974, 0.9882391584815776175 ) ) ;
#2299 = DIRECTION ( 'NONE',  ( -0.0000000000000000000, -0.0000000000000000000, -1.000000000000000000 ) ) ;
#2300 = ORIENTED_EDGE ( 'NONE', *, *, #5668, .T. ) ;
#2301 = SURFACE_STYLE_FILL_AREA ( #6812 ) ;
#2302 = VERTEX_POINT ( 'NONE', #941 ) ;
#2303 = EDGE_CURVE ( 'NONE', #2761, #3992, #3588, .T. ) ;
#2304 = B_SPLINE_CURVE_WITH_KNOTS ( 'NONE', 3,
 ( #5611, #4765, #2874, #3635, #2274, #4803 ),
 .UNSPECIFIED., .F., .F.,
 ( 4, 2, 4 ),
 ( 0.0000000000000000000, 0.0002759767003078407313, 0.0005519534006156814627 ),
 .UNSPECIFIED. ) ;
#2305 = PRESENTATION_STYLE_ASSIGNMENT (( #7682 ) ) ;
#2306 = CARTESIAN_POINT ( 'NONE',  ( 5.160000000000005471, -5.898932796319721561, -0.01000000000000000021 ) ) ;
#2307 = DIRECTION ( 'NONE',  ( -0.0000000000000000000, -0.0000000000000000000, 1.000000000000000000 ) ) ;
#2308 = AXIS2_PLACEMENT_3D ( 'NONE', #2708, #4766, #2745 ) ;
#2309 = CARTESIAN_POINT ( 'NONE',  ( -6.942437212868769691, 0.8958602264722247410, 2.000000000000000000 ) ) ;
#2310 = ORIENTED_EDGE ( 'NONE', *, *, #1858, .F. ) ;
#2311 = DIRECTION ( 'NONE',  ( -0.0000000000000000000, -0.0000000000000000000, -1.000000000000000000 ) ) ;
#2312 = SURFACE_SIDE_STYLE ('',( #4971 ) ) ;
#2313 = CARTESIAN_POINT ( 'NONE',  ( 0.7628348534790007074, 7.209756097560974908, 2.249999999999997780 ) ) ;
#2314 = ORIENTED_EDGE ( 'NONE', *, *, #308, .F. ) ;
#2315 = EDGE_CURVE ( 'NONE', #7508, #2029, #2863, .T. ) ;
#2316 = AXIS2_PLACEMENT_3D ( 'NONE', #2819, #4922, #4793 ) ;
#2317 = VECTOR ( 'NONE', #2307, 1000.000000000000000 ) ;
#2318 = UNCERTAINTY_MEASURE_WITH_UNIT (LENGTH_MEASURE( 1.000000000000000082E-05 ), #4383, 'distance_accuracy_value', 'NONE');
#2319 = CARTESIAN_POINT ( 'NONE',  ( 5.270858399430221830, -6.281564433575399953, 2.000000000000000000 ) ) ;
#2320 = CARTESIAN_POINT ( 'NONE',  ( -5.218707288899460117, 5.032652802726177654, 4.000000000000000000 ) ) ;
#2321 = CARTESIAN_POINT ( 'NONE',  ( -0.7628348534784011870, -7.209756097561038857, 2.249999999999997780 ) ) ;
#2322 = MECHANICAL_DESIGN_GEOMETRIC_PRESENTATION_REPRESENTATION (  '', ( #3941 ), #335 ) ;
#2323 = CARTESIAN_POINT ( 'NONE',  ( 5.150000000000000355, -0.8000000000000042633, 0.5000000000000000000 ) ) ;
#2324 = EDGE_CURVE ( 'NONE', #1641, #5699, #3296, .T. ) ;
#2325 = ORIENTED_EDGE ( 'NONE', *, *, #2190, .F. ) ;
#2326 = ORIENTED_EDGE ( 'NONE', *, *, #2516, .F. ) ;
#2327 = DIRECTION ( 'NONE',  ( 1.000000000000000000, 0.0000000000000000000, 0.0000000000000000000 ) ) ;
#2328 = VERTEX_POINT ( 'NONE', #2136 ) ;
#2329 = PLANE ( 'NONE',  #7151 ) ;
#2330 = CARTESIAN_POINT ( 'NONE',  ( -4.742367595032370708, -5.148781369759925397, 2.000000000000000000 ) ) ;
#2331 = LINE ( 'NONE', #2771, #828 ) ;
#2332 = EDGE_LOOP ( 'NONE', ( #2188, #6934, #3024, #4141 ) ) ;
#2333 = VERTEX_POINT ( 'NONE', #4756 ) ;
#2334 = VERTEX_POINT ( 'NONE', #4797 ) ;
#2335 = CARTESIAN_POINT ( 'NONE',  ( 2.133096795500278642, 3.617996415286566680, 1.989999999999999991 ) ) ;
#2336 = ORIENTED_EDGE ( 'NONE', *, *, #6608, .F. ) ;
#2337 = CARTESIAN_POINT ( 'NONE',  ( 5.149999999999999467, -5.899999999999998579, 0.0000000000000000000 ) ) ;
#2338 = ADVANCED_FACE ( 'NONE', ( #2219 ), #8113, .T. ) ;
#2339 = DIRECTION ( 'NONE',  ( -1.000000000000000000, 0.0000000000000000000, 3.486881358747350930E-15 ) ) ;
#2340 = PLANE ( 'NONE',  #8393 ) ;
#2341 = ORIENTED_EDGE ( 'NONE', *, *, #2018, .F. ) ;
#2342 = DIRECTION ( 'NONE',  ( 0.7030231645967894849, 0.7111669494853619655, 0.0000000000000000000 ) ) ;
#2343 = DIRECTION ( 'NONE',  ( -1.000000000000000000, -0.0000000000000000000, 3.486881358747351719E-15 ) ) ;
#2344 = VECTOR ( 'NONE', #4451, 1000.000000000000000 ) ;
#2345 = VECTOR ( 'NONE', #7469, 1000.000000000000000 ) ;
#2346 = CARTESIAN_POINT ( 'NONE',  ( -1.837750690685588273, -6.908953112105451488, 3.851148186049304645 ) ) ;
#2347 = EDGE_CURVE ( 'NONE', #2661, #990, #8145, .T. ) ;
#2348 = ADVANCED_FACE ( 'NONE', ( #6077 ), #6769, .T. ) ;
#2349 = DIRECTION ( 'NONE',  ( -8.673617379884163268E-15, 1.000000000000000000, 0.0000000000000000000 ) ) ;
#2350 = CARTESIAN_POINT ( 'NONE',  ( -5.847675292815641690, 3.949233129471567239, 3.945737749220930457 ) ) ;
#2351 = PLANE ( 'NONE',  #4962 ) ;
#2352 = CARTESIAN_POINT ( 'NONE',  ( 5.059999999999998721, -1.800000000000004263, -0.005000000000000000104 ) ) ;
#2353 = ORIENTED_EDGE ( 'NONE', *, *, #3647, .F. ) ;
#2354 = AXIS2_PLACEMENT_3D ( 'NONE', #7072, #1167, #5144 ) ;
#2355 = EDGE_CURVE ( 'NONE', #3229, #1305, #3154, .T. ) ;
#2356 = DIRECTION ( 'NONE',  ( -0.0000000000000000000, 0.0000000000000000000, 1.000000000000000000 ) ) ;
#2357 = CARTESIAN_POINT ( 'NONE',  ( 1.837750690686501320, 6.908953112105162830, 3.851148186049352162 ) ) ;
#2358 = ADVANCED_FACE ( 'NONE', ( #8284 ), #5007, .F. ) ;
#2359 = VECTOR ( 'NONE', #4561, 1000.000000000000000 ) ;
#2360 = LINE ( 'NONE', #5148, #819 ) ;
#2361 = AXIS2_PLACEMENT_3D ( 'NONE', #6546, #5258, #8462 ) ;
#2362 = ORIENTED_EDGE ( 'NONE', *, *, #5995, .T. ) ;
#2363 = LINE ( 'NONE', #5581, #5138 ) ;
#2364 = ORIENTED_EDGE ( 'NONE', *, *, #6532, .F. ) ;
#2365 = VERTEX_POINT ( 'NONE', #2992 ) ;
#2366 = CARTESIAN_POINT ( 'NONE',  ( 5.129999999999999005, 0.0000000000000000000, 1.969999999999999973 ) ) ;
#2367 = ORIENTED_EDGE ( 'NONE', *, *, #1314, .F. ) ;
#2368 = CARTESIAN_POINT ( 'NONE',  ( 6.967758820037846412, -2.003206685737844328, 2.250000000000002665 ) ) ;
#2369 = AXIS2_PLACEMENT_3D ( 'NONE', #6555, #5823, #5226 ) ;
#2370 = ADVANCED_FACE ( 'NONE', ( #466 ), #3798, .T. ) ;
#2371 = CARTESIAN_POINT ( 'NONE',  ( 3.036990180444824272, 2.575613833695105992, 0.0000000000000000000 ) ) ;
#2372 = CARTESIAN_POINT ( 'NONE',  ( -5.218707288899042673, -5.032652802726609309, 2.249999999999999556 ) ) ;
#2373 = VECTOR ( 'NONE', #6587, 1000.000000000000000 ) ;
#2374 = VERTEX_POINT ( 'NONE', #1726 ) ;
#2375 = EDGE_LOOP ( 'NONE', ( #3015, #1168, #6631, #4274, #5961, #837, #8, #3037 ) ) ;
#2376 = VERTEX_POINT ( 'NONE', #4370 ) ;
#2377 = CARTESIAN_POINT ( 'NONE',  ( 3.499999999999997780, -7.160000000000000142, 0.0000000000000000000 ) ) ;
#2378 = VERTEX_POINT ( 'NONE', #421 ) ;
#2379 = AXIS2_PLACEMENT_3D ( 'NONE', #2624, #2052, #79 ) ;
#2380 = LINE ( 'NONE', #7628, #3985 ) ;
#2381 = CARTESIAN_POINT ( 'NONE',  ( 5.160000000000001918, -3.963704366711342963, 1.200000000000017941 ) ) ;
#2382 = B_SPLINE_CURVE_WITH_KNOTS ( 'NONE', 3,
 ( #3710, #4502, #5644, #3152, #3195, #7636 ),
 .UNSPECIFIED., .F., .F.,
 ( 4, 2, 4 ),
 ( 0.0000000000000000000, 0.0002759767003079308285, 0.0005519534006158616571 ),
 .UNSPECIFIED. ) ;
#2383 = VECTOR ( 'NONE', #1370, 1000.000000000000000 ) ;
#2384 = VERTEX_POINT ( 'NONE', #7596 ) ;
#2385 = DIRECTION ( 'NONE',  ( 0.0000000000000000000, 0.0000000000000000000, 1.000000000000000000 ) ) ;
#2386 = AXIS2_PLACEMENT_3D ( 'NONE', #6001, #81, #5365 ) ;
#2387 = LINE ( 'NONE', #1680, #347 ) ;
#2388 = CARTESIAN_POINT ( 'NONE',  ( 3.246333170862404138, 2.506088648249112705, 1.969999999999999973 ) ) ;
#2389 = CARTESIAN_POINT ( 'NONE',  ( -7.025221500050527368, -0.7410826313104059704, 2.063856039207007331 ) ) ;
#2390 = ORIENTED_EDGE ( 'NONE', *, *, #149, .T. ) ;
#2391 = DIRECTION ( 'NONE',  ( -0.0000000000000000000, -0.0000000000000000000, -1.000000000000000000 ) ) ;
#2392 = EDGE_CURVE ( 'NONE', #1803, #6012, #3076, .T. ) ;
#2393 = CARTESIAN_POINT ( 'NONE',  ( -2.784329560874329701, 6.452457857014914921, 3.972947799558562920 ) ) ;
#2394 = VERTEX_POINT ( 'NONE', #1816 ) ;
#2395 = VECTOR ( 'NONE', #1685, 1000.000000000000000 ) ;
#2396 = EDGE_CURVE ( 'NONE', #2302, #3362, #4968, .T. ) ;
#2397 = EDGE_CURVE ( 'NONE', #6937, #7183, #5095, .T. ) ;
#2398 = EDGE_CURVE ( 'NONE', #4937, #7600, #3118, .T. ) ;
#2399 = DIRECTION ( 'NONE',  ( -2.397230934138803641E-15, 2.397230934138803641E-15, -1.000000000000000000 ) ) ;
#2400 = AXIS2_PLACEMENT_3D ( 'NONE', #965, #4259, #3056 ) ;
#2401 = VECTOR ( 'NONE', #1190, 1000.000000000000000 ) ;
#2402 = DIRECTION ( 'NONE',  ( -0.0000000000000000000, -0.0000000000000000000, 1.000000000000000000 ) ) ;
#2403 = LINE ( 'NONE', #3725, #379 ) ;
#2404 = EDGE_CURVE ( 'NONE', #1541, #1883, #7730, .T. ) ;
#2405 = VERTEX_POINT ( 'NONE', #3758 ) ;
#2406 = EDGE_LOOP ( 'NONE', ( #1923, #5928, #4773, #2759 ) ) ;
#2407 = LINE ( 'NONE', #8349, #5153 ) ;
#2408 = ORIENTED_EDGE ( 'NONE', *, *, #1421, .T. ) ;
#2409 = EDGE_CURVE ( 'NONE', #3990, #6094, #1130, .T. ) ;
#2410 = CIRCLE ( 'NONE', #6644, 7.250000000000000888 ) ;
#2411 = DIRECTION ( 'NONE',  ( -0.7111669494853618545, 0.7030231645967895959, 3.545124961925875515E-15 ) ) ;
#2412 = AXIS2_PLACEMENT_3D ( 'NONE', #5541, #7436, #134 ) ;
#2413 = FACE_OUTER_BOUND ( 'NONE', #1261, .T. ) ;
#2414 = DIRECTION ( 'NONE',  ( 0.0000000000000000000, -0.0000000000000000000, 1.000000000000000000 ) ) ;
#2415 = CARTESIAN_POINT ( 'NONE',  ( -3.249999999999999556, -7.229999999999999538, 1.970000000000000417 ) ) ;
#2416 = SURFACE_STYLE_FILL_AREA ( #7046 ) ;
#2417 = VECTOR ( 'NONE', #2210, 1000.000000000000114 ) ;
#2418 = CARTESIAN_POINT ( 'NONE',  ( 3.250000000000002220, -7.250000000000000000, 1.989999999999999991 ) ) ;
#2419 = VERTEX_POINT ( 'NONE', #373 ) ;
#2420 = DIRECTION ( 'NONE',  ( 0.0000000000000000000, 0.0000000000000000000, -1.000000000000000000 ) ) ;
#2421 = DIRECTION ( 'NONE',  ( -1.000000000000000000, -0.0000000000000000000, 3.486881358747351719E-15 ) ) ;
#2422 = ORIENTED_EDGE ( 'NONE', *, *, #7226, .F. ) ;
#2423 = EDGE_LOOP ( 'NONE', ( #8409, #4959, #2596, #3059 ) ) ;
#2424 = LINE ( 'NONE', #7757, #6236 ) ;
#2425 = ORIENTED_EDGE ( 'NONE', *, *, #994, .T. ) ;
#2426 = EDGE_CURVE ( 'NONE', #1100, #5962, #5141, .T. ) ;
#2427 = EDGE_CURVE ( 'NONE', #5171, #5204, #1529, .T. ) ;
#2428 = AXIS2_PLACEMENT_3D ( 'NONE', #2059, #7302, #1397 ) ;
#2429 = CIRCLE ( 'NONE', #8052, 7.249999999999999112 ) ;
#2430 = LINE ( 'NONE', #7799, #6733 ) ;
#2431 = DIRECTION ( 'NONE',  ( -3.486881358747350930E-15, 0.0000000000000000000, -1.000000000000000000 ) ) ;
#2432 = VECTOR ( 'NONE', #3000, 1000.000000000000000 ) ;
#2433 = LINE ( 'NONE', #7015, #2344 ) ;
#2434 = ORIENTED_EDGE ( 'NONE', *, *, #7505, .F. ) ;
#2435 = VERTEX_POINT ( 'NONE', #5739 ) ;
#2436 = FILL_AREA_STYLE ('',( #3584 ) ) ;
#2437 = DIRECTION ( 'NONE',  ( 1.000000000000000000, 0.0000000000000000000, 0.0000000000000000000 ) ) ;
#2438 = CARTESIAN_POINT ( 'NONE',  ( -2.133096795500285747, 3.617996415286572010, 0.4299591213836870818 ) ) ;
#2439 = DIRECTION ( 'NONE',  ( -0.0000000000000000000, -0.0000000000000000000, 1.000000000000000000 ) ) ;
#2440 = CARTESIAN_POINT ( 'NONE',  ( -3.649434712132887171, 2.098317599051054749, 3.491481338843134095E-17 ) ) ;
#2441 = CARTESIAN_POINT ( 'NONE',  ( -3.033190751928368289, 6.473848512963759738, 3.851148186049308197 ) ) ;
#2442 = CYLINDRICAL_SURFACE ( 'NONE', #5362, 0.7750000000000001332 ) ;
#2443 = ORIENTED_EDGE ( 'NONE', *, *, #570, .F. ) ;
#2444 = CARTESIAN_POINT ( 'NONE',  ( 8.075423574700504759, -1.423915056868493956, 4.000000000000000000 ) ) ;
#2445 = DIRECTION ( 'NONE',  ( 0.0000000000000000000, 0.0000000000000000000, -1.000000000000000000 ) ) ;
#2446 = ADVANCED_FACE ( 'NONE', ( #6986 ), #8373, .F. ) ;
#2447 =( GEOMETRIC_REPRESENTATION_CONTEXT ( 3 ) GLOBAL_UNCERTAINTY_ASSIGNED_CONTEXT ( ( #6594 ) ) GLOBAL_UNIT_ASSIGNED_CONTEXT ( ( #1823, #5655, #5705 ) ) REPRESENTATION_CONTEXT ( 'NONE', 'WORKASPACE' ) );
#2448 = CARTESIAN_POINT ( 'NONE',  ( 3.799999999999999822, 0.0000000000000000000, 3.700000000000000178 ) ) ;
#2449 = EDGE_CURVE ( 'NONE', #4743, #2249, #7184, .T. ) ;
#2450 = EDGE_CURVE ( 'NONE', #2384, #385, #2698, .T. ) ;
#2451 = CARTESIAN_POINT ( 'NONE',  ( 0.0000000000000000000, 0.0000000000000000000, 3.449999999999999734 ) ) ;
#2452 = FACE_BOUND ( 'NONE', #6955, .T. ) ;
#2453 = ORIENTED_EDGE ( 'NONE', *, *, #5331, .T. ) ;
#2454 = ORIENTED_EDGE ( 'NONE', *, *, #3706, .F. ) ;
#2455 = VECTOR ( 'NONE', #371, 1000.000000000000114 ) ;
#2456 = DIRECTION ( 'NONE',  ( -0.0000000000000000000, -0.0000000000000000000, 1.000000000000000000 ) ) ;
#2457 = CARTESIAN_POINT ( 'NONE',  ( -3.239221501367550715, 2.499058416603145094, 1.969999999999999973 ) ) ;
#2458 = CARTESIAN_POINT ( 'NONE',  ( 2.804565175271143573, -7.705479490444331780, 2.000000000000000000 ) ) ;
#2459 = FACE_OUTER_BOUND ( 'NONE', #5834, .T. ) ;
#2460 = DIRECTION ( 'NONE',  ( -0.7111669494853501972, -0.7030231645968014753, 0.0000000000000000000 ) ) ;
#2461 = FACE_OUTER_BOUND ( 'NONE', #3283, .T. ) ;
#2462 = ADVANCED_FACE ( 'NONE', ( #2604 ), #1663, .T. ) ;
#2463 = ORIENTED_EDGE ( 'NONE', *, *, #4655, .T. ) ;
#2464 = DIRECTION ( 'NONE',  ( 1.196361017915039486E-16, -1.000000000000000000, 0.0000000000000000000 ) ) ;
#2465 = CARTESIAN_POINT ( 'NONE',  ( 6.942437212868512120, -0.8958602264742523413, 2.000000000000000000 ) ) ;
#2466 = VERTEX_POINT ( 'NONE', #1861 ) ;
#2467 = ORIENTED_EDGE ( 'NONE', *, *, #1963, .F. ) ;
#2468 = CARTESIAN_POINT ( 'NONE',  ( 5.894063302208976118, 3.776243873156689634, 2.000000000000000000 ) ) ;
#2469 = ORIENTED_EDGE ( 'NONE', *, *, #3173, .T. ) ;
#2470 = DIRECTION ( 'NONE',  ( 0.0000000000000000000, 0.0000000000000000000, 1.000000000000000000 ) ) ;
#2471 = EDGE_CURVE ( 'NONE', #8220, #7393, #7940, .T. ) ;
#2472 = DIRECTION ( 'NONE',  ( -0.7030231645967892629, -0.7111669494853621876, 0.0000000000000000000 ) ) ;
#2473 = ORIENTED_EDGE ( 'NONE', *, *, #160, .T. ) ;
#2474 = EDGE_LOOP ( 'NONE', ( #6834, #7495, #1506, #6713 ) ) ;
#2475 = CARTESIAN_POINT ( 'NONE',  ( 6.967758820037681211, 2.003206685738419424, 3.749999999999999112 ) ) ;
#2476 = LINE ( 'NONE', #4501, #1464 ) ;
#2477 = FACE_OUTER_BOUND ( 'NONE', #6155, .T. ) ;
#2478 = EDGE_CURVE ( 'NONE', #4516, #3810, #3371, .T. ) ;
#2479 = FACE_OUTER_BOUND ( 'NONE', #3949, .T. ) ;
#2480 = ORIENTED_EDGE ( 'NONE', *, *, #3907, .T. ) ;
#2481 = VECTOR ( 'NONE', #3936, 1000.000000000000000 ) ;
#2482 = CARTESIAN_POINT ( 'NONE',  ( 1.831216653748515055, 6.906343632111282105, 2.144131816092704756 ) ) ;
#2483 = CARTESIAN_POINT ( 'NONE',  ( 1.749051531139097060, -7.035859488464788036, 4.000000000000000000 ) ) ;
#2484 = ORIENTED_EDGE ( 'NONE', *, *, #7066, .T. ) ;
#2485 = UNCERTAINTY_MEASURE_WITH_UNIT (LENGTH_MEASURE( 1.000000000000000082E-05 ), #4153, 'distance_accuracy_value', 'NONE');
#2486 = CARTESIAN_POINT ( 'NONE',  ( -5.060000000000007603, -4.900000000000000355, -0.01000000000000000021 ) ) ;
#2487 = CARTESIAN_POINT ( 'NONE',  ( -5.130000000000000782, 8.673617379884035472E-16, 2.000000000000000000 ) ) ;
#2488 = CARTESIAN_POINT ( 'NONE',  ( -1.941061039837933100, 6.784101317104926032, 3.945737749220988633 ) ) ;
#2489 = CARTESIAN_POINT ( 'NONE',  ( 4.499999999999998224, -7.259999999999998899, 0.5000000000000000000 ) ) ;
#2490 = CIRCLE ( 'NONE', #7847, 3.500000000000000000 ) ;
#2491 = CARTESIAN_POINT ( 'NONE',  ( -3.249999999999999556, -7.250000000000000000, 1.970000000000000417 ) ) ;
#2492 = EDGE_LOOP ( 'NONE', ( #1001, #7625, #958, #5524, #4204, #6756, #8074, #6750 ) ) ;
#2493 = EDGE_CURVE ( 'NONE', #2056, #4357, #686, .T. ) ;
#2494 = DIRECTION ( 'NONE',  ( -0.0000000000000000000, -0.0000000000000000000, -1.000000000000000000 ) ) ;
#2495 = FACE_OUTER_BOUND ( 'NONE', #8361, .T. ) ;
#2496 = VECTOR ( 'NONE', #2674, 1000.000000000000000 ) ;
#2497 = B_SPLINE_CURVE_WITH_KNOTS ( 'NONE', 3,
 ( #6427, #3679, #5781, #1041 ),
 .UNSPECIFIED., .F., .F.,
 ( 4, 4 ),
 ( 0.0000000000000000000, 0.0005511928767345248680 ),
 .UNSPECIFIED. ) ;
#2498 = VECTOR ( 'NONE', #6862, 1000.000000000000000 ) ;
#2499 = DIRECTION ( 'NONE',  ( -1.000000000000000000, 0.0000000000000000000, -0.0000000000000000000 ) ) ;
#2500 = DIRECTION ( 'NONE',  ( 1.000000000000000000, 0.0000000000000000000, 0.0000000000000000000 ) ) ;
#2501 = CARTESIAN_POINT ( 'NONE',  ( 0.0000000000000000000, 0.0000000000000000000, 3.749999999999997335 ) ) ;
#2502 = ORIENTED_EDGE ( 'NONE', *, *, #141, .T. ) ;
#2503 = DIRECTION ( 'NONE',  ( 0.0000000000000000000, 0.0000000000000000000, -1.000000000000000000 ) ) ;
#2504 = ORIENTED_EDGE ( 'NONE', *, *, #1963, .T. ) ;
#2505 = ORIENTED_EDGE ( 'NONE', *, *, #5425, .F. ) ;
#2506 = EDGE_CURVE ( 'NONE', #2923, #673, #2779, .T. ) ;
#2507 = AXIS2_PLACEMENT_3D ( 'NONE', #4115, #1571, #5406 ) ;
#2508 = ORIENTED_EDGE ( 'NONE', *, *, #481, .F. ) ;
#2509 = EDGE_CURVE ( 'NONE', #5502, #8480, #1328, .T. ) ;
#2510 = EDGE_CURVE ( 'NONE', #4088, #5551, #16, .T. ) ;
#2511 = AXIS2_PLACEMENT_3D ( 'NONE', #3878, #5897, #6496 ) ;
#2512 = CARTESIAN_POINT ( 'NONE',  ( -3.249999999999999556, -7.229999999999999538, 1.970000000000000417 ) ) ;
#2513 = LINE ( 'NONE', #1848, #1252 ) ;
#2514 = LINE ( 'NONE', #8321, #4952 ) ;
#2515 = ORIENTED_EDGE ( 'NONE', *, *, #1905, .T. ) ;
#2516 = EDGE_CURVE ( 'NONE', #1932, #4866, #1990, .T. ) ;
#2517 = EDGE_LOOP ( 'NONE', ( #2996, #54, #1624, #3704 ) ) ;
#2518 = AXIS2_PLACEMENT_3D ( 'NONE', #3208, #6562, #5827 ) ;
#2519 = CARTESIAN_POINT ( 'NONE',  ( 5.862414508838521776, -4.265512410784851660, 2.249999999999999556 ) ) ;
#2520 = ADVANCED_FACE ( 'NONE', ( #62 ), #5517, .T. ) ;
#2521 = B_SPLINE_CURVE_WITH_KNOTS ( 'NONE', 3,
 ( #1082, #5017, #7647, #1733 ),
 .UNSPECIFIED., .F., .F.,
 ( 4, 4 ),
 ( 6.133173666733496745E-19, 0.0005511928767350130843 ),
 .UNSPECIFIED. ) ;
#2522 = DIRECTION ( 'NONE',  ( 1.000000000000000000, 0.0000000000000000000, 0.0000000000000000000 ) ) ;
#2523 = CARTESIAN_POINT ( 'NONE',  ( 2.999999999999999556, -4.500000000000000000, -0.4000000000000000222 ) ) ;
#2524 = VECTOR ( 'NONE', #8449, 1000.000000000000000 ) ;
#2525 = LINE ( 'NONE', #6419, #168 ) ;
#2526 = CARTESIAN_POINT ( 'NONE',  ( -6.980157201460660765, -0.8149287962820467301, 2.027052200441478380 ) ) ;
#2527 = ORIENTED_EDGE ( 'NONE', *, *, #5802, .T. ) ;
#2528 = LINE ( 'NONE', #8286, #3998 ) ;
#2529 = FACE_OUTER_BOUND ( 'NONE', #6592, .T. ) ;
#2530 = EDGE_CURVE ( 'NONE', #3524, #6423, #7872, .T. ) ;
#2531 = VECTOR ( 'NONE', #6557, 1000.000000000000000 ) ;
#2532 = DIRECTION ( 'NONE',  ( -0.0000000000000000000, -0.0000000000000000000, 1.000000000000000000 ) ) ;
#2533 = CARTESIAN_POINT ( 'NONE',  ( 2.873797246170057829, 6.444613101577617797, 3.945737749221061463 ) ) ;
#2534 = ORIENTED_EDGE ( 'NONE', *, *, #6961, .F. ) ;
#2535 = DIRECTION ( 'NONE',  ( -0.0000000000000000000, -0.0000000000000000000, 1.000000000000000000 ) ) ;
#2536 = AXIS2_PLACEMENT_3D ( 'NONE', #6905, #2912, #3592 ) ;
#2537 = ORIENTED_EDGE ( 'NONE', *, *, #2618, .F. ) ;
#2538 = CARTESIAN_POINT ( 'NONE',  ( -8.673617379884179439E-16, -0.8000000000000085931, 0.0000000000000000000 ) ) ;
#2539 = CARTESIAN_POINT ( 'NONE',  ( -3.182712096523036216, -6.514049716623748765, 2.249999999999999556 ) ) ;
#2540 = STYLED_ITEM ( 'NONE', ( #6701 ), #4539 ) ;
#2541 = CARTESIAN_POINT ( 'NONE',  ( -5.270858399429544150, 6.281564433575399065, 4.000000000000000000 ) ) ;
#2542 = DIRECTION ( 'NONE',  ( 8.673617379884036458E-16, 1.000000000000000000, 0.0000000000000000000 ) ) ;
#2543 = LINE ( 'NONE', #8521, #3090 ) ;
#2544 = PLANE ( 'NONE',  #7460 ) ;
#2545 = ORIENTED_EDGE ( 'NONE', *, *, #1804, .T. ) ;
#2546 = DIRECTION ( 'NONE',  ( 1.000000000000000000, 0.0000000000000000000, 0.0000000000000000000 ) ) ;
#2547 = CIRCLE ( 'NONE', #7339, 7.000000000000000000 ) ;
#2548 = ORIENTED_EDGE ( 'NONE', *, *, #7168, .T. ) ;
#2549 = ORIENTED_EDGE ( 'NONE', *, *, #8387, .F. ) ;
#2550 = AXIS2_PLACEMENT_3D ( 'NONE', #1715, #1801, #4445 ) ;
#2551 = PLANE ( 'NONE',  #5415 ) ;
#2552 = ORIENTED_EDGE ( 'NONE', *, *, #3545, .T. ) ;
#2553 = AXIS2_PLACEMENT_3D ( 'NONE', #5110, #7746, #1830 ) ;
#2554 = DIRECTION ( 'NONE',  ( 1.000000000000000000, 0.0000000000000000000, 0.0000000000000000000 ) ) ;
#2555 = CARTESIAN_POINT ( 'NONE',  ( -5.160000000000005471, -7.249999999999997335, 3.491481338843134095E-17 ) ) ;
#2556 = EDGE_CURVE ( 'NONE', #5679, #6764, #5853, .T. ) ;
#2557 = EDGE_CURVE ( 'NONE', #3222, #5283, #6612, .T. ) ;
#2558 = ORIENTED_EDGE ( 'NONE', *, *, #417, .T. ) ;
#2559 = ORIENTED_EDGE ( 'NONE', *, *, #4706, .F. ) ;
#2560 = ORIENTED_EDGE ( 'NONE', *, *, #4609, .F. ) ;
#2561 = AXIS2_PLACEMENT_3D ( 'NONE', #4121, #6703, #3316 ) ;
#2562 = LINE ( 'NONE', #6626, #4082 ) ;
#2563 = VECTOR ( 'NONE', #2664, 1000.000000000000000 ) ;
#2564 = FACE_OUTER_BOUND ( 'NONE', #270, .T. ) ;
#2565 = CARTESIAN_POINT ( 'NONE',  ( -2.999999999999999556, -4.500000000000000000, -0.4000000000000000222 ) ) ;
#2566 = ORIENTED_EDGE ( 'NONE', *, *, #3147, .F. ) ;
#2567 = EDGE_CURVE ( 'NONE', #4306, #7699, #3289, .T. ) ;
#2568 = DIRECTION ( 'NONE',  ( -0.0000000000000000000, -0.0000000000000000000, -1.000000000000000000 ) ) ;
#2569 = CARTESIAN_POINT ( 'NONE',  ( -1.974999999999996314, -7.159999999999999254, -0.005000000000000000104 ) ) ;
#2570 = FACE_OUTER_BOUND ( 'NONE', #5080, .T. ) ;
#2571 = LINE ( 'NONE', #2487, #3666 ) ;
#2572 = EDGE_CURVE ( 'NONE', #4574, #1741, #7146, .T. ) ;
#2573 = EDGE_CURVE ( 'NONE', #5673, #3773, #8418, .T. ) ;
#2574 = CARTESIAN_POINT ( 'NONE',  ( -3.674999999999999822, -4.500000000000000000, -0.5000000000000000000 ) ) ;
#2575 = ORIENTED_EDGE ( 'NONE', *, *, #1257, .T. ) ;
#2576 = CARTESIAN_POINT ( 'NONE',  ( -0.9749999999999963141, -7.160000000000000142, 0.0000000000000000000 ) ) ;
#2577 = CIRCLE ( 'NONE', #5875, 0.7750000000000001332 ) ;
#2578 = CARTESIAN_POINT ( 'NONE',  ( -3.249999999999999556, -7.260000000000001563, 1.200000000000000178 ) ) ;
#2579 = DIRECTION ( 'NONE',  ( -0.0000000000000000000, -0.0000000000000000000, -1.000000000000000000 ) ) ;
#2580 = DIRECTION ( 'NONE',  ( 0.0000000000000000000, 0.0000000000000000000, 1.000000000000000000 ) ) ;
#2581 = ADVANCED_FACE ( 'NONE', ( #671 ), #3330, .F. ) ;
#2582 =( NAMED_UNIT ( * ) SI_UNIT ( $, .STERADIAN. ) SOLID_ANGLE_UNIT ( ) );
#2583 = VECTOR ( 'NONE', #4331, 1000.000000000000000 ) ;
#2584 = ORIENTED_EDGE ( 'NONE', *, *, #7135, .T. ) ;
#2585 = ORIENTED_EDGE ( 'NONE', *, *, #7322, .T. ) ;
#2586 = ORIENTED_EDGE ( 'NONE', *, *, #3825, .T. ) ;
#2587 = CARTESIAN_POINT ( 'NONE',  ( 4.089921896514932875, 5.863744502175531004, 3.851148186049366817 ) ) ;
#2588 = ORIENTED_EDGE ( 'NONE', *, *, #304, .F. ) ;
#2589 = CIRCLE ( 'NONE', #908, 7.000000000000003553 ) ;
#2590 = VECTOR ( 'NONE', #1988, 1000.000000000000000 ) ;
#2591 = CARTESIAN_POINT ( 'NONE',  ( -8.075423574699705398, -1.423915056869163198, 2.000000000000000000 ) ) ;
#2592 = DIRECTION ( 'NONE',  ( 1.000000000000000000, 0.0000000000000000000, 0.0000000000000000000 ) ) ;
#2593 = ORIENTED_EDGE ( 'NONE', *, *, #641, .F. ) ;
#2594 = CONICAL_SURFACE ( 'NONE', #4932, 7.250000000000000888, 0.7853981633974500554 ) ;
#2595 = CARTESIAN_POINT ( 'NONE',  ( 3.255000000000001670, -7.250000000000000000, 1.990000000000000435 ) ) ;
#2596 = ORIENTED_EDGE ( 'NONE', *, *, #838, .T. ) ;
#2597 = EDGE_LOOP ( 'NONE', ( #3365, #4116, #1223, #7059 ) ) ;
#2598 = CONICAL_SURFACE ( 'NONE', #4790, 7.250000000000000000, 0.7853981633974500554 ) ;
#2599 = ORIENTED_EDGE ( 'NONE', *, *, #7282, .T. ) ;
#2600 = EDGE_CURVE ( 'NONE', #1786, #8132, #7618, .T. ) ;
#2601 = PLANE ( 'NONE',  #7398 ) ;
#2602 =( LENGTH_UNIT ( ) NAMED_UNIT ( * ) SI_UNIT ( .MILLI., .METRE. ) );
#2603 = CARTESIAN_POINT ( 'NONE',  ( 0.0000000000000000000, 0.0000000000000000000, 3.750000000000000000 ) ) ;
#2604 = FACE_OUTER_BOUND ( 'NONE', #7581, .T. ) ;
#2605 = CARTESIAN_POINT ( 'NONE',  ( -3.036518773208056743, 6.467649537330057541, 2.144131816092755827 ) ) ;
#2606 = ORIENTED_EDGE ( 'NONE', *, *, #2186, .T. ) ;
#2607 = VERTEX_POINT ( 'NONE', #269 ) ;
#2608 = EDGE_CURVE ( 'NONE', #2419, #783, #394, .T. ) ;
#2609 = EDGE_CURVE ( 'NONE', #1359, #3553, #8422, .T. ) ;
#2610 = ADVANCED_FACE ( 'NONE', ( #104 ), #6843, .F. ) ;
#2611 = CYLINDRICAL_SURFACE ( 'NONE', #2833, 1.250000000000001110 ) ;
#2612 = CARTESIAN_POINT ( 'NONE',  ( -6.830159262260174557, 1.532620126502826308, 4.000000000000000000 ) ) ;
#2613 = DIRECTION ( 'NONE',  ( 0.0000000000000000000, 0.0000000000000000000, 1.000000000000000000 ) ) ;
#2614 = ORIENTED_EDGE ( 'NONE', *, *, #8558, .T. ) ;
#2615 = EDGE_CURVE ( 'NONE', #2378, #1564, #1013, .T. ) ;
#2616 = AXIS2_PLACEMENT_3D ( 'NONE', #6674, #1371, #4709 ) ;
#2617 = FACE_OUTER_BOUND ( 'NONE', #2281, .T. ) ;
#2618 = EDGE_CURVE ( 'NONE', #82, #3218, #2096, .T. ) ;
#2619 = DIRECTION ( 'NONE',  ( -0.7030231645968014753, -0.7111669494853501972, 0.0000000000000000000 ) ) ;
#2620 = DIRECTION ( 'NONE',  ( 1.000000000000000000, 0.0000000000000000000, 0.0000000000000000000 ) ) ;
#2621 = CARTESIAN_POINT ( 'NONE',  ( 0.0000000000000000000, 0.0000000000000000000, 2.000000000000000000 ) ) ;
#2622 = CIRCLE ( 'NONE', #3308, 1.250000000000000222 ) ;
#2623 = DIRECTION ( 'NONE',  ( -0.0000000000000000000, -0.0000000000000000000, 1.000000000000000000 ) ) ;
#2624 = CARTESIAN_POINT ( 'NONE',  ( 0.0000000000000000000, 0.0000000000000000000, 4.000000000000000000 ) ) ;
#2625 = ORIENTED_EDGE ( 'NONE', *, *, #5232, .F. ) ;
#2626 = ORIENTED_EDGE ( 'NONE', *, *, #7074, .T. ) ;
#2627 = ORIENTED_EDGE ( 'NONE', *, *, #7492, .T. ) ;
#2628 = LINE ( 'NONE', #5921, #2677 ) ;
#2629 = ORIENTED_EDGE ( 'NONE', *, *, #7863, .T. ) ;
#2630 = AXIS2_PLACEMENT_3D ( 'NONE', #362, #3617, #1023 ) ;
#2631 = EDGE_CURVE ( 'NONE', #8366, #3980, #1671, .T. ) ;
#2632 = SURFACE_SIDE_STYLE ('',( #5288 ) ) ;
#2633 = DIRECTION ( 'NONE',  ( -1.000000000000000000, 0.0000000000000000000, 0.0000000000000000000 ) ) ;
#2634 = CARTESIAN_POINT ( 'NONE',  ( -0.9749999999999963141, -7.160000000000000142, -0.005000000000000000104 ) ) ;
#2635 = AXIS2_PLACEMENT_3D ( 'NONE', #3013, #3570, #6226 ) ;
#2636 = VECTOR ( 'NONE', #1941, 1000.000000000000000 ) ;
#2637 = LINE ( 'NONE', #7307, #2524 ) ;
#2638 = SURFACE_STYLE_FILL_AREA ( #7801 ) ;
#2639 = ORIENTED_EDGE ( 'NONE', *, *, #3504, .T. ) ;
#2640 = ORIENTED_EDGE ( 'NONE', *, *, #4631, .T. ) ;
#2641 =( NAMED_UNIT ( * ) SI_UNIT ( $, .STERADIAN. ) SOLID_ANGLE_UNIT ( ) );
#2642 = ORIENTED_EDGE ( 'NONE', *, *, #3129, .T. ) ;
#2643 = FILL_AREA_STYLE_COLOUR ( '', #771 ) ;
#2644 = DIRECTION ( 'NONE',  ( -0.0000000000000000000, -0.0000000000000000000, -1.000000000000000000 ) ) ;
#2645 = EDGE_CURVE ( 'NONE', #6652, #3565, #4010, .T. ) ;
#2646 = CARTESIAN_POINT ( 'NONE',  ( 5.159999999999998366, -7.250000000000000000, 1.969999999999999973 ) ) ;
#2647 = CARTESIAN_POINT ( 'NONE',  ( 0.0000000000000000000, 0.0000000000000000000, 4.000000000000000000 ) ) ;
#2648 = CARTESIAN_POINT ( 'NONE',  ( -5.218707288899042673, -5.032652802726609309, 2.249999999999999556 ) ) ;
#2649 = CARTESIAN_POINT ( 'NONE',  ( -3.499999999999999556, -7.159999999999999254, 0.0000000000000000000 ) ) ;
#2650 = AXIS2_PLACEMENT_3D ( 'NONE', #853, #4839, #1682 ) ;
#2651 = ORIENTED_EDGE ( 'NONE', *, *, #8126, .T. ) ;
#2652 = UNCERTAINTY_MEASURE_WITH_UNIT (LENGTH_MEASURE( 1.000000000000000082E-05 ), #1533, 'distance_accuracy_value', 'NONE');
#2653 = DIRECTION ( 'NONE',  ( -0.7111669494853621876, 0.7030231645967892629, -0.0000000000000000000 ) ) ;
#2654 = AXIS2_PLACEMENT_3D ( 'NONE', #3652, #6271, #8229 ) ;
#2655 = PLANE ( 'NONE',  #6561 ) ;
#2656 = DIRECTION ( 'NONE',  ( 0.0000000000000000000, 0.0000000000000000000, -1.000000000000000000 ) ) ;
#2657 = CARTESIAN_POINT ( 'NONE',  ( -3.100995205898505969, 2.638885918508802497, 0.4299591213836871373 ) ) ;
#2658 = LINE ( 'NONE', #1953, #2531 ) ;
#2659 = CARTESIAN_POINT ( 'NONE',  ( -6.217354776144373929, 3.216286614646576503, 2.000000000000000000 ) ) ;
#2660 = EDGE_CURVE ( 'NONE', #4335, #2913, #2331, .T. ) ;
#2661 = VERTEX_POINT ( 'NONE', #924 ) ;
#2662 = AXIS2_PLACEMENT_3D ( 'NONE', #4669, #631, #8545 ) ;
#2663 = CARTESIAN_POINT ( 'NONE',  ( 5.160000000000005471, -5.900000000000001243, 0.1392243887514869882 ) ) ;
#2664 = DIRECTION ( 'NONE',  ( 1.196361017915039486E-16, -1.000000000000000000, 0.0000000000000000000 ) ) ;
#2665 = CARTESIAN_POINT ( 'NONE',  ( -0.4962985691810974931, 7.038851921396682698, 2.054262250778973620 ) ) ;
#2666 = AXIS2_PLACEMENT_3D ( 'NONE', #8438, #7834, #2546 ) ;
#2667 = EDGE_LOOP ( 'NONE', ( #4671, #619, #6088, #4537 ) ) ;
#2668 = EDGE_CURVE ( 'NONE', #8158, #759, #1304, .T. ) ;
#2669 = ORIENTED_EDGE ( 'NONE', *, *, #4555, .F. ) ;
#2670 = ORIENTED_EDGE ( 'NONE', *, *, #5656, .F. ) ;
#2671 = VERTEX_POINT ( 'NONE', #4221 ) ;
#2672 = AXIS2_PLACEMENT_3D ( 'NONE', #2783, #1562, #4107 ) ;
#2673 = DIRECTION ( 'NONE',  ( -1.000000000000000000, 0.0000000000000000000, 0.0000000000000000000 ) ) ;
#2674 = DIRECTION ( 'NONE',  ( -0.0000000000000000000, -0.0000000000000000000, 1.000000000000000000 ) ) ;
#2675 = DIRECTION ( 'NONE',  ( -1.000000000000000000, 0.0000000000000000000, -0.0000000000000000000 ) ) ;
#2676 = VECTOR ( 'NONE', #7177, 1000.000000000000000 ) ;
#2677 = VECTOR ( 'NONE', #5243, 1000.000000000000000 ) ;
#2678 = ORIENTED_EDGE ( 'NONE', *, *, #4531, .T. ) ;
#2679 = FACE_OUTER_BOUND ( 'NONE', #2258, .T. ) ;
#2680 = EDGE_CURVE ( 'NONE', #8047, #4690, #3572, .T. ) ;
#2681 = EDGE_LOOP ( 'NONE', ( #872, #3997, #4783, #7552, #7658 ) ) ;
#2682 = ORIENTED_EDGE ( 'NONE', *, *, #1936, .T. ) ;
#2683 = EDGE_CURVE ( 'NONE', #354, #262, #3856, .T. ) ;
#2684 = DIRECTION ( 'NONE',  ( -1.000000000000000000, 0.0000000000000000000, 0.0000000000000000000 ) ) ;
#2685 = ORIENTED_EDGE ( 'NONE', *, *, #5995, .F. ) ;
#2686 = DIRECTION ( 'NONE',  ( 0.0000000000000000000, 1.000000000000000000, 0.0000000000000000000 ) ) ;
#2687 = AXIS2_PLACEMENT_3D ( 'NONE', #3757, #4369, #6985 ) ;
#2688 =( GEOMETRIC_REPRESENTATION_CONTEXT ( 3 ) GLOBAL_UNCERTAINTY_ASSIGNED_CONTEXT ( ( #8081 ) ) GLOBAL_UNIT_ASSIGNED_CONTEXT ( ( #8173, #1619, #8007 ) ) REPRESENTATION_CONTEXT ( 'NONE', 'WORKASPACE' ) );
#2689 =( NAMED_UNIT ( * ) PLANE_ANGLE_UNIT ( ) SI_UNIT ( $, .RADIAN. ) );
#2690 = PRESENTATION_STYLE_ASSIGNMENT (( #5978 ) ) ;
#2691 = CARTESIAN_POINT ( 'NONE',  ( -4.500000000000000000, -7.159999999999999254, -0.005000000000000000104 ) ) ;
#2692 = DIRECTION ( 'NONE',  ( 1.000000000000000000, 0.0000000000000000000, 0.0000000000000000000 ) ) ;
#2693 = FACE_OUTER_BOUND ( 'NONE', #6307, .T. ) ;
#2694 = VECTOR ( 'NONE', #2166, 1000.000000000000000 ) ;
#2695 = CARTESIAN_POINT ( 'NONE',  ( -2.695380892068505840, 6.460257103759256658, 2.000000000000000000 ) ) ;
#2696 = VECTOR ( 'NONE', #96, 1000.000000000000000 ) ;
#2697 = ORIENTED_EDGE ( 'NONE', *, *, #3568, .T. ) ;
#2698 = B_SPLINE_CURVE_WITH_KNOTS ( 'NONE', 3,
 ( #5605, #5256, #5179, #6544, #7106, #5814 ),
 .UNSPECIFIED., .F., .F.,
 ( 4, 2, 4 ),
 ( 0.0000000000000000000, 0.0002759767003081767256, 0.0005519534006163534512 ),
 .UNSPECIFIED. ) ;
#2699 = PRESENTATION_LAYER_ASSIGNMENT (  '', '', ( #5708 ) ) ;
#2700 = CARTESIAN_POINT ( 'NONE',  ( 5.159999999999998366, -0.8000000000000042633, 0.5000000000000000000 ) ) ;
#2701 = LINE ( 'NONE', #3421, #3811 ) ;
#2702 = LINE ( 'NONE', #3381, #8386 ) ;
#2703 = CARTESIAN_POINT ( 'NONE',  ( 5.150000000000000355, -1.163414459190184377E-16, 0.0000000000000000000 ) ) ;
#2704 = AXIS2_PLACEMENT_3D ( 'NONE', #2319, #7524, #864 ) ;
#2705 = ORIENTED_EDGE ( 'NONE', *, *, #4039, .T. ) ;
#2706 = SURFACE_STYLE_USAGE ( .BOTH. , #7204 ) ;
#2707 = EDGE_CURVE ( 'NONE', #8152, #584, #566, .T. ) ;
#2708 = CARTESIAN_POINT ( 'NONE',  ( 8.075423574700385743, 1.423915056869163864, 4.000000000000000000 ) ) ;
#2709 = EDGE_CURVE ( 'NONE', #6814, #4535, #2788, .T. ) ;
#2710 = CARTESIAN_POINT ( 'NONE',  ( 0.0000000000000000000, 0.0000000000000000000, 0.5000000000000000000 ) ) ;
#2711 = ORIENTED_EDGE ( 'NONE', *, *, #8558, .F. ) ;
#2712 = ORIENTED_EDGE ( 'NONE', *, *, #5801, .T. ) ;
#2713 = VERTEX_POINT ( 'NONE', #5159 ) ;
#2714 = DIRECTION ( 'NONE',  ( 0.0000000000000000000, 0.0000000000000000000, 1.000000000000000000 ) ) ;
#2715 = EDGE_LOOP ( 'NONE', ( #6179, #2836, #8465, #3064, #8315, #6199, #4310, #3150, #3544, #7160, #7922, #7804, #2966, #6702, #5506, #3111, #4129, #4118, #5239, #1574, #3594, #4833, #5401, #1315, #1744, #4001, #4564, #6753, #492, #6446, #6737, #8285 ) ) ;
#2716 = ADVANCED_FACE ( 'NONE', ( #4438 ), #7791, .T. ) ;
#2717 = CARTESIAN_POINT ( 'NONE',  ( 0.0000000000000000000, 0.0000000000000000000, 4.000000000000000000 ) ) ;
#2718 = ADVANCED_FACE ( 'NONE', ( #8435 ), #5074, .F. ) ;
#2719 = AXIS2_PLACEMENT_3D ( 'NONE', #1129, #7077, #1867 ) ;
#2720 = DIRECTION ( 'NONE',  ( 1.000000000000000000, 0.0000000000000000000, 0.0000000000000000000 ) ) ;
#2721 = VERTEX_POINT ( 'NONE', #7128 ) ;
#2722 = LINE ( 'NONE', #2595, #7313 ) ;
#2723 = ORIENTED_EDGE ( 'NONE', *, *, #4114, .T. ) ;
#2724 = ORIENTED_EDGE ( 'NONE', *, *, #3445, .T. ) ;
#2725 = LINE ( 'NONE', #5339, #8444 ) ;
#2726 = VERTEX_POINT ( 'NONE', #1922 ) ;
#2727 = AXIS2_PLACEMENT_3D ( 'NONE', #1201, #5813, #6335 ) ;
#2728 =( LENGTH_UNIT ( ) NAMED_UNIT ( * ) SI_UNIT ( .MILLI., .METRE. ) );
#2729 = ADVANCED_FACE ( 'NONE', ( #7707 ), #2544, .T. ) ;
#2730 = DIRECTION ( 'NONE',  ( 0.0000000000000000000, 0.0000000000000000000, 1.000000000000000000 ) ) ;
#2731 = CARTESIAN_POINT ( 'NONE',  ( 0.0000000000000000000, 0.0000000000000000000, 4.000000000000000000 ) ) ;
#2732 = CARTESIAN_POINT ( 'NONE',  ( 6.830159262260666608, -1.532620126500623181, 4.000000000000000000 ) ) ;
#2733 = ORIENTED_EDGE ( 'NONE', *, *, #547, .T. ) ;
#2734 = DIRECTION ( 'NONE',  ( -1.000000000000000000, 0.0000000000000000000, 0.0000000000000000000 ) ) ;
#2735 = PRODUCT_DEFINITION_SHAPE ( 'NONE', 'NONE',  #4594 ) ;
#2736 = DIRECTION ( 'NONE',  ( -0.0000000000000000000, -0.0000000000000000000, -1.000000000000000000 ) ) ;
#2737 = DIRECTION ( 'NONE',  ( 0.7111669494853621876, 0.7030231645967893739, 3.613946018757868503E-15 ) ) ;
#2738 = CARTESIAN_POINT ( 'NONE',  ( -2.804565175269823740, -7.705479490444564483, 4.000000000000000000 ) ) ;
#2739 = LINE ( 'NONE', #7285, #6780 ) ;
#2740 = CARTESIAN_POINT ( 'NONE',  ( -5.159999999999999254, -4.724710424241401974, 1.969999999999999973 ) ) ;
#2741 = ORIENTED_EDGE ( 'NONE', *, *, #6974, .T. ) ;
#2742 = CARTESIAN_POINT ( 'NONE',  ( 2.894821588564008952, 2.861672122991793188, 1.969999999999999529 ) ) ;
#2743 = LINE ( 'NONE', #3892, #6615 ) ;
#2744 = DIRECTION ( 'NONE',  ( 1.000000000000000000, 5.329070518200751394E-15, 0.0000000000000000000 ) ) ;
#2745 = DIRECTION ( 'NONE',  ( 1.000000000000000000, 0.0000000000000000000, 0.0000000000000000000 ) ) ;
#2746 = PLANE ( 'NONE',  #1248 ) ;
#2747 = EDGE_CURVE ( 'NONE', #6711, #3101, #4563, .T. ) ;
#2748 = ORIENTED_EDGE ( 'NONE', *, *, #6474, .F. ) ;
#2749 = CIRCLE ( 'NONE', #5623, 1.249999999999994227 ) ;
#2750 = CARTESIAN_POINT ( 'NONE',  ( -7.025221500050585099, 0.7410826313098271001, 3.936143960792995777 ) ) ;
#2751 = ORIENTED_EDGE ( 'NONE', *, *, #41, .F. ) ;
#2752 = ORIENTED_EDGE ( 'NONE', *, *, #2807, .T. ) ;
#2753 = VERTEX_POINT ( 'NONE', #5035 ) ;
#2754 = DIRECTION ( 'NONE',  ( -0.0000000000000000000, -0.0000000000000000000, -1.000000000000000000 ) ) ;
#2755 = VECTOR ( 'NONE', #2421, 1000.000000000000000 ) ;
#2756 = CARTESIAN_POINT ( 'NONE',  ( 2.674424632239815303, 3.070397864182844216, 1.431521299068695704E-14 ) ) ;
#2757 = DIRECTION ( 'NONE',  ( -0.0000000000000000000, 1.000000000000000000, -0.0000000000000000000 ) ) ;
#2758 = EDGE_CURVE ( 'NONE', #6662, #2925, #1534, .T. ) ;
#2759 = ORIENTED_EDGE ( 'NONE', *, *, #7012, .T. ) ;
#2760 = CARTESIAN_POINT ( 'NONE',  ( -2.999999999999999556, -4.500000000000000000, -0.4000000000000000222 ) ) ;
#2761 = VERTEX_POINT ( 'NONE', #2418 ) ;
#2762 = VECTOR ( 'NONE', #3701, 1000.000000000000114 ) ;
#2763 = FILL_AREA_STYLE ('',( #8016 ) ) ;
#2764 = ORIENTED_EDGE ( 'NONE', *, *, #3044, .F. ) ;
#2765 = ADVANCED_FACE ( 'NONE', ( #7664 ), #3176, .T. ) ;
#2766 = CARTESIAN_POINT ( 'NONE',  ( -3.499999999999999556, -7.259999999999998899, 0.5000000000000000000 ) ) ;
#2767 = CARTESIAN_POINT ( 'NONE',  ( 4.742367595032114025, -5.148781369760159876, 2.000000000000000000 ) ) ;
#2768 = AXIS2_PLACEMENT_3D ( 'NONE', #3402, #6010, #2633 ) ;
#2769 =( GEOMETRIC_REPRESENTATION_CONTEXT ( 3 ) GLOBAL_UNCERTAINTY_ASSIGNED_CONTEXT ( ( #4802 ) ) GLOBAL_UNIT_ASSIGNED_CONTEXT ( ( #4100, #8064, #2213 ) ) REPRESENTATION_CONTEXT ( 'NONE', 'WORKASPACE' ) );
#2770 = DIRECTION ( 'NONE',  ( 0.0000000000000000000, 0.0000000000000000000, -1.000000000000000000 ) ) ;
#2771 = CARTESIAN_POINT ( 'NONE',  ( 0.0000000000000000000, -7.160000000000000142, 0.0000000000000000000 ) ) ;
#2772 = CARTESIAN_POINT ( 'NONE',  ( 3.250000000000002220, 0.0000000000000000000, 2.000000000000000000 ) ) ;
#2773 = VERTEX_POINT ( 'NONE', #2009 ) ;
#2774 = EDGE_CURVE ( 'NONE', #8549, #6937, #6695, .T. ) ;
#2775 = AXIS2_PLACEMENT_3D ( 'NONE', #2738, #3253, #28 ) ;
#2776 = CARTESIAN_POINT ( 'NONE',  ( 0.0000000000000000000, 0.0000000000000000000, 4.000000000000000000 ) ) ;
#2777 = CARTESIAN_POINT ( 'NONE',  ( 5.150000000000000355, -4.724710424241401974, 1.988239158481577507 ) ) ;
#2778 = CARTESIAN_POINT ( 'NONE',  ( -1.974999999999996314, -7.259999999999998899, 0.5000000000000000000 ) ) ;
#2779 = CIRCLE ( 'NONE', #3864, 6.999999999999996447 ) ;
#2780 = CARTESIAN_POINT ( 'NONE',  ( -4.195827640586105467, 5.637529060732738628, 2.027052200441457952 ) ) ;
#2781 = CARTESIAN_POINT ( 'NONE',  ( 1.749051531139097060, -7.035859488464788036, 3.750000000000003997 ) ) ;
#2782 = DIRECTION ( 'NONE',  ( -1.000000000000000000, -0.0000000000000000000, 3.486881358747351719E-15 ) ) ;
#2783 = CARTESIAN_POINT ( 'NONE',  ( -3.249999999999999556, -7.229999999999999538, 1.970000000000000417 ) ) ;
#2784 = SURFACE_SIDE_STYLE ('',( #4022 ) ) ;
#2785 = ADVANCED_FACE ( 'NONE', ( #779 ), #2746, .T. ) ;
#2786 = EDGE_LOOP ( 'NONE', ( #2552, #664, #8065, #6609, #2980, #3017, #7837, #210, #2480, #3657, #6265, #8254, #6684, #6579, #5411, #6666, #8568, #448, #2548, #5336, #3232, #6917, #7532, #6221, #7848, #6930, #4387, #3557, #5763, #6033, #5247, #6137, #2752, #3828, #3472, #3564, #5125, #3739, #8098 ) ) ;
#2787 = FACE_OUTER_BOUND ( 'NONE', #2681, .T. ) ;
#2788 = CIRCLE ( 'NONE', #4157, 3.500000000000000000 ) ;
#2789 = CARTESIAN_POINT ( 'NONE',  ( -4.066399021985574791, -5.938585211214211235, 3.802824953243157502 ) ) ;
#2790 = LINE ( 'NONE', #734, #3265 ) ;
#2791 = VECTOR ( 'NONE', #712, 1000.000000000000000 ) ;
#2792 = ORIENTED_EDGE ( 'NONE', *, *, #3236, .F. ) ;
#2793 = SURFACE_STYLE_FILL_AREA ( #130 ) ;
#2794 = ORIENTED_EDGE ( 'NONE', *, *, #2668, .F. ) ;
#2795 = ORIENTED_EDGE ( 'NONE', *, *, #4134, .T. ) ;
#2796 = ORIENTED_EDGE ( 'NONE', *, *, #2774, .T. ) ;
#2797 = VECTOR ( 'NONE', #478, 1000.000000000000000 ) ;
#2798 =( NAMED_UNIT ( * ) PLANE_ANGLE_UNIT ( ) SI_UNIT ( $, .RADIAN. ) );
#2799 = DIRECTION ( 'NONE',  ( 3.486881358747350930E-15, -1.307580509530256549E-15, 1.000000000000000000 ) ) ;
#2800 = CARTESIAN_POINT ( 'NONE',  ( -7.000000000000000888, 0.0000000000000000000, 4.000000000000000000 ) ) ;
#2801 = ORIENTED_EDGE ( 'NONE', *, *, #5474, .T. ) ;
#2802 = EDGE_LOOP ( 'NONE', ( #2751, #3219, #6306, #7708 ) ) ;
#2803 = AXIS2_PLACEMENT_3D ( 'NONE', #119, #905, #5400 ) ;
#2804 = DIRECTION ( 'NONE',  ( -0.7111669494853500861, 0.7030231645968015863, 0.0000000000000000000 ) ) ;
#2805 = VERTEX_POINT ( 'NONE', #1440 ) ;
#2806 = LINE ( 'NONE', #5426, #1287 ) ;
#2807 = EDGE_CURVE ( 'NONE', #591, #2846, #3604, .T. ) ;
#2808 = CONICAL_SURFACE ( 'NONE', #1999, 6.999999999999999112, 0.7853981633974482790 ) ;
#2809 = CARTESIAN_POINT ( 'NONE',  ( 3.182712096523296452, 6.514049716623620867, 2.250000000000001776 ) ) ;
#2810 = CIRCLE ( 'NONE', #4469, 7.000000000000000888 ) ;
#2811 = EDGE_CURVE ( 'NONE', #6786, #4742, #6350, .T. ) ;
#2812 = EDGE_CURVE ( 'NONE', #8014, #207, #8522, .T. ) ;
#2813 = DIRECTION ( 'NONE',  ( -1.000000000000000000, 0.0000000000000000000, 0.0000000000000000000 ) ) ;
#2814 = PRESENTATION_STYLE_ASSIGNMENT (( #3450 ) ) ;
#2815 = VERTEX_POINT ( 'NONE', #1965 ) ;
#2816 = MECHANICAL_DESIGN_GEOMETRIC_PRESENTATION_REPRESENTATION (  '', ( #7070 ), #8455 ) ;
#2817 = AXIS2_PLACEMENT_3D ( 'NONE', #2271, #817, #4110 ) ;
#2818 = EDGE_CURVE ( 'NONE', #4507, #7098, #5323, .T. ) ;
#2819 = CARTESIAN_POINT ( 'NONE',  ( -3.036990180444823384, 2.575613833695106880, -0.01000000000000000021 ) ) ;
#2820 = LINE ( 'NONE', #1511, #5464 ) ;
#2821 = AXIS2_PLACEMENT_3D ( 'NONE', #1788, #7041, #436 ) ;
#2822 = CARTESIAN_POINT ( 'NONE',  ( 1.941061039838955837, -6.784101317104567208, 3.945737749221061463 ) ) ;
#2823 = LINE ( 'NONE', #7560, #2498 ) ;
#2824 = CARTESIAN_POINT ( 'NONE',  ( -3.036990180444823384, 2.575613833695106880, -0.01000000000000000021 ) ) ;
#2825 = ORIENTED_EDGE ( 'NONE', *, *, #4794, .F. ) ;
#2826 = CARTESIAN_POINT ( 'NONE',  ( 3.642323042638026642, 2.091287367405080477, 0.4299591213836871373 ) ) ;
#2827 = AXIS2_PLACEMENT_3D ( 'NONE', #920, #4302, #4218 ) ;
#2828 = CARTESIAN_POINT ( 'NONE',  ( 5.218707288899438801, -5.032652802726199859, 2.249999999999999556 ) ) ;
#2829 = STYLED_ITEM ( 'NONE', ( #4305 ), #5609 ) ;
#2830 = CARTESIAN_POINT ( 'NONE',  ( 5.159999999999999254, -6.173222852441604605E-16, 1.969999999999999973 ) ) ;
#2831 = DIRECTION ( 'NONE',  ( -0.7111669494853619655, -0.7030231645967894849, 0.0000000000000000000 ) ) ;
#2832 = B_SPLINE_CURVE_WITH_KNOTS ( 'NONE', 3,
 ( #7408, #4187, #196, #6808 ),
 .UNSPECIFIED., .F., .F.,
 ( 4, 4 ),
 ( 0.0000000000000000000, 0.0005511928767346690669 ),
 .UNSPECIFIED. ) ;
#2833 = AXIS2_PLACEMENT_3D ( 'NONE', #3884, #2736, #2086 ) ;
#2834 = ORIENTED_EDGE ( 'NONE', *, *, #6162, .T. ) ;
#2835 = FACE_OUTER_BOUND ( 'NONE', #7857, .T. ) ;
#2836 = ORIENTED_EDGE ( 'NONE', *, *, #5482, .T. ) ;
#2837 = ORIENTED_EDGE ( 'NONE', *, *, #2866, .F. ) ;
#2838 = ORIENTED_EDGE ( 'NONE', *, *, #7113, .F. ) ;
#2839 = EDGE_CURVE ( 'NONE', #3540, #1983, #1215, .T. ) ;
#2840 = LINE ( 'NONE', #6791, #6886 ) ;
#2841 = DIRECTION ( 'NONE',  ( -0.0000000000000000000, 0.0000000000000000000, -1.000000000000000000 ) ) ;
#2842 = VERTEX_POINT ( 'NONE', #649 ) ;
#2843 = LINE ( 'NONE', #6144, #6082 ) ;
#2844 = ORIENTED_EDGE ( 'NONE', *, *, #110, .F. ) ;
#2845 = VERTEX_POINT ( 'NONE', #2149 ) ;
#2846 = VERTEX_POINT ( 'NONE', #5282 ) ;
#2847 = DIRECTION ( 'NONE',  ( -0.7030231645967891518, 0.7111669494853622986, 1.952253305585912822E-17 ) ) ;
#2848 = AXIS2_PLACEMENT_3D ( 'NONE', #4521, #8431, #7043 ) ;
#2849 = CARTESIAN_POINT ( 'NONE',  ( 2.784329560873699982, 6.452457857015156506, 2.027052200441405105 ) ) ;
#2850 = LINE ( 'NONE', #5467, #5908 ) ;
#2851 =( NAMED_UNIT ( * ) SI_UNIT ( $, .STERADIAN. ) SOLID_ANGLE_UNIT ( ) );
#2852 = CARTESIAN_POINT ( 'NONE',  ( -5.270858399429021901, -6.281564433575838713, 4.000000000000000000 ) ) ;
#2853 = EDGE_LOOP ( 'NONE', ( #4454, #4080, #7215, #5824 ) ) ;
#2854 = VECTOR ( 'NONE', #7593, 1000.000000000000000 ) ;
#2855 = CARTESIAN_POINT ( 'NONE',  ( -3.246333170862404138, 2.506088648249112705, 1.969999999999999973 ) ) ;
#2856 = CIRCLE ( 'NONE', #900, 1.249999999999998446 ) ;
#2857 = VERTEX_POINT ( 'NONE', #5917 ) ;
#2858 = EDGE_CURVE ( 'NONE', #8342, #5161, #6648, .T. ) ;
#2859 = PLANE ( 'NONE',  #6551 ) ;
#2860 = VECTOR ( 'NONE', #5905, 1000.000000000000114 ) ;
#2861 = CARTESIAN_POINT ( 'NONE',  ( 5.851408311032563425, 4.100000000000294520, 4.000000000000000000 ) ) ;
#2862 = LINE ( 'NONE', #2952, #863 ) ;
#2863 = LINE ( 'NONE', #8033, #6344 ) ;
#2864 = ORIENTED_EDGE ( 'NONE', *, *, #5504, .T. ) ;
#2865 = CARTESIAN_POINT ( 'NONE',  ( 3.246333170862406803, 2.506088648249115369, 0.9699999999999999734 ) ) ;
#2866 = EDGE_CURVE ( 'NONE', #5338, #2979, #4076, .T. ) ;
#2867 = FACE_OUTER_BOUND ( 'NONE', #7892, .T. ) ;
#2868 = DIRECTION ( 'NONE',  ( -1.000000000000000000, 0.0000000000000000000, 0.0000000000000000000 ) ) ;
#2869 = ORIENTED_EDGE ( 'NONE', *, *, #272, .F. ) ;
#2870 =( GEOMETRIC_REPRESENTATION_CONTEXT ( 3 ) GLOBAL_UNCERTAINTY_ASSIGNED_CONTEXT ( ( #7902 ) ) GLOBAL_UNIT_ASSIGNED_CONTEXT ( ( #2602, #1324, #1281 ) ) REPRESENTATION_CONTEXT ( 'NONE', 'WORKASPACE' ) );
#2871 = DIRECTION ( 'NONE',  ( -1.000000000000000000, -0.0000000000000000000, -0.0000000000000000000 ) ) ;
#2872 = EDGE_CURVE ( 'NONE', #4226, #5709, #127, .T. ) ;
#2873 = LINE ( 'NONE', #5530, #1542 ) ;
#2874 = CARTESIAN_POINT ( 'NONE',  ( -1.837750690686174471, 6.908953112105292504, 2.148851813950693135 ) ) ;
#2875 = DIRECTION ( 'NONE',  ( -0.7111669494853590789, -0.7030231645967924825, 0.0000000000000000000 ) ) ;
#2876 = LINE ( 'NONE', #2232, #3860 ) ;
#2877 = ORIENTED_EDGE ( 'NONE', *, *, #947, .T. ) ;
#2878 = EDGE_CURVE ( 'NONE', #673, #7993, #5934, .T. ) ;
#2879 = ORIENTED_EDGE ( 'NONE', *, *, #1748, .F. ) ;
#2880 = CARTESIAN_POINT ( 'NONE',  ( -1.749051531138295479, 7.035859488464986988, 2.250000000000001776 ) ) ;
#2881 = ORIENTED_EDGE ( 'NONE', *, *, #5601, .T. ) ;
#2882 = ORIENTED_EDGE ( 'NONE', *, *, #7700, .T. ) ;
#2883 = SURFACE_STYLE_FILL_AREA ( #3566 ) ;
#2884 = ORIENTED_EDGE ( 'NONE', *, *, #4405, .T. ) ;
#2885 = B_SPLINE_CURVE_WITH_KNOTS ( 'NONE', 3,
 ( #2732, #3417, #5345, #5765 ),
 .UNSPECIFIED., .F., .F.,
 ( 4, 4 ),
 ( 4.336808689942017255E-19, 0.0005511928767355794715 ),
 .UNSPECIFIED. ) ;
#2886 = LINE ( 'NONE', #180, #42 ) ;
#2887 = LINE ( 'NONE', #5501, #1931 ) ;
#2888 = DIRECTION ( 'NONE',  ( -0.7030231645968014753, 0.7111669494853501972, 0.0000000000000000000 ) ) ;
#2889 = ORIENTED_EDGE ( 'NONE', *, *, #304, .T. ) ;
#2890 = VERTEX_POINT ( 'NONE', #1214 ) ;
#2891 = LINE ( 'NONE', #4225, #1979 ) ;
#2892 = EDGE_LOOP ( 'NONE', ( #2879, #714, #5931, #4536 ) ) ;
#2893 = ADVANCED_FACE ( 'NONE', ( #645 ), #2047, .F. ) ;
#2894 = EDGE_CURVE ( 'NONE', #7180, #2302, #604, .T. ) ;
#2895 = CIRCLE ( 'NONE', #797, 1.250000000000001110 ) ;
#2896 = CARTESIAN_POINT ( 'NONE',  ( 3.250000000000002220, -7.224999999999999645, 1.990000000000000435 ) ) ;
#2897 = CARTESIAN_POINT ( 'NONE',  ( -0.7546131235688392502, 0.7633545239406820393, 2.000000000000000000 ) ) ;
#2898 = AXIS2_PLACEMENT_3D ( 'NONE', #8248, #7519, #2868 ) ;
#2899 = PLANE ( 'NONE',  #7501 ) ;
#2900 = VECTOR ( 'NONE', #5525, 1000.000000000000000 ) ;
#2901 = FACE_OUTER_BOUND ( 'NONE', #5085, .T. ) ;
#2902 = EDGE_LOOP ( 'NONE', ( #95, #834 ) ) ;
#2903 = MECHANICAL_DESIGN_GEOMETRIC_PRESENTATION_REPRESENTATION (  '', ( #952 ), #256 ) ;
#2904 = LINE ( 'NONE', #6073, #3945 ) ;
#2905 = DIRECTION ( 'NONE',  ( 0.7030231645967891518, 0.7111669494853622986, -5.950918345265205939E-16 ) ) ;
#2906 = CARTESIAN_POINT ( 'NONE',  ( 0.0000000000000000000, 0.0000000000000000000, 1.989999999999999991 ) ) ;
#2907 = SURFACE_SIDE_STYLE ('',( #6820 ) ) ;
#2908 = ORIENTED_EDGE ( 'NONE', *, *, #8177, .T. ) ;
#2909 = CARTESIAN_POINT ( 'NONE',  ( -2.118873456510573572, 3.603935951994632347, 1.969999999999999085 ) ) ;
#2910 = PRESENTATION_LAYER_ASSIGNMENT (  '', '', ( #6890 ) ) ;
#2911 = AXIS2_PLACEMENT_3D ( 'NONE', #4969, #4372, #5775 ) ;
#2912 = DIRECTION ( 'NONE',  ( 0.0000000000000000000, 0.0000000000000000000, -1.000000000000000000 ) ) ;
#2913 = VERTEX_POINT ( 'NONE', #4683 ) ;
#2914 = CARTESIAN_POINT ( 'NONE',  ( 5.150000000000003908, -4.724710424241401974, 0.9882391584815776175 ) ) ;
#2915 = CARTESIAN_POINT ( 'NONE',  ( -6.210310043996970187E-15, -7.160000000000000142, 0.0000000000000000000 ) ) ;
#2916 = CARTESIAN_POINT ( 'NONE',  ( -5.862414508837596294, -4.265512410786125308, 2.249999999999999556 ) ) ;
#2917 = VECTOR ( 'NONE', #4323, 1000.000000000000000 ) ;
#2918 = LINE ( 'NONE', #4248, #488 ) ;
#2919 = EDGE_CURVE ( 'NONE', #2334, #53, #2743, .T. ) ;
#2920 = EDGE_CURVE ( 'NONE', #6783, #2384, #8282, .T. ) ;
#2921 = EDGE_CURVE ( 'NONE', #300, #7179, #731, .T. ) ;
#2922 = ORIENTED_EDGE ( 'NONE', *, *, #5684, .F. ) ;
#2923 = VERTEX_POINT ( 'NONE', #5194 ) ;
#2924 = DIRECTION ( 'NONE',  ( 0.0000000000000000000, -1.084202172485498123E-14, 1.000000000000000000 ) ) ;
#2925 = VERTEX_POINT ( 'NONE', #6512 ) ;
#2926 = ORIENTED_EDGE ( 'NONE', *, *, #4290, .F. ) ;
#2927 = VECTOR ( 'NONE', #5954, 1000.000000000000114 ) ;
#2928 = PRESENTATION_STYLE_ASSIGNMENT (( #6178 ) ) ;
#2929 = ORIENTED_EDGE ( 'NONE', *, *, #4655, .F. ) ;
#2930 = EDGE_CURVE ( 'NONE', #47, #7815, #3982, .T. ) ;
#2931 = AXIS2_PLACEMENT_3D ( 'NONE', #2501, #3820, #6436 ) ;
#2932 = DIRECTION ( 'NONE',  ( 0.7111669494853618545, 0.7030231645967895959, 3.545124961925875515E-15 ) ) ;
#2933 = DIRECTION ( 'NONE',  ( -3.469446951953614189E-15, 0.0000000000000000000, -1.000000000000000000 ) ) ;
#2934 = FILL_AREA_STYLE_COLOUR ( '', #7162 ) ;
#2935 = VERTEX_POINT ( 'NONE', #1873 ) ;
#2936 = LINE ( 'NONE', #8013, #3348 ) ;
#2937 = EDGE_LOOP ( 'NONE', ( #7521, #6718, #3741, #7483 ) ) ;
#2938 = ORIENTED_EDGE ( 'NONE', *, *, #5890, .T. ) ;
#2939 = CARTESIAN_POINT ( 'NONE',  ( 5.851408311032904486, -4.099999999999703881, 2.144856837083756851 ) ) ;
#2940 = ORIENTED_EDGE ( 'NONE', *, *, #8204, .T. ) ;
#2941 = AXIS2_PLACEMENT_3D ( 'NONE', #4627, #7231, #5307 ) ;
#2942 = FACE_OUTER_BOUND ( 'NONE', #7884, .T. ) ;
#2943 = ADVANCED_FACE ( 'NONE', ( #5233 ), #5870, .F. ) ;
#2944 = VECTOR ( 'NONE', #2924, 1000.000000000000000 ) ;
#2945 = LINE ( 'NONE', #8197, #2417 ) ;
#2946 = FILL_AREA_STYLE ('',( #6717 ) ) ;
#2947 = ORIENTED_EDGE ( 'NONE', *, *, #1399, .F. ) ;
#2948 = VERTEX_POINT ( 'NONE', #2576 ) ;
#2949 = DIRECTION ( 'NONE',  ( 1.000000000000000000, 0.0000000000000000000, 0.0000000000000000000 ) ) ;
#2950 = CARTESIAN_POINT ( 'NONE',  ( 0.0000000000000000000, 0.0000000000000000000, 4.000000000000000000 ) ) ;
#2951 = CARTESIAN_POINT ( 'NONE',  ( -4.247056320799970308, 5.564396877286251986, 4.000000000000000000 ) ) ;
#2952 = CARTESIAN_POINT ( 'NONE',  ( -1.974999999999996314, -7.259999999999998899, -0.005000000000000000104 ) ) ;
#2953 = CARTESIAN_POINT ( 'NONE',  ( -4.905273158633518094, 5.083427567143186998, 3.936143960793016650 ) ) ;
#2954 = ORIENTED_EDGE ( 'NONE', *, *, #1211, .T. ) ;
#2955 = VECTOR ( 'NONE', #6021, 1000.000000000000000 ) ;
#2956 = DIRECTION ( 'NONE',  ( -0.7111669494853645190, 0.7030231645967869314, 0.0000000000000000000 ) ) ;
#2957 = DIRECTION ( 'NONE',  ( -0.0000000000000000000, -0.0000000000000000000, -1.000000000000000000 ) ) ;
#2958 = CYLINDRICAL_SURFACE ( 'NONE', #4131, 7.249999999999999112 ) ;
#2959 = ORIENTED_EDGE ( 'NONE', *, *, #3392, .F. ) ;
#2960 = CARTESIAN_POINT ( 'NONE',  ( 5.864216525551363191, 3.887547888244712979, 3.965086812278994621 ) ) ;
#2961 = VECTOR ( 'NONE', #2456, 1000.000000000000000 ) ;
#2962 = CARTESIAN_POINT ( 'NONE',  ( 1.749051531138512416, 7.035859488464931921, 3.750000000000001776 ) ) ;
#2963 = DIRECTION ( 'NONE',  ( -1.000000000000000000, -8.673617379884163268E-15, -0.0000000000000000000 ) ) ;
#2964 = ORIENTED_EDGE ( 'NONE', *, *, #5057, .T. ) ;
#2965 = VECTOR ( 'NONE', #4941, 1000.000000000000000 ) ;
#2966 = ORIENTED_EDGE ( 'NONE', *, *, #3849, .T. ) ;
#2967 = ORIENTED_EDGE ( 'NONE', *, *, #3843, .T. ) ;
#2968 = EDGE_CURVE ( 'NONE', #5204, #7360, #3190, .T. ) ;
#2969 = MECHANICAL_DESIGN_GEOMETRIC_PRESENTATION_REPRESENTATION (  '', ( #7354 ), #6659 ) ;
#2970 = ORIENTED_EDGE ( 'NONE', *, *, #4804, .F. ) ;
#2971 = EDGE_CURVE ( 'NONE', #1352, #7622, #2005, .T. ) ;
#2972 = EDGE_CURVE ( 'NONE', #5673, #6330, #6204, .T. ) ;
#2973 = PRESENTATION_STYLE_ASSIGNMENT (( #5622 ) ) ;
#2974 = VECTOR ( 'NONE', #6992, 1000.000000000000000 ) ;
#2975 = CARTESIAN_POINT ( 'NONE',  ( 0.0000000000000000000, 0.0000000000000000000, 4.000000000000000000 ) ) ;
#2976 = DIRECTION ( 'NONE',  ( 1.000000000000000000, 0.0000000000000000000, 0.0000000000000000000 ) ) ;
#2977 = ORIENTED_EDGE ( 'NONE', *, *, #6689, .F. ) ;
#2978 = DIRECTION ( 'NONE',  ( 0.0000000000000000000, 0.0000000000000000000, -1.000000000000000000 ) ) ;
#2979 = VERTEX_POINT ( 'NONE', #8477 ) ;
#2980 = ORIENTED_EDGE ( 'NONE', *, *, #4916, .T. ) ;
#2981 = ADVANCED_FACE ( 'NONE', ( #2617 ), #7828, .T. ) ;
#2982 = ORIENTED_EDGE ( 'NONE', *, *, #5023, .F. ) ;
#2983 = EDGE_CURVE ( 'NONE', #4759, #5483, #6084, .T. ) ;
#2984 = FACE_OUTER_BOUND ( 'NONE', #2802, .T. ) ;
#2985 = EDGE_CURVE ( 'NONE', #395, #4984, #1675, .T. ) ;
#2986 = ORIENTED_EDGE ( 'NONE', *, *, #7351, .F. ) ;
#2987 = DIRECTION ( 'NONE',  ( 0.7111669494853619655, -0.7030231645967894849, 0.0000000000000000000 ) ) ;
#2988 = FACE_OUTER_BOUND ( 'NONE', #3257, .T. ) ;
#2989 = CARTESIAN_POINT ( 'NONE',  ( 5.129999999999999005, -6.324710424241401618, 1.969999999999999973 ) ) ;
#2990 = AXIS2_PLACEMENT_3D ( 'NONE', #3767, #6462, #7033 ) ;
#2991 = PRESENTATION_STYLE_ASSIGNMENT (( #5570 ) ) ;
#2992 = CARTESIAN_POINT ( 'NONE',  ( -2.674424632239807753, 3.070397864182836667, 0.4299591213836871373 ) ) ;
#2993 = ORIENTED_EDGE ( 'NONE', *, *, #739, .F. ) ;
#2994 = DIRECTION ( 'NONE',  ( -0.0000000000000000000, -0.0000000000000000000, 1.000000000000000000 ) ) ;
#2995 = DIRECTION ( 'NONE',  ( 1.000000000000000000, 0.0000000000000000000, 0.0000000000000000000 ) ) ;
#2996 = ORIENTED_EDGE ( 'NONE', *, *, #4136, .T. ) ;
#2997 = VECTOR ( 'NONE', #4579, 1000.000000000000114 ) ;
#2998 = EDGE_CURVE ( 'NONE', #3615, #4661, #2873, .T. ) ;
#2999 = VECTOR ( 'NONE', #3115, 1000.000000000000114 ) ;
#3000 = DIRECTION ( 'NONE',  ( -3.051021188903932014E-15, -1.961370764295384725E-15, 1.000000000000000000 ) ) ;
#3001 = DIRECTION ( 'NONE',  ( -0.7111669494853621876, -0.7030231645967892629, 0.0000000000000000000 ) ) ;
#3002 = DIRECTION ( 'NONE',  ( 6.229955439320539113E-15, -6.229955439320539113E-15, 1.000000000000000000 ) ) ;
#3003 = EDGE_LOOP ( 'NONE', ( #749, #4046, #4854, #4101 ) ) ;
#3004 = CONICAL_SURFACE ( 'NONE', #4523, 7.000000000000002665, 0.7853981633974517207 ) ;
#3005 = DIRECTION ( 'NONE',  ( -2.521175704717234053E-15, 2.492304969624203411E-15, -1.000000000000000000 ) ) ;
#3006 = ORIENTED_EDGE ( 'NONE', *, *, #6473, .T. ) ;
#3007 = ORIENTED_EDGE ( 'NONE', *, *, #7262, .F. ) ;
#3008 = B_SPLINE_CURVE_WITH_KNOTS ( 'NONE', 3,
 ( #647, #2665, #776, #5277 ),
 .UNSPECIFIED., .F., .F.,
 ( 4, 4 ),
 ( 2.710505431213761085E-19, 0.0005511928767350262031 ),
 .UNSPECIFIED. ) ;
#3009 = DIRECTION ( 'NONE',  ( 0.0000000000000000000, 0.0000000000000000000, 1.000000000000000000 ) ) ;
#3010 = ORIENTED_EDGE ( 'NONE', *, *, #4660, .T. ) ;
#3011 = CARTESIAN_POINT ( 'NONE',  ( 0.0000000000000000000, 0.0000000000000000000, -0.005000000000000000104 ) ) ;
#3012 = CARTESIAN_POINT ( 'NONE',  ( -4.500000000000000000, -7.159999999999999254, 0.5000000000000000000 ) ) ;
#3013 = CARTESIAN_POINT ( 'NONE',  ( 0.0000000000000000000, 0.0000000000000000000, 4.000000000000000000 ) ) ;
#3014 = DIRECTION ( 'NONE',  ( 0.0000000000000000000, -1.000000000000000000, -0.0000000000000000000 ) ) ;
#3015 = ORIENTED_EDGE ( 'NONE', *, *, #6054, .T. ) ;
#3016 = CARTESIAN_POINT ( 'NONE',  ( 3.250000000000002220, -7.250000000000000000, 1.989999999999999991 ) ) ;
#3017 = ORIENTED_EDGE ( 'NONE', *, *, #1593, .T. ) ;
#3018 = VERTEX_POINT ( 'NONE', #3514 ) ;
#3019 = DIRECTION ( 'NONE',  ( 0.0000000000000000000, 0.0000000000000000000, 1.000000000000000000 ) ) ;
#3020 = ORIENTED_EDGE ( 'NONE', *, *, #2397, .F. ) ;
#3021 = EDGE_CURVE ( 'NONE', #7409, #9, #5036, .T. ) ;
#3022 = DIRECTION ( 'NONE',  ( 0.0000000000000000000, 1.000000000000000000, 0.0000000000000000000 ) ) ;
#3023 = FACE_OUTER_BOUND ( 'NONE', #4750, .T. ) ;
#3024 = ORIENTED_EDGE ( 'NONE', *, *, #3548, .F. ) ;
#3025 = SURFACE_STYLE_FILL_AREA ( #2436 ) ;
#3026 = CARTESIAN_POINT ( 'NONE',  ( 5.159999999999998366, -7.250000000000000000, 1.989999999999999991 ) ) ;
#3027 = ADVANCED_FACE ( 'NONE', ( #4764 ), #6168, .T. ) ;
#3028 = COLOUR_RGB ( '',0.2980392156862745057, 0.2980392156862745057, 0.2980392156862745057 ) ;
#3029 = CARTESIAN_POINT ( 'NONE',  ( 0.0000000000000000000, 0.0000000000000000000, 4.000000000000000000 ) ) ;
#3030 = DIRECTION ( 'NONE',  ( -0.7030231645967897069, -0.7111669494853619655, -1.642855579391808388E-17 ) ) ;
#3031 = DIRECTION ( 'NONE',  ( -0.0000000000000000000, -0.0000000000000000000, 1.000000000000000000 ) ) ;
#3032 = ORIENTED_EDGE ( 'NONE', *, *, #7338, .T. ) ;
#3033 = EDGE_CURVE ( 'NONE', #2845, #2384, #2227, .T. ) ;
#3034 = CARTESIAN_POINT ( 'NONE',  ( 2.087791667228450887, 6.681401496261950790, 2.000000000000000000 ) ) ;
#3035 = CARTESIAN_POINT ( 'NONE',  ( 5.894063302209290534, -3.776243873156198916, 4.000000000000000000 ) ) ;
#3036 = CARTESIAN_POINT ( 'NONE',  ( -3.249999999999999556, 0.0000000000000000000, 2.000000000000000000 ) ) ;
#3037 = ORIENTED_EDGE ( 'NONE', *, *, #3435, .T. ) ;
#3038 = VECTOR ( 'NONE', #4929, 1000.000000000000000 ) ;
#3039 = SURFACE_SIDE_STYLE ('',( #8421 ) ) ;
#3040 = CARTESIAN_POINT ( 'NONE',  ( 3.644895844802440887, 2.086800009713893012, 1.989999999999999991 ) ) ;
#3041 = VECTOR ( 'NONE', #1388, 1000.000000000000000 ) ;
#3042 = CARTESIAN_POINT ( 'NONE',  ( 0.0000000000000000000, 0.0000000000000000000, 2.249999999999999556 ) ) ;
#3043 = VECTOR ( 'NONE', #7071, 1000.000000000000000 ) ;
#3044 = EDGE_CURVE ( 'NONE', #2890, #2948, #4801, .T. ) ;
#3045 = DIRECTION ( 'NONE',  ( 3.469446951953614978E-15, 0.0000000000000000000, 1.000000000000000000 ) ) ;
#3046 = LINE ( 'NONE', #3600, #6633 ) ;
#3047 = ORIENTED_EDGE ( 'NONE', *, *, #4499, .T. ) ;
#3048 = VERTEX_POINT ( 'NONE', #6036 ) ;
#3049 = CARTESIAN_POINT ( 'NONE',  ( -5.862414508837596294, -4.265512410786125308, 4.000000000000000000 ) ) ;
#3050 = ORIENTED_EDGE ( 'NONE', *, *, #7066, .F. ) ;
#3051 = DIRECTION ( 'NONE',  ( -0.0000000000000000000, -0.0000000000000000000, -1.000000000000000000 ) ) ;
#3052 = VECTOR ( 'NONE', #7526, 1000.000000000000000 ) ;
#3053 = DIRECTION ( 'NONE',  ( -0.0000000000000000000, -0.0000000000000000000, -1.000000000000000000 ) ) ;
#3054 = CARTESIAN_POINT ( 'NONE',  ( -5.160000000000005471, -5.900000000000001243, 0.1392243887514869882 ) ) ;
#3055 = SURFACE_STYLE_USAGE ( .BOTH. , #6312 ) ;
#3056 = DIRECTION ( 'NONE',  ( 1.000000000000000000, 0.0000000000000000000, 0.0000000000000000000 ) ) ;
#3057 = CARTESIAN_POINT ( 'NONE',  ( 4.499999999999998224, -7.160000000000000142, -0.005000000000000000104 ) ) ;
#3058 = AXIS2_PLACEMENT_3D ( 'NONE', #7272, #711, #5306 ) ;
#3059 = ORIENTED_EDGE ( 'NONE', *, *, #5645, .F. ) ;
#3060 = CARTESIAN_POINT ( 'NONE',  ( 2.999999999999999556, -4.500000000000000000, 0.0000000000000000000 ) ) ;
#3061 = ORIENTED_EDGE ( 'NONE', *, *, #6744, .F. ) ;
#3062 = ORIENTED_EDGE ( 'NONE', *, *, #2985, .T. ) ;
#3063 = CARTESIAN_POINT ( 'NONE',  ( 7.101408311032565202, 4.100000000000294520, 4.000000000000000000 ) ) ;
#3064 = ORIENTED_EDGE ( 'NONE', *, *, #8148, .T. ) ;
#3065 = AXIS2_PLACEMENT_3D ( 'NONE', #4989, #6229, #2976 ) ;
#3066 = CARTESIAN_POINT ( 'NONE',  ( 0.4900929902532639715, -7.047180248305402905, 3.936143960793058394 ) ) ;
#3067 = FACE_OUTER_BOUND ( 'NONE', #4339, .T. ) ;
#3068 = VERTEX_POINT ( 'NONE', #7423 ) ;
#3069 = AXIS2_PLACEMENT_3D ( 'NONE', #4781, #8186, #6709 ) ;
#3070 = ORIENTED_EDGE ( 'NONE', *, *, #3223, .T. ) ;
#3071 = EDGE_CURVE ( 'NONE', #6300, #660, #2272, .T. ) ;
#3072 = LINE ( 'NONE', #3026, #6839 ) ;
#3073 = AXIS2_PLACEMENT_3D ( 'NONE', #8256, #3087, #5749 ) ;
#3074 = DIRECTION ( 'NONE',  ( 0.7111669494853621876, -0.7030231645967892629, 0.0000000000000000000 ) ) ;
#3075 = CYLINDRICAL_SURFACE ( 'NONE', #1007, 7.249999999999999112 ) ;
#3076 = LINE ( 'NONE', #2440, #7453 ) ;
#3077 = PLANE ( 'NONE',  #2911 ) ;
#3078 = CARTESIAN_POINT ( 'NONE',  ( 5.851408311032814780, -3.995730147872690097, 3.914977307038296939 ) ) ;
#3079 = DIRECTION ( 'NONE',  ( -1.000000000000000000, 0.0000000000000000000, 0.0000000000000000000 ) ) ;
#3080 = ORIENTED_EDGE ( 'NONE', *, *, #8077, .T. ) ;
#3081 = AXIS2_PLACEMENT_3D ( 'NONE', #4886, #4244, #1036 ) ;
#3082 = DIRECTION ( 'NONE',  ( -1.000000000000000000, 0.0000000000000000000, 0.0000000000000000000 ) ) ;
#3083 = DIRECTION ( 'NONE',  ( -0.0000000000000000000, 1.000000000000000000, -0.0000000000000000000 ) ) ;
#3084 = AXIS2_PLACEMENT_3D ( 'NONE', #3995, #657, #2592 ) ;
#3085 = CARTESIAN_POINT ( 'NONE',  ( 0.9749999999999945377, -7.259999999999999787, -0.005000000000000000104 ) ) ;
#3086 = DIRECTION ( 'NONE',  ( 1.000000000000000000, 0.0000000000000000000, 0.0000000000000000000 ) ) ;
#3087 = DIRECTION ( 'NONE',  ( -0.0000000000000000000, -0.0000000000000000000, -1.000000000000000000 ) ) ;
#3088 = VERTEX_POINT ( 'NONE', #7475 ) ;
#3089 = VERTEX_POINT ( 'NONE', #8121 ) ;
#3090 = VECTOR ( 'NONE', #1220, 1000.000000000000000 ) ;
#3091 = DIRECTION ( 'NONE',  ( -0.0000000000000000000, -0.0000000000000000000, 1.000000000000000000 ) ) ;
#3092 = VECTOR ( 'NONE', #2871, 1000.000000000000000 ) ;
#3093 = DIRECTION ( 'NONE',  ( 1.000000000000000000, 0.0000000000000000000, 2.521175704717234053E-15 ) ) ;
#3094 = DIRECTION ( 'NONE',  ( 0.0000000000000000000, 1.000000000000000000, 0.0000000000000000000 ) ) ;
#3095 = CARTESIAN_POINT ( 'NONE',  ( 7.232688584372496621, 0.5007153297910844625, 2.249999999999999556 ) ) ;
#3096 = DIRECTION ( 'NONE',  ( -1.000000000000000000, 1.196361017915039486E-16, 0.0000000000000000000 ) ) ;
#3097 = VECTOR ( 'NONE', #4914, 1000.000000000000114 ) ;
#3098 =( NAMED_UNIT ( * ) PLANE_ANGLE_UNIT ( ) SI_UNIT ( $, .RADIAN. ) );
#3099 = VECTOR ( 'NONE', #2411, 1000.000000000000114 ) ;
#3100 = CARTESIAN_POINT ( 'NONE',  ( -6.217354776144109252, -3.216286614647089870, 2.000000000000000000 ) ) ;
#3101 = VERTEX_POINT ( 'NONE', #1519 ) ;
#3102 = ORIENTED_EDGE ( 'NONE', *, *, #8561, .F. ) ;
#3103 = DIRECTION ( 'NONE',  ( 0.0000000000000000000, 0.0000000000000000000, 1.000000000000000000 ) ) ;
#3104 = EDGE_LOOP ( 'NONE', ( #2940, #634, #7202, #5172, #3268, #5722, #8055, #8127 ) ) ;
#3105 = EDGE_CURVE ( 'NONE', #479, #7699, #2095, .T. ) ;
#3106 =( GEOMETRIC_REPRESENTATION_CONTEXT ( 3 ) GLOBAL_UNCERTAINTY_ASSIGNED_CONTEXT ( ( #6973 ) ) GLOBAL_UNIT_ASSIGNED_CONTEXT ( ( #5067, #6958, #4434 ) ) REPRESENTATION_CONTEXT ( 'NONE', 'WORKASPACE' ) );
#3107 = LINE ( 'NONE', #1106, #662 ) ;
#3108 = FACE_OUTER_BOUND ( 'NONE', #5039, .T. ) ;
#3109 = AXIS2_PLACEMENT_3D ( 'NONE', #7477, #2229, #5577 ) ;
#3110 = DIRECTION ( 'NONE',  ( 1.000000000000000000, 0.0000000000000000000, 0.0000000000000000000 ) ) ;
#3111 = ORIENTED_EDGE ( 'NONE', *, *, #7178, .T. ) ;
#3112 = VERTEX_POINT ( 'NONE', #4156 ) ;
#3113 = LINE ( 'NONE', #8368, #3506 ) ;
#3114 = DIRECTION ( 'NONE',  ( 1.000000000000000000, -0.0000000000000000000, 3.486881358747351719E-15 ) ) ;
#3115 = DIRECTION ( 'NONE',  ( -0.7111669494853618545, 0.7030231645967895959, 3.545124961925875515E-15 ) ) ;
#3116 = ADVANCED_FACE ( 'NONE', ( #4846 ), #6777, .T. ) ;
#3117 = PLANE ( 'NONE',  #7061 ) ;
#3118 = LINE ( 'NONE', #507, #6470 ) ;
#3119 = ORIENTED_EDGE ( 'NONE', *, *, #2968, .T. ) ;
#3120 = B_SPLINE_CURVE_WITH_KNOTS ( 'NONE', 3,
 ( #4029, #2789, #7206, #2097, #7289, #4592 ),
 .UNSPECIFIED., .F., .F.,
 ( 4, 2, 4 ),
 ( 0.0000000000000000000, 0.0002759767003077573562, 0.0005519534006155147124 ),
 .UNSPECIFIED. ) ;
#3121 = DIRECTION ( 'NONE',  ( 0.7111669494853603002, 0.7030231645967913723, 0.0000000000000000000 ) ) ;
#3122 =( LENGTH_UNIT ( ) NAMED_UNIT ( * ) SI_UNIT ( .MILLI., .METRE. ) );
#3123 = DIRECTION ( 'NONE',  ( 1.000000000000000000, 0.0000000000000000000, 0.0000000000000000000 ) ) ;
#3124 = ORIENTED_EDGE ( 'NONE', *, *, #2129, .F. ) ;
#3125 = DIRECTION ( 'NONE',  ( 0.0000000000000000000, 0.0000000000000000000, 1.000000000000000000 ) ) ;
#3126 = SURFACE_STYLE_USAGE ( .BOTH. , #3039 ) ;
#3127 = VECTOR ( 'NONE', #4379, 1000.000000000000000 ) ;
#3128 = DIRECTION ( 'NONE',  ( -0.0000000000000000000, -0.0000000000000000000, 1.000000000000000000 ) ) ;
#3129 = EDGE_CURVE ( 'NONE', #3692, #5422, #772, .T. ) ;
#3130 = DIRECTION ( 'NONE',  ( -1.000000000000000000, 0.0000000000000000000, 0.0000000000000000000 ) ) ;
#3131 = DIRECTION ( 'NONE',  ( 1.000000000000000000, -0.0000000000000000000, 3.486881358747351719E-15 ) ) ;
#3132 = VECTOR ( 'NONE', #23, 1000.000000000000000 ) ;
#3133 = EDGE_CURVE ( 'NONE', #385, #4357, #5254, .T. ) ;
#3134 = DIRECTION ( 'NONE',  ( 1.000000000000000000, 0.0000000000000000000, 0.0000000000000000000 ) ) ;
#3135 = CARTESIAN_POINT ( 'NONE',  ( -5.159999999999999254, -9.769865437854363534E-17, 1.969999999999999973 ) ) ;
#3136 = FACE_OUTER_BOUND ( 'NONE', #4461, .T. ) ;
#3137 = CARTESIAN_POINT ( 'NONE',  ( 0.0000000000000000000, 0.0000000000000000000, 2.249999999999999556 ) ) ;
#3138 =( LENGTH_UNIT ( ) NAMED_UNIT ( * ) SI_UNIT ( .MILLI., .METRE. ) );
#3139 = CARTESIAN_POINT ( 'NONE',  ( -2.115317621763147304, 3.600420836171648098, 1.989999999999999103 ) ) ;
#3140 = ORIENTED_EDGE ( 'NONE', *, *, #2478, .T. ) ;
#3141 = EDGE_CURVE ( 'NONE', #5329, #7451, #106, .T. ) ;
#3142 = ORIENTED_EDGE ( 'NONE', *, *, #6411, .F. ) ;
#3143 = VERTEX_POINT ( 'NONE', #6589 ) ;
#3144 = CARTESIAN_POINT ( 'NONE',  ( 0.0000000000000000000, 0.0000000000000000000, 4.000000000000000000 ) ) ;
#3145 = VERTEX_POINT ( 'NONE', #2123 ) ;
#3146 = CARTESIAN_POINT ( 'NONE',  ( -2.536198336770760786, 3.210225366088506949, 1.969999999999999973 ) ) ;
#3147 = EDGE_CURVE ( 'NONE', #8245, #5847, #4851, .T. ) ;
#3148 = DIRECTION ( 'NONE',  ( -0.0000000000000000000, -0.0000000000000000000, 1.000000000000000000 ) ) ;
#3149 = ORIENTED_EDGE ( 'NONE', *, *, #6267, .F. ) ;
#3150 = ORIENTED_EDGE ( 'NONE', *, *, #4239, .T. ) ;
#3151 = CARTESIAN_POINT ( 'NONE',  ( 8.075423574700504759, -1.423915056868493956, 2.000000000000000000 ) ) ;
#3152 = CARTESIAN_POINT ( 'NONE',  ( -0.4900929902526688364, 7.047180248305441097, 3.936143960793062835 ) ) ;
#3153 = CARTESIAN_POINT ( 'NONE',  ( 0.7628348534790007074, 7.209756097560974908, 4.000000000000000000 ) ) ;
#3154 = LINE ( 'NONE', #4460, #5654 ) ;
#3155 = ORIENTED_EDGE ( 'NONE', *, *, #6009, .F. ) ;
#3156 = DIRECTION ( 'NONE',  ( -1.000000000000000000, 0.0000000000000000000, 0.0000000000000000000 ) ) ;
#3157 = DIRECTION ( 'NONE',  ( 0.0000000000000000000, 0.0000000000000000000, 1.000000000000000000 ) ) ;
#3158 = UNCERTAINTY_MEASURE_WITH_UNIT (LENGTH_MEASURE( 1.000000000000000082E-05 ), #8562, 'distance_accuracy_value', 'NONE');
#3159 = LINE ( 'NONE', #4974, #3790 ) ;
#3160 = SURFACE_SIDE_STYLE ('',( #7740 ) ) ;
#3161 = CYLINDRICAL_SURFACE ( 'NONE', #1373, 7.250000000000000888 ) ;
#3162 = FACE_OUTER_BOUND ( 'NONE', #495, .T. ) ;
#3163 = AXIS2_PLACEMENT_3D ( 'NONE', #4828, #8274, #4912 ) ;
#3164 = CONICAL_SURFACE ( 'NONE', #7430, 7.249999999999999112, 0.7853981633974517207 ) ;
#3165 = DIRECTION ( 'NONE',  ( 0.7111669494853501972, 0.7030231645968014753, 0.0000000000000000000 ) ) ;
#3166 = ORIENTED_EDGE ( 'NONE', *, *, #1795, .F. ) ;
#3167 = DIRECTION ( 'NONE',  ( 1.000000000000000000, 0.0000000000000000000, 0.0000000000000000000 ) ) ;
#3168 = EDGE_CURVE ( 'NONE', #2726, #4516, #592, .T. ) ;
#3169 = PLANE ( 'NONE',  #1997 ) ;
#3170 = ADVANCED_FACE ( 'NONE', ( #672 ), #3926, .F. ) ;
#3171 = CARTESIAN_POINT ( 'NONE',  ( 4.499999999999998224, -7.160000000000000142, -0.005000000000000000104 ) ) ;
#3172 = EDGE_CURVE ( 'NONE', #4059, #435, #1114, .T. ) ;
#3173 = EDGE_CURVE ( 'NONE', #1306, #1785, #4581, .T. ) ;
#3174 = FACE_OUTER_BOUND ( 'NONE', #2853, .T. ) ;
#3175 = LINE ( 'NONE', #4562, #3359 ) ;
#3176 = PLANE ( 'NONE',  #3873 ) ;
#3177 = VERTEX_POINT ( 'NONE', #5939 ) ;
#3178 = EDGE_LOOP ( 'NONE', ( #8191, #8397, #1995, #8410 ) ) ;
#3179 = ORIENTED_EDGE ( 'NONE', *, *, #4291, .F. ) ;
#3180 = LINE ( 'NONE', #450, #6373 ) ;
#3181 = VERTEX_POINT ( 'NONE', #4008 ) ;
#3182 = EDGE_CURVE ( 'NONE', #2249, #8374, #7750, .T. ) ;
#3183 = FACE_OUTER_BOUND ( 'NONE', #6013, .T. ) ;
#3184 = PLANE ( 'NONE',  #1978 ) ;
#3185 = CARTESIAN_POINT ( 'NONE',  ( -8.075423574699824414, 1.423915056868491069, 4.000000000000000000 ) ) ;
#3186 =( LENGTH_UNIT ( ) NAMED_UNIT ( * ) SI_UNIT ( .MILLI., .METRE. ) );
#3187 = EDGE_LOOP ( 'NONE', ( #2013, #3267, #6813, #6467, #6134 ) ) ;
#3188 = ORIENTED_EDGE ( 'NONE', *, *, #6744, .T. ) ;
#3189 = VERTEX_POINT ( 'NONE', #6630 ) ;
#3190 = CIRCLE ( 'NONE', #5118, 0.09999999999999982514 ) ;
#3191 = FACE_OUTER_BOUND ( 'NONE', #502, .T. ) ;
#3192 = ADVANCED_FACE ( 'NONE', ( #2693 ), #5982, .T. ) ;
#3193 = CARTESIAN_POINT ( 'NONE',  ( 0.0000000000000000000, 0.0000000000000000000, 3.750000000000003997 ) ) ;
#3194 = EDGE_CURVE ( 'NONE', #7017, #6450, #6673, .T. ) ;
#3195 = CARTESIAN_POINT ( 'NONE',  ( -0.4095433811302722216, 7.015623829645118548, 3.972947799558577575 ) ) ;
#3196 = CIRCLE ( 'NONE', #3069, 1.250000000000001110 ) ;
#3197 = DIRECTION ( 'NONE',  ( -2.017312099804055287E-15, 2.017312099804055287E-15, -1.000000000000000000 ) ) ;
#3198 = ORIENTED_EDGE ( 'NONE', *, *, #7088, .F. ) ;
#3199 = CARTESIAN_POINT ( 'NONE',  ( 5.160000000000006359, 1.856457872622882623E-15, 3.491481338843134095E-17 ) ) ;
#3200 = DIRECTION ( 'NONE',  ( -0.0000000000000000000, -0.0000000000000000000, -1.000000000000000000 ) ) ;
#3201 = AXIS2_PLACEMENT_3D ( 'NONE', #186, #8357, #5120 ) ;
#3202 = LINE ( 'NONE', #8251, #474 ) ;
#3203 = LINE ( 'NONE', #429, #5319 ) ;
#3204 = FACE_OUTER_BOUND ( 'NONE', #7308, .T. ) ;
#3205 = LINE ( 'NONE', #5107, #8531 ) ;
#3206 = VECTOR ( 'NONE', #56, 1000.000000000000000 ) ;
#3207 = ORIENTED_EDGE ( 'NONE', *, *, #3477, .F. ) ;
#3208 = CARTESIAN_POINT ( 'NONE',  ( -2.324999999999999289, -4.500000000000000000, -0.4000000000000000222 ) ) ;
#3209 = VECTOR ( 'NONE', #5885, 1000.000000000000000 ) ;
#3210 = CARTESIAN_POINT ( 'NONE',  ( -2.784329560873819887, -6.452457857015146736, 2.027052200441441521 ) ) ;
#3211 = PRESENTATION_LAYER_ASSIGNMENT (  '', '', ( #2540 ) ) ;
#3212 = FACE_OUTER_BOUND ( 'NONE', #635, .T. ) ;
#3213 = FACE_OUTER_BOUND ( 'NONE', #2715, .T. ) ;
#3214 = FACE_OUTER_BOUND ( 'NONE', #4214, .T. ) ;
#3215 = SURFACE_STYLE_FILL_AREA ( #5791 ) ;
#3216 = VERTEX_POINT ( 'NONE', #8504 ) ;
#3217 = DIRECTION ( 'NONE',  ( 1.224646799147353207E-16, 1.000000000000000000, -0.0000000000000000000 ) ) ;
#3218 = VERTEX_POINT ( 'NONE', #2648 ) ;
#3219 = ORIENTED_EDGE ( 'NONE', *, *, #5892, .T. ) ;
#3220 = DIRECTION ( 'NONE',  ( -1.000000000000000000, 0.0000000000000000000, 0.0000000000000000000 ) ) ;
#3221 = EDGE_CURVE ( 'NONE', #5679, #57, #1127, .T. ) ;
#3222 = VERTEX_POINT ( 'NONE', #2036 ) ;
#3223 = EDGE_CURVE ( 'NONE', #2302, #1078, #5217, .T. ) ;
#3224 = EDGE_CURVE ( 'NONE', #2234, #6832, #2885, .T. ) ;
#3225 = AXIS2_PLACEMENT_3D ( 'NONE', #2691, #6495, #5343 ) ;
#3226 = DIRECTION ( 'NONE',  ( 1.000000000000000000, 0.0000000000000000000, 0.0000000000000000000 ) ) ;
#3227 = CARTESIAN_POINT ( 'NONE',  ( -5.150000000000006573, -5.900000000000000355, 3.405157577156835136E-19 ) ) ;
#3228 = EDGE_CURVE ( 'NONE', #2113, #4840, #756, .T. ) ;
#3229 = VERTEX_POINT ( 'NONE', #3702 ) ;
#3230 = CARTESIAN_POINT ( 'NONE',  ( -5.848788160804668124, 4.111281765632043950, 2.148851813950725109 ) ) ;
#3231 = PRESENTATION_STYLE_ASSIGNMENT (( #5930 ) ) ;
#3232 = ORIENTED_EDGE ( 'NONE', *, *, #535, .T. ) ;
#3233 = VERTEX_POINT ( 'NONE', #8407 ) ;
#3234 = ORIENTED_EDGE ( 'NONE', *, *, #7500, .F. ) ;
#3235 = EDGE_CURVE ( 'NONE', #5551, #8549, #5131, .T. ) ;
#3236 = EDGE_CURVE ( 'NONE', #4226, #6154, #2513, .T. ) ;
#3237 = VECTOR ( 'NONE', #6790, 1000.000000000000000 ) ;
#3238 = AXIS2_PLACEMENT_3D ( 'NONE', #4985, #519, #3167 ) ;
#3239 = CARTESIAN_POINT ( 'NONE',  ( -5.857990624953515635, -3.948023103929196864, 3.936143960793001106 ) ) ;
#3240 = SURFACE_STYLE_FILL_AREA ( #1238 ) ;
#3241 = AXIS2_PLACEMENT_3D ( 'NONE', #1423, #69, #5184 ) ;
#3242 = ADVANCED_FACE ( 'NONE', ( #540 ), #4957, .F. ) ;
#3243 = CARTESIAN_POINT ( 'NONE',  ( 5.218707288899438801, -5.032652802726199859, 3.750000000000001776 ) ) ;
#3244 = DIRECTION ( 'NONE',  ( -1.000000000000000000, -0.0000000000000000000, 3.486881358747351719E-15 ) ) ;
#3245 = ORIENTED_EDGE ( 'NONE', *, *, #1000, .F. ) ;
#3246 = CARTESIAN_POINT ( 'NONE',  ( 1.790049389041208583, -6.971235077204761765, 2.197175046756797645 ) ) ;
#3247 = LINE ( 'NONE', #633, #2636 ) ;
#3248 = ORIENTED_EDGE ( 'NONE', *, *, #7626, .F. ) ;
#3249 = ADVANCED_FACE ( 'NONE', ( #3108 ), #8320, .T. ) ;
#3250 = VERTEX_POINT ( 'NONE', #1762 ) ;
#3251 = DIRECTION ( 'NONE',  ( -1.000000000000000000, 0.0000000000000000000, -0.0000000000000000000 ) ) ;
#3252 = CARTESIAN_POINT ( 'NONE',  ( 0.0000000000000000000, 0.0000000000000000000, 2.000000000000000000 ) ) ;
#3253 = DIRECTION ( 'NONE',  ( -0.0000000000000000000, -0.0000000000000000000, -1.000000000000000000 ) ) ;
#3254 = CARTESIAN_POINT ( 'NONE',  ( 6.830159262260542263, 1.532620126501206714, 2.000000000000000000 ) ) ;
#3255 = DIRECTION ( 'NONE',  ( -1.000000000000000000, 0.0000000000000000000, 0.0000000000000000000 ) ) ;
#3256 = EDGE_CURVE ( 'NONE', #1358, #7451, #1673, .T. ) ;
#3257 = EDGE_LOOP ( 'NONE', ( #6550, #3574, #684, #3319 ) ) ;
#3258 = DIRECTION ( 'NONE',  ( 3.051021188903932014E-15, -2.179300849217094183E-15, 1.000000000000000000 ) ) ;
#3259 = AXIS2_PLACEMENT_3D ( 'NONE', #125, #6732, #7874 ) ;
#3260 = CARTESIAN_POINT ( 'NONE',  ( -2.695380892068486300, 6.460257103759258435, 4.000000000000000000 ) ) ;
#3261 = LINE ( 'NONE', #4479, #1734 ) ;
#3262 = DIRECTION ( 'NONE',  ( -0.7111669494853618545, 0.7030231645967895959, 0.0000000000000000000 ) ) ;
#3263 = DIRECTION ( 'NONE',  ( 1.000000000000000000, 0.0000000000000000000, 0.0000000000000000000 ) ) ;
#3264 = DIRECTION ( 'NONE',  ( -0.0000000000000000000, 0.0000000000000000000, 1.000000000000000000 ) ) ;
#3265 = VECTOR ( 'NONE', #5237, 1000.000000000000000 ) ;
#3266 = ORIENTED_EDGE ( 'NONE', *, *, #8497, .F. ) ;
#3267 = ORIENTED_EDGE ( 'NONE', *, *, #4291, .T. ) ;
#3268 = ORIENTED_EDGE ( 'NONE', *, *, #3931, .F. ) ;
#3269 = CARTESIAN_POINT ( 'NONE',  ( 4.154407135044163368, 5.713478970600535334, 3.936143960793108576 ) ) ;
#3270 = ORIENTED_EDGE ( 'NONE', *, *, #3033, .F. ) ;
#3271 = VECTOR ( 'NONE', #462, 1000.000000000000000 ) ;
#3272 = DIRECTION ( 'NONE',  ( -0.0000000000000000000, -0.0000000000000000000, -1.000000000000000000 ) ) ;
#3273 = EDGE_CURVE ( 'NONE', #8152, #737, #6285, .T. ) ;
#3274 = AXIS2_PLACEMENT_3D ( 'NONE', #6627, #754, #4705 ) ;
#3275 = CARTESIAN_POINT ( 'NONE',  ( 3.644895844802440887, 2.086800009713892567, 2.000000000000000000 ) ) ;
#3276 = LINE ( 'NONE', #4613, #3209 ) ;
#3277 = EDGE_LOOP ( 'NONE', ( #6614, #2024, #4446, #4617 ) ) ;
#3278 = CARTESIAN_POINT ( 'NONE',  ( 0.0000000000000000000, 0.0000000000000000000, 2.249999999999997780 ) ) ;
#3279 = ORIENTED_EDGE ( 'NONE', *, *, #8071, .T. ) ;
#3280 = ORIENTED_EDGE ( 'NONE', *, *, #7262, .T. ) ;
#3281 = CARTESIAN_POINT ( 'NONE',  ( 0.4095433811302727767, 7.015623829645118548, 2.027052200441423313 ) ) ;
#3282 = CONICAL_SURFACE ( 'NONE', #4774, 6.999999999999996447, 0.7853981633974431720 ) ;
#3283 = EDGE_LOOP ( 'NONE', ( #11, #3785, #1067, #5838 ) ) ;
#3284 = CARTESIAN_POINT ( 'NONE',  ( 6.837924277842994059, 1.621571790145786895, 3.972947799558631310 ) ) ;
#3285 = DIRECTION ( 'NONE',  ( -0.0000000000000000000, -0.0000000000000000000, 1.000000000000000000 ) ) ;
#3286 = SURFACE_SIDE_STYLE ('',( #3240 ) ) ;
#3287 = ADVANCED_FACE ( 'NONE', ( #3023 ), #3746, .F. ) ;
#3288 = CARTESIAN_POINT ( 'NONE',  ( -4.500000000000000000, -7.250000000000000000, 1.989999999999999991 ) ) ;
#3289 = LINE ( 'NONE', #4505, #4003 ) ;
#3290 = DIRECTION ( 'NONE',  ( -3.469446951953614978E-15, -0.0000000000000000000, 1.000000000000000000 ) ) ;
#3291 = CARTESIAN_POINT ( 'NONE',  ( -2.111802505940163499, 3.603976670919074810, 1.989999999999999103 ) ) ;
#3292 = VERTEX_POINT ( 'NONE', #455 ) ;
#3293 = ORIENTED_EDGE ( 'NONE', *, *, #7721, .T. ) ;
#3294 = FACE_OUTER_BOUND ( 'NONE', #1627, .T. ) ;
#3295 = CARTESIAN_POINT ( 'NONE',  ( -5.150000000000000355, -4.724710424241401974, 1.988239158481577507 ) ) ;
#3296 = B_SPLINE_CURVE_WITH_KNOTS ( 'NONE', 3,
 ( #3507, #2822, #5476, #2781 ),
 .UNSPECIFIED., .F., .F.,
 ( 4, 4 ),
 ( 4.336808689942017255E-19, 0.0005511928767351881829 ),
 .UNSPECIFIED. ) ;
#3297 = FACE_OUTER_BOUND ( 'NONE', #3988, .T. ) ;
#3298 = DIRECTION ( 'NONE',  ( -1.000000000000000000, 0.0000000000000000000, 0.0000000000000000000 ) ) ;
#3299 = DIRECTION ( 'NONE',  ( -0.0000000000000000000, -0.0000000000000000000, -1.000000000000000000 ) ) ;
#3300 = ORIENTED_EDGE ( 'NONE', *, *, #2510, .T. ) ;
#3301 = AXIS2_PLACEMENT_3D ( 'NONE', #6406, #2978, #396 ) ;
#3302 = VECTOR ( 'NONE', #7696, 1000.000000000000114 ) ;
#3303 = CARTESIAN_POINT ( 'NONE',  ( 0.0000000000000000000, 0.0000000000000000000, 2.250000000000002665 ) ) ;
#3304 = DIRECTION ( 'NONE',  ( -0.0000000000000000000, -0.0000000000000000000, 1.000000000000000000 ) ) ;
#3305 = EDGE_CURVE ( 'NONE', #8026, #1135, #2637, .T. ) ;
#3306 = AXIS2_PLACEMENT_3D ( 'NONE', #1730, #7028, #424 ) ;
#3307 = CARTESIAN_POINT ( 'NONE',  ( 1.678541033159452800, 3.850000000000000533, 1.989999999999999991 ) ) ;
#3308 = AXIS2_PLACEMENT_3D ( 'NONE', #2043, #1952, #642 ) ;
#3309 = CARTESIAN_POINT ( 'NONE',  ( -5.218707288899042673, -5.032652802726609309, 3.750000000000000000 ) ) ;
#3310 = ORIENTED_EDGE ( 'NONE', *, *, #2427, .T. ) ;
#3311 = ORIENTED_EDGE ( 'NONE', *, *, #4334, .F. ) ;
#3312 = ORIENTED_EDGE ( 'NONE', *, *, #574, .F. ) ;
#3313 = CARTESIAN_POINT ( 'NONE',  ( 3.100995205898499307, 2.638885918508809603, 0.0000000000000000000 ) ) ;
#3314 = EDGE_LOOP ( 'NONE', ( #7400, #1452, #1318, #8171 ) ) ;
#3315 = VECTOR ( 'NONE', #5670, 1000.000000000000000 ) ;
#3316 = DIRECTION ( 'NONE',  ( 0.7111669494853497531, 0.7030231645968018084, 0.0000000000000000000 ) ) ;
#3317 = LINE ( 'NONE', #7840, #578 ) ;
#3318 = AXIS2_PLACEMENT_3D ( 'NONE', #2415, #5114, #4522 ) ;
#3319 = ORIENTED_EDGE ( 'NONE', *, *, #2127, .T. ) ;
#3320 = CIRCLE ( 'NONE', #3578, 3.500000000000000000 ) ;
#3321 = CARTESIAN_POINT ( 'NONE',  ( 3.628099703648320240, 2.077226904113145700, 1.999999999999998224 ) ) ;
#3322 = ORIENTED_EDGE ( 'NONE', *, *, #6904, .T. ) ;
#3323 = ORIENTED_EDGE ( 'NONE', *, *, #1420, .F. ) ;
#3324 = LINE ( 'NONE', #2483, #2114 ) ;
#3325 = ORIENTED_EDGE ( 'NONE', *, *, #2572, .T. ) ;
#3326 = AXIS2_PLACEMENT_3D ( 'NONE', #7330, #1294, #5352 ) ;
#3327 = LINE ( 'NONE', #4622, #7810 ) ;
#3328 = CARTESIAN_POINT ( 'NONE',  ( 5.150000000000006573, -4.900000000000001243, 0.1392243887514867662 ) ) ;
#3329 = CARTESIAN_POINT ( 'NONE',  ( 0.0000000000000000000, 0.0000000000000000000, 2.249999999999999556 ) ) ;
#3330 = PLANE ( 'NONE',  #411 ) ;
#3331 = CARTESIAN_POINT ( 'NONE',  ( 1.949740832128724843, -6.789804951449690762, 2.063856039206909188 ) ) ;
#3332 = EDGE_CURVE ( 'NONE', #5171, #2753, #1981, .T. ) ;
#3333 = VERTEX_POINT ( 'NONE', #701 ) ;
#3334 = EDGE_CURVE ( 'NONE', #3824, #5919, #1316, .T. ) ;
#3335 = ADVANCED_FACE ( 'NONE', ( #2679 ), #7745, .T. ) ;
#3336 = B_SPLINE_CURVE_WITH_KNOTS ( 'NONE', 3,
 ( #2465, #8266, #4991, #5721 ),
 .UNSPECIFIED., .F., .F.,
 ( 4, 4 ),
 ( 1.084202172485504434E-19, 0.0005511928767355690631 ),
 .UNSPECIFIED. ) ;
#3337 = CARTESIAN_POINT ( 'NONE',  ( 4.499999999999998224, -7.250000000000000000, 0.0000000000000000000 ) ) ;
#3338 = AXIS2_PLACEMENT_3D ( 'NONE', #4639, #1918, #3940 ) ;
#3339 = CARTESIAN_POINT ( 'NONE',  ( -5.149999999999999467, -5.899999999999998579, 0.0000000000000000000 ) ) ;
#3340 = DIRECTION ( 'NONE',  ( -1.000000000000000000, -0.0000000000000000000, 3.486881358747351719E-15 ) ) ;
#3341 = CARTESIAN_POINT ( 'NONE',  ( -6.348083615207196218, 3.099157144376496920, 3.936143960793002883 ) ) ;
#3342 = ORIENTED_EDGE ( 'NONE', *, *, #5218, .F. ) ;
#3343 = VECTOR ( 'NONE', #5854, 1000.000000000000000 ) ;
#3344 = DIRECTION ( 'NONE',  ( -1.000000000000000000, -1.291838746944127420E-16, 0.0000000000000000000 ) ) ;
#3345 = ADVANCED_FACE ( 'NONE', ( #4534 ), #4712, .T. ) ;
#3346 = CARTESIAN_POINT ( 'NONE',  ( 2.536198336770760786, 3.210225366088506949, 1.969999999999999973 ) ) ;
#3347 = FACE_OUTER_BOUND ( 'NONE', #5732, .T. ) ;
#3348 = VECTOR ( 'NONE', #140, 1000.000000000000000 ) ;
#3349 = CARTESIAN_POINT ( 'NONE',  ( 1.974999999999994538, -7.259999999999999787, 0.5000000000000000000 ) ) ;
#3350 = DIRECTION ( 'NONE',  ( -0.0000000000000000000, 1.000000000000000000, -0.0000000000000000000 ) ) ;
#3351 = ORIENTED_EDGE ( 'NONE', *, *, #3147, .T. ) ;
#3352 = ORIENTED_EDGE ( 'NONE', *, *, #6707, .T. ) ;
#3353 = ORIENTED_EDGE ( 'NONE', *, *, #6642, .T. ) ;
#3354 = ORIENTED_EDGE ( 'NONE', *, *, #1321, .T. ) ;
#3355 = VECTOR ( 'NONE', #5989, 1000.000000000000000 ) ;
#3356 = DIRECTION ( 'NONE',  ( 1.000000000000000000, 0.0000000000000000000, 0.0000000000000000000 ) ) ;
#3357 = DIRECTION ( 'NONE',  ( 0.7030231645967897069, -0.7111669494853619655, -1.642855579391808388E-17 ) ) ;
#3358 = CARTESIAN_POINT ( 'NONE',  ( -3.644895844802441331, 2.086800009713892567, 1.989999999999999991 ) ) ;
#3359 = VECTOR ( 'NONE', #8434, 1000.000000000000000 ) ;
#3360 = AXIS2_PLACEMENT_3D ( 'NONE', #1843, #4490, #5798 ) ;
#3361 = EDGE_LOOP ( 'NONE', ( #5424, #8004, #4361, #1489, #6146, #2278 ) ) ;
#3362 = VERTEX_POINT ( 'NONE', #3321 ) ;
#3363 = ORIENTED_EDGE ( 'NONE', *, *, #3033, .T. ) ;
#3364 = CARTESIAN_POINT ( 'NONE',  ( -6.932291367132728865, -1.935389293665401134, 3.802824953243146400 ) ) ;
#3365 = ORIENTED_EDGE ( 'NONE', *, *, #1432, .F. ) ;
#3366 = EDGE_CURVE ( 'NONE', #1309, #7493, #4313, .T. ) ;
#3367 = AXIS2_PLACEMENT_3D ( 'NONE', #1771, #1119, #3711 ) ;
#3368 = FILL_AREA_STYLE ('',( #2643 ) ) ;
#3369 = LINE ( 'NONE', #3328, #8088 ) ;
#3370 = CARTESIAN_POINT ( 'NONE',  ( -5.159999999999998366, -0.8000000000000029310, 0.5000000000000000000 ) ) ;
#3371 = LINE ( 'NONE', #2035, #6758 ) ;
#3372 = DIRECTION ( 'NONE',  ( 1.000000000000000000, 0.0000000000000000000, 0.0000000000000000000 ) ) ;
#3373 = CARTESIAN_POINT ( 'NONE',  ( -2.873797246170626263, 6.444613101577444603, 2.054262250779010923 ) ) ;
#3374 = VECTOR ( 'NONE', #2949, 1000.000000000000000 ) ;
#3375 = ORIENTED_EDGE ( 'NONE', *, *, #2509, .T. ) ;
#3376 = AXIS2_PLACEMENT_3D ( 'NONE', #2006, #7956, #76 ) ;
#3377 = DIRECTION ( 'NONE',  ( -0.0000000000000000000, -0.0000000000000000000, -1.000000000000000000 ) ) ;
#3378 = EDGE_CURVE ( 'NONE', #3362, #4616, #5929, .T. ) ;
#3379 = CARTESIAN_POINT ( 'NONE',  ( -5.160000000000005471, -4.900000000000001243, -0.01000000000000000021 ) ) ;
#3380 = DIRECTION ( 'NONE',  ( -0.7030231645968014753, 0.7111669494853501972, 0.0000000000000000000 ) ) ;
#3381 = CARTESIAN_POINT ( 'NONE',  ( -1.974999999999996314, -7.259999999999998899, -0.005000000000000000104 ) ) ;
#3382 = LINE ( 'NONE', #4842, #3355 ) ;
#3383 = SURFACE_STYLE_USAGE ( .BOTH. , #2784 ) ;
#3384 = VECTOR ( 'NONE', #7873, 1000.000000000000000 ) ;
#3385 = ORIENTED_EDGE ( 'NONE', *, *, #6474, .T. ) ;
#3386 = DIRECTION ( 'NONE',  ( -0.0000000000000000000, -0.0000000000000000000, -1.000000000000000000 ) ) ;
#3387 = DIRECTION ( 'NONE',  ( 1.000000000000000000, 0.0000000000000000000, 0.0000000000000000000 ) ) ;
#3388 = CARTESIAN_POINT ( 'NONE',  ( -6.942437212868769691, 0.8958602264722247410, 4.000000000000000000 ) ) ;
#3389 = EDGE_CURVE ( 'NONE', #3992, #220, #2722, .T. ) ;
#3390 = LINE ( 'NONE', #4685, #8486 ) ;
#3391 = ADVANCED_FACE ( 'NONE', ( #6619 ), #7842, .F. ) ;
#3392 = EDGE_CURVE ( 'NONE', #2846, #2923, #3196, .T. ) ;
#3393 = ORIENTED_EDGE ( 'NONE', *, *, #3235, .T. ) ;
#3394 = CARTESIAN_POINT ( 'NONE',  ( 3.100995205898505969, 2.638885918508816264, 0.4299591213836870818 ) ) ;
#3395 = EDGE_LOOP ( 'NONE', ( #7900, #7632, #5555, #2606 ) ) ;
#3396 = ORIENTED_EDGE ( 'NONE', *, *, #7505, .T. ) ;
#3397 = CARTESIAN_POINT ( 'NONE',  ( 3.250000000000002220, -7.260000000000001563, 1.200000000000000622 ) ) ;
#3398 = EDGE_LOOP ( 'NONE', ( #3952, #3010, #1044, #5133, #5976, #8536, #3432 ) ) ;
#3399 = CARTESIAN_POINT ( 'NONE',  ( 2.118873456510572240, 3.603935951994633236, 1.989999999999999991 ) ) ;
#3400 = EDGE_CURVE ( 'NONE', #1498, #2289, #1313, .T. ) ;
#3401 = VECTOR ( 'NONE', #2007, 1000.000000000000000 ) ;
#3402 = CARTESIAN_POINT ( 'NONE',  ( -5.129999999999999005, 8.673617379884035472E-16, 1.969999999999999973 ) ) ;
#3403 = LINE ( 'NONE', #8138, #4340 ) ;
#3404 = ORIENTED_EDGE ( 'NONE', *, *, #5547, .T. ) ;
#3405 = EDGE_LOOP ( 'NONE', ( #2834, #4589, #6437, #6953 ) ) ;
#3406 = ORIENTED_EDGE ( 'NONE', *, *, #632, .T. ) ;
#3407 = DIRECTION ( 'NONE',  ( 0.7111669494853501972, -0.7030231645968014753, 0.0000000000000000000 ) ) ;
#3408 = VECTOR ( 'NONE', #8281, 1000.000000000000000 ) ;
#3409 = VERTEX_POINT ( 'NONE', #1451 ) ;
#3410 = VECTOR ( 'NONE', #2737, 1000.000000000000114 ) ;
#3411 = CARTESIAN_POINT ( 'NONE',  ( -5.150000000000003908, -4.724710424241401974, 0.9882391584815776175 ) ) ;
#3412 = FILL_AREA_STYLE_COLOUR ( '', #4377 ) ;
#3413 = STYLED_ITEM ( 'NONE', ( #3493 ), #4447 ) ;
#3414 = LINE ( 'NONE', #1282, #2955 ) ;
#3415 = DIRECTION ( 'NONE',  ( 1.000000000000000000, 0.0000000000000000000, 0.0000000000000000000 ) ) ;
#3416 = CIRCLE ( 'NONE', #2164, 1.249999999999993339 ) ;
#3417 = CARTESIAN_POINT ( 'NONE',  ( 6.845734602379511813, -1.711042487755183084, 3.945737749221132518 ) ) ;
#3418 = SURFACE_STYLE_FILL_AREA ( #2946 ) ;
#3419 = ORIENTED_EDGE ( 'NONE', *, *, #4726, .T. ) ;
#3420 = CARTESIAN_POINT ( 'NONE',  ( 3.642323042638027975, 2.091287367405081810, 1.969999999999999085 ) ) ;
#3421 = CARTESIAN_POINT ( 'NONE',  ( -4.500000000000000000, 0.0000000000000000000, 0.0000000000000000000 ) ) ;
#3422 = PLANE ( 'NONE',  #7197 ) ;
#3423 = FACE_OUTER_BOUND ( 'NONE', #6308, .T. ) ;
#3424 = LINE ( 'NONE', #3978, #1783 ) ;
#3425 = LINE ( 'NONE', #4679, #8110 ) ;
#3426 = DIRECTION ( 'NONE',  ( -1.000000000000000000, 3.074958084248770881E-14, 0.0000000000000000000 ) ) ;
#3427 = DIRECTION ( 'NONE',  ( -0.0000000000000000000, -0.0000000000000000000, 1.000000000000000000 ) ) ;
#3428 = DIRECTION ( 'NONE',  ( 0.0000000000000000000, 0.0000000000000000000, 1.000000000000000000 ) ) ;
#3429 = SURFACE_STYLE_USAGE ( .BOTH. , #3986 ) ;
#3430 = ORIENTED_EDGE ( 'NONE', *, *, #7274, .T. ) ;
#3431 = DIRECTION ( 'NONE',  ( 0.7030231645967892629, -0.7111669494853621876, 0.0000000000000000000 ) ) ;
#3432 = ORIENTED_EDGE ( 'NONE', *, *, #4471, .F. ) ;
#3433 = ORIENTED_EDGE ( 'NONE', *, *, #2450, .T. ) ;
#3434 = EDGE_LOOP ( 'NONE', ( #388, #6623, #5922, #5887 ) ) ;
#3435 = EDGE_CURVE ( 'NONE', #7590, #3599, #2049, .T. ) ;
#3436 = EDGE_CURVE ( 'NONE', #6361, #258, #4904, .T. ) ;
#3437 = EDGE_CURVE ( 'NONE', #4699, #6003, #4820, .T. ) ;
#3438 = FACE_OUTER_BOUND ( 'NONE', #5499, .T. ) ;
#3439 = ORIENTED_EDGE ( 'NONE', *, *, #320, .T. ) ;
#3440 = CARTESIAN_POINT ( 'NONE',  ( -5.160000000000005471, -3.963704366711341187, 0.1392243887514867939 ) ) ;
#3441 = ORIENTED_EDGE ( 'NONE', *, *, #6865, .T. ) ;
#3442 = ORIENTED_EDGE ( 'NONE', *, *, #6867, .F. ) ;
#3443 = AXIS2_PLACEMENT_3D ( 'NONE', #6484, #5764, #5129 ) ;
#3444 = ORIENTED_EDGE ( 'NONE', *, *, #2683, .T. ) ;
#3445 = EDGE_CURVE ( 'NONE', #4866, #2235, #7539, .T. ) ;
#3446 = DIRECTION ( 'NONE',  ( 0.0000000000000000000, -1.000000000000000000, -1.405447260629361553E-16 ) ) ;
#3447 = VECTOR ( 'NONE', #5156, 1000.000000000000000 ) ;
#3448 =( LENGTH_UNIT ( ) NAMED_UNIT ( * ) SI_UNIT ( .MILLI., .METRE. ) );
#3449 = DIRECTION ( 'NONE',  ( -1.000000000000000000, 0.0000000000000000000, 0.0000000000000000000 ) ) ;
#3450 = SURFACE_STYLE_USAGE ( .BOTH. , #6853 ) ;
#3451 = ORIENTED_EDGE ( 'NONE', *, *, #1857, .T. ) ;
#3452 = AXIS2_PLACEMENT_3D ( 'NONE', #640, #7950, #1427 ) ;
#3453 = EDGE_CURVE ( 'NONE', #6330, #7508, #7886, .T. ) ;
#3454 = DIRECTION ( 'NONE',  ( -1.000000000000000000, 0.0000000000000000000, 0.0000000000000000000 ) ) ;
#3455 = CARTESIAN_POINT ( 'NONE',  ( 3.182712096523296452, 6.514049716623620867, 3.749999999999994671 ) ) ;
#3456 = FACE_OUTER_BOUND ( 'NONE', #6198, .T. ) ;
#3457 = CARTESIAN_POINT ( 'NONE',  ( 0.0000000000000000000, 0.0000000000000000000, 4.000000000000000000 ) ) ;
#3458 = FACE_OUTER_BOUND ( 'NONE', #4821, .T. ) ;
#3459 = CARTESIAN_POINT ( 'NONE',  ( -4.500000000000000000, -7.259999999999998010, -0.005000000000000000104 ) ) ;
#3460 = EDGE_LOOP ( 'NONE', ( #7468, #493, #8234, #1391, #5677, #8185, #1403, #4414 ) ) ;
#3461 = DIRECTION ( 'NONE',  ( -1.000000000000000000, 0.0000000000000000000, 0.0000000000000000000 ) ) ;
#3462 = ADVANCED_FACE ( 'NONE', ( #5503 ), #6796, .T. ) ;
#3463 = CARTESIAN_POINT ( 'NONE',  ( 5.065460705799227803, -5.039051958034731271, 2.144131816092684328 ) ) ;
#3464 = VECTOR ( 'NONE', #7209, 1000.000000000000000 ) ;
#3465 = CARTESIAN_POINT ( 'NONE',  ( -3.036518773207520727, -6.467649537330311560, 3.855868183907237068 ) ) ;
#3466 = CARTESIAN_POINT ( 'NONE',  ( 3.100995205898505969, 2.638885918508816264, 0.4299591213836870818 ) ) ;
#3467 = CARTESIAN_POINT ( 'NONE',  ( -0.4095433811296906312, -7.015623829645152298, 2.027052200441423757 ) ) ;
#3468 = VERTEX_POINT ( 'NONE', #2800 ) ;
#3469 = AXIS2_PLACEMENT_3D ( 'NONE', #2080, #4055, #7855 ) ;
#3470 = ORIENTED_EDGE ( 'NONE', *, *, #2130, .F. ) ;
#3471 = CARTESIAN_POINT ( 'NONE',  ( 3.239221501367545386, 2.499058416603144650, 1.969999999999999973 ) ) ;
#3472 = ORIENTED_EDGE ( 'NONE', *, *, #2506, .T. ) ;
#3473 = ORIENTED_EDGE ( 'NONE', *, *, #6107, .T. ) ;
#3474 = ORIENTED_EDGE ( 'NONE', *, *, #7012, .F. ) ;
#3475 = DIRECTION ( 'NONE',  ( 0.7030231645967894849, -0.7111669494853619655, 0.0000000000000000000 ) ) ;
#3476 = AXIS2_PLACEMENT_3D ( 'NONE', #5674, #1797, #7094 ) ;
#3477 = EDGE_CURVE ( 'NONE', #2333, #7610, #2936, .T. ) ;
#3478 = LINE ( 'NONE', #4816, #5640 ) ;
#3479 = DIRECTION ( 'NONE',  ( 0.0000000000000000000, 0.0000000000000000000, 1.000000000000000000 ) ) ;
#3480 = VERTEX_POINT ( 'NONE', #7401 ) ;
#3481 = EDGE_CURVE ( 'NONE', #5150, #1004, #2843, .T. ) ;
#3482 = EDGE_CURVE ( 'NONE', #8534, #4606, #969, .T. ) ;
#3483 = ORIENTED_EDGE ( 'NONE', *, *, #223, .T. ) ;
#3484 = EDGE_LOOP ( 'NONE', ( #654, #693, #425, #2197, #8086, #792 ) ) ;
#3485 = MECHANICAL_DESIGN_GEOMETRIC_PRESENTATION_REPRESENTATION (  '', ( #7186 ), #3492 ) ;
#3486 = CARTESIAN_POINT ( 'NONE',  ( 5.862414508838521776, -4.265512410784851660, 2.249999999999999556 ) ) ;
#3487 = ORIENTED_EDGE ( 'NONE', *, *, #4555, .T. ) ;
#3488 = DIRECTION ( 'NONE',  ( 0.7111669494853651852, -0.7030231645967861542, -0.0000000000000000000 ) ) ;
#3489 = AXIS2_PLACEMENT_3D ( 'NONE', #5624, #8228, #3609 ) ;
#3490 = CARTESIAN_POINT ( 'NONE',  ( -3.182712096523036216, -6.514049716623748765, 2.249999999999999556 ) ) ;
#3491 = ADVANCED_FACE ( 'NONE', ( #6751 ), #832, .T. ) ;
#3492 =( GEOMETRIC_REPRESENTATION_CONTEXT ( 3 ) GLOBAL_UNCERTAINTY_ASSIGNED_CONTEXT ( ( #8250 ) ) GLOBAL_UNIT_ASSIGNED_CONTEXT ( ( #7224, #4784, #6712 ) ) REPRESENTATION_CONTEXT ( 'NONE', 'WORKASPACE' ) );
#3493 = PRESENTATION_STYLE_ASSIGNMENT (( #235 ) ) ;
#3494 = LINE ( 'NONE', #6110, #7912 ) ;
#3495 = ADVANCED_FACE ( 'NONE', ( #1058 ), #4486, .T. ) ;
#3496 = ADVANCED_FACE ( 'NONE', ( #313 ), #8309, .T. ) ;
#3497 = ADVANCED_FACE ( 'NONE', ( #445 ), #432, .T. ) ;
#3498 = LINE ( 'NONE', #2855, #8530 ) ;
#3499 = EDGE_LOOP ( 'NONE', ( #1721, #5309, #1954, #5455 ) ) ;
#3500 = ORIENTED_EDGE ( 'NONE', *, *, #405, .F. ) ;
#3501 = AXIS2_PLACEMENT_3D ( 'NONE', #1640, #2349, #8112 ) ;
#3502 = CIRCLE ( 'NONE', #865, 7.250000000000000000 ) ;
#3503 = DIRECTION ( 'NONE',  ( 1.000000000000000000, 0.0000000000000000000, 0.0000000000000000000 ) ) ;
#3504 = EDGE_CURVE ( 'NONE', #7183, #6908, #4352, .T. ) ;
#3505 = LINE ( 'NONE', #5440, #8501 ) ;
#3506 = VECTOR ( 'NONE', #6540, 1000.000000000000000 ) ;
#3507 = CARTESIAN_POINT ( 'NONE',  ( 2.087791667228991788, -6.681401496261788253, 4.000000000000000000 ) ) ;
#3508 = EDGE_LOOP ( 'NONE', ( #6000, #8450, #650, #5509 ) ) ;
#3509 = CARTESIAN_POINT ( 'NONE',  ( 2.087791667229006887, -6.681401496261778483, 2.000000000000000000 ) ) ;
#3510 = CARTESIAN_POINT ( 'NONE',  ( -5.150000000000006573, -4.900000000000001243, 0.1392243887514867662 ) ) ;
#3511 = DIRECTION ( 'NONE',  ( -0.0000000000000000000, -0.0000000000000000000, -1.000000000000000000 ) ) ;
#3512 = ORIENTED_EDGE ( 'NONE', *, *, #2971, .T. ) ;
#3513 = COLOUR_RGB ( '',0.2980392156862745057, 0.2980392156862745057, 0.2980392156862745057 ) ;
#3514 = CARTESIAN_POINT ( 'NONE',  ( 2.111802505940161279, 3.603976670919075254, 1.989999999999999991 ) ) ;
#3515 = CARTESIAN_POINT ( 'NONE',  ( 5.851408311032563425, 3.997023298216454634, 3.914235246486340358 ) ) ;
#3516 = CARTESIAN_POINT ( 'NONE',  ( 2.087791667228449999, 6.681401496261951678, 4.000000000000000000 ) ) ;
#3517 = DIRECTION ( 'NONE',  ( -0.7111669494853618545, 0.7030231645967895959, 3.545124961925875515E-15 ) ) ;
#3518 = EDGE_CURVE ( 'NONE', #4528, #5648, #5076, .T. ) ;
#3519 = ORIENTED_EDGE ( 'NONE', *, *, #8561, .T. ) ;
#3520 = ORIENTED_EDGE ( 'NONE', *, *, #496, .T. ) ;
#3521 = CARTESIAN_POINT ( 'NONE',  ( 5.129999999999997229, -7.249999999999999112, 2.000000000000000888 ) ) ;
#3522 = ORIENTED_EDGE ( 'NONE', *, *, #2894, .F. ) ;
#3523 = VERTEX_POINT ( 'NONE', #7667 ) ;
#3524 = VERTEX_POINT ( 'NONE', #1754 ) ;
#3525 = FILL_AREA_STYLE_COLOUR ( '', #3513 ) ;
#3526 = B_SPLINE_CURVE_WITH_KNOTS ( 'NONE', 3,
 ( #7011, #499, #3744, #6365, #7760, #4493 ),
 .UNSPECIFIED., .F., .F.,
 ( 4, 2, 4 ),
 ( 6.133173666733496745E-19, 0.0002759767003080312257, 0.0005519534006160625597 ),
 .UNSPECIFIED. ) ;
#3527 = CARTESIAN_POINT ( 'NONE',  ( -5.149999999999999467, -7.250000000000000000, 2.000000000000000000 ) ) ;
#3528 = DIRECTION ( 'NONE',  ( 0.0000000000000000000, 0.0000000000000000000, 1.000000000000000000 ) ) ;
#3529 = VERTEX_POINT ( 'NONE', #3783 ) ;
#3530 = DIRECTION ( 'NONE',  ( 0.7111669494853591900, -0.7030231645967923715, 0.0000000000000000000 ) ) ;
#3531 = VERTEX_POINT ( 'NONE', #4394 ) ;
#3532 = ORIENTED_EDGE ( 'NONE', *, *, #4554, .F. ) ;
#3533 = CARTESIAN_POINT ( 'NONE',  ( 2.873797246170608499, -6.444613101577380654, 2.054262250778938537 ) ) ;
#3534 = ORIENTED_EDGE ( 'NONE', *, *, #2600, .T. ) ;
#3535 = AXIS2_PLACEMENT_3D ( 'NONE', #6505, #5863, #4754 ) ;
#3536 = DIRECTION ( 'NONE',  ( -0.0000000000000000000, -1.000000000000000000, -1.405447260629361553E-16 ) ) ;
#3537 = CARTESIAN_POINT ( 'NONE',  ( 1.749051531138512416, 7.035859488464931921, 3.750000000000001776 ) ) ;
#3538 = DIRECTION ( 'NONE',  ( 0.0000000000000000000, -1.000000000000000000, -0.0000000000000000000 ) ) ;
#3539 = LINE ( 'NONE', #5469, #719 ) ;
#3540 = VERTEX_POINT ( 'NONE', #490 ) ;
#3541 = AXIS2_PLACEMENT_3D ( 'NONE', #6026, #202, #3503 ) ;
#3542 = ORIENTED_EDGE ( 'NONE', *, *, #2572, .F. ) ;
#3543 = CIRCLE ( 'NONE', #4095, 1.249999999999997780 ) ;
#3544 = ORIENTED_EDGE ( 'NONE', *, *, #8031, .T. ) ;
#3545 = EDGE_CURVE ( 'NONE', #7795, #6566, #1133, .T. ) ;
#3546 = EDGE_CURVE ( 'NONE', #824, #4813, #4720, .T. ) ;
#3547 = EDGE_CURVE ( 'NONE', #435, #6263, #6364, .T. ) ;
#3548 = EDGE_CURVE ( 'NONE', #8260, #7263, #1521, .T. ) ;
#3549 = FACE_OUTER_BOUND ( 'NONE', #8188, .T. ) ;
#3550 = CARTESIAN_POINT ( 'NONE',  ( -2.087791667227791415, 6.681401496262153294, 2.000000000000000000 ) ) ;
#3551 = FILL_AREA_STYLE ('',( #4282 ) ) ;
#3552 = CARTESIAN_POINT ( 'NONE',  ( 5.150000000000000355, -4.724710424241401974, 1.988239158481577507 ) ) ;
#3553 = VERTEX_POINT ( 'NONE', #1967 ) ;
#3554 = CARTESIAN_POINT ( 'NONE',  ( 6.484868531555166626, -3.009558245794800246, 3.851148186049379696 ) ) ;
#3555 = CARTESIAN_POINT ( 'NONE',  ( -3.249999999999999556, -7.229999999999999538, 2.000000000000000444 ) ) ;
#3556 = FILL_AREA_STYLE_COLOUR ( '', #7570 ) ;
#3557 = ORIENTED_EDGE ( 'NONE', *, *, #6071, .T. ) ;
#3558 = CARTESIAN_POINT ( 'NONE',  ( 0.0000000000000000000, 0.0000000000000000000, 2.250000000000001776 ) ) ;
#3559 = DIRECTION ( 'NONE',  ( 1.000000000000000000, 0.0000000000000000000, 0.0000000000000000000 ) ) ;
#3560 = LINE ( 'NONE', #1612, #7233 ) ;
#3561 = CARTESIAN_POINT ( 'NONE',  ( 1.974999999999994538, 0.0000000000000000000, 0.0000000000000000000 ) ) ;
#3562 = ORIENTED_EDGE ( 'NONE', *, *, #7554, .T. ) ;
#3563 = CARTESIAN_POINT ( 'NONE',  ( 6.830159262260542263, 1.532620126501206714, 2.000000000000000000 ) ) ;
#3564 = ORIENTED_EDGE ( 'NONE', *, *, #2878, .T. ) ;
#3565 = VERTEX_POINT ( 'NONE', #4527 ) ;
#3566 = FILL_AREA_STYLE ('',( #5412 ) ) ;
#3567 = ORIENTED_EDGE ( 'NONE', *, *, #2186, .F. ) ;
#3568 = EDGE_CURVE ( 'NONE', #2289, #5056, #8524, .T. ) ;
#3569 = FILL_AREA_STYLE_COLOUR ( '', #3788 ) ;
#3570 = DIRECTION ( 'NONE',  ( 0.0000000000000000000, 0.0000000000000000000, -1.000000000000000000 ) ) ;
#3571 = CARTESIAN_POINT ( 'NONE',  ( 4.089921896515416933, -5.863744502175197049, 2.148851813950629630 ) ) ;
#3572 = LINE ( 'NONE', #6965, #6763 ) ;
#3573 = VERTEX_POINT ( 'NONE', #3471 ) ;
#3574 = ORIENTED_EDGE ( 'NONE', *, *, #3182, .T. ) ;
#3575 = VERTEX_POINT ( 'NONE', #5494 ) ;
#3576 = CARTESIAN_POINT ( 'NONE',  ( 5.855225597207216914, -4.211697612767852483, 2.212525231906826484 ) ) ;
#3577 = ORIENTED_EDGE ( 'NONE', *, *, #944, .T. ) ;
#3578 = AXIS2_PLACEMENT_3D ( 'NONE', #5597, #5730, #3110 ) ;
#3579 = EDGE_CURVE ( 'NONE', #142, #6575, #895, .T. ) ;
#3580 = DIRECTION ( 'NONE',  ( -0.0000000000000000000, -0.0000000000000000000, 1.000000000000000000 ) ) ;
#3581 = APPLICATION_PROTOCOL_DEFINITION ( 'draft international standard', 'automotive_design', 1998, #1943 ) ;
#3582 = CARTESIAN_POINT ( 'NONE',  ( 2.543310006265614209, 3.217255597734475003, 1.969999999999999973 ) ) ;
#3583 = ORIENTED_EDGE ( 'NONE', *, *, #1595, .T. ) ;
#3584 = FILL_AREA_STYLE_COLOUR ( '', #35 ) ;
#3585 = LINE ( 'NONE', #2777, #8362 ) ;
#3586 = LINE ( 'NONE', #8207, #2317 ) ;
#3587 = DIRECTION ( 'NONE',  ( 1.000000000000000000, 0.0000000000000000000, 0.0000000000000000000 ) ) ;
#3588 = LINE ( 'NONE', #6029, #2088 ) ;
#3589 = CARTESIAN_POINT ( 'NONE',  ( -3.100995205898506413, 2.638885918508817152, 1.431521299068695704E-14 ) ) ;
#3590 = AXIS2_PLACEMENT_3D ( 'NONE', #5745, #5105, #7781 ) ;
#3591 = EDGE_CURVE ( 'NONE', #275, #6783, #8106, .T. ) ;
#3592 = DIRECTION ( 'NONE',  ( -1.000000000000000000, 0.0000000000000000000, 0.0000000000000000000 ) ) ;
#3593 = EDGE_CURVE ( 'NONE', #4023, #768, #4163, .T. ) ;
#3594 = ORIENTED_EDGE ( 'NONE', *, *, #5983, .T. ) ;
#3595 = CARTESIAN_POINT ( 'NONE',  ( -2.695380892067972933, -6.460257103759478703, 4.000000000000000000 ) ) ;
#3596 = STYLED_ITEM ( 'NONE', ( #5523 ), #2261 ) ;
#3597 = CARTESIAN_POINT ( 'NONE',  ( 5.270858399430221830, -6.281564433575399953, 4.000000000000000000 ) ) ;
#3598 = ORIENTED_EDGE ( 'NONE', *, *, #1936, .F. ) ;
#3599 = VERTEX_POINT ( 'NONE', #7345 ) ;
#3600 = CARTESIAN_POINT ( 'NONE',  ( -3.239221501367550715, 2.499058416603145094, 1.969999999999999973 ) ) ;
#3601 = EDGE_CURVE ( 'NONE', #4226, #4614, #870, .T. ) ;
#3602 = ORIENTED_EDGE ( 'NONE', *, *, #3435, .F. ) ;
#3603 = ORIENTED_EDGE ( 'NONE', *, *, #8443, .F. ) ;
#3604 = CIRCLE ( 'NONE', #2379, 6.999999999999999112 ) ;
#3605 = VERTEX_POINT ( 'NONE', #3521 ) ;
#3606 = DIRECTION ( 'NONE',  ( 1.000000000000000000, -0.0000000000000000000, 3.486881358747351719E-15 ) ) ;
#3607 = EDGE_CURVE ( 'NONE', #5709, #2773, #6175, .T. ) ;
#3608 = DIRECTION ( 'NONE',  ( 0.0000000000000000000, 0.0000000000000000000, 1.000000000000000000 ) ) ;
#3609 = DIRECTION ( 'NONE',  ( -0.7111669494853590789, -0.7030231645967924825, 0.0000000000000000000 ) ) ;
#3610 = CARTESIAN_POINT ( 'NONE',  ( 0.0000000000000000000, 0.0000000000000000000, 2.249999999999999556 ) ) ;
#3611 = ORIENTED_EDGE ( 'NONE', *, *, #1378, .F. ) ;
#3612 = DIRECTION ( 'NONE',  ( -1.000000000000000000, 0.0000000000000000000, 0.0000000000000000000 ) ) ;
#3613 = DIRECTION ( 'NONE',  ( 1.000000000000000000, 0.0000000000000000000, 0.0000000000000000000 ) ) ;
#3614 = ORIENTED_EDGE ( 'NONE', *, *, #5068, .F. ) ;
#3615 = VERTEX_POINT ( 'NONE', #4811 ) ;
#3616 = ORIENTED_EDGE ( 'NONE', *, *, #8328, .T. ) ;
#3617 = DIRECTION ( 'NONE',  ( 0.0000000000000000000, 0.0000000000000000000, 1.000000000000000000 ) ) ;
#3618 = COLOUR_RGB ( '',0.2980392156862745057, 0.2980392156862745057, 0.2980392156862745057 ) ;
#3619 = ADVANCED_FACE ( 'NONE', ( #1526 ), #6833, .F. ) ;
#3620 = ORIENTED_EDGE ( 'NONE', *, *, #4400, .F. ) ;
#3621 = EDGE_LOOP ( 'NONE', ( #6928, #6280, #2794, #4199 ) ) ;
#3622 = CARTESIAN_POINT ( 'NONE',  ( 5.159999999999998366, -1.800000000000004263, -0.005000000000000000104 ) ) ;
#3623 = AXIS2_PLACEMENT_3D ( 'NONE', #7404, #230, #4178 ) ;
#3624 = DIRECTION ( 'NONE',  ( 0.0000000000000000000, -1.000000000000000000, 0.0000000000000000000 ) ) ;
#3625 = DIRECTION ( 'NONE',  ( 1.000000000000000000, 0.0000000000000000000, 0.0000000000000000000 ) ) ;
#3626 =( LENGTH_UNIT ( ) NAMED_UNIT ( * ) SI_UNIT ( .MILLI., .METRE. ) );
#3627 = DIRECTION ( 'NONE',  ( -1.000000000000000000, 0.0000000000000000000, 0.0000000000000000000 ) ) ;
#3628 = ORIENTED_EDGE ( 'NONE', *, *, #8136, .F. ) ;
#3629 = AXIS2_PLACEMENT_3D ( 'NONE', #2906, #5441, #6900 ) ;
#3630 = DIRECTION ( 'NONE',  ( 2.602085213965210642E-15, -2.168404344971008868E-15, 1.000000000000000000 ) ) ;
#3631 = VECTOR ( 'NONE', #7994, 1000.000000000000000 ) ;
#3632 = FACE_OUTER_BOUND ( 'NONE', #457, .T. ) ;
#3633 = FACE_OUTER_BOUND ( 'NONE', #5259, .T. ) ;
#3634 = ADVANCED_FACE ( 'NONE', ( #2835 ), #4585, .T. ) ;
#3635 = CARTESIAN_POINT ( 'NONE',  ( -1.949740832127683454, 6.789804951450038040, 2.063856039206959814 ) ) ;
#3636 = AXIS2_PLACEMENT_3D ( 'NONE', #2366, #7609, #4341 ) ;
#3637 =( NAMED_UNIT ( * ) PLANE_ANGLE_UNIT ( ) SI_UNIT ( $, .RADIAN. ) );
#3638 = LINE ( 'NONE', #297, #6749 ) ;
#3639 = ORIENTED_EDGE ( 'NONE', *, *, #1692, .F. ) ;
#3640 = ORIENTED_EDGE ( 'NONE', *, *, #5068, .T. ) ;
#3641 = VECTOR ( 'NONE', #3488, 1000.000000000000114 ) ;
#3642 = ORIENTED_EDGE ( 'NONE', *, *, #618, .F. ) ;
#3643 = CARTESIAN_POINT ( 'NONE',  ( 0.0000000000000000000, 0.0000000000000000000, 2.249999999999996891 ) ) ;
#3644 = EDGE_CURVE ( 'NONE', #7017, #2979, #1959, .T. ) ;
#3645 = LINE ( 'NONE', #7488, #2965 ) ;
#3646 = ADVANCED_FACE ( 'NONE', ( #1443 ), #4853, .F. ) ;
#3647 = EDGE_CURVE ( 'NONE', #511, #4759, #218, .T. ) ;
#3648 = EDGE_CURVE ( 'NONE', #974, #3177, #5942, .T. ) ;
#3649 = STYLED_ITEM ( 'NONE', ( #5145 ), #6776 ) ;
#3650 = DIRECTION ( 'NONE',  ( 1.000000000000000000, 0.0000000000000000000, 0.0000000000000000000 ) ) ;
#3651 = CARTESIAN_POINT ( 'NONE',  ( 5.150000000000000355, -1.163414459190184377E-16, 1.989999999999999991 ) ) ;
#3652 = CARTESIAN_POINT ( 'NONE',  ( 0.0000000000000000000, 0.0000000000000000000, 2.249999999999999556 ) ) ;
#3653 = EDGE_LOOP ( 'NONE', ( #960, #4819, #6405, #4224 ) ) ;
#3654 = VERTEX_POINT ( 'NONE', #2880 ) ;
#3655 = ORIENTED_EDGE ( 'NONE', *, *, #3044, .T. ) ;
#3656 = DIRECTION ( 'NONE',  ( -0.0000000000000000000, -1.000000000000000000, -0.0000000000000000000 ) ) ;
#3657 = ORIENTED_EDGE ( 'NONE', *, *, #241, .T. ) ;
#3658 = ADVANCED_FACE ( 'NONE', ( #7391 ), #8002, .T. ) ;
#3659 = LINE ( 'NONE', #234, #1360 ) ;
#3660 = DIRECTION ( 'NONE',  ( -0.0000000000000000000, -0.0000000000000000000, 1.000000000000000000 ) ) ;
#3661 = ORIENTED_EDGE ( 'NONE', *, *, #7078, .T. ) ;
#3662 = VERTEX_POINT ( 'NONE', #7654 ) ;
#3663 = EDGE_CURVE ( 'NONE', #1785, #4600, #6994, .T. ) ;
#3664 = DIRECTION ( 'NONE',  ( 0.7030231645967899290, 0.7111669494853616325, 1.084202172485504557E-16 ) ) ;
#3665 = DIRECTION ( 'NONE',  ( -0.7030231645967892629, -0.7111669494853621876, 3.745981415889632288E-16 ) ) ;
#3666 = VECTOR ( 'NONE', #5018, 1000.000000000000000 ) ;
#3667 = DIRECTION ( 'NONE',  ( 1.000000000000000000, -2.398081733190338127E-14, 0.0000000000000000000 ) ) ;
#3668 = CARTESIAN_POINT ( 'NONE',  ( -7.176165166442831200, -0.5523122493572965030, 2.197175046756848715 ) ) ;
#3669 = ORIENTED_EDGE ( 'NONE', *, *, #3133, .F. ) ;
#3670 = CARTESIAN_POINT ( 'NONE',  ( -3.499999999999999556, -7.250000000000000000, 0.5000000000000000000 ) ) ;
#3671 = LINE ( 'NONE', #6863, #1833 ) ;
#3672 = CARTESIAN_POINT ( 'NONE',  ( 4.904673562540705412, 5.073058829348856769, 3.945737749221093438 ) ) ;
#3673 = VERTEX_POINT ( 'NONE', #6394 ) ;
#3674 = DIRECTION ( 'NONE',  ( -1.000000000000000000, 0.0000000000000000000, 0.0000000000000000000 ) ) ;
#3675 = VECTOR ( 'NONE', #112, 1000.000000000000000 ) ;
#3676 = VECTOR ( 'NONE', #2132, 1000.000000000000000 ) ;
#3677 = FACE_OUTER_BOUND ( 'NONE', #2474, .T. ) ;
#3678 = LINE ( 'NONE', #7117, #3127 ) ;
#3679 = CARTESIAN_POINT ( 'NONE',  ( -6.343973861997441510, 3.089618791924913843, 2.054262250779069099 ) ) ;
#3680 = CARTESIAN_POINT ( 'NONE',  ( -2.681536301734668726, 3.077428095828809163, -0.01000000000000000021 ) ) ;
#3681 = VECTOR ( 'NONE', #7407, 1000.000000000000000 ) ;
#3682 = ORIENTED_EDGE ( 'NONE', *, *, #3129, .F. ) ;
#3683 = ORIENTED_EDGE ( 'NONE', *, *, #5294, .T. ) ;
#3684 = CARTESIAN_POINT ( 'NONE',  ( -1.974999999999996314, -7.159999999999999254, -0.005000000000000000104 ) ) ;
#3685 = ORIENTED_EDGE ( 'NONE', *, *, #4134, .F. ) ;
#3686 = CARTESIAN_POINT ( 'NONE',  ( -2.999999999999999556, -4.500000000000000000, 0.0000000000000000000 ) ) ;
#3687 = CARTESIAN_POINT ( 'NONE',  ( -2.133096795500278642, 3.617996415286566680, 1.989999999999999991 ) ) ;
#3688 = CARTESIAN_POINT ( 'NONE',  ( -2.999999999999999556, -4.500000000000000000, -0.4000000000000000222 ) ) ;
#3689 = FILL_AREA_STYLE ('',( #7045 ) ) ;
#3690 = SURFACE_SIDE_STYLE ('',( #2416 ) ) ;
#3691 = EDGE_CURVE ( 'NONE', #5249, #3890, #1134, .T. ) ;
#3692 = VERTEX_POINT ( 'NONE', #4252 ) ;
#3693 = VECTOR ( 'NONE', #1870, 1000.000000000000000 ) ;
#3694 = CARTESIAN_POINT ( 'NONE',  ( -2.133096795500278642, 3.617996415286567125, 0.0000000000000000000 ) ) ;
#3695 = ORIENTED_EDGE ( 'NONE', *, *, #2180, .T. ) ;
#3696 = ORIENTED_EDGE ( 'NONE', *, *, #2449, .T. ) ;
#3697 = FACE_OUTER_BOUND ( 'NONE', #2332, .T. ) ;
#3698 = VERTEX_POINT ( 'NONE', #2323 ) ;
#3699 = EDGE_CURVE ( 'NONE', #6873, #7679, #1088, .T. ) ;
#3700 = EDGE_CURVE ( 'NONE', #2935, #3143, #3046, .T. ) ;
#3701 = DIRECTION ( 'NONE',  ( -0.7030231645967894849, -0.7111669494853620765, 0.0000000000000000000 ) ) ;
#3702 = CARTESIAN_POINT ( 'NONE',  ( 3.036990180444824272, 2.575613833695105992, -0.01000000000000000021 ) ) ;
#3703 = CARTESIAN_POINT ( 'NONE',  ( 2.140208464995133397, 3.625026646932535623, 1.989999999999999991 ) ) ;
#3704 = ORIENTED_EDGE ( 'NONE', *, *, #7335, .T. ) ;
#3705 = ORIENTED_EDGE ( 'NONE', *, *, #7522, .F. ) ;
#3706 = EDGE_CURVE ( 'NONE', #6131, #1926, #4168, .T. ) ;
#3707 = CARTESIAN_POINT ( 'NONE',  ( 3.774999999999999911, -4.500000000000000000, 0.0000000000000000000 ) ) ;
#3708 = DIRECTION ( 'NONE',  ( -2.891205793294671128E-14, 0.0000000000000000000, 1.000000000000000000 ) ) ;
#3709 = PRESENTATION_LAYER_ASSIGNMENT (  '', '', ( #7846 ) ) ;
#3710 = CARTESIAN_POINT ( 'NONE',  ( -0.7628348534790005964, 7.209756097560974908, 3.750000000000000000 ) ) ;
#3711 = DIRECTION ( 'NONE',  ( 1.000000000000000000, 0.0000000000000000000, -0.0000000000000000000 ) ) ;
#3712 = CARTESIAN_POINT ( 'NONE',  ( -5.159999999999998366, -0.8000000000000029310, -0.005000000000000000104 ) ) ;
#3713 = VERTEX_POINT ( 'NONE', #338 ) ;
#3714 = LINE ( 'NONE', #3199, #8550 ) ;
#3715 = DIRECTION ( 'NONE',  ( -0.0000000000000000000, -0.0000000000000000000, 1.000000000000000000 ) ) ;
#3716 = DIRECTION ( 'NONE',  ( 0.0000000000000000000, -1.000000000000000000, 0.0000000000000000000 ) ) ;
#3717 = EDGE_CURVE ( 'NONE', #6254, #2713, #5543, .T. ) ;
#3718 = ORIENTED_EDGE ( 'NONE', *, *, #7863, .F. ) ;
#3719 = CIRCLE ( 'NONE', #2209, 4.200000000000000178 ) ;
#3720 = DIRECTION ( 'NONE',  ( 0.0000000000000000000, 0.0000000000000000000, -1.000000000000000000 ) ) ;
#3721 = CARTESIAN_POINT ( 'NONE',  ( -5.129999999999999005, -4.724710424241401974, 1.969999999999999973 ) ) ;
#3722 = CARTESIAN_POINT ( 'NONE',  ( 0.0000000000000000000, 0.0000000000000000000, 1.989999999999999991 ) ) ;
#3723 = AXIS2_PLACEMENT_3D ( 'NONE', #138, #6052, #4086 ) ;
#3724 = DIRECTION ( 'NONE',  ( -3.469446951953614978E-15, -0.0000000000000000000, 1.000000000000000000 ) ) ;
#3725 = CARTESIAN_POINT ( 'NONE',  ( 2.536198336770763451, 3.210225366088509169, 0.9700000000000000844 ) ) ;
#3726 = EDGE_CURVE ( 'NONE', #5550, #7496, #2363, .T. ) ;
#3727 = VERTEX_POINT ( 'NONE', #4980 ) ;
#3728 = ORIENTED_EDGE ( 'NONE', *, *, #6580, .F. ) ;
#3729 = CARTESIAN_POINT ( 'NONE',  ( 4.049976487849747286, -6.013334386832666745, 2.249999999999996003 ) ) ;
#3730 = CIRCLE ( 'NONE', #7725, 6.999999999999999112 ) ;
#3731 = CARTESIAN_POINT ( 'NONE',  ( 4.247056320800951745, 5.564396877285500587, 2.000000000000000000 ) ) ;
#3732 = LINE ( 'NONE', #5069, #7818 ) ;
#3733 = CARTESIAN_POINT ( 'NONE',  ( -3.254999999999999005, -7.250000000000000000, 2.000000000000000000 ) ) ;
#3734 = LINE ( 'NONE', #7706, #7619 ) ;
#3735 = STYLED_ITEM ( 'NONE', ( #1413 ), #2581 ) ;
#3736 = ORIENTED_EDGE ( 'NONE', *, *, #5331, .F. ) ;
#3737 = CARTESIAN_POINT ( 'NONE',  ( 3.250000000000002220, -7.250000000000001776, 1.200000000000000622 ) ) ;
#3738 = VERTEX_POINT ( 'NONE', #8298 ) ;
#3739 = ORIENTED_EDGE ( 'NONE', *, *, #3706, .T. ) ;
#3740 = DIRECTION ( 'NONE',  ( 0.0000000000000000000, 0.0000000000000000000, 1.000000000000000000 ) ) ;
#3741 = ORIENTED_EDGE ( 'NONE', *, *, #7443, .F. ) ;
#3742 = ADVANCED_FACE ( 'NONE', ( #2452, #1695 ), #1784, .T. ) ;
#3743 = MECHANICAL_DESIGN_GEOMETRIC_PRESENTATION_REPRESENTATION (  '', ( #7595 ), #5251 ) ;
#3744 = CARTESIAN_POINT ( 'NONE',  ( 3.033190751928498852, -6.473848512963657598, 3.851148186049350830 ) ) ;
#3745 = ADVANCED_FACE ( 'NONE', ( #7036 ), #4296, .T. ) ;
#3746 = CYLINDRICAL_SURFACE ( 'NONE', #5669, 1.250000000000001998 ) ;
#3747 = DIRECTION ( 'NONE',  ( 0.7030231645967891518, -0.7111669494853622986, 7.500765082213785782E-16 ) ) ;
#3748 = ORIENTED_EDGE ( 'NONE', *, *, #8436, .T. ) ;
#3749 = VECTOR ( 'NONE', #5083, 1000.000000000000000 ) ;
#3750 = ORIENTED_EDGE ( 'NONE', *, *, #596, .T. ) ;
#3751 = DIRECTION ( 'NONE',  ( 2.172311548719348426E-29, -1.000000000000000000, -6.229955439320548579E-15 ) ) ;
#3752 = ADVANCED_FACE ( 'NONE', ( #4336 ), #7200, .T. ) ;
#3753 = CARTESIAN_POINT ( 'NONE',  ( -2.536198336770763451, 3.210225366088509169, 0.9700000000000000844 ) ) ;
#3754 = DIRECTION ( 'NONE',  ( -1.000000000000000000, 0.0000000000000000000, 0.0000000000000000000 ) ) ;
#3755 = ADVANCED_FACE ( 'NONE', ( #5230 ), #7243, .T. ) ;
#3756 = ADVANCED_FACE ( 'NONE', ( #3809 ), #3937, .F. ) ;
#3757 = CARTESIAN_POINT ( 'NONE',  ( 7.101408311032565202, 4.100000000000294520, 4.000000000000000000 ) ) ;
#3758 = CARTESIAN_POINT ( 'NONE',  ( -5.159999999999999254, -6.324710424241401618, 1.969999999999999973 ) ) ;
#3759 = ORIENTED_EDGE ( 'NONE', *, *, #6116, .F. ) ;
#3760 = CARTESIAN_POINT ( 'NONE',  ( -5.160000000000005471, -5.898932796319721561, 0.0000000000000000000 ) ) ;
#3761 = CARTESIAN_POINT ( 'NONE',  ( -6.855013990760774334, -1.706377384307521172, 3.936143960792990892 ) ) ;
#3762 = CARTESIAN_POINT ( 'NONE',  ( 2.894821588564013393, 2.861672122991798961, 1.444439011209509110E-14 ) ) ;
#3763 = ORIENTED_EDGE ( 'NONE', *, *, #5262, .F. ) ;
#3764 = VECTOR ( 'NONE', #858, 1000.000000000000000 ) ;
#3765 = CARTESIAN_POINT ( 'NONE',  ( 0.0000000000000000000, 0.0000000000000000000, 3.449999999999999734 ) ) ;
#3766 = DIRECTION ( 'NONE',  ( 1.000000000000000000, 0.0000000000000000000, 0.0000000000000000000 ) ) ;
#3767 = CARTESIAN_POINT ( 'NONE',  ( 0.0000000000000000000, 0.0000000000000000000, 3.750000000000000000 ) ) ;
#3768 = ADVANCED_FACE ( 'NONE', ( #7825 ), #8473, .T. ) ;
#3769 = CIRCLE ( 'NONE', #5432, 1.249999999999997780 ) ;
#3770 = AXIS2_PLACEMENT_3D ( 'NONE', #3144, #3103, #5724 ) ;
#3771 = DIRECTION ( 'NONE',  ( -0.7030231645968014753, -0.7111669494853501972, 0.0000000000000000000 ) ) ;
#3772 = DIRECTION ( 'NONE',  ( 0.0000000000000000000, 0.0000000000000000000, -1.000000000000000000 ) ) ;
#3773 = VERTEX_POINT ( 'NONE', #2574 ) ;
#3774 = CARTESIAN_POINT ( 'NONE',  ( 6.830159262260540487, 1.532620126501188063, 4.000000000000000000 ) ) ;
#3775 = CARTESIAN_POINT ( 'NONE',  ( 3.774999999999999911, -4.500000000000000000, -0.4000000000000000222 ) ) ;
#3776 = CIRCLE ( 'NONE', #6654, 7.000000000000001776 ) ;
#3777 = CARTESIAN_POINT ( 'NONE',  ( -5.150000000000000355, -1.163414459190184377E-16, 1.989999999999999991 ) ) ;
#3778 = DIRECTION ( 'NONE',  ( -2.602085213965210642E-15, -2.168404344971008868E-15, 1.000000000000000000 ) ) ;
#3779 = EDGE_CURVE ( 'NONE', #8057, #6873, #683, .T. ) ;
#3780 = FACE_OUTER_BOUND ( 'NONE', #6795, .T. ) ;
#3781 = VECTOR ( 'NONE', #1159, 1000.000000000000000 ) ;
#3782 = ORIENTED_EDGE ( 'NONE', *, *, #173, .F. ) ;
#3783 = CARTESIAN_POINT ( 'NONE',  ( 2.111802505940161279, 3.603976670919075254, 2.000000000000000000 ) ) ;
#3784 = VERTEX_POINT ( 'NONE', #3889 ) ;
#3785 = ORIENTED_EDGE ( 'NONE', *, *, #6810, .F. ) ;
#3786 = CARTESIAN_POINT ( 'NONE',  ( 6.942437212868512120, -0.8958602264742523413, 4.000000000000000000 ) ) ;
#3787 = VERTEX_POINT ( 'NONE', #7743 ) ;
#3788 = COLOUR_RGB ( '',0.2980392156862745057, 0.2980392156862745057, 0.2980392156862745057 ) ;
#3789 = CARTESIAN_POINT ( 'NONE',  ( 0.3232914739359215583, -6.992530487804857309, 4.000000000000000000 ) ) ;
#3790 = VECTOR ( 'NONE', #4422, 1000.000000000000000 ) ;
#3791 = CARTESIAN_POINT ( 'NONE',  ( -5.149999999999999467, -6.324710424241401618, 1.988239158481577507 ) ) ;
#3792 = VERTEX_POINT ( 'NONE', #4553 ) ;
#3793 = EDGE_LOOP ( 'NONE', ( #3375, #4782, #8092, #4120 ) ) ;
#3794 = CARTESIAN_POINT ( 'NONE',  ( 0.0000000000000000000, 0.0000000000000000000, 1.989999999999999991 ) ) ;
#3795 = LINE ( 'NONE', #3753, #8085 ) ;
#3796 = CARTESIAN_POINT ( 'NONE',  ( -3.100995205898505969, 2.638885918508816264, 0.4299591213836870818 ) ) ;
#3797 = PLANE ( 'NONE',  #1151 ) ;
#3798 = CYLINDRICAL_SURFACE ( 'NONE', #4702, 0.02999999999999958256 ) ;
#3799 = ORIENTED_EDGE ( 'NONE', *, *, #777, .T. ) ;
#3800 = CARTESIAN_POINT ( 'NONE',  ( 5.218707288899020469, 5.032652802726634178, 3.749999999999998224 ) ) ;
#3801 = ORIENTED_EDGE ( 'NONE', *, *, #8201, .F. ) ;
#3802 = EDGE_CURVE ( 'NONE', #4088, #5161, #2658, .T. ) ;
#3803 = CARTESIAN_POINT ( 'NONE',  ( 6.967758820037681211, 2.003206685738419424, 2.249999999999999556 ) ) ;
#3804 = COLOUR_RGB ( '',0.2980392156862745057, 0.2980392156862745057, 0.2980392156862745057 ) ;
#3805 = PLANE ( 'NONE',  #2719 ) ;
#3806 = LINE ( 'NONE', #5061, #6605 ) ;
#3807 = CARTESIAN_POINT ( 'NONE',  ( -3.036990180444823384, 2.575613833695106880, -0.01000000000000000021 ) ) ;
#3808 = VECTOR ( 'NONE', #504, 1000.000000000000000 ) ;
#3809 = FACE_OUTER_BOUND ( 'NONE', #2038, .T. ) ;
#3810 = VERTEX_POINT ( 'NONE', #5191 ) ;
#3811 = VECTOR ( 'NONE', #8511, 1000.000000000000000 ) ;
#3812 = CARTESIAN_POINT ( 'NONE',  ( -2.128639366018726609, 3.620620727090231750, 1.989999999999999991 ) ) ;
#3813 = ADVANCED_FACE ( 'NONE', ( #5268 ), #7909, .F. ) ;
#3814 = DIRECTION ( 'NONE',  ( -1.000000000000000000, 0.0000000000000000000, 0.0000000000000000000 ) ) ;
#3815 = DIRECTION ( 'NONE',  ( 0.0000000000000000000, -1.000000000000000000, 0.0000000000000000000 ) ) ;
#3816 = DIRECTION ( 'NONE',  ( 0.0000000000000000000, -1.000000000000000000, 0.0000000000000000000 ) ) ;
#3817 = CARTESIAN_POINT ( 'NONE',  ( 2.118873456510571796, 3.603935951994632347, 1.989999999999999547 ) ) ;
#3818 = VECTOR ( 'NONE', #2118, 1000.000000000000000 ) ;
#3819 = CARTESIAN_POINT ( 'NONE',  ( -5.149999999999999467, -7.250000000000000000, 0.5000000000000000000 ) ) ;
#3820 = DIRECTION ( 'NONE',  ( 0.0000000000000000000, 0.0000000000000000000, -1.000000000000000000 ) ) ;
#3821 = ORIENTED_EDGE ( 'NONE', *, *, #4385, .F. ) ;
#3822 = ORIENTED_EDGE ( 'NONE', *, *, #7782, .F. ) ;
#3823 = CARTESIAN_POINT ( 'NONE',  ( 8.075423574700385743, 1.423915056869163864, 4.000000000000000000 ) ) ;
#3824 = VERTEX_POINT ( 'NONE', #2491 ) ;
#3825 = EDGE_CURVE ( 'NONE', #5808, #6172, #5108, .T. ) ;
#3826 = ADVANCED_FACE ( 'NONE', ( #1871 ), #6510, .F. ) ;
#3827 = PLANE ( 'NONE',  #1559 ) ;
#3828 = ORIENTED_EDGE ( 'NONE', *, *, #3392, .T. ) ;
#3829 = ORIENTED_EDGE ( 'NONE', *, *, #8454, .F. ) ;
#3830 = SURFACE_STYLE_FILL_AREA ( #3368 ) ;
#3831 = LINE ( 'NONE', #2438, #2999 ) ;
#3832 = PLANE ( 'NONE',  #5146 ) ;
#3833 = DIRECTION ( 'NONE',  ( 1.000000000000000000, -8.881784197001253901E-15, 0.0000000000000000000 ) ) ;
#3834 = CARTESIAN_POINT ( 'NONE',  ( -5.060000000000007603, -4.900000000000000355, 0.0000000000000000000 ) ) ;
#3835 = CARTESIAN_POINT ( 'NONE',  ( -1.974999999999996314, -7.250000000000000000, 0.5000000000000000000 ) ) ;
#3837 = ORIENTED_EDGE ( 'NONE', *, *, #8225, .T. ) ;
#3836 = B_SPLINE_CURVE_WITH_KNOTS ( 'NONE', 3,
 ( #6517, #608, #1921, #5201 ),
 .UNSPECIFIED., .F., .F.,
 ( 4, 4 ),
 ( 0.0000000000000000000, 0.0003571877805294679568 ),
 .UNSPECIFIED. ) ;
#3838 = UNCERTAINTY_MEASURE_WITH_UNIT (LENGTH_MEASURE( 1.000000000000000082E-05 ), #46, 'distance_accuracy_value', 'NONE');
#3839 = EDGE_CURVE ( 'NONE', #4937, #2365, #8072, .T. ) ;
#3840 = CARTESIAN_POINT ( 'NONE',  ( 3.628058984723877334, 2.070155953542735183, 1.989999999999998659 ) ) ;
#3841 = CARTESIAN_POINT ( 'NONE',  ( -1.831216653748197087, 6.906343632111417996, 3.855868183907242397 ) ) ;
#3842 = ADVANCED_FACE ( 'NONE', ( #2867 ), #7377, .F. ) ;
#3843 = EDGE_CURVE ( 'NONE', #783, #569, #4152, .T. ) ;
#3844 = ORIENTED_EDGE ( 'NONE', *, *, #1399, .T. ) ;
#3845 = VECTOR ( 'NONE', #3022, 1000.000000000000000 ) ;
#3846 = CARTESIAN_POINT ( 'NONE',  ( -5.150000000000006573, -5.900000000000000355, 3.405157577156835136E-19 ) ) ;
#3847 = VERTEX_POINT ( 'NONE', #1472 ) ;
#3848 = CARTESIAN_POINT ( 'NONE',  ( 3.674999999999999822, -4.500000000000000000, -0.4000000000000000222 ) ) ;
#3849 = EDGE_CURVE ( 'NONE', #1764, #3738, #7952, .T. ) ;
#3850 = AXIS2_PLACEMENT_3D ( 'NONE', #5756, #8394, #2542 ) ;
#3851 = COLOUR_RGB ( '',0.2980392156862745057, 0.2980392156862745057, 0.2980392156862745057 ) ;
#3852 = LINE ( 'NONE', #439, #7372 ) ;
#3853 = CARTESIAN_POINT ( 'NONE',  ( 2.111802505940161279, 3.603976670919075254, 1.989999999999999547 ) ) ;
#3854 = CARTESIAN_POINT ( 'NONE',  ( -4.089921896514494115, 5.863744502175934237, 2.148851813950710010 ) ) ;
#3855 = EDGE_CURVE ( 'NONE', #5338, #3890, #6921, .T. ) ;
#3856 = LINE ( 'NONE', #4525, #7303 ) ;
#3857 = ORIENTED_EDGE ( 'NONE', *, *, #5228, .T. ) ;
#3858 = ORIENTED_EDGE ( 'NONE', *, *, #2409, .F. ) ;
#3859 = ORIENTED_EDGE ( 'NONE', *, *, #8512, .F. ) ;
#3860 = VECTOR ( 'NONE', #953, 1000.000000000000000 ) ;
#3861 = CARTESIAN_POINT ( 'NONE',  ( 4.200000000000000178, 0.0000000000000000000, 1.989999999999999991 ) ) ;
#3862 = ORIENTED_EDGE ( 'NONE', *, *, #7520, .F. ) ;
#3863 = ADVANCED_FACE ( 'NONE', ( #814 ), #3888, .T. ) ;
#3864 = AXIS2_PLACEMENT_3D ( 'NONE', #2647, #1940, #2692 ) ;
#3865 = CARTESIAN_POINT ( 'NONE',  ( 0.0000000000000000000, 0.0000000000000000000, 2.000000000000000000 ) ) ;
#3866 = CARTESIAN_POINT ( 'NONE',  ( -0.9749999999999963141, -7.259999999999999787, 0.5000000000000000000 ) ) ;
#3867 = ADVANCED_FACE ( 'NONE', ( #7470 ), #73, .T. ) ;
#3868 = EDGE_LOOP ( 'NONE', ( #3155, #6559, #8198, #6847, #7111, #3353 ) ) ;
#3869 = DIRECTION ( 'NONE',  ( -0.0000000000000000000, -0.0000000000000000000, 1.000000000000000000 ) ) ;
#3870 = ORIENTED_EDGE ( 'NONE', *, *, #838, .F. ) ;
#3871 = ORIENTED_EDGE ( 'NONE', *, *, #5275, .F. ) ;
#3872 = ORIENTED_EDGE ( 'NONE', *, *, #1386, .T. ) ;
#3873 = AXIS2_PLACEMENT_3D ( 'NONE', #528, #1752, #1097 ) ;
#3874 = CARTESIAN_POINT ( 'NONE',  ( 6.830159262260540487, 1.532620126501188063, 4.000000000000000000 ) ) ;
#3875 = EDGE_CURVE ( 'NONE', #7263, #4251, #3382, .T. ) ;
#3876 = VECTOR ( 'NONE', #7337, 1000.000000000000000 ) ;
#3877 = LINE ( 'NONE', #2388, #5558 ) ;
#3878 = CARTESIAN_POINT ( 'NONE',  ( -2.999999999999999556, -4.500000000000000000, -0.5000000000000000000 ) ) ;
#3879 = ORIENTED_EDGE ( 'NONE', *, *, #1811, .F. ) ;
#3880 = CARTESIAN_POINT ( 'NONE',  ( 5.218707288899020469, 5.032652802726634178, 3.749999999999998224 ) ) ;
#3881 = ORIENTED_EDGE ( 'NONE', *, *, #1635, .T. ) ;
#3882 = ORIENTED_EDGE ( 'NONE', *, *, #7325, .F. ) ;
#3883 = AXIS2_PLACEMENT_3D ( 'NONE', #6651, #8090, #6132 ) ;
#3884 = CARTESIAN_POINT ( 'NONE',  ( 5.270858399429700469, 6.281564433575838713, 4.000000000000000000 ) ) ;
#3885 = CARTESIAN_POINT ( 'NONE',  ( -1.974999999999996314, -7.250000000000000000, 0.0000000000000000000 ) ) ;
#3886 = LINE ( 'NONE', #722, #4970 ) ;
#3887 = LINE ( 'NONE', #7158, #939 ) ;
#3888 = CONICAL_SURFACE ( 'NONE', #155, 7.250000000000000000, 0.7853981633974518317 ) ;
#3889 = CARTESIAN_POINT ( 'NONE',  ( -5.150000000000003908, -4.724710424241401974, 0.9882391584815776175 ) ) ;
#3890 = VERTEX_POINT ( 'NONE', #3555 ) ;
#3891 = EDGE_CURVE ( 'NONE', #6287, #1306, #30, .T. ) ;
#3892 = CARTESIAN_POINT ( 'NONE',  ( -3.628058984723878666, 2.070155953542735183, 1.989999999999999991 ) ) ;
#3893 = CARTESIAN_POINT ( 'NONE',  ( 5.851408311032559872, 4.100000000000300737, 2.144856837083815915 ) ) ;
#3894 = VECTOR ( 'NONE', #1540, 1000.000000000000000 ) ;
#3895 = DIRECTION ( 'NONE',  ( -0.0000000000000000000, -3.293778751854695487E-15, -1.000000000000000000 ) ) ;
#3896 = FACE_OUTER_BOUND ( 'NONE', #80, .T. ) ;
#3897 = CARTESIAN_POINT ( 'NONE',  ( 3.255000000000001670, -7.224999999999999645, 1.990000000000000435 ) ) ;
#3898 = SURFACE_SIDE_STYLE ('',( #3215 ) ) ;
#3899 = ORIENTED_EDGE ( 'NONE', *, *, #4706, .T. ) ;
#3900 = CONICAL_SURFACE ( 'NONE', #1279, 7.250000000000000888, 0.7853981633974517207 ) ;
#3901 = ORIENTED_EDGE ( 'NONE', *, *, #5997, .F. ) ;
#3902 = EDGE_LOOP ( 'NONE', ( #6871, #3655, #2191, #8347 ) ) ;
#3903 = EDGE_CURVE ( 'NONE', #1688, #2713, #2739, .T. ) ;
#3904 = VECTOR ( 'NONE', #3426, 1000.000000000000000 ) ;
#3905 = LINE ( 'NONE', #6655, #5688 ) ;
#3906 = ORIENTED_EDGE ( 'NONE', *, *, #1432, .T. ) ;
#3907 = EDGE_CURVE ( 'NONE', #3468, #6798, #6366, .T. ) ;
#3908 = EDGE_CURVE ( 'NONE', #3784, #6003, #2091, .T. ) ;
#3909 = DIRECTION ( 'NONE',  ( 1.000000000000000000, 0.0000000000000000000, 0.0000000000000000000 ) ) ;
#3910 = DIRECTION ( 'NONE',  ( 0.7111669494853646301, 0.7030231645967869314, 0.0000000000000000000 ) ) ;
#3911 = ORIENTED_EDGE ( 'NONE', *, *, #407, .F. ) ;
#3912 = DIRECTION ( 'NONE',  ( 1.000000000000000000, 0.0000000000000000000, 0.0000000000000000000 ) ) ;
#3913 = ORIENTED_EDGE ( 'NONE', *, *, #4013, .F. ) ;
#3914 = ORIENTED_EDGE ( 'NONE', *, *, #6371, .T. ) ;
#3915 = CARTESIAN_POINT ( 'NONE',  ( 0.6360803707504012472, 7.120840011426508021, 2.148851813950670042 ) ) ;
#3916 = EDGE_LOOP ( 'NONE', ( #2291, #2947, #7252, #748, #8289, #5920 ) ) ;
#3917 = CIRCLE ( 'NONE', #6395, 1.249999999999997558 ) ;
#3918 = VECTOR ( 'NONE', #89, 1000.000000000000114 ) ;
#3919 = DIRECTION ( 'NONE',  ( -0.7030231645967892629, 0.7111669494853621876, 3.745981415889730895E-16 ) ) ;
#3920 = EDGE_CURVE ( 'NONE', #1487, #914, #8334, .T. ) ;
#3921 = CARTESIAN_POINT ( 'NONE',  ( -5.848788160804326175, -4.111281765632529783, 3.851148186049276667 ) ) ;
#3922 = DIRECTION ( 'NONE',  ( -0.0000000000000000000, -0.0000000000000000000, 1.000000000000000000 ) ) ;
#3923 = AXIS2_PLACEMENT_3D ( 'NONE', #7247, #2619, #733 ) ;
#3924 = CARTESIAN_POINT ( 'NONE',  ( 4.742367595032106031, -5.148781369760164317, 4.000000000000000000 ) ) ;
#3925 = DIRECTION ( 'NONE',  ( 1.000000000000000000, 0.0000000000000000000, 0.0000000000000000000 ) ) ;
#3926 = PLANE ( 'NONE',  #1822 ) ;
#3927 = CARTESIAN_POINT ( 'NONE',  ( 3.499999999999997780, -7.160000000000000142, -0.005000000000000000104 ) ) ;
#3928 = EDGE_LOOP ( 'NONE', ( #1821, #7698, #7173, #4418, #3871, #3640 ) ) ;
#3929 = ORIENTED_EDGE ( 'NONE', *, *, #641, .T. ) ;
#3930 = EDGE_CURVE ( 'NONE', #759, #8169, #6086, .T. ) ;
#3931 = EDGE_CURVE ( 'NONE', #2925, #7402, #6989, .T. ) ;
#3932 = CARTESIAN_POINT ( 'NONE',  ( 8.075423574700385743, 1.423915056869163864, 4.000000000000000000 ) ) ;
#3933 = DIRECTION ( 'NONE',  ( 1.000000000000000000, 0.0000000000000000000, 0.0000000000000000000 ) ) ;
#3934 = B_SPLINE_CURVE_WITH_KNOTS ( 'NONE', 3,
 ( #2539, #7787, #561, #4520, #3210, #688 ),
 .UNSPECIFIED., .F., .F.,
 ( 4, 2, 4 ),
 ( 0.0000000000000000000, 0.0002759767003078314072, 0.0005519534006156628144 ),
 .UNSPECIFIED. ) ;
#3935 = LINE ( 'NONE', #8471, #4834 ) ;
#3936 = DIRECTION ( 'NONE',  ( 3.270669984456072870E-15, 1.635334992228036435E-15, -1.000000000000000000 ) ) ;
#3937 = PLANE ( 'NONE',  #6913 ) ;
#3938 = CARTESIAN_POINT ( 'NONE',  ( 0.0000000000000000000, 0.0000000000000000000, 3.749999999999998224 ) ) ;
#3939 = VERTEX_POINT ( 'NONE', #5526 ) ;
#3940 = DIRECTION ( 'NONE',  ( 0.7111669494853621876, -0.7030231645967892629, 0.0000000000000000000 ) ) ;
#3941 = STYLED_ITEM ( 'NONE', ( #7809 ), #7379 ) ;
#3942 = DIRECTION ( 'NONE',  ( 1.000000000000000000, 0.0000000000000000000, 0.0000000000000000000 ) ) ;
#3943 = CARTESIAN_POINT ( 'NONE',  ( 3.239221501367548051, 2.499058416603141985, 0.9699999999999997513 ) ) ;
#3944 = DIRECTION ( 'NONE',  ( 1.000000000000000000, -3.552713678800500929E-15, 0.0000000000000000000 ) ) ;
#3945 = VECTOR ( 'NONE', #5439, 1000.000000000000000 ) ;
#3946 = CARTESIAN_POINT ( 'NONE',  ( -5.065460705799058161, -5.039051958035034140, 3.855868183907219748 ) ) ;
#3947 = VECTOR ( 'NONE', #7248, 1000.000000000000000 ) ;
#3948 = ORIENTED_EDGE ( 'NONE', *, *, #7157, .F. ) ;
#3949 = EDGE_LOOP ( 'NONE', ( #6846, #7234, #1669, #5413 ) ) ;
#3950 = ORIENTED_EDGE ( 'NONE', *, *, #3224, .T. ) ;
#3951 = CYLINDRICAL_SURFACE ( 'NONE', #21, 1.249999999999998446 ) ;
#3952 = ORIENTED_EDGE ( 'NONE', *, *, #5481, .F. ) ;
#3953 = FACE_OUTER_BOUND ( 'NONE', #1893, .T. ) ;
#3954 = CIRCLE ( 'NONE', #216, 7.249999999999999112 ) ;
#3955 = PLANE ( 'NONE',  #7019 ) ;
#3956 = DIRECTION ( 'NONE',  ( 3.486881358747351719E-15, 0.0000000000000000000, -1.000000000000000000 ) ) ;
#3957 = ORIENTED_EDGE ( 'NONE', *, *, #2100, .T. ) ;
#3958 = DIRECTION ( 'NONE',  ( 0.0000000000000000000, 0.0000000000000000000, -1.000000000000000000 ) ) ;
#3959 = EDGE_CURVE ( 'NONE', #7933, #5483, #708, .T. ) ;
#3960 = ADVANCED_FACE ( 'NONE', ( #3632 ), #4315, .T. ) ;
#3961 = ORIENTED_EDGE ( 'NONE', *, *, #3437, .T. ) ;
#3962 = ORIENTED_EDGE ( 'NONE', *, *, #2878, .F. ) ;
#3963 = PRESENTATION_LAYER_ASSIGNMENT (  '', '', ( #3413 ) ) ;
#3964 = CARTESIAN_POINT ( 'NONE',  ( -3.628099703648321572, 2.077226904113146144, 1.989999999999999991 ) ) ;
#3965 = VERTEX_POINT ( 'NONE', #1077 ) ;
#3966 = DIRECTION ( 'NONE',  ( -0.7111669494853621876, -0.7030231645967892629, 0.0000000000000000000 ) ) ;
#3967 = DIRECTION ( 'NONE',  ( -3.074958084248770881E-14, -1.000000000000000000, 0.0000000000000000000 ) ) ;
#3968 = EDGE_CURVE ( 'NONE', #8278, #6566, #1409, .T. ) ;
#3969 = DIRECTION ( 'NONE',  ( -0.0000000000000000000, -0.0000000000000000000, 1.000000000000000000 ) ) ;
#3970 = DIRECTION ( 'NONE',  ( -0.7030231645967897069, -0.7111669494853617435, 0.0000000000000000000 ) ) ;
#3971 = CARTESIAN_POINT ( 'NONE',  ( 2.674424632239814414, 3.070397864182843328, 0.4299591213836870818 ) ) ;
#3972 = CARTESIAN_POINT ( 'NONE',  ( 0.7546131235688740002, -0.7633545239407431016, 1.989999999999999991 ) ) ;
#3973 = CYLINDRICAL_SURFACE ( 'NONE', #6887, 1.249999999999999334 ) ;
#3974 = ORIENTED_EDGE ( 'NONE', *, *, #2921, .F. ) ;
#3975 = DIRECTION ( 'NONE',  ( -0.0000000000000000000, -0.0000000000000000000, -1.000000000000000000 ) ) ;
#3976 = DIRECTION ( 'NONE',  ( -0.0000000000000000000, -0.0000000000000000000, -1.000000000000000000 ) ) ;
#3977 = DIRECTION ( 'NONE',  ( 0.0000000000000000000, -1.635334992228036632E-15, 1.000000000000000000 ) ) ;
#3978 = CARTESIAN_POINT ( 'NONE',  ( -5.150000000000006573, -3.963704366711341187, 0.1392243887514867662 ) ) ;
#3979 = CARTESIAN_POINT ( 'NONE',  ( -6.280480150433746189, 3.153136942811133991, 3.972947799558533166 ) ) ;
#3980 = VERTEX_POINT ( 'NONE', #4373 ) ;
#3981 = VECTOR ( 'NONE', #6359, 1000.000000000000000 ) ;
#3982 = LINE ( 'NONE', #5359, #7739 ) ;
#3983 = DIRECTION ( 'NONE',  ( -0.0000000000000000000, -0.0000000000000000000, -1.000000000000000000 ) ) ;
#3984 = LINE ( 'NONE', #4074, #4511 ) ;
#3985 = VECTOR ( 'NONE', #1719, 1000.000000000000000 ) ;
#3986 = SURFACE_SIDE_STYLE ('',( #4643 ) ) ;
#3987 = EDGE_CURVE ( 'NONE', #793, #2056, #5116, .T. ) ;
#3988 = EDGE_LOOP ( 'NONE', ( #7968, #3006, #1244, #6482, #1615, #2189, #6318, #5835 ) ) ;
#3989 = ORIENTED_EDGE ( 'NONE', *, *, #7282, .F. ) ;
#3990 = VERTEX_POINT ( 'NONE', #4416 ) ;
#3991 =( NAMED_UNIT ( * ) PLANE_ANGLE_UNIT ( ) SI_UNIT ( $, .RADIAN. ) );
#3992 = VERTEX_POINT ( 'NONE', #4327 ) ;
#3993 = CARTESIAN_POINT ( 'NONE',  ( -2.224999999999999645, -4.500000000000000000, -0.4000000000000000222 ) ) ;
#3994 = DIRECTION ( 'NONE',  ( -0.0000000000000000000, -0.0000000000000000000, -1.000000000000000000 ) ) ;
#3995 = CARTESIAN_POINT ( 'NONE',  ( 0.0000000000000000000, 0.0000000000000000000, 2.249999999999999556 ) ) ;
#3996 = MECHANICAL_DESIGN_GEOMETRIC_PRESENTATION_REPRESENTATION (  '', ( #6890 ), #7290 ) ;
#3997 = ORIENTED_EDGE ( 'NONE', *, *, #3908, .F. ) ;
#3998 = VECTOR ( 'NONE', #2391, 1000.000000000000000 ) ;
#3999 = ORIENTED_EDGE ( 'NONE', *, *, #6743, .F. ) ;
#4000 = ORIENTED_EDGE ( 'NONE', *, *, #2811, .F. ) ;
#4001 = ORIENTED_EDGE ( 'NONE', *, *, #6217, .T. ) ;
#4002 = CARTESIAN_POINT ( 'NONE',  ( -5.159999999999998366, -0.8000000000000029310, 0.5000000000000000000 ) ) ;
#4003 = VECTOR ( 'NONE', #1900, 1000.000000000000000 ) ;
#4004 = CARTESIAN_POINT ( 'NONE',  ( 5.160000000000005471, -4.900000000000001243, -0.01000000000000000021 ) ) ;
#4005 = DIRECTION ( 'NONE',  ( 6.229955439320547790E-15, 6.229955439320547790E-15, -1.000000000000000000 ) ) ;
#4006 = DIRECTION ( 'NONE',  ( 1.000000000000000000, 0.0000000000000000000, 0.0000000000000000000 ) ) ;
#4007 = DIRECTION ( 'NONE',  ( 0.7030231645967921494, -0.7111669494853594120, 0.0000000000000000000 ) ) ;
#4008 = CARTESIAN_POINT ( 'NONE',  ( -5.160000000000005471, -5.898932796319721561, 0.0000000000000000000 ) ) ;
#4009 = CARTESIAN_POINT ( 'NONE',  ( 0.0000000000000000000, 0.0000000000000000000, 3.700000000000000178 ) ) ;
#4010 = CIRCLE ( 'NONE', #2654, 7.250000000000000888 ) ;
#4011 = VERTEX_POINT ( 'NONE', #2352 ) ;
#4012 = ORIENTED_EDGE ( 'NONE', *, *, #5495, .F. ) ;
#4013 = EDGE_CURVE ( 'NONE', #6774, #7360, #5553, .T. ) ;
#4014 = DIRECTION ( 'NONE',  ( 0.0000000000000000000, 0.0000000000000000000, -1.000000000000000000 ) ) ;
#4015 = EDGE_CURVE ( 'NONE', #759, #3565, #3671, .T. ) ;
#4016 = CYLINDRICAL_SURFACE ( 'NONE', #7945, 1.249999999999994227 ) ;
#4017 = VECTOR ( 'NONE', #617, 1000.000000000000114 ) ;
#4018 = CARTESIAN_POINT ( 'NONE',  ( -5.150000000000006573, -3.963704366711341187, 0.1392243887514867662 ) ) ;
#4019 = LINE ( 'NONE', #6636, #4144 ) ;
#4020 = DIRECTION ( 'NONE',  ( 2.444953780480885791E-15, -2.569409844787394988E-15, 1.000000000000000000 ) ) ;
#4021 = DIRECTION ( 'NONE',  ( -0.0000000000000000000, -0.0000000000000000000, -1.000000000000000000 ) ) ;
#4022 = SURFACE_STYLE_FILL_AREA ( #6640 ) ;
#4023 = VERTEX_POINT ( 'NONE', #376 ) ;
#4024 = EDGE_CURVE ( 'NONE', #6786, #1498, #158, .T. ) ;
#4025 = VECTOR ( 'NONE', #4999, 1000.000000000000000 ) ;
#4026 = CARTESIAN_POINT ( 'NONE',  ( -2.804565175270468558, 7.705479490444330004, 4.000000000000000000 ) ) ;
#4027 = DIRECTION ( 'NONE',  ( -0.0000000000000000000, -0.0000000000000000000, -1.000000000000000000 ) ) ;
#4028 = EDGE_CURVE ( 'NONE', #8302, #4866, #1606, .T. ) ;
#4029 = CARTESIAN_POINT ( 'NONE',  ( -4.049976487848458540, -6.013334386833537160, 3.749999999999993783 ) ) ;
#4030 = DIRECTION ( 'NONE',  ( -0.0000000000000000000, -0.0000000000000000000, -1.000000000000000000 ) ) ;
#4031 = STYLED_ITEM ( 'NONE', ( #4117 ), #3658 ) ;
#4032 = PLANE ( 'NONE',  #4691 ) ;
#4033 = VERTEX_POINT ( 'NONE', #2268 ) ;
#4034 = DIRECTION ( 'NONE',  ( -1.000000000000000000, 0.0000000000000000000, -0.0000000000000000000 ) ) ;
#4035 = ORIENTED_EDGE ( 'NONE', *, *, #7378, .T. ) ;
#4036 = ORIENTED_EDGE ( 'NONE', *, *, #4462, .T. ) ;
#4037 = DIRECTION ( 'NONE',  ( 0.7111669494853618545, 0.7030231645967895959, 3.545124961925875515E-15 ) ) ;
#4038 = ORIENTED_EDGE ( 'NONE', *, *, #248, .F. ) ;
#4039 = EDGE_CURVE ( 'NONE', #6832, #5283, #1775, .T. ) ;
#4040 = PRESENTATION_STYLE_ASSIGNMENT (( #7964 ) ) ;
#4041 = CARTESIAN_POINT ( 'NONE',  ( -3.249999999999999556, -7.224999999999999645, 1.990000000000000435 ) ) ;
#4042 = CONICAL_SURFACE ( 'NONE', #6381, 7.249999999999999112, 0.7853981633974517207 ) ;
#4043 = VECTOR ( 'NONE', #6613, 1000.000000000000000 ) ;
#4044 = ORIENTED_EDGE ( 'NONE', *, *, #7762, .F. ) ;
#4045 = ORIENTED_EDGE ( 'NONE', *, *, #8547, .T. ) ;
#4046 = ORIENTED_EDGE ( 'NONE', *, *, #3855, .F. ) ;
#4047 = DIRECTION ( 'NONE',  ( -0.0000000000000000000, -0.0000000000000000000, -1.000000000000000000 ) ) ;
#4048 = B_SPLINE_CURVE_WITH_KNOTS ( 'NONE', 3,
 ( #4637, #7244, #1339, #3341, #3979, #5950 ),
 .UNSPECIFIED., .F., .F.,
 ( 4, 2, 4 ),
 ( 0.0000000000000000000, 0.0002759767003076908946, 0.0005519534006153817892 ),
 .UNSPECIFIED. ) ;
#4049 = ORIENTED_EDGE ( 'NONE', *, *, #6375, .T. ) ;
#4050 = FILL_AREA_STYLE ('',( #7936 ) ) ;
#4051 = PRESENTATION_LAYER_ASSIGNMENT (  '', '', ( #1704 ) ) ;
#4052 = CARTESIAN_POINT ( 'NONE',  ( 5.059999999999999609, -0.8000000000000042633, 0.0000000000000000000 ) ) ;
#4053 = LINE ( 'NONE', #1898, #1194 ) ;
#4054 = DIRECTION ( 'NONE',  ( -1.000000000000000000, 0.0000000000000000000, 0.0000000000000000000 ) ) ;
#4055 = DIRECTION ( 'NONE',  ( 0.0000000000000000000, 0.0000000000000000000, -1.000000000000000000 ) ) ;
#4056 = AXIS2_PLACEMENT_3D ( 'NONE', #7916, #4684, #2744 ) ;
#4057 = DIRECTION ( 'NONE',  ( 0.0000000000000000000, 0.0000000000000000000, 1.000000000000000000 ) ) ;
#4058 = AXIS2_PLACEMENT_3D ( 'NONE', #7314, #2847, #6064 ) ;
#4059 = VERTEX_POINT ( 'NONE', #1124 ) ;
#4060 = DIRECTION ( 'NONE',  ( -0.0000000000000000000, -1.000000000000000000, -0.0000000000000000000 ) ) ;
#4061 = COLOUR_RGB ( '',0.2980392156862745057, 0.2980392156862745057, 0.2980392156862745057 ) ;
#4062 = FACE_OUTER_BOUND ( 'NONE', #3868, .T. ) ;
#4063 = PLANE ( 'NONE',  #5733 ) ;
#4064 = DIRECTION ( 'NONE',  ( 1.000000000000000000, 0.0000000000000000000, 0.0000000000000000000 ) ) ;
#4065 = PLANE ( 'NONE',  #3326 ) ;
#4066 = CARTESIAN_POINT ( 'NONE',  ( 7.232688584372496621, 0.5007153297910844625, 3.749999999999999112 ) ) ;
#4067 = CARTESIAN_POINT ( 'NONE',  ( -2.674424632239814414, 3.070397864182843328, 0.4299591213836870818 ) ) ;
#4068 = DIRECTION ( 'NONE',  ( 1.000000000000000000, 0.0000000000000000000, 0.0000000000000000000 ) ) ;
#4069 = ADVANCED_FACE ( 'NONE', ( #6163 ), #246, .T. ) ;
#4070 = EDGE_CURVE ( 'NONE', #2925, #2160, #4097, .T. ) ;
#4071 = ORIENTED_EDGE ( 'NONE', *, *, #4704, .F. ) ;
#4072 = DIRECTION ( 'NONE',  ( -0.0000000000000000000, -0.0000000000000000000, 1.000000000000000000 ) ) ;
#4073 = CARTESIAN_POINT ( 'NONE',  ( 3.499999999999997780, -7.160000000000000142, 0.5000000000000000000 ) ) ;
#4074 = CARTESIAN_POINT ( 'NONE',  ( 1.974999999999994538, -7.160000000000000142, -0.005000000000000000104 ) ) ;
#4075 = FILL_AREA_STYLE_COLOUR ( '', #4287 ) ;
#4076 = LINE ( 'NONE', #1348, #4847 ) ;
#4077 = ORIENTED_EDGE ( 'NONE', *, *, #1566, .F. ) ;
#4078 = CARTESIAN_POINT ( 'NONE',  ( -6.942437212868769691, 0.8958602264722247410, 4.000000000000000000 ) ) ;
#4079 = EDGE_CURVE ( 'NONE', #4583, #6937, #1276, .T. ) ;
#4080 = ORIENTED_EDGE ( 'NONE', *, *, #3256, .T. ) ;
#4081 = EDGE_LOOP ( 'NONE', ( #5368, #5378, #352, #7932, #8100, #4489 ) ) ;
#4082 = VECTOR ( 'NONE', #8540, 1000.000000000000000 ) ;
#4083 = FACE_OUTER_BOUND ( 'NONE', #1664, .T. ) ;
#4084 = ORIENTED_EDGE ( 'NONE', *, *, #5701, .F. ) ;
#4085 = CIRCLE ( 'NONE', #6553, 7.250000000000000000 ) ;
#4086 = DIRECTION ( 'NONE',  ( -1.196361017915039486E-16, -1.000000000000000000, 0.0000000000000000000 ) ) ;
#4087 = CARTESIAN_POINT ( 'NONE',  ( -3.100995205898505969, 2.638885918508816264, 0.0000000000000000000 ) ) ;
#4088 = VERTEX_POINT ( 'NONE', #5298 ) ;
#4089 = DIRECTION ( 'NONE',  ( -1.000000000000000000, 0.0000000000000000000, 0.0000000000000000000 ) ) ;
#4090 = ORIENTED_EDGE ( 'NONE', *, *, #6473, .F. ) ;
#4091 = ORIENTED_EDGE ( 'NONE', *, *, #3548, .T. ) ;
#4092 = CARTESIAN_POINT ( 'NONE',  ( 6.343973861996796693, -3.089618791925828223, 2.054262250778882137 ) ) ;
#4093 = AXIS2_PLACEMENT_3D ( 'NONE', #1987, #1200, #7269 ) ;
#4094 = EDGE_LOOP ( 'NONE', ( #4982, #4297, #7924, #5326 ) ) ;
#4095 = AXIS2_PLACEMENT_3D ( 'NONE', #6635, #3976, #6596 ) ;
#4096 = LINE ( 'NONE', #1499, #4881 ) ;
#4097 = B_SPLINE_CURVE_WITH_KNOTS ( 'NONE', 3,
 ( #7182, #3364, #6578, #3761, #2028, #6665 ),
 .UNSPECIFIED., .F., .F.,
 ( 4, 2, 4 ),
 ( 6.133173666733496745E-19, 0.0002759767003076505081, 0.0005519534006153011246 ),
 .UNSPECIFIED. ) ;
#4098 = FACE_OUTER_BOUND ( 'NONE', #6331, .T. ) ;
#4099 = CARTESIAN_POINT ( 'NONE',  ( 3.250000000000002220, -7.229999999999999538, 1.990000000000000435 ) ) ;
#4100 =( LENGTH_UNIT ( ) NAMED_UNIT ( * ) SI_UNIT ( .MILLI., .METRE. ) );
#4101 = ORIENTED_EDGE ( 'NONE', *, *, #3644, .F. ) ;
#4102 = CYLINDRICAL_SURFACE ( 'NONE', #8194, 1.249999999999993339 ) ;
#4103 = DIRECTION ( 'NONE',  ( -2.521175704717236025E-15, 2.492304969624201833E-15, -1.000000000000000000 ) ) ;
#4104 = CARTESIAN_POINT ( 'NONE',  ( -3.254999999999999005, -7.250000000000000000, 1.990000000000000435 ) ) ;
#4105 = LINE ( 'NONE', #7167, #8317 ) ;
#4106 = DIRECTION ( 'NONE',  ( 1.000000000000000000, 0.0000000000000000000, 0.0000000000000000000 ) ) ;
#4107 = DIRECTION ( 'NONE',  ( 0.0000000000000000000, 0.0000000000000000000, 1.000000000000000000 ) ) ;
#4108 = DIRECTION ( 'NONE',  ( 0.7111669494853619655, -0.7030231645967894849, 0.0000000000000000000 ) ) ;
#4109 = ORIENTED_EDGE ( 'NONE', *, *, #160, .F. ) ;
#4110 = DIRECTION ( 'NONE',  ( 0.0000000000000000000, -0.0000000000000000000, -1.000000000000000000 ) ) ;
#4111 = DIRECTION ( 'NONE',  ( -1.000000000000000000, 0.0000000000000000000, 0.0000000000000000000 ) ) ;
#4112 = CARTESIAN_POINT ( 'NONE',  ( -5.894063302207811716, -3.776243873158508624, 2.000000000000000000 ) ) ;
#4113 = DIRECTION ( 'NONE',  ( -2.521175704717236025E-15, -2.492304969624201833E-15, 1.000000000000000000 ) ) ;
#4114 = EDGE_CURVE ( 'NONE', #1043, #3068, #8003, .T. ) ;
#4115 = CARTESIAN_POINT ( 'NONE',  ( 3.100995205898506413, 2.638885918508817152, 1.431521299068695704E-14 ) ) ;
#4116 = ORIENTED_EDGE ( 'NONE', *, *, #3305, .F. ) ;
#4117 = PRESENTATION_STYLE_ASSIGNMENT (( #1485 ) ) ;
#4118 = ORIENTED_EDGE ( 'NONE', *, *, #2019, .T. ) ;
#4119 = ORIENTED_EDGE ( 'NONE', *, *, #3366, .F. ) ;
#4120 = ORIENTED_EDGE ( 'NONE', *, *, #4286, .F. ) ;
#4121 = CARTESIAN_POINT ( 'NONE',  ( 2.111802505940161279, 3.603976670919075254, 1.989999999999999547 ) ) ;
#4122 = MECHANICAL_DESIGN_GEOMETRIC_PRESENTATION_REPRESENTATION (  '', ( #7846 ), #1086 ) ;
#4123 = AXIS2_PLACEMENT_3D ( 'NONE', #6252, #2311, #4841 ) ;
#4124 = EDGE_CURVE ( 'NONE', #5699, #4059, #3324, .T. ) ;
#4125 = EDGE_CURVE ( 'NONE', #4602, #2979, #6384, .T. ) ;
#4126 = EDGE_CURVE ( 'NONE', #4023, #4570, #8537, .T. ) ;
#4127 = CARTESIAN_POINT ( 'NONE',  ( 0.0000000000000000000, 0.0000000000000000000, 4.000000000000000000 ) ) ;
#4128 = ORIENTED_EDGE ( 'NONE', *, *, #5727, .T. ) ;
#4129 = ORIENTED_EDGE ( 'NONE', *, *, #3194, .T. ) ;
#4130 = ORIENTED_EDGE ( 'NONE', *, *, #3802, .F. ) ;
#4131 = AXIS2_PLACEMENT_3D ( 'NONE', #164, #3511, #5480 ) ;
#4132 = CARTESIAN_POINT ( 'NONE',  ( 0.0000000000000000000, 0.0000000000000000000, 4.000000000000000000 ) ) ;
#4133 = EDGE_LOOP ( 'NONE', ( #6439, #5379, #782, #1701 ) ) ;
#4134 = EDGE_CURVE ( 'NONE', #1277, #3292, #4177, .T. ) ;
#4135 = LINE ( 'NONE', #1543, #1021 ) ;
#4136 = EDGE_CURVE ( 'NONE', #6143, #3727, #2725, .T. ) ;
#4137 = LINE ( 'NONE', #3411, #8237 ) ;
#4138 = CIRCLE ( 'NONE', #6189, 6.999999999999999112 ) ;
#4139 = CARTESIAN_POINT ( 'NONE',  ( 6.625249362317113366, -2.944243686775382063, 3.749999999999999112 ) ) ;
#4140 = FACE_OUTER_BOUND ( 'NONE', #5584, .T. ) ;
#4141 = ORIENTED_EDGE ( 'NONE', *, *, #7438, .F. ) ;
#4142 = EDGE_LOOP ( 'NONE', ( #6177, #5497, #5638, #3522, #1626 ) ) ;
#4143 = EDGE_LOOP ( 'NONE', ( #4430, #8170, #7530, #6576, #5973, #2629, #3962, #5492 ) ) ;
#4144 = VECTOR ( 'NONE', #4634, 1000.000000000000000 ) ;
#4145 = ADVANCED_FACE ( 'NONE', ( #7970 ), #7310, .F. ) ;
#4146 = CARTESIAN_POINT ( 'NONE',  ( -3.100995205898505969, 2.638885918508816264, 0.4299591213836870818 ) ) ;
#4147 = DIRECTION ( 'NONE',  ( -0.0000000000000000000, -0.0000000000000000000, -1.000000000000000000 ) ) ;
#4148 =( GEOMETRIC_REPRESENTATION_CONTEXT ( 3 ) GLOBAL_UNCERTAINTY_ASSIGNED_CONTEXT ( ( #7737 ) ) GLOBAL_UNIT_ASSIGNED_CONTEXT ( ( #5387, #350, #4944 ) ) REPRESENTATION_CONTEXT ( 'NONE', 'WORKASPACE' ) );
#4149 = FACE_OUTER_BOUND ( 'NONE', #451, .T. ) ;
#4150 = ORIENTED_EDGE ( 'NONE', *, *, #8316, .F. ) ;
#4151 = LINE ( 'NONE', #6771, #8271 ) ;
#4152 = LINE ( 'NONE', #2223, #7614 ) ;
#4153 =( LENGTH_UNIT ( ) NAMED_UNIT ( * ) SI_UNIT ( .MILLI., .METRE. ) );
#4154 = ORIENTED_EDGE ( 'NONE', *, *, #4963, .F. ) ;
#4155 = DIRECTION ( 'NONE',  ( 1.000000000000000000, 0.0000000000000000000, 0.0000000000000000000 ) ) ;
#4156 = CARTESIAN_POINT ( 'NONE',  ( -1.749051531137701732, -7.035859488465135314, 2.249999999999997780 ) ) ;
#4157 = AXIS2_PLACEMENT_3D ( 'NONE', #6477, #6519, #1837 ) ;
#4158 = CARTESIAN_POINT ( 'NONE',  ( -0.7628348534784011870, -7.209756097561038857, 2.249999999999997780 ) ) ;
#4159 = CARTESIAN_POINT ( 'NONE',  ( 1.790049389040629491, 6.971235077204911867, 3.802824953243200579 ) ) ;
#4160 = ORIENTED_EDGE ( 'NONE', *, *, #5727, .F. ) ;
#4161 = AXIS2_PLACEMENT_3D ( 'NONE', #2760, #4174, #6186 ) ;
#4162 = VERTEX_POINT ( 'NONE', #7265 ) ;
#4163 = LINE ( 'NONE', #4771, #2944 ) ;
#4164 = ORIENTED_EDGE ( 'NONE', *, *, #7392, .T. ) ;
#4165 = CARTESIAN_POINT ( 'NONE',  ( 5.150000000000000355, -1.800000000000004263, 1.989999999999999991 ) ) ;
#4166 = ORIENTED_EDGE ( 'NONE', *, *, #2018, .T. ) ;
#4167 = CARTESIAN_POINT ( 'NONE',  ( -2.133096795500279530, 3.617996415286566680, 1.989999999999999991 ) ) ;
#4168 = CIRCLE ( 'NONE', #5260, 1.249999999999997780 ) ;
#4169 = MANIFOLD_SOLID_BREP ( '??-??7', #5468 ) ;
#4170 = FACE_OUTER_BOUND ( 'NONE', #8299, .T. ) ;
#4171 = CARTESIAN_POINT ( 'NONE',  ( 6.942437212868512120, -0.8958602264742523413, 4.000000000000000000 ) ) ;
#4172 = ADVANCED_FACE ( 'NONE', ( #6147 ), #1406, .F. ) ;
#4173 = ORIENTED_EDGE ( 'NONE', *, *, #3168, .T. ) ;
#4174 = DIRECTION ( 'NONE',  ( 0.0000000000000000000, -0.0000000000000000000, 1.000000000000000000 ) ) ;
#4175 = EDGE_LOOP ( 'NONE', ( #5974, #3616, #3245, #8144 ) ) ;
#4176 = ORIENTED_EDGE ( 'NONE', *, *, #426, .F. ) ;
#4177 = CIRCLE ( 'NONE', #6225, 6.999999999999999112 ) ;
#4178 = DIRECTION ( 'NONE',  ( 1.000000000000000000, 0.0000000000000000000, 0.0000000000000000000 ) ) ;
#4179 = EDGE_CURVE ( 'NONE', #207, #2419, #4824, .T. ) ;
#4180 = ORIENTED_EDGE ( 'NONE', *, *, #3228, .F. ) ;
#4181 = EDGE_CURVE ( 'NONE', #2857, #3980, #8313, .T. ) ;
#4182 = FACE_OUTER_BOUND ( 'NONE', #1068, .T. ) ;
#4183 = AXIS2_PLACEMENT_3D ( 'NONE', #6142, #880, #2841 ) ;
#4184 = LINE ( 'NONE', #3054, #6983 ) ;
#4185 = CARTESIAN_POINT ( 'NONE',  ( 3.774999999999999911, -4.500000000000000000, -0.5000000000000000000 ) ) ;
#4186 =( NAMED_UNIT ( * ) SI_UNIT ( $, .STERADIAN. ) SOLID_ANGLE_UNIT ( ) );
#4187 = CARTESIAN_POINT ( 'NONE',  ( -4.904673562541620235, 5.073058829348148890, 2.054262250779042009 ) ) ;
#4188 = B_SPLINE_CURVE_WITH_KNOTS ( 'NONE', 3,
 ( #4921, #1069, #981, #5518, #8324, #324 ),
 .UNSPECIFIED., .F., .F.,
 ( 4, 2, 4 ),
 ( 3.252606517456513302E-19, 0.0002759767003082165158, 0.0005519534006164327064 ),
 .UNSPECIFIED. ) ;
#4189 = ORIENTED_EDGE ( 'NONE', *, *, #3133, .T. ) ;
#4190 = VECTOR ( 'NONE', #2580, 1000.000000000000000 ) ;
#4191 = VECTOR ( 'NONE', #5402, 1000.000000000000114 ) ;
#4192 = CARTESIAN_POINT ( 'NONE',  ( -6.967758820037437850, -2.003206685739267190, 2.249999999999996003 ) ) ;
#4193 = CARTESIAN_POINT ( 'NONE',  ( 3.250000000000002220, -7.229999999999999538, 2.000000000000000000 ) ) ;
#4194 = CARTESIAN_POINT ( 'NONE',  ( -5.149999999999999467, -7.250000000000000000, 0.0000000000000000000 ) ) ;
#4195 = VECTOR ( 'NONE', #5430, 1000.000000000000114 ) ;
#4196 = AXIS2_PLACEMENT_3D ( 'NONE', #3643, #3091, #4432 ) ;
#4197 = DIRECTION ( 'NONE',  ( 8.673617379884036458E-16, -1.000000000000000000, 0.0000000000000000000 ) ) ;
#4198 = SURFACE_STYLE_USAGE ( .BOTH. , #2907 ) ;
#4199 = ORIENTED_EDGE ( 'NONE', *, *, #1593, .F. ) ;
#4200 = DIRECTION ( 'NONE',  ( -8.453818109048741548E-17, 1.000000000000000000, -3.491481338843134144E-15 ) ) ;
#4201 = CARTESIAN_POINT ( 'NONE',  ( 0.0000000000000000000, 0.0000000000000000000, 2.249999999999999556 ) ) ;
#4202 = CARTESIAN_POINT ( 'NONE',  ( 0.0000000000000000000, 0.0000000000000000000, 0.5000000000000000000 ) ) ;
#4203 = EDGE_CURVE ( 'NONE', #3980, #3222, #7482, .T. ) ;
#4204 = ORIENTED_EDGE ( 'NONE', *, *, #4660, .F. ) ;
#4205 = DIRECTION ( 'NONE',  ( -0.0000000000000000000, -0.0000000000000000000, 1.000000000000000000 ) ) ;
#4206 = AXIS2_PLACEMENT_3D ( 'NONE', #8430, #7042, #437 ) ;
#4207 = UNCERTAINTY_MEASURE_WITH_UNIT (LENGTH_MEASURE( 1.000000000000000082E-05 ), #1766, 'distance_accuracy_value', 'NONE');
#4208 = CARTESIAN_POINT ( 'NONE',  ( -5.130000000000000782, 8.673617379884035472E-16, 2.000000000000000000 ) ) ;
#4209 =( LENGTH_UNIT ( ) NAMED_UNIT ( * ) SI_UNIT ( .MILLI., .METRE. ) );
#4210 = CARTESIAN_POINT ( 'NONE',  ( 5.864216525551696257, -3.887547888244190286, 2.034913187720994721 ) ) ;
#4211 = ORIENTED_EDGE ( 'NONE', *, *, #6339, .T. ) ;
#4212 = ORIENTED_EDGE ( 'NONE', *, *, #1447, .F. ) ;
#4213 = DIRECTION ( 'NONE',  ( 3.270669984456072870E-15, 1.635334992228036435E-15, -1.000000000000000000 ) ) ;
#4214 = EDGE_LOOP ( 'NONE', ( #261, #2566, #7858, #4603 ) ) ;
#4215 = VERTEX_POINT ( 'NONE', #8235 ) ;
#4216 = SURFACE_SIDE_STYLE ('',( #2883 ) ) ;
#4217 = ORIENTED_EDGE ( 'NONE', *, *, #6238, .F. ) ;
#4218 = DIRECTION ( 'NONE',  ( 1.000000000000000000, 0.0000000000000000000, 0.0000000000000000000 ) ) ;
#4219 = DIRECTION ( 'NONE',  ( 1.000000000000000000, 0.0000000000000000000, 0.0000000000000000000 ) ) ;
#4220 = CARTESIAN_POINT ( 'NONE',  ( 0.0000000000000000000, 8.199999999999999289, 2.000000000000000000 ) ) ;
#4221 = CARTESIAN_POINT ( 'NONE',  ( -3.642323042638027086, 2.091287367405080477, 0.0000000000000000000 ) ) ;
#4222 = ORIENTED_EDGE ( 'NONE', *, *, #6162, .F. ) ;
#4223 = ORIENTED_EDGE ( 'NONE', *, *, #4125, .T. ) ;
#4224 = ORIENTED_EDGE ( 'NONE', *, *, #5747, .T. ) ;
#4225 = CARTESIAN_POINT ( 'NONE',  ( -0.7581282393919202001, -0.7669103586882066725, 2.000000000000000000 ) ) ;
#4226 = VERTEX_POINT ( 'NONE', #8099 ) ;
#4227 = VECTOR ( 'NONE', #7280, 1000.000000000000000 ) ;
#4228 = UNCERTAINTY_MEASURE_WITH_UNIT (LENGTH_MEASURE( 1.000000000000000082E-05 ), #4270, 'distance_accuracy_value', 'NONE');
#4229 = DIRECTION ( 'NONE',  ( 0.0000000000000000000, 0.0000000000000000000, -1.000000000000000000 ) ) ;
#4230 = EDGE_CURVE ( 'NONE', #7394, #8211, #8307, .T. ) ;
#4231 = CARTESIAN_POINT ( 'NONE',  ( -3.624543868900894861, 2.073711788290161895, 1.989999999999999991 ) ) ;
#4232 = AXIS2_PLACEMENT_3D ( 'NONE', #7153, #6504, #4632 ) ;
#4233 = FACE_BOUND ( 'NONE', #7235, .T. ) ;
#4234 = STYLED_ITEM ( 'NONE', ( #2690 ), #8551 ) ;
#4235 = VERTEX_POINT ( 'NONE', #973 ) ;
#4236 = EDGE_CURVE ( 'NONE', #1277, #6254, #6096, .T. ) ;
#4237 = DIRECTION ( 'NONE',  ( -1.000000000000000000, 8.673617379884035472E-16, -0.0000000000000000000 ) ) ;
#4238 = DIRECTION ( 'NONE',  ( 1.000000000000000000, 0.0000000000000000000, 0.0000000000000000000 ) ) ;
#4239 = EDGE_CURVE ( 'NONE', #3233, #7346, #2891, .T. ) ;
#4240 = SURFACE_SIDE_STYLE ('',( #4967 ) ) ;
#4241 = CARTESIAN_POINT ( 'NONE',  ( -4.742367595032799699, 5.148781369759531046, 4.000000000000000000 ) ) ;
#4242 = ORIENTED_EDGE ( 'NONE', *, *, #3547, .F. ) ;
#4243 = LINE ( 'NONE', #2221, #6449 ) ;
#4244 = DIRECTION ( 'NONE',  ( 0.0000000000000000000, 0.0000000000000000000, -1.000000000000000000 ) ) ;
#4245 = SURFACE_SIDE_STYLE ('',( #8161 ) ) ;
#4246 = EDGE_LOOP ( 'NONE', ( #3870, #2105, #1235, #5220, #7461 ) ) ;
#4247 = CARTESIAN_POINT ( 'NONE',  ( 3.108106875393358948, 2.645916150154784319, 0.4299591213836871373 ) ) ;
#4248 = CARTESIAN_POINT ( 'NONE',  ( -3.108106875393359836, 2.645916150154785207, 0.0000000000000000000 ) ) ;
#4249 = FACE_OUTER_BOUND ( 'NONE', #2375, .T. ) ;
#4250 = ORIENTED_EDGE ( 'NONE', *, *, #2608, .F. ) ;
#4251 = VERTEX_POINT ( 'NONE', #144 ) ;
#4252 = CARTESIAN_POINT ( 'NONE',  ( 5.150000000000003908, -4.724710424241401974, 0.9882391584815776175 ) ) ;
#4253 = ORIENTED_EDGE ( 'NONE', *, *, #7763, .F. ) ;
#4254 = ORIENTED_EDGE ( 'NONE', *, *, #3071, .T. ) ;
#4255 = EDGE_LOOP ( 'NONE', ( #6825, #2169, #531, #5731 ) ) ;
#4256 = LINE ( 'NONE', #3012, #3237 ) ;
#4257 = ADVANCED_FACE ( 'NONE', ( #2293 ), #163, .T. ) ;
#4258 = CARTESIAN_POINT ( 'NONE',  ( 0.0000000000000000000, 0.0000000000000000000, 4.000000000000000000 ) ) ;
#4259 = DIRECTION ( 'NONE',  ( -0.0000000000000000000, -0.0000000000000000000, 1.000000000000000000 ) ) ;
#4260 = DIRECTION ( 'NONE',  ( 1.000000000000000000, 1.196361017915039486E-16, -0.0000000000000000000 ) ) ;
#4261 = EDGE_LOOP ( 'NONE', ( #7038, #7844, #2724, #8267, #8230, #2012, #6893, #549, #6115, #6447, #5882, #972, #5142, #3961, #4979, #3872 ) ) ;
#4262 = DIRECTION ( 'NONE',  ( 1.377660675140932084E-16, 3.905488085914912431E-16, 1.000000000000000000 ) ) ;
#4263 = LINE ( 'NONE', #1145, #2755 ) ;
#4264 = ORIENTED_EDGE ( 'NONE', *, *, #3400, .F. ) ;
#4265 = ORIENTED_EDGE ( 'NONE', *, *, #3591, .F. ) ;
#4266 = CARTESIAN_POINT ( 'NONE',  ( 7.123112648442798900, -0.6101040107883217711, 3.851148186049391686 ) ) ;
#4267 = ORIENTED_EDGE ( 'NONE', *, *, #1964, .F. ) ;
#4268 = CONICAL_SURFACE ( 'NONE', #2898, 6.999999999999998224, 0.7853981633974431720 ) ;
#4269 = VECTOR ( 'NONE', #4200, 1000.000000000000000 ) ;
#4270 =( LENGTH_UNIT ( ) NAMED_UNIT ( * ) SI_UNIT ( .MILLI., .METRE. ) );
#4271 = CIRCLE ( 'NONE', #8541, 1.249999999999997113 ) ;
#4272 = CARTESIAN_POINT ( 'NONE',  ( 0.3232914739353234812, 6.992530487804879513, 4.000000000000000000 ) ) ;
#4273 = VECTOR ( 'NONE', #4757, 1000.000000000000000 ) ;
#4274 = ORIENTED_EDGE ( 'NONE', *, *, #3021, .T. ) ;
#4275 = ADVANCED_FACE ( 'NONE', ( #7497 ), #6848, .T. ) ;
#4276 = ORIENTED_EDGE ( 'NONE', *, *, #547, .F. ) ;
#4277 = CARTESIAN_POINT ( 'NONE',  ( -1.974999999999996314, -7.159999999999999254, -0.005000000000000000104 ) ) ;
#4278 = VECTOR ( 'NONE', #3994, 1000.000000000000000 ) ;
#4279 = VECTOR ( 'NONE', #5899, 1000.000000000000000 ) ;
#4280 = LINE ( 'NONE', #156, #4644 ) ;
#4281 = LINE ( 'NONE', #2173, #5599 ) ;
#4282 = FILL_AREA_STYLE_COLOUR ( '', #5693 ) ;
#4283 = DIRECTION ( 'NONE',  ( -0.0000000000000000000, -0.0000000000000000000, 1.000000000000000000 ) ) ;
#4284 = VERTEX_POINT ( 'NONE', #8059 ) ;
#4285 = CARTESIAN_POINT ( 'NONE',  ( -2.610419606786132718, 3.007125779369130836, -0.01000000000000000021 ) ) ;
#4286 = EDGE_CURVE ( 'NONE', #5502, #1359, #929, .T. ) ;
#4287 = COLOUR_RGB ( '',0.2980392156862745057, 0.2980392156862745057, 0.2980392156862745057 ) ;
#4288 = CARTESIAN_POINT ( 'NONE',  ( 0.0000000000000000000, 0.0000000000000000000, 2.249999999999997780 ) ) ;
#4289 = EDGE_CURVE ( 'NONE', #5056, #6849, #8208, .T. ) ;
#4290 = EDGE_CURVE ( 'NONE', #354, #5505, #7268, .T. ) ;
#4291 = EDGE_CURVE ( 'NONE', #2761, #868, #7097, .T. ) ;
#4292 = UNCERTAINTY_MEASURE_WITH_UNIT (LENGTH_MEASURE( 1.000000000000000082E-05 ), #6079, 'distance_accuracy_value', 'NONE');
#4293 = CARTESIAN_POINT ( 'NONE',  ( 5.851408311032563425, 4.100000000000294520, 3.855143162916182309 ) ) ;
#4294 = AXIS2_PLACEMENT_3D ( 'NONE', #243, #1512, #5397 ) ;
#4295 = DIRECTION ( 'NONE',  ( 0.0000000000000000000, 0.0000000000000000000, -1.000000000000000000 ) ) ;
#4296 = PLANE ( 'NONE',  #1548 ) ;
#4297 = ORIENTED_EDGE ( 'NONE', *, *, #6063, .T. ) ;
#4298 = ORIENTED_EDGE ( 'NONE', *, *, #2241, .T. ) ;
#4299 = VECTOR ( 'NONE', #691, 1000.000000000000000 ) ;
#4300 = ORIENTED_EDGE ( 'NONE', *, *, #351, .T. ) ;
#4301 = EDGE_CURVE ( 'NONE', #5483, #4507, #2424, .T. ) ;
#4302 = DIRECTION ( 'NONE',  ( 0.0000000000000000000, 0.0000000000000000000, 1.000000000000000000 ) ) ;
#4303 = VECTOR ( 'NONE', #5376, 1000.000000000000000 ) ;
#4304 = DIRECTION ( 'NONE',  ( -1.000000000000000000, 0.0000000000000000000, 0.0000000000000000000 ) ) ;
#4305 = PRESENTATION_STYLE_ASSIGNMENT (( #1141 ) ) ;
#4306 = VERTEX_POINT ( 'NONE', #6320 ) ;
#4307 = ORIENTED_EDGE ( 'NONE', *, *, #1012, .F. ) ;
#4308 = ORIENTED_EDGE ( 'NONE', *, *, #2683, .F. ) ;
#4309 = CARTESIAN_POINT ( 'NONE',  ( 0.9749999999999945377, -7.160000000000000142, 0.0000000000000000000 ) ) ;
#4310 = ORIENTED_EDGE ( 'NONE', *, *, #7762, .T. ) ;
#4311 = EDGE_CURVE ( 'NONE', #2160, #974, #2119, .T. ) ;
#4312 = AXIS2_PLACEMENT_3D ( 'NONE', #2011, #7251, #2054 ) ;
#4313 = B_SPLINE_CURVE_WITH_KNOTS ( 'NONE', 3,
 ( #5972, #6487, #3230, #7260, #659, #8490 ),
 .UNSPECIFIED., .F., .F.,
 ( 4, 2, 4 ),
 ( 0.0000000000000000000, 0.0002759767003076867204, 0.0005519534006153734408 ),
 .UNSPECIFIED. ) ;
#4314 = CARTESIAN_POINT ( 'NONE',  ( -2.133096795500278642, 3.617996415286567125, 1.989999999999999991 ) ) ;
#4315 = CONICAL_SURFACE ( 'NONE', #4465, 7.249999999999999112, 0.7853981633974500554 ) ;
#4316 = DIRECTION ( 'NONE',  ( 8.673617379884036458E-16, 1.000000000000000000, -0.0000000000000000000 ) ) ;
#4317 = DIRECTION ( 'NONE',  ( 0.0000000000000000000, 0.0000000000000000000, 1.000000000000000000 ) ) ;
#4318 = EDGE_LOOP ( 'NONE', ( #1262, #1620, #7541, #8093 ) ) ;
#4319 = CARTESIAN_POINT ( 'NONE',  ( 0.9749999999999940936, -7.250000000000000000, 0.0000000000000000000 ) ) ;
#4320 = VECTOR ( 'NONE', #6531, 1000.000000000000000 ) ;
#4321 = DIRECTION ( 'NONE',  ( -1.000000000000000000, 0.0000000000000000000, 0.0000000000000000000 ) ) ;
#4322 = DIRECTION ( 'NONE',  ( 0.0000000000000000000, 0.0000000000000000000, -1.000000000000000000 ) ) ;
#4323 = DIRECTION ( 'NONE',  ( 0.0000000000000000000, -1.000000000000000000, 0.0000000000000000000 ) ) ;
#4324 = CIRCLE ( 'NONE', #5290, 7.249999999999999112 ) ;
#4325 = DIRECTION ( 'NONE',  ( 2.444953780480885791E-15, 2.569409844787394988E-15, -1.000000000000000000 ) ) ;
#4326 = VECTOR ( 'NONE', #2494, 1000.000000000000000 ) ;
#4327 = CARTESIAN_POINT ( 'NONE',  ( 3.255000000000001670, -7.250000000000000000, 1.989999999999999991 ) ) ;
#4328 = PLANE ( 'NONE',  #7977 ) ;
#4329 = CIRCLE ( 'NONE', #593, 7.250000000000000888 ) ;
#4330 = LINE ( 'NONE', #4378, #2974 ) ;
#4331 = DIRECTION ( 'NONE',  ( -0.0000000000000000000, -0.0000000000000000000, -1.000000000000000000 ) ) ;
#4332 = CARTESIAN_POINT ( 'NONE',  ( 5.150000000000006573, -5.900000000000001243, 0.1392243887514869605 ) ) ;
#4333 = EDGE_CURVE ( 'NONE', #6154, #7933, #7713, .T. ) ;
#4334 = EDGE_CURVE ( 'NONE', #3787, #591, #8448, .T. ) ;
#4335 = VERTEX_POINT ( 'NONE', #4309 ) ;
#4336 = FACE_OUTER_BOUND ( 'NONE', #3314, .T. ) ;
#4337 =( GEOMETRIC_REPRESENTATION_CONTEXT ( 3 ) GLOBAL_UNCERTAINTY_ASSIGNED_CONTEXT ( ( #2652 ) ) GLOBAL_UNIT_ASSIGNED_CONTEXT ( ( #1533, #6224, #1658 ) ) REPRESENTATION_CONTEXT ( 'NONE', 'WORKASPACE' ) );
#4338 = ORIENTED_EDGE ( 'NONE', *, *, #8328, .F. ) ;
#4339 = EDGE_LOOP ( 'NONE', ( #6875, #7516, #4940, #2908 ) ) ;
#4340 = VECTOR ( 'NONE', #3528, 1000.000000000000000 ) ;
#4341 = DIRECTION ( 'NONE',  ( 0.0000000000000000000, 0.0000000000000000000, -1.000000000000000000 ) ) ;
#4342 = VERTEX_POINT ( 'NONE', #5079 ) ;
#4343 = CARTESIAN_POINT ( 'NONE',  ( 0.0000000000000000000, 0.0000000000000000000, 2.250000000000001776 ) ) ;
#4344 = ADVANCED_FACE ( 'NONE', ( #4994 ), #2551, .T. ) ;
#4345 = CARTESIAN_POINT ( 'NONE',  ( -4.500000000000000000, -7.259999999999998010, 0.5000000000000000000 ) ) ;
#4346 = MECHANICAL_DESIGN_GEOMETRIC_PRESENTATION_REPRESENTATION (  '', ( #3649 ), #2003 ) ;
#4347 = LINE ( 'NONE', #7751, #4961 ) ;
#4348 = DIRECTION ( 'NONE',  ( 0.0000000000000000000, -1.000000000000000000, 0.0000000000000000000 ) ) ;
#4349 = EDGE_CURVE ( 'NONE', #5171, #6774, #7487, .T. ) ;
#4350 = DIRECTION ( 'NONE',  ( 1.000000000000000000, 0.0000000000000000000, 0.0000000000000000000 ) ) ;
#4351 = VERTEX_POINT ( 'NONE', #5762 ) ;
#4352 = LINE ( 'NONE', #4441, #7759 ) ;
#4353 = LINE ( 'NONE', #1755, #1504 ) ;
#4354 = ORIENTED_EDGE ( 'NONE', *, *, #2324, .T. ) ;
#4355 = ORIENTED_EDGE ( 'NONE', *, *, #795, .T. ) ;
#4356 = DIRECTION ( 'NONE',  ( -0.0000000000000000000, -0.0000000000000000000, -1.000000000000000000 ) ) ;
#4357 = VERTEX_POINT ( 'NONE', #2468 ) ;
#4358 = FACE_OUTER_BOUND ( 'NONE', #1524, .T. ) ;
#4359 = CARTESIAN_POINT ( 'NONE',  ( 0.0000000000000000000, 0.0000000000000000000, 1.989999999999999991 ) ) ;
#4360 = ORIENTED_EDGE ( 'NONE', *, *, #5643, .F. ) ;
#4361 = ORIENTED_EDGE ( 'NONE', *, *, #260, .T. ) ;
#4362 = VECTOR ( 'NONE', #3285, 1000.000000000000000 ) ;
#4363 = PLANE ( 'NONE',  #8469 ) ;
#4364 = DIRECTION ( 'NONE',  ( 1.000000000000000000, -0.0000000000000000000, -0.0000000000000000000 ) ) ;
#4365 = VECTOR ( 'NONE', #8370, 1000.000000000000000 ) ;
#4366 = CARTESIAN_POINT ( 'NONE',  ( -0.7546131235688746663, -0.7633545239407436567, 1.989999999999999991 ) ) ;
#4367 = ADVANCED_FACE ( 'NONE', ( #6409 ), #6362, .T. ) ;
#4368 = MECHANICAL_DESIGN_GEOMETRIC_PRESENTATION_REPRESENTATION (  '', ( #65 ), #2447 ) ;
#4369 = DIRECTION ( 'NONE',  ( -0.0000000000000000000, -0.0000000000000000000, -1.000000000000000000 ) ) ;
#4370 = CARTESIAN_POINT ( 'NONE',  ( -2.224999999999999645, -4.500000000000000000, 0.0000000000000000000 ) ) ;
#4371 = VERTEX_POINT ( 'NONE', #1149 ) ;
#4372 = DIRECTION ( 'NONE',  ( 0.0000000000000000000, 1.000000000000000000, 0.0000000000000000000 ) ) ;
#4373 = CARTESIAN_POINT ( 'NONE',  ( 6.217354776143642070, -3.216286614647981601, 2.000000000000000000 ) ) ;
#4374 = CARTESIAN_POINT ( 'NONE',  ( 5.065460705798810359, 5.039051958035152268, 3.855868183907314339 ) ) ;
#4375 = ORIENTED_EDGE ( 'NONE', *, *, #7677, .T. ) ;
#4376 = CIRCLE ( 'NONE', #622, 1.249999999999994227 ) ;
#4377 = COLOUR_RGB ( '',0.2980392156862745057, 0.2980392156862745057, 0.2980392156862745057 ) ;
#4378 = CARTESIAN_POINT ( 'NONE',  ( 3.108106875393359836, 2.645916150154785207, -0.01000000000000000021 ) ) ;
#4379 = DIRECTION ( 'NONE',  ( 0.0000000000000000000, -1.000000000000000000, 0.0000000000000000000 ) ) ;
#4380 = DIRECTION ( 'NONE',  ( 0.0000000000000000000, -0.0000000000000000000, 1.000000000000000000 ) ) ;
#4381 = DIRECTION ( 'NONE',  ( 1.000000000000000000, 0.0000000000000000000, 0.0000000000000000000 ) ) ;
#4382 = VECTOR ( 'NONE', #8478, 1000.000000000000000 ) ;
#4383 =( LENGTH_UNIT ( ) NAMED_UNIT ( * ) SI_UNIT ( .MILLI., .METRE. ) );
#4384 = ORIENTED_EDGE ( 'NONE', *, *, #5616, .T. ) ;
#4385 = EDGE_CURVE ( 'NONE', #7183, #4840, #355, .T. ) ;
#4386 = CARTESIAN_POINT ( 'NONE',  ( 2.140208464995133397, 3.625026646932536067, 1.969999999999999973 ) ) ;
#4387 = ORIENTED_EDGE ( 'NONE', *, *, #4859, .T. ) ;
#4388 = DIRECTION ( 'NONE',  ( 0.0000000000000000000, 0.0000000000000000000, 1.000000000000000000 ) ) ;
#4389 = EDGE_CURVE ( 'NONE', #7826, #4577, #716, .T. ) ;
#4390 = CARTESIAN_POINT ( 'NONE',  ( 3.628058984723877334, 2.070155953542735183, 1.989999999999999991 ) ) ;
#4391 = PLANE ( 'NONE',  #1230 ) ;
#4392 = DIRECTION ( 'NONE',  ( -0.0000000000000000000, -0.0000000000000000000, -1.000000000000000000 ) ) ;
#4393 = EDGE_LOOP ( 'NONE', ( #1588, #1892, #4130, #876 ) ) ;
#4394 = CARTESIAN_POINT ( 'NONE',  ( -2.674424632239815747, 3.070397864182841552, 0.0000000000000000000 ) ) ;
#4395 = ORIENTED_EDGE ( 'NONE', *, *, #1332, .T. ) ;
#4396 = VERTEX_POINT ( 'NONE', #5124 ) ;
#4397 = EDGE_CURVE ( 'NONE', #1446, #508, #1018, .T. ) ;
#4398 = SURFACE_STYLE_USAGE ( .BOTH. , #1758 ) ;
#4399 = ORIENTED_EDGE ( 'NONE', *, *, #5668, .F. ) ;
#4400 = EDGE_CURVE ( 'NONE', #2125, #3965, #5678, .T. ) ;
#4401 = CARTESIAN_POINT ( 'NONE',  ( 6.825423574700510088, -1.423915056868493956, 2.000000000000000000 ) ) ;
#4402 = CARTESIAN_POINT ( 'NONE',  ( -5.150000000000000355, -4.724710424241401974, 1.988239158481577507 ) ) ;
#4403 = CARTESIAN_POINT ( 'NONE',  ( 0.0000000000000000000, 0.0000000000000000000, 4.000000000000000000 ) ) ;
#4404 = VERTEX_POINT ( 'NONE', #2377 ) ;
#4405 = EDGE_CURVE ( 'NONE', #8507, #2125, #3180, .T. ) ;
#4406 = STYLED_ITEM ( 'NONE', ( #1473 ), #999 ) ;
#4407 = CONICAL_SURFACE ( 'NONE', #239, 7.250000000000000888, 0.7853981633974500554 ) ;
#4408 = ORIENTED_EDGE ( 'NONE', *, *, #7880, .T. ) ;
#4409 = FACE_OUTER_BOUND ( 'NONE', #33, .T. ) ;
#4410 = CARTESIAN_POINT ( 'NONE',  ( 4.499999999999998224, -7.250000000000000000, 1.989999999999999991 ) ) ;
#4411 = PRESENTATION_LAYER_ASSIGNMENT (  '', '', ( #1782 ) ) ;
#4412 = CARTESIAN_POINT ( 'NONE',  ( 0.0000000000000000000, 0.0000000000000000000, 3.750000000000000888 ) ) ;
#4413 = DIRECTION ( 'NONE',  ( -0.0000000000000000000, -0.0000000000000000000, -1.000000000000000000 ) ) ;
#4414 = ORIENTED_EDGE ( 'NONE', *, *, #7827, .T. ) ;
#4415 = FACE_OUTER_BOUND ( 'NONE', #3178, .T. ) ;
#4416 = CARTESIAN_POINT ( 'NONE',  ( -7.232688584372541030, -0.5007153297904121114, 2.249999999999997780 ) ) ;
#4417 = PLANE ( 'NONE',  #6039 ) ;
#4418 = ORIENTED_EDGE ( 'NONE', *, *, #3591, .T. ) ;
#4419 = AXIS2_PLACEMENT_3D ( 'NONE', #656, #5926, #8010 ) ;
#4420 = DIRECTION ( 'NONE',  ( 1.000000000000000000, 0.0000000000000000000, -0.0000000000000000000 ) ) ;
#4421 = ADVANCED_FACE ( 'NONE', ( #3697 ), #4734, .T. ) ;
#4422 = DIRECTION ( 'NONE',  ( 0.0000000000000000000, 0.0000000000000000000, 1.000000000000000000 ) ) ;
#4423 = LINE ( 'NONE', #476, #1881 ) ;
#4424 = AXIS2_PLACEMENT_3D ( 'NONE', #3597, #997, #6870 ) ;
#4425 = LINE ( 'NONE', #6346, #4568 ) ;
#4426 = AXIS2_PLACEMENT_3D ( 'NONE', #1076, #5741, #6340 ) ;
#4427 = CARTESIAN_POINT ( 'NONE',  ( -5.159999999999999254, -4.724710424241401974, 1.988239158481577507 ) ) ;
#4428 = DIRECTION ( 'NONE',  ( 1.000000000000000000, 0.0000000000000000000, -0.0000000000000000000 ) ) ;
#4429 = ORIENTED_EDGE ( 'NONE', *, *, #7554, .F. ) ;
#4430 = ORIENTED_EDGE ( 'NONE', *, *, #8290, .T. ) ;
#4431 = CARTESIAN_POINT ( 'NONE',  ( -1.749051531138295479, 7.035859488464986988, 3.750000000000000000 ) ) ;
#4432 = DIRECTION ( 'NONE',  ( 1.000000000000000000, 0.0000000000000000000, 0.0000000000000000000 ) ) ;
#4433 = CONICAL_SURFACE ( 'NONE', #962, 7.250000000000000000, 0.7853981633974518317 ) ;
#4434 =( NAMED_UNIT ( * ) SI_UNIT ( $, .STERADIAN. ) SOLID_ANGLE_UNIT ( ) );
#4435 = CYLINDRICAL_SURFACE ( 'NONE', #2848, 7.249999999999999112 ) ;
#4436 = MANIFOLD_SOLID_BREP ( '??2', #7544 ) ;
#4437 = CARTESIAN_POINT ( 'NONE',  ( 0.0000000000000000000, 0.0000000000000000000, 4.000000000000000000 ) ) ;
#4438 = FACE_OUTER_BOUND ( 'NONE', #7954, .T. ) ;
#4439 = VECTOR ( 'NONE', #8331, 1000.000000000000000 ) ;
#4440 = VERTEX_POINT ( 'NONE', #7883 ) ;
#4441 = CARTESIAN_POINT ( 'NONE',  ( -5.150000000000000355, -1.163414459190184377E-16, 0.0000000000000000000 ) ) ;
#4442 = CARTESIAN_POINT ( 'NONE',  ( -5.160000000000006359, 1.856457872622882623E-15, 3.491481338843134095E-17 ) ) ;
#4443 = ORIENTED_EDGE ( 'NONE', *, *, #7442, .T. ) ;
#4444 = ORIENTED_EDGE ( 'NONE', *, *, #1172, .T. ) ;
#4445 = DIRECTION ( 'NONE',  ( -0.7111669494853618545, 0.7030231645967895959, 0.0000000000000000000 ) ) ;
#4446 = ORIENTED_EDGE ( 'NONE', *, *, #2324, .F. ) ;
#4447 = ADVANCED_BREP_SHAPE_REPRESENTATION ( '69E606F8-E654-4B8A-A1E6-D8F60CE14AFD', ( #4169, #4436, #769 ), #5333 ) ;
#4448 = EDGE_CURVE ( 'NONE', #6740, #6786, #2810, .T. ) ;
#4449 = CARTESIAN_POINT ( 'NONE',  ( -5.060000000000007603, -4.900000000000000355, -0.01000000000000000021 ) ) ;
#4450 = ADVANCED_FACE ( 'NONE', ( #1308 ), #3951, .F. ) ;
#4451 = DIRECTION ( 'NONE',  ( -0.0000000000000000000, -0.0000000000000000000, -1.000000000000000000 ) ) ;
#4452 = ORIENTED_EDGE ( 'NONE', *, *, #4631, .F. ) ;
#4453 = VECTOR ( 'NONE', #364, 1000.000000000000000 ) ;
#4454 = ORIENTED_EDGE ( 'NONE', *, *, #1553, .T. ) ;
#4455 = CARTESIAN_POINT ( 'NONE',  ( 1.974999999999994538, -7.160000000000000142, -0.005000000000000000104 ) ) ;
#4456 = CARTESIAN_POINT ( 'NONE',  ( 3.250000000000002220, -7.260000000000001563, 1.200000000000000622 ) ) ;
#4457 = AXIS2_PLACEMENT_3D ( 'NONE', #8231, #4946, #3612 ) ;
#4458 = DIRECTION ( 'NONE',  ( 0.0000000000000000000, 0.0000000000000000000, -1.000000000000000000 ) ) ;
#4459 = LINE ( 'NONE', #6455, #8175 ) ;
#4460 = CARTESIAN_POINT ( 'NONE',  ( 3.036990180444824272, 2.575613833695105992, -0.01000000000000000021 ) ) ;
#4461 = EDGE_LOOP ( 'NONE', ( #7276, #2967, #5075, #5381 ) ) ;
#4462 = EDGE_CURVE ( 'NONE', #8569, #3222, #1264, .T. ) ;
#4463 = CARTESIAN_POINT ( 'NONE',  ( 6.830159262260666608, -1.532620126500622737, 2.000000000000000000 ) ) ;
#4464 = SURFACE_SIDE_STYLE ('',( #5380 ) ) ;
#4465 = AXIS2_PLACEMENT_3D ( 'NONE', #4288, #3715, #2995 ) ;
#4466 = CARTESIAN_POINT ( 'NONE',  ( -5.160000000000001918, -3.963704366711342963, 1.200000000000017941 ) ) ;
#4467 = PLANE ( 'NONE',  #602 ) ;
#4468 = VECTOR ( 'NONE', #1469, 1000.000000000000000 ) ;
#4469 = AXIS2_PLACEMENT_3D ( 'NONE', #8441, #2714, #4605 ) ;
#4470 = PLANE ( 'NONE',  #124 ) ;
#4471 = EDGE_CURVE ( 'NONE', #3089, #7933, #653, .T. ) ;
#4472 = CARTESIAN_POINT ( 'NONE',  ( 5.129999999999999005, -7.249999999999999112, 1.969999999999999973 ) ) ;
#4473 = DIRECTION ( 'NONE',  ( -2.602085213965210642E-15, -2.168404344971008868E-15, 1.000000000000000000 ) ) ;
#4474 = ORIENTED_EDGE ( 'NONE', *, *, #4203, .F. ) ;
#4475 = CARTESIAN_POINT ( 'NONE',  ( -7.249999999999999112, 0.0000000000000000000, 2.249999999999997780 ) ) ;
#4476 = PRESENTATION_LAYER_ASSIGNMENT (  '', '', ( #4482 ) ) ;
#4477 = LINE ( 'NONE', #2538, #6804 ) ;
#4478 = AXIS2_PLACEMENT_3D ( 'NONE', #1787, #6918, #2327 ) ;
#4479 = CARTESIAN_POINT ( 'NONE',  ( 0.0000000000000000000, -1.800000000000004263, 0.0000000000000000000 ) ) ;
#4480 = CARTESIAN_POINT ( 'NONE',  ( -0.9749999999999958700, -7.250000000000000000, 0.5000000000000000000 ) ) ;
#4481 = CARTESIAN_POINT ( 'NONE',  ( -2.999999999999999556, -4.500000000000000000, 0.0000000000000000000 ) ) ;
#4482 = STYLED_ITEM ( 'NONE', ( #6051 ), #6278 ) ;
#4483 = DIRECTION ( 'NONE',  ( -2.521175704717234448E-15, 2.492304969624203411E-15, -1.000000000000000000 ) ) ;
#4484 = VECTOR ( 'NONE', #6018, 1000.000000000000000 ) ;
#4485 = ORIENTED_EDGE ( 'NONE', *, *, #3663, .F. ) ;
#4486 = CYLINDRICAL_SURFACE ( 'NONE', #3476, 7.250000000000000000 ) ;
#4487 = PLANE ( 'NONE',  #2060 ) ;
#4488 = ORIENTED_EDGE ( 'NONE', *, *, #1566, .T. ) ;
#4489 = ORIENTED_EDGE ( 'NONE', *, *, #2426, .T. ) ;
#4490 = DIRECTION ( 'NONE',  ( 0.0000000000000000000, 0.0000000000000000000, -1.000000000000000000 ) ) ;
#4491 = EDGE_LOOP ( 'NONE', ( #7259, #2151, #1155, #5901, #4150, #3047, #2959, #4444 ) ) ;
#4492 = VECTOR ( 'NONE', #1973, 1000.000000000000000 ) ;
#4493 = CARTESIAN_POINT ( 'NONE',  ( 2.695380892068326428, -6.460257103759334818, 4.000000000000000000 ) ) ;
#4494 = CIRCLE ( 'NONE', #3109, 1.249999999999994227 ) ;
#4495 = ORIENTED_EDGE ( 'NONE', *, *, #417, .F. ) ;
#4496 = ORIENTED_EDGE ( 'NONE', *, *, #2609, .F. ) ;
#4497 = CARTESIAN_POINT ( 'NONE',  ( 2.118873456510572684, 3.603935951994632791, 1.969999999999999973 ) ) ;
#4498 = EDGE_CURVE ( 'NONE', #6438, #2948, #3905, .T. ) ;
#4499 = EDGE_CURVE ( 'NONE', #7132, #2923, #8292, .T. ) ;
#4500 = ADVANCED_FACE ( 'NONE', ( #7961 ), #2015, .T. ) ;
#4501 = CARTESIAN_POINT ( 'NONE',  ( -5.160000000000005471, -3.963704366711341187, 0.1392243887514867939 ) ) ;
#4502 = CARTESIAN_POINT ( 'NONE',  ( -0.7022066185388938786, 7.163051108413037049, 3.802824953243185480 ) ) ;
#4503 = B_SPLINE_CURVE_WITH_KNOTS ( 'NONE', 3,
 ( #2085, #7323, #154, #4192 ),
 .UNSPECIFIED., .F., .F.,
 ( 4, 4 ),
 ( 0.0000000000000000000, 0.0005511928767344431192 ),
 .UNSPECIFIED. ) ;
#4504 = DIRECTION ( 'NONE',  ( -1.000000000000000000, 0.0000000000000000000, 0.0000000000000000000 ) ) ;
#4505 = CARTESIAN_POINT ( 'NONE',  ( 5.060000000000005826, -4.900000000000001243, -0.0000000000000000000 ) ) ;
#4506 = CARTESIAN_POINT ( 'NONE',  ( 8.075423574700504759, -1.423915056868493956, 4.000000000000000000 ) ) ;
#4507 = VERTEX_POINT ( 'NONE', #3313 ) ;
#4508 = EDGE_CURVE ( 'NONE', #3250, #1265, #2628, .T. ) ;
#4509 = ADVANCED_FACE ( 'NONE', ( #8571 ), #84, .F. ) ;
#4510 = FACE_OUTER_BOUND ( 'NONE', #7437, .T. ) ;
#4511 = VECTOR ( 'NONE', #2098, 1000.000000000000000 ) ;
#4512 = DIRECTION ( 'NONE',  ( 0.0000000000000000000, 0.0000000000000000000, 1.000000000000000000 ) ) ;
#4513 = CARTESIAN_POINT ( 'NONE',  ( 5.159999999999999254, -4.724710424241401974, 1.988239158481577507 ) ) ;
#4514 = DIRECTION ( 'NONE',  ( 0.0000000000000000000, 0.0000000000000000000, 1.000000000000000000 ) ) ;
#4515 = VECTOR ( 'NONE', #4364, 1000.000000000000000 ) ;
#4516 = VERTEX_POINT ( 'NONE', #6004 ) ;
#4517 = EDGE_CURVE ( 'NONE', #4616, #4630, #7623, .T. ) ;
#4518 = VECTOR ( 'NONE', #6723, 1000.000000000000000 ) ;
#4519 = EDGE_CURVE ( 'NONE', #7766, #467, #5205, .T. ) ;
#4520 = CARTESIAN_POINT ( 'NONE',  ( -2.870814365006334690, -6.454561601911841251, 2.063856039206960258 ) ) ;
#4521 = CARTESIAN_POINT ( 'NONE',  ( 0.0000000000000000000, 0.0000000000000000000, 4.000000000000000000 ) ) ;
#4522 = DIRECTION ( 'NONE',  ( 0.0000000000000000000, -1.000000000000000000, 0.0000000000000000000 ) ) ;
#4523 = AXIS2_PLACEMENT_3D ( 'NONE', #5196, #1139, #7831 ) ;
#4524 = FACE_OUTER_BOUND ( 'NONE', #3508, .T. ) ;
#4525 = CARTESIAN_POINT ( 'NONE',  ( 7.232688584372536589, -0.5007153297904874956, 4.000000000000000000 ) ) ;
#4526 = ORIENTED_EDGE ( 'NONE', *, *, #3228, .T. ) ;
#4527 = CARTESIAN_POINT ( 'NONE',  ( -6.967758820037605716, 2.003206685738688098, 2.249999999999999556 ) ) ;
#4528 = VERTEX_POINT ( 'NONE', #5165 ) ;
#4529 = ORIENTED_EDGE ( 'NONE', *, *, #6528, .T. ) ;
#4530 = ORIENTED_EDGE ( 'NONE', *, *, #750, .F. ) ;
#4531 = EDGE_CURVE ( 'NONE', #7360, #6774, #1561, .T. ) ;
#4532 = DIRECTION ( 'NONE',  ( 0.7111669494853618545, 0.7030231645967895959, 3.545124961925875515E-15 ) ) ;
#4533 = CARTESIAN_POINT ( 'NONE',  ( 5.149999999999999467, -4.724710424241401974, 1.988239158481577507 ) ) ;
#4534 = FACE_OUTER_BOUND ( 'NONE', #7894, .T. ) ;
#4535 = VERTEX_POINT ( 'NONE', #8483 ) ;
#4536 = ORIENTED_EDGE ( 'NONE', *, *, #2972, .F. ) ;
#4537 = ORIENTED_EDGE ( 'NONE', *, *, #1761, .F. ) ;
#4538 = DIRECTION ( 'NONE',  ( -3.486881358747351719E-15, 0.0000000000000000000, -1.000000000000000000 ) ) ;
#4539 = ADVANCED_FACE ( 'NONE', ( #4083 ), #7395, .T. ) ;
#4540 = CARTESIAN_POINT ( 'NONE',  ( 5.129999999999997229, -7.250000000000000000, 2.000000000000000888 ) ) ;
#4541 = CARTESIAN_POINT ( 'NONE',  ( 0.0000000000000000000, 0.0000000000000000000, 2.000000000000000000 ) ) ;
#4542 = ORIENTED_EDGE ( 'NONE', *, *, #2998, .F. ) ;
#4543 = VECTOR ( 'NONE', #3045, 1000.000000000000000 ) ;
#4544 = ORIENTED_EDGE ( 'NONE', *, *, #6961, .T. ) ;
#4545 = CARTESIAN_POINT ( 'NONE',  ( -2.536198336770763451, 3.210225366088509169, 0.9700000000000000844 ) ) ;
#4546 = AXIS2_PLACEMENT_3D ( 'NONE', #4905, #6275, #7003 ) ;
#4547 = PLANE ( 'NONE',  #4232 ) ;
#4548 = LINE ( 'NONE', #6345, #1462 ) ;
#4549 = ADVANCED_FACE ( 'NONE', ( #1577 ), #6047, .T. ) ;
#4550 = FACE_OUTER_BOUND ( 'NONE', #4261, .T. ) ;
#4551 = LINE ( 'NONE', #1428, #8395 ) ;
#4552 = CIRCLE ( 'NONE', #2630, 7.000000000000001776 ) ;
#4553 = CARTESIAN_POINT ( 'NONE',  ( 5.160000000000002807, -6.324710424241401618, 0.9882391584815773955 ) ) ;
#4554 = EDGE_CURVE ( 'NONE', #7993, #6131, #3776, .T. ) ;
#4555 = EDGE_CURVE ( 'NONE', #3847, #6218, #1530, .T. ) ;
#4556 = ORIENTED_EDGE ( 'NONE', *, *, #5802, .F. ) ;
#4557 = CARTESIAN_POINT ( 'NONE',  ( 5.851408311032479048, 4.156633747838277770, 2.177355510105481784 ) ) ;
#4558 = CIRCLE ( 'NONE', #8133, 4.200000000000000178 ) ;
#4559 = VECTOR ( 'NONE', #7597, 1000.000000000000000 ) ;
#4560 = DIRECTION ( 'NONE',  ( -1.000000000000000000, 0.0000000000000000000, 0.0000000000000000000 ) ) ;
#4561 = DIRECTION ( 'NONE',  ( 0.0000000000000000000, 0.0000000000000000000, -1.000000000000000000 ) ) ;
#4562 = CARTESIAN_POINT ( 'NONE',  ( -5.059999999999999609, -0.8000000000000030420, -0.005000000000000000104 ) ) ;
#4563 = LINE ( 'NONE', #1794, #6069 ) ;
#4564 = ORIENTED_EDGE ( 'NONE', *, *, #3378, .T. ) ;
#4565 = ADVANCED_FACE ( 'NONE', ( #5066 ), #301, .T. ) ;
#4566 = ORIENTED_EDGE ( 'NONE', *, *, #6558, .T. ) ;
#4567 = VERTEX_POINT ( 'NONE', #3729 ) ;
#4568 = VECTOR ( 'NONE', #3771, 1000.000000000000114 ) ;
#4569 =( NAMED_UNIT ( * ) SI_UNIT ( $, .STERADIAN. ) SOLID_ANGLE_UNIT ( ) );
#4570 = VERTEX_POINT ( 'NONE', #6954 ) ;
#4571 =( GEOMETRIC_REPRESENTATION_CONTEXT ( 3 ) GLOBAL_UNCERTAINTY_ASSIGNED_CONTEXT ( ( #5576 ) ) GLOBAL_UNIT_ASSIGNED_CONTEXT ( ( #902, #6159, #6860 ) ) REPRESENTATION_CONTEXT ( 'NONE', 'WORKASPACE' ) );
#4572 = LINE ( 'NONE', #8445, #1928 ) ;
#4573 = CARTESIAN_POINT ( 'NONE',  ( 3.628099703648320684, 2.077226904113146588, 1.969999999999999085 ) ) ;
#4574 = VERTEX_POINT ( 'NONE', #5712 ) ;
#4575 = EDGE_CURVE ( 'NONE', #7458, #8342, #2407, .T. ) ;
#4576 = ORIENTED_EDGE ( 'NONE', *, *, #7520, .T. ) ;
#4577 = VERTEX_POINT ( 'NONE', #3774 ) ;
#4578 = EDGE_LOOP ( 'NONE', ( #2586, #7362, #1971, #1727 ) ) ;
#4579 = DIRECTION ( 'NONE',  ( 0.7111669494853618545, 0.7030231645967895959, 3.545124961925875515E-15 ) ) ;
#4580 = FACE_OUTER_BOUND ( 'NONE', #5163, .T. ) ;
#4581 = LINE ( 'NONE', #1329, #3343 ) ;
#4582 = PLANE ( 'NONE',  #2616 ) ;
#4583 = VERTEX_POINT ( 'NONE', #1700 ) ;
#4584 = VERTEX_POINT ( 'NONE', #4431 ) ;
#4585 = CONICAL_SURFACE ( 'NONE', #3883, 7.249999999999999112, 0.7853981633974517207 ) ;
#4586 = PLANE ( 'NONE',  #3241 ) ;
#4587 = CARTESIAN_POINT ( 'NONE',  ( 0.9749999999999945377, -7.259999999999999787, -0.005000000000000000104 ) ) ;
#4588 = CARTESIAN_POINT ( 'NONE',  ( 0.0000000000000000000, 0.0000000000000000000, 2.000000000000000000 ) ) ;
#4589 = ORIENTED_EDGE ( 'NONE', *, *, #7322, .F. ) ;
#4590 = SURFACE_STYLE_FILL_AREA ( #1956 ) ;
#4591 = AXIS2_PLACEMENT_3D ( 'NONE', #4573, #1270, #3910 ) ;
#4592 = CARTESIAN_POINT ( 'NONE',  ( -4.247056320799507567, -5.564396877286603704, 4.000000000000000000 ) ) ;
#4593 = STYLED_ITEM ( 'NONE', ( #1970 ), #4436 ) ;
#4594 = PRODUCT_DEFINITION ( 'UNKNOWN', '', #8508, #7278 ) ;
#4595 = CARTESIAN_POINT ( 'NONE',  ( 5.160000000000005471, -5.898932796319721561, -0.01000000000000000021 ) ) ;
#4596 = EDGE_CURVE ( 'NONE', #4875, #2890, #5027, .T. ) ;
#4597 = CARTESIAN_POINT ( 'NONE',  ( 0.0000000000000000000, 0.0000000000000000000, 2.000000000000000000 ) ) ;
#4598 = DIRECTION ( 'NONE',  ( -0.0000000000000000000, -0.0000000000000000000, 1.000000000000000000 ) ) ;
#4599 = DIRECTION ( 'NONE',  ( -1.000000000000000000, 8.673617379884035472E-16, -0.0000000000000000000 ) ) ;
#4600 = VERTEX_POINT ( 'NONE', #8259 ) ;
#4601 = VECTOR ( 'NONE', #2623, 1000.000000000000000 ) ;
#4602 = VERTEX_POINT ( 'NONE', #7040 ) ;
#4603 = ORIENTED_EDGE ( 'NONE', *, *, #5289, .F. ) ;
#4604 = VECTOR ( 'NONE', #2182, 1000.000000000000000 ) ;
#4605 = DIRECTION ( 'NONE',  ( 1.000000000000000000, 0.0000000000000000000, 0.0000000000000000000 ) ) ;
#4606 = VERTEX_POINT ( 'NONE', #4475 ) ;
#4607 = ADVANCED_FACE ( 'NONE', ( #480 ), #1005, .T. ) ;
#4608 = CYLINDRICAL_SURFACE ( 'NONE', #8199, 1.250000000000001998 ) ;
#4609 = EDGE_CURVE ( 'NONE', #3787, #2845, #5728, .T. ) ;
#4610 = VECTOR ( 'NONE', #670, 1000.000000000000000 ) ;
#4611 = CIRCLE ( 'NONE', #874, 0.7750000000000001332 ) ;
#4612 = CARTESIAN_POINT ( 'NONE',  ( -1.678541033159453244, 3.850000000000000089, 0.0000000000000000000 ) ) ;
#4613 = CARTESIAN_POINT ( 'NONE',  ( 3.250000000000002220, -7.229999999999999538, 1.990000000000000435 ) ) ;
#4614 = VERTEX_POINT ( 'NONE', #7657 ) ;
#4615 = DIRECTION ( 'NONE',  ( -0.0000000000000000000, -0.0000000000000000000, 1.000000000000000000 ) ) ;
#4616 = VERTEX_POINT ( 'NONE', #5751 ) ;
#4617 = ORIENTED_EDGE ( 'NONE', *, *, #7168, .F. ) ;
#4618 = CARTESIAN_POINT ( 'NONE',  ( 0.3232914739353220934, 6.992530487804878625, 2.000000000000000000 ) ) ;
#4619 = ORIENTED_EDGE ( 'NONE', *, *, #407, .T. ) ;
#4620 = AXIS2_PLACEMENT_3D ( 'NONE', #389, #3815, #6433 ) ;
#4621 = VECTOR ( 'NONE', #8181, 1000.000000000000000 ) ;
#4622 = CARTESIAN_POINT ( 'NONE',  ( -0.7546131235689356176, -0.7633545239407795169, 2.000000000000000000 ) ) ;
#4623 = LINE ( 'NONE', #2033, #8363 ) ;
#4624 = VECTOR ( 'NONE', #5872, 1000.000000000000114 ) ;
#4625 = CARTESIAN_POINT ( 'NONE',  ( -2.536198336770760786, 3.210225366088506949, 1.969999999999999973 ) ) ;
#4626 = DIRECTION ( 'NONE',  ( 1.000000000000000000, 1.154631945610162802E-14, 0.0000000000000000000 ) ) ;
#4627 = CARTESIAN_POINT ( 'NONE',  ( 0.0000000000000000000, 0.0000000000000000000, 3.749999999999996447 ) ) ;
#4628 = DIRECTION ( 'NONE',  ( 0.0000000000000000000, 0.0000000000000000000, 1.000000000000000000 ) ) ;
#4629 = EDGE_LOOP ( 'NONE', ( #3080, #5046, #2336, #1016 ) ) ;
#4630 = VERTEX_POINT ( 'NONE', #4386 ) ;
#4631 = EDGE_CURVE ( 'NONE', #8491, #532, #4939, .T. ) ;
#4632 = DIRECTION ( 'NONE',  ( -1.000000000000000000, -8.673617379884036458E-16, 0.0000000000000000000 ) ) ;
#4633 = DIRECTION ( 'NONE',  ( 0.0000000000000000000, 0.0000000000000000000, -1.000000000000000000 ) ) ;
#4634 = DIRECTION ( 'NONE',  ( 0.0000000000000000000, -1.000000000000000000, 0.0000000000000000000 ) ) ;
#4635 = DIRECTION ( 'NONE',  ( -1.000000000000000000, 8.673617379884035472E-16, -0.0000000000000000000 ) ) ;
#4636 = CARTESIAN_POINT ( 'NONE',  ( 2.804565175271143573, -7.705479490444331780, 4.000000000000000000 ) ) ;
#4637 = CARTESIAN_POINT ( 'NONE',  ( -6.625249362317262580, 2.944243686775046775, 3.749999999999998224 ) ) ;
#4638 = EDGE_LOOP ( 'NONE', ( #5971, #7448, #1863, #5454 ) ) ;
#4639 = CARTESIAN_POINT ( 'NONE',  ( -2.118873456510574016, 3.603935951994631903, 1.969999999999999085 ) ) ;
#4640 = AXIS2_PLACEMENT_3D ( 'NONE', #4675, #5351, #3933 ) ;
#4641 = FACE_OUTER_BOUND ( 'NONE', #5542, .T. ) ;
#4642 = CARTESIAN_POINT ( 'NONE',  ( -5.160000000000005471, -5.900000000000001243, 0.1392243887514869882 ) ) ;
#4643 = SURFACE_STYLE_FILL_AREA ( #1302 ) ;
#4644 = VECTOR ( 'NONE', #1510, 1000.000000000000000 ) ;
#4645 = CARTESIAN_POINT ( 'NONE',  ( 2.804565175270500976, 7.705479490444564483, 4.000000000000000000 ) ) ;
#4646 = AXIS2_PLACEMENT_3D ( 'NONE', #5690, #1770, #8371 ) ;
#4647 = ORIENTED_EDGE ( 'NONE', *, *, #1212, .T. ) ;
#4648 = ORIENTED_EDGE ( 'NONE', *, *, #7188, .T. ) ;
#4649 = ORIENTED_EDGE ( 'NONE', *, *, #7037, .T. ) ;
#4650 = DIRECTION ( 'NONE',  ( -1.000000000000000000, -8.453818109048741548E-17, 2.784500645962918296E-31 ) ) ;
#4651 = ORIENTED_EDGE ( 'NONE', *, *, #5304, .F. ) ;
#4652 = DIRECTION ( 'NONE',  ( -3.486881358747350930E-15, 0.0000000000000000000, 1.000000000000000000 ) ) ;
#4653 = CARTESIAN_POINT ( 'NONE',  ( -5.150000000000006573, -3.963704366711341187, 0.1392243887514867662 ) ) ;
#4654 = CARTESIAN_POINT ( 'NONE',  ( 5.159999999999999254, -6.173222852441604605E-16, 1.969999999999999973 ) ) ;
#4655 = EDGE_CURVE ( 'NONE', #1996, #2378, #1047, .T. ) ;
#4656 = CARTESIAN_POINT ( 'NONE',  ( -3.249999999999999556, -7.250000000000001776, 1.200000000000000178 ) ) ;
#4657 = ORIENTED_EDGE ( 'NONE', *, *, #2478, .F. ) ;
#4658 = ORIENTED_EDGE ( 'NONE', *, *, #8148, .F. ) ;
#4659 = DIRECTION ( 'NONE',  ( 0.0000000000000000000, 1.000000000000000000, 0.0000000000000000000 ) ) ;
#4660 = EDGE_CURVE ( 'NONE', #5685, #2842, #5963, .T. ) ;
#4661 = VERTEX_POINT ( 'NONE', #1743 ) ;
#4662 = EDGE_CURVE ( 'NONE', #3088, #82, #8385, .T. ) ;
#4663 = EDGE_CURVE ( 'NONE', #4600, #6287, #6997, .T. ) ;
#4664 = SURFACE_STYLE_USAGE ( .BOTH. , #2031 ) ;
#4665 = CARTESIAN_POINT ( 'NONE',  ( 5.129999999999999005, -4.724710424241401974, 1.969999999999999973 ) ) ;
#4666 = DIRECTION ( 'NONE',  ( 0.0000000000000000000, 0.0000000000000000000, 1.000000000000000000 ) ) ;
#4667 = DIRECTION ( 'NONE',  ( -0.0000000000000000000, -0.0000000000000000000, 1.000000000000000000 ) ) ;
#4668 = DIRECTION ( 'NONE',  ( -0.0000000000000000000, -0.0000000000000000000, -1.000000000000000000 ) ) ;
#4669 = CARTESIAN_POINT ( 'NONE',  ( 2.115317621763145084, 3.600420836171648542, 1.989999999999999547 ) ) ;
#4670 = DIRECTION ( 'NONE',  ( -0.7030231645967893739, -0.7111669494853621876, 3.745981415889632288E-16 ) ) ;
#4671 = ORIENTED_EDGE ( 'NONE', *, *, #8238, .F. ) ;
#4672 = ORIENTED_EDGE ( 'NONE', *, *, #5819, .F. ) ;
#4673 = CARTESIAN_POINT ( 'NONE',  ( -5.270858399429544150, 6.281564433575399065, 4.000000000000000000 ) ) ;
#4674 = CARTESIAN_POINT ( 'NONE',  ( 8.075423574700385743, 1.423915056869163864, 4.000000000000000000 ) ) ;
#4675 = CARTESIAN_POINT ( 'NONE',  ( 0.0000000000000000000, 0.0000000000000000000, 2.000000000000000000 ) ) ;
#4676 = CARTESIAN_POINT ( 'NONE',  ( -5.160000000000005471, -3.963704366711341187, 0.1392243887514867939 ) ) ;
#4677 = CARTESIAN_POINT ( 'NONE',  ( -4.200000000000000178, -2.932844324628232650E-14, 1.989999999999999991 ) ) ;
#4678 = DIRECTION ( 'NONE',  ( 0.0000000000000000000, 0.0000000000000000000, 1.000000000000000000 ) ) ;
#4679 = CARTESIAN_POINT ( 'NONE',  ( 3.100995205898506413, 2.638885918508817152, 1.431521299068695704E-14 ) ) ;
#4680 = EDGE_CURVE ( 'NONE', #1537, #869, #587, .T. ) ;
#4681 = VERTEX_POINT ( 'NONE', #8516 ) ;
#4682 = VECTOR ( 'NONE', #8232, 1000.000000000000000 ) ;
#4683 = CARTESIAN_POINT ( 'NONE',  ( 1.974999999999994538, -7.160000000000000142, 0.0000000000000000000 ) ) ;
#4684 = DIRECTION ( 'NONE',  ( -0.0000000000000000000, -0.0000000000000000000, -1.000000000000000000 ) ) ;
#4685 = CARTESIAN_POINT ( 'NONE',  ( 3.250000000000002220, -7.260000000000001563, 1.200000000000000622 ) ) ;
#4686 = ORIENTED_EDGE ( 'NONE', *, *, #4517, .F. ) ;
#4687 = ORIENTED_EDGE ( 'NONE', *, *, #2081, .T. ) ;
#4688 = ORIENTED_EDGE ( 'NONE', *, *, #6180, .F. ) ;
#4689 = DIRECTION ( 'NONE',  ( 8.453818109048741548E-17, -1.000000000000000000, 0.0000000000000000000 ) ) ;
#4690 = VERTEX_POINT ( 'NONE', #2663 ) ;
#4691 = AXIS2_PLACEMENT_3D ( 'NONE', #690, #8566, #3262 ) ;
#4692 = AXIS2_PLACEMENT_3D ( 'NONE', #802, #1508, #2124 ) ;
#4693 = DIRECTION ( 'NONE',  ( 1.000000000000000000, 0.0000000000000000000, 0.0000000000000000000 ) ) ;
#4694 = DIRECTION ( 'NONE',  ( 1.000000000000000000, 0.0000000000000000000, 0.0000000000000000000 ) ) ;
#4695 = EDGE_LOOP ( 'NONE', ( #7670, #3325, #5886, #6877, #6861, #5630 ) ) ;
#4696 = ORIENTED_EDGE ( 'NONE', *, *, #7203, .T. ) ;
#4697 = EDGE_LOOP ( 'NONE', ( #6223, #8402, #5591, #2954 ) ) ;
#4698 = CARTESIAN_POINT ( 'NONE',  ( 3.250000000000002220, -7.260000000000001563, 1.200000000000000622 ) ) ;
#4699 = VERTEX_POINT ( 'NONE', #5271 ) ;
#4700 = LINE ( 'NONE', #1363, #4484 ) ;
#4701 = EDGE_CURVE ( 'NONE', #5366, #5325, #1343, .T. ) ;
#4702 = AXIS2_PLACEMENT_3D ( 'NONE', #1033, #6337, #986 ) ;
#4703 = CARTESIAN_POINT ( 'NONE',  ( -6.483433319033089504, -3.002670344114184875, 3.855868183907199764 ) ) ;
#4704 = EDGE_CURVE ( 'NONE', #1305, #1786, #5318, .T. ) ;
#4705 = DIRECTION ( 'NONE',  ( 1.000000000000000000, 0.0000000000000000000, 0.0000000000000000000 ) ) ;
#4706 = EDGE_CURVE ( 'NONE', #3553, #1537, #8120, .T. ) ;
#4707 = DIRECTION ( 'NONE',  ( 1.000000000000000000, 0.0000000000000000000, 0.0000000000000000000 ) ) ;
#4708 = DIRECTION ( 'NONE',  ( 0.7111669494853618545, 0.7030231645967895959, 0.0000000000000000000 ) ) ;
#4709 = DIRECTION ( 'NONE',  ( -0.7111669494853618545, -0.7030231645967895959, 0.0000000000000000000 ) ) ;
#4710 = ORIENTED_EDGE ( 'NONE', *, *, #5890, .F. ) ;
#4711 = CARTESIAN_POINT ( 'NONE',  ( -5.059999999999998721, -1.800000000000002931, -1.694065894508600678E-18 ) ) ;
#4712 = CONICAL_SURFACE ( 'NONE', #427, 7.249999999999999112, 0.7853981633974536081 ) ;
#4713 = CARTESIAN_POINT ( 'NONE',  ( 5.160000000000005471, -5.898932796319721561, -0.0000000000000000000 ) ) ;
#4714 = ADVANCED_FACE ( 'NONE', ( #2787 ), #2141, .T. ) ;
#4715 = DIRECTION ( 'NONE',  ( -0.0000000000000000000, 1.000000000000000000, -0.0000000000000000000 ) ) ;
#4716 = DIRECTION ( 'NONE',  ( 1.000000000000000000, 0.0000000000000000000, 0.0000000000000000000 ) ) ;
#4717 = CARTESIAN_POINT ( 'NONE',  ( -5.150000000000003908, -4.724710424241401974, 0.9882391584815776175 ) ) ;
#4718 =( NAMED_UNIT ( * ) SI_UNIT ( $, .STERADIAN. ) SOLID_ANGLE_UNIT ( ) );
#4719 = EDGE_LOOP ( 'NONE', ( #2362, #5099, #2251, #2585 ) ) ;
#4720 = CIRCLE ( 'NONE', #563, 0.3000000000000003775 ) ;
#4721 = DIRECTION ( 'NONE',  ( 0.0000000000000000000, 0.0000000000000000000, -1.000000000000000000 ) ) ;
#4722 = DIRECTION ( 'NONE',  ( 0.7030231645968014753, 0.7111669494853501972, -0.0000000000000000000 ) ) ;
#4723 = DIRECTION ( 'NONE',  ( -0.0000000000000000000, -0.0000000000000000000, 1.000000000000000000 ) ) ;
#4724 = CARTESIAN_POINT ( 'NONE',  ( -5.862414508837950677, 4.265512410785636810, 4.000000000000000000 ) ) ;
#4725 = ADVANCED_FACE ( 'NONE', ( #2226 ), #166, .F. ) ;
#4726 = EDGE_CURVE ( 'NONE', #2289, #4342, #3502, .T. ) ;
#4727 = AXIS2_PLACEMENT_3D ( 'NONE', #94, #4047, #2684 ) ;
#4728 = DIRECTION ( 'NONE',  ( 0.0000000000000000000, -1.000000000000000000, 0.0000000000000000000 ) ) ;
#4729 = ORIENTED_EDGE ( 'NONE', *, *, #3453, .T. ) ;
#4730 = DIRECTION ( 'NONE',  ( -0.0000000000000000000, 0.0000000000000000000, 1.000000000000000000 ) ) ;
#4731 = ORIENTED_EDGE ( 'NONE', *, *, #440, .F. ) ;
#4732 = ORIENTED_EDGE ( 'NONE', *, *, #2100, .F. ) ;
#4733 = ORIENTED_EDGE ( 'NONE', *, *, #5101, .T. ) ;
#4734 = CONICAL_SURFACE ( 'NONE', #3360, 6.999999999999996447, 0.7853981633974431720 ) ;
#4735 = CARTESIAN_POINT ( 'NONE',  ( 5.159999999999998366, -0.8000000000000042633, 0.5000000000000000000 ) ) ;
#4736 = EDGE_CURVE ( 'NONE', #3773, #7508, #5822, .T. ) ;
#4737 = CARTESIAN_POINT ( 'NONE',  ( 5.059999999999998721, -1.800000000000004263, -0.005000000000000000104 ) ) ;
#4738 = DIRECTION ( 'NONE',  ( 0.0000000000000000000, 0.0000000000000000000, 1.000000000000000000 ) ) ;
#4739 = PRESENTATION_LAYER_ASSIGNMENT (  '', '', ( #7070 ) ) ;
#4740 = ORIENTED_EDGE ( 'NONE', *, *, #8280, .F. ) ;
#4741 = DIRECTION ( 'NONE',  ( -0.0000000000000000000, -0.0000000000000000000, -1.000000000000000000 ) ) ;
#4742 = VERTEX_POINT ( 'NONE', #770 ) ;
#4743 = VERTEX_POINT ( 'NONE', #6083 ) ;
#4744 = VERTEX_POINT ( 'NONE', #7474 ) ;
#4745 = COLOUR_RGB ( '',0.2980392156862745057, 0.2980392156862745057, 0.2980392156862745057 ) ;
#4746 = CARTESIAN_POINT ( 'NONE',  ( -5.894063302208129684, 3.776243873158005471, 2.000000000000000000 ) ) ;
#4747 = LINE ( 'NONE', #3288, #8461 ) ;
#4748 = MECHANICAL_DESIGN_GEOMETRIC_PRESENTATION_REPRESENTATION (  '', ( #5708 ), #3106 ) ;
#4749 = AXIS2_PLACEMENT_3D ( 'NONE', #1633, #3751, #5686 ) ;
#4750 = EDGE_LOOP ( 'NONE', ( #568, #386, #2682, #5096, #5296, #6235, #7797, #4000 ) ) ;
#4751 = EDGE_CURVE ( 'NONE', #2713, #7496, #7348, .T. ) ;
#4752 = AXIS2_PLACEMENT_3D ( 'NONE', #2486, #7076, #2356 ) ;
#4753 = DIRECTION ( 'NONE',  ( 0.0000000000000000000, -0.0000000000000000000, 1.000000000000000000 ) ) ;
#4754 = DIRECTION ( 'NONE',  ( 1.000000000000000000, 0.0000000000000000000, 2.521175704717234448E-15 ) ) ;
#4755 = DIRECTION ( 'NONE',  ( 0.0000000000000000000, -0.0000000000000000000, 1.000000000000000000 ) ) ;
#4756 = CARTESIAN_POINT ( 'NONE',  ( 5.149999999999999467, -4.900000000000001243, 0.1392243887514867939 ) ) ;
#4757 = DIRECTION ( 'NONE',  ( -0.0000000000000000000, -0.0000000000000000000, -1.000000000000000000 ) ) ;
#4758 = DIRECTION ( 'NONE',  ( -1.196361017915039486E-16, -1.000000000000000000, 0.0000000000000000000 ) ) ;
#4759 = VERTEX_POINT ( 'NONE', #2826 ) ;
#4760 = CARTESIAN_POINT ( 'NONE',  ( 0.0000000000000000000, 0.0000000000000000000, 2.249999999999999556 ) ) ;
#4761 = EDGE_CURVE ( 'NONE', #3692, #595, #5446, .T. ) ;
#4762 = EDGE_CURVE ( 'NONE', #4606, #3990, #1153, .T. ) ;
#4763 = EDGE_CURVE ( 'NONE', #1331, #6821, #5529, .T. ) ;
#4764 = FACE_OUTER_BOUND ( 'NONE', #5628, .T. ) ;
#4765 = CARTESIAN_POINT ( 'NONE',  ( -1.790049389040361927, 6.971235077205003350, 2.197175046756829175 ) ) ;
#4766 = DIRECTION ( 'NONE',  ( -0.0000000000000000000, -0.0000000000000000000, -1.000000000000000000 ) ) ;
#4767 = CARTESIAN_POINT ( 'NONE',  ( 5.851408311032904486, -4.099999999999703881, 2.144856837083756851 ) ) ;
#4768 = CARTESIAN_POINT ( 'NONE',  ( 5.150000000000003020, -3.963704366711342963, 1.200000000000017941 ) ) ;
#4769 = ADVANCED_FACE ( 'NONE', ( #8163 ), #1475, .T. ) ;
#4770 = ORIENTED_EDGE ( 'NONE', *, *, #2303, .F. ) ;
#4771 = CARTESIAN_POINT ( 'NONE',  ( -3.628099703648321572, 2.077226904113146144, 1.989999999999999991 ) ) ;
#4772 = EDGE_LOOP ( 'NONE', ( #3974, #4495, #5119, #2711 ) ) ;
#4773 = ORIENTED_EDGE ( 'NONE', *, *, #1314, .T. ) ;
#4774 = AXIS2_PLACEMENT_3D ( 'NONE', #5716, #1791, #606 ) ;
#4775 = ORIENTED_EDGE ( 'NONE', *, *, #8240, .T. ) ;
#4776 = EDGE_CURVE ( 'NONE', #2328, #4371, #74, .T. ) ;
#4777 = CARTESIAN_POINT ( 'NONE',  ( 5.218707288899020469, 5.032652802726634178, 4.000000000000000000 ) ) ;
#4778 = VECTOR ( 'NONE', #7822, 1000.000000000000000 ) ;
#4779 = PLANE ( 'NONE',  #3723 ) ;
#4780 = CARTESIAN_POINT ( 'NONE',  ( -5.149999999999999467, -7.250000000000000000, 0.5000000000000000000 ) ) ;
#4781 = CARTESIAN_POINT ( 'NONE',  ( 5.270858399429700469, 6.281564433575838713, 4.000000000000000000 ) ) ;
#4782 = ORIENTED_EDGE ( 'NONE', *, *, #8125, .T. ) ;
#4783 = ORIENTED_EDGE ( 'NONE', *, *, #6580, .T. ) ;
#4784 =( NAMED_UNIT ( * ) PLANE_ANGLE_UNIT ( ) SI_UNIT ( $, .RADIAN. ) );
#4785 = CONICAL_SURFACE ( 'NONE', #6138, 6.999999999999999112, 0.7853981633974482790 ) ;
#4786 = ORIENTED_EDGE ( 'NONE', *, *, #7371, .T. ) ;
#4787 = CONICAL_SURFACE ( 'NONE', #6140, 7.000000000000000888, 0.7853981633974482790 ) ;
#4788 = FACE_OUTER_BOUND ( 'NONE', #4246, .T. ) ;
#4789 = CARTESIAN_POINT ( 'NONE',  ( 5.159999999999998366, -0.8000000000000042633, 0.5000000000000000000 ) ) ;
#4790 = AXIS2_PLACEMENT_3D ( 'NONE', #3137, #1834, #5030 ) ;
#4791 = ORIENTED_EDGE ( 'NONE', *, *, #6471, .T. ) ;
#4792 = FACE_OUTER_BOUND ( 'NONE', #6102, .T. ) ;
#4793 = DIRECTION ( 'NONE',  ( -0.7030231645967918164, -0.7111669494853597451, 0.0000000000000000000 ) ) ;
#4794 = EDGE_CURVE ( 'NONE', #3575, #4699, #6035, .T. ) ;
#4795 = CARTESIAN_POINT ( 'NONE',  ( 2.140208464995139170, 3.625026646932540064, 0.4299591213836871373 ) ) ;
#4796 = CARTESIAN_POINT ( 'NONE',  ( 4.499999999999998224, -7.250000000000000000, 0.5000000000000000000 ) ) ;
#4797 = CARTESIAN_POINT ( 'NONE',  ( -3.628058984723878666, 2.070155953542735183, 1.989999999999999991 ) ) ;
#4798 = CARTESIAN_POINT ( 'NONE',  ( 0.0000000000000000000, 0.0000000000000000000, 4.000000000000000000 ) ) ;
#4799 = ORIENTED_EDGE ( 'NONE', *, *, #4471, .T. ) ;
#4800 = DIRECTION ( 'NONE',  ( 1.224646799147353207E-16, 1.000000000000000000, 0.0000000000000000000 ) ) ;
#4801 = LINE ( 'NONE', #2915, #5536 ) ;
#4802 = UNCERTAINTY_MEASURE_WITH_UNIT (LENGTH_MEASURE( 1.000000000000000082E-05 ), #4100, 'distance_accuracy_value', 'NONE');
#4803 = CARTESIAN_POINT ( 'NONE',  ( -2.087791667227791415, 6.681401496262153294, 2.000000000000000000 ) ) ;
#4804 = EDGE_CURVE ( 'NONE', #2435, #4992, #7336, .T. ) ;
#4805 = CARTESIAN_POINT ( 'NONE',  ( -3.499999999999999556, -7.159999999999999254, 0.5000000000000000000 ) ) ;
#4806 = CARTESIAN_POINT ( 'NONE',  ( -0.6360803707498086101, -7.120840011426561311, 2.148851813950669598 ) ) ;
#4807 = ORIENTED_EDGE ( 'NONE', *, *, #7217, .F. ) ;
#4808 = VECTOR ( 'NONE', #757, 1000.000000000000000 ) ;
#4809 = ORIENTED_EDGE ( 'NONE', *, *, #1769, .F. ) ;
#4810 = AXIS2_PLACEMENT_3D ( 'NONE', #1295, #7331, #3298 ) ;
#4811 = CARTESIAN_POINT ( 'NONE',  ( -2.610419606786132718, 3.007125779369130836, 0.0000000000000000000 ) ) ;
#4812 = ORIENTED_EDGE ( 'NONE', *, *, #1290, .F. ) ;
#4813 = VERTEX_POINT ( 'NONE', #122 ) ;
#4814 = CARTESIAN_POINT ( 'NONE',  ( 4.499999999999998224, -7.259999999999998899, -0.005000000000000000104 ) ) ;
#4815 = MECHANICAL_DESIGN_GEOMETRIC_PRESENTATION_REPRESENTATION (  '', ( #7001 ), #5895 ) ;
#4816 = CARTESIAN_POINT ( 'NONE',  ( 2.536198336770763451, 3.210225366088509169, 0.9700000000000000844 ) ) ;
#4817 = CARTESIAN_POINT ( 'NONE',  ( 4.247056320801402052, -5.564396877285164855, 2.000000000000000000 ) ) ;
#4818 = ADVANCED_FACE ( 'NONE', ( #8038 ), #471, .T. ) ;
#4819 = ORIENTED_EDGE ( 'NONE', *, *, #7550, .T. ) ;
#4820 = LINE ( 'NONE', #6845, #4303 ) ;
#4821 = EDGE_LOOP ( 'NONE', ( #4731, #3611, #1445, #4267 ) ) ;
#4822 = EDGE_LOOP ( 'NONE', ( #5932, #1048, #6121, #2071, #2270, #6735, #8241, #1699 ) ) ;
#4823 = AXIS2_PLACEMENT_3D ( 'NONE', #2207, #6850, #5596 ) ;
#4824 = LINE ( 'NONE', #6800, #3894 ) ;
#4825 = CARTESIAN_POINT ( 'NONE',  ( -3.254999999999999005, -7.224999999999999645, 1.990000000000000435 ) ) ;
#4826 = CARTESIAN_POINT ( 'NONE',  ( -6.830159262260174557, 1.532620126502830527, 2.000000000000000000 ) ) ;
#4827 = CIRCLE ( 'NONE', #8405, 0.6750000000000002665 ) ;
#4828 = CARTESIAN_POINT ( 'NONE',  ( 3.250000000000002220, -7.260000000000001563, 1.200000000000000622 ) ) ;
#4829 = AXIS2_PLACEMENT_3D ( 'NONE', #4798, #7418, #1514 ) ;
#4830 = ADVANCED_FACE ( 'NONE', ( #6255 ), #1732, .T. ) ;
#4831 = DIRECTION ( 'NONE',  ( -0.0000000000000000000, -0.0000000000000000000, -1.000000000000000000 ) ) ;
#4832 = FACE_OUTER_BOUND ( 'NONE', #274, .T. ) ;
#4833 = ORIENTED_EDGE ( 'NONE', *, *, #5481, .T. ) ;
#4834 = VECTOR ( 'NONE', #4715, 1000.000000000000000 ) ;
#4835 = DIRECTION ( 'NONE',  ( 0.0000000000000000000, 1.000000000000000000, 0.0000000000000000000 ) ) ;
#4836 = FACE_OUTER_BOUND ( 'NONE', #249, .T. ) ;
#4837 = AXIS2_PLACEMENT_3D ( 'NONE', #3457, #6725, #7416 ) ;
#4838 = PLANE ( 'NONE',  #1986 ) ;
#4839 = DIRECTION ( 'NONE',  ( -0.7111669494853501972, 0.7030231645968014753, 0.0000000000000000000 ) ) ;
#4840 = VERTEX_POINT ( 'NONE', #5653 ) ;
#4841 = DIRECTION ( 'NONE',  ( 1.000000000000000000, 0.0000000000000000000, 0.0000000000000000000 ) ) ;
#4842 = CARTESIAN_POINT ( 'NONE',  ( -4.049976487848957696, 6.013334386833199652, 4.000000000000000000 ) ) ;
#4843 = CARTESIAN_POINT ( 'NONE',  ( -1.831216653747612222, -6.906343632111574316, 2.144131816092759379 ) ) ;
#4844 = ORIENTED_EDGE ( 'NONE', *, *, #2920, .F. ) ;
#4845 = DIRECTION ( 'NONE',  ( 1.000000000000000000, 0.0000000000000000000, 0.0000000000000000000 ) ) ;
#4846 = FACE_OUTER_BOUND ( 'NONE', #1407, .T. ) ;
#4847 = VECTOR ( 'NONE', #6041, 1000.000000000000000 ) ;
#4848 = CARTESIAN_POINT ( 'NONE',  ( 2.118873456510571796, 3.603935951994632347, 1.989999999999999547 ) ) ;
#4849 = CARTESIAN_POINT ( 'NONE',  ( -2.087791667227789194, 6.681401496262155071, 4.000000000000000000 ) ) ;
#4850 = FACE_OUTER_BOUND ( 'NONE', #4915, .T. ) ;
#4851 = CIRCLE ( 'NONE', #979, 6.999999999999995559 ) ;
#4852 = VERTEX_POINT ( 'NONE', #6301 ) ;
#4853 = PLANE ( 'NONE',  #2108 ) ;
#4854 = ORIENTED_EDGE ( 'NONE', *, *, #2866, .T. ) ;
#4855 = ORIENTED_EDGE ( 'NONE', *, *, #8126, .F. ) ;
#4856 = FILL_AREA_STYLE ('',( #6739 ) ) ;
#4857 = ORIENTED_EDGE ( 'NONE', *, *, #7677, .F. ) ;
#4858 = ADVANCED_FACE ( 'NONE', ( #8338 ), #4877, .T. ) ;
#4859 = EDGE_CURVE ( 'NONE', #7435, #5505, #170, .T. ) ;
#4860 = PLANE ( 'NONE',  #6941 ) ;
#4861 = LINE ( 'NONE', #7616, #5235 ) ;
#4862 = DIRECTION ( 'NONE',  ( -0.0000000000000000000, -0.0000000000000000000, -1.000000000000000000 ) ) ;
#4863 = CARTESIAN_POINT ( 'NONE',  ( -6.896677359547484620, 1.867291674076792196, 3.855868183907190883 ) ) ;
#4864 = ORIENTED_EDGE ( 'NONE', *, *, #5005, .F. ) ;
#4865 = DIRECTION ( 'NONE',  ( -0.0000000000000000000, -0.0000000000000000000, -1.000000000000000000 ) ) ;
#4866 = VERTEX_POINT ( 'NONE', #4466 ) ;
#4867 = ORIENTED_EDGE ( 'NONE', *, *, #3593, .T. ) ;
#4868 = VECTOR ( 'NONE', #8287, 1000.000000000000000 ) ;
#4869 = ORIENTED_EDGE ( 'NONE', *, *, #2190, .T. ) ;
#4870 = EDGE_CURVE ( 'NONE', #5991, #2979, #8419, .T. ) ;
#4871 = AXIS2_PLACEMENT_3D ( 'NONE', #2634, #2675, #5293 ) ;
#4872 = AXIS2_PLACEMENT_3D ( 'NONE', #7796, #1225, #3220 ) ;
#4873 = DIRECTION ( 'NONE',  ( 0.0000000000000000000, 1.000000000000000000, 0.0000000000000000000 ) ) ;
#4874 = LINE ( 'NONE', #4231, #6803 ) ;
#4875 = VERTEX_POINT ( 'NONE', #2569 ) ;
#4876 = VECTOR ( 'NONE', #4413, 1000.000000000000000 ) ;
#4877 = CONICAL_SURFACE ( 'NONE', #5011, 7.000000000000000000, 0.7853981633974466137 ) ;
#4878 = EDGE_CURVE ( 'NONE', #7744, #7393, #1904, .T. ) ;
#4879 = CARTESIAN_POINT ( 'NONE',  ( -4.500000000000000000, -7.259999999999998010, -0.005000000000000000104 ) ) ;
#4880 = LINE ( 'NONE', #2861, #7680 ) ;
#4881 = VECTOR ( 'NONE', #5341, 1000.000000000000000 ) ;
#4882 = DIRECTION ( 'NONE',  ( 1.000000000000000000, 0.0000000000000000000, 0.0000000000000000000 ) ) ;
#4883 = FILL_AREA_STYLE ('',( #810 ) ) ;
#4884 = ORIENTED_EDGE ( 'NONE', *, *, #1636, .F. ) ;
#4885 = CARTESIAN_POINT ( 'NONE',  ( -5.149999999999999467, -7.250000000000000000, 1.989999999999999991 ) ) ;
#4886 = CARTESIAN_POINT ( 'NONE',  ( 0.0000000000000000000, 0.0000000000000000000, 3.749999999999998224 ) ) ;
#4887 =( NAMED_UNIT ( * ) SI_UNIT ( $, .STERADIAN. ) SOLID_ANGLE_UNIT ( ) );
#4888 = ORIENTED_EDGE ( 'NONE', *, *, #2998, .T. ) ;
#4889 = ADVANCED_FACE ( 'NONE', ( #4792 ), #4102, .F. ) ;
#4890 = VECTOR ( 'NONE', #3053, 1000.000000000000000 ) ;
#4891 = DIRECTION ( 'NONE',  ( -0.0000000000000000000, -0.0000000000000000000, -1.000000000000000000 ) ) ;
#4892 = DIRECTION ( 'NONE',  ( -0.0000000000000000000, -0.0000000000000000000, -1.000000000000000000 ) ) ;
#4893 = VECTOR ( 'NONE', #1520, 1000.000000000000000 ) ;
#4894 = ORIENTED_EDGE ( 'NONE', *, *, #6738, .T. ) ;
#4895 = ORIENTED_EDGE ( 'NONE', *, *, #3607, .T. ) ;
#4896 = CARTESIAN_POINT ( 'NONE',  ( -5.160000000000006359, -5.900000000000000355, 3.520932934518919948E-17 ) ) ;
#4897 = EDGE_LOOP ( 'NONE', ( #1654, #6500, #3598, #7301, #1034 ) ) ;
#4898 = ORIENTED_EDGE ( 'NONE', *, *, #3891, .F. ) ;
#4899 = ORIENTED_EDGE ( 'NONE', *, *, #5556, .F. ) ;
#4900 = DIRECTION ( 'NONE',  ( -0.7111669494853619655, -0.7030231645967894849, 0.0000000000000000000 ) ) ;
#4901 = ADVANCED_FACE ( 'NONE', ( #1374 ), #319, .T. ) ;
#4902 = CARTESIAN_POINT ( 'NONE',  ( 2.674424632239814414, 3.070397864182843328, 0.4299591213836870818 ) ) ;
#4903 = CARTESIAN_POINT ( 'NONE',  ( -5.059999999999999609, -0.8000000000000030420, -0.005000000000000000104 ) ) ;
#4904 = LINE ( 'NONE', #1494, #7465 ) ;
#4905 = CARTESIAN_POINT ( 'NONE',  ( -1.678541033159453244, 3.850000000000000089, 1.989999999999999991 ) ) ;
#4906 = ORIENTED_EDGE ( 'NONE', *, *, #4405, .F. ) ;
#4907 = ORIENTED_EDGE ( 'NONE', *, *, #3875, .T. ) ;
#4908 = CARTESIAN_POINT ( 'NONE',  ( 7.232688584372536589, -0.5007153297904874956, 3.749999999999999112 ) ) ;
#4909 = ORIENTED_EDGE ( 'NONE', *, *, #7214, .F. ) ;
#4910 = VECTOR ( 'NONE', #4030, 1000.000000000000000 ) ;
#4911 = ADVANCED_FACE ( 'NONE', ( #5985 ), #8107, .F. ) ;
#4912 = DIRECTION ( 'NONE',  ( 0.0000000000000000000, -1.000000000000000000, 3.491481338843134144E-15 ) ) ;
#4913 = PRODUCT_CONTEXT ( 'NONE', #1943, 'mechanical' ) ;
#4914 = DIRECTION ( 'NONE',  ( 0.7111669494853501972, 0.7030231645968014753, -0.0000000000000000000 ) ) ;
#4915 = EDGE_LOOP ( 'NONE', ( #5606, #2964, #3512, #3583 ) ) ;
#4916 = EDGE_CURVE ( 'NONE', #4743, #5593, #732, .T. ) ;
#4917 = VECTOR ( 'NONE', #1116, 1000.000000000000000 ) ;
#4918 = EDGE_CURVE ( 'NONE', #903, #7402, #4503, .T. ) ;
#4919 = AXIS2_PLACEMENT_3D ( 'NONE', #1072, #8458, #4966 ) ;
#4920 = ORIENTED_EDGE ( 'NONE', *, *, #3481, .T. ) ;
#4921 = CARTESIAN_POINT ( 'NONE',  ( 7.232688584372496621, 0.5007153297910844625, 2.249999999999999556 ) ) ;
#4922 = DIRECTION ( 'NONE',  ( -0.7111669494853597451, 0.7030231645967918164, 0.0000000000000000000 ) ) ;
#4923 = ADVANCED_FACE ( 'NONE', ( #6765 ), #8027, .T. ) ;
#4924 = FACE_OUTER_BOUND ( 'NONE', #7982, .T. ) ;
#4925 = CARTESIAN_POINT ( 'NONE',  ( 5.862414508838521776, -4.265512410784851660, 3.750000000000001776 ) ) ;
#4926 = EDGE_LOOP ( 'NONE', ( #1927, #2161, #3602, #6232 ) ) ;
#4927 = DIRECTION ( 'NONE',  ( -1.000000000000000000, -0.0000000000000000000, 3.486881358747351719E-15 ) ) ;
#4928 = CARTESIAN_POINT ( 'NONE',  ( -2.695380892068486300, 6.460257103759258435, 4.000000000000000000 ) ) ;
#4929 = DIRECTION ( 'NONE',  ( 0.0000000000000000000, -1.000000000000000000, 0.0000000000000000000 ) ) ;
#4930 = VERTEX_POINT ( 'NONE', #804 ) ;
#4931 = DIRECTION ( 'NONE',  ( -2.168404344971043262E-14, -3.252606517456565051E-14, 1.000000000000000000 ) ) ;
#4932 = AXIS2_PLACEMENT_3D ( 'NONE', #7080, #6428, #6465 ) ;
#4933 = DIRECTION ( 'NONE',  ( 0.0000000000000000000, -1.000000000000000000, 0.0000000000000000000 ) ) ;
#4934 = LINE ( 'NONE', #7568, #544 ) ;
#4935 = EDGE_CURVE ( 'NONE', #7007, #1764, #6072, .T. ) ;
#4936 = CARTESIAN_POINT ( 'NONE',  ( -4.144300040442198352, -5.711087971298703714, 2.054262250779043786 ) ) ;
#4937 = VERTEX_POINT ( 'NONE', #5049 ) ;
#4938 = VERTEX_POINT ( 'NONE', #3622 ) ;
#4939 = LINE ( 'NONE', #342, #6507 ) ;
#4940 = ORIENTED_EDGE ( 'NONE', *, *, #5149, .T. ) ;
#4941 = DIRECTION ( 'NONE',  ( 0.0000000000000000000, 0.0000000000000000000, 1.000000000000000000 ) ) ;
#4942 = CARTESIAN_POINT ( 'NONE',  ( -5.150000000000000355, -4.724710424241401974, 1.988239158481577507 ) ) ;
#4943 = LINE ( 'NONE', #7578, #6095 ) ;
#4944 =( NAMED_UNIT ( * ) SI_UNIT ( $, .STERADIAN. ) SOLID_ANGLE_UNIT ( ) );
#4945 = ORIENTED_EDGE ( 'NONE', *, *, #7715, .F. ) ;
#4946 = DIRECTION ( 'NONE',  ( -0.0000000000000000000, -0.0000000000000000000, -1.000000000000000000 ) ) ;
#4947 = CARTESIAN_POINT ( 'NONE',  ( -2.118873456510573572, 3.603935951994632347, 1.999999999999999112 ) ) ;
#4948 = VERTEX_POINT ( 'NONE', #1597 ) ;
#4949 = VERTEX_POINT ( 'NONE', #2259 ) ;
#4950 = CARTESIAN_POINT ( 'NONE',  ( 7.025221500050288448, -0.7410826313113174635, 3.936143960793137442 ) ) ;
#4951 = ORIENTED_EDGE ( 'NONE', *, *, #3334, .T. ) ;
#4952 = VECTOR ( 'NONE', #8408, 1000.000000000000000 ) ;
#4953 = CIRCLE ( 'NONE', #4123, 7.000000000000002665 ) ;
#4954 = B_SPLINE_CURVE_WITH_KNOTS ( 'NONE', 3,
 ( #2962, #4159, #2357, #4976, #1690, #3516 ),
 .UNSPECIFIED., .F., .F.,
 ( 4, 2, 4 ),
 ( 0.0000000000000000000, 0.0002759767003080305751, 0.0005519534006160604998 ),
 .UNSPECIFIED. ) ;
#4955 = LINE ( 'NONE', #1672, #3845 ) ;
#4956 = AXIS2_PLACEMENT_3D ( 'NONE', #1154, #1228, #8404 ) ;
#4957 = CYLINDRICAL_SURFACE ( 'NONE', #7044, 1.249999999999999334 ) ;
#4958 = CARTESIAN_POINT ( 'NONE',  ( 0.0000000000000000000, 0.0000000000000000000, -0.005000000000000000104 ) ) ;
#4959 = ORIENTED_EDGE ( 'NONE', *, *, #3273, .T. ) ;
#4960 = DIRECTION ( 'NONE',  ( -0.0000000000000000000, -0.0000000000000000000, -1.000000000000000000 ) ) ;
#4961 = VECTOR ( 'NONE', #564, 1000.000000000000000 ) ;
#4962 = AXIS2_PLACEMENT_3D ( 'NONE', #1684, #4325, #7026 ) ;
#4963 = EDGE_CURVE ( 'NONE', #1983, #3218, #412, .T. ) ;
#4964 = ADVANCED_FACE ( 'NONE', ( #6332 ), #4363, .T. ) ;
#4965 = DIRECTION ( 'NONE',  ( 0.0000000000000000000, -1.000000000000000000, 0.0000000000000000000 ) ) ;
#4966 = DIRECTION ( 'NONE',  ( 0.0000000000000000000, 0.0000000000000000000, -1.000000000000000000 ) ) ;
#4967 = SURFACE_STYLE_FILL_AREA ( #3551 ) ;
#4968 = LINE ( 'NONE', #1120, #8006 ) ;
#4969 = CARTESIAN_POINT ( 'NONE',  ( 1.974999999999994538, -7.259999999999999787, -0.005000000000000000104 ) ) ;
#4970 = VECTOR ( 'NONE', #3380, 1000.000000000000114 ) ;
#4971 = SURFACE_STYLE_FILL_AREA ( #6208 ) ;
#4972 = EDGE_LOOP ( 'NONE', ( #8215, #1862, #4696, #5784, #4308, #222 ) ) ;
#4973 = ADVANCED_FACE ( 'NONE', ( #1115 ), #5001, .F. ) ;
#4974 = CARTESIAN_POINT ( 'NONE',  ( 3.644895844802440887, 2.086800009713893012, 1.989999999999999991 ) ) ;
#4975 = AXIS2_PLACEMENT_3D ( 'NONE', #3552, #206, #7515 ) ;
#4976 = CARTESIAN_POINT ( 'NONE',  ( 1.949740832128158852, 6.789804951449853299, 3.936143960793090368 ) ) ;
#4977 = B_SPLINE_CURVE_WITH_KNOTS ( 'NONE', 3,
 ( #2309, #1032, #5475, #327 ),
 .UNSPECIFIED., .F., .F.,
 ( 4, 4 ),
 ( 3.252606517456513302E-19, 0.0005511928767344598159 ),
 .UNSPECIFIED. ) ;
#4978 = LINE ( 'NONE', #1084, #5511 ) ;
#4979 = ORIENTED_EDGE ( 'NONE', *, *, #86, .T. ) ;
#4980 = CARTESIAN_POINT ( 'NONE',  ( 0.7628348534795985625, -7.209756097560911847, 2.249999999999996891 ) ) ;
#4981 = ORIENTED_EDGE ( 'NONE', *, *, #5398, .F. ) ;
#4982 = ORIENTED_EDGE ( 'NONE', *, *, #6323, .F. ) ;
#4983 = AXIS2_PLACEMENT_3D ( 'NONE', #966, #6672, #3415 ) ;
#4984 = VERTEX_POINT ( 'NONE', #6981 ) ;
#4985 = CARTESIAN_POINT ( 'NONE',  ( 0.0000000000000000000, 0.0000000000000000000, 2.000000000000000000 ) ) ;
#4986 =( LENGTH_UNIT ( ) NAMED_UNIT ( * ) SI_UNIT ( .MILLI., .METRE. ) );
#4987 = DIRECTION ( 'NONE',  ( 0.0000000000000000000, 1.000000000000000000, 1.355252715606880789E-16 ) ) ;
#4988 = VECTOR ( 'NONE', #5485, 1000.000000000000114 ) ;
#4989 = CARTESIAN_POINT ( 'NONE',  ( 7.101408311032906262, -4.099999999999703881, 2.000000000000000000 ) ) ;
#4990 = VERTEX_POINT ( 'NONE', #4319 ) ;
#4991 = CARTESIAN_POINT ( 'NONE',  ( 7.119408188706398022, -0.6041223719989122776, 2.144131816092658127 ) ) ;
#4992 = VERTEX_POINT ( 'NONE', #7592 ) ;
#4993 = ORIENTED_EDGE ( 'NONE', *, *, #5197, .F. ) ;
#4994 = FACE_OUTER_BOUND ( 'NONE', #2597, .T. ) ;
#4995 = ORIENTED_EDGE ( 'NONE', *, *, #3172, .T. ) ;
#4996 = VECTOR ( 'NONE', #3340, 1000.000000000000000 ) ;
#4997 = EDGE_CURVE ( 'NONE', #4875, #6438, #369, .T. ) ;
#4998 = PLANE ( 'NONE',  #3163 ) ;
#4999 = DIRECTION ( 'NONE',  ( 8.673617379884035472E-16, -1.000000000000000000, 0.0000000000000000000 ) ) ;
#5000 = ORIENTED_EDGE ( 'NONE', *, *, #6693, .F. ) ;
#5001 = PLANE ( 'NONE',  #4749 ) ;
#5002 = AXIS2_PLACEMENT_3D ( 'NONE', #5508, #8143, #5423 ) ;
#5003 = CARTESIAN_POINT ( 'NONE',  ( 0.9749999999999940936, -7.250000000000000000, 1.989999999999999991 ) ) ;
#5004 = FACE_OUTER_BOUND ( 'NONE', #7967, .T. ) ;
#5005 = EDGE_CURVE ( 'NONE', #1756, #4440, #4188, .T. ) ;
#5006 = DIRECTION ( 'NONE',  ( 2.602085213965210642E-15, 2.602085213965210642E-15, -1.000000000000000000 ) ) ;
#5007 = PLANE ( 'NONE',  #5521 ) ;
#5008 = VERTEX_POINT ( 'NONE', #3707 ) ;
#5009 = CIRCLE ( 'NONE', #6506, 0.7750000000000001332 ) ;
#5010 = CARTESIAN_POINT ( 'NONE',  ( 6.902204253982035631, -1.862937772094944266, 2.148851813950610978 ) ) ;
#5011 = AXIS2_PLACEMENT_3D ( 'NONE', #8291, #3720, #3082 ) ;
#5012 = CARTESIAN_POINT ( 'NONE',  ( 4.823284503247994515, 5.111030238693493821, 2.027052200441384233 ) ) ;
#5013 = CARTESIAN_POINT ( 'NONE',  ( -1.402282587635234279, 3.852739745222165002, 2.000000000000000000 ) ) ;
#5014 = ADVANCED_FACE ( 'NONE', ( #4409 ), #6200, .F. ) ;
#5015 = ORIENTED_EDGE ( 'NONE', *, *, #6528, .F. ) ;
#5016 = AXIS2_PLACEMENT_3D ( 'NONE', #5852, #7939, #4006 ) ;
#5017 = CARTESIAN_POINT ( 'NONE',  ( 0.4962985691816870770, -7.038851921396646283, 2.054262250778974064 ) ) ;
#5018 = DIRECTION ( 'NONE',  ( 0.0000000000000000000, -1.000000000000000000, 0.0000000000000000000 ) ) ;
#5019 = ADVANCED_FACE ( 'NONE', ( #3191 ), #1278, .T. ) ;
#5020 = DIRECTION ( 'NONE',  ( 1.000000000000000000, 0.0000000000000000000, 3.486881358747351719E-15 ) ) ;
#5021 = CARTESIAN_POINT ( 'NONE',  ( 0.0000000000000000000, 0.0000000000000000000, 4.000000000000000000 ) ) ;
#5022 = EDGE_CURVE ( 'NONE', #4938, #3333, #7723, .T. ) ;
#5023 = EDGE_CURVE ( 'NONE', #6330, #2376, #1853, .T. ) ;
#5024 = MECHANICAL_DESIGN_GEOMETRIC_PRESENTATION_REPRESENTATION (  '', ( #1852 ), #4337 ) ;
#5025 = ORIENTED_EDGE ( 'NONE', *, *, #6399, .F. ) ;
#5026 = ORIENTED_EDGE ( 'NONE', *, *, #4751, .F. ) ;
#5027 = LINE ( 'NONE', #3684, #2961 ) ;
#5028 = VERTEX_POINT ( 'NONE', #8539 ) ;
#5029 = DIRECTION ( 'NONE',  ( 1.000000000000000000, -1.084202172485510942E-15, 0.0000000000000000000 ) ) ;
#5030 = DIRECTION ( 'NONE',  ( 1.000000000000000000, 0.0000000000000000000, 0.0000000000000000000 ) ) ;
#5031 = AXIS2_PLACEMENT_3D ( 'NONE', #1345, #2146, #254 ) ;
#5032 = EDGE_CURVE ( 'NONE', #3810, #6711, #3113, .T. ) ;
#5033 = CARTESIAN_POINT ( 'NONE',  ( -2.115317621763147304, 3.600420836171648542, 2.000000000000000000 ) ) ;
#5034 =( NAMED_UNIT ( * ) PLANE_ANGLE_UNIT ( ) SI_UNIT ( $, .RADIAN. ) );
#5035 = CARTESIAN_POINT ( 'NONE',  ( 2.224999999999999645, -4.500000000000000000, 0.0000000000000000000 ) ) ;
#5036 = B_SPLINE_CURVE_WITH_KNOTS ( 'NONE', 3,
 ( #2143, #5447, #3463, #2828 ),
 .UNSPECIFIED., .F., .F.,
 ( 4, 4 ),
 ( 0.0000000000000000000, 0.0005511928767353714131 ),
 .UNSPECIFIED. ) ;
#5037 = ORIENTED_EDGE ( 'NONE', *, *, #6060, .T. ) ;
#5038 = CARTESIAN_POINT ( 'NONE',  ( -5.160000000000005471, -4.900000000000001243, -0.01000000000000000021 ) ) ;
#5039 = EDGE_LOOP ( 'NONE', ( #7498, #1838, #7287, #7253 ) ) ;
#5040 = EDGE_LOOP ( 'NONE', ( #2067, #912, #2733, #6641, #7121, #3628 ) ) ;
#5041 = FILL_AREA_STYLE ('',( #8314 ) ) ;
#5042 = ORIENTED_EDGE ( 'NONE', *, *, #6042, .T. ) ;
#5043 = DIRECTION ( 'NONE',  ( -0.0000000000000000000, -0.0000000000000000000, 1.000000000000000000 ) ) ;
#5044 = CARTESIAN_POINT ( 'NONE',  ( 5.060000000000000497, -4.388850394221322738E-15, 0.0000000000000000000 ) ) ;
#5045 = CARTESIAN_POINT ( 'NONE',  ( 0.0000000000000000000, 0.0000000000000000000, 2.249999999999999556 ) ) ;
#5046 = ORIENTED_EDGE ( 'NONE', *, *, #7564, .F. ) ;
#5047 = B_SPLINE_CURVE_WITH_KNOTS ( 'NONE', 3,
 ( #2217, #5567, #2346, #899, #5473, #7370 ),
 .UNSPECIFIED., .F., .F.,
 ( 4, 2, 4 ),
 ( 4.848699518061080308E-19, 0.0002759767003078330877, 0.0005519534006156656333 ),
 .UNSPECIFIED. ) ;
#5048 = ORIENTED_EDGE ( 'NONE', *, *, #7157, .T. ) ;
#5049 = CARTESIAN_POINT ( 'NONE',  ( -2.133096795500278642, 3.617996415286567125, 0.4299591213836871373 ) ) ;
#5050 = LINE ( 'NONE', #4456, #3408 ) ;
#5051 = PLANE ( 'NONE',  #762 ) ;
#5052 = VECTOR ( 'NONE', #2875, 1000.000000000000114 ) ;
#5053 = LINE ( 'NONE', #465, #5284 ) ;
#5054 = DIRECTION ( 'NONE',  ( -0.0000000000000000000, -0.0000000000000000000, -1.000000000000000000 ) ) ;
#5055 = DIRECTION ( 'NONE',  ( 0.0000000000000000000, 0.0000000000000000000, 1.000000000000000000 ) ) ;
#5056 = VERTEX_POINT ( 'NONE', #2519 ) ;
#5057 = EDGE_CURVE ( 'NONE', #237, #1352, #625, .T. ) ;
#5058 = CIRCLE ( 'NONE', #6418, 7.000000000000000000 ) ;
#5059 = DIRECTION ( 'NONE',  ( -0.0000000000000000000, -0.0000000000000000000, -1.000000000000000000 ) ) ;
#5060 = CARTESIAN_POINT ( 'NONE',  ( 2.695380892067786860, 6.460257103759558639, 4.000000000000000000 ) ) ;
#5061 = CARTESIAN_POINT ( 'NONE',  ( -5.150000000000006573, -5.900000000000001243, 0.1392243887514869605 ) ) ;
#5062 = CARTESIAN_POINT ( 'NONE',  ( 2.133096795500278642, 3.617996415286566680, 0.0000000000000000000 ) ) ;
#5063 =( NAMED_UNIT ( * ) SI_UNIT ( $, .STERADIAN. ) SOLID_ANGLE_UNIT ( ) );
#5064 = ORIENTED_EDGE ( 'NONE', *, *, #5149, .F. ) ;
#5065 = ORIENTED_EDGE ( 'NONE', *, *, #7376, .F. ) ;
#5066 = FACE_OUTER_BOUND ( 'NONE', #447, .T. ) ;
#5067 =( LENGTH_UNIT ( ) NAMED_UNIT ( * ) SI_UNIT ( .MILLI., .METRE. ) );
#5068 = EDGE_CURVE ( 'NONE', #5287, #4577, #252, .T. ) ;
#5069 = CARTESIAN_POINT ( 'NONE',  ( -3.499999999999999556, -7.159999999999999254, -0.005000000000000000104 ) ) ;
#5070 = EDGE_CURVE ( 'NONE', #5135, #1078, #7915, .T. ) ;
#5071 = EDGE_CURVE ( 'NONE', #1741, #5337, #6492, .T. ) ;
#5072 = CARTESIAN_POINT ( 'NONE',  ( 2.610419606786133606, 3.007125779369130392, 0.0000000000000000000 ) ) ;
#5073 = PLANE ( 'NONE',  #3489 ) ;
#5074 = PLANE ( 'NONE',  #1814 ) ;
#5075 = ORIENTED_EDGE ( 'NONE', *, *, #7188, .F. ) ;
#5076 = LINE ( 'NONE', #7048, #7473 ) ;
#5077 = ORIENTED_EDGE ( 'NONE', *, *, #2019, .F. ) ;
#5078 = ORIENTED_EDGE ( 'NONE', *, *, #5758, .T. ) ;
#5079 = CARTESIAN_POINT ( 'NONE',  ( 5.218707288899438801, -5.032652802726199859, 3.750000000000001776 ) ) ;
#5080 = EDGE_LOOP ( 'NONE', ( #8096, #2723, #2864, #302, #1177, #5539, #2454, #2453 ) ) ;
#5081 = DIRECTION ( 'NONE',  ( -0.0000000000000000000, -0.0000000000000000000, -1.000000000000000000 ) ) ;
#5082 = APPLICATION_CONTEXT ( 'automotive_design' ) ;
#5083 = DIRECTION ( 'NONE',  ( 1.196361017915039486E-16, -1.000000000000000000, 0.0000000000000000000 ) ) ;
#5084 = DIRECTION ( 'NONE',  ( -0.0000000000000000000, -1.000000000000000000, -0.0000000000000000000 ) ) ;
#5085 = EDGE_LOOP ( 'NONE', ( #8442, #4542, #6260, #6548, #1213, #2559, #4496, #2844, #7060, #7836, #7835, #1572, #1455, #8525, #6103, #3801, #1590, #4429, #217, #2670, #740, #1226, #2484, #4909, #4898, #4740, #1006, #2508, #780, #6621, #2467, #316, #1982, #7447, #2869, #2764, #612, #3007, #7223, #5660, #1773, #821, #6699, #378, #4981, #6978, #7621, #3142, #5212, #3020, #881, #244, #5471, #2970, #1474, #5933 ) ) ;
#5086 =( GEOMETRIC_REPRESENTATION_CONTEXT ( 3 ) GLOBAL_UNCERTAINTY_ASSIGNED_CONTEXT ( ( #7646 ) ) GLOBAL_UNIT_ASSIGNED_CONTEXT ( ( #5990, #7991, #4718 ) ) REPRESENTATION_CONTEXT ( 'NONE', 'WORKASPACE' ) );
#5087 = AXIS2_PLACEMENT_3D ( 'NONE', #1781, #1737, #4381 ) ;
#5088 = ORIENTED_EDGE ( 'NONE', *, *, #8343, .T. ) ;
#5089 = CARTESIAN_POINT ( 'NONE',  ( 6.902204253981880200, 1.862937772095515365, 3.851148186049391686 ) ) ;
#5090 = EDGE_CURVE ( 'NONE', #3018, #8491, #5465, .T. ) ;
#5091 = CARTESIAN_POINT ( 'NONE',  ( -4.200000000000000178, -2.746326856491206225E-14, 2.000000000000000000 ) ) ;
#5092 = CIRCLE ( 'NONE', #7277, 1.250000000000000222 ) ;
#5093 = DIRECTION ( 'NONE',  ( -1.000000000000000000, 0.0000000000000000000, 0.0000000000000000000 ) ) ;
#5094 = DIRECTION ( 'NONE',  ( 2.197613586736894316E-31, 1.000000000000000000, -3.293778751854695487E-15 ) ) ;
#5095 = LINE ( 'NONE', #6420, #4439 ) ;
#5096 = ORIENTED_EDGE ( 'NONE', *, *, #2631, .T. ) ;
#5097 = CARTESIAN_POINT ( 'NONE',  ( -5.150000000000006573, -4.900000000000001243, 0.1392243887514867662 ) ) ;
#5098 = DIRECTION ( 'NONE',  ( -0.0000000000000000000, -0.0000000000000000000, 1.000000000000000000 ) ) ;
#5099 = ORIENTED_EDGE ( 'NONE', *, *, #4519, .F. ) ;
#5100 = VECTOR ( 'NONE', #7166, 1000.000000000000114 ) ;
#5101 = EDGE_CURVE ( 'NONE', #228, #3792, #4700, .T. ) ;
#5102 = FACE_OUTER_BOUND ( 'NONE', #7150, .T. ) ;
#5103 = CARTESIAN_POINT ( 'NONE',  ( 2.087791667228449999, 6.681401496261951678, 4.000000000000000000 ) ) ;
#5104 = AXIS2_PLACEMENT_3D ( 'NONE', #7429, #867, #6129 ) ;
#5105 = DIRECTION ( 'NONE',  ( 0.7030231645967893739, 0.7111669494853621876, -3.745981415889632288E-16 ) ) ;
#5106 = VECTOR ( 'NONE', #4057, 1000.000000000000000 ) ;
#5107 = CARTESIAN_POINT ( 'NONE',  ( 5.059999999999999609, -0.8000000000000042633, -0.005000000000000000104 ) ) ;
#5108 = LINE ( 'NONE', #1827, #5809 ) ;
#5109 = ORIENTED_EDGE ( 'NONE', *, *, #7914, .F. ) ;
#5110 = CARTESIAN_POINT ( 'NONE',  ( 0.0000000000000000000, 0.0000000000000000000, 0.0000000000000000000 ) ) ;
#5111 = PRESENTATION_LAYER_ASSIGNMENT (  '', '', ( #3735 ) ) ;
#5112 = DIRECTION ( 'NONE',  ( -1.196361017915039486E-16, 1.000000000000000000, 0.0000000000000000000 ) ) ;
#5113 = CARTESIAN_POINT ( 'NONE',  ( -2.999999999999999556, -4.500000000000000000, -0.4000000000000000222 ) ) ;
#5114 = DIRECTION ( 'NONE',  ( -1.000000000000000000, 0.0000000000000000000, 0.0000000000000000000 ) ) ;
#5115 = DIRECTION ( 'NONE',  ( -0.0000000000000000000, -0.0000000000000000000, -1.000000000000000000 ) ) ;
#5116 = B_SPLINE_CURVE_WITH_KNOTS ( 'NONE', 3,
 ( #5573, #7690, #7561, #8160, #5012, #423 ),
 .UNSPECIFIED., .F., .F.,
 ( 4, 2, 4 ),
 ( 0.0000000000000000000, 0.0002759767003081116193, 0.0005519534006162232385 ),
 .UNSPECIFIED. ) ;
#5117 = DIRECTION ( 'NONE',  ( -0.0000000000000000000, -0.0000000000000000000, -1.000000000000000000 ) ) ;
#5118 = AXIS2_PLACEMENT_3D ( 'NONE', #3848, #8517, #6468 ) ;
#5119 = ORIENTED_EDGE ( 'NONE', *, *, #1647, .T. ) ;
#5120 = DIRECTION ( 'NONE',  ( -1.000000000000000000, 0.0000000000000000000, 0.0000000000000000000 ) ) ;
#5121 = DIRECTION ( 'NONE',  ( -0.0000000000000000000, -0.0000000000000000000, 1.000000000000000000 ) ) ;
#5122 = VERTEX_POINT ( 'NONE', #2766 ) ;
#5123 = ORIENTED_EDGE ( 'NONE', *, *, #8178, .T. ) ;
#5124 = CARTESIAN_POINT ( 'NONE',  ( 7.250000000000000888, 0.0000000000000000000, 2.249999999999999556 ) ) ;
#5125 = ORIENTED_EDGE ( 'NONE', *, *, #4554, .T. ) ;
#5126 = ADVANCED_FACE ( 'NONE', ( #1457 ), #796, .F. ) ;
#5127 = EDGE_CURVE ( 'NONE', #7139, #6653, #666, .T. ) ;
#5128 = VECTOR ( 'NONE', #1477, 1000.000000000000000 ) ;
#5129 = DIRECTION ( 'NONE',  ( 1.000000000000000000, 0.0000000000000000000, 0.0000000000000000000 ) ) ;
#5130 = ADVANCED_FACE ( 'NONE', ( #5977 ), #6757, .T. ) ;
#5131 = LINE ( 'NONE', #7718, #4025 ) ;
#5132 = CARTESIAN_POINT ( 'NONE',  ( -2.804565175269823740, -7.705479490444564483, 4.000000000000000000 ) ) ;
#5133 = ORIENTED_EDGE ( 'NONE', *, *, #3601, .F. ) ;
#5134 = AXIS2_PLACEMENT_3D ( 'NONE', #5825, #1176, #3165 ) ;
#5135 = VERTEX_POINT ( 'NONE', #2072 ) ;
#5136 = EDGE_CURVE ( 'NONE', #3531, #3615, #2204, .T. ) ;
#5137 = LINE ( 'NONE', #7683, #760 ) ;
#5138 = VECTOR ( 'NONE', #7571, 1000.000000000000000 ) ;
#5139 = CARTESIAN_POINT ( 'NONE',  ( -3.239221501367553380, 2.499058416603147759, 0.9699999999999999734 ) ) ;
#5140 = LINE ( 'NONE', #1239, #6101 ) ;
#5141 = LINE ( 'NONE', #6380, #7733 ) ;
#5142 = ORIENTED_EDGE ( 'NONE', *, *, #5544, .T. ) ;
#5143 = FACE_OUTER_BOUND ( 'NONE', #6502, .T. ) ;
#5144 = DIRECTION ( 'NONE',  ( 1.000000000000000000, 0.0000000000000000000, 0.0000000000000000000 ) ) ;
#5145 = PRESENTATION_STYLE_ASSIGNMENT (( #3126 ) ) ;
#5146 = AXIS2_PLACEMENT_3D ( 'NONE', #1163, #3030, #548 ) ;
#5147 = AXIS2_PLACEMENT_3D ( 'NONE', #5592, #5554, #317 ) ;
#5148 = CARTESIAN_POINT ( 'NONE',  ( -2.133096795500280862, 3.617996415286567569, 1.969999999999999085 ) ) ;
#5149 = EDGE_CURVE ( 'NONE', #5502, #743, #4096, .T. ) ;
#5150 = VERTEX_POINT ( 'NONE', #8101 ) ;
#5151 = AXIS2_PLACEMENT_3D ( 'NONE', #2717, #2155, #4693 ) ;
#5152 = FACE_OUTER_BOUND ( 'NONE', #3621, .T. ) ;
#5153 = VECTOR ( 'NONE', #8301, 1000.000000000000000 ) ;
#5154 = CARTESIAN_POINT ( 'NONE',  ( 5.160000000000002807, -4.724710424241401974, 0.9882391584815776175 ) ) ;
#5155 = DIRECTION ( 'NONE',  ( -0.0000000000000000000, -0.0000000000000000000, -1.000000000000000000 ) ) ;
#5156 = DIRECTION ( 'NONE',  ( 0.0000000000000000000, 0.0000000000000000000, 1.000000000000000000 ) ) ;
#5157 = CARTESIAN_POINT ( 'NONE',  ( 5.129999999999998117, -1.138921523207230957E-16, 2.000000000000000000 ) ) ;
#5158 = MECHANICAL_DESIGN_GEOMETRIC_PRESENTATION_REPRESENTATION (  '', ( #7353 ), #8467 ) ;
#5159 = CARTESIAN_POINT ( 'NONE',  ( -4.049976487848458540, -6.013334386833537160, 2.249999999999999556 ) ) ;
#5160 = VECTOR ( 'NONE', #6291, 1000.000000000000000 ) ;
#5161 = VERTEX_POINT ( 'NONE', #4002 ) ;
#5162 = CARTESIAN_POINT ( 'NONE',  ( -4.247056320799970308, 5.564396877286251986, 4.000000000000000000 ) ) ;
#5163 = EDGE_LOOP ( 'NONE', ( #846, #6321, #1617, #6479 ) ) ;
#5164 = ORIENTED_EDGE ( 'NONE', *, *, #6071, .F. ) ;
#5165 = CARTESIAN_POINT ( 'NONE',  ( 3.499999999999996891, -7.250000000000000000, 0.5000000000000000000 ) ) ;
#5166 = ORIENTED_EDGE ( 'NONE', *, *, #3855, .T. ) ;
#5167 = CARTESIAN_POINT ( 'NONE',  ( 0.4095433811308685224, -7.015623829645088350, 3.972947799558573134 ) ) ;
#5168 = DIRECTION ( 'NONE',  ( 0.7111669494853501972, 0.7030231645968014753, -0.0000000000000000000 ) ) ;
#5169 = DIRECTION ( 'NONE',  ( -0.0000000000000000000, -3.293778751854695487E-15, -1.000000000000000000 ) ) ;
#5170 = EDGE_LOOP ( 'NONE', ( #7563, #2068, #5166, #7803, #4375 ) ) ;
#5171 = VERTEX_POINT ( 'NONE', #7452 ) ;
#5172 = ORIENTED_EDGE ( 'NONE', *, *, #4918, .T. ) ;
#5173 = EDGE_CURVE ( 'NONE', #5652, #854, #4135, .T. ) ;
#5174 = SURFACE_STYLE_USAGE ( .BOTH. , #8496 ) ;
#5175 = PLANE ( 'NONE',  #360 ) ;
#5176 = ADVANCED_FACE ( 'NONE', ( #4788 ), #13, .T. ) ;
#5177 = EDGE_CURVE ( 'NONE', #8570, #946, #2806, .T. ) ;
#5178 = DIRECTION ( 'NONE',  ( 1.000000000000000000, 0.0000000000000000000, 0.0000000000000000000 ) ) ;
#5179 = CARTESIAN_POINT ( 'NONE',  ( 6.484868531554913496, 3.009558245795340259, 2.148851813950618084 ) ) ;
#5180 = ORIENTED_EDGE ( 'NONE', *, *, #5265, .T. ) ;
#5181 = CARTESIAN_POINT ( 'NONE',  ( 0.0000000000000000000, 0.0000000000000000000, 3.700000000000000178 ) ) ;
#5182 = AXIS2_PLACEMENT_3D ( 'NONE', #6960, #1053, #8146 ) ;
#5183 = ORIENTED_EDGE ( 'NONE', *, *, #6856, .T. ) ;
#5184 = DIRECTION ( 'NONE',  ( 1.000000000000000000, 0.0000000000000000000, 3.486881358747351719E-15 ) ) ;
#5185 = AXIS2_PLACEMENT_3D ( 'NONE', #6038, #5321, #2050 ) ;
#5186 = CARTESIAN_POINT ( 'NONE',  ( 3.182712096523296452, 6.514049716623620867, 3.749999999999994671 ) ) ;
#5187 = ADVANCED_FACE ( 'NONE', ( #1408 ), #706, .T. ) ;
#5188 = PLANE ( 'NONE',  #680 ) ;
#5189 = CARTESIAN_POINT ( 'NONE',  ( -3.644895844802441776, 2.086800009713892567, 1.989999999999999991 ) ) ;
#5190 = AXIS2_PLACEMENT_3D ( 'NONE', #982, #3624, #3708 ) ;
#5191 = CARTESIAN_POINT ( 'NONE',  ( 3.108106875393359836, 2.645916150154785207, -0.01000000000000000021 ) ) ;
#5192 = VERTEX_POINT ( 'NONE', #7747 ) ;
#5193 = VECTOR ( 'NONE', #7904, 1000.000000000000114 ) ;
#5194 = CARTESIAN_POINT ( 'NONE',  ( 4.247056320800951745, 5.564396877285500587, 4.000000000000000000 ) ) ;
#5195 = FILL_AREA_STYLE ('',( #1875 ) ) ;
#5196 = CARTESIAN_POINT ( 'NONE',  ( 0.0000000000000000000, 0.0000000000000000000, 4.000000000000000000 ) ) ;
#5197 = EDGE_CURVE ( 'NONE', #3727, #4059, #6108, .T. ) ;
#5198 = AXIS2_PLACEMENT_3D ( 'NONE', #6582, #8499, #7187 ) ;
#5199 = CARTESIAN_POINT ( 'NONE',  ( 5.160000000000005471, -4.900000000000001243, -0.01000000000000000021 ) ) ;
#5200 = CIRCLE ( 'NONE', #5182, 3.799999999999999822 ) ;
#5201 = CARTESIAN_POINT ( 'NONE',  ( 5.851408311032559872, 4.100000000000300737, 2.144856837083815915 ) ) ;
#5202 = ORIENTED_EDGE ( 'NONE', *, *, #3273, .F. ) ;
#5203 = VERTEX_POINT ( 'NONE', #1136 ) ;
#5204 = VERTEX_POINT ( 'NONE', #3775 ) ;
#5205 = LINE ( 'NONE', #5837, #5818 ) ;
#5206 = ORIENTED_EDGE ( 'NONE', *, *, #6632, .F. ) ;
#5207 = DIRECTION ( 'NONE',  ( -0.0000000000000000000, -0.0000000000000000000, -1.000000000000000000 ) ) ;
#5208 = LINE ( 'NONE', #8446, #2265 ) ;
#5209 = ORIENTED_EDGE ( 'NONE', *, *, #1107, .T. ) ;
#5210 = EDGE_LOOP ( 'NONE', ( #8538, #3062, #6349, #4488 ) ) ;
#5211 = ORIENTED_EDGE ( 'NONE', *, *, #4663, .F. ) ;
#5212 = ORIENTED_EDGE ( 'NONE', *, *, #3504, .F. ) ;
#5213 = CARTESIAN_POINT ( 'NONE',  ( -5.862414508837596294, -4.265512410786125308, 3.750000000000000000 ) ) ;
#5214 = CARTESIAN_POINT ( 'NONE',  ( 2.674424632239807753, 3.070397864182836667, 0.4299591213836871373 ) ) ;
#5215 = PLANE ( 'NONE',  #3225 ) ;
#5216 = CARTESIAN_POINT ( 'NONE',  ( 0.0000000000000000000, 0.0000000000000000000, 2.250000000000002665 ) ) ;
#5217 = LINE ( 'NONE', #3972, #6074 ) ;
#5218 = EDGE_CURVE ( 'NONE', #2029, #2376, #4611, .T. ) ;
#5219 = ORIENTED_EDGE ( 'NONE', *, *, #6642, .F. ) ;
#5220 = ORIENTED_EDGE ( 'NONE', *, *, #5544, .F. ) ;
#5221 = ADVANCED_FACE ( 'NONE', ( #7612 ), #8350, .F. ) ;
#5222 = EDGE_CURVE ( 'NONE', #5502, #8257, #6398, .T. ) ;
#5223 = VECTOR ( 'NONE', #5121, 1000.000000000000000 ) ;
#5224 = CYLINDRICAL_SURFACE ( 'NONE', #322, 1.249999999999994227 ) ;
#5225 = DIRECTION ( 'NONE',  ( 1.000000000000000000, 8.673617379884163268E-15, 0.0000000000000000000 ) ) ;
#5226 = DIRECTION ( 'NONE',  ( 1.000000000000000000, 0.0000000000000000000, 0.0000000000000000000 ) ) ;
#5227 = CARTESIAN_POINT ( 'NONE',  ( 7.232688584372536589, -0.5007153297904874956, 2.249999999999999556 ) ) ;
#5228 = EDGE_CURVE ( 'NONE', #6788, #4583, #4477, .T. ) ;
#5229 = VECTOR ( 'NONE', #3716, 1000.000000000000000 ) ;
#5230 = FACE_OUTER_BOUND ( 'NONE', #5375, .T. ) ;
#5231 = ORIENTED_EDGE ( 'NONE', *, *, #2315, .T. ) ;
#5232 = EDGE_CURVE ( 'NONE', #2935, #914, #6309, .T. ) ;
#5233 = FACE_OUTER_BOUND ( 'NONE', #6924, .T. ) ;
#5234 = LINE ( 'NONE', #5994, #3384 ) ;
#5235 = VECTOR ( 'NONE', #6747, 1000.000000000000000 ) ;
#5236 = AXIS2_PLACEMENT_3D ( 'NONE', #2909, #2266, #2956 ) ;
#5237 = DIRECTION ( 'NONE',  ( 0.0000000000000000000, 0.0000000000000000000, 1.000000000000000000 ) ) ;
#5238 = CARTESIAN_POINT ( 'NONE',  ( -4.049976487848957696, 6.013334386833199652, 2.249999999999997780 ) ) ;
#5239 = ORIENTED_EDGE ( 'NONE', *, *, #2154, .T. ) ;
#5240 = ORIENTED_EDGE ( 'NONE', *, *, #2506, .F. ) ;
#5241 = EDGE_LOOP ( 'NONE', ( #6421, #6104, #4038, #3470 ) ) ;
#5242 = CIRCLE ( 'NONE', #3590, 0.03000000000000019665 ) ;
#5243 = DIRECTION ( 'NONE',  ( -0.0000000000000000000, -0.0000000000000000000, 1.000000000000000000 ) ) ;
#5244 = ORIENTED_EDGE ( 'NONE', *, *, #3172, .F. ) ;
#5245 = CARTESIAN_POINT ( 'NONE',  ( -5.160000000000005471, -4.900000000000001243, 0.1392243887514867939 ) ) ;
#5246 = DIRECTION ( 'NONE',  ( -2.172311548719345624E-29, -1.000000000000000000, -6.229955439320540691E-15 ) ) ;
#5247 = ORIENTED_EDGE ( 'NONE', *, *, #1290, .T. ) ;
#5248 = ORIENTED_EDGE ( 'NONE', *, *, #5645, .T. ) ;
#5249 = VERTEX_POINT ( 'NONE', #482 ) ;
#5250 = VERTEX_POINT ( 'NONE', #3135 ) ;
#5251 =( GEOMETRIC_REPRESENTATION_CONTEXT ( 3 ) GLOBAL_UNCERTAINTY_ASSIGNED_CONTEXT ( ( #1171 ) ) GLOBAL_UNIT_ASSIGNED_CONTEXT ( ( #7169, #3098, #2582 ) ) REPRESENTATION_CONTEXT ( 'NONE', 'WORKASPACE' ) );
#5252 =( LENGTH_UNIT ( ) NAMED_UNIT ( * ) SI_UNIT ( .MILLI., .METRE. ) );
#5253 = LINE ( 'NONE', #669, #7684 ) ;
#5254 = CIRCLE ( 'NONE', #6355, 1.250000000000001998 ) ;
#5255 = DIRECTION ( 'NONE',  ( 0.0000000000000000000, 0.0000000000000000000, 1.000000000000000000 ) ) ;
#5256 = CARTESIAN_POINT ( 'NONE',  ( 6.554487537761160887, 2.973396783846758318, 2.197175046756782546 ) ) ;
#5257 = DIRECTION ( 'NONE',  ( 0.7030231645967897069, -0.7111669494853619655, -2.119082224426682092E-17 ) ) ;
#5258 = DIRECTION ( 'NONE',  ( 0.0000000000000000000, 0.0000000000000000000, -1.000000000000000000 ) ) ;
#5259 = EDGE_LOOP ( 'NONE', ( #3799, #4649, #4556, #1884 ) ) ;
#5260 = AXIS2_PLACEMENT_3D ( 'NONE', #5659, #8344, #298 ) ;
#5261 = DIRECTION ( 'NONE',  ( -1.000000000000000000, 0.0000000000000000000, 0.0000000000000000000 ) ) ;
#5262 = EDGE_CURVE ( 'NONE', #1996, #1484, #1008, .T. ) ;
#5263 = CARTESIAN_POINT ( 'NONE',  ( 0.0000000000000000000, 0.0000000000000000000, -0.01000000000000000021 ) ) ;
#5264 = FACE_OUTER_BOUND ( 'NONE', #5477, .T. ) ;
#5265 = EDGE_CURVE ( 'NONE', #2328, #3101, #7085, .T. ) ;
#5266 = FACE_OUTER_BOUND ( 'NONE', #6488, .T. ) ;
#5267 = VECTOR ( 'NONE', #5054, 1000.000000000000000 ) ;
#5268 = FACE_OUTER_BOUND ( 'NONE', #409, .T. ) ;
#5269 = DIRECTION ( 'NONE',  ( 1.000000000000000000, 0.0000000000000000000, 0.0000000000000000000 ) ) ;
#5270 = ORIENTED_EDGE ( 'NONE', *, *, #2747, .F. ) ;
#5271 = CARTESIAN_POINT ( 'NONE',  ( -5.160000000000001918, -6.324710424241401618, 0.9882391584815773955 ) ) ;
#5272 =( NAMED_UNIT ( * ) PLANE_ANGLE_UNIT ( ) SI_UNIT ( $, .RADIAN. ) );
#5273 = AXIS2_PLACEMENT_3D ( 'NONE', #6574, #7305, #2023 ) ;
#5274 = DIRECTION ( 'NONE',  ( -0.7111669494853500861, 0.7030231645968015863, 0.0000000000000000000 ) ) ;
#5275 = EDGE_CURVE ( 'NONE', #5287, #6783, #6802, .T. ) ;
#5276 = VECTOR ( 'NONE', #7006, 1000.000000000000000 ) ;
#5277 = CARTESIAN_POINT ( 'NONE',  ( -0.7628348534790005964, 7.209756097560974908, 2.250000000000001776 ) ) ;
#5278 = DIRECTION ( 'NONE',  ( -1.224646799147563241E-16, -1.000000000000000000, 0.0000000000000000000 ) ) ;
#5279 = ADVANCED_FACE ( 'NONE', ( #5152 ), #2808, .T. ) ;
#5280 = EDGE_CURVE ( 'NONE', #8366, #7409, #19, .T. ) ;
#5281 = ADVANCED_FACE ( 'NONE', ( #4182 ), #6266, .F. ) ;
#5282 = CARTESIAN_POINT ( 'NONE',  ( 4.742367595031685923, 5.148781369760554227, 4.000000000000000000 ) ) ;
#5283 = VERTEX_POINT ( 'NONE', #2368 ) ;
#5284 = VECTOR ( 'NONE', #3197, 1000.000000000000000 ) ;
#5285 = ORIENTED_EDGE ( 'NONE', *, *, #8078, .F. ) ;
#5286 = AXIS2_PLACEMENT_3D ( 'NONE', #7523, #3386, #5992 ) ;
#5287 = VERTEX_POINT ( 'NONE', #1703 ) ;
#5288 = SURFACE_STYLE_FILL_AREA ( #1490 ) ;
#5289 = EDGE_CURVE ( 'NONE', #1273, #3654, #2429, .T. ) ;
#5290 = AXIS2_PLACEMENT_3D ( 'NONE', #5386, #2121, #1327 ) ;
#5291 = VECTOR ( 'NONE', #6999, 1000.000000000000000 ) ;
#5292 = CARTESIAN_POINT ( 'NONE',  ( -2.115317621763147304, 3.600420836171648542, 1.989999999999999991 ) ) ;
#5293 = DIRECTION ( 'NONE',  ( -0.0000000000000000000, 0.0000000000000000000, 1.000000000000000000 ) ) ;
#5294 = EDGE_CURVE ( 'NONE', #1616, #44, #5208, .T. ) ;
#5295 = ORIENTED_EDGE ( 'NONE', *, *, #5265, .F. ) ;
#5296 = ORIENTED_EDGE ( 'NONE', *, *, #4203, .T. ) ;
#5297 = ORIENTED_EDGE ( 'NONE', *, *, #2212, .T. ) ;
#5298 = CARTESIAN_POINT ( 'NONE',  ( -5.159999999999998366, -0.8000000000000029310, -0.005000000000000000104 ) ) ;
#5299 = ORIENTED_EDGE ( 'NONE', *, *, #7454, .F. ) ;
#5300 = PRESENTATION_LAYER_ASSIGNMENT (  '', '', ( #7353 ) ) ;
#5301 = DIRECTION ( 'NONE',  ( -0.0000000000000000000, -1.000000000000000000, -1.405447260629361553E-16 ) ) ;
#5302 =( NAMED_UNIT ( * ) SI_UNIT ( $, .STERADIAN. ) SOLID_ANGLE_UNIT ( ) );
#5303 = CARTESIAN_POINT ( 'NONE',  ( -6.942437212868769691, 0.8958602264722247410, 2.000000000000000000 ) ) ;
#5304 = EDGE_CURVE ( 'NONE', #6664, #259, #3317, .T. ) ;
#5305 = LINE ( 'NONE', #3370, #1285 ) ;
#5306 = DIRECTION ( 'NONE',  ( 1.000000000000000000, 0.0000000000000000000, 0.0000000000000000000 ) ) ;
#5307 = DIRECTION ( 'NONE',  ( 1.000000000000000000, 0.0000000000000000000, 0.0000000000000000000 ) ) ;
#5308 = LINE ( 'NONE', #17, #954 ) ;
#5309 = ORIENTED_EDGE ( 'NONE', *, *, #6948, .F. ) ;
#5310 = EDGE_LOOP ( 'NONE', ( #4160, #2748, #4864, #8162 ) ) ;
#5311 = DIRECTION ( 'NONE',  ( 0.0000000000000000000, -1.000000000000000000, 0.0000000000000000000 ) ) ;
#5312 = CARTESIAN_POINT ( 'NONE',  ( 2.115317621763145084, 3.600420836171648542, 2.000000000000000000 ) ) ;
#5313 = DIRECTION ( 'NONE',  ( 1.000000000000000000, 0.0000000000000000000, 0.0000000000000000000 ) ) ;
#5314 = CARTESIAN_POINT ( 'NONE',  ( 5.153818755170745725, -6.324710424241401618, 1.988239158481577507 ) ) ;
#5315 = SURFACE_STYLE_USAGE ( .BOTH. , #556 ) ;
#5316 = PLANE ( 'NONE',  #5902 ) ;
#5317 = ORIENTED_EDGE ( 'NONE', *, *, #3920, .T. ) ;
#5318 = LINE ( 'NONE', #7955, #4604 ) ;
#5319 = VECTOR ( 'NONE', #3128, 1000.000000000000000 ) ;
#5320 = FACE_OUTER_BOUND ( 'NONE', #696, .T. ) ;
#5321 = DIRECTION ( 'NONE',  ( -0.0000000000000000000, -0.0000000000000000000, -1.000000000000000000 ) ) ;
#5322 = AXIS2_PLACEMENT_3D ( 'NONE', #1998, #7821, #1909 ) ;
#5323 = LINE ( 'NONE', #8000, #3464 ) ;
#5324 = MECHANICAL_DESIGN_GEOMETRIC_PRESENTATION_REPRESENTATION (  '', ( #4234 ), #2870 ) ;
#5325 = VERTEX_POINT ( 'NONE', #1930 ) ;
#5326 = ORIENTED_EDGE ( 'NONE', *, *, #6974, .F. ) ;
#5327 = ORIENTED_EDGE ( 'NONE', *, *, #3546, .F. ) ;
#5328 = CARTESIAN_POINT ( 'NONE',  ( 4.247056320800951745, 5.564396877285500587, 4.000000000000000000 ) ) ;
#5329 = VERTEX_POINT ( 'NONE', #1312 ) ;
#5330 = EDGE_CURVE ( 'NONE', #4574, #4990, #7137, .T. ) ;
#5331 = EDGE_CURVE ( 'NONE', #6131, #4215, #7673, .T. ) ;
#5332 = DIRECTION ( 'NONE',  ( 0.0000000000000000000, -1.000000000000000000, 0.0000000000000000000 ) ) ;
#5333 =( GEOMETRIC_REPRESENTATION_CONTEXT ( 3 ) GLOBAL_UNCERTAINTY_ASSIGNED_CONTEXT ( ( #4228 ) ) GLOBAL_UNIT_ASSIGNED_CONTEXT ( ( #4270, #2208, #2851 ) ) REPRESENTATION_CONTEXT ( 'NONE', 'WORKASPACE' ) );
#5334 = SURFACE_SIDE_STYLE ('',( #5417 ) ) ;
#5335 = CARTESIAN_POINT ( 'NONE',  ( 0.0000000000000000000, 0.0000000000000000000, 2.249999999999996003 ) ) ;
#5336 = ORIENTED_EDGE ( 'NONE', *, *, #1420, .T. ) ;
#5337 = VERTEX_POINT ( 'NONE', #3866 ) ;
#5338 = VERTEX_POINT ( 'NONE', #699 ) ;
#5339 = CARTESIAN_POINT ( 'NONE',  ( 0.7628348534795985625, -7.209756097560911847, 4.000000000000000000 ) ) ;
#5340 = ORIENTED_EDGE ( 'NONE', *, *, #7236, .T. ) ;
#5341 = DIRECTION ( 'NONE',  ( -3.051021188903932014E-15, -1.961370764295384725E-15, 1.000000000000000000 ) ) ;
#5342 = CARTESIAN_POINT ( 'NONE',  ( 2.128639366018724388, 3.620620727090233082, 1.989999999999999991 ) ) ;
#5343 = DIRECTION ( 'NONE',  ( 0.0000000000000000000, 0.0000000000000000000, -1.000000000000000000 ) ) ;
#5344 = DIRECTION ( 'NONE',  ( 0.0000000000000000000, -0.0000000000000000000, 1.000000000000000000 ) ) ;
#5345 = CARTESIAN_POINT ( 'NONE',  ( 6.896677359547664921, -1.867291674075572061, 3.855868183907342761 ) ) ;
#5346 = CARTESIAN_POINT ( 'NONE',  ( 5.851408311032559872, 4.100000000000300737, 2.144856837083815915 ) ) ;
#5347 = ORIENTED_EDGE ( 'NONE', *, *, #5684, .T. ) ;
#5348 = ADVANCED_FACE ( 'NONE', ( #8488 ), #7258, .F. ) ;
#5349 = EDGE_CURVE ( 'NONE', #228, #6092, #615, .T. ) ;
#5350 = CARTESIAN_POINT ( 'NONE',  ( 0.0000000000000000000, 0.0000000000000000000, 0.5000000000000000000 ) ) ;
#5351 = DIRECTION ( 'NONE',  ( 0.0000000000000000000, 0.0000000000000000000, 1.000000000000000000 ) ) ;
#5352 = DIRECTION ( 'NONE',  ( 0.0000000000000000000, -6.229955439320540691E-15, 1.000000000000000000 ) ) ;
#5353 = CARTESIAN_POINT ( 'NONE',  ( 0.0000000000000000000, 0.0000000000000000000, 4.000000000000000000 ) ) ;
#5354 = DIRECTION ( 'NONE',  ( 0.7030231645967894849, 0.7111669494853619655, 0.0000000000000000000 ) ) ;
#5355 = ORIENTED_EDGE ( 'NONE', *, *, #5701, .T. ) ;
#5356 = CARTESIAN_POINT ( 'NONE',  ( -5.150000000000003908, -6.324710424241401618, 0.9882391584815773955 ) ) ;
#5357 = VECTOR ( 'NONE', #8070, 1000.000000000000000 ) ;
#5358 = ADVANCED_FACE ( 'NONE', ( #1355 ), #2144, .T. ) ;
#5359 = CARTESIAN_POINT ( 'NONE',  ( -2.140208464995134285, 3.625026646932536067, 1.989999999999999991 ) ) ;
#5360 = LINE ( 'NONE', #7340, #736 ) ;
#5361 = CARTESIAN_POINT ( 'NONE',  ( -5.160000000000005471, -4.900000000000001243, 0.1392243887514867939 ) ) ;
#5362 = AXIS2_PLACEMENT_3D ( 'NONE', #7110, #5098, #3123 ) ;
#5363 = DIRECTION ( 'NONE',  ( -0.0000000000000000000, -0.0000000000000000000, -1.000000000000000000 ) ) ;
#5364 = EDGE_LOOP ( 'NONE', ( #8439, #3441, #5248, #7129, #4212, #7962, #5109, #2588 ) ) ;
#5365 = DIRECTION ( 'NONE',  ( 1.000000000000000000, 0.0000000000000000000, 0.0000000000000000000 ) ) ;
#5366 = VERTEX_POINT ( 'NONE', #6617 ) ;
#5367 = ORIENTED_EDGE ( 'NONE', *, *, #4385, .T. ) ;
#5368 = ORIENTED_EDGE ( 'NONE', *, *, #6532, .T. ) ;
#5369 = CONICAL_SURFACE ( 'NONE', #538, 6.999999999999999112, 0.7853981633974482790 ) ;
#5370 = STYLED_ITEM ( 'NONE', ( #2814 ), #721 ) ;
#5371 = DIRECTION ( 'NONE',  ( 1.000000000000000000, 0.0000000000000000000, 0.0000000000000000000 ) ) ;
#5372 = EDGE_CURVE ( 'NONE', #868, #1667, #3276, .T. ) ;
#5373 = CARTESIAN_POINT ( 'NONE',  ( 1.974999999999994982, -7.250000000000000000, 0.5000000000000000000 ) ) ;
#5374 = CARTESIAN_POINT ( 'NONE',  ( 4.154407135044633215, -5.713478970600203155, 2.063856039206888759 ) ) ;
#5375 = EDGE_LOOP ( 'NONE', ( #1578, #2045, #6656, #3419 ) ) ;
#5376 = DIRECTION ( 'NONE',  ( 0.0000000000000000000, 1.000000000000000000, 1.355252715606880789E-16 ) ) ;
#5377 = ADVANCED_FACE ( 'NONE', ( #5927 ), #6789, .T. ) ;
#5378 = ORIENTED_EDGE ( 'NONE', *, *, #3518, .T. ) ;
#5379 = ORIENTED_EDGE ( 'NONE', *, *, #7929, .T. ) ;
#5380 = SURFACE_STYLE_FILL_AREA ( #2763 ) ;
#5381 = ORIENTED_EDGE ( 'NONE', *, *, #5975, .F. ) ;
#5382 = CARTESIAN_POINT ( 'NONE',  ( -2.610419606786132718, 3.007125779369130836, 0.0000000000000000000 ) ) ;
#5383 = AXIS2_PLACEMENT_3D ( 'NONE', #7374, #1470, #4106 ) ;
#5384 = CARTESIAN_POINT ( 'NONE',  ( -5.159999999999998366, -1.800000000000002931, -0.005000000000000000104 ) ) ;
#5385 = EDGE_CURVE ( 'NONE', #53, #7346, #577, .T. ) ;
#5386 = CARTESIAN_POINT ( 'NONE',  ( 0.0000000000000000000, 0.0000000000000000000, 3.749999999999994671 ) ) ;
#5387 =( LENGTH_UNIT ( ) NAMED_UNIT ( * ) SI_UNIT ( .MILLI., .METRE. ) );
#5388 = ADVANCED_FACE ( 'NONE', ( #5970 ), #51, .F. ) ;
#5389 = SURFACE_SIDE_STYLE ('',( #2301 ) ) ;
#5390 = AXIS2_PLACEMENT_3D ( 'NONE', #8044, #5363, #5877 ) ;
#5391 = ORIENTED_EDGE ( 'NONE', *, *, #6238, .T. ) ;
#5392 = DIRECTION ( 'NONE',  ( 0.0000000000000000000, -0.0000000000000000000, 1.000000000000000000 ) ) ;
#5393 = CARTESIAN_POINT ( 'NONE',  ( 0.0000000000000000000, 0.0000000000000000000, 4.000000000000000000 ) ) ;
#5394 = ADVANCED_FACE ( 'NONE', ( #7965 ), #3827, .T. ) ;
#5395 = CARTESIAN_POINT ( 'NONE',  ( 2.999999999999999556, -4.500000000000000000, -0.5000000000000000000 ) ) ;
#5396 = CARTESIAN_POINT ( 'NONE',  ( -4.247056320799965867, 5.564396877286259091, 2.000000000000000000 ) ) ;
#5397 = DIRECTION ( 'NONE',  ( -3.486881358747350930E-15, 0.0000000000000000000, -1.000000000000000000 ) ) ;
#5398 = EDGE_CURVE ( 'NONE', #3181, #6873, #7888, .T. ) ;
#5399 = CARTESIAN_POINT ( 'NONE',  ( 5.149999999999999467, -6.324710424241401618, 0.9882391584815773955 ) ) ;
#5400 = DIRECTION ( 'NONE',  ( 0.0000000000000000000, 0.0000000000000000000, -1.000000000000000000 ) ) ;
#5401 = ORIENTED_EDGE ( 'NONE', *, *, #1415, .T. ) ;
#5402 = DIRECTION ( 'NONE',  ( -0.7030231645967893739, 0.7111669494853621876, 4.040317977819572303E-16 ) ) ;
#5403 = CARTESIAN_POINT ( 'NONE',  ( 0.0000000000000000000, 0.0000000000000000000, 1.989999999999999991 ) ) ;
#5404 = LINE ( 'NONE', #3346, #4624 ) ;
#5405 = CARTESIAN_POINT ( 'NONE',  ( -3.249999999999999556, 0.0000000000000000000, 1.989999999999999991 ) ) ;
#5406 = DIRECTION ( 'NONE',  ( -0.7111669494853618545, -0.7030231645967895959, 0.0000000000000000000 ) ) ;
#5407 = ADVANCED_FACE ( 'NONE', ( #5841 ), #3184, .T. ) ;
#5408 = VERTEX_POINT ( 'NONE', #1890 ) ;
#5409 = SURFACE_SIDE_STYLE ('',( #2793 ) ) ;
#5410 = ORIENTED_EDGE ( 'NONE', *, *, #7154, .F. ) ;
#5411 = ORIENTED_EDGE ( 'NONE', *, *, #2347, .T. ) ;
#5412 = FILL_AREA_STYLE_COLOUR ( '', #1846 ) ;
#5413 = ORIENTED_EDGE ( 'NONE', *, *, #1109, .T. ) ;
#5414 = VECTOR ( 'NONE', #2888, 1000.000000000000114 ) ;
#5415 = AXIS2_PLACEMENT_3D ( 'NONE', #6279, #3740, #1668 ) ;
#5416 = CARTESIAN_POINT ( 'NONE',  ( 0.3232914739358944134, -6.992530487804849315, 2.000000000000000000 ) ) ;
#5417 = SURFACE_STYLE_FILL_AREA ( #5884 ) ;
#5418 = CARTESIAN_POINT ( 'NONE',  ( -6.217354776144365935, 3.216286614646583608, 4.000000000000000000 ) ) ;
#5419 = AXIS2_PLACEMENT_3D ( 'NONE', #102, #2770, #4054 ) ;
#5420 = EDGE_LOOP ( 'NONE', ( #6511, #7298, #5842, #165 ) ) ;
#5421 = EDGE_LOOP ( 'NONE', ( #444, #4071, #8051, #5088 ) ) ;
#5422 = VERTEX_POINT ( 'NONE', #4533 ) ;
#5423 = DIRECTION ( 'NONE',  ( -1.000000000000000000, 0.0000000000000000000, 0.0000000000000000000 ) ) ;
#5424 = ORIENTED_EDGE ( 'NONE', *, *, #7462, .T. ) ;
#5425 = EDGE_CURVE ( 'NONE', #2328, #3362, #1144, .T. ) ;
#5426 = CARTESIAN_POINT ( 'NONE',  ( -5.150000000000006573, -5.900000000000001243, 0.1392243887514869605 ) ) ;
#5427 = AXIS2_PLACEMENT_3D ( 'NONE', #1592, #4831, #2813 ) ;
#5428 =( GEOMETRIC_REPRESENTATION_CONTEXT ( 3 ) GLOBAL_UNCERTAINTY_ASSIGNED_CONTEXT ( ( #2039 ) ) GLOBAL_UNIT_ASSIGNED_CONTEXT ( ( #2728, #6352, #1049 ) ) REPRESENTATION_CONTEXT ( 'NONE', 'WORKASPACE' ) );
#5429 = CARTESIAN_POINT ( 'NONE',  ( 3.109766144456367343, 6.490897460571212640, 2.197175046756802530 ) ) ;
#5430 = DIRECTION ( 'NONE',  ( 0.7030231645967898180, -0.7111669494853616325, -0.0000000000000000000 ) ) ;
#5431 = PLANE ( 'NONE',  #7585 ) ;
#5432 = AXIS2_PLACEMENT_3D ( 'NONE', #4220, #184, #7490 ) ;
#5433 = ORIENTED_EDGE ( 'NONE', *, *, #4575, .F. ) ;
#5434 = EDGE_CURVE ( 'NONE', #5846, #4528, #7445, .T. ) ;
#5435 = DIRECTION ( 'NONE',  ( -0.0000000000000000000, -0.0000000000000000000, -1.000000000000000000 ) ) ;
#5436 = ADVANCED_FACE ( 'NONE', ( #1449 ), #746, .T. ) ;
#5437 = EDGE_CURVE ( 'NONE', #142, #3145, #6748, .T. ) ;
#5438 = CIRCLE ( 'NONE', #5580, 7.000000000000001776 ) ;
#5439 = DIRECTION ( 'NONE',  ( -0.0000000000000000000, -0.0000000000000000000, -1.000000000000000000 ) ) ;
#5440 = CARTESIAN_POINT ( 'NONE',  ( 4.049976487849248130, 6.013334386833004253, 4.000000000000000000 ) ) ;
#5441 = DIRECTION ( 'NONE',  ( 0.0000000000000000000, 0.0000000000000000000, 1.000000000000000000 ) ) ;
#5442 = LINE ( 'NONE', #1642, #5357 ) ;
#5443 = CARTESIAN_POINT ( 'NONE',  ( 5.150000000000000355, -1.163414459190184377E-16, 1.989999999999999991 ) ) ;
#5444 = CARTESIAN_POINT ( 'NONE',  ( -0.9749999999999963141, -7.259999999999999787, -0.005000000000000000104 ) ) ;
#5445 = ORIENTED_EDGE ( 'NONE', *, *, #6962, .F. ) ;
#5446 = LINE ( 'NONE', #2914, #27 ) ;
#5447 = CARTESIAN_POINT ( 'NONE',  ( 4.904673562541125520, -5.073058829348449095, 2.054262250778906118 ) ) ;
#5448 = ADVANCED_FACE ( 'NONE', ( #3438 ), #6792, .T. ) ;
#5449 = CARTESIAN_POINT ( 'NONE',  ( 5.160000000000005471, -5.898932796319721561, -0.01000000000000000021 ) ) ;
#5450 =( NAMED_UNIT ( * ) SI_UNIT ( $, .STERADIAN. ) SOLID_ANGLE_UNIT ( ) );
#5451 = ORIENTED_EDGE ( 'NONE', *, *, #4662, .F. ) ;
#5452 = ORIENTED_EDGE ( 'NONE', *, *, #1479, .T. ) ;
#5453 = CARTESIAN_POINT ( 'NONE',  ( 3.250000000000002220, -7.229999999999999538, 1.970000000000000417 ) ) ;
#5454 = ORIENTED_EDGE ( 'NONE', *, *, #7564, .T. ) ;
#5455 = ORIENTED_EDGE ( 'NONE', *, *, #4508, .T. ) ;
#5456 = ORIENTED_EDGE ( 'NONE', *, *, #1977, .T. ) ;
#5457 = PRESENTATION_STYLE_ASSIGNMENT (( #2239 ) ) ;
#5458 = LINE ( 'NONE', #964, #2075 ) ;
#5459 = CARTESIAN_POINT ( 'NONE',  ( 0.9749999999999945377, -7.160000000000000142, 0.5000000000000000000 ) ) ;
#5460 = VERTEX_POINT ( 'NONE', #4087 ) ;
#5461 = ORIENTED_EDGE ( 'NONE', *, *, #3968, .T. ) ;
#5462 = ORIENTED_EDGE ( 'NONE', *, *, #7829, .F. ) ;
#5463 = ORIENTED_EDGE ( 'NONE', *, *, #3482, .T. ) ;
#5464 = VECTOR ( 'NONE', #4147, 1000.000000000000000 ) ;
#5465 = LINE ( 'NONE', #6105, #6513 ) ;
#5466 = CARTESIAN_POINT ( 'NONE',  ( 5.862414508838168281, 4.265512410785337494, 4.000000000000000000 ) ) ;
#5467 = CARTESIAN_POINT ( 'NONE',  ( -3.628058984723878666, 2.070155953542735183, 1.989999999999999991 ) ) ;
#5468 = CLOSED_SHELL ( 'NONE', ( #2520, #8412, #4565, #6797, #721, #6445, #5609, #6776, #2718, #3826, #6374, #7820, #6388, #5014, #726, #8551, #5187, #4549, #5845, #3658, #7379, #1907, #4069, #2981, #836, #4539, #8019, #1108, #8042, #4607, #4911, #192, #7441, #6935, #8453, #2610, #7589, #6959, #6213, #5436, #1366, #5019, #1387, #8459, #2893, #8336, #8391, #6469, #1855, #1503, #2261, #4923, #6278, #4973, #6907, #5348, #6328, #2117, #2228, #1254, #3842, #2231, #2295, #5394, #4964, #8500, #2242, #3249, #3867, #5959, #4714, #1697, #5176, #8253, #5130, #2765, #3116, #4500, #5713, #1767, #4509, #7966, #5952, #1256, #5639, #5407, #3752, #1711, #3192, #6281, #2370, #5126, #787, #1208, #1917, #7716, #6429, #1532, #521, #3170, #8020, #583, #3462, #2348, #3027, #6572, #7326, #6560, #413, #5891, #7122, #3745, #4367, #151, #1368, #2729, #1868, #999, #1025, #1482, #2581, #7055, #3646, #2446, #3756, #473, #1951, #4344, #687, #4172, #5388, #1050, #773, #5448, #6025, #6430, #3619, #7112, #5951, #1746, #5221, #4145, #1104, #2943, #5903, #5855, #2358, #5700, #2785, #1169, #5281, #7018, #949, #8192, #513, #3768, #6809, #5843, #897, #7009, #2065 ) ) ;
#5469 = CARTESIAN_POINT ( 'NONE',  ( -1.974999999999996314, 0.0000000000000000000, 0.0000000000000000000 ) ) ;
#5470 = CARTESIAN_POINT ( 'NONE',  ( 5.160000000000001918, -3.963704366711342963, 1.200000000000017941 ) ) ;
#5471 = ORIENTED_EDGE ( 'NONE', *, *, #6583, .F. ) ;
#5472 = CARTESIAN_POINT ( 'NONE',  ( 0.0000000000000000000, 0.0000000000000000000, 0.5000000000000000000 ) ) ;
#5473 = CARTESIAN_POINT ( 'NONE',  ( -2.014639774593518950, -6.732602028839820285, 3.972947799558557591 ) ) ;
#5474 = EDGE_CURVE ( 'NONE', #7756, #542, #3403, .T. ) ;
#5475 = CARTESIAN_POINT ( 'NONE',  ( -7.119408188706626284, 0.6041223719979089690, 2.144131816092805121 ) ) ;
#5476 = CARTESIAN_POINT ( 'NONE',  ( 1.831216653749087264, -6.906343632111136444, 3.855868183907292135 ) ) ;
#5477 = EDGE_LOOP ( 'NONE', ( #8437, #6610, #7631, #8128 ) ) ;
#5478 = DIRECTION ( 'NONE',  ( -0.0000000000000000000, 1.000000000000000000, -0.0000000000000000000 ) ) ;
#5479 = DIRECTION ( 'NONE',  ( -0.0000000000000000000, -0.0000000000000000000, 1.000000000000000000 ) ) ;
#5480 = DIRECTION ( 'NONE',  ( -1.000000000000000000, 0.0000000000000000000, 0.0000000000000000000 ) ) ;
#5481 = EDGE_CURVE ( 'NONE', #5685, #3089, #1536, .T. ) ;
#5482 = EDGE_CURVE ( 'NONE', #1484, #1038, #6011, .T. ) ;
#5483 = VERTEX_POINT ( 'NONE', #1583 ) ;
#5484 = DIRECTION ( 'NONE',  ( -0.0000000000000000000, -0.0000000000000000000, -1.000000000000000000 ) ) ;
#5485 = DIRECTION ( 'NONE',  ( -0.7111669494853501972, -0.7030231645968014753, 0.0000000000000000000 ) ) ;
#5486 = UNCERTAINTY_MEASURE_WITH_UNIT (LENGTH_MEASURE( 1.000000000000000082E-05 ), #1461, 'distance_accuracy_value', 'NONE');
#5487 = LINE ( 'NONE', #8122, #1720 ) ;
#5488 = CARTESIAN_POINT ( 'NONE',  ( -0.3232914739347411137, -6.992530487804905270, 4.000000000000000000 ) ) ;
#5489 = CARTESIAN_POINT ( 'NONE',  ( -2.128639366018726164, 3.620620727090231750, 1.989999999999999991 ) ) ;
#5490 = ORIENTED_EDGE ( 'NONE', *, *, #2145, .F. ) ;
#5491 = COLOUR_RGB ( '',0.2980392156862745057, 0.2980392156862745057, 0.2980392156862745057 ) ;
#5492 = ORIENTED_EDGE ( 'NONE', *, *, #7919, .T. ) ;
#5493 = TOROIDAL_SURFACE ( 'NONE', #4810, 0.6750000000000002665, 0.1000000000000000056 ) ;
#5494 = CARTESIAN_POINT ( 'NONE',  ( -5.150000000000003908, -6.324710424241401618, 0.9882391584815773955 ) ) ;
#5495 = EDGE_CURVE ( 'NONE', #660, #3018, #2245, .T. ) ;
#5496 = ORIENTED_EDGE ( 'NONE', *, *, #4126, .F. ) ;
#5497 = ORIENTED_EDGE ( 'NONE', *, *, #5070, .T. ) ;
#5498 =( LENGTH_UNIT ( ) NAMED_UNIT ( * ) SI_UNIT ( .MILLI., .METRE. ) );
#5499 = EDGE_LOOP ( 'NONE', ( #2922, #5796, #4338, #6945 ) ) ;
#5500 = MECHANICAL_DESIGN_GEOMETRIC_PRESENTATION_REPRESENTATION (  '', ( #1782 ), #7859 ) ;
#5501 = CARTESIAN_POINT ( 'NONE',  ( 1.974999999999994538, -7.259999999999999787, -0.005000000000000000104 ) ) ;
#5502 = VERTEX_POINT ( 'NONE', #6053 ) ;
#5503 = FACE_OUTER_BOUND ( 'NONE', #7390, .T. ) ;
#5504 = EDGE_CURVE ( 'NONE', #3068, #5847, #3769, .T. ) ;
#5505 = VERTEX_POINT ( 'NONE', #4171 ) ;
#5506 = ORIENTED_EDGE ( 'NONE', *, *, #1178, .T. ) ;
#5507 = VECTOR ( 'NONE', #183, 1000.000000000000114 ) ;
#5508 = CARTESIAN_POINT ( 'NONE',  ( 0.0000000000000000000, 0.0000000000000000000, 4.000000000000000000 ) ) ;
#5509 = ORIENTED_EDGE ( 'NONE', *, *, #3389, .T. ) ;
#5510 = DIRECTION ( 'NONE',  ( 1.000000000000000000, -3.074958084248770881E-14, 0.0000000000000000000 ) ) ;
#5511 = VECTOR ( 'NONE', #3002, 1000.000000000000000 ) ;
#5512 = DIRECTION ( 'NONE',  ( -0.7111669494853501972, -0.7030231645968014753, 0.0000000000000000000 ) ) ;
#5513 = COLOUR_RGB ( '',0.2980392156862745057, 0.2980392156862745057, 0.2980392156862745057 ) ;
#5514 = DIRECTION ( 'NONE',  ( -1.000000000000000000, 0.0000000000000000000, 0.0000000000000000000 ) ) ;
#5515 = EDGE_CURVE ( 'NONE', #6854, #582, #6842, .T. ) ;
#5516 = EDGE_LOOP ( 'NONE', ( #7572, #541, #4119, #2010 ) ) ;
#5517 = TOROIDAL_SURFACE ( 'NONE', #6894, 0.6750000000000002665, 0.1000000000000000056 ) ;
#5518 = CARTESIAN_POINT ( 'NONE',  ( 7.025221500050228940, 0.7410826313118987763, 2.063856039206862558 ) ) ;
#5519 = CARTESIAN_POINT ( 'NONE',  ( 0.0000000000000000000, 0.0000000000000000000, 3.750000000000001776 ) ) ;
#5520 = CYLINDRICAL_SURFACE ( 'NONE', #5999, 3.500000000000000000 ) ;
#5521 = AXIS2_PLACEMENT_3D ( 'NONE', #3712, #6901, #7068 ) ;
#5522 = FACE_OUTER_BOUND ( 'NONE', #4318, .T. ) ;
#5523 = PRESENTATION_STYLE_ASSIGNMENT (( #4198 ) ) ;
#5524 = ORIENTED_EDGE ( 'NONE', *, *, #6754, .F. ) ;
#5525 = DIRECTION ( 'NONE',  ( -0.0000000000000000000, 1.000000000000000000, -0.0000000000000000000 ) ) ;
#5526 = CARTESIAN_POINT ( 'NONE',  ( -5.149999999999999467, -3.963704366711341187, 0.1392243887514867939 ) ) ;
#5527 = CARTESIAN_POINT ( 'NONE',  ( 2.543310006265616874, 3.217255597734476780, 0.9700000000000000844 ) ) ;
#5528 = ORIENTED_EDGE ( 'NONE', *, *, #2296, .F. ) ;
#5529 = LINE ( 'NONE', #6775, #5696 ) ;
#5530 = CARTESIAN_POINT ( 'NONE',  ( -3.036990180444823384, 2.575613833695106880, 0.0000000000000000000 ) ) ;
#5531 = EDGE_CURVE ( 'NONE', #4567, #6432, #6837, .T. ) ;
#5532 = VECTOR ( 'NONE', #6643, 1000.000000000000114 ) ;
#5533 = CARTESIAN_POINT ( 'NONE',  ( -6.625249362317016555, -2.944243686775596114, 3.749999999999997335 ) ) ;
#5534 = SURFACE_SIDE_STYLE ('',( #6171 ) ) ;
#5535 = CARTESIAN_POINT ( 'NONE',  ( 2.087791667228450887, 6.681401496261950790, 2.000000000000000000 ) ) ;
#5536 = VECTOR ( 'NONE', #7382, 1000.000000000000000 ) ;
#5537 = ORIENTED_EDGE ( 'NONE', *, *, #2983, .F. ) ;
#5538 = DIRECTION ( 'NONE',  ( 0.0000000000000000000, 0.0000000000000000000, 1.000000000000000000 ) ) ;
#5539 = ORIENTED_EDGE ( 'NONE', *, *, #8389, .T. ) ;
#5540 = ORIENTED_EDGE ( 'NONE', *, *, #5557, .F. ) ;
#5541 = CARTESIAN_POINT ( 'NONE',  ( 0.0000000000000000000, 0.0000000000000000000, 1.989999999999999991 ) ) ;
#5542 = EDGE_LOOP ( 'NONE', ( #4474, #6969, #6480, #7225 ) ) ;
#5543 = B_SPLINE_CURVE_WITH_KNOTS ( 'NONE', 3,
 ( #6914, #4936, #433, #7606 ),
 .UNSPECIFIED., .F., .F.,
 ( 4, 4 ),
 ( 0.0000000000000000000, 0.0005511928767346530207 ),
 .UNSPECIFIED. ) ;
#5544 = EDGE_CURVE ( 'NONE', #2405, #4699, #8011, .T. ) ;
#5545 = FILL_AREA_STYLE ('',( #3569 ) ) ;
#5546 = AXIS2_PLACEMENT_3D ( 'NONE', #2103, #4034, #4730 ) ;
#5547 = EDGE_CURVE ( 'NONE', #5408, #479, #5549, .T. ) ;
#5548 = CARTESIAN_POINT ( 'NONE',  ( 2.133096795500278642, 3.617996415286566680, 1.989999999999999991 ) ) ;
#5549 = LINE ( 'NONE', #2109, #4621 ) ;
#5550 = VERTEX_POINT ( 'NONE', #2286 ) ;
#5551 = VERTEX_POINT ( 'NONE', #4903 ) ;
#5552 = EDGE_LOOP ( 'NONE', ( #7051, #7881, #6533, #2469 ) ) ;
#5553 = CIRCLE ( 'NONE', #2536, 0.6750000000000002665 ) ;
#5554 = DIRECTION ( 'NONE',  ( -8.673617379884036458E-16, -1.000000000000000000, 0.0000000000000000000 ) ) ;
#5555 = ORIENTED_EDGE ( 'NONE', *, *, #3839, .T. ) ;
#5556 = EDGE_CURVE ( 'NONE', #5203, #873, #1401, .T. ) ;
#5557 = EDGE_CURVE ( 'NONE', #3048, #8089, #139, .T. ) ;
#5558 = VECTOR ( 'NONE', #5006, 1000.000000000000000 ) ;
#5559 = AXIS2_PLACEMENT_3D ( 'NONE', #3823, #8401, #494 ) ;
#5560 = CARTESIAN_POINT ( 'NONE',  ( -4.742367595032370708, -5.148781369759925397, 2.000000000000000000 ) ) ;
#5561 = CARTESIAN_POINT ( 'NONE',  ( 2.543310006265614209, 3.217255597734475003, 1.969999999999999973 ) ) ;
#5562 = ORIENTED_EDGE ( 'NONE', *, *, #426, .T. ) ;
#5563 =( GEOMETRIC_REPRESENTATION_CONTEXT ( 3 ) GLOBAL_UNCERTAINTY_ASSIGNED_CONTEXT ( ( #7476 ) ) GLOBAL_UNIT_ASSIGNED_CONTEXT ( ( #5498, #6787, #6136 ) ) REPRESENTATION_CONTEXT ( 'NONE', 'WORKASPACE' ) );
#5564 =( NAMED_UNIT ( * ) SI_UNIT ( $, .STERADIAN. ) SOLID_ANGLE_UNIT ( ) );
#5565 = EDGE_CURVE ( 'NONE', #6798, #1966, #8381, .T. ) ;
#5566 = FACE_OUTER_BOUND ( 'NONE', #4175, .T. ) ;
#5567 = CARTESIAN_POINT ( 'NONE',  ( -1.790049389039771732, -6.971235077205154340, 3.802824953243169048 ) ) ;
#5568 = AXIS2_PLACEMENT_3D ( 'NONE', #7996, #1436, #6604 ) ;
#5569 = AXIS2_PLACEMENT_3D ( 'NONE', #1419, #4060, #2128 ) ;
#5570 = SURFACE_STYLE_USAGE ( .BOTH. , #4240 ) ;
#5571 = CARTESIAN_POINT ( 'NONE',  ( -5.064453563295852057, 5.046015340009100569, 3.851148186049289102 ) ) ;
#5572 = LINE ( 'NONE', #289, #525 ) ;
#5573 = CARTESIAN_POINT ( 'NONE',  ( 5.218707288899020469, 5.032652802726634178, 2.249999999999998668 ) ) ;
#5574 = ORIENTED_EDGE ( 'NONE', *, *, #481, .T. ) ;
#5575 = PRESENTATION_LAYER_ASSIGNMENT (  '', '', ( #1852 ) ) ;
#5576 = UNCERTAINTY_MEASURE_WITH_UNIT (LENGTH_MEASURE( 1.000000000000000082E-05 ), #902, 'distance_accuracy_value', 'NONE');
#5577 = DIRECTION ( 'NONE',  ( 1.000000000000000000, 0.0000000000000000000, 0.0000000000000000000 ) ) ;
#5578 = DIRECTION ( 'NONE',  ( 1.000000000000000000, -0.0000000000000000000, 3.486881358747351719E-15 ) ) ;
#5579 = CARTESIAN_POINT ( 'NONE',  ( 0.0000000000000000000, 0.0000000000000000000, -0.005000000000000000104 ) ) ;
#5580 = AXIS2_PLACEMENT_3D ( 'NONE', #5955, #7163, #8040 ) ;
#5581 = CARTESIAN_POINT ( 'NONE',  ( -3.182712096523036216, -6.514049716623748765, 4.000000000000000000 ) ) ;
#5582 = ORIENTED_EDGE ( 'NONE', *, *, #8353, .F. ) ;
#5583 = ORIENTED_EDGE ( 'NONE', *, *, #2680, .F. ) ;
#5584 = EDGE_LOOP ( 'NONE', ( #1709, #2884, #2163, #7666 ) ) ;
#5585 = CARTESIAN_POINT ( 'NONE',  ( 4.144300040443318345, 5.711087971297728494, 2.054262250778905674 ) ) ;
#5586 = DIRECTION ( 'NONE',  ( -1.000000000000000000, 0.0000000000000000000, 0.0000000000000000000 ) ) ;
#5587 = FILL_AREA_STYLE_COLOUR ( '', #1271 ) ;
#5588 = ORIENTED_EDGE ( 'NONE', *, *, #4763, .T. ) ;
#5589 = LINE ( 'NONE', #3016, #4682 ) ;
#5590 = ORIENTED_EDGE ( 'NONE', *, *, #5474, .F. ) ;
#5591 = ORIENTED_EDGE ( 'NONE', *, *, #2288, .T. ) ;
#5592 = CARTESIAN_POINT ( 'NONE',  ( -1.974999999999996314, -7.159999999999999254, -0.005000000000000000104 ) ) ;
#5593 = VERTEX_POINT ( 'NONE', #5418 ) ;
#5594 = EDGE_CURVE ( 'NONE', #1564, #5150, #1793, .T. ) ;
#5595 = AXIS2_PLACEMENT_3D ( 'NONE', #7525, #2831, #2185 ) ;
#5596 = DIRECTION ( 'NONE',  ( 1.000000000000000000, 0.0000000000000000000, 0.0000000000000000000 ) ) ;
#5597 = CARTESIAN_POINT ( 'NONE',  ( 0.0000000000000000000, 0.0000000000000000000, 3.700000000000000178 ) ) ;
#5598 = ORIENTED_EDGE ( 'NONE', *, *, #5218, .T. ) ;
#5599 = VECTOR ( 'NONE', #3625, 1000.000000000000000 ) ;
#5600 = EDGE_LOOP ( 'NONE', ( #1698, #2505, #1317, #4222, #4576, #4686 ) ) ;
#5601 = EDGE_CURVE ( 'NONE', #2365, #3531, #3734, .T. ) ;
#5602 = CARTESIAN_POINT ( 'NONE',  ( -3.249999999999999556, -7.229999999999999538, 2.000000000000000444 ) ) ;
#5603 = PRESENTATION_LAYER_ASSIGNMENT (  '', '', ( #3941 ) ) ;
#5604 = DIRECTION ( 'NONE',  ( -0.0000000000000000000, -0.0000000000000000000, 1.000000000000000000 ) ) ;
#5605 = CARTESIAN_POINT ( 'NONE',  ( 6.625249362316868229, 2.944243686775933622, 2.249999999999999556 ) ) ;
#5606 = ORIENTED_EDGE ( 'NONE', *, *, #618, .T. ) ;
#5607 = CARTESIAN_POINT ( 'NONE',  ( -3.249999999999999556, -7.260000000000001563, 1.200000000000000178 ) ) ;
#5608 = SURFACE_STYLE_USAGE ( .BOTH. , #2312 ) ;
#5609 = ADVANCED_FACE ( 'NONE', ( #486 ), #6404, .F. ) ;
#5610 = ORIENTED_EDGE ( 'NONE', *, *, #1000, .T. ) ;
#5611 = CARTESIAN_POINT ( 'NONE',  ( -1.749051531138295479, 7.035859488464986988, 2.250000000000001776 ) ) ;
#5612 = CARTESIAN_POINT ( 'NONE',  ( 0.0000000000000000000, 0.0000000000000000000, 4.000000000000000000 ) ) ;
#5613 = CARTESIAN_POINT ( 'NONE',  ( 4.499999999999998224, -7.160000000000000142, -0.005000000000000000104 ) ) ;
#5614 = ORIENTED_EDGE ( 'NONE', *, *, #7088, .T. ) ;
#5615 = DIRECTION ( 'NONE',  ( -1.000000000000000000, 0.0000000000000000000, 2.521175704717234053E-15 ) ) ;
#5616 = EDGE_CURVE ( 'NONE', #2220, #1019, #1908, .T. ) ;
#5617 = ORIENTED_EDGE ( 'NONE', *, *, #1342, .T. ) ;
#5618 = ORIENTED_EDGE ( 'NONE', *, *, #6503, .F. ) ;
#5619 = DIRECTION ( 'NONE',  ( 0.7111669494853591900, -0.7030231645967923715, -3.663622542607555757E-14 ) ) ;
#5620 = ORIENTED_EDGE ( 'NONE', *, *, #3481, .F. ) ;
#5621 = DIRECTION ( 'NONE',  ( -0.0000000000000000000, 0.0000000000000000000, 1.000000000000000000 ) ) ;
#5622 = SURFACE_STYLE_USAGE ( .BOTH. , #6181 ) ;
#5623 = AXIS2_PLACEMENT_3D ( 'NONE', #8296, #7653, #3086 ) ;
#5624 = CARTESIAN_POINT ( 'NONE',  ( 3.644895844802440887, 2.086800009713893012, 1.989999999999999991 ) ) ;
#5625 = DIRECTION ( 'NONE',  ( 0.0000000000000000000, 0.0000000000000000000, -1.000000000000000000 ) ) ;
#5626 = ORIENTED_EDGE ( 'NONE', *, *, #2296, .T. ) ;
#5627 = ORIENTED_EDGE ( 'NONE', *, *, #223, .F. ) ;
#5628 = EDGE_LOOP ( 'NONE', ( #4658, #3312, #8249, #4920 ) ) ;
#5629 = CARTESIAN_POINT ( 'NONE',  ( 4.499999999999998224, -7.160000000000000142, -0.005000000000000000104 ) ) ;
#5630 = ORIENTED_EDGE ( 'NONE', *, *, #4498, .T. ) ;
#5631 = CIRCLE ( 'NONE', #8255, 1.250000000000001110 ) ;
#5632 = DIRECTION ( 'NONE',  ( 3.486881358747350930E-15, 1.355252715606880789E-16, -1.000000000000000000 ) ) ;
#5633 = EDGE_CURVE ( 'NONE', #3523, #4251, #6114, .T. ) ;
#5634 = ADVANCED_FACE ( 'NONE', ( #6270 ), #7210, .T. ) ;
#5635 = VECTOR ( 'NONE', #4532, 1000.000000000000114 ) ;
#5636 = CARTESIAN_POINT ( 'NONE',  ( 7.101408311032906262, -4.099999999999703881, 4.000000000000000000 ) ) ;
#5637 = CARTESIAN_POINT ( 'NONE',  ( -6.967758820037605716, 2.003206685738688098, 3.749999999999998224 ) ) ;
#5638 = ORIENTED_EDGE ( 'NONE', *, *, #3223, .F. ) ;
#5639 = ADVANCED_FACE ( 'NONE', ( #2461 ), #5073, .T. ) ;
#5640 = VECTOR ( 'NONE', #1622, 1000.000000000000114 ) ;
#5641 = VECTOR ( 'NONE', #5084, 1000.000000000000000 ) ;
#5642 = CARTESIAN_POINT ( 'NONE',  ( -4.049976487848957696, 6.013334386833199652, 3.749999999999994671 ) ) ;
#5643 = EDGE_CURVE ( 'NONE', #3218, #1277, #7464, .T. ) ;
#5644 = CARTESIAN_POINT ( 'NONE',  ( -0.6360803707504012472, 7.120840011426508021, 3.851148186049329070 ) ) ;
#5645 = EDGE_CURVE ( 'NONE', #584, #529, #4943, .T. ) ;
#5646 = DIRECTION ( 'NONE',  ( 0.0000000000000000000, 3.293778751854695487E-15, 1.000000000000000000 ) ) ;
#5647 = CARTESIAN_POINT ( 'NONE',  ( -5.842105456709418831, 4.113482785968272104, 3.855868183907199764 ) ) ;
#5648 = VERTEX_POINT ( 'NONE', #5671 ) ;
#5649 = AXIS2_PLACEMENT_3D ( 'NONE', #554, #2656, #2042 ) ;
#5650 = DIRECTION ( 'NONE',  ( -1.000000000000000000, -0.0000000000000000000, 3.486881358747351719E-15 ) ) ;
#5651 = FACE_OUTER_BOUND ( 'NONE', #1028, .T. ) ;
#5652 = VERTEX_POINT ( 'NONE', #8306 ) ;
#5653 = CARTESIAN_POINT ( 'NONE',  ( -5.150000000000000355, -1.800000000000002931, 0.5000000000000000000 ) ) ;
#5654 = VECTOR ( 'NONE', #1164, 1000.000000000000114 ) ;
#5655 =( NAMED_UNIT ( * ) PLANE_ANGLE_UNIT ( ) SI_UNIT ( $, .RADIAN. ) );
#5656 = EDGE_CURVE ( 'NONE', #7699, #299, #7752, .T. ) ;
#5657 = CARTESIAN_POINT ( 'NONE',  ( 0.0000000000000000000, 0.0000000000000000000, 2.249999999999999556 ) ) ;
#5658 = DIRECTION ( 'NONE',  ( 1.000000000000000000, 0.0000000000000000000, 0.0000000000000000000 ) ) ;
#5659 = CARTESIAN_POINT ( 'NONE',  ( 0.0000000000000000000, 8.199999999999999289, 4.000000000000000000 ) ) ;
#5660 = ORIENTED_EDGE ( 'NONE', *, *, #3843, .F. ) ;
#5661 = ORIENTED_EDGE ( 'NONE', *, *, #516, .F. ) ;
#5662 = AXIS2_PLACEMENT_3D ( 'NONE', #560, #34, #3387 ) ;
#5663 = DIRECTION ( 'NONE',  ( -0.0000000000000000000, -0.0000000000000000000, -1.000000000000000000 ) ) ;
#5664 = ORIENTED_EDGE ( 'NONE', *, *, #5504, .F. ) ;
#5665 = DIRECTION ( 'NONE',  ( 1.000000000000000000, 0.0000000000000000000, 0.0000000000000000000 ) ) ;
#5666 = CARTESIAN_POINT ( 'NONE',  ( 4.247056320801402052, -5.564396877285164855, 2.000000000000000000 ) ) ;
#5667 = CARTESIAN_POINT ( 'NONE',  ( -6.217354776144109252, -3.216286614647089870, 2.000000000000000000 ) ) ;
#5668 = EDGE_CURVE ( 'NONE', #8017, #353, #8310, .T. ) ;
#5669 = AXIS2_PLACEMENT_3D ( 'NONE', #5636, #8276, #6367 ) ;
#5670 = DIRECTION ( 'NONE',  ( 1.000000000000000000, 0.0000000000000000000, 0.0000000000000000000 ) ) ;
#5671 = CARTESIAN_POINT ( 'NONE',  ( 3.499999999999998668, -7.250000000000000000, 0.0000000000000000000 ) ) ;
#5672 = DIRECTION ( 'NONE',  ( -1.196361017915039486E-16, 1.000000000000000000, 0.0000000000000000000 ) ) ;
#5673 = VERTEX_POINT ( 'NONE', #7127 ) ;
#5674 = CARTESIAN_POINT ( 'NONE',  ( 0.0000000000000000000, 0.0000000000000000000, 4.000000000000000000 ) ) ;
#5675 = CARTESIAN_POINT ( 'NONE',  ( -5.149999999999999467, -7.250000000000000000, 0.1392243887514870160 ) ) ;
#5676 = ORIENTED_EDGE ( 'NONE', *, *, #7442, .F. ) ;
#5677 = ORIENTED_EDGE ( 'NONE', *, *, #4136, .F. ) ;
#5678 = LINE ( 'NONE', #5629, #5276 ) ;
#5679 = VERTEX_POINT ( 'NONE', #8479 ) ;
#5680 = VECTOR ( 'NONE', #3431, 1000.000000000000114 ) ;
#5681 = CARTESIAN_POINT ( 'NONE',  ( 2.804565175271143573, -7.705479490444331780, 4.000000000000000000 ) ) ;
#5682 = VECTOR ( 'NONE', #2177, 1000.000000000000114 ) ;
#5683 = LINE ( 'NONE', #6412, #7421 ) ;
#5684 = EDGE_CURVE ( 'NONE', #3216, #542, #1259, .T. ) ;
#5685 = VERTEX_POINT ( 'NONE', #5157 ) ;
#5686 = DIRECTION ( 'NONE',  ( 0.0000000000000000000, 6.229955439320548579E-15, -1.000000000000000000 ) ) ;
#5687 = AXIS2_PLACEMENT_3D ( 'NONE', #7832, #5115, #3263 ) ;
#5688 = VECTOR ( 'NONE', #695, 1000.000000000000000 ) ;
#5689 = CYLINDRICAL_SURFACE ( 'NONE', #2170, 7.250000000000000000 ) ;
#5690 = CARTESIAN_POINT ( 'NONE',  ( 0.0000000000000000000, 0.0000000000000000000, 4.000000000000000000 ) ) ;
#5691 = FACE_OUTER_BOUND ( 'NONE', #1075, .T. ) ;
#5692 = DIRECTION ( 'NONE',  ( -2.397230934138803641E-15, 2.397230934138803641E-15, -1.000000000000000000 ) ) ;
#5693 = COLOUR_RGB ( '',0.2980392156862745057, 0.2980392156862745057, 0.2980392156862745057 ) ;
#5694 = CARTESIAN_POINT ( 'NONE',  ( 0.0000000000000000000, -7.160000000000000142, 0.0000000000000000000 ) ) ;
#5695 = ADVANCED_FACE ( 'NONE', ( #3214 ), #4042, .T. ) ;
#5696 = VECTOR ( 'NONE', #729, 1000.000000000000000 ) ;
#5697 = CARTESIAN_POINT ( 'NONE',  ( -5.160000000000001918, -3.963704366711342963, 1.200000000000017941 ) ) ;
#5698 = CARTESIAN_POINT ( 'NONE',  ( 7.119408188706350060, 0.6041223719995022501, 3.855868183907341873 ) ) ;
#5699 = VERTEX_POINT ( 'NONE', #809 ) ;
#5700 = ADVANCED_FACE ( 'NONE', ( #3456 ), #3422, .F. ) ;
#5701 = EDGE_CURVE ( 'NONE', #4251, #8017, #32, .T. ) ;
#5702 = EDGE_CURVE ( 'NONE', #7710, #2394, #764, .T. ) ;
#5703 = CARTESIAN_POINT ( 'NONE',  ( 3.500000000000000000, 0.0000000000000000000, 3.449999999999999734 ) ) ;
#5704 = AXIS2_PLACEMENT_3D ( 'NONE', #1092, #1745, #7659 ) ;
#5705 =( NAMED_UNIT ( * ) SI_UNIT ( $, .STERADIAN. ) SOLID_ANGLE_UNIT ( ) );
#5706 = CARTESIAN_POINT ( 'NONE',  ( -6.830159262260046660, -1.532620126503392965, 4.000000000000000000 ) ) ;
#5707 = LINE ( 'NONE', #5062, #3302 ) ;
#5708 = STYLED_ITEM ( 'NONE', ( #7830 ), #6445 ) ;
#5709 = VERTEX_POINT ( 'NONE', #7790 ) ;
#5710 = ORIENTED_EDGE ( 'NONE', *, *, #4662, .T. ) ;
#5711 = AXIS2_PLACEMENT_3D ( 'NONE', #3651, #3096, #7536 ) ;
#5712 = CARTESIAN_POINT ( 'NONE',  ( -0.9749999999999963141, -7.250000000000000000, 0.0000000000000000000 ) ) ;
#5713 = ADVANCED_FACE ( 'NONE', ( #4524 ), #6435, .T. ) ;
#5714 = DIRECTION ( 'NONE',  ( 0.7111669494853618545, 0.7030231645967895959, 3.545124961925875515E-15 ) ) ;
#5715 = SURFACE_STYLE_FILL_AREA ( #5195 ) ;
#5716 = CARTESIAN_POINT ( 'NONE',  ( 0.0000000000000000000, 0.0000000000000000000, 4.000000000000000000 ) ) ;
#5717 = AXIS2_PLACEMENT_3D ( 'NONE', #605, #5913, #5274 ) ;
#5718 = LINE ( 'NONE', #3853, #3447 ) ;
#5719 = CARTESIAN_POINT ( 'NONE',  ( 5.851408311032563425, 4.100000000000294520, 3.855143162916182309 ) ) ;
#5720 = ORIENTED_EDGE ( 'NONE', *, *, #4609, .T. ) ;
#5721 = CARTESIAN_POINT ( 'NONE',  ( 7.232688584372536589, -0.5007153297904874956, 2.249999999999999556 ) ) ;
#5722 = ORIENTED_EDGE ( 'NONE', *, *, #4070, .T. ) ;
#5723 = ORIENTED_EDGE ( 'NONE', *, *, #7651, .F. ) ;
#5724 = DIRECTION ( 'NONE',  ( 1.000000000000000000, 0.0000000000000000000, 0.0000000000000000000 ) ) ;
#5725 = EDGE_LOOP ( 'NONE', ( #5880, #1968 ) ) ;
#5726 = EDGE_CURVE ( 'NONE', #6602, #6174, #2135, .T. ) ;
#5727 = EDGE_CURVE ( 'NONE', #1416, #4396, #7373, .T. ) ;
#5728 = B_SPLINE_CURVE_WITH_KNOTS ( 'NONE', 3,
 ( #7084, #387, #6397, #1179 ),
 .UNSPECIFIED., .F., .F.,
 ( 4, 4 ),
 ( 0.0000000000000000000, 0.0005511928767355069383 ),
 .UNSPECIFIED. ) ;
#5729 = FACE_OUTER_BOUND ( 'NONE', #7053, .T. ) ;
#5730 = DIRECTION ( 'NONE',  ( 0.0000000000000000000, 0.0000000000000000000, 1.000000000000000000 ) ) ;
#5731 = ORIENTED_EDGE ( 'NONE', *, *, #3930, .T. ) ;
#5732 = EDGE_LOOP ( 'NONE', ( #7432, #5463, #8384, #610 ) ) ;
#5733 = AXIS2_PLACEMENT_3D ( 'NONE', #5395, #4633, #7986 ) ;
#5734 = LINE ( 'NONE', #5003, #4917 ) ;
#5735 = VECTOR ( 'NONE', #3975, 1000.000000000000000 ) ;
#5736 = FACE_OUTER_BOUND ( 'NONE', #6521, .T. ) ;
#5737 = AXIS2_PLACEMENT_3D ( 'NONE', #1411, #4538, #5937 ) ;
#5738 = DIRECTION ( 'NONE',  ( 3.486881358747350930E-15, -1.355252715606880789E-16, 1.000000000000000000 ) ) ;
#5739 = CARTESIAN_POINT ( 'NONE',  ( -4.200000000000000178, -2.932844324628232650E-14, 0.0000000000000000000 ) ) ;
#5740 = VERTEX_POINT ( 'NONE', #5876 ) ;
#5741 = DIRECTION ( 'NONE',  ( 0.0000000000000000000, 0.0000000000000000000, 1.000000000000000000 ) ) ;
#5742 = DIRECTION ( 'NONE',  ( 8.673617379884036458E-16, -1.000000000000000000, 0.0000000000000000000 ) ) ;
#5743 = ORIENTED_EDGE ( 'NONE', *, *, #2081, .F. ) ;
#5744 = CARTESIAN_POINT ( 'NONE',  ( -4.247056320799965867, 5.564396877286259091, 2.000000000000000000 ) ) ;
#5745 = CARTESIAN_POINT ( 'NONE',  ( -2.118873456510574016, 3.603935951994631903, 1.969999999999999085 ) ) ;
#5746 = EDGE_CURVE ( 'NONE', #4840, #8342, #4105, .T. ) ;
#5747 = EDGE_CURVE ( 'NONE', #2376, #2029, #5009, .T. ) ;
#5748 = DIRECTION ( 'NONE',  ( -1.000000000000000000, 0.0000000000000000000, 0.0000000000000000000 ) ) ;
#5749 = DIRECTION ( 'NONE',  ( -1.000000000000000000, 0.0000000000000000000, 0.0000000000000000000 ) ) ;
#5750 = ORIENTED_EDGE ( 'NONE', *, *, #8485, .T. ) ;
#5751 = CARTESIAN_POINT ( 'NONE',  ( 2.118873456510571796, 3.603935951994632347, 2.000000000000000000 ) ) ;
#5752 = CARTESIAN_POINT ( 'NONE',  ( 0.0000000000000000000, 0.0000000000000000000, 4.000000000000000000 ) ) ;
#5753 = DIRECTION ( 'NONE',  ( 1.000000000000000000, 0.0000000000000000000, 0.0000000000000000000 ) ) ;
#5754 = EDGE_CURVE ( 'NONE', #5551, #4583, #3175, .T. ) ;
#5755 = FACE_OUTER_BOUND ( 'NONE', #3361, .T. ) ;
#5756 = CARTESIAN_POINT ( 'NONE',  ( 5.059999999999999609, -0.8000000000000042633, -0.005000000000000000104 ) ) ;
#5757 = CARTESIAN_POINT ( 'NONE',  ( -7.119408188706580987, -0.6041223719984972762, 3.855868183907189994 ) ) ;
#5758 = EDGE_CURVE ( 'NONE', #4357, #609, #3836, .T. ) ;
#5759 = CARTESIAN_POINT ( 'NONE',  ( -2.536198336770760786, 3.210225366088506949, 1.969999999999999973 ) ) ;
#5760 = ORIENTED_EDGE ( 'NONE', *, *, #5726, .T. ) ;
#5761 = ORIENTED_EDGE ( 'NONE', *, *, #3105, .T. ) ;
#5762 = CARTESIAN_POINT ( 'NONE',  ( -3.499999999999999556, -7.159999999999999254, -0.005000000000000000104 ) ) ;
#5763 = ORIENTED_EDGE ( 'NONE', *, *, #7736, .T. ) ;
#5764 = DIRECTION ( 'NONE',  ( -0.0000000000000000000, -0.0000000000000000000, -1.000000000000000000 ) ) ;
#5765 = CARTESIAN_POINT ( 'NONE',  ( 6.967758820037846412, -2.003206685737844328, 3.749999999999999112 ) ) ;
#5766 = CARTESIAN_POINT ( 'NONE',  ( -3.799999999999999822, 4.653657836759942730E-16, 4.000000000000000000 ) ) ;
#5767 = EDGE_LOOP ( 'NONE', ( #7367, #3901, #7944, #702 ) ) ;
#5768 = MECHANICAL_DESIGN_GEOMETRIC_PRESENTATION_REPRESENTATION (  '', ( #4406 ), #5086 ) ;
#5769 = ORIENTED_EDGE ( 'NONE', *, *, #8520, .F. ) ;
#5770 = CARTESIAN_POINT ( 'NONE',  ( 2.869930745331958466, 2.837066312230940746, 2.000000000000000000 ) ) ;
#5771 = VECTOR ( 'NONE', #8103, 1000.000000000000114 ) ;
#5772 = CARTESIAN_POINT ( 'NONE',  ( -3.649434712132887171, 2.098317599051054749, 3.491481338843134095E-17 ) ) ;
#5773 = FACE_OUTER_BOUND ( 'NONE', #1234, .T. ) ;
#5774 = EDGE_LOOP ( 'NONE', ( #8300, #5410, #5202, #3728 ) ) ;
#5775 = DIRECTION ( 'NONE',  ( 0.0000000000000000000, -0.0000000000000000000, 1.000000000000000000 ) ) ;
#5776 = CARTESIAN_POINT ( 'NONE',  ( 3.239221501367550715, 2.499058416603145094, 1.969999999999999973 ) ) ;
#5777 = PRESENTATION_LAYER_ASSIGNMENT (  '', '', ( #952 ) ) ;
#5778 = PRESENTATION_LAYER_ASSIGNMENT (  '', '', ( #5370 ) ) ;
#5779 = CARTESIAN_POINT ( 'NONE',  ( -3.642323042638033748, 2.091287367405086695, 0.0000000000000000000 ) ) ;
#5780 = CIRCLE ( 'NONE', #1656, 0.2999999999999999334 ) ;
#5781 = CARTESIAN_POINT ( 'NONE',  ( -6.483433319033341746, 3.002670344113644418, 2.144131816092797571 ) ) ;
#5782 = FACE_OUTER_BOUND ( 'NONE', #5310, .T. ) ;
#5783 = CARTESIAN_POINT ( 'NONE',  ( 0.0000000000000000000, 0.0000000000000000000, -0.01000000000000000021 ) ) ;
#5784 = ORIENTED_EDGE ( 'NONE', *, *, #890, .T. ) ;
#5785 = EDGE_CURVE ( 'NONE', #6386, #7600, #2543, .T. ) ;
#5786 = DIRECTION ( 'NONE',  ( -0.0000000000000000000, -0.0000000000000000000, -1.000000000000000000 ) ) ;
#5787 = CARTESIAN_POINT ( 'NONE',  ( 3.250000000000002220, -7.224999999999999645, 2.000000000000000000 ) ) ;
#5788 = DIRECTION ( 'NONE',  ( 0.0000000000000000000, 0.0000000000000000000, -1.000000000000000000 ) ) ;
#5789 = PLANE ( 'NONE',  #3850 ) ;
#5790 = DIRECTION ( 'NONE',  ( 1.000000000000000000, 0.0000000000000000000, 0.0000000000000000000 ) ) ;
#5791 = FILL_AREA_STYLE ('',( #7092 ) ) ;
#5792 = STYLED_ITEM ( 'NONE', ( #7246 ), #2981 ) ;
#5793 = EDGE_LOOP ( 'NONE', ( #6316, #1057, #6535, #6883 ) ) ;
#5794 = DIRECTION ( 'NONE',  ( -1.000000000000000000, 1.224646799147351482E-16, 0.0000000000000000000 ) ) ;
#5795 = ORIENTED_EDGE ( 'NONE', *, *, #3477, .T. ) ;
#5796 = ORIENTED_EDGE ( 'NONE', *, *, #6387, .F. ) ;
#5797 = EDGE_CURVE ( 'NONE', #5984, #3698, #565, .T. ) ;
#5798 = DIRECTION ( 'NONE',  ( -1.000000000000000000, 0.0000000000000000000, 0.0000000000000000000 ) ) ;
#5799 = ORIENTED_EDGE ( 'NONE', *, *, #1614, .F. ) ;
#5800 = EDGE_CURVE ( 'NONE', #3713, #4743, #2547, .T. ) ;
#5801 = EDGE_CURVE ( 'NONE', #143, #354, #2410, .T. ) ;
#5802 = EDGE_CURVE ( 'NONE', #7107, #8026, #2862, .T. ) ;
#5803 = CARTESIAN_POINT ( 'NONE',  ( 0.7628348534795985625, -7.209756097560911847, 3.750000000000003997 ) ) ;
#5804 = CARTESIAN_POINT ( 'NONE',  ( 3.628058984723877334, 2.070155953542735183, 1.989999999999998659 ) ) ;
#5805 = DIRECTION ( 'NONE',  ( -0.0000000000000000000, -0.0000000000000000000, -1.000000000000000000 ) ) ;
#5806 = FILL_AREA_STYLE_COLOUR ( '', #3028 ) ;
#5807 = ORIENTED_EDGE ( 'NONE', *, *, #6549, .T. ) ;
#5808 = VERTEX_POINT ( 'NONE', #6249 ) ;
#5809 = VECTOR ( 'NONE', #4473, 1000.000000000000000 ) ;
#5810 = ORIENTED_EDGE ( 'NONE', *, *, #2573, .F. ) ;
#5811 = EDGE_CURVE ( 'NONE', #2845, #5287, #5960, .T. ) ;
#5812 = DIRECTION ( 'NONE',  ( 0.7111669494853501972, -0.7030231645968014753, 0.0000000000000000000 ) ) ;
#5813 = DIRECTION ( 'NONE',  ( -0.0000000000000000000, -0.0000000000000000000, 1.000000000000000000 ) ) ;
#5814 = CARTESIAN_POINT ( 'NONE',  ( 6.217354776143386275, 3.216286614648486974, 2.000000000000000000 ) ) ;
#5815 = ORIENTED_EDGE ( 'NONE', *, *, #8189, .T. ) ;
#5816 = DIRECTION ( 'NONE',  ( -0.7111669494853645190, 0.7030231645967869314, 0.0000000000000000000 ) ) ;
#5817 = ORIENTED_EDGE ( 'NONE', *, *, #7808, .T. ) ;
#5818 = VECTOR ( 'NONE', #4037, 1000.000000000000114 ) ;
#5819 = EDGE_CURVE ( 'NONE', #8482, #3145, #4977, .T. ) ;
#5820 = FACE_OUTER_BOUND ( 'NONE', #4491, .T. ) ;
#5821 = LINE ( 'NONE', #6391, #204 ) ;
#5822 = CIRCLE ( 'NONE', #7627, 0.09999999999999982514 ) ;
#5823 = DIRECTION ( 'NONE',  ( -0.0000000000000000000, -0.0000000000000000000, -1.000000000000000000 ) ) ;
#5824 = ORIENTED_EDGE ( 'NONE', *, *, #52, .F. ) ;
#5825 = CARTESIAN_POINT ( 'NONE',  ( 3.624543868900893528, 2.073711788290161895, 1.989999999999998659 ) ) ;
#5826 = ORIENTED_EDGE ( 'NONE', *, *, #6689, .T. ) ;
#5827 = DIRECTION ( 'NONE',  ( 0.0000000000000000000, 0.0000000000000000000, -1.000000000000000000 ) ) ;
#5828 = AXIS2_PLACEMENT_3D ( 'NONE', #2776, #4014, #2734 ) ;
#5829 = CARTESIAN_POINT ( 'NONE',  ( -5.160000000000005471, -4.900000000000001243, 0.0000000000000000000 ) ) ;
#5830 = FACE_OUTER_BOUND ( 'NONE', #1233, .T. ) ;
#5831 = CARTESIAN_POINT ( 'NONE',  ( 3.250000000000002220, -7.224999999999999645, 1.990000000000000435 ) ) ;
#5832 = CARTESIAN_POINT ( 'NONE',  ( 5.150000000000000355, -0.8000000000000042633, 1.989999999999999991 ) ) ;
#5833 = VECTOR ( 'NONE', #4862, 1000.000000000000000 ) ;
#5834 = EDGE_LOOP ( 'NONE', ( #7396, #366, #6991, #2055 ) ) ;
#5835 = ORIENTED_EDGE ( 'NONE', *, *, #6745, .T. ) ;
#5836 = VERTEX_POINT ( 'NONE', #6205 ) ;
#5837 = CARTESIAN_POINT ( 'NONE',  ( 3.239221501367553380, 2.499058416603147759, 0.9699999999999999734 ) ) ;
#5838 = ORIENTED_EDGE ( 'NONE', *, *, #7918, .T. ) ;
#5839 = CIRCLE ( 'NONE', #1170, 1.249999999999994227 ) ;
#5840 = PLANE ( 'NONE',  #250 ) ;
#5841 = FACE_OUTER_BOUND ( 'NONE', #7083, .T. ) ;
#5842 = ORIENTED_EDGE ( 'NONE', *, *, #2839, .F. ) ;
#5843 = ADVANCED_FACE ( 'NONE', ( #7514 ), #7558, .F. ) ;
#5844 = ADVANCED_FACE ( 'NONE', ( #4924 ), #2175, .F. ) ;
#5845 = ADVANCED_FACE ( 'NONE', ( #8157 ), #6859, .T. ) ;
#5846 = VERTEX_POINT ( 'NONE', #4796 ) ;
#5847 = VERTEX_POINT ( 'NONE', #7415 ) ;
#5848 = ORIENTED_EDGE ( 'NONE', *, *, #1340, .F. ) ;
#5849 = FACE_OUTER_BOUND ( 'NONE', #883, .T. ) ;
#5850 = ADVANCED_FACE ( 'NONE', ( #4149 ), #3900, .T. ) ;
#5851 = FACE_OUTER_BOUND ( 'NONE', #741, .T. ) ;
#5852 = CARTESIAN_POINT ( 'NONE',  ( 0.0000000000000000000, 0.0000000000000000000, 2.249999999999996003 ) ) ;
#5853 = LINE ( 'NONE', #8503, #1805 ) ;
#5854 = DIRECTION ( 'NONE',  ( -6.229955439320539113E-15, -6.229955439320539113E-15, 1.000000000000000000 ) ) ;
#5855 = ADVANCED_FACE ( 'NONE', ( #2218 ), #4838, .F. ) ;
#5856 = CARTESIAN_POINT ( 'NONE',  ( -3.628099703648321572, 2.077226904113146144, 1.969999999999999973 ) ) ;
#5857 = AXIS2_PLACEMENT_3D ( 'NONE', #4665, #1323, #7142 ) ;
#5858 = ORIENTED_EDGE ( 'NONE', *, *, #5633, .F. ) ;
#5859 = ORIENTED_EDGE ( 'NONE', *, *, #7712, .F. ) ;
#5860 = B_SPLINE_CURVE_WITH_KNOTS ( 'NONE', 3,
 ( #6993, #2488, #3841, #1736 ),
 .UNSPECIFIED., .F., .F.,
 ( 4, 4 ),
 ( 0.0000000000000000000, 0.0005511928767348266015 ),
 .UNSPECIFIED. ) ;
#5861 = CARTESIAN_POINT ( 'NONE',  ( -5.160000000000005471, -5.898932796319721561, -0.01000000000000000021 ) ) ;
#5862 = MECHANICAL_DESIGN_GEOMETRIC_PRESENTATION_REPRESENTATION (  '', ( #8080 ), #758 ) ;
#5863 = DIRECTION ( 'NONE',  ( -2.521175704717234448E-15, -2.492304969624203411E-15, 1.000000000000000000 ) ) ;
#5864 = LINE ( 'NONE', #8556, #6055 ) ;
#5865 = ADVANCED_FACE ( 'NONE', ( #5522 ), #3075, .T. ) ;
#5866 = CONICAL_SURFACE ( 'NONE', #6976, 7.000000000000001776, 0.7853981633974447263 ) ;
#5867 = DIRECTION ( 'NONE',  ( -1.000000000000000000, 0.0000000000000000000, -0.0000000000000000000 ) ) ;
#5868 = ORIENTED_EDGE ( 'NONE', *, *, #6831, .F. ) ;
#5869 = VECTOR ( 'NONE', #7414, 1000.000000000000000 ) ;
#5870 = PLANE ( 'NONE',  #276 ) ;
#5871 = B_SPLINE_CURVE_WITH_KNOTS ( 'NONE', 3,
 ( #5060, #2533, #1174, #5186 ),
 .UNSPECIFIED., .F., .F.,
 ( 4, 4 ),
 ( 0.0000000000000000000, 0.0005511928767352101922 ),
 .UNSPECIFIED. ) ;
#5872 = DIRECTION ( 'NONE',  ( 0.7111669494853618545, 0.7030231645967895959, 3.545124961925875515E-15 ) ) ;
#5873 = LINE ( 'NONE', #1749, #4382 ) ;
#5874 = DIRECTION ( 'NONE',  ( 0.0000000000000000000, 0.0000000000000000000, -1.000000000000000000 ) ) ;
#5875 = AXIS2_PLACEMENT_3D ( 'NONE', #5113, #2414, #522 ) ;
#5876 = CARTESIAN_POINT ( 'NONE',  ( 1.974999999999994538, -7.250000000000000000, 0.0000000000000000000 ) ) ;
#5877 = DIRECTION ( 'NONE',  ( 1.000000000000000000, 0.0000000000000000000, 0.0000000000000000000 ) ) ;
#5878 = EDGE_LOOP ( 'NONE', ( #339, #6220, #3311, #5720, #3363, #3433, #4189, #5078 ) ) ;
#5879 = ORIENTED_EDGE ( 'NONE', *, *, #5754, .F. ) ;
#5880 = ORIENTED_EDGE ( 'NONE', *, *, #921, .F. ) ;
#5881 = CARTESIAN_POINT ( 'NONE',  ( 3.250000000000002220, -7.224999999999999645, 1.990000000000000435 ) ) ;
#5882 = ORIENTED_EDGE ( 'NONE', *, *, #5557, .T. ) ;
#5883 = CARTESIAN_POINT ( 'NONE',  ( 5.149999999999999467, -7.250000000000000000, 0.0000000000000000000 ) ) ;
#5884 = FILL_AREA_STYLE ('',( #50 ) ) ;
#5885 = DIRECTION ( 'NONE',  ( 0.0000000000000000000, 1.000000000000000000, 0.0000000000000000000 ) ) ;
#5886 = ORIENTED_EDGE ( 'NONE', *, *, #5071, .T. ) ;
#5887 = ORIENTED_EDGE ( 'NONE', *, *, #2758, .T. ) ;
#5888 = ORIENTED_EDGE ( 'NONE', *, *, #4230, .F. ) ;
#5889 = PRESENTATION_STYLE_ASSIGNMENT (( #2115 ) ) ;
#5890 = EDGE_CURVE ( 'NONE', #7179, #6012, #2525, .T. ) ;
#5891 = ADVANCED_FACE ( 'NONE', ( #5691 ), #3832, .T. ) ;
#5892 = EDGE_CURVE ( 'NONE', #4535, #4813, #5140, .T. ) ;
#5893 = CARTESIAN_POINT ( 'NONE',  ( 3.674999999999999822, -4.500000000000000000, -0.5000000000000000000 ) ) ;
#5894 = LINE ( 'NONE', #8542, #913 ) ;
#5895 =( GEOMETRIC_REPRESENTATION_CONTEXT ( 3 ) GLOBAL_UNCERTAINTY_ASSIGNED_CONTEXT ( ( #1865 ) ) GLOBAL_UNIT_ASSIGNED_CONTEXT ( ( #3186, #7540, #1712 ) ) REPRESENTATION_CONTEXT ( 'NONE', 'WORKASPACE' ) );
#5896 = CARTESIAN_POINT ( 'NONE',  ( 4.049976487849747286, -6.013334386832666745, 4.000000000000000000 ) ) ;
#5897 = DIRECTION ( 'NONE',  ( -0.0000000000000000000, 0.0000000000000000000, -1.000000000000000000 ) ) ;
#5898 = DIRECTION ( 'NONE',  ( -0.0000000000000000000, -0.0000000000000000000, -1.000000000000000000 ) ) ;
#5899 = DIRECTION ( 'NONE',  ( -0.0000000000000000000, -0.0000000000000000000, 1.000000000000000000 ) ) ;
#5900 = ORIENTED_EDGE ( 'NONE', *, *, #415, .F. ) ;
#5901 = ORIENTED_EDGE ( 'NONE', *, *, #6329, .T. ) ;
#5902 = AXIS2_PLACEMENT_3D ( 'NONE', #2178, #8214, #989 ) ;
#5903 = ADVANCED_FACE ( 'NONE', ( #2479 ), #7813, .T. ) ;
#5904 = FACE_OUTER_BOUND ( 'NONE', #7889, .T. ) ;
#5905 = DIRECTION ( 'NONE',  ( 0.7111669494853618545, 0.7030231645967895959, 3.545124961925875515E-15 ) ) ;
#5906 = CARTESIAN_POINT ( 'NONE',  ( 6.830159262260666608, -1.532620126500623181, 4.000000000000000000 ) ) ;
#5907 = LINE ( 'NONE', #7242, #1507 ) ;
#5908 = VECTOR ( 'NONE', #889, 1000.000000000000000 ) ;
#5909 = CARTESIAN_POINT ( 'NONE',  ( 0.0000000000000000000, 0.0000000000000000000, 4.000000000000000000 ) ) ;
#5910 = DIRECTION ( 'NONE',  ( 1.000000000000000000, 0.0000000000000000000, 0.0000000000000000000 ) ) ;
#5911 = ORIENTED_EDGE ( 'NONE', *, *, #1947, .T. ) ;
#5912 = EDGE_CURVE ( 'NONE', #4396, #1756, #26, .T. ) ;
#5913 = DIRECTION ( 'NONE',  ( 0.7030231645968015863, 0.7111669494853500861, -0.0000000000000000000 ) ) ;
#5914 = CIRCLE ( 'NONE', #4426, 6.999999999999999112 ) ;
#5915 = CARTESIAN_POINT ( 'NONE',  ( -2.087791667227212322, -6.681401496262338924, 4.000000000000000000 ) ) ;
#5916 = FACE_OUTER_BOUND ( 'NONE', #6061, .T. ) ;
#5917 = CARTESIAN_POINT ( 'NONE',  ( 6.830159262260666608, -1.532620126500622737, 2.000000000000000000 ) ) ;
#5918 = ORIENTED_EDGE ( 'NONE', *, *, #4762, .F. ) ;
#5919 = VERTEX_POINT ( 'NONE', #7067 ) ;
#5920 = ORIENTED_EDGE ( 'NONE', *, *, #6856, .F. ) ;
#5921 = CARTESIAN_POINT ( 'NONE',  ( -5.060000000000007603, -5.898932796319720673, -0.01000000000000000021 ) ) ;
#5922 = ORIENTED_EDGE ( 'NONE', *, *, #1581, .F. ) ;
#5923 = EDGE_CURVE ( 'NONE', #3480, #90, #5053, .T. ) ;
#5924 =( LENGTH_UNIT ( ) NAMED_UNIT ( * ) SI_UNIT ( .MILLI., .METRE. ) );
#5925 = PRESENTATION_LAYER_ASSIGNMENT (  '', '', ( #3596 ) ) ;
#5926 = DIRECTION ( 'NONE',  ( -0.0000000000000000000, -0.0000000000000000000, -1.000000000000000000 ) ) ;
#5927 = FACE_OUTER_BOUND ( 'NONE', #2937, .T. ) ;
#5928 = ORIENTED_EDGE ( 'NONE', *, *, #7686, .F. ) ;
#5929 = LINE ( 'NONE', #6534, #4017 ) ;
#5930 = SURFACE_STYLE_USAGE ( .BOTH. , #7843 ) ;
#5931 = ORIENTED_EDGE ( 'NONE', *, *, #3453, .F. ) ;
#5932 = ORIENTED_EDGE ( 'NONE', *, *, #4963, .T. ) ;
#5933 = ORIENTED_EDGE ( 'NONE', *, *, #1647, .F. ) ;
#5934 = CIRCLE ( 'NONE', #2243, 1.249999999999997113 ) ;
#5935 = DIRECTION ( 'NONE',  ( 0.0000000000000000000, -1.000000000000000000, 0.0000000000000000000 ) ) ;
#5936 = CARTESIAN_POINT ( 'NONE',  ( -3.644895844802441331, 2.086800009713892567, 2.000000000000000000 ) ) ;
#5937 = DIRECTION ( 'NONE',  ( -1.000000000000000000, 0.0000000000000000000, 3.486881358747351719E-15 ) ) ;
#5938 = DIRECTION ( 'NONE',  ( 0.0000000000000000000, 0.0000000000000000000, -1.000000000000000000 ) ) ;
#5939 = CARTESIAN_POINT ( 'NONE',  ( -5.894063302207814381, -3.776243873158500186, 4.000000000000000000 ) ) ;
#5940 = DIRECTION ( 'NONE',  ( 1.000000000000000000, 0.0000000000000000000, 0.0000000000000000000 ) ) ;
#5941 = ORIENTED_EDGE ( 'NONE', *, *, #8436, .F. ) ;
#5942 = CIRCLE ( 'NONE', #2386, 1.249999999999998446 ) ;
#5943 = LINE ( 'NONE', #1335, #5735 ) ;
#5944 = PLANE ( 'NONE',  #3535 ) ;
#5945 = ADVANCED_FACE ( 'NONE', ( #7687 ), #7770, .F. ) ;
#5946 = CARTESIAN_POINT ( 'NONE',  ( -2.674424632239814414, 3.070397864182843328, 0.4299591213836870818 ) ) ;
#5947 = CARTESIAN_POINT ( 'NONE',  ( 0.0000000000000000000, 0.0000000000000000000, 3.700000000000000178 ) ) ;
#5948 = AXIS2_PLACEMENT_3D ( 'NONE', #3510, #6123, #8116 ) ;
#5949 = EDGE_CURVE ( 'NONE', #4215, #1043, #420, .T. ) ;
#5950 = CARTESIAN_POINT ( 'NONE',  ( -6.217354776144365935, 3.216286614646583608, 4.000000000000000000 ) ) ;
#5951 = ADVANCED_FACE ( 'NONE', ( #6336 ), #1860, .F. ) ;
#5952 = ADVANCED_FACE ( 'NONE', ( #2564 ), #3797, .F. ) ;
#5953 = ORIENTED_EDGE ( 'NONE', *, *, #3802, .T. ) ;
#5954 = DIRECTION ( 'NONE',  ( -0.7030231645967892629, -0.7111669494853621876, 0.0000000000000000000 ) ) ;
#5955 = CARTESIAN_POINT ( 'NONE',  ( 0.0000000000000000000, 0.0000000000000000000, 2.000000000000000000 ) ) ;
#5956 = AXIS2_PLACEMENT_3D ( 'NONE', #4132, #6755, #835 ) ;
#5957 = PLANE ( 'NONE',  #6135 ) ;
#5958 = EDGE_LOOP ( 'NONE', ( #6523, #6241, #4869, #176, #1925, #6441, #6273, #1453 ) ) ;
#5959 = ADVANCED_FACE ( 'NONE', ( #5773 ), #3117, .T. ) ;
#5960 = CIRCLE ( 'NONE', #1702, 7.250000000000000000 ) ;
#5961 = ORIENTED_EDGE ( 'NONE', *, *, #469, .F. ) ;
#5962 = VERTEX_POINT ( 'NONE', #372 ) ;
#5963 = CIRCLE ( 'NONE', #3636, 0.03000000000000094605 ) ;
#5964 = DIRECTION ( 'NONE',  ( -0.0000000000000000000, -0.0000000000000000000, -1.000000000000000000 ) ) ;
#5965 = ORIENTED_EDGE ( 'NONE', *, *, #6228, .F. ) ;
#5966 = CARTESIAN_POINT ( 'NONE',  ( 4.247056320800951745, 5.564396877285500587, 2.000000000000000000 ) ) ;
#5967 = CIRCLE ( 'NONE', #8046, 7.249999999999999112 ) ;
#5968 = MECHANICAL_DESIGN_GEOMETRIC_PRESENTATION_REPRESENTATION (  '', ( #7502 ), #5428 ) ;
#5969 = LINE ( 'NONE', #4653, #390 ) ;
#5970 = FACE_OUTER_BOUND ( 'NONE', #4695, .T. ) ;
#5971 = ORIENTED_EDGE ( 'NONE', *, *, #2567, .T. ) ;
#5972 = CARTESIAN_POINT ( 'NONE',  ( -5.862414508837950677, 4.265512410785636810, 2.249999999999999556 ) ) ;
#5973 = ORIENTED_EDGE ( 'NONE', *, *, #4763, .F. ) ;
#5974 = ORIENTED_EDGE ( 'NONE', *, *, #1065, .T. ) ;
#5975 = EDGE_CURVE ( 'NONE', #2419, #4351, #4459, .T. ) ;
#5976 = ORIENTED_EDGE ( 'NONE', *, *, #3236, .T. ) ;
#5977 = FACE_OUTER_BOUND ( 'NONE', #791, .T. ) ;
#5978 = SURFACE_STYLE_USAGE ( .BOTH. , #3286 ) ;
#5979 = VECTOR ( 'NONE', #8082, 1000.000000000000114 ) ;
#5980 = DIRECTION ( 'NONE',  ( 0.0000000000000000000, 0.0000000000000000000, -1.000000000000000000 ) ) ;
#5981 = CARTESIAN_POINT ( 'NONE',  ( -5.150000000000003020, -3.963704366711342963, 1.200000000000017941 ) ) ;
#5982 = PLANE ( 'NONE',  #2662 ) ;
#5983 = EDGE_CURVE ( 'NONE', #3605, #5685, #1899, .T. ) ;
#5984 = VERTEX_POINT ( 'NONE', #1073 ) ;
#5985 = FACE_OUTER_BOUND ( 'NONE', #7171, .T. ) ;
#5986 = CARTESIAN_POINT ( 'NONE',  ( 2.999999999999999556, -4.500000000000000000, 0.0000000000000000000 ) ) ;
#5987 = CARTESIAN_POINT ( 'NONE',  ( -6.625249362317262580, 2.944243686775046775, 3.749999999999998224 ) ) ;
#5988 = CARTESIAN_POINT ( 'NONE',  ( 3.255000000000001670, -7.250000000000000000, 2.000000000000000000 ) ) ;
#5989 = DIRECTION ( 'NONE',  ( -0.0000000000000000000, -0.0000000000000000000, -1.000000000000000000 ) ) ;
#5990 =( LENGTH_UNIT ( ) NAMED_UNIT ( * ) SI_UNIT ( .MILLI., .METRE. ) );
#5991 = VERTEX_POINT ( 'NONE', #8283 ) ;
#5992 = DIRECTION ( 'NONE',  ( -1.000000000000000000, 0.0000000000000000000, 0.0000000000000000000 ) ) ;
#5993 = CARTESIAN_POINT ( 'NONE',  ( -3.100995205898505969, 2.638885918508816264, 0.4299591213836870818 ) ) ;
#5994 = CARTESIAN_POINT ( 'NONE',  ( -5.150000000000000355, -4.724710424241401974, 1.988239158481577507 ) ) ;
#5995 = EDGE_CURVE ( 'NONE', #4371, #467, #3877, .T. ) ;
#5996 = CARTESIAN_POINT ( 'NONE',  ( 5.060000000000005826, -4.900000000000001243, 0.0000000000000000000 ) ) ;
#5997 = EDGE_CURVE ( 'NONE', #4584, #3409, #1417, .T. ) ;
#5998 = VECTOR ( 'NONE', #4321, 1000.000000000000000 ) ;
#5999 = AXIS2_PLACEMENT_3D ( 'NONE', #1639, #5604, #808 ) ;
#6000 = ORIENTED_EDGE ( 'NONE', *, *, #2154, .F. ) ;
#6001 = CARTESIAN_POINT ( 'NONE',  ( -7.101408311031883969, -4.100000000000297184, 4.000000000000000000 ) ) ;
#6002 = EDGE_LOOP ( 'NONE', ( #3487, #3562, #8528, #1645, #6536, #3279 ) ) ;
#6003 = VERTEX_POINT ( 'NONE', #755 ) ;
#6004 = CARTESIAN_POINT ( 'NONE',  ( 2.681536301734668726, 3.077428095828809163, -0.01000000000000000021 ) ) ;
#6005 = ORIENTED_EDGE ( 'NONE', *, *, #994, .F. ) ;
#6006 = EDGE_CURVE ( 'NONE', #8476, #3662, #710, .T. ) ;
#6007 = CARTESIAN_POINT ( 'NONE',  ( -4.247056320799500462, -5.564396877286613474, 2.000000000000000000 ) ) ;
#6008 = VECTOR ( 'NONE', #3895, 1000.000000000000000 ) ;
#6009 = EDGE_CURVE ( 'NONE', #7826, #1587, #3414, .T. ) ;
#6010 = DIRECTION ( 'NONE',  ( -0.0000000000000000000, 1.000000000000000000, -0.0000000000000000000 ) ) ;
#6011 = LINE ( 'NONE', #6661, #3918 ) ;
#6012 = VERTEX_POINT ( 'NONE', #7189 ) ;
#6013 = EDGE_LOOP ( 'NONE', ( #916, #6046, #7753, #5911 ) ) ;
#6014 = EDGE_LOOP ( 'NONE', ( #6971, #4710, #5868, #501 ) ) ;
#6015 = CARTESIAN_POINT ( 'NONE',  ( 5.159999999999998366, -1.800000000000004263, -0.005000000000000000104 ) ) ;
#6016 = ORIENTED_EDGE ( 'NONE', *, *, #3305, .T. ) ;
#6017 = ADVANCED_FACE ( 'NONE', ( #4580 ), #586, .T. ) ;
#6018 = DIRECTION ( 'NONE',  ( 3.469446951953614189E-15, 0.0000000000000000000, -1.000000000000000000 ) ) ;
#6019 = EDGE_CURVE ( 'NONE', #7263, #8278, #4324, .T. ) ;
#6020 = CARTESIAN_POINT ( 'NONE',  ( -6.217354776144097706, -3.216286614647101860, 4.000000000000000000 ) ) ;
#6021 = DIRECTION ( 'NONE',  ( -0.0000000000000000000, -0.0000000000000000000, -1.000000000000000000 ) ) ;
#6022 = DIRECTION ( 'NONE',  ( -0.0000000000000000000, -0.0000000000000000000, 1.000000000000000000 ) ) ;
#6023 = DIRECTION ( 'NONE',  ( 0.0000000000000000000, 1.000000000000000000, 0.0000000000000000000 ) ) ;
#6024 = ORIENTED_EDGE ( 'NONE', *, *, #2509, .F. ) ;
#6025 = ADVANCED_FACE ( 'NONE', ( #629 ), #5215, .F. ) ;
#6026 = CARTESIAN_POINT ( 'NONE',  ( -5.270858399429021901, -6.281564433575838713, 4.000000000000000000 ) ) ;
#6027 = DIRECTION ( 'NONE',  ( 0.0000000000000000000, -1.000000000000000000, 0.0000000000000000000 ) ) ;
#6028 = CARTESIAN_POINT ( 'NONE',  ( 5.160000000000005471, -4.900000000000001243, -0.0000000000000000000 ) ) ;
#6029 = CARTESIAN_POINT ( 'NONE',  ( -5.149999999999999467, -7.250000000000000000, 1.989999999999999991 ) ) ;
#6030 = DIRECTION ( 'NONE',  ( -0.0000000000000000000, -0.0000000000000000000, -1.000000000000000000 ) ) ;
#6031 = DIRECTION ( 'NONE',  ( -1.000000000000000000, 1.196361017915039486E-16, 0.0000000000000000000 ) ) ;
#6032 = CARTESIAN_POINT ( 'NONE',  ( -6.217354776144097706, -3.216286614647101860, 4.000000000000000000 ) ) ;
#6033 = ORIENTED_EDGE ( 'NONE', *, *, #4389, .T. ) ;
#6034 = AXIS2_PLACEMENT_3D ( 'NONE', #3060, #1665, #3613 ) ;
#6035 = LINE ( 'NONE', #5356, #3631 ) ;
#6036 = CARTESIAN_POINT ( 'NONE',  ( -5.160000000000005471, -7.249999999999997335, 0.1392243887514867939 ) ) ;
#6037 = CARTESIAN_POINT ( 'NONE',  ( 2.999999999999999556, -4.500000000000000000, -0.4000000000000000222 ) ) ;
#6038 = CARTESIAN_POINT ( 'NONE',  ( 0.0000000000000000000, 0.0000000000000000000, 4.000000000000000000 ) ) ;
#6039 = AXIS2_PLACEMENT_3D ( 'NONE', #3762, #6385, #8376 ) ;
#6040 = CARTESIAN_POINT ( 'NONE',  ( 4.499999999999998224, -7.160000000000000142, -0.005000000000000000104 ) ) ;
#6041 = DIRECTION ( 'NONE',  ( 1.000000000000000000, -2.197613586736894316E-31, 7.454088631911124591E-46 ) ) ;
#6042 = EDGE_CURVE ( 'NONE', #5161, #2113, #5305, .T. ) ;
#6043 = VERTEX_POINT ( 'NONE', #7317 ) ;
#6044 = FILL_AREA_STYLE_COLOUR ( '', #7054 ) ;
#6045 = EDGE_LOOP ( 'NONE', ( #5817, #3857, #5879, #1156, #5953, #5042 ) ) ;
#6046 = ORIENTED_EDGE ( 'NONE', *, *, #4878, .F. ) ;
#6047 = PLANE ( 'NONE',  #2412 ) ;
#6048 = VERTEX_POINT ( 'NONE', #2078 ) ;
#6049 = VECTOR ( 'NONE', #225, 1000.000000000000000 ) ;
#6050 = CIRCLE ( 'NONE', #2361, 7.250000000000000000 ) ;
#6051 = PRESENTATION_STYLE_ASSIGNMENT (( #786 ) ) ;
#6052 = DIRECTION ( 'NONE',  ( -1.000000000000000000, 1.196361017915039486E-16, 0.0000000000000000000 ) ) ;
#6053 = CARTESIAN_POINT ( 'NONE',  ( 2.133096795500278642, 3.617996415286566680, 0.4299591213836834180 ) ) ;
#6054 = EDGE_CURVE ( 'NONE', #3599, #4567, #7271, .T. ) ;
#6055 = VECTOR ( 'NONE', #1950, 1000.000000000000114 ) ;
#6056 = ORIENTED_EDGE ( 'NONE', *, *, #2556, .F. ) ;
#6057 = CARTESIAN_POINT ( 'NONE',  ( -2.128639366018726609, 3.620620727090231750, 1.989999999999999991 ) ) ;
#6058 = ORIENTED_EDGE ( 'NONE', *, *, #2920, .T. ) ;
#6059 = ORIENTED_EDGE ( 'NONE', *, *, #1070, .T. ) ;
#6060 = EDGE_CURVE ( 'NONE', #3216, #3662, #4747, .T. ) ;
#6061 = EDGE_LOOP ( 'NONE', ( #1798, #2625, #7542, #3748 ) ) ;
#6062 = EDGE_CURVE ( 'NONE', #7402, #928, #311, .T. ) ;
#6063 = EDGE_CURVE ( 'NONE', #3698, #3847, #8543, .T. ) ;
#6064 = DIRECTION ( 'NONE',  ( -0.7111669494853622986, -0.7030231645967891518, 0.0000000000000000000 ) ) ;
#6065 = VECTOR ( 'NONE', #3244, 1000.000000000000000 ) ;
#6066 = CARTESIAN_POINT ( 'NONE',  ( -0.7628348534790005964, 7.209756097560974908, 4.000000000000000000 ) ) ;
#6067 = EDGE_CURVE ( 'NONE', #8211, #4567, #5967, .T. ) ;
#6068 = LINE ( 'NONE', #150, #4195 ) ;
#6069 = VECTOR ( 'NONE', #1260, 1000.000000000000114 ) ;
#6070 = ORIENTED_EDGE ( 'NONE', *, *, #415, .T. ) ;
#6071 = EDGE_CURVE ( 'NONE', #5505, #8221, #2133, .T. ) ;
#6072 = LINE ( 'NONE', #7634, #3374 ) ;
#6073 = CARTESIAN_POINT ( 'NONE',  ( 7.232688584372496621, 0.5007153297910844625, 4.000000000000000000 ) ) ;
#6074 = VECTOR ( 'NONE', #63, 1000.000000000000114 ) ;
#6075 = CARTESIAN_POINT ( 'NONE',  ( -3.182712096523577561, 6.514049716623484976, 3.749999999999994671 ) ) ;
#6076 = CARTESIAN_POINT ( 'NONE',  ( -4.066399021986069506, 5.938585211213875503, 2.197175046756835837 ) ) ;
#6077 = FACE_OUTER_BOUND ( 'NONE', #2294, .T. ) ;
#6078 = LINE ( 'NONE', #3589, #1802 ) ;
#6079 =( LENGTH_UNIT ( ) NAMED_UNIT ( * ) SI_UNIT ( .MILLI., .METRE. ) );
#6080 = FACE_OUTER_BOUND ( 'NONE', #5210, .T. ) ;
#6081 = EDGE_CURVE ( 'NONE', #4342, #6740, #1266, .T. ) ;
#6082 = VECTOR ( 'NONE', #4262, 1000.000000000000000 ) ;
#6083 = CARTESIAN_POINT ( 'NONE',  ( -5.894063302208126132, 3.776243873158017017, 4.000000000000000000 ) ) ;
#6084 = LINE ( 'NONE', #8079, #5128 ) ;
#6085 = CARTESIAN_POINT ( 'NONE',  ( -3.182712096523036216, -6.514049716623748765, 3.749999999999993783 ) ) ;
#6086 = CIRCLE ( 'NONE', #3081, 7.250000000000000888 ) ;
#6087 = CARTESIAN_POINT ( 'NONE',  ( -0.3232914739347365063, -6.992530487804904382, 2.000000000000000000 ) ) ;
#6088 = ORIENTED_EDGE ( 'NONE', *, *, #7827, .F. ) ;
#6089 = ORIENTED_EDGE ( 'NONE', *, *, #2404, .F. ) ;
#6090 = CARTESIAN_POINT ( 'NONE',  ( -7.176165166442876497, 0.5523122493567035329, 3.802824953243149952 ) ) ;
#6091 = VERTEX_POINT ( 'NONE', #6543 ) ;
#6092 = VERTEX_POINT ( 'NONE', #2646 ) ;
#6093 = SURFACE_SIDE_STYLE ('',( #221 ) ) ;
#6094 = VERTEX_POINT ( 'NONE', #7896 ) ;
#6095 = VECTOR ( 'NONE', #4348, 1000.000000000000000 ) ;
#6096 = CIRCLE ( 'NONE', #3623, 1.249999999999995115 ) ;
#6097 = SURFACE_SIDE_STYLE ('',( #6268 ) ) ;
#6098 = CARTESIAN_POINT ( 'NONE',  ( 3.250000000000002220, -7.224999999999999645, 1.989999999999999991 ) ) ;
#6099 = DIRECTION ( 'NONE',  ( 1.000000000000000000, 0.0000000000000000000, -0.0000000000000000000 ) ) ;
#6100 = ORIENTED_EDGE ( 'NONE', *, *, #6042, .F. ) ;
#6101 = VECTOR ( 'NONE', #2439, 1000.000000000000000 ) ;
#6102 = EDGE_LOOP ( 'NONE', ( #4907, #5355, #2300, #2083, #882, #5626, #3248, #4091 ) ) ;
#6103 = ORIENTED_EDGE ( 'NONE', *, *, #7890, .F. ) ;
#6104 = ORIENTED_EDGE ( 'NONE', *, *, #3546, .T. ) ;
#6105 = CARTESIAN_POINT ( 'NONE',  ( 2.111802505940161279, 3.603976670919075254, 1.989999999999999547 ) ) ;
#6106 = VECTOR ( 'NONE', #3970, 1000.000000000000000 ) ;
#6107 = EDGE_CURVE ( 'NONE', #6884, #2935, #1989, .T. ) ;
#6108 = CIRCLE ( 'NONE', #4196, 7.250000000000000000 ) ;
#6109 = CARTESIAN_POINT ( 'NONE',  ( 3.033190751927957507, 6.473848512963910729, 2.148851813950650502 ) ) ;
#6110 = CARTESIAN_POINT ( 'NONE',  ( -3.499999999999999556, 0.0000000000000000000, 0.0000000000000000000 ) ) ;
#6111 = ORIENTED_EDGE ( 'NONE', *, *, #6371, .F. ) ;
#6112 = DIRECTION ( 'NONE',  ( 1.000000000000000000, 0.0000000000000000000, -0.0000000000000000000 ) ) ;
#6113 = ORIENTED_EDGE ( 'NONE', *, *, #3779, .F. ) ;
#6114 = CIRCLE ( 'NONE', #161, 7.249999999999999112 ) ;
#6115 = ORIENTED_EDGE ( 'NONE', *, *, #3699, .T. ) ;
#6116 = EDGE_CURVE ( 'NONE', #5919, #7311, #7229, .T. ) ;
#6117 = CARTESIAN_POINT ( 'NONE',  ( 5.150000000000000355, -6.324710424241401618, 1.988239158481577507 ) ) ;
#6118 = FACE_OUTER_BOUND ( 'NONE', #1984, .T. ) ;
#6119 = EDGE_CURVE ( 'NONE', #262, #4396, #4329, .T. ) ;
#6120 = DIRECTION ( 'NONE',  ( 1.000000000000000000, 0.0000000000000000000, 0.0000000000000000000 ) ) ;
#6121 = ORIENTED_EDGE ( 'NONE', *, *, #4236, .T. ) ;
#6122 = CARTESIAN_POINT ( 'NONE',  ( 6.217354776143661610, -3.216286614647961173, 4.000000000000000000 ) ) ;
#6123 = DIRECTION ( 'NONE',  ( 2.172311548719348426E-29, 1.000000000000000000, 6.229955439320548579E-15 ) ) ;
#6124 = ORIENTED_EDGE ( 'NONE', *, *, #1319, .F. ) ;
#6125 = DIRECTION ( 'NONE',  ( 1.000000000000000000, 0.0000000000000000000, 0.0000000000000000000 ) ) ;
#6126 = CARTESIAN_POINT ( 'NONE',  ( 2.324999999999999289, -4.500000000000000000, -0.5000000000000000000 ) ) ;
#6127 = DIRECTION ( 'NONE',  ( -1.000000000000000000, 0.0000000000000000000, 0.0000000000000000000 ) ) ;
#6128 = EDGE_CURVE ( 'NONE', #8140, #2890, #3539, .T. ) ;
#6129 = DIRECTION ( 'NONE',  ( 1.000000000000000000, 0.0000000000000000000, 0.0000000000000000000 ) ) ;
#6130 = ORIENTED_EDGE ( 'NONE', *, *, #4531, .F. ) ;
#6131 = VERTEX_POINT ( 'NONE', #4272 ) ;
#6132 = DIRECTION ( 'NONE',  ( 1.000000000000000000, 0.0000000000000000000, 0.0000000000000000000 ) ) ;
#6133 = EDGE_LOOP ( 'NONE', ( #6570, #3396, #4647, #4300 ) ) ;
#6134 = ORIENTED_EDGE ( 'NONE', *, *, #4870, .F. ) ;
#6135 = AXIS2_PLACEMENT_3D ( 'NONE', #3466, #4113, #689 ) ;
#6136 =( NAMED_UNIT ( * ) SI_UNIT ( $, .STERADIAN. ) SOLID_ANGLE_UNIT ( ) );
#6137 = ORIENTED_EDGE ( 'NONE', *, *, #4334, .T. ) ;
#6138 = AXIS2_PLACEMENT_3D ( 'NONE', #2950, #6857, #3454 ) ;
#6139 = ADVANCED_FACE ( 'NONE', ( #800 ), #8149, .F. ) ;
#6140 = AXIS2_PLACEMENT_3D ( 'NONE', #3029, #4322, #3754 ) ;
#6141 = DIRECTION ( 'NONE',  ( 0.0000000000000000000, -1.000000000000000000, 0.0000000000000000000 ) ) ;
#6142 = CARTESIAN_POINT ( 'NONE',  ( 3.250000000000002220, -7.229999999999999538, 1.970000000000000417 ) ) ;
#6143 = VERTEX_POINT ( 'NONE', #6196 ) ;
#6144 = CARTESIAN_POINT ( 'NONE',  ( -2.118873456510574016, 3.603935951994631903, 1.989999999999999103 ) ) ;
#6145 = ORIENTED_EDGE ( 'NONE', *, *, #7817, .T. ) ;
#6146 = ORIENTED_EDGE ( 'NONE', *, *, #1906, .F. ) ;
#6147 = FACE_OUTER_BOUND ( 'NONE', #3902, .T. ) ;
#6148 = EDGE_LOOP ( 'NONE', ( #6016, #2246, #7958, #1275, #1933, #2527 ) ) ;
#6149 = CIRCLE ( 'NONE', #628, 0.03000000000000094605 ) ;
#6150 = CARTESIAN_POINT ( 'NONE',  ( -6.625249362317016555, -2.944243686775596114, 3.749999999999997335 ) ) ;
#6151 = LINE ( 'NONE', #2897, #7428 ) ;
#6152 = SURFACE_SIDE_STYLE ('',( #2120 ) ) ;
#6153 = LINE ( 'NONE', #3582, #2694 ) ;
#6154 = VERTEX_POINT ( 'NONE', #7457 ) ;
#6155 = EDGE_LOOP ( 'NONE', ( #5015, #3119, #3913, #66 ) ) ;
#6156 = FACE_OUTER_BOUND ( 'NONE', #4629, .T. ) ;
#6157 = CARTESIAN_POINT ( 'NONE',  ( -5.160000000000001918, -6.173222852441612494E-16, 1.200000000000017941 ) ) ;
#6158 = CARTESIAN_POINT ( 'NONE',  ( 0.0000000000000000000, 0.0000000000000000000, 3.749999999999999112 ) ) ;
#6159 =( NAMED_UNIT ( * ) PLANE_ANGLE_UNIT ( ) SI_UNIT ( $, .RADIAN. ) );
#6160 = VERTEX_POINT ( 'NONE', #8104 ) ;
#6161 = CARTESIAN_POINT ( 'NONE',  ( 6.348083615206614461, -3.099157144377426398, 3.936143960793124119 ) ) ;
#6162 = EDGE_CURVE ( 'NONE', #6172, #4371, #6153, .T. ) ;
#6163 = FACE_OUTER_BOUND ( 'NONE', #1251, .T. ) ;
#6164 = LINE ( 'NONE', #5527, #1777 ) ;
#6165 = ORIENTED_EDGE ( 'NONE', *, *, #3593, .F. ) ;
#6166 = EDGE_CURVE ( 'NONE', #868, #7017, #1549, .T. ) ;
#6167 = EDGE_CURVE ( 'NONE', #353, #1817, #2832, .T. ) ;
#6168 = PLANE ( 'NONE',  #1390 ) ;
#6169 = AXIS2_PLACEMENT_3D ( 'NONE', #4472, #7035, #3772 ) ;
#6170 = CARTESIAN_POINT ( 'NONE',  ( 4.742367595032106031, -5.148781369760164317, 4.000000000000000000 ) ) ;
#6171 = SURFACE_STYLE_FILL_AREA ( #2230 ) ;
#6172 = VERTEX_POINT ( 'NONE', #5561 ) ;
#6173 = VECTOR ( 'NONE', #1099, 1000.000000000000000 ) ;
#6174 = VERTEX_POINT ( 'NONE', #4789 ) ;
#6175 = LINE ( 'NONE', #1573, #7893 ) ;
#6176 = EDGE_LOOP ( 'NONE', ( #5710, #6497, #4154, #333 ) ) ;
#6177 = ORIENTED_EDGE ( 'NONE', *, *, #7937, .F. ) ;
#6178 = SURFACE_STYLE_USAGE ( .BOTH. , #4216 ) ;
#6179 = ORIENTED_EDGE ( 'NONE', *, *, #7763, .T. ) ;
#6180 = EDGE_CURVE ( 'NONE', #7527, #1803, #2945, .T. ) ;
#6181 = SURFACE_SIDE_STYLE ('',( #6838 ) ) ;
#6182 = AXIS2_PLACEMENT_3D ( 'NONE', #2512, #7056, #7176 ) ;
#6183 = LINE ( 'NONE', #4902, #399 ) ;
#6184 = DIRECTION ( 'NONE',  ( -1.000000000000000000, 0.0000000000000000000, 0.0000000000000000000 ) ) ;
#6185 = ORIENTED_EDGE ( 'NONE', *, *, #5949, .F. ) ;
#6186 = DIRECTION ( 'NONE',  ( 1.000000000000000000, 0.0000000000000000000, 0.0000000000000000000 ) ) ;
#6187 = ORIENTED_EDGE ( 'NONE', *, *, #5232, .T. ) ;
#6188 = ORIENTED_EDGE ( 'NONE', *, *, #4878, .T. ) ;
#6189 = AXIS2_PLACEMENT_3D ( 'NONE', #4258, #3608, #3650 ) ;
#6190 = CARTESIAN_POINT ( 'NONE',  ( 5.851408311032904486, -4.156604623170214730, 2.177338797225284672 ) ) ;
#6191 = ORIENTED_EDGE ( 'NONE', *, *, #6399, .T. ) ;
#6192 = ADVANCED_FACE ( 'NONE', ( #7506 ), #1505, .T. ) ;
#6193 = UNCERTAINTY_MEASURE_WITH_UNIT (LENGTH_MEASURE( 1.000000000000000082E-05 ), #6356, 'distance_accuracy_value', 'NONE');
#6194 = AXIS2_PLACEMENT_3D ( 'NONE', #381, #4380, #7650 ) ;
#6195 = CIRCLE ( 'NONE', #7439, 0.03000000000000019665 ) ;
#6196 = CARTESIAN_POINT ( 'NONE',  ( 0.7628348534795985625, -7.209756097560911847, 3.750000000000003997 ) ) ;
#6197 = DIRECTION ( 'NONE',  ( -2.602085213965210642E-15, 2.602085213965210642E-15, -1.000000000000000000 ) ) ;
#6198 = EDGE_LOOP ( 'NONE', ( #2796, #8131, #5367, #6736, #5433, #4176 ) ) ;
#6199 = ORIENTED_EDGE ( 'NONE', *, *, #7325, .T. ) ;
#6200 = PLANE ( 'NONE',  #7205 ) ;
#6201 = DIRECTION ( 'NONE',  ( 1.000000000000000000, -0.0000000000000000000, 3.486881358747351719E-15 ) ) ;
#6202 = B_SPLINE_CURVE_WITH_KNOTS ( 'NONE', 3,
 ( #2695, #3373, #2605, #1242 ),
 .UNSPECIFIED., .F., .F.,
 ( 4, 4 ),
 ( 6.133173666733496745E-19, 0.0005511928767348253004 ),
 .UNSPECIFIED. ) ;
#6203 = LINE ( 'NONE', #326, #4518 ) ;
#6204 = CIRCLE ( 'NONE', #2518, 0.09999999999999999167 ) ;
#6205 = CARTESIAN_POINT ( 'NONE',  ( -2.695380892067985368, -6.460257103759477815, 2.000000000000000000 ) ) ;
#6206 = CARTESIAN_POINT ( 'NONE',  ( -4.823284503249019473, 5.111030238692620742, 3.972947799558542048 ) ) ;
#6207 = DIRECTION ( 'NONE',  ( 1.000000000000000000, 0.0000000000000000000, 0.0000000000000000000 ) ) ;
#6208 = FILL_AREA_STYLE ('',( #945 ) ) ;
#6209 = CARTESIAN_POINT ( 'NONE',  ( 3.642323042638026642, 2.091287367405080477, 1.989999999999999991 ) ) ;
#6210 = ORIENTED_EDGE ( 'NONE', *, *, #7312, .F. ) ;
#6211 = VECTOR ( 'NONE', #4072, 1000.000000000000000 ) ;
#6212 = CARTESIAN_POINT ( 'NONE',  ( -6.625249362317262580, 2.944243686775046775, 2.249999999999999556 ) ) ;
#6213 = ADVANCED_FACE ( 'NONE', ( #4140 ), #2899, .T. ) ;
#6214 = DIRECTION ( 'NONE',  ( -0.7030231645967893739, -0.7111669494853621876, 4.040317977819540748E-16 ) ) ;
#6215 = CARTESIAN_POINT ( 'NONE',  ( -5.218707288899042673, -5.032652802726609309, 3.750000000000000000 ) ) ;
#6216 = EDGE_CURVE ( 'NONE', #4570, #2334, #4874, .T. ) ;
#6217 = EDGE_CURVE ( 'NONE', #4033, #3362, #6851, .T. ) ;
#6218 = VERTEX_POINT ( 'NONE', #8063 ) ;
#6219 = AXIS2_PLACEMENT_3D ( 'NONE', #5909, #3299, #3255 ) ;
#6220 = ORIENTED_EDGE ( 'NONE', *, *, #6693, .T. ) ;
#6221 = ORIENTED_EDGE ( 'NONE', *, *, #2811, .T. ) ;
#6222 = EDGE_LOOP ( 'NONE', ( #8272, #2685, #1147, #5180, #5270, #623, #4657, #128, #4217, #2026, #3862, #7579 ) ) ;
#6223 = ORIENTED_EDGE ( 'NONE', *, *, #60, .T. ) ;
#6224 =( NAMED_UNIT ( * ) PLANE_ANGLE_UNIT ( ) SI_UNIT ( $, .RADIAN. ) );
#6225 = AXIS2_PLACEMENT_3D ( 'NONE', #8375, #7734, #7361 ) ;
#6226 = DIRECTION ( 'NONE',  ( -1.000000000000000000, 0.0000000000000000000, 0.0000000000000000000 ) ) ;
#6227 = CARTESIAN_POINT ( 'NONE',  ( -5.064453563295432836, -5.046015340009521566, 2.148851813950710898 ) ) ;
#6228 = EDGE_CURVE ( 'NONE', #1883, #6854, #278, .T. ) ;
#6229 = DIRECTION ( 'NONE',  ( -0.0000000000000000000, -0.0000000000000000000, -1.000000000000000000 ) ) ;
#6230 = CARTESIAN_POINT ( 'NONE',  ( 0.0000000000000000000, 0.0000000000000000000, 2.250000000000001776 ) ) ;
#6231 = LINE ( 'NONE', #4947, #101 ) ;
#6232 = ORIENTED_EDGE ( 'NONE', *, *, #535, .F. ) ;
#6233 = ORIENTED_EDGE ( 'NONE', *, *, #1614, .T. ) ;
#6234 = VECTOR ( 'NONE', #5742, 1000.000000000000000 ) ;
#6235 = ORIENTED_EDGE ( 'NONE', *, *, #4462, .F. ) ;
#6236 = VECTOR ( 'NONE', #1062, 1000.000000000000114 ) ;
#6237 = DIRECTION ( 'NONE',  ( 1.000000000000000000, 0.0000000000000000000, 0.0000000000000000000 ) ) ;
#6238 = EDGE_CURVE ( 'NONE', #8257, #2726, #6068, .T. ) ;
#6239 = EDGE_CURVE ( 'NONE', #569, #7756, #3494, .T. ) ;
#6240 = DIRECTION ( 'NONE',  ( 1.000000000000000000, 0.0000000000000000000, -0.0000000000000000000 ) ) ;
#6241 = ORIENTED_EDGE ( 'NONE', *, *, #7454, .T. ) ;
#6242 = ORIENTED_EDGE ( 'NONE', *, *, #6166, .F. ) ;
#6243 = CARTESIAN_POINT ( 'NONE',  ( -5.218707288899042673, -5.032652802726609309, 4.000000000000000000 ) ) ;
#6244 = LINE ( 'NONE', #1160, #68 ) ;
#6245 = DIRECTION ( 'NONE',  ( 0.0000000000000000000, 0.0000000000000000000, -1.000000000000000000 ) ) ;
#6246 = EDGE_CURVE ( 'NONE', #1926, #7795, #7075, .T. ) ;
#6247 = AXIS2_PLACEMENT_3D ( 'NONE', #2020, #4652, #1353 ) ;
#6248 = VECTOR ( 'NONE', #4960, 1000.000000000000000 ) ;
#6249 = CARTESIAN_POINT ( 'NONE',  ( 2.543310006265616874, 3.217255597734476780, 0.9700000000000000844 ) ) ;
#6250 = DIRECTION ( 'NONE',  ( 0.0000000000000000000, -1.000000000000000000, -0.0000000000000000000 ) ) ;
#6251 = ORIENTED_EDGE ( 'NONE', *, *, #665, .T. ) ;
#6252 = CARTESIAN_POINT ( 'NONE',  ( 0.0000000000000000000, 0.0000000000000000000, 2.000000000000000000 ) ) ;
#6253 = CARTESIAN_POINT ( 'NONE',  ( 5.864002626867585555, -3.888345555028671185, 3.964836604861392111 ) ) ;
#6254 = VERTEX_POINT ( 'NONE', #6007 ) ;
#6255 = FACE_OUTER_BOUND ( 'NONE', #3434, .T. ) ;
#6256 = AXIS2_PLACEMENT_3D ( 'NONE', #1611, #1568, #3559 ) ;
#6257 = CARTESIAN_POINT ( 'NONE',  ( 5.159999999999998366, -0.8000000000000042633, -0.005000000000000000104 ) ) ;
#6258 = CARTESIAN_POINT ( 'NONE',  ( 6.825423574700391960, 1.423915056869163864, 4.000000000000000000 ) ) ;
#6259 = DIRECTION ( 'NONE',  ( 1.000000000000000000, -0.0000000000000000000, -0.0000000000000000000 ) ) ;
#6260 = ORIENTED_EDGE ( 'NONE', *, *, #5136, .F. ) ;
#6261 =( NAMED_UNIT ( * ) PLANE_ANGLE_UNIT ( ) SI_UNIT ( $, .RADIAN. ) );
#6262 = ORIENTED_EDGE ( 'NONE', *, *, #2615, .T. ) ;
#6263 = VERTEX_POINT ( 'NONE', #5416 ) ;
#6264 = CARTESIAN_POINT ( 'NONE',  ( -2.999999999999999556, -4.500000000000000000, -0.5000000000000000000 ) ) ;
#6265 = ORIENTED_EDGE ( 'NONE', *, *, #4311, .T. ) ;
#6266 = PLANE ( 'NONE',  #1691 ) ;
#6267 = EDGE_CURVE ( 'NONE', #567, #793, #745, .T. ) ;
#6268 = SURFACE_STYLE_FILL_AREA ( #5545 ) ;
#6269 = FACE_OUTER_BOUND ( 'NONE', #8236, .T. ) ;
#6270 = FACE_OUTER_BOUND ( 'NONE', #7449, .T. ) ;
#6271 = DIRECTION ( 'NONE',  ( -0.0000000000000000000, -0.0000000000000000000, 1.000000000000000000 ) ) ;
#6272 = VECTOR ( 'NONE', #2206, 1000.000000000000000 ) ;
#6273 = ORIENTED_EDGE ( 'NONE', *, *, #109, .F. ) ;
#6274 = DIRECTION ( 'NONE',  ( 1.000000000000000000, 0.0000000000000000000, 0.0000000000000000000 ) ) ;
#6275 = DIRECTION ( 'NONE',  ( 0.0000000000000000000, -1.000000000000000000, 0.0000000000000000000 ) ) ;
#6276 = ORIENTED_EDGE ( 'NONE', *, *, #98, .F. ) ;
#6277 = VERTEX_POINT ( 'NONE', #49 ) ;
#6278 = ADVANCED_FACE ( 'NONE', ( #7928 ), #697, .T. ) ;
#6279 = CARTESIAN_POINT ( 'NONE',  ( 0.0000000000000000000, 0.0000000000000000000, 0.5000000000000000000 ) ) ;
#6280 = ORIENTED_EDGE ( 'NONE', *, *, #3930, .F. ) ;
#6281 = ADVANCED_FACE ( 'NONE', ( #136 ), #7397, .T. ) ;
#6282 = EDGE_CURVE ( 'NONE', #4744, #6263, #3917, .T. ) ;
#6283 = CARTESIAN_POINT ( 'NONE',  ( -5.060000000000007603, -5.898932796319720673, 0.0000000000000000000 ) ) ;
#6284 = CIRCLE ( 'NONE', #1064, 1.249999999999997558 ) ;
#6285 = LINE ( 'NONE', #4402, #4453 ) ;
#6286 = CARTESIAN_POINT ( 'NONE',  ( -3.628099703648321128, 2.077226904113145700, 2.000000000000000000 ) ) ;
#6287 = VERTEX_POINT ( 'NONE', #5883 ) ;
#6288 = EDGE_CURVE ( 'NONE', #7755, #854, #8008, .T. ) ;
#6289 = ORIENTED_EDGE ( 'NONE', *, *, #3235, .F. ) ;
#6290 = B_SPLINE_CURVE_WITH_KNOTS ( 'NONE', 3,
 ( #2809, #5429, #6109, #194, #2849, #7661 ),
 .UNSPECIFIED., .F., .F.,
 ( 4, 2, 4 ),
 ( 0.0000000000000000000, 0.0002759767003080353998, 0.0005519534006160707997 ),
 .UNSPECIFIED. ) ;
#6291 = DIRECTION ( 'NONE',  ( 1.000000000000000000, -8.673617379884035472E-16, 0.0000000000000000000 ) ) ;
#6292 = CARTESIAN_POINT ( 'NONE',  ( 0.0000000000000000000, 0.0000000000000000000, 4.000000000000000000 ) ) ;
#6293 = TOROIDAL_SURFACE ( 'NONE', #1197, 0.6750000000000002665, 0.1000000000000000056 ) ;
#6294 = CARTESIAN_POINT ( 'NONE',  ( -5.149999999999999467, -4.900000000000001243, 0.1392243887514867939 ) ) ;
#6295 = CARTESIAN_POINT ( 'NONE',  ( -7.123112648442958772, -0.6101040107878827889, 2.148851813950732215 ) ) ;
#6296 = EDGE_LOOP ( 'NONE', ( #2926, #2194, #132, #5164 ) ) ;
#6297 = FACE_OUTER_BOUND ( 'NONE', #4972, .T. ) ;
#6298 = DIRECTION ( 'NONE',  ( 1.000000000000000000, 0.0000000000000000000, 0.0000000000000000000 ) ) ;
#6299 = CARTESIAN_POINT ( 'NONE',  ( 7.232688584372496621, 0.5007153297910844625, 3.749999999999999112 ) ) ;
#6300 = VERTEX_POINT ( 'NONE', #3399 ) ;
#6301 = CARTESIAN_POINT ( 'NONE',  ( 3.500000000000000000, 0.0000000000000000000, 3.700000000000000178 ) ) ;
#6302 = EDGE_CURVE ( 'NONE', #4744, #4284, #597, .T. ) ;
#6303 = PRESENTATION_STYLE_ASSIGNMENT (( #7155 ) ) ;
#6304 = DIRECTION ( 'NONE',  ( -1.000000000000000000, -0.0000000000000000000, 3.486881358747351719E-15 ) ) ;
#6305 = DIRECTION ( 'NONE',  ( 6.229955439320539113E-15, -6.229955439320539113E-15, 1.000000000000000000 ) ) ;
#6306 = ORIENTED_EDGE ( 'NONE', *, *, #750, .T. ) ;
#6307 = EDGE_LOOP ( 'NONE', ( #5206, #7923, #1493, #823 ) ) ;
#6308 = EDGE_LOOP ( 'NONE', ( #4786, #2838, #3682, #8337, #7297 ) ) ;
#6309 = LINE ( 'NONE', #2457, #3099 ) ;
#6310 = LINE ( 'NONE', #5829, #8327 ) ;
#6311 = CARTESIAN_POINT ( 'NONE',  ( -6.554487537761434446, -2.973396783846312452, 2.197175046756842942 ) ) ;
#6312 = SURFACE_SIDE_STYLE ('',( #1140 ) ) ;
#6313 = CIRCLE ( 'NONE', #6588, 3.500000000000000000 ) ;
#6314 = CARTESIAN_POINT ( 'NONE',  ( 5.855225597206874077, 4.211697612768372068, 3.787474768093148203 ) ) ;
#6315 = SURFACE_SIDE_STYLE ('',( #7318 ) ) ;
#6316 = ORIENTED_EDGE ( 'NONE', *, *, #7499, .T. ) ;
#6317 = CARTESIAN_POINT ( 'NONE',  ( -3.249999999999999556, -7.224999999999999645, 2.000000000000000000 ) ) ;
#6318 = ORIENTED_EDGE ( 'NONE', *, *, #785, .F. ) ;
#6319 = ORIENTED_EDGE ( 'NONE', *, *, #1811, .T. ) ;
#6320 = CARTESIAN_POINT ( 'NONE',  ( 5.060000000000005826, -5.898932796319721561, 0.0000000000000000000 ) ) ;
#6321 = ORIENTED_EDGE ( 'NONE', *, *, #2758, .F. ) ;
#6322 = AXIS2_PLACEMENT_3D ( 'NONE', #5045, #3148, #1674 ) ;
#6323 = EDGE_CURVE ( 'NONE', #3698, #6174, #2107, .T. ) ;
#6324 = LINE ( 'NONE', #4314, #7575 ) ;
#6325 = AXIS2_PLACEMENT_3D ( 'NONE', #5013, #5055, #8288 ) ;
#6326 = ADVANCED_FACE ( 'NONE', ( #3 ), #4608, .F. ) ;
#6327 = DIRECTION ( 'NONE',  ( -1.000000000000000000, 0.0000000000000000000, 0.0000000000000000000 ) ) ;
#6328 = ADVANCED_FACE ( 'NONE', ( #3953 ), #1448, .F. ) ;
#6329 = EDGE_CURVE ( 'NONE', #6423, #395, #8275, .T. ) ;
#6330 = VERTEX_POINT ( 'NONE', #3993 ) ;
#6331 = EDGE_LOOP ( 'NONE', ( #7545, #5810, #197, #6338 ) ) ;
#6332 = FACE_OUTER_BOUND ( 'NONE', #1596, .T. ) ;
#6333 = VECTOR ( 'NONE', #2195, 1000.000000000000114 ) ;
#6334 = CARTESIAN_POINT ( 'NONE',  ( -5.149999999999999467, -7.250000000000000000, 0.5000000000000000000 ) ) ;
#6335 = DIRECTION ( 'NONE',  ( 1.000000000000000000, 0.0000000000000000000, 0.0000000000000000000 ) ) ;
#6336 = FACE_OUTER_BOUND ( 'NONE', #8060, .T. ) ;
#6337 = DIRECTION ( 'NONE',  ( 0.7030231645967893739, -0.7111669494853621876, -3.745981415889730895E-16 ) ) ;
#6338 = ORIENTED_EDGE ( 'NONE', *, *, #7550, .F. ) ;
#6339 = EDGE_CURVE ( 'NONE', #5740, #5648, #7440, .T. ) ;
#6340 = DIRECTION ( 'NONE',  ( 1.000000000000000000, 0.0000000000000000000, 0.0000000000000000000 ) ) ;
#6341 = CARTESIAN_POINT ( 'NONE',  ( -6.967758820037437850, -2.003206685739267190, 4.000000000000000000 ) ) ;
#6342 = EDGE_LOOP ( 'NONE', ( #6370, #5037, #281, #4250, #7845, #5610 ) ) ;
#6343 =( LENGTH_UNIT ( ) NAMED_UNIT ( * ) SI_UNIT ( .MILLI., .METRE. ) );
#6344 = VECTOR ( 'NONE', #765, 1000.000000000000000 ) ;
#6345 = CARTESIAN_POINT ( 'NONE',  ( 5.150000000000000355, -1.163414459190184377E-16, 0.0000000000000000000 ) ) ;
#6346 = CARTESIAN_POINT ( 'NONE',  ( -2.869930745331985555, 2.837066312230967835, 2.000000000000000000 ) ) ;
#6347 = EDGE_CURVE ( 'NONE', #1616, #1100, #7613, .T. ) ;
#6348 = DIRECTION ( 'NONE',  ( -0.7030231645967899290, 0.7111669494853616325, 1.084202172485504557E-16 ) ) ;
#6349 = ORIENTED_EDGE ( 'NONE', *, *, #8290, .F. ) ;
#6350 = CIRCLE ( 'NONE', #5390, 1.250000000000002887 ) ;
#6351 = DIRECTION ( 'NONE',  ( -0.0000000000000000000, -0.0000000000000000000, 1.000000000000000000 ) ) ;
#6352 =( NAMED_UNIT ( * ) PLANE_ANGLE_UNIT ( ) SI_UNIT ( $, .RADIAN. ) );
#6353 = PLANE ( 'NONE',  #4206 ) ;
#6354 = CARTESIAN_POINT ( 'NONE',  ( -2.133096795500278642, 3.617996415286567125, 1.969999999999999529 ) ) ;
#6355 = AXIS2_PLACEMENT_3D ( 'NONE', #8024, #5898, #3372 ) ;
#6356 =( LENGTH_UNIT ( ) NAMED_UNIT ( * ) SI_UNIT ( .MILLI., .METRE. ) );
#6357 = DIRECTION ( 'NONE',  ( -1.000000000000000000, -0.0000000000000000000, 3.486881358747351719E-15 ) ) ;
#6358 = ORIENTED_EDGE ( 'NONE', *, *, #6081, .F. ) ;
#6359 = DIRECTION ( 'NONE',  ( 0.0000000000000000000, 3.293778751854695487E-15, 1.000000000000000000 ) ) ;
#6360 = ORIENTED_EDGE ( 'NONE', *, *, #5515, .F. ) ;
#6361 = VERTEX_POINT ( 'NONE', #1621 ) ;
#6362 = PLANE ( 'NONE',  #2550 ) ;
#6363 = ORIENTED_EDGE ( 'NONE', *, *, #3908, .T. ) ;
#6364 = CIRCLE ( 'NONE', #2666, 7.000000000000000888 ) ;
#6365 = CARTESIAN_POINT ( 'NONE',  ( 2.870814365006832958, -6.454561601911565916, 3.936143960793089480 ) ) ;
#6366 = CIRCLE ( 'NONE', #7057, 7.000000000000000888 ) ;
#6367 = DIRECTION ( 'NONE',  ( -1.000000000000000000, 0.0000000000000000000, 0.0000000000000000000 ) ) ;
#6368 = DIRECTION ( 'NONE',  ( 1.000000000000000000, 0.0000000000000000000, 0.0000000000000000000 ) ) ;
#6369 = ORIENTED_EDGE ( 'NONE', *, *, #4916, .F. ) ;
#6370 = ORIENTED_EDGE ( 'NONE', *, *, #6387, .T. ) ;
#6371 = EDGE_CURVE ( 'NONE', #227, #53, #181, .T. ) ;
#6372 = VECTOR ( 'NONE', #6706, 1000.000000000000000 ) ;
#6373 = VECTOR ( 'NONE', #8270, 1000.000000000000000 ) ;
#6374 = ADVANCED_FACE ( 'NONE', ( #8135 ), #4860, .F. ) ;
#6375 = EDGE_CURVE ( 'NONE', #4570, #1799, #3645, .T. ) ;
#6376 = EDGE_CURVE ( 'NONE', #2773, #6043, #2886, .T. ) ;
#6377 = CARTESIAN_POINT ( 'NONE',  ( 0.0000000000000000000, 0.0000000000000000000, 4.000000000000000000 ) ) ;
#6378 = CARTESIAN_POINT ( 'NONE',  ( -3.628099703648321572, 2.077226904113146144, 1.969999999999999973 ) ) ;
#6379 = CARTESIAN_POINT ( 'NONE',  ( 8.453818109032806866E-19, -7.260000000000006004, 2.391481076433499345E-14 ) ) ;
#6380 = CARTESIAN_POINT ( 'NONE',  ( 3.499999999999997780, -7.259999999999999787, -0.005000000000000000104 ) ) ;
#6381 = AXIS2_PLACEMENT_3D ( 'NONE', #1184, #4598, #114 ) ;
#6382 = CARTESIAN_POINT ( 'NONE',  ( -5.153818755170744836, -6.324710424241401618, 1.988239158481577507 ) ) ;
#6383 = VECTOR ( 'NONE', #7368, 1000.000000000000114 ) ;
#6384 = LINE ( 'NONE', #4698, #3206 ) ;
#6385 = DIRECTION ( 'NONE',  ( -0.7111669494853621876, -0.7030231645967893739, -3.548674513390576741E-15 ) ) ;
#6386 = VERTEX_POINT ( 'NONE', #4167 ) ;
#6387 = EDGE_CURVE ( 'NONE', #7417, #3216, #4256, .T. ) ;
#6388 = ADVANCED_FACE ( 'NONE', ( #877 ), #306, .F. ) ;
#6389 = AXIS2_PLACEMENT_3D ( 'NONE', #2852, #2299, #5514 ) ;
#6390 = CARTESIAN_POINT ( 'NONE',  ( 0.9749999999999945377, -7.259999999999999787, 0.5000000000000000000 ) ) ;
#6391 = CARTESIAN_POINT ( 'NONE',  ( 5.150000000000000355, -1.163414459190184377E-16, 0.0000000000000000000 ) ) ;
#6392 = FACE_OUTER_BOUND ( 'NONE', #1509, .T. ) ;
#6393 = CARTESIAN_POINT ( 'NONE',  ( 0.0000000000000000000, 0.0000000000000000000, 2.249999999999999556 ) ) ;
#6394 = CARTESIAN_POINT ( 'NONE',  ( -2.610419606786132718, 3.007125779369130836, -0.01000000000000000021 ) ) ;
#6395 = AXIS2_PLACEMENT_3D ( 'NONE', #6746, #3272, #3356 ) ;
#6396 = EDGE_LOOP ( 'NONE', ( #1061, #6927, #7816, #8560 ) ) ;
#6397 = CARTESIAN_POINT ( 'NONE',  ( 6.483433319032692488, 3.002670344114741319, 3.855868183907332991 ) ) ;
#6398 = LINE ( 'NONE', #1831, #1994 ) ;
#6399 = EDGE_CURVE ( 'NONE', #3792, #595, #1093, .T. ) ;
#6400 = PLANE ( 'NONE',  #4620 ) ;
#6401 = CARTESIAN_POINT ( 'NONE',  ( 1.974999999999994538, -7.259999999999999787, -0.005000000000000000104 ) ) ;
#6402 = AXIS2_PLACEMENT_3D ( 'NONE', #3721, #7031, #2445 ) ;
#6403 = DIRECTION ( 'NONE',  ( 0.0000000000000000000, 0.0000000000000000000, 1.000000000000000000 ) ) ;
#6404 = PLANE ( 'NONE',  #5711 ) ;
#6405 = ORIENTED_EDGE ( 'NONE', *, *, #5023, .T. ) ;
#6406 = CARTESIAN_POINT ( 'NONE',  ( 0.0000000000000000000, 0.0000000000000000000, -0.01000000000000000021 ) ) ;
#6407 = ORIENTED_EDGE ( 'NONE', *, *, #2398, .F. ) ;
#6408 = EDGE_LOOP ( 'NONE', ( #6998, #4951, #1844, #3705 ) ) ;
#6409 = FACE_OUTER_BOUND ( 'NONE', #8440, .T. ) ;
#6410 = ORIENTED_EDGE ( 'NONE', *, *, #6216, .F. ) ;
#6411 = EDGE_CURVE ( 'NONE', #6908, #508, #6310, .T. ) ;
#6412 = CARTESIAN_POINT ( 'NONE',  ( -0.9749999999999963141, -7.259999999999999787, -0.005000000000000000104 ) ) ;
#6413 = ORIENTED_EDGE ( 'NONE', *, *, #961, .T. ) ;
#6414 = ORIENTED_EDGE ( 'NONE', *, *, #1632, .T. ) ;
#6415 = DIRECTION ( 'NONE',  ( 0.0000000000000000000, 0.0000000000000000000, 1.000000000000000000 ) ) ;
#6416 = LINE ( 'NONE', #5770, #8076 ) ;
#6417 = DIRECTION ( 'NONE',  ( 0.7111669494853588569, 0.7030231645967927046, 0.0000000000000000000 ) ) ;
#6418 = AXIS2_PLACEMENT_3D ( 'NONE', #3252, #763, #25 ) ;
#6419 = CARTESIAN_POINT ( 'NONE',  ( -3.642323042638034192, 2.091287367405087139, 0.4299591213836870818 ) ) ;
#6420 = CARTESIAN_POINT ( 'NONE',  ( 0.0000000000000000000, -1.800000000000002931, 0.0000000000000000000 ) ) ;
#6421 = ORIENTED_EDGE ( 'NONE', *, *, #7424, .F. ) ;
#6422 = CARTESIAN_POINT ( 'NONE',  ( 5.160000000000005471, -7.249999999999997335, 0.1392243887514867939 ) ) ;
#6423 = VERTEX_POINT ( 'NONE', #3731 ) ;
#6424 = DIRECTION ( 'NONE',  ( 1.000000000000000000, 0.0000000000000000000, 0.0000000000000000000 ) ) ;
#6425 = PLANE ( 'NONE',  #4752 ) ;
#6426 = DIRECTION ( 'NONE',  ( 0.0000000000000000000, -1.000000000000000000, 0.0000000000000000000 ) ) ;
#6427 = CARTESIAN_POINT ( 'NONE',  ( -6.217354776144373929, 3.216286614646576503, 2.000000000000000000 ) ) ;
#6428 = DIRECTION ( 'NONE',  ( -0.0000000000000000000, -0.0000000000000000000, 1.000000000000000000 ) ) ;
#6429 = ADVANCED_FACE ( 'NONE', ( #2413 ), #1832, .F. ) ;
#6430 = ADVANCED_FACE ( 'NONE', ( #3136 ), #6400, .F. ) ;
#6431 = EDGE_CURVE ( 'NONE', #8169, #6652, #1747, .T. ) ;
#6432 = VERTEX_POINT ( 'NONE', #5666 ) ;
#6433 = DIRECTION ( 'NONE',  ( 0.0000000000000000000, -0.0000000000000000000, -1.000000000000000000 ) ) ;
#6434 = LINE ( 'NONE', #7000, #7798 ) ;
#6435 = PLANE ( 'NONE',  #2126 ) ;
#6436 = DIRECTION ( 'NONE',  ( 1.000000000000000000, -8.881784197001253901E-15, 0.0000000000000000000 ) ) ;
#6437 = ORIENTED_EDGE ( 'NONE', *, *, #2288, .F. ) ;
#6438 = VERTEX_POINT ( 'NONE', #1216 ) ;
#6439 = ORIENTED_EDGE ( 'NONE', *, *, #8136, .T. ) ;
#6440 = CARTESIAN_POINT ( 'NONE',  ( -5.060000000000007603, -4.900000000000000355, -0.01000000000000000021 ) ) ;
#6441 = ORIENTED_EDGE ( 'NONE', *, *, #3579, .T. ) ;
#6442 = CARTESIAN_POINT ( 'NONE',  ( 3.100995205898505969, 2.638885918508816264, 0.4299591213836870818 ) ) ;
#6443 = DIRECTION ( 'NONE',  ( 1.196361017915039486E-16, -1.000000000000000000, -0.0000000000000000000 ) ) ;
#6444 = CARTESIAN_POINT ( 'NONE',  ( -5.150000000000000355, -1.163414459190184377E-16, 0.5000000000000000000 ) ) ;
#6445 = ADVANCED_FACE ( 'NONE', ( #2495 ), #3169, .F. ) ;
#6446 = ORIENTED_EDGE ( 'NONE', *, *, #1687, .T. ) ;
#6447 = ORIENTED_EDGE ( 'NONE', *, *, #7386, .T. ) ;
#6448 = AXIS2_PLACEMENT_3D ( 'NONE', #3703, #3747, #7719 ) ;
#6449 = VECTOR ( 'NONE', #3630, 1000.000000000000000 ) ;
#6450 = VERTEX_POINT ( 'NONE', #5787 ) ;
#6451 = CARTESIAN_POINT ( 'NONE',  ( -2.224999999999999645, -4.500000000000000000, -0.5000000000000000000 ) ) ;
#6452 = DIRECTION ( 'NONE',  ( 0.0000000000000000000, -1.000000000000000000, 0.0000000000000000000 ) ) ;
#6453 = CIRCLE ( 'NONE', #4823, 7.000000000000000888 ) ;
#6454 = FACE_OUTER_BOUND ( 'NONE', #4081, .T. ) ;
#6455 = CARTESIAN_POINT ( 'NONE',  ( -4.500000000000000000, -7.159999999999999254, -0.005000000000000000104 ) ) ;
#6456 = ORIENTED_EDGE ( 'NONE', *, *, #1807, .F. ) ;
#6457 = DIRECTION ( 'NONE',  ( -0.7030231645967912613, 0.7111669494853601892, 0.0000000000000000000 ) ) ;
#6458 = FACE_OUTER_BOUND ( 'NONE', #4393, .T. ) ;
#6459 = EDGE_LOOP ( 'NONE', ( #2929, #5209, #2534, #7714, #8515 ) ) ;
#6460 = AXIS2_PLACEMENT_3D ( 'NONE', #2975, #8180, #5586 ) ;
#6461 = DIRECTION ( 'NONE',  ( 0.0000000000000000000, -0.0000000000000000000, 1.000000000000000000 ) ) ;
#6462 = DIRECTION ( 'NONE',  ( 0.0000000000000000000, 0.0000000000000000000, -1.000000000000000000 ) ) ;
#6463 = VECTOR ( 'NONE', #2089, 1000.000000000000114 ) ;
#6464 = CARTESIAN_POINT ( 'NONE',  ( -3.774999999999999911, -4.500000000000000000, 0.0000000000000000000 ) ) ;
#6465 = DIRECTION ( 'NONE',  ( 1.000000000000000000, 0.0000000000000000000, 0.0000000000000000000 ) ) ;
#6466 = SURFACE_STYLE_FILL_AREA ( #7120 ) ;
#6467 = ORIENTED_EDGE ( 'NONE', *, *, #3644, .T. ) ;
#6468 = DIRECTION ( 'NONE',  ( -1.000000000000000000, 0.0000000000000000000, 0.0000000000000000000 ) ) ;
#6469 = ADVANCED_FACE ( 'NONE', ( #8388 ), #6353, .F. ) ;
#6470 = VECTOR ( 'NONE', #7688, 1000.000000000000000 ) ;
#6471 = EDGE_CURVE ( 'NONE', #435, #7394, #464, .T. ) ;
#6472 = FACE_OUTER_BOUND ( 'NONE', #3277, .T. ) ;
#6473 = EDGE_CURVE ( 'NONE', #7496, #5836, #3934, .T. ) ;
#6474 = EDGE_CURVE ( 'NONE', #4440, #1416, #2284, .T. ) ;
#6475 = CARTESIAN_POINT ( 'NONE',  ( -3.624543868900895749, 2.073711788290161895, 2.000000000000000000 ) ) ;
#6476 = CARTESIAN_POINT ( 'NONE',  ( 7.250000000000000888, 0.0000000000000000000, 2.249999999999999556 ) ) ;
#6477 = CARTESIAN_POINT ( 'NONE',  ( 0.0000000000000000000, 0.0000000000000000000, 3.449999999999999734 ) ) ;
#6478 = AXIS2_PLACEMENT_3D ( 'NONE', #3057, #3014, #5625 ) ;
#6479 = ORIENTED_EDGE ( 'NONE', *, *, #4311, .F. ) ;
#6480 = ORIENTED_EDGE ( 'NONE', *, *, #496, .F. ) ;
#6481 = ORIENTED_EDGE ( 'NONE', *, *, #1636, .T. ) ;
#6482 = ORIENTED_EDGE ( 'NONE', *, *, #1096, .T. ) ;
#6483 = AXIS2_PLACEMENT_3D ( 'NONE', #1434, #862, #1567 ) ;
#6484 = CARTESIAN_POINT ( 'NONE',  ( 0.0000000000000000000, 0.0000000000000000000, 2.000000000000000000 ) ) ;
#6485 = CARTESIAN_POINT ( 'NONE',  ( 0.6413278623234534015, 7.116153130082150113, 3.855868183907267710 ) ) ;
#6486 = ORIENTED_EDGE ( 'NONE', *, *, #7376, .T. ) ;
#6487 = CARTESIAN_POINT ( 'NONE',  ( -5.852280919222395461, 4.189654324567003485, 2.197175046756845607 ) ) ;
#6488 = EDGE_LOOP ( 'NONE', ( #187, #2016, #1442, #6130 ) ) ;
#6489 = ORIENTED_EDGE ( 'NONE', *, *, #6239, .T. ) ;
#6490 = VECTOR ( 'NONE', #4741, 1000.000000000000000 ) ;
#6491 = ORIENTED_EDGE ( 'NONE', *, *, #788, .F. ) ;
#6492 = LINE ( 'NONE', #7364, #2696 ) ;
#6493 = EDGE_CURVE ( 'NONE', #7435, #1450, #5360, .T. ) ;
#6494 = STYLED_ITEM ( 'NONE', ( #6823 ), #3826 ) ;
#6495 = DIRECTION ( 'NONE',  ( 1.000000000000000000, 0.0000000000000000000, 0.0000000000000000000 ) ) ;
#6496 = DIRECTION ( 'NONE',  ( 1.000000000000000000, 0.0000000000000000000, 0.0000000000000000000 ) ) ;
#6497 = ORIENTED_EDGE ( 'NONE', *, *, #2618, .T. ) ;
#6498 = CARTESIAN_POINT ( 'NONE',  ( 5.059999999999999609, -0.8000000000000042633, -0.005000000000000000104 ) ) ;
#6499 = CARTESIAN_POINT ( 'NONE',  ( -5.153818755170744836, -4.724710424241401974, 1.988239158481577507 ) ) ;
#6500 = ORIENTED_EDGE ( 'NONE', *, *, #5280, .F. ) ;
#6501 = VECTOR ( 'NONE', #7002, 1000.000000000000114 ) ;
#6502 = EDGE_LOOP ( 'NONE', ( #434, #329, #6577, #7891 ) ) ;
#6503 = EDGE_CURVE ( 'NONE', #1688, #2661, #3120, .T. ) ;
#6504 = DIRECTION ( 'NONE',  ( -8.673617379884036458E-16, 1.000000000000000000, 0.0000000000000000000 ) ) ;
#6505 = CARTESIAN_POINT ( 'NONE',  ( 2.536198336770760786, 3.210225366088506949, 1.969999999999999973 ) ) ;
#6506 = AXIS2_PLACEMENT_3D ( 'NONE', #4481, #7091, #5790 ) ;
#6507 = VECTOR ( 'NONE', #3009, 1000.000000000000000 ) ;
#6508 = LINE ( 'NONE', #5946, #6463 ) ;
#6509 = CARTESIAN_POINT ( 'NONE',  ( 3.799999999999999822, 0.0000000000000000000, 4.000000000000000000 ) ) ;
#6510 = PLANE ( 'NONE',  #991 ) ;
#6511 = ORIENTED_EDGE ( 'NONE', *, *, #7338, .F. ) ;
#6512 = CARTESIAN_POINT ( 'NONE',  ( -6.967758820037437850, -2.003206685739267190, 3.749999999999997335 ) ) ;
#6513 = VECTOR ( 'NONE', #193, 1000.000000000000114 ) ;
#6514 = CARTESIAN_POINT ( 'NONE',  ( 5.862414508838168281, 4.265512410785337494, 2.249999999999998668 ) ) ;
#6515 = CARTESIAN_POINT ( 'NONE',  ( 2.894821588564008952, 2.861672122991793188, 1.969999999999999529 ) ) ;
#6516 = PRESENTATION_STYLE_ASSIGNMENT (( #3429 ) ) ;
#6517 = CARTESIAN_POINT ( 'NONE',  ( 5.894063302208976118, 3.776243873156689634, 2.000000000000000000 ) ) ;
#6518 = AXIS2_PLACEMENT_3D ( 'NONE', #3687, #1789, #7748 ) ;
#6519 = DIRECTION ( 'NONE',  ( 0.0000000000000000000, 0.0000000000000000000, 1.000000000000000000 ) ) ;
#6520 = VECTOR ( 'NONE', #6443, 1000.000000000000000 ) ;
#6521 = EDGE_LOOP ( 'NONE', ( #3822, #1528, #4867, #3929, #4688 ) ) ;
#6522 = ORIENTED_EDGE ( 'NONE', *, *, #5482, .F. ) ;
#6523 = ORIENTED_EDGE ( 'NONE', *, *, #4015, .T. ) ;
#6524 = CARTESIAN_POINT ( 'NONE',  ( 4.049976487849248130, 6.013334386833004253, 3.749999999999994671 ) ) ;
#6525 = EDGE_CURVE ( 'NONE', #529, #2405, #730, .T. ) ;
#6526 = EDGE_LOOP ( 'NONE', ( #4173, #2549, #1810, #3534, #1444, #8348 ) ) ;
#6527 = EDGE_CURVE ( 'NONE', #6094, #8482, #7777, .T. ) ;
#6528 = EDGE_CURVE ( 'NONE', #5204, #5171, #1433, .T. ) ;
#6529 = VECTOR ( 'NONE', #7195, 1000.000000000000000 ) ;
#6530 = CARTESIAN_POINT ( 'NONE',  ( 5.851408311032900933, -4.099999999999710987, 3.855143162916244037 ) ) ;
#6531 = DIRECTION ( 'NONE',  ( 1.000000000000000000, 0.0000000000000000000, 0.0000000000000000000 ) ) ;
#6532 = EDGE_CURVE ( 'NONE', #5962, #4528, #8564, .T. ) ;
#6533 = ORIENTED_EDGE ( 'NONE', *, *, #3891, .T. ) ;
#6534 = CARTESIAN_POINT ( 'NONE',  ( 3.628099703648320240, 2.077226904113145256, 1.999999999999998224 ) ) ;
#6535 = ORIENTED_EDGE ( 'NONE', *, *, #279, .F. ) ;
#6536 = ORIENTED_EDGE ( 'NONE', *, *, #5022, .T. ) ;
#6537 = ADVANCED_FACE ( 'NONE', ( #4641 ), #7927, .T. ) ;
#6538 = ORIENTED_EDGE ( 'NONE', *, *, #890, .F. ) ;
#6539 = EDGE_CURVE ( 'NONE', #2140, #6172, #5404, .T. ) ;
#6540 = DIRECTION ( 'NONE',  ( -2.017312099804055287E-15, -2.017312099804055287E-15, 1.000000000000000000 ) ) ;
#6541 = CARTESIAN_POINT ( 'NONE',  ( -5.870936769302351088, -3.862486886834225253, 3.972947799558533166 ) ) ;
#6542 = CARTESIAN_POINT ( 'NONE',  ( -5.059999999999998721, -1.800000000000002931, -0.005000000000000000104 ) ) ;
#6543 = CARTESIAN_POINT ( 'NONE',  ( 6.942437212868512120, -0.8958602264742523413, 2.000000000000000000 ) ) ;
#6544 = CARTESIAN_POINT ( 'NONE',  ( 6.348083615206351560, 3.099157144377958861, 2.063856039206873216 ) ) ;
#6545 = CARTESIAN_POINT ( 'NONE',  ( 2.014639774595223809, -6.732602028839272279, 2.027052200441402441 ) ) ;
#6546 = CARTESIAN_POINT ( 'NONE',  ( 0.0000000000000000000, 0.0000000000000000000, 3.749999999999999112 ) ) ;
#6547 = AXIS2_PLACEMENT_3D ( 'NONE', #7165, #5788, #8352 ) ;
#6548 = ORIENTED_EDGE ( 'NONE', *, *, #1257, .F. ) ;
#6549 = EDGE_CURVE ( 'NONE', #894, #903, #5438, .T. ) ;
#6550 = ORIENTED_EDGE ( 'NONE', *, *, #7721, .F. ) ;
#6551 = AXIS2_PLACEMENT_3D ( 'NONE', #2306, #4835, #4753 ) ;
#6552 = PLANE ( 'NONE',  #7645 ) ;
#6553 = AXIS2_PLACEMENT_3D ( 'NONE', #2147, #3304, #2620 ) ;
#6554 = LINE ( 'NONE', #2041, #5193 ) ;
#6555 = CARTESIAN_POINT ( 'NONE',  ( -8.075423574699824414, 1.423915056868491069, 2.000000000000000000 ) ) ;
#6556 = CARTESIAN_POINT ( 'NONE',  ( 5.159999999999999254, -6.324710424241401618, 1.969999999999999973 ) ) ;
#6557 = DIRECTION ( 'NONE',  ( -0.0000000000000000000, -0.0000000000000000000, 1.000000000000000000 ) ) ;
#6558 = EDGE_CURVE ( 'NONE', #609, #4681, #720, .T. ) ;
#6559 = ORIENTED_EDGE ( 'NONE', *, *, #7736, .F. ) ;
#6560 = ADVANCED_FACE ( 'NONE', ( #5320 ), #2048, .T. ) ;
#6561 = AXIS2_PLACEMENT_3D ( 'NONE', #5263, #6858, #8243 ) ;
#6562 = DIRECTION ( 'NONE',  ( 0.0000000000000000000, -1.000000000000000000, -0.0000000000000000000 ) ) ;
#6563 = LINE ( 'NONE', #646, #2563 ) ;
#6564 = LINE ( 'NONE', #7917, #3401 ) ;
#6565 = DIRECTION ( 'NONE',  ( -0.0000000000000000000, -0.0000000000000000000, -1.000000000000000000 ) ) ;
#6566 = VERTEX_POINT ( 'NONE', #3260 ) ;
#6567 = EDGE_LOOP ( 'NONE', ( #1495, #3829, #7069, #833 ) ) ;
#6568 = ORIENTED_EDGE ( 'NONE', *, *, #2471, .F. ) ;
#6569 = CARTESIAN_POINT ( 'NONE',  ( 6.625249362317113366, -2.944243686775382063, 4.000000000000000000 ) ) ;
#6570 = ORIENTED_EDGE ( 'NONE', *, *, #37, .T. ) ;
#6571 = DIRECTION ( 'NONE',  ( -0.0000000000000000000, -0.0000000000000000000, -1.000000000000000000 ) ) ;
#6572 = ADVANCED_FACE ( 'NONE', ( #8518 ), #6645, .T. ) ;
#6573 = CARTESIAN_POINT ( 'NONE',  ( -2.543310006265614209, 3.217255597734475003, 1.969999999999999973 ) ) ;
#6574 = CARTESIAN_POINT ( 'NONE',  ( 5.150000000000006573, -3.963704366711341187, 0.1392243887514867662 ) ) ;
#6575 = VERTEX_POINT ( 'NONE', #3388 ) ;
#6576 = ORIENTED_EDGE ( 'NONE', *, *, #440, .T. ) ;
#6577 = ORIENTED_EDGE ( 'NONE', *, *, #8178, .F. ) ;
#6578 = CARTESIAN_POINT ( 'NONE',  ( -6.902204253981670590, -1.862937772096754152, 3.851148186049265121 ) ) ;
#6579 = ORIENTED_EDGE ( 'NONE', *, *, #7109, .T. ) ;
#6580 = EDGE_CURVE ( 'NONE', #3784, #8152, #5234, .T. ) ;
#6581 = EDGE_CURVE ( 'NONE', #6575, #3468, #191, .T. ) ;
#6582 = CARTESIAN_POINT ( 'NONE',  ( 0.0000000000000000000, 0.0000000000000000000, 2.249999999999996003 ) ) ;
#6583 = EDGE_CURVE ( 'NONE', #4992, #6788, #6563, .T. ) ;
#6584 = EDGE_CURVE ( 'NONE', #2234, #7435, #6816, .T. ) ;
#6585 = PRESENTATION_LAYER_ASSIGNMENT (  '', '', ( #4406 ) ) ;
#6586 = CARTESIAN_POINT ( 'NONE',  ( 3.250000000000002220, -7.250000000000001776, 1.200000000000000622 ) ) ;
#6587 = DIRECTION ( 'NONE',  ( 0.0000000000000000000, 0.0000000000000000000, 1.000000000000000000 ) ) ;
#6588 = AXIS2_PLACEMENT_3D ( 'NONE', #2451, #4514, #7824 ) ;
#6589 = CARTESIAN_POINT ( 'NONE',  ( -3.239221501367553380, 2.499058416603147759, 0.9699999999999999734 ) ) ;
#6590 = CARTESIAN_POINT ( 'NONE',  ( -8.075423574699705398, -1.423915056869163198, 4.000000000000000000 ) ) ;
#6591 = ORIENTED_EDGE ( 'NONE', *, *, #359, .F. ) ;
#6592 = EDGE_LOOP ( 'NONE', ( #8223, #3310, #4395, #8359 ) ) ;
#6593 = AXIS2_PLACEMENT_3D ( 'NONE', #4202, #6824, #906 ) ;
#6594 = UNCERTAINTY_MEASURE_WITH_UNIT (LENGTH_MEASURE( 1.000000000000000082E-05 ), #1823, 'distance_accuracy_value', 'NONE');
#6595 = LINE ( 'NONE', #2700, #7387 ) ;
#6596 = DIRECTION ( 'NONE',  ( 1.000000000000000000, 0.0000000000000000000, 0.0000000000000000000 ) ) ;
#6597 = CARTESIAN_POINT ( 'NONE',  ( -5.862414508837950677, 4.265512410785636810, 3.750000000000000888 ) ) ;
#6598 = CARTESIAN_POINT ( 'NONE',  ( -4.500000000000000000, -7.259999999999998010, -0.005000000000000000104 ) ) ;
#6599 = VECTOR ( 'NONE', #8354, 1000.000000000000000 ) ;
#6600 = DIRECTION ( 'NONE',  ( -0.0000000000000000000, -0.0000000000000000000, -1.000000000000000000 ) ) ;
#6601 = FACE_OUTER_BOUND ( 'NONE', #4638, .T. ) ;
#6602 = VERTEX_POINT ( 'NONE', #6257 ) ;
#6603 = CARTESIAN_POINT ( 'NONE',  ( 1.974999999999994538, -7.160000000000000142, -0.005000000000000000104 ) ) ;
#6604 = DIRECTION ( 'NONE',  ( 0.0000000000000000000, 0.0000000000000000000, 1.000000000000000000 ) ) ;
#6605 = VECTOR ( 'NONE', #6304, 1000.000000000000000 ) ;
#6606 = CIRCLE ( 'NONE', #7413, 3.799999999999999822 ) ;
#6607 = CYLINDRICAL_SURFACE ( 'NONE', #5185, 7.249999999999999112 ) ;
#6608 = EDGE_CURVE ( 'NONE', #7710, #5408, #7566, .T. ) ;
#6609 = ORIENTED_EDGE ( 'NONE', *, *, #5800, .T. ) ;
#6610 = ORIENTED_EDGE ( 'NONE', *, *, #7078, .F. ) ;
#6611 = ORIENTED_EDGE ( 'NONE', *, *, #6584, .F. ) ;
#6612 = CIRCLE ( 'NONE', #7299, 7.250000000000000000 ) ;
#6613 = DIRECTION ( 'NONE',  ( -0.0000000000000000000, -0.0000000000000000000, -1.000000000000000000 ) ) ;
#6614 = ORIENTED_EDGE ( 'NONE', *, *, #1441, .F. ) ;
#6615 = VECTOR ( 'NONE', #7288, 1000.000000000000000 ) ;
#6616 = CARTESIAN_POINT ( 'NONE',  ( 6.825423574700391960, 1.423915056869163864, 2.000000000000000000 ) ) ;
#6617 = CARTESIAN_POINT ( 'NONE',  ( 1.678541033159452800, 3.850000000000000533, 2.000000000000000000 ) ) ;
#6618 = ORIENTED_EDGE ( 'NONE', *, *, #2074, .T. ) ;
#6619 = FACE_OUTER_BOUND ( 'NONE', #826, .T. ) ;
#6620 = ORIENTED_EDGE ( 'NONE', *, *, #201, .T. ) ;
#6621 = ORIENTED_EDGE ( 'NONE', *, *, #6339, .F. ) ;
#6622 = CARTESIAN_POINT ( 'NONE',  ( 0.7628348534790007074, 7.209756097560974908, 2.249999999999997780 ) ) ;
#6623 = ORIENTED_EDGE ( 'NONE', *, *, #6062, .T. ) ;
#6624 = PRESENTATION_LAYER_ASSIGNMENT (  '', '', ( #7595 ) ) ;
#6625 = DIRECTION ( 'NONE',  ( 0.0000000000000000000, -0.0000000000000000000, 1.000000000000000000 ) ) ;
#6626 = CARTESIAN_POINT ( 'NONE',  ( -3.249999999999999556, -7.250000000000000000, 1.989999999999999991 ) ) ;
#6627 = CARTESIAN_POINT ( 'NONE',  ( -2.804565175269823740, -7.705479490444564483, 2.000000000000000000 ) ) ;
#6628 = VECTOR ( 'NONE', #4615, 1000.000000000000000 ) ;
#6629 = DIRECTION ( 'NONE',  ( 1.000000000000000000, 0.0000000000000000000, 0.0000000000000000000 ) ) ;
#6630 = CARTESIAN_POINT ( 'NONE',  ( 3.628058984723877334, 2.070155953542735183, 2.000000000000000000 ) ) ;
#6631 = ORIENTED_EDGE ( 'NONE', *, *, #6667, .T. ) ;
#6632 = EDGE_CURVE ( 'NONE', #8105, #3529, #8165, .T. ) ;
#6633 = VECTOR ( 'NONE', #1739, 1000.000000000000000 ) ;
#6634 = CARTESIAN_POINT ( 'NONE',  ( -5.160000000000005471, -5.900000000000000355, 3.491481338843134095E-17 ) ) ;
#6635 = CARTESIAN_POINT ( 'NONE',  ( -2.804565175270468558, 7.705479490444330004, 2.000000000000000000 ) ) ;
#6636 = CARTESIAN_POINT ( 'NONE',  ( 5.150000000000000355, -4.724710424241401974, 1.988239158481577507 ) ) ;
#6637 = DIRECTION ( 'NONE',  ( -1.000000000000000000, -8.673617379884035472E-16, 0.0000000000000000000 ) ) ;
#6638 = PRESENTATION_LAYER_ASSIGNMENT (  '', '', ( #1554 ) ) ;
#6639 = DIRECTION ( 'NONE',  ( 1.000000000000000000, 0.0000000000000000000, 0.0000000000000000000 ) ) ;
#6640 = FILL_AREA_STYLE ('',( #1381 ) ) ;
#6641 = ORIENTED_EDGE ( 'NONE', *, *, #6411, .T. ) ;
#6642 = EDGE_CURVE ( 'NONE', #4440, #1587, #4494, .T. ) ;
#6643 = DIRECTION ( 'NONE',  ( 0.7111669494853501972, 0.7030231645968014753, 0.0000000000000000000 ) ) ;
#6644 = AXIS2_PLACEMENT_3D ( 'NONE', #8209, #242, #4882 ) ;
#6645 = PLANE ( 'NONE',  #3923 ) ;
#6646 = DIRECTION ( 'NONE',  ( -0.0000000000000000000, -1.000000000000000000, -0.0000000000000000000 ) ) ;
#6647 = FACE_OUTER_BOUND ( 'NONE', #3398, .T. ) ;
#6648 = LINE ( 'NONE', #2101, #8567 ) ;
#6649 = EDGE_CURVE ( 'NONE', #259, #3692, #5487, .T. ) ;
#6650 = ORIENTED_EDGE ( 'NONE', *, *, #8447, .T. ) ;
#6651 = CARTESIAN_POINT ( 'NONE',  ( 0.0000000000000000000, 0.0000000000000000000, 2.249999999999997780 ) ) ;
#6652 = VERTEX_POINT ( 'NONE', #6212 ) ;
#6653 = VERTEX_POINT ( 'NONE', #4208 ) ;
#6654 = AXIS2_PLACEMENT_3D ( 'NONE', #7349, #1488, #8050 ) ;
#6655 = CARTESIAN_POINT ( 'NONE',  ( -0.9749999999999963141, -7.160000000000000142, -0.005000000000000000104 ) ) ;
#6656 = ORIENTED_EDGE ( 'NONE', *, *, #3568, .F. ) ;
#6657 = DIRECTION ( 'NONE',  ( -6.229955439320547790E-15, 6.229955439320547790E-15, -1.000000000000000000 ) ) ;
#6658 =( GEOMETRIC_REPRESENTATION_CONTEXT ( 3 ) GLOBAL_UNCERTAINTY_ASSIGNED_CONTEXT ( ( #7676 ) ) GLOBAL_UNIT_ASSIGNED_CONTEXT ( ( #5924, #7963, #7256 ) ) REPRESENTATION_CONTEXT ( 'NONE', 'WORKASPACE' ) );
#6659 =( GEOMETRIC_REPRESENTATION_CONTEXT ( 3 ) GLOBAL_UNCERTAINTY_ASSIGNED_CONTEXT ( ( #4207 ) ) GLOBAL_UNIT_ASSIGNED_CONTEXT ( ( #1766, #8279, #5564 ) ) REPRESENTATION_CONTEXT ( 'NONE', 'WORKASPACE' ) );
#6660 = FACE_OUTER_BOUND ( 'NONE', #5364, .T. ) ;
#6661 = CARTESIAN_POINT ( 'NONE',  ( 0.7581282393918483686, 0.7669103586881538259, 2.000000000000000000 ) ) ;
#6662 = VERTEX_POINT ( 'NONE', #5533 ) ;
#6663 = ORIENTED_EDGE ( 'NONE', *, *, #5330, .T. ) ;
#6664 = VERTEX_POINT ( 'NONE', #6828 ) ;
#6665 = CARTESIAN_POINT ( 'NONE',  ( -6.830159262260046660, -1.532620126503392965, 4.000000000000000000 ) ) ;
#6666 = ORIENTED_EDGE ( 'NONE', *, *, #785, .T. ) ;
#6667 = EDGE_CURVE ( 'NONE', #6432, #7409, #1859, .T. ) ;
#6668 = VECTOR ( 'NONE', #2399, 1000.000000000000000 ) ;
#6669 = LINE ( 'NONE', #5466, #3681 ) ;
#6670 = CARTESIAN_POINT ( 'NONE',  ( 0.9749999999999945377, -7.160000000000000142, -0.005000000000000000104 ) ) ;
#6671 = DIRECTION ( 'NONE',  ( 1.000000000000000000, -1.084202172485510942E-15, 0.0000000000000000000 ) ) ;
#6672 = DIRECTION ( 'NONE',  ( 0.0000000000000000000, 0.0000000000000000000, 1.000000000000000000 ) ) ;
#6673 = LINE ( 'NONE', #2772, #7602 ) ;
#6674 = CARTESIAN_POINT ( 'NONE',  ( 2.536198336770760786, 3.210225366088506949, 1.969999999999999973 ) ) ;
#6675 = EDGE_LOOP ( 'NONE', ( #3899, #5799, #8312, #3451 ) ) ;
#6676 = FACE_OUTER_BOUND ( 'NONE', #7434, .T. ) ;
#6677 = LINE ( 'NONE', #4713, #7812 ) ;
#6678 = CONICAL_SURFACE ( 'NONE', #6547, 7.000000000000001776, 0.7853981633974466137 ) ;
#6679 = DIRECTION ( 'NONE',  ( -0.0000000000000000000, 1.000000000000000000, 0.0000000000000000000 ) ) ;
#6680 = CARTESIAN_POINT ( 'NONE',  ( -5.218707288899460117, 5.032652802726177654, 3.750000000000000888 ) ) ;
#6681 = DIRECTION ( 'NONE',  ( 0.0000000000000000000, -1.000000000000000000, -2.569409844787394988E-15 ) ) ;
#6682 =( NAMED_UNIT ( * ) PLANE_ANGLE_UNIT ( ) SI_UNIT ( $, .RADIAN. ) );
#6683 = DIRECTION ( 'NONE',  ( 0.0000000000000000000, -1.000000000000000000, 0.0000000000000000000 ) ) ;
#6684 = ORIENTED_EDGE ( 'NONE', *, *, #1267, .T. ) ;
#6685 = CARTESIAN_POINT ( 'NONE',  ( -1.678541033159453244, 3.850000000000000089, 0.0000000000000000000 ) ) ;
#6686 = CARTESIAN_POINT ( 'NONE',  ( 5.060000000000005826, -4.900000000000001243, -0.01000000000000000021 ) ) ;
#6687 = CIRCLE ( 'NONE', #2990, 7.250000000000000000 ) ;
#6688 = DIRECTION ( 'NONE',  ( -0.0000000000000000000, 1.000000000000000000, -0.0000000000000000000 ) ) ;
#6689 = EDGE_CURVE ( 'NONE', #6300, #4616, #6778, .T. ) ;
#6690 = CARTESIAN_POINT ( 'NONE',  ( 0.0000000000000000000, 0.0000000000000000000, 2.000000000000000000 ) ) ;
#6691 = ADVANCED_FACE ( 'NONE', ( #910 ), #2184, .F. ) ;
#6692 = VECTOR ( 'NONE', #588, 1000.000000000000000 ) ;
#6693 = EDGE_CURVE ( 'NONE', #1019, #591, #1152, .T. ) ;
#6694 = EDGE_CURVE ( 'NONE', #8257, #4630, #8217, .T. ) ;
#6695 = LINE ( 'NONE', #1483, #4299 ) ;
#6696 = AXIS2_PLACEMENT_3D ( 'NONE', #2523, #7103, #5093 ) ;
#6697 = ORIENTED_EDGE ( 'NONE', *, *, #5022, .F. ) ;
#6698 = CARTESIAN_POINT ( 'NONE',  ( 6.967758820037681211, 2.003206685738419424, 2.249999999999999556 ) ) ;
#6699 = ORIENTED_EDGE ( 'NONE', *, *, #947, .F. ) ;
#6700 = EDGE_LOOP ( 'NONE', ( #8451, #6058, #3270, #7573 ) ) ;
#6701 = PRESENTATION_STYLE_ASSIGNMENT (( #2193 ) ) ;
#6702 = ORIENTED_EDGE ( 'NONE', *, *, #7712, .T. ) ;
#6703 = DIRECTION ( 'NONE',  ( 0.7030231645968019194, -0.7111669494853498641, 0.0000000000000000000 ) ) ;
#6704 = CIRCLE ( 'NONE', #5857, 0.03000000000000094605 ) ;
#6705 = LINE ( 'NONE', #1354, #4278 ) ;
#6706 = DIRECTION ( 'NONE',  ( -1.000000000000000000, 1.224646799147563241E-16, 0.0000000000000000000 ) ) ;
#6707 = EDGE_CURVE ( 'NONE', #2671, #2435, #886, .T. ) ;
#6708 = ORIENTED_EDGE ( 'NONE', *, *, #363, .F. ) ;
#6709 = DIRECTION ( 'NONE',  ( 1.000000000000000000, 0.0000000000000000000, 0.0000000000000000000 ) ) ;
#6710 = ORIENTED_EDGE ( 'NONE', *, *, #7175, .T. ) ;
#6711 = VERTEX_POINT ( 'NONE', #4247 ) ;
#6712 =( NAMED_UNIT ( * ) SI_UNIT ( $, .STERADIAN. ) SOLID_ANGLE_UNIT ( ) );
#6713 = ORIENTED_EDGE ( 'NONE', *, *, #4397, .T. ) ;
#6714 = DIRECTION ( 'NONE',  ( -0.0000000000000000000, 1.000000000000000000, -0.0000000000000000000 ) ) ;
#6715 = LINE ( 'NONE', #6805, #7665 ) ;
#6716 = DIRECTION ( 'NONE',  ( -0.7030231645968014753, -0.7111669494853501972, 0.0000000000000000000 ) ) ;
#6717 = FILL_AREA_STYLE_COLOUR ( '', #5513 ) ;
#6718 = ORIENTED_EDGE ( 'NONE', *, *, #6549, .F. ) ;
#6719 = CARTESIAN_POINT ( 'NONE',  ( -7.101408311032225029, 4.099999999999706546, 4.000000000000000000 ) ) ;
#6720 = PLANE ( 'NONE',  #2316 ) ;
#6721 = CIRCLE ( 'NONE', #7838, 7.000000000000000888 ) ;
#6722 = B_SPLINE_CURVE_WITH_KNOTS ( 'NONE', 3,
 ( #3034, #509, #2482, #1728 ),
 .UNSPECIFIED., .F., .F.,
 ( 4, 4 ),
 ( 0.0000000000000000000, 0.0005511928767352039038 ),
 .UNSPECIFIED. ) ;
#6723 = DIRECTION ( 'NONE',  ( 1.000000000000000000, 0.0000000000000000000, 0.0000000000000000000 ) ) ;
#6724 = DIRECTION ( 'NONE',  ( -1.000000000000000000, -0.0000000000000000000, -0.0000000000000000000 ) ) ;
#6725 = DIRECTION ( 'NONE',  ( -0.0000000000000000000, -0.0000000000000000000, -1.000000000000000000 ) ) ;
#6726 = CARTESIAN_POINT ( 'NONE',  ( 6.280480150433080055, -3.153136942812275745, 3.972947799558620652 ) ) ;
#6727 = DIRECTION ( 'NONE',  ( 1.000000000000000000, 0.0000000000000000000, 0.0000000000000000000 ) ) ;
#6728 = ORIENTED_EDGE ( 'NONE', *, *, #4126, .T. ) ;
#6729 = AXIS2_PLACEMENT_3D ( 'NONE', #4403, #4317, #6368 ) ;
#6730 = DIRECTION ( 'NONE',  ( -0.7030231645967917053, -0.7111669494853598561, -0.0000000000000000000 ) ) ;
#6731 = CARTESIAN_POINT ( 'NONE',  ( -2.873797246170095132, -6.444613101577678194, 3.945737749220986856 ) ) ;
#6732 = DIRECTION ( 'NONE',  ( -0.0000000000000000000, -0.0000000000000000000, -1.000000000000000000 ) ) ;
#6733 = VECTOR ( 'NONE', #1889, 1000.000000000000000 ) ;
#6734 = PLANE ( 'NONE',  #1522 ) ;
#6735 = ORIENTED_EDGE ( 'NONE', *, *, #6503, .T. ) ;
#6736 = ORIENTED_EDGE ( 'NONE', *, *, #5746, .T. ) ;
#6737 = ORIENTED_EDGE ( 'NONE', *, *, #1807, .T. ) ;
#6738 = EDGE_CURVE ( 'NONE', #3654, #8245, #2304, .T. ) ;
#6739 = FILL_AREA_STYLE_COLOUR ( '', #7341 ) ;
#6740 = VERTEX_POINT ( 'NONE', #6170 ) ;
#6741 = VECTOR ( 'NONE', #2579, 1000.000000000000000 ) ;
#6742 = VECTOR ( 'NONE', #1035, 1000.000000000000000 ) ;
#6743 = EDGE_CURVE ( 'NONE', #3292, #82, #7220, .T. ) ;
#6744 = EDGE_CURVE ( 'NONE', #894, #3292, #8205, .T. ) ;
#6745 = EDGE_CURVE ( 'NONE', #990, #5550, #8369, .T. ) ;
#6746 = CARTESIAN_POINT ( 'NONE',  ( 6.801860843870434085E-13, -8.199999999999999289, 2.000000000000000000 ) ) ;
#6747 = DIRECTION ( 'NONE',  ( -0.0000000000000000000, -0.0000000000000000000, -1.000000000000000000 ) ) ;
#6748 = LINE ( 'NONE', #830, #5833 ) ;
#6749 = VECTOR ( 'NONE', #2963, 1000.000000000000000 ) ;
#6750 = ORIENTED_EDGE ( 'NONE', *, *, #5349, .F. ) ;
#6751 = FACE_OUTER_BOUND ( 'NONE', #2517, .T. ) ;
#6752 = EDGE_LOOP ( 'NONE', ( #489, #3179, #8367, #188, #1245 ) ) ;
#6753 = ORIENTED_EDGE ( 'NONE', *, *, #1340, .T. ) ;
#6754 = EDGE_CURVE ( 'NONE', #2842, #4930, #169, .T. ) ;
#6755 = DIRECTION ( 'NONE',  ( -0.0000000000000000000, -0.0000000000000000000, -1.000000000000000000 ) ) ;
#6756 = ORIENTED_EDGE ( 'NONE', *, *, #5983, .F. ) ;
#6757 = PLANE ( 'NONE',  #2134 ) ;
#6758 = VECTOR ( 'NONE', #4007, 1000.000000000000114 ) ;
#6759 = CARTESIAN_POINT ( 'NONE',  ( -6.902204253981827797, 1.862937772096183275, 2.148851813950733103 ) ) ;
#6760 = APPLICATION_PROTOCOL_DEFINITION ( 'draft international standard', 'automotive_design', 1998, #5082 ) ;
#6761 = DIRECTION ( 'NONE',  ( 0.0000000000000000000, 0.0000000000000000000, -1.000000000000000000 ) ) ;
#6762 = CARTESIAN_POINT ( 'NONE',  ( 0.0000000000000000000, 0.0000000000000000000, 0.0000000000000000000 ) ) ;
#6763 = VECTOR ( 'NONE', #1056, 1000.000000000000000 ) ;
#6764 = VERTEX_POINT ( 'NONE', #4158 ) ;
#6765 = FACE_OUTER_BOUND ( 'NONE', #2492, .T. ) ;
#6766 = DIRECTION ( 'NONE',  ( -1.000000000000000000, 0.0000000000000000000, 2.521175704717236025E-15 ) ) ;
#6767 = LINE ( 'NONE', #851, #1610 ) ;
#6768 = CARTESIAN_POINT ( 'NONE',  ( 0.0000000000000000000, 0.0000000000000000000, 2.249999999999998668 ) ) ;
#6769 = PLANE ( 'NONE',  #2650 ) ;
#6770 = ORIENTED_EDGE ( 'NONE', *, *, #8495, .T. ) ;
#6771 = CARTESIAN_POINT ( 'NONE',  ( -5.159999999999998366, -1.800000000000002931, -0.005000000000000000104 ) ) ;
#6772 = DIRECTION ( 'NONE',  ( 1.000000000000000000, 0.0000000000000000000, -0.0000000000000000000 ) ) ;
#6773 = CARTESIAN_POINT ( 'NONE',  ( -1.974999999999996314, -7.259999999999998899, -0.005000000000000000104 ) ) ;
#6774 = VERTEX_POINT ( 'NONE', #6126 ) ;
#6775 = CARTESIAN_POINT ( 'NONE',  ( 1.749051531138512416, 7.035859488464931921, 4.000000000000000000 ) ) ;
#6776 = ADVANCED_FACE ( 'NONE', ( #5102 ), #4467, .F. ) ;
#6777 = PLANE ( 'NONE',  #6483 ) ;
#6778 = LINE ( 'NONE', #4848, #7511 ) ;
#6779 = CARTESIAN_POINT ( 'NONE',  ( -2.894821588564007619, 2.861672122991794076, 1.969999999999999529 ) ) ;
#6780 = VECTOR ( 'NONE', #4021, 1000.000000000000000 ) ;
#6781 = DIRECTION ( 'NONE',  ( -1.000000000000000000, 0.0000000000000000000, 0.0000000000000000000 ) ) ;
#6782 = EDGE_LOOP ( 'NONE', ( #3882, #6165, #6728, #4049 ) ) ;
#6783 = VERTEX_POINT ( 'NONE', #3803 ) ;
#6784 = CARTESIAN_POINT ( 'NONE',  ( -7.232688584372583662, 0.5007153297898134792, 3.750000000000001776 ) ) ;
#6785 = ORIENTED_EDGE ( 'NONE', *, *, #1178, .F. ) ;
#6786 = VERTEX_POINT ( 'NONE', #8294 ) ;
#6787 =( NAMED_UNIT ( * ) PLANE_ANGLE_UNIT ( ) SI_UNIT ( $, .RADIAN. ) );
#6788 = VERTEX_POINT ( 'NONE', #1866 ) ;
#6789 = CONICAL_SURFACE ( 'NONE', #855, 7.249999999999999112, 0.7853981633974517207 ) ;
#6790 = DIRECTION ( 'NONE',  ( -0.0000000000000000000, 1.000000000000000000, -0.0000000000000000000 ) ) ;
#6791 = CARTESIAN_POINT ( 'NONE',  ( -0.7581282393918222784, 0.7669103586881068635, 2.000000000000000000 ) ) ;
#6792 = PLANE ( 'NONE',  #446 ) ;
#6793 = AXIS2_PLACEMENT_3D ( 'NONE', #1815, #1725, #4504 ) ;
#6794 = MECHANICAL_DESIGN_GEOMETRIC_PRESENTATION_REPRESENTATION (  '', ( #1704 ), #2688 ) ;
#6795 = EDGE_LOOP ( 'NONE', ( #5848, #2977, #4254, #1713 ) ) ;
#6796 = PLANE ( 'NONE',  #4 ) ;
#6797 = ADVANCED_FACE ( 'NONE', ( #4510 ), #551, .T. ) ;
#6798 = VERTEX_POINT ( 'NONE', #475 ) ;
#6799 = ORIENTED_EDGE ( 'NONE', *, *, #5747, .F. ) ;
#6800 = CARTESIAN_POINT ( 'NONE',  ( -4.500000000000000000, -7.159999999999999254, -0.005000000000000000104 ) ) ;
#6801 = EDGE_LOOP ( 'NONE', ( #7641, #4894, #2651, #3750, #8492, #5461, #2092, #92 ) ) ;
#6802 = LINE ( 'NONE', #8429, #8329 ) ;
#6803 = VECTOR ( 'NONE', #6716, 1000.000000000000114 ) ;
#6804 = VECTOR ( 'NONE', #5029, 1000.000000000000000 ) ;
#6805 = CARTESIAN_POINT ( 'NONE',  ( 5.160000000000005471, -5.900000000000001243, 0.1392243887514869882 ) ) ;
#6806 = EDGE_CURVE ( 'NONE', #7107, #4875, #3202, .T. ) ;
#6807 = DIRECTION ( 'NONE',  ( 0.0000000000000000000, 0.0000000000000000000, 1.000000000000000000 ) ) ;
#6808 = CARTESIAN_POINT ( 'NONE',  ( -5.218707288899460117, 5.032652802726177654, 2.249999999999999556 ) ) ;
#6809 = ADVANCED_FACE ( 'NONE', ( #3677 ), #6425, .F. ) ;
#6810 = EDGE_CURVE ( 'NONE', #5135, #1513, #3159, .T. ) ;
#6811 = COLOUR_RGB ( '',0.2980392156862745057, 0.2980392156862745057, 0.2980392156862745057 ) ;
#6812 = FILL_AREA_STYLE ('',( #1550 ) ) ;
#6813 = ORIENTED_EDGE ( 'NONE', *, *, #6166, .T. ) ;
#6814 = VERTEX_POINT ( 'NONE', #5703 ) ;
#6815 = DIRECTION ( 'NONE',  ( 1.000000000000000000, 0.0000000000000000000, -0.0000000000000000000 ) ) ;
#6816 = CIRCLE ( 'NONE', #5031, 1.249999999999994227 ) ;
#6817 = FACE_OUTER_BOUND ( 'NONE', #5767, .T. ) ;
#6818 = FACE_OUTER_BOUND ( 'NONE', #2406, .T. ) ;
#6819 = DIRECTION ( 'NONE',  ( -0.0000000000000000000, -0.0000000000000000000, 1.000000000000000000 ) ) ;
#6820 = SURFACE_STYLE_FILL_AREA ( #4883 ) ;
#6821 = VERTEX_POINT ( 'NONE', #1173 ) ;
#6822 = CARTESIAN_POINT ( 'NONE',  ( -4.742367595032782823, 5.148781369759539039, 2.000000000000000000 ) ) ;
#6823 = PRESENTATION_STYLE_ASSIGNMENT (( #5315 ) ) ;
#6824 = DIRECTION ( 'NONE',  ( 0.0000000000000000000, 0.0000000000000000000, -1.000000000000000000 ) ) ;
#6825 = ORIENTED_EDGE ( 'NONE', *, *, #6431, .T. ) ;
#6826 = CARTESIAN_POINT ( 'NONE',  ( 0.0000000000000000000, 0.0000000000000000000, 2.249999999999997780 ) ) ;
#6827 =( NAMED_UNIT ( * ) SI_UNIT ( $, .STERADIAN. ) SOLID_ANGLE_UNIT ( ) );
#6828 = CARTESIAN_POINT ( 'NONE',  ( 5.149999999999999467, -6.324710424241401618, 1.988239158481577507 ) ) ;
#6829 = CARTESIAN_POINT ( 'NONE',  ( -0.7546131235688744443, 0.7633545239407434346, 1.989999999999999991 ) ) ;
#6830 = CARTESIAN_POINT ( 'NONE',  ( -0.4900929902520807513, -7.047180248305480177, 2.063856039206934057 ) ) ;
#6831 = EDGE_CURVE ( 'NONE', #7527, #7179, #512, .T. ) ;
#6832 = VERTEX_POINT ( 'NONE', #8339 ) ;
#6833 = PLANE ( 'NONE',  #5546 ) ;
#6834 = ORIENTED_EDGE ( 'NONE', *, *, #1657, .T. ) ;
#6835 = ORIENTED_EDGE ( 'NONE', *, *, #3366, .T. ) ;
#6836 = EDGE_LOOP ( 'NONE', ( #215, #5297, #1341, #7025 ) ) ;
#6837 = B_SPLINE_CURVE_WITH_KNOTS ( 'NONE', 3,
 ( #923, #8095, #3571, #5374, #2196, #4817 ),
 .UNSPECIFIED., .F., .F.,
 ( 4, 2, 4 ),
 ( 4.336808689942017736E-19, 0.0002759767003081096135, 0.0005519534006162187933 ),
 .UNSPECIFIED. ) ;
#6838 = SURFACE_STYLE_FILL_AREA ( #963 ) ;
#6839 = VECTOR ( 'NONE', #7768, 1000.000000000000000 ) ;
#6840 = AXIS2_PLACEMENT_3D ( 'NONE', #6378, #3665, #463 ) ;
#6841 = FACE_OUTER_BOUND ( 'NONE', #6176, .T. ) ;
#6842 = LINE ( 'NONE', #5459, #6926 ) ;
#6843 = PLANE ( 'NONE',  #6478 ) ;
#6844 = ORIENTED_EDGE ( 'NONE', *, *, #727, .T. ) ;
#6845 = CARTESIAN_POINT ( 'NONE',  ( -5.160000000000002807, -4.724710424241401974, 0.9882391584815776175 ) ) ;
#6846 = ORIENTED_EDGE ( 'NONE', *, *, #52, .T. ) ;
#6847 = ORIENTED_EDGE ( 'NONE', *, *, #7062, .T. ) ;
#6848 = CYLINDRICAL_SURFACE ( 'NONE', #5956, 7.250000000000000888 ) ;
#6849 = VERTEX_POINT ( 'NONE', #380 ) ;
#6850 = DIRECTION ( 'NONE',  ( -0.0000000000000000000, -0.0000000000000000000, -1.000000000000000000 ) ) ;
#6851 = LINE ( 'NONE', #933, #3097 ) ;
#6852 = ORIENTED_EDGE ( 'NONE', *, *, #2426, .F. ) ;
#6853 = SURFACE_SIDE_STYLE ('',( #3418 ) ) ;
#6854 = VERTEX_POINT ( 'NONE', #6390 ) ;
#6855 = EDGE_CURVE ( 'NONE', #6263, #3727, #2521, .T. ) ;
#6856 = EDGE_CURVE ( 'NONE', #3810, #3229, #4330, .T. ) ;
#6857 = DIRECTION ( 'NONE',  ( 0.0000000000000000000, 0.0000000000000000000, -1.000000000000000000 ) ) ;
#6858 = DIRECTION ( 'NONE',  ( -0.0000000000000000000, 0.0000000000000000000, -1.000000000000000000 ) ) ;
#6859 = PLANE ( 'NONE',  #3629 ) ;
#6860 =( NAMED_UNIT ( * ) SI_UNIT ( $, .STERADIAN. ) SOLID_ANGLE_UNIT ( ) );
#6861 = ORIENTED_EDGE ( 'NONE', *, *, #1322, .F. ) ;
#6862 = DIRECTION ( 'NONE',  ( 2.017312099804055287E-15, -2.017312099804055287E-15, 1.000000000000000000 ) ) ;
#6863 = CARTESIAN_POINT ( 'NONE',  ( -6.967758820037605716, 2.003206685738688098, 4.000000000000000000 ) ) ;
#6864 = LINE ( 'NONE', #7419, #3038 ) ;
#6865 = EDGE_CURVE ( 'NONE', #968, #584, #48, .T. ) ;
#6866 = UNCERTAINTY_MEASURE_WITH_UNIT (LENGTH_MEASURE( 1.000000000000000082E-05 ), #3138, 'distance_accuracy_value', 'NONE');
#6867 = EDGE_CURVE ( 'NONE', #2857, #1450, #5839, .T. ) ;
#6868 = CARTESIAN_POINT ( 'NONE',  ( -5.847675292815312176, -3.949233129472053516, 2.054262250779069543 ) ) ;
#6869 = FILL_AREA_STYLE_COLOUR ( '', #3804 ) ;
#6870 = DIRECTION ( 'NONE',  ( -1.000000000000000000, 0.0000000000000000000, 0.0000000000000000000 ) ) ;
#6871 = ORIENTED_EDGE ( 'NONE', *, *, #4596, .T. ) ;
#6872 = CIRCLE ( 'NONE', #1638, 7.249999999999999112 ) ;
#6873 = VERTEX_POINT ( 'NONE', #6634 ) ;
#6874 = EDGE_LOOP ( 'NONE', ( #6413, #1538, #1349, #219 ) ) ;
#6875 = ORIENTED_EDGE ( 'NONE', *, *, #6694, .F. ) ;
#6876 = DIRECTION ( 'NONE',  ( -0.0000000000000000000, -0.0000000000000000000, -1.000000000000000000 ) ) ;
#6877 = ORIENTED_EDGE ( 'NONE', *, *, #777, .F. ) ;
#6878 = ADVANCED_FACE ( 'NONE', ( #4062 ), #5224, .F. ) ;
#6879 = VECTOR ( 'NONE', #3079, 1000.000000000000000 ) ;
#6880 = DIRECTION ( 'NONE',  ( 0.7111669494853497531, 0.7030231645968018084, -0.0000000000000000000 ) ) ;
#6881 = CARTESIAN_POINT ( 'NONE',  ( 5.862414508838168281, 4.265512410785337494, 3.749999999999998224 ) ) ;
#6882 = DIRECTION ( 'NONE',  ( -1.196361017915039486E-16, 1.000000000000000000, 0.0000000000000000000 ) ) ;
#6883 = ORIENTED_EDGE ( 'NONE', *, *, #5997, .T. ) ;
#6884 = VERTEX_POINT ( 'NONE', #638 ) ;
#6885 = ORIENTED_EDGE ( 'NONE', *, *, #7217, .T. ) ;
#6886 = VECTOR ( 'NONE', #6880, 1000.000000000000114 ) ;
#6887 = AXIS2_PLACEMENT_3D ( 'NONE', #6590, #280, #8200 ) ;
#6888 = ORIENTED_EDGE ( 'NONE', *, *, #570, .T. ) ;
#6889 = UNCERTAINTY_MEASURE_WITH_UNIT (LENGTH_MEASURE( 1.000000000000000082E-05 ), #3448, 'distance_accuracy_value', 'NONE');
#6890 = STYLED_ITEM ( 'NONE', ( #6516 ), #1907 ) ;
#6891 = CARTESIAN_POINT ( 'NONE',  ( -0.7628348534790005964, 7.209756097560974908, 2.250000000000001776 ) ) ;
#6892 =( NAMED_UNIT ( * ) SI_UNIT ( $, .STERADIAN. ) SOLID_ANGLE_UNIT ( ) );
#6893 = ORIENTED_EDGE ( 'NONE', *, *, #6948, .T. ) ;
#6894 = AXIS2_PLACEMENT_3D ( 'NONE', #2565, #5344, #3925 ) ;
#6895 = DIRECTION ( 'NONE',  ( -3.486881358747351719E-15, 1.405447260629361553E-16, -1.000000000000000000 ) ) ;
#6896 = DIRECTION ( 'NONE',  ( -0.0000000000000000000, 0.0000000000000000000, -1.000000000000000000 ) ) ;
#6897 = CARTESIAN_POINT ( 'NONE',  ( 3.182712096523840017, -6.514049716623356190, 2.249999999999996003 ) ) ;
#6898 = ADVANCED_FACE ( 'NONE', ( #761 ), #8510, .F. ) ;
#6899 = AXIS2_PLACEMENT_3D ( 'NONE', #3610, #6022, #312 ) ;
#6900 = DIRECTION ( 'NONE',  ( 1.000000000000000000, 0.0000000000000000000, -0.0000000000000000000 ) ) ;
#6901 = DIRECTION ( 'NONE',  ( -1.084202172485510942E-15, -1.000000000000000000, 0.0000000000000000000 ) ) ;
#6902 = ORIENTED_EDGE ( 'NONE', *, *, #6558, .F. ) ;
#6903 = CARTESIAN_POINT ( 'NONE',  ( 3.499999999999997780, -7.160000000000000142, -0.005000000000000000104 ) ) ;
#6904 = EDGE_CURVE ( 'NONE', #2753, #5008, #7363, .T. ) ;
#6905 = CARTESIAN_POINT ( 'NONE',  ( 2.999999999999999556, -4.500000000000000000, -0.5000000000000000000 ) ) ;
#6906 = PRESENTATION_STYLE_ASSIGNMENT (( #2269 ) ) ;
#6907 = ADVANCED_FACE ( 'NONE', ( #3294 ), #4586, .F. ) ;
#6908 = VERTEX_POINT ( 'NONE', #598 ) ;
#6909 = AXIS2_PLACEMENT_3D ( 'NONE', #1232, #3958, #1891 ) ;
#6910 = CARTESIAN_POINT ( 'NONE',  ( 2.140208464995133397, 3.625026646932535623, 1.989999999999999991 ) ) ;
#6911 = SURFACE_STYLE_USAGE ( .BOTH. , #5534 ) ;
#6912 = ORIENTED_EDGE ( 'NONE', *, *, #200, .F. ) ;
#6913 = AXIS2_PLACEMENT_3D ( 'NONE', #2002, #7784, #1914 ) ;
#6914 = CARTESIAN_POINT ( 'NONE',  ( -4.247056320799500462, -5.564396877286613474, 2.000000000000000000 ) ) ;
#6915 = ADVANCED_FACE ( 'NONE', ( #5820 ), #2611, .F. ) ;
#6916 = VERTEX_POINT ( 'NONE', #7903 ) ;
#6917 = ORIENTED_EDGE ( 'NONE', *, *, #7652, .T. ) ;
#6918 = DIRECTION ( 'NONE',  ( -0.0000000000000000000, -0.0000000000000000000, 1.000000000000000000 ) ) ;
#6919 = VERTEX_POINT ( 'NONE', #3337 ) ;
#6920 = DIRECTION ( 'NONE',  ( -1.000000000000000000, -8.673617379884035472E-16, 0.0000000000000000000 ) ) ;
#6921 = CIRCLE ( 'NONE', #2672, 0.03000000000000007869 ) ;
#6922 = DIRECTION ( 'NONE',  ( -1.000000000000000000, 0.0000000000000000000, 0.0000000000000000000 ) ) ;
#6923 =( NAMED_UNIT ( * ) SI_UNIT ( $, .STERADIAN. ) SOLID_ANGLE_UNIT ( ) );
#6924 = EDGE_LOOP ( 'NONE', ( #5760, #2741, #6697, #7529 ) ) ;
#6925 = EDGE_CURVE ( 'NONE', #6602, #4938, #7861, .T. ) ;
#6926 = VECTOR ( 'NONE', #2757, 1000.000000000000000 ) ;
#6927 = ORIENTED_EDGE ( 'NONE', *, *, #4125, .F. ) ;
#6928 = ORIENTED_EDGE ( 'NONE', *, *, #1024, .F. ) ;
#6929 = CARTESIAN_POINT ( 'NONE',  ( -5.150000000000000355, -1.800000000000002931, 1.989999999999999991 ) ) ;
#6930 = ORIENTED_EDGE ( 'NONE', *, *, #6584, .T. ) ;
#6931 = VECTOR ( 'NONE', #4707, 1000.000000000000000 ) ;
#6932 = AXIS2_PLACEMENT_3D ( 'NONE', #4026, #5484, #2094 ) ;
#6933 = DIRECTION ( 'NONE',  ( -0.0000000000000000000, -0.0000000000000000000, -1.000000000000000000 ) ) ;
#6934 = ORIENTED_EDGE ( 'NONE', *, *, #6019, .F. ) ;
#6935 = ADVANCED_FACE ( 'NONE', ( #6676 ), #6552, .F. ) ;
#6936 = FACE_OUTER_BOUND ( 'NONE', #6675, .T. ) ;
#6937 = VERTEX_POINT ( 'NONE', #4711 ) ;
#6938 = AXIS2_PLACEMENT_3D ( 'NONE', #7973, #2686, #6625 ) ;
#6939 = LINE ( 'NONE', #370, #2854 ) ;
#6940 = LINE ( 'NONE', #5139, #7239 ) ;
#6941 = AXIS2_PLACEMENT_3D ( 'NONE', #1580, #4900, #3475 ) ;
#6942 = CARTESIAN_POINT ( 'NONE',  ( -7.232688584372541030, -0.5007153297904121114, 2.249999999999997780 ) ) ;
#6943 = PLANE ( 'NONE',  #1375 ) ;
#6944 = DIRECTION ( 'NONE',  ( 8.673617379884036458E-16, 1.000000000000000000, 0.0000000000000000000 ) ) ;
#6945 = ORIENTED_EDGE ( 'NONE', *, *, #7817, .F. ) ;
#6946 = DIRECTION ( 'NONE',  ( -0.0000000000000000000, -0.0000000000000000000, -1.000000000000000000 ) ) ;
#6947 = AXIS2_PLACEMENT_3D ( 'NONE', #1689, #2532, #1778 ) ;
#6948 = EDGE_CURVE ( 'NONE', #5652, #3181, #7328, .T. ) ;
#6949 = FACE_OUTER_BOUND ( 'NONE', #6133, .T. ) ;
#6950 = CARTESIAN_POINT ( 'NONE',  ( 5.150000000000003908, -6.324710424241401618, 0.9882391584815773955 ) ) ;
#6951 = CARTESIAN_POINT ( 'NONE',  ( -3.249999999999999556, -7.229999999999999538, 1.990000000000000435 ) ) ;
#6952 = ORIENTED_EDGE ( 'NONE', *, *, #632, .F. ) ;
#6953 = ORIENTED_EDGE ( 'NONE', *, *, #6539, .T. ) ;
#6954 = CARTESIAN_POINT ( 'NONE',  ( -3.624543868900895749, 2.073711788290161895, 1.989999999999999991 ) ) ;
#6955 = EDGE_LOOP ( 'NONE', ( #6251, #1404 ) ) ;
#6956 = DIRECTION ( 'NONE',  ( -0.0000000000000000000, -0.0000000000000000000, 1.000000000000000000 ) ) ;
#6957 = ADVANCED_FACE ( 'NONE', ( #2570 ), #1291, .F. ) ;
#6958 =( NAMED_UNIT ( * ) PLANE_ANGLE_UNIT ( ) SI_UNIT ( $, .RADIAN. ) );
#6959 = ADVANCED_FACE ( 'NONE', ( #5904 ), #4547, .F. ) ;
#6960 = CARTESIAN_POINT ( 'NONE',  ( 0.0000000000000000000, 0.0000000000000000000, 4.000000000000000000 ) ) ;
#6961 = EDGE_CURVE ( 'NONE', #5150, #6386, #8553, .T. ) ;
#6962 = EDGE_CURVE ( 'NONE', #4235, #4992, #5943, .T. ) ;
#6963 = LINE ( 'NONE', #5199, #6599 ) ;
#6964 = CARTESIAN_POINT ( 'NONE',  ( -4.905273158633095321, -5.083427567143597336, 2.063856039206981574 ) ) ;
#6965 = CARTESIAN_POINT ( 'NONE',  ( 5.160000000000006359, -5.900000000000000355, 3.520932934518919948E-17 ) ) ;
#6966 = CIRCLE ( 'NONE', #3259, 1.250000000000000222 ) ;
#6967 = ORIENTED_EDGE ( 'NONE', *, *, #3389, .F. ) ;
#6968 = DIRECTION ( 'NONE',  ( -0.7030231645967898180, -0.7111669494853616325, 0.0000000000000000000 ) ) ;
#6969 = ORIENTED_EDGE ( 'NONE', *, *, #4181, .F. ) ;
#6970 = DIRECTION ( 'NONE',  ( -0.0000000000000000000, -0.0000000000000000000, 1.000000000000000000 ) ) ;
#6971 = ORIENTED_EDGE ( 'NONE', *, *, #2392, .T. ) ;
#6972 = COLOUR_RGB ( '',0.2980392156862745057, 0.2980392156862745057, 0.2980392156862745057 ) ;
#6973 = UNCERTAINTY_MEASURE_WITH_UNIT (LENGTH_MEASURE( 1.000000000000000082E-05 ), #5067, 'distance_accuracy_value', 'NONE');
#6974 = EDGE_CURVE ( 'NONE', #6174, #3333, #6595, .T. ) ;
#6975 = DIRECTION ( 'NONE',  ( -1.000000000000000000, 0.0000000000000000000, -3.486881358747350930E-15 ) ) ;
#6976 = AXIS2_PLACEMENT_3D ( 'NONE', #5393, #8029, #2131 ) ;
#6977 = CARTESIAN_POINT ( 'NONE',  ( -4.500000000000000000, -7.159999999999999254, 0.0000000000000000000 ) ) ;
#6978 = ORIENTED_EDGE ( 'NONE', *, *, #527, .F. ) ;
#6979 = AXIS2_PLACEMENT_3D ( 'NONE', #4104, #4238, #203 ) ;
#6980 = EDGE_LOOP ( 'NONE', ( #2112, #2152, #4945, #7607 ) ) ;
#6981 = CARTESIAN_POINT ( 'NONE',  ( 3.182712096523296452, 6.514049716623620867, 2.250000000000001776 ) ) ;
#6982 = CARTESIAN_POINT ( 'NONE',  ( 3.624543868900893528, 2.073711788290161895, 1.989999999999999991 ) ) ;
#6983 = VECTOR ( 'NONE', #3536, 1000.000000000000000 ) ;
#6984 = CYLINDRICAL_SURFACE ( 'NONE', #4646, 7.249999999999999112 ) ;
#6985 = DIRECTION ( 'NONE',  ( -1.000000000000000000, 0.0000000000000000000, 0.0000000000000000000 ) ) ;
#6986 = FACE_OUTER_BOUND ( 'NONE', #6980, .T. ) ;
#6987 = ORIENTED_EDGE ( 'NONE', *, *, #3601, .T. ) ;
#6988 = CARTESIAN_POINT ( 'NONE',  ( 6.855013990761190890, -1.706377384305246991, 2.063856039206863890 ) ) ;
#6989 = LINE ( 'NONE', #6341, #1138 ) ;
#6990 = LINE ( 'NONE', #7691, #1646 ) ;
#6991 = ORIENTED_EDGE ( 'NONE', *, *, #5437, .T. ) ;
#6992 = DIRECTION ( 'NONE',  ( -0.7111669494853587459, -0.7030231645967927046, 0.0000000000000000000 ) ) ;
#6993 = CARTESIAN_POINT ( 'NONE',  ( -2.087791667227789194, 6.681401496262155071, 4.000000000000000000 ) ) ;
#6994 = LINE ( 'NONE', #8383, #2797 ) ;
#6995 = ORIENTED_EDGE ( 'NONE', *, *, #4124, .T. ) ;
#6996 = EDGE_LOOP ( 'NONE', ( #1101, #4732, #315, #5317, #7350, #2593 ) ) ;
#6997 = LINE ( 'NONE', #1090, #4326 ) ;
#6998 = ORIENTED_EDGE ( 'NONE', *, *, #585, .F. ) ;
#6999 = DIRECTION ( 'NONE',  ( 2.397230934138803641E-15, 2.397230934138803641E-15, -1.000000000000000000 ) ) ;
#7000 = CARTESIAN_POINT ( 'NONE',  ( 2.536198336770760786, 3.210225366088506949, 1.969999999999999973 ) ) ;
#7001 = STYLED_ITEM ( 'NONE', ( #3231 ), #836 ) ;
#7002 = DIRECTION ( 'NONE',  ( -0.7111669494853501972, 0.7030231645968014753, 0.0000000000000000000 ) ) ;
#7003 = DIRECTION ( 'NONE',  ( 0.0000000000000000000, -0.0000000000000000000, -1.000000000000000000 ) ) ;
#7004 = EDGE_LOOP ( 'NONE', ( #7321, #1, #3519, #2203 ) ) ;
#7005 = ORIENTED_EDGE ( 'NONE', *, *, #4286, .T. ) ;
#7006 = DIRECTION ( 'NONE',  ( -0.0000000000000000000, -0.0000000000000000000, 1.000000000000000000 ) ) ;
#7007 = VERTEX_POINT ( 'NONE', #7947 ) ;
#7008 = ADVANCED_FACE ( 'NONE', ( #2040 ), #4016, .F. ) ;
#7009 = ADVANCED_FACE ( 'NONE', ( #1637 ), #6720, .F. ) ;
#7010 = VECTOR ( 'NONE', #1400, 1000.000000000000000 ) ;
#7011 = CARTESIAN_POINT ( 'NONE',  ( 3.182712096523840017, -6.514049716623356190, 3.750000000000000888 ) ) ;
#7012 = EDGE_CURVE ( 'NONE', #4949, #3738, #4280, .T. ) ;
#7013 = AXIS2_PLACEMENT_3D ( 'NONE', #8319, #5043, #3909 ) ;
#7014 = DIRECTION ( 'NONE',  ( -0.0000000000000000000, -0.0000000000000000000, -1.000000000000000000 ) ) ;
#7015 = CARTESIAN_POINT ( 'NONE',  ( 3.182712096523840017, -6.514049716623356190, 4.000000000000000000 ) ) ;
#7016 = EDGE_LOOP ( 'NONE', ( #5496, #705, #3914, #1683, #6410 ) ) ;
#7017 = VERTEX_POINT ( 'NONE', #4193 ) ;
#7018 = ADVANCED_FACE ( 'NONE', ( #6156 ), #2859, .F. ) ;
#7019 = AXIS2_PLACEMENT_3D ( 'NONE', #2756, #3357, #7887 ) ;
#7020 = VECTOR ( 'NONE', #2472, 1000.000000000000114 ) ;
#7021 = CARTESIAN_POINT ( 'NONE',  ( -3.499999999999999556, -7.159999999999999254, -0.005000000000000000104 ) ) ;
#7022 = LINE ( 'NONE', #8326, #2172 ) ;
#7023 = DIRECTION ( 'NONE',  ( -0.0000000000000000000, -0.0000000000000000000, -1.000000000000000000 ) ) ;
#7024 = CARTESIAN_POINT ( 'NONE',  ( -6.942437212868700414, -0.8958602264727915099, 2.000000000000000000 ) ) ;
#7025 = ORIENTED_EDGE ( 'NONE', *, *, #5565, .F. ) ;
#7026 = DIRECTION ( 'NONE',  ( 0.0000000000000000000, 1.000000000000000000, 2.569409844787394988E-15 ) ) ;
#7027 = CARTESIAN_POINT ( 'NONE',  ( 5.851408311032900933, -4.099999999999710987, 3.855143162916244037 ) ) ;
#7028 = DIRECTION ( 'NONE',  ( 1.000000000000000000, 0.0000000000000000000, 0.0000000000000000000 ) ) ;
#7029 = ADVANCED_FACE ( 'NONE', ( #6817 ), #4785, .T. ) ;
#7030 = ORIENTED_EDGE ( 'NONE', *, *, #6493, .F. ) ;
#7031 = DIRECTION ( 'NONE',  ( -0.0000000000000000000, 1.000000000000000000, -0.0000000000000000000 ) ) ;
#7032 = AXIS2_PLACEMENT_3D ( 'NONE', #7640, #6250, #328 ) ;
#7033 = DIRECTION ( 'NONE',  ( 1.000000000000000000, 0.0000000000000000000, 0.0000000000000000000 ) ) ;
#7034 = DIRECTION ( 'NONE',  ( 1.000000000000000000, 0.0000000000000000000, 0.0000000000000000000 ) ) ;
#7035 = DIRECTION ( 'NONE',  ( -0.0000000000000000000, -1.000000000000000000, -0.0000000000000000000 ) ) ;
#7036 = FACE_OUTER_BOUND ( 'NONE', #3395, .T. ) ;
#7037 = EDGE_CURVE ( 'NONE', #5337, #8026, #898, .T. ) ;
#7038 = ORIENTED_EDGE ( 'NONE', *, *, #860, .T. ) ;
#7039 = VECTOR ( 'NONE', #7979, 1000.000000000000000 ) ;
#7040 = CARTESIAN_POINT ( 'NONE',  ( 3.250000000000002220, -7.260000000000001563, 1.200000000000000622 ) ) ;
#7041 = DIRECTION ( 'NONE',  ( 0.0000000000000000000, 0.0000000000000000000, 1.000000000000000000 ) ) ;
#7042 = DIRECTION ( 'NONE',  ( 0.7111669494853621876, -0.7030231645967893739, -3.701884411353083520E-15 ) ) ;
#7043 = DIRECTION ( 'NONE',  ( -1.000000000000000000, 0.0000000000000000000, 0.0000000000000000000 ) ) ;
#7044 = AXIS2_PLACEMENT_3D ( 'NONE', #3185, #5805, #6327 ) ;
#7045 = FILL_AREA_STYLE_COLOUR ( '', #8123 ) ;
#7046 = FILL_AREA_STYLE ('',( #5587 ) ) ;
#7047 = SURFACE_STYLE_USAGE ( .BOTH. , #3898 ) ;
#7048 = CARTESIAN_POINT ( 'NONE',  ( 3.499999999999998668, -7.250000000000000000, 1.989999999999999991 ) ) ;
#7049 = LINE ( 'NONE', #3737, #3981 ) ;
#7050 = ORIENTED_EDGE ( 'NONE', *, *, #1096, .F. ) ;
#7051 = ORIENTED_EDGE ( 'NONE', *, *, #3663, .T. ) ;
#7052 = DIRECTION ( 'NONE',  ( 1.000000000000000000, 0.0000000000000000000, 0.0000000000000000000 ) ) ;
#7053 = EDGE_LOOP ( 'NONE', ( #2004, #2626, #7096, #1393, #3070 ) ) ;
#7054 = COLOUR_RGB ( '',0.2980392156862745057, 0.2980392156862745057, 0.2980392156862745057 ) ;
#7055 = ADVANCED_FACE ( 'NONE', ( #3549 ), #7555, .F. ) ;
#7056 = DIRECTION ( 'NONE',  ( 1.000000000000000000, 0.0000000000000000000, -0.0000000000000000000 ) ) ;
#7057 = AXIS2_PLACEMENT_3D ( 'NONE', #5353, #4678, #6639 ) ;
#7058 = DIRECTION ( 'NONE',  ( 1.000000000000000000, 0.0000000000000000000, 0.0000000000000000000 ) ) ;
#7059 = ORIENTED_EDGE ( 'NONE', *, *, #5071, .F. ) ;
#7060 = ORIENTED_EDGE ( 'NONE', *, *, #2600, .F. ) ;
#7061 = AXIS2_PLACEMENT_3D ( 'NONE', #7729, #5738, #8372 ) ;
#7062 = EDGE_CURVE ( 'NONE', #143, #1756, #2904, .T. ) ;
#7063 = VECTOR ( 'NONE', #6970, 1000.000000000000000 ) ;
#7064 = DIRECTION ( 'NONE',  ( -0.0000000000000000000, -0.0000000000000000000, -1.000000000000000000 ) ) ;
#7065 = DIRECTION ( 'NONE',  ( 1.000000000000000000, 0.0000000000000000000, 0.0000000000000000000 ) ) ;
#7066 = EDGE_CURVE ( 'NONE', #2394, #8047, #8108, .T. ) ;
#7067 = CARTESIAN_POINT ( 'NONE',  ( -3.249999999999999556, -7.250000000000000000, 1.200000000000000400 ) ) ;
#7068 = DIRECTION ( 'NONE',  ( 1.000000000000000000, -1.084202172485510942E-15, 0.0000000000000000000 ) ) ;
#7069 = ORIENTED_EDGE ( 'NONE', *, *, #3173, .F. ) ;
#7070 = STYLED_ITEM ( 'NONE', ( #2991 ), #5845 ) ;
#7071 = DIRECTION ( 'NONE',  ( -6.229955439320547790E-15, 6.229955439320547790E-15, -1.000000000000000000 ) ) ;
#7072 = CARTESIAN_POINT ( 'NONE',  ( 0.0000000000000000000, 0.0000000000000000000, 1.989999999999999991 ) ) ;
#7073 = ORIENTED_EDGE ( 'NONE', *, *, #3518, .F. ) ;
#7074 = EDGE_CURVE ( 'NONE', #4162, #2328, #2216, .T. ) ;
#7075 = CIRCLE ( 'NONE', #5151, 6.999999999999999112 ) ;
#7076 = DIRECTION ( 'NONE',  ( -1.000000000000000000, 0.0000000000000000000, -0.0000000000000000000 ) ) ;
#7077 = DIRECTION ( 'NONE',  ( 1.000000000000000000, 8.453818109048741548E-17, -2.784500645962918296E-31 ) ) ;
#7078 = EDGE_CURVE ( 'NONE', #6664, #258, #807, .T. ) ;
#7079 = DIRECTION ( 'NONE',  ( -0.0000000000000000000, -0.0000000000000000000, 1.000000000000000000 ) ) ;
#7080 = CARTESIAN_POINT ( 'NONE',  ( 0.0000000000000000000, 0.0000000000000000000, 2.249999999999999556 ) ) ;
#7081 = FILL_AREA_STYLE_COLOUR ( '', #7478 ) ;
#7082 = VECTOR ( 'NONE', #8179, 1000.000000000000000 ) ;
#7083 = EDGE_LOOP ( 'NONE', ( #2422, #661, #3695, #1935 ) ) ;
#7084 = CARTESIAN_POINT ( 'NONE',  ( 6.217354776143374728, 3.216286614648498521, 4.000000000000000000 ) ) ;
#7085 = LINE ( 'NONE', #344, #5291 ) ;
#7086 = DIRECTION ( 'NONE',  ( -0.0000000000000000000, 1.000000000000000000, 1.355252715606880789E-16 ) ) ;
#7087 = CARTESIAN_POINT ( 'NONE',  ( -3.108106875393359836, 2.645916150154785207, -0.01000000000000000021 ) ) ;
#7088 = EDGE_CURVE ( 'NONE', #4215, #1331, #497, .T. ) ;
#7089 = VECTOR ( 'NONE', #6688, 1000.000000000000000 ) ;
#7090 = CARTESIAN_POINT ( 'NONE',  ( -3.649434712132882730, 2.098317599051049864, 1.969999999999999973 ) ) ;
#7091 = DIRECTION ( 'NONE',  ( -0.0000000000000000000, -0.0000000000000000000, -1.000000000000000000 ) ) ;
#7092 = FILL_AREA_STYLE_COLOUR ( '', #7877 ) ;
#7093 = ORIENTED_EDGE ( 'NONE', *, *, #4448, .F. ) ;
#7094 = DIRECTION ( 'NONE',  ( -1.000000000000000000, 0.0000000000000000000, 0.0000000000000000000 ) ) ;
#7095 = ORIENTED_EDGE ( 'NONE', *, *, #6471, .F. ) ;
#7096 = ORIENTED_EDGE ( 'NONE', *, *, #5425, .T. ) ;
#7097 = LINE ( 'NONE', #7584, #579 ) ;
#7098 = VERTEX_POINT ( 'NONE', #1555 ) ;
#7099 = ORIENTED_EDGE ( 'NONE', *, *, #2645, .F. ) ;
#7100 = ORIENTED_EDGE ( 'NONE', *, *, #3400, .T. ) ;
#7101 = CIRCLE ( 'NONE', #2308, 1.249999999999994227 ) ;
#7102 = VECTOR ( 'NONE', #2171, 1000.000000000000000 ) ;
#7103 = DIRECTION ( 'NONE',  ( 0.0000000000000000000, 0.0000000000000000000, -1.000000000000000000 ) ) ;
#7104 = VECTOR ( 'NONE', #157, 1000.000000000000000 ) ;
#7105 = CARTESIAN_POINT ( 'NONE',  ( 0.0000000000000000000, 0.0000000000000000000, 2.249999999999999556 ) ) ;
#7106 = CARTESIAN_POINT ( 'NONE',  ( 6.280480150432810937, 3.153136942812803323, 2.027052200441377572 ) ) ;
#7107 = VERTEX_POINT ( 'NONE', #8154 ) ;
#7108 = CYLINDRICAL_SURFACE ( 'NONE', #265, 1.249999999999994227 ) ;
#7109 = EDGE_CURVE ( 'NONE', #3540, #2661, #1609, .T. ) ;
#7110 = CARTESIAN_POINT ( 'NONE',  ( 2.999999999999999556, -4.500000000000000000, -0.5000000000000000000 ) ) ;
#7111 = ORIENTED_EDGE ( 'NONE', *, *, #5005, .T. ) ;
#7112 = ADVANCED_FACE ( 'NONE', ( #5566 ), #2262, .F. ) ;
#7113 = EDGE_CURVE ( 'NONE', #5422, #6361, #3585, .T. ) ;
#7114 = ADVANCED_FACE ( 'NONE', ( #284 ), #5866, .T. ) ;
#7115 = UNCERTAINTY_MEASURE_WITH_UNIT (LENGTH_MEASURE( 1.000000000000000082E-05 ), #3122, 'distance_accuracy_value', 'NONE');
#7116 = FILL_AREA_STYLE ('',( #428 ) ) ;
#7117 = CARTESIAN_POINT ( 'NONE',  ( 5.150000000000006573, -3.963704366711341187, 0.1392243887514867662 ) ) ;
#7118 = DIRECTION ( 'NONE',  ( 0.0000000000000000000, -1.000000000000000000, 0.0000000000000000000 ) ) ;
#7119 = CARTESIAN_POINT ( 'NONE',  ( -1.749051531137701732, -7.035859488465135314, 3.749999999999996447 ) ) ;
#7120 = FILL_AREA_STYLE ('',( #7081 ) ) ;
#7121 = ORIENTED_EDGE ( 'NONE', *, *, #4397, .F. ) ;
#7122 = ADVANCED_FACE ( 'NONE', ( #7369 ), #1465, .T. ) ;
#7123 = DIRECTION ( 'NONE',  ( -0.0000000000000000000, 0.0000000000000000000, 1.000000000000000000 ) ) ;
#7124 = DIRECTION ( 'NONE',  ( -2.521175704717234053E-15, -2.492304969624203411E-15, 1.000000000000000000 ) ) ;
#7125 = LINE ( 'NONE', #2578, #6008 ) ;
#7126 = CARTESIAN_POINT ( 'NONE',  ( 3.642323042638026642, 2.091287367405080477, 1.989999999999999991 ) ) ;
#7127 = CARTESIAN_POINT ( 'NONE',  ( -2.324999999999999289, -4.500000000000000000, -0.5000000000000000000 ) ) ;
#7128 = CARTESIAN_POINT ( 'NONE',  ( -2.695380892068505840, 6.460257103759256658, 2.000000000000000000 ) ) ;
#7129 = ORIENTED_EDGE ( 'NONE', *, *, #6525, .T. ) ;
#7130 = CARTESIAN_POINT ( 'NONE',  ( -4.049976487848957696, 6.013334386833199652, 3.749999999999994671 ) ) ;
#7131 = ORIENTED_EDGE ( 'NONE', *, *, #1466, .F. ) ;
#7132 = VERTEX_POINT ( 'NONE', #1812 ) ;
#7133 = CARTESIAN_POINT ( 'NONE',  ( 4.066399021986422113, 5.938585211213576187, 3.802824953243206352 ) ) ;
#7134 = ORIENTED_EDGE ( 'NONE', *, *, #2404, .T. ) ;
#7135 = EDGE_CURVE ( 'NONE', #5192, #4602, #5050, .T. ) ;
#7136 = DIRECTION ( 'NONE',  ( 1.000000000000000000, 0.0000000000000000000, 0.0000000000000000000 ) ) ;
#7137 = LINE ( 'NONE', #2062, #4320 ) ;
#7138 = ORIENTED_EDGE ( 'NONE', *, *, #6855, .F. ) ;
#7139 = VERTEX_POINT ( 'NONE', #5091 ) ;
#7140 = CONICAL_SURFACE ( 'NONE', #6322, 7.250000000000000000, 0.7853981633974518317 ) ;
#7141 = ORIENTED_EDGE ( 'NONE', *, *, #2709, .F. ) ;
#7142 = DIRECTION ( 'NONE',  ( 0.0000000000000000000, 0.0000000000000000000, 1.000000000000000000 ) ) ;
#7143 = AXIS2_PLACEMENT_3D ( 'NONE', #1591, #4229, #931 ) ;
#7144 = FACE_OUTER_BOUND ( 'NONE', #6752, .T. ) ;
#7145 = DIRECTION ( 'NONE',  ( 0.0000000000000000000, 1.000000000000000000, 0.0000000000000000000 ) ) ;
#7146 = LINE ( 'NONE', #1240, #2373 ) ;
#7147 = CARTESIAN_POINT ( 'NONE',  ( 1.749051531139097060, -7.035859488464788036, 2.249999999999996891 ) ) ;
#7148 = CARTESIAN_POINT ( 'NONE',  ( 2.115317621763145084, 3.600420836171648542, 1.989999999999999991 ) ) ;
#7149 = EDGE_LOOP ( 'NONE', ( #6708, #2443, #1196, #1003 ) ) ;
#7150 = EDGE_LOOP ( 'NONE', ( #3430, #5540, #1396, #318, #185, #2116, #5347, #5590, #3280, #8506, #3906, #3542, #6663, #4807, #3989, #3859, #4211, #7073, #1224, #8222, #8481, #5211, #7785, #6710, #2502, #3639, #6967, #4770, #3577, #2167, #3759, #694, #4035, #1753, #2279, #7174 ) ) ;
#7151 = AXIS2_PLACEMENT_3D ( 'NONE', #4942, #1660, #8305 ) ;
#7152 = AXIS2_PLACEMENT_3D ( 'NONE', #4359, #408, #6240 ) ;
#7153 = CARTESIAN_POINT ( 'NONE',  ( 4.499999999999998224, -7.259999999999998899, -0.005000000000000000104 ) ) ;
#7154 = EDGE_CURVE ( 'NONE', #737, #3575, #325, .T. ) ;
#7155 = SURFACE_STYLE_USAGE ( .BOTH. , #3160 ) ;
#7156 = CIRCLE ( 'NONE', #5649, 7.249999999999999112 ) ;
#7157 = EDGE_CURVE ( 'NONE', #3143, #7744, #3795, .T. ) ;
#7158 = CARTESIAN_POINT ( 'NONE',  ( -0.9749999999999963141, 0.0000000000000000000, 0.0000000000000000000 ) ) ;
#7159 = DIRECTION ( 'NONE',  ( -1.000000000000000000, 0.0000000000000000000, 0.0000000000000000000 ) ) ;
#7160 = ORIENTED_EDGE ( 'NONE', *, *, #5127, .T. ) ;
#7161 = DIRECTION ( 'NONE',  ( 1.000000000000000000, 0.0000000000000000000, 0.0000000000000000000 ) ) ;
#7162 = COLOUR_RGB ( '',0.2980392156862745057, 0.2980392156862745057, 0.2980392156862745057 ) ;
#7163 = DIRECTION ( 'NONE',  ( -0.0000000000000000000, -0.0000000000000000000, -1.000000000000000000 ) ) ;
#7164 = ADVANCED_FACE ( 'NONE', ( #2988 ), #5689, .T. ) ;
#7165 = CARTESIAN_POINT ( 'NONE',  ( 0.0000000000000000000, 0.0000000000000000000, 4.000000000000000000 ) ) ;
#7166 = DIRECTION ( 'NONE',  ( -0.7030231645967893739, -0.7111669494853621876, 4.040317977819540748E-16 ) ) ;
#7167 = CARTESIAN_POINT ( 'NONE',  ( -5.159999999999998366, -1.800000000000002931, 0.5000000000000000000 ) ) ;
#7168 = EDGE_CURVE ( 'NONE', #2466, #1641, #2589, .T. ) ;
#7169 =( LENGTH_UNIT ( ) NAMED_UNIT ( * ) SI_UNIT ( .MILLI., .METRE. ) );
#7170 = VECTOR ( 'NONE', #4599, 1000.000000000000000 ) ;
#7171 = EDGE_LOOP ( 'NONE', ( #20, #108 ) ) ;
#7172 = ORIENTED_EDGE ( 'NONE', *, *, #200, .T. ) ;
#7173 = ORIENTED_EDGE ( 'NONE', *, *, #98, .T. ) ;
#7174 = ORIENTED_EDGE ( 'NONE', *, *, #4935, .F. ) ;
#7175 = EDGE_CURVE ( 'NONE', #1206, #6092, #3072, .T. ) ;
#7176 = DIRECTION ( 'NONE',  ( -0.0000000000000000000, 0.0000000000000000000, -1.000000000000000000 ) ) ;
#7177 = DIRECTION ( 'NONE',  ( -1.196361017915039486E-16, -1.000000000000000000, 0.0000000000000000000 ) ) ;
#7178 = EDGE_CURVE ( 'NONE', #3890, #7017, #8325, .T. ) ;
#7179 = VERTEX_POINT ( 'NONE', #8413 ) ;
#7180 = VERTEX_POINT ( 'NONE', #6982 ) ;
#7181 = ORIENTED_EDGE ( 'NONE', *, *, #6067, .F. ) ;
#7182 = CARTESIAN_POINT ( 'NONE',  ( -6.967758820037437850, -2.003206685739267190, 3.749999999999997335 ) ) ;
#7183 = VERTEX_POINT ( 'NONE', #1071 ) ;
#7184 = B_SPLINE_CURVE_WITH_KNOTS ( 'NONE', 3,
 ( #8244, #2350, #5647, #1074 ),
 .UNSPECIFIED., .F., .F.,
 ( 4, 4 ),
 ( 0.0000000000000000000, 0.0005511928767345172786 ),
 .UNSPECIFIED. ) ;
#7185 = CARTESIAN_POINT ( 'NONE',  ( 6.801860843870434085E-13, -8.199999999999999289, 4.000000000000000000 ) ) ;
#7186 = STYLED_ITEM ( 'NONE', ( #5889 ), #4169 ) ;
#7187 = DIRECTION ( 'NONE',  ( 1.000000000000000000, 0.0000000000000000000, 0.0000000000000000000 ) ) ;
#7188 = EDGE_CURVE ( 'NONE', #4351, #569, #8242, .T. ) ;
#7189 = CARTESIAN_POINT ( 'NONE',  ( -3.649434712132887171, 2.098317599051055193, 0.4299591213836871373 ) ) ;
#7190 = DIRECTION ( 'NONE',  ( 1.000000000000000000, 0.0000000000000000000, 0.0000000000000000000 ) ) ;
#7191 = ORIENTED_EDGE ( 'NONE', *, *, #6831, .T. ) ;
#7192 = VECTOR ( 'NONE', #1962, 1000.000000000000000 ) ;
#7193 = ORIENTED_EDGE ( 'NONE', *, *, #7386, .F. ) ;
#7194 = MECHANICAL_DESIGN_GEOMETRIC_PRESENTATION_REPRESENTATION (  '', ( #4593 ), #2267 ) ;
#7195 = DIRECTION ( 'NONE',  ( 0.0000000000000000000, -1.000000000000000000, 0.0000000000000000000 ) ) ;
#7196 = DIRECTION ( 'NONE',  ( -0.0000000000000000000, -0.0000000000000000000, 1.000000000000000000 ) ) ;
#7197 = AXIS2_PLACEMENT_3D ( 'NONE', #1426, #6679, #4755 ) ;
#7198 = VECTOR ( 'NONE', #875, 1000.000000000000000 ) ;
#7199 = CARTESIAN_POINT ( 'NONE',  ( -7.232688584372583662, 0.5007153297898134792, 3.750000000000001776 ) ) ;
#7200 = PLANE ( 'NONE',  #5134 ) ;
#7201 = CARTESIAN_POINT ( 'NONE',  ( 0.0000000000000000000, 0.0000000000000000000, 3.750000000000001776 ) ) ;
#7202 = ORIENTED_EDGE ( 'NONE', *, *, #1431, .T. ) ;
#7203 = EDGE_CURVE ( 'NONE', #1450, #6091, #4376, .T. ) ;
#7204 = SURFACE_SIDE_STYLE ('',( #4590 ) ) ;
#7205 = AXIS2_PLACEMENT_3D ( 'NONE', #7553, #2987, #2342 ) ;
#7206 = CARTESIAN_POINT ( 'NONE',  ( -4.089921896514006505, -5.863744502176272633, 3.851148186049285993 ) ) ;
#7207 = DIRECTION ( 'NONE',  ( 0.0000000000000000000, 0.0000000000000000000, 1.000000000000000000 ) ) ;
#7208 = CARTESIAN_POINT ( 'NONE',  ( 5.159999999999998366, -0.8000000000000042633, -0.005000000000000000104 ) ) ;
#7209 = DIRECTION ( 'NONE',  ( -0.7111669494853587459, -0.7030231645967927046, 0.0000000000000000000 ) ) ;
#7210 = CONICAL_SURFACE ( 'NONE', #2400, 7.250000000000000000, 0.7853981633974533860 ) ;
#7211 = ORIENTED_EDGE ( 'NONE', *, *, #8078, .T. ) ;
#7212 = DIRECTION ( 'NONE',  ( -0.0000000000000000000, -0.0000000000000000000, -1.000000000000000000 ) ) ;
#7213 = EDGE_LOOP ( 'NONE', ( #2993, #5582, #367, #2938 ) ) ;
#7214 = EDGE_CURVE ( 'NONE', #1306, #8047, #6244, .T. ) ;
#7215 = ORIENTED_EDGE ( 'NONE', *, *, #3141, .F. ) ;
#7216 = EDGE_CURVE ( 'NONE', #8460, #7755, #5137, .T. ) ;
#7217 = EDGE_CURVE ( 'NONE', #582, #4990, #5734, .T. ) ;
#7218 = PRESENTATION_LAYER_ASSIGNMENT (  '', '', ( #3649 ) ) ;
#7219 = CARTESIAN_POINT ( 'NONE',  ( 0.3232914739353234812, 6.992530487804879513, 4.000000000000000000 ) ) ;
#7220 = B_SPLINE_CURVE_WITH_KNOTS ( 'NONE', 3,
 ( #4112, #6868, #950, #2916 ),
 .UNSPECIFIED., .F., .F.,
 ( 4, 4 ),
 ( 4.336808689942017736E-19, 0.0005511928767345174954 ),
 .UNSPECIFIED. ) ;
#7221 = ORIENTED_EDGE ( 'NONE', *, *, #5127, .F. ) ;
#7222 = ORIENTED_EDGE ( 'NONE', *, *, #4289, .T. ) ;
#7223 = ORIENTED_EDGE ( 'NONE', *, *, #6239, .F. ) ;
#7224 =( LENGTH_UNIT ( ) NAMED_UNIT ( * ) SI_UNIT ( .MILLI., .METRE. ) );
#7225 = ORIENTED_EDGE ( 'NONE', *, *, #2557, .F. ) ;
#7226 = EDGE_CURVE ( 'NONE', #3189, #4033, #6416, .T. ) ;
#7227 = LINE ( 'NONE', #1280, #4362 ) ;
#7228 = DIRECTION ( 'NONE',  ( -0.0000000000000000000, -0.0000000000000000000, 1.000000000000000000 ) ) ;
#7229 = LINE ( 'NONE', #6586, #4610 ) ;
#7230 = DIRECTION ( 'NONE',  ( -0.0000000000000000000, -0.0000000000000000000, 1.000000000000000000 ) ) ;
#7231 = DIRECTION ( 'NONE',  ( 0.0000000000000000000, 0.0000000000000000000, -1.000000000000000000 ) ) ;
#7232 = DIRECTION ( 'NONE',  ( 1.000000000000000000, 0.0000000000000000000, 0.0000000000000000000 ) ) ;
#7233 = VECTOR ( 'NONE', #5578, 1000.000000000000000 ) ;
#7234 = ORIENTED_EDGE ( 'NONE', *, *, #2017, .T. ) ;
#7235 = EDGE_LOOP ( 'NONE', ( #6799, #3342 ) ) ;
#7236 = EDGE_CURVE ( 'NONE', #8278, #3523, #1723, .T. ) ;
#7237 = AXIS2_PLACEMENT_3D ( 'NONE', #5472, #6896, #7463 ) ;
#7238 = CARTESIAN_POINT ( 'NONE',  ( 0.7546131235688732231, 0.7633545239407423244, 1.989999999999999991 ) ) ;
#7239 = VECTOR ( 'NONE', #1856, 1000.000000000000114 ) ;
#7240 = CARTESIAN_POINT ( 'NONE',  ( 2.804565175270500976, 7.705479490444564483, 2.000000000000000000 ) ) ;
#7241 = FACE_OUTER_BOUND ( 'NONE', #6567, .T. ) ;
#7242 = CARTESIAN_POINT ( 'NONE',  ( -1.749051531138295479, 7.035859488464986988, 4.000000000000000000 ) ) ;
#7243 = CYLINDRICAL_SURFACE ( 'NONE', #6219, 7.250000000000000000 ) ;
#7244 = CARTESIAN_POINT ( 'NONE',  ( -6.554487537761678695, 2.973396783845769331, 3.802824953243152617 ) ) ;
#7245 = EDGE_LOOP ( 'NONE', ( #3352, #7722, #1722, #8356, #6111, #794, #7191, #2614 ) ) ;
#7246 = PRESENTATION_STYLE_ASSIGNMENT (( #2706 ) ) ;
#7247 = CARTESIAN_POINT ( 'NONE',  ( -3.628099703648321572, 2.077226904113146144, 1.989999999999999991 ) ) ;
#7248 = DIRECTION ( 'NONE',  ( 1.000000000000000000, 0.0000000000000000000, -0.0000000000000000000 ) ) ;
#7249 = DIRECTION ( 'NONE',  ( 1.000000000000000000, -1.224646799147563241E-16, 0.0000000000000000000 ) ) ;
#7250 = ORIENTED_EDGE ( 'NONE', *, *, #6216, .T. ) ;
#7251 = DIRECTION ( 'NONE',  ( -0.0000000000000000000, -0.0000000000000000000, -1.000000000000000000 ) ) ;
#7252 = ORIENTED_EDGE ( 'NONE', *, *, #961, .F. ) ;
#7253 = ORIENTED_EDGE ( 'NONE', *, *, #7216, .T. ) ;
#7254 = CARTESIAN_POINT ( 'NONE',  ( 2.118873456510572240, 3.603935951994633236, 1.969999999999999973 ) ) ;
#7255 = ORIENTED_EDGE ( 'NONE', *, *, #6119, .F. ) ;
#7256 =( NAMED_UNIT ( * ) SI_UNIT ( $, .STERADIAN. ) SOLID_ANGLE_UNIT ( ) );
#7257 = DIRECTION ( 'NONE',  ( 0.0000000000000000000, 0.0000000000000000000, -1.000000000000000000 ) ) ;
#7258 = PLANE ( 'NONE',  #5273 ) ;
#7259 = ORIENTED_EDGE ( 'NONE', *, *, #6267, .T. ) ;
#7260 = CARTESIAN_POINT ( 'NONE',  ( -5.857990624953843373, 3.948023103928707034, 2.063856039206997117 ) ) ;
#7261 = EDGE_CURVE ( 'NONE', #2235, #7755, #2476, .T. ) ;
#7262 = EDGE_CURVE ( 'NONE', #7756, #8140, #6939, .T. ) ;
#7263 = VERTEX_POINT ( 'NONE', #5642 ) ;
#7264 = ORIENTED_EDGE ( 'NONE', *, *, #5912, .T. ) ;
#7265 = CARTESIAN_POINT ( 'NONE',  ( 3.642323042638026642, 2.091287367405080477, 1.969999999999999085 ) ) ;
#7266 = ORIENTED_EDGE ( 'NONE', *, *, #3987, .F. ) ;
#7267 = PRESENTATION_STYLE_ASSIGNMENT (( #4664 ) ) ;
#7268 = B_SPLINE_CURVE_WITH_KNOTS ( 'NONE', 3,
 ( #4908, #7543, #4266, #4950, #1454, #3786 ),
 .UNSPECIFIED., .F., .F.,
 ( 4, 2, 4 ),
 ( 3.252606517456513302E-19, 0.0002759767003082168953, 0.0005519534006164334653 ),
 .UNSPECIFIED. ) ;
#7269 = DIRECTION ( 'NONE',  ( -0.7030231645968014753, -0.7111669494853501972, 0.0000000000000000000 ) ) ;
#7270 = LINE ( 'NONE', #6670, #909 ) ;
#7271 = LINE ( 'NONE', #5896, #2280 ) ;
#7272 = CARTESIAN_POINT ( 'NONE',  ( 0.0000000000000000000, 0.0000000000000000000, 2.249999999999999556 ) ) ;
#7273 = CARTESIAN_POINT ( 'NONE',  ( 2.087791667229006887, -6.681401496261778483, 2.000000000000000000 ) ) ;
#7274 = EDGE_CURVE ( 'NONE', #7007, #8089, #1192, .T. ) ;
#7275 = CARTESIAN_POINT ( 'NONE',  ( 0.0000000000000000000, 0.0000000000000000000, 4.000000000000000000 ) ) ;
#7276 = ORIENTED_EDGE ( 'NONE', *, *, #2608, .T. ) ;
#7277 = AXIS2_PLACEMENT_3D ( 'NONE', #2591, #5207, #7136 ) ;
#7278 = PRODUCT_DEFINITION_CONTEXT ( 'detailed design', #5082, 'design' ) ;
#7279 = DIRECTION ( 'NONE',  ( -0.0000000000000000000, -0.0000000000000000000, -1.000000000000000000 ) ) ;
#7280 = DIRECTION ( 'NONE',  ( -1.000000000000000000, 0.0000000000000000000, 0.0000000000000000000 ) ) ;
#7281 = CARTESIAN_POINT ( 'NONE',  ( -5.150000000000006573, -7.249999999999997335, 0.1392243887514867662 ) ) ;
#7282 = EDGE_CURVE ( 'NONE', #1541, #582, #1678, .T. ) ;
#7283 = CARTESIAN_POINT ( 'NONE',  ( -2.536198336770763451, 3.210225366088509169, 0.9700000000000000844 ) ) ;
#7284 = CIRCLE ( 'NONE', #7583, 7.249999999999999112 ) ;
#7285 = CARTESIAN_POINT ( 'NONE',  ( -4.049976487848458540, -6.013334386833537160, 4.000000000000000000 ) ) ;
#7286 = FACE_OUTER_BOUND ( 'NONE', #7911, .T. ) ;
#7287 = ORIENTED_EDGE ( 'NONE', *, *, #8109, .T. ) ;
#7288 = DIRECTION ( 'NONE',  ( -0.7111669494853501972, 0.7030231645968014753, 0.0000000000000000000 ) ) ;
#7289 = CARTESIAN_POINT ( 'NONE',  ( -4.195827640585639173, -5.637529060733080577, 3.972947799558543824 ) ) ;
#7290 =( GEOMETRIC_REPRESENTATION_CONTEXT ( 3 ) GLOBAL_UNCERTAINTY_ASSIGNED_CONTEXT ( ( #8420 ) ) GLOBAL_UNIT_ASSIGNED_CONTEXT ( ( #735, #2051, #126 ) ) REPRESENTATION_CONTEXT ( 'NONE', 'WORKASPACE' ) );
#7291 = LINE ( 'NONE', #77, #3947 ) ;
#7292 = DIRECTION ( 'NONE',  ( 0.0000000000000000000, 0.0000000000000000000, 1.000000000000000000 ) ) ;
#7293 = EDGE_CURVE ( 'NONE', #6919, #5846, #1768, .T. ) ;
#7294 = CARTESIAN_POINT ( 'NONE',  ( -4.500000000000000000, -7.259999999999998010, -0.005000000000000000104 ) ) ;
#7295 = EDGE_LOOP ( 'NONE', ( #1740, #4809, #1221, #2640 ) ) ;
#7296 = CARTESIAN_POINT ( 'NONE',  ( -6.980157201460719385, 0.8149287962814780739, 3.972947799558527837 ) ) ;
#7297 = ORIENTED_EDGE ( 'NONE', *, *, #2129, .T. ) ;
#7298 = ORIENTED_EDGE ( 'NONE', *, *, #7976, .F. ) ;
#7299 = AXIS2_PLACEMENT_3D ( 'NONE', #5216, #7230, #7190 ) ;
#7300 = DIRECTION ( 'NONE',  ( -0.7030231645967893739, 0.7111669494853621876, 3.745981415889730895E-16 ) ) ;
#7301 = ORIENTED_EDGE ( 'NONE', *, *, #4289, .F. ) ;
#7302 = DIRECTION ( 'NONE',  ( 1.000000000000000000, -1.196361017915039486E-16, 3.486881358747350930E-15 ) ) ;
#7303 = VECTOR ( 'NONE', #5117, 1000.000000000000000 ) ;
#7304 = DIRECTION ( 'NONE',  ( -3.270669984456072870E-15, 1.635334992228036435E-15, -1.000000000000000000 ) ) ;
#7305 = DIRECTION ( 'NONE',  ( 5.702219099707185291E-30, -1.000000000000000000, -1.635334992228036632E-15 ) ) ;
#7306 = ORIENTED_EDGE ( 'NONE', *, *, #2392, .F. ) ;
#7307 = CARTESIAN_POINT ( 'NONE',  ( -1.974999999999996314, -7.159999999999999254, 0.5000000000000000000 ) ) ;
#7308 = EDGE_LOOP ( 'NONE', ( #45, #2326, #5452, #620 ) ) ;
#7309 = ORIENTED_EDGE ( 'NONE', *, *, #8189, .F. ) ;
#7310 = PLANE ( 'NONE',  #8028 ) ;
#7311 = VERTEX_POINT ( 'NONE', #707 ) ;
#7312 = EDGE_CURVE ( 'NONE', #4949, #5203, #668, .T. ) ;
#7313 = VECTOR ( 'NONE', #1357, 1000.000000000000000 ) ;
#7314 = CARTESIAN_POINT ( 'NONE',  ( 3.649434712132886727, 2.098317599051054305, 3.491481338843134095E-17 ) ) ;
#7315 = CARTESIAN_POINT ( 'NONE',  ( 0.0000000000000000000, 0.0000000000000000000, 4.000000000000000000 ) ) ;
#7316 =( GEOMETRIC_REPRESENTATION_CONTEXT ( 3 ) GLOBAL_UNCERTAINTY_ASSIGNED_CONTEXT ( ( #2318 ) ) GLOBAL_UNIT_ASSIGNED_CONTEXT ( ( #4383, #6261, #5063 ) ) REPRESENTATION_CONTEXT ( 'NONE', 'WORKASPACE' ) );
#7317 = CARTESIAN_POINT ( 'NONE',  ( 5.160000000000005471, -3.963704366711341187, 0.1392243887514867939 ) ) ;
#7318 = SURFACE_STYLE_FILL_AREA ( #8264 ) ;
#7319 = DIRECTION ( 'NONE',  ( 1.000000000000000000, 0.0000000000000000000, 0.0000000000000000000 ) ) ;
#7320 = DIRECTION ( 'NONE',  ( 0.0000000000000000000, 0.0000000000000000000, 1.000000000000000000 ) ) ;
#7321 = ORIENTED_EDGE ( 'NONE', *, *, #4028, .F. ) ;
#7322 = EDGE_CURVE ( 'NONE', #3573, #4371, #545, .T. ) ;
#7323 = CARTESIAN_POINT ( 'NONE',  ( -6.845734602379151212, -1.711042487757468811, 2.054262250779082866 ) ) ;
#7324 = PRESENTATION_LAYER_ASSIGNMENT (  '', '', ( #6494 ) ) ;
#7325 = EDGE_CURVE ( 'NONE', #768, #1799, #3327, .T. ) ;
#7326 = ADVANCED_FACE ( 'NONE', ( #1237 ), #7938, .T. ) ;
#7327 = EDGE_CURVE ( 'NONE', #2607, #2466, #6284, .T. ) ;
#7328 = LINE ( 'NONE', #5861, #3132 ) ;
#7329 = DIRECTION ( 'NONE',  ( -1.000000000000000000, 0.0000000000000000000, 0.0000000000000000000 ) ) ;
#7330 = CARTESIAN_POINT ( 'NONE',  ( 5.150000000000006573, -5.900000000000000355, 3.405157577156835136E-19 ) ) ;
#7331 = DIRECTION ( 'NONE',  ( 0.0000000000000000000, 0.0000000000000000000, -1.000000000000000000 ) ) ;
#7332 = MECHANICAL_DESIGN_GEOMETRIC_PRESENTATION_REPRESENTATION (  '', ( #2540 ), #5563 ) ;
#7333 = CARTESIAN_POINT ( 'NONE',  ( -2.133096795500278642, 3.617996415286566680, 1.989999999999999991 ) ) ;
#7334 = ORIENTED_EDGE ( 'NONE', *, *, #7074, .F. ) ;
#7335 = EDGE_CURVE ( 'NONE', #5699, #6143, #75, .T. ) ;
#7336 = LINE ( 'NONE', #1430, #3904 ) ;
#7337 = DIRECTION ( 'NONE',  ( -0.0000000000000000000, -0.0000000000000000000, -1.000000000000000000 ) ) ;
#7338 = EDGE_CURVE ( 'NONE', #3088, #3177, #1579, .T. ) ;
#7339 = AXIS2_PLACEMENT_3D ( 'NONE', #7876, #8068, #3587 ) ;
#7340 = CARTESIAN_POINT ( 'NONE',  ( 6.825423574700510088, -1.423915056868493956, 4.000000000000000000 ) ) ;
#7341 = COLOUR_RGB ( '',0.2980392156862745057, 0.2980392156862745057, 0.2980392156862745057 ) ;
#7342 = CARTESIAN_POINT ( 'NONE',  ( -2.536198336770763451, 3.210225366088509169, 0.9700000000000000844 ) ) ;
#7343 =( NAMED_UNIT ( * ) PLANE_ANGLE_UNIT ( ) SI_UNIT ( $, .RADIAN. ) );
#7344 = CARTESIAN_POINT ( 'NONE',  ( -4.904673562541205456, -5.073058829348554788, 3.945737749220956658 ) ) ;
#7345 = CARTESIAN_POINT ( 'NONE',  ( 4.049976487849747286, -6.013334386832666745, 3.750000000000000888 ) ) ;
#7346 = VERTEX_POINT ( 'NONE', #5936 ) ;
#7347 = ORIENTED_EDGE ( 'NONE', *, *, #4680, .T. ) ;
#7348 = CIRCLE ( 'NONE', #7906, 7.250000000000000000 ) ;
#7349 = CARTESIAN_POINT ( 'NONE',  ( 0.0000000000000000000, 0.0000000000000000000, 4.000000000000000000 ) ) ;
#7350 = ORIENTED_EDGE ( 'NONE', *, *, #7852, .T. ) ;
#7351 = EDGE_CURVE ( 'NONE', #7622, #1883, #7227, .T. ) ;
#7352 = CARTESIAN_POINT ( 'NONE',  ( 7.101408311032565202, 4.100000000000294520, 4.000000000000000000 ) ) ;
#7353 = STYLED_ITEM ( 'NONE', ( #2973 ), #6388 ) ;
#7354 = STYLED_ITEM ( 'NONE', ( #2305 ), #5014 ) ;
#7355 = CARTESIAN_POINT ( 'NONE',  ( 0.0000000000000000000, 0.0000000000000000000, 3.749999999999994671 ) ) ;
#7356 = CARTESIAN_POINT ( 'NONE',  ( -5.159999999999998366, -7.250000000000000000, 1.989999999999999991 ) ) ;
#7357 = ORIENTED_EDGE ( 'NONE', *, *, #7410, .T. ) ;
#7358 = CARTESIAN_POINT ( 'NONE',  ( 5.851408311032820109, -4.156633747837723547, 3.822644489894561293 ) ) ;
#7359 = EDGE_LOOP ( 'NONE', ( #934, #7309, #2353, #3844 ) ) ;
#7360 = VERTEX_POINT ( 'NONE', #5893 ) ;
#7361 = DIRECTION ( 'NONE',  ( 1.000000000000000000, 0.0000000000000000000, 0.0000000000000000000 ) ) ;
#7362 = ORIENTED_EDGE ( 'NONE', *, *, #6539, .F. ) ;
#7363 = CIRCLE ( 'NONE', #2148, 0.7750000000000001332 ) ;
#7364 = CARTESIAN_POINT ( 'NONE',  ( -0.9749999999999963141, -7.160000000000000142, 0.5000000000000000000 ) ) ;
#7365 = LINE ( 'NONE', #2896, #6272 ) ;
#7366 = CARTESIAN_POINT ( 'NONE',  ( 5.150000000000000355, -1.163414459190184377E-16, 0.5000000000000000000 ) ) ;
#7367 = ORIENTED_EDGE ( 'NONE', *, *, #8389, .F. ) ;
#7368 = DIRECTION ( 'NONE',  ( -0.7111669494853618545, 0.7030231645967895959, 3.545124961925875515E-15 ) ) ;
#7369 = FACE_OUTER_BOUND ( 'NONE', #7213, .T. ) ;
#7370 = CARTESIAN_POINT ( 'NONE',  ( -2.087791667227212322, -6.681401496262338924, 4.000000000000000000 ) ) ;
#7371 = EDGE_CURVE ( 'NONE', #4930, #6361, #6704, .T. ) ;
#7372 = VECTOR ( 'NONE', #3094, 1000.000000000000000 ) ;
#7373 = LINE ( 'NONE', #6476, #4468 ) ;
#7374 = CARTESIAN_POINT ( 'NONE',  ( 0.0000000000000000000, 0.0000000000000000000, 4.000000000000000000 ) ) ;
#7375 = DIRECTION ( 'NONE',  ( 0.0000000000000000000, 0.0000000000000000000, 1.000000000000000000 ) ) ;
#7376 = EDGE_CURVE ( 'NONE', #5028, #7710, #58, .T. ) ;
#7377 = PLANE ( 'NONE',  #2803 ) ;
#7378 = EDGE_CURVE ( 'NONE', #3824, #2374, #2562, .T. ) ;
#7379 = ADVANCED_FACE ( 'NONE', ( #5849 ), #2601, .F. ) ;
#7380 = ORIENTED_EDGE ( 'NONE', *, *, #665, .F. ) ;
#7381 = CARTESIAN_POINT ( 'NONE',  ( -3.674999999999999822, -4.500000000000000000, -0.4000000000000000222 ) ) ;
#7382 = DIRECTION ( 'NONE',  ( 1.000000000000000000, -8.673617379884036458E-16, 0.0000000000000000000 ) ) ;
#7383 = VECTOR ( 'NONE', #6214, 1000.000000000000114 ) ;
#7384 = DIRECTION ( 'NONE',  ( 1.000000000000000000, 0.0000000000000000000, 0.0000000000000000000 ) ) ;
#7385 = DIRECTION ( 'NONE',  ( -8.453818109048741548E-17, 1.000000000000000000, -3.491481338843134144E-15 ) ) ;
#7386 = EDGE_CURVE ( 'NONE', #7679, #3048, #4184, .T. ) ;
#7387 = VECTOR ( 'NONE', #5311, 1000.000000000000000 ) ;
#7388 = DIRECTION ( 'NONE',  ( -0.0000000000000000000, -1.000000000000000000, -0.0000000000000000000 ) ) ;
#7389 = CIRCLE ( 'NONE', #1054, 7.249999999999999112 ) ;
#7390 = EDGE_LOOP ( 'NONE', ( #6522, #3763, #2463, #3406 ) ) ;
#7391 = FACE_OUTER_BOUND ( 'NONE', #7245, .T. ) ;
#7392 = EDGE_CURVE ( 'NONE', #1667, #6450, #7365, .T. ) ;
#7393 = VERTEX_POINT ( 'NONE', #8062 ) ;
#7394 = VERTEX_POINT ( 'NONE', #2165 ) ;
#7395 = CYLINDRICAL_SURFACE ( 'NONE', #1009, 4.200000000000000178 ) ;
#7396 = ORIENTED_EDGE ( 'NONE', *, *, #3482, .F. ) ;
#7397 = PLANE ( 'NONE',  #2561 ) ;
#7398 = AXIS2_PLACEMENT_3D ( 'NONE', #7849, #3967, #5510 ) ;
#7399 = CARTESIAN_POINT ( 'NONE',  ( 2.115317621763145084, 3.600420836171648542, 1.989999999999999547 ) ) ;
#7400 = ORIENTED_EDGE ( 'NONE', *, *, #6217, .F. ) ;
#7401 = CARTESIAN_POINT ( 'NONE',  ( -2.681536301734667838, 3.077428095828810939, 0.4299591213836871373 ) ) ;
#7402 = VERTEX_POINT ( 'NONE', #1705 ) ;
#7403 = ORIENTED_EDGE ( 'NONE', *, *, #87, .F. ) ;
#7404 = CARTESIAN_POINT ( 'NONE',  ( -5.270858399429021901, -6.281564433575838713, 2.000000000000000000 ) ) ;
#7405 = ORIENTED_EDGE ( 'NONE', *, *, #1172, .F. ) ;
#7406 = CARTESIAN_POINT ( 'NONE',  ( -4.200000000000000178, -2.746326856491206225E-14, 2.000000000000000000 ) ) ;
#7407 = DIRECTION ( 'NONE',  ( -0.0000000000000000000, -0.0000000000000000000, -1.000000000000000000 ) ) ;
#7408 = CARTESIAN_POINT ( 'NONE',  ( -4.742367595032782823, 5.148781369759539039, 2.000000000000000000 ) ) ;
#7409 = VERTEX_POINT ( 'NONE', #2767 ) ;
#7410 = EDGE_CURVE ( 'NONE', #3575, #3784, #4137, .T. ) ;
#7411 = ORIENTED_EDGE ( 'NONE', *, *, #405, .T. ) ;
#7412 = DIRECTION ( 'NONE',  ( 1.000000000000000000, 1.598721155460225734E-14, 0.0000000000000000000 ) ) ;
#7413 = AXIS2_PLACEMENT_3D ( 'NONE', #7275, #2568, #1901 ) ;
#7414 = DIRECTION ( 'NONE',  ( -0.0000000000000000000, -0.0000000000000000000, -1.000000000000000000 ) ) ;
#7415 = CARTESIAN_POINT ( 'NONE',  ( -0.3232914739353027200, 6.992530487804873296, 2.000000000000000000 ) ) ;
#7416 = DIRECTION ( 'NONE',  ( -1.000000000000000000, 0.0000000000000000000, 0.0000000000000000000 ) ) ;
#7417 = VERTEX_POINT ( 'NONE', #4345 ) ;
#7418 = DIRECTION ( 'NONE',  ( 0.0000000000000000000, 0.0000000000000000000, -1.000000000000000000 ) ) ;
#7419 = CARTESIAN_POINT ( 'NONE',  ( 5.160000000000005471, -3.963704366711341187, 0.1392243887514867939 ) ) ;
#7420 = EDGE_LOOP ( 'NONE', ( #3718, #3198, #3736, #3532 ) ) ;
#7421 = VECTOR ( 'NONE', #1027, 1000.000000000000000 ) ;
#7422 = DIRECTION ( 'NONE',  ( 1.000000000000000000, 0.0000000000000000000, 0.0000000000000000000 ) ) ;
#7423 = CARTESIAN_POINT ( 'NONE',  ( 0.3232914739353220934, 6.992530487804878625, 2.000000000000000000 ) ) ;
#7424 = EDGE_CURVE ( 'NONE', #824, #288, #5200, .T. ) ;
#7425 = CARTESIAN_POINT ( 'NONE',  ( -7.101408311031883969, -4.100000000000297184, 2.000000000000000000 ) ) ;
#7426 = CARTESIAN_POINT ( 'NONE',  ( -0.7628348534784011870, -7.209756097561038857, 3.749999999999996447 ) ) ;
#7427 = EDGE_CURVE ( 'NONE', #974, #6662, #8054, .T. ) ;
#7428 = VECTOR ( 'NONE', #5512, 1000.000000000000114 ) ;
#7429 = CARTESIAN_POINT ( 'NONE',  ( 0.0000000000000000000, 0.0000000000000000000, 2.249999999999997780 ) ) ;
#7430 = AXIS2_PLACEMENT_3D ( 'NONE', #8212, #2994, #6207 ) ;
#7431 = ORIENTED_EDGE ( 'NONE', *, *, #1634, .F. ) ;
#7432 = ORIENTED_EDGE ( 'NONE', *, *, #2238, .T. ) ;
#7433 = CARTESIAN_POINT ( 'NONE',  ( 0.9749999999999945377, -7.160000000000000142, -0.005000000000000000104 ) ) ;
#7434 = EDGE_LOOP ( 'NONE', ( #1165, #8187, #2364, #3782 ) ) ;
#7435 = VERTEX_POINT ( 'NONE', #2253 ) ;
#7436 = DIRECTION ( 'NONE',  ( 0.0000000000000000000, 0.0000000000000000000, 1.000000000000000000 ) ) ;
#7437 = EDGE_LOOP ( 'NONE', ( #4529, #2283, #3322, #1351 ) ) ;
#7438 = EDGE_CURVE ( 'NONE', #6566, #8260, #2183, .T. ) ;
#7439 = AXIS2_PLACEMENT_3D ( 'NONE', #5856, #4670, #5816 ) ;
#7440 = LINE ( 'NONE', #266, #7082 ) ;
#7441 = ADVANCED_FACE ( 'NONE', ( #4098 ), #6293, .T. ) ;
#7442 = EDGE_CURVE ( 'NONE', #2220, #4681, #6669, .T. ) ;
#7443 = EDGE_CURVE ( 'NONE', #928, #894, #7537, .T. ) ;
#7444 = CARTESIAN_POINT ( 'NONE',  ( -1.678541033159453244, 3.850000000000000089, 1.989999999999999991 ) ) ;
#7445 = LINE ( 'NONE', #4780, #599 ) ;
#7446 = VECTOR ( 'NONE', #8252, 1000.000000000000000 ) ;
#7447 = ORIENTED_EDGE ( 'NONE', *, *, #5330, .F. ) ;
#7448 = ORIENTED_EDGE ( 'NONE', *, *, #3105, .F. ) ;
#7449 = EDGE_LOOP ( 'NONE', ( #7138, #4242, #5244, #4993 ) ) ;
#7450 = CARTESIAN_POINT ( 'NONE',  ( 0.0000000000000000000, 0.0000000000000000000, 2.000000000000000000 ) ) ;
#7451 = VERTEX_POINT ( 'NONE', #4052 ) ;
#7452 = CARTESIAN_POINT ( 'NONE',  ( 2.224999999999999645, -4.500000000000000000, -0.4000000000000000222 ) ) ;
#7453 = VECTOR ( 'NONE', #5692, 1000.000000000000000 ) ;
#7454 = EDGE_CURVE ( 'NONE', #3565, #2815, #520, .T. ) ;
#7455 = DIRECTION ( 'NONE',  ( 0.0000000000000000000, -0.0000000000000000000, 1.000000000000000000 ) ) ;
#7456 = CARTESIAN_POINT ( 'NONE',  ( -5.862414508837950677, 4.265512410785636810, 2.249999999999999556 ) ) ;
#7457 = CARTESIAN_POINT ( 'NONE',  ( 5.150000000000000355, -1.163414459190184377E-16, 0.0000000000000000000 ) ) ;
#7458 = VERTEX_POINT ( 'NONE', #5384 ) ;
#7459 = PLANE ( 'NONE',  #7152 ) ;
#7460 = AXIS2_PLACEMENT_3D ( 'NONE', #5759, #4483, #1185 ) ;
#7461 = ORIENTED_EDGE ( 'NONE', *, *, #6525, .F. ) ;
#7462 = EDGE_CURVE ( 'NONE', #3965, #6919, #8018, .T. ) ;
#7464 = B_SPLINE_CURVE_WITH_KNOTS ( 'NONE', 3,
 ( #2372, #7617, #6227, #6964, #310, #2330 ),
 .UNSPECIFIED., .F., .F.,
 ( 4, 2, 4 ),
 ( 9.697399036122160616E-19, 0.0002759767003077519894, 0.0005519534006155030030 ),
 .UNSPECIFIED. ) ;
#7463 = DIRECTION ( 'NONE',  ( -1.000000000000000000, 0.0000000000000000000, 0.0000000000000000000 ) ) ;
#7465 = VECTOR ( 'NONE', #2247, 1000.000000000000000 ) ;
#7466 = PLANE ( 'NONE',  #2030 ) ;
#7467 = CARTESIAN_POINT ( 'NONE',  ( -5.059999999999999609, -0.8000000000000030420, -0.005000000000000000104 ) ) ;
#7468 = ORIENTED_EDGE ( 'NONE', *, *, #2556, .T. ) ;
#7469 = DIRECTION ( 'NONE',  ( -0.0000000000000000000, -0.0000000000000000000, -1.000000000000000000 ) ) ;
#7470 = FACE_OUTER_BOUND ( 'NONE', #5040, .T. ) ;
#7471 = FACE_OUTER_BOUND ( 'NONE', #4094, .T. ) ;
#7472 = ORIENTED_EDGE ( 'NONE', *, *, #2074, .F. ) ;
#7473 = VECTOR ( 'NONE', #2420, 1000.000000000000000 ) ;
#7474 = CARTESIAN_POINT ( 'NONE',  ( -0.3232914739347365063, -6.992530487804904382, 2.000000000000000000 ) ) ;
#7475 = CARTESIAN_POINT ( 'NONE',  ( -5.862414508837596294, -4.265512410786125308, 3.750000000000000000 ) ) ;
#7476 = UNCERTAINTY_MEASURE_WITH_UNIT (LENGTH_MEASURE( 1.000000000000000082E-05 ), #5498, 'distance_accuracy_value', 'NONE');
#7477 = CARTESIAN_POINT ( 'NONE',  ( 8.075423574700385743, 1.423915056869163864, 2.000000000000000000 ) ) ;
#7478 = COLOUR_RGB ( '',0.2980392156862745057, 0.2980392156862745057, 0.2980392156862745057 ) ;
#7479 = CARTESIAN_POINT ( 'NONE',  ( -5.149999999999999467, -3.963704366711342963, 1.200000000000017941 ) ) ;
#7480 = ORIENTED_EDGE ( 'NONE', *, *, #7062, .F. ) ;
#7481 = CARTESIAN_POINT ( 'NONE',  ( 6.845734602379366152, 1.711042487755763064, 2.054262250778867926 ) ) ;
#7483 = ORIENTED_EDGE ( 'NONE', *, *, #6062, .F. ) ;
#7482 = B_SPLINE_CURVE_WITH_KNOTS ( 'NONE', 3,
 ( #2250, #4092, #1628, #189 ),
 .UNSPECIFIED., .F., .F.,
 ( 4, 4 ),
 ( 0.0000000000000000000, 0.0005511928767355082394 ),
 .UNSPECIFIED. ) ;
#7484 = ORIENTED_EDGE ( 'NONE', *, *, #5785, .T. ) ;
#7485 = ORIENTED_EDGE ( 'NONE', *, *, #5975, .T. ) ;
#7486 = VECTOR ( 'NONE', #6, 1000.000000000000000 ) ;
#7487 = CIRCLE ( 'NONE', #1148, 0.09999999999999999167 ) ;
#7488 = CARTESIAN_POINT ( 'NONE',  ( -3.624543868900894861, 2.073711788290161895, 1.989999999999999991 ) ) ;
#7489 = CARTESIAN_POINT ( 'NONE',  ( 5.150000000000003020, -3.963704366711342963, 1.200000000000017941 ) ) ;
#7490 = DIRECTION ( 'NONE',  ( 1.000000000000000000, 0.0000000000000000000, 0.0000000000000000000 ) ) ;
#7491 = CARTESIAN_POINT ( 'NONE',  ( -6.967758820037605716, 2.003206685738688098, 3.749999999999998224 ) ) ;
#7492 = EDGE_CURVE ( 'NONE', #4690, #1206, #6715, .T. ) ;
#7493 = VERTEX_POINT ( 'NONE', #4746 ) ;
#7494 = CARTESIAN_POINT ( 'NONE',  ( 5.851408311032900933, -4.099999999999710987, 3.855143162916244037 ) ) ;
#7495 = ORIENTED_EDGE ( 'NONE', *, *, #4508, .F. ) ;
#7496 = VERTEX_POINT ( 'NONE', #3490 ) ;
#7497 = FACE_OUTER_BOUND ( 'NONE', #4255, .T. ) ;
#7498 = ORIENTED_EDGE ( 'NONE', *, *, #7261, .F. ) ;
#7499 = EDGE_CURVE ( 'NONE', #3409, #1273, #1459, .T. ) ;
#7500 = EDGE_CURVE ( 'NONE', #4984, #3524, #6290, .T. ) ;
#7501 = AXIS2_PLACEMENT_3D ( 'NONE', #891, #6761, #844 ) ;
#7502 = STYLED_ITEM ( 'NONE', ( #7267 ), #5187 ) ;
#7503 = UNCERTAINTY_MEASURE_WITH_UNIT (LENGTH_MEASURE( 1.000000000000000082E-05 ), #4209, 'distance_accuracy_value', 'NONE');
#7504 = PLANE ( 'NONE',  #7984 ) ;
#7505 = EDGE_CURVE ( 'NONE', #1089, #816, #484, .T. ) ;
#7506 = FACE_OUTER_BOUND ( 'NONE', #1111, .T. ) ;
#7507 = VECTOR ( 'NONE', #6920, 1000.000000000000000 ) ;
#7508 = VERTEX_POINT ( 'NONE', #1255 ) ;
#7509 = ADVANCED_FACE ( 'NONE', ( #6472 ), #3004, .T. ) ;
#7510 = B_SPLINE_CURVE_WITH_KNOTS ( 'NONE', 3,
 ( #6680, #1602, #5571, #2953, #6206, #4241 ),
 .UNSPECIFIED., .F., .F.,
 ( 4, 2, 4 ),
 ( 0.0000000000000000000, 0.0002759767003077503089, 0.0005519534006154999672 ),
 .UNSPECIFIED. ) ;
#7511 = VECTOR ( 'NONE', #4931, 1000.000000000000000 ) ;
#7512 = DIRECTION ( 'NONE',  ( 0.0000000000000000000, 0.0000000000000000000, -1.000000000000000000 ) ) ;
#7513 = DIRECTION ( 'NONE',  ( -0.7111669494853622986, 0.7030231645967891518, 0.0000000000000000000 ) ) ;
#7514 = FACE_OUTER_BOUND ( 'NONE', #3499, .T. ) ;
#7515 = DIRECTION ( 'NONE',  ( 0.0000000000000000000, -0.0000000000000000000, 1.000000000000000000 ) ) ;
#7516 = ORIENTED_EDGE ( 'NONE', *, *, #5222, .F. ) ;
#7517 = LINE ( 'NONE', #4285, #105 ) ;
#7518 = CARTESIAN_POINT ( 'NONE',  ( -3.109766144456711956, 6.490897460571077637, 3.802824953243171713 ) ) ;
#7519 = DIRECTION ( 'NONE',  ( 0.0000000000000000000, 0.0000000000000000000, -1.000000000000000000 ) ) ;
#7520 = EDGE_CURVE ( 'NONE', #6172, #4630, #1919, .T. ) ;
#7521 = ORIENTED_EDGE ( 'NONE', *, *, #4918, .F. ) ;
#7522 = EDGE_CURVE ( 'NONE', #5338, #5192, #7125, .T. ) ;
#7523 = CARTESIAN_POINT ( 'NONE',  ( 0.0000000000000000000, 0.0000000000000000000, 4.000000000000000000 ) ) ;
#7524 = DIRECTION ( 'NONE',  ( -0.0000000000000000000, -0.0000000000000000000, -1.000000000000000000 ) ) ;
#7525 = CARTESIAN_POINT ( 'NONE',  ( 2.133096795500278642, 3.617996415286566680, 1.989999999999999991 ) ) ;
#7526 = DIRECTION ( 'NONE',  ( 0.0000000000000000000, -1.000000000000000000, 0.0000000000000000000 ) ) ;
#7527 = VERTEX_POINT ( 'NONE', #1217 ) ;
#7528 = ORIENTED_EDGE ( 'NONE', *, *, #6302, .F. ) ;
#7529 = ORIENTED_EDGE ( 'NONE', *, *, #6925, .F. ) ;
#7530 = ORIENTED_EDGE ( 'NONE', *, *, #8075, .T. ) ;
#7531 = CIRCLE ( 'NONE', #624, 4.200000000000000178 ) ;
#7532 = ORIENTED_EDGE ( 'NONE', *, *, #4448, .T. ) ;
#7533 = VECTOR ( 'NONE', #4237, 1000.000000000000000 ) ;
#7534 = AXIS2_PLACEMENT_3D ( 'NONE', #7240, #1377, #2087 ) ;
#7535 = CYLINDRICAL_SURFACE ( 'NONE', #6460, 7.250000000000000000 ) ;
#7536 = DIRECTION ( 'NONE',  ( -1.196361017915039486E-16, -1.000000000000000000, 0.0000000000000000000 ) ) ;
#7537 = B_SPLINE_CURVE_WITH_KNOTS ( 'NONE', 3,
 ( #1410, #6311, #798, #233, #391, #5667 ),
 .UNSPECIFIED., .F., .F.,
 ( 4, 2, 4 ),
 ( 4.336808689942017736E-19, 0.0002759767003076825462, 0.0005519534006153646588 ),
 .UNSPECIFIED. ) ;
#7538 = DIRECTION ( 'NONE',  ( -0.7030231645968014753, -0.7111669494853501972, 0.0000000000000000000 ) ) ;
#7539 = LINE ( 'NONE', #3440, #559 ) ;
#7540 =( NAMED_UNIT ( * ) PLANE_ANGLE_UNIT ( ) SI_UNIT ( $, .RADIAN. ) );
#7541 = ORIENTED_EDGE ( 'NONE', *, *, #6054, .F. ) ;
#7542 = ORIENTED_EDGE ( 'NONE', *, *, #3700, .T. ) ;
#7543 = CARTESIAN_POINT ( 'NONE',  ( 7.176165166442738830, -0.5523122493575423064, 3.802824953243221451 ) ) ;
#7544 = CLOSED_SHELL ( 'NONE', ( #558, #747, #8346, #40, #5945, #7008, #472, #3287, #7663, #2338, #4725, #3496, #4889, #7164, #4450, #4275, #3242, #7611, #675, #4830, #5844, #1696, #6139, #2716, #2199, #8464, #1913, #3491, #3813, #5865, #1974, #3755, #6898, #4769, #3391, #2046, #6878, #3495, #6326, #24, #6915, #1079, #6691, #6192, #6957, #3742, #1181, #2462, #3960, #5377, #2174, #7557, #3345, #5634, #8552, #5358, #6537, #2, #806, #5850, #3497, #406, #5695, #3634, #4421, #7029, #7567, #7819, #1594, #3335, #4257, #4858, #1659, #418, #7509, #1045, #7549, #7114, #6017, #4901, #5279, #1902, #3863, #8216, #4818, #575 ) ) ;
#7545 = ORIENTED_EDGE ( 'NONE', *, *, #4736, .F. ) ;
#7546 = VECTOR ( 'NONE', #562, 999.9999999999998863 ) ;
#7547 = CARTESIAN_POINT ( 'NONE',  ( -2.133096795500278642, 3.617996415286566680, 0.0000000000000000000 ) ) ;
#7548 = FILL_AREA_STYLE_COLOUR ( '', #1334 ) ;
#7549 = ADVANCED_FACE ( 'NONE', ( #5830 ), #3282, .T. ) ;
#7550 = EDGE_CURVE ( 'NONE', #7508, #6330, #2577, .T. ) ;
#7551 = CARTESIAN_POINT ( 'NONE',  ( 1.974999999999994538, -7.259999999999999787, 0.5000000000000000000 ) ) ;
#7552 = ORIENTED_EDGE ( 'NONE', *, *, #2707, .T. ) ;
#7553 = CARTESIAN_POINT ( 'NONE',  ( -2.133096795500278642, 3.617996415286566680, 1.989999999999999991 ) ) ;
#7554 = EDGE_CURVE ( 'NONE', #6218, #1358, #3261, .T. ) ;
#7555 = PLANE ( 'NONE',  #7237 ) ;
#7556 = LINE ( 'NONE', #984, #5869 ) ;
#7557 = ADVANCED_FACE ( 'NONE', ( #3212 ), #2598, .T. ) ;
#7558 = PLANE ( 'NONE',  #3501 ) ;
#7559 = ORIENTED_EDGE ( 'NONE', *, *, #6527, .T. ) ;
#7560 = CARTESIAN_POINT ( 'NONE',  ( -3.108106875393359836, 2.645916150154785207, 1.435066424030621726E-14 ) ) ;
#7561 = CARTESIAN_POINT ( 'NONE',  ( 5.064453563295187699, 5.046015340009659234, 2.148851813950630518 ) ) ;
#7562 = CARTESIAN_POINT ( 'NONE',  ( -2.111802505940163943, 3.603976670919074810, 2.000000000000000000 ) ) ;
#7563 = ORIENTED_EDGE ( 'NONE', *, *, #7378, .F. ) ;
#7564 = EDGE_CURVE ( 'NONE', #5408, #4306, #5873, .T. ) ;
#7565 = CIRCLE ( 'NONE', #6169, 0.03000000000000094605 ) ;
#7566 = LINE ( 'NONE', #5449, #1297 ) ;
#7567 = ADVANCED_FACE ( 'NONE', ( #7749 ), #6678, .T. ) ;
#7568 = CARTESIAN_POINT ( 'NONE',  ( 5.159999999999998366, -0.8000000000000042633, -0.005000000000000000104 ) ) ;
#7569 = VERTEX_POINT ( 'NONE', #4390 ) ;
#7570 = COLOUR_RGB ( '',0.2980392156862745057, 0.2980392156862745057, 0.2980392156862745057 ) ;
#7571 = DIRECTION ( 'NONE',  ( -0.0000000000000000000, -0.0000000000000000000, -1.000000000000000000 ) ) ;
#7572 = ORIENTED_EDGE ( 'NONE', *, *, #6167, .F. ) ;
#7573 = ORIENTED_EDGE ( 'NONE', *, *, #5811, .T. ) ;
#7574 = ORIENTED_EDGE ( 'NONE', *, *, #5758, .F. ) ;
#7575 = VECTOR ( 'NONE', #6933, 1000.000000000000000 ) ;
#7576 = EDGE_CURVE ( 'NONE', #6277, #2140, #6434, .T. ) ;
#7577 = CARTESIAN_POINT ( 'NONE',  ( -4.049976487848458540, -6.013334386833537160, 3.749999999999993783 ) ) ;
#7578 = CARTESIAN_POINT ( 'NONE',  ( -5.153818755170744836, 8.673617379884035472E-16, 1.988239158481577507 ) ) ;
#7579 = ORIENTED_EDGE ( 'NONE', *, *, #3825, .F. ) ;
#7580 = DIRECTION ( 'NONE',  ( -0.7030231645967892629, -0.7111669494853621876, 3.745981415889631795E-16 ) ) ;
#7581 = EDGE_LOOP ( 'NONE', ( #2341, #4109, #5299, #7099 ) ) ;
#7582 = EDGE_LOOP ( 'NONE', ( #7172, #8548, #7882, #6481 ) ) ;
#7583 = AXIS2_PLACEMENT_3D ( 'NONE', #7355, #7257, #2022 ) ;
#7584 = CARTESIAN_POINT ( 'NONE',  ( 3.250000000000002220, 0.0000000000000000000, 1.989999999999999991 ) ) ;
#7585 = AXIS2_PLACEMENT_3D ( 'NONE', #6762, #845, #6112 ) ;
#7586 = CARTESIAN_POINT ( 'NONE',  ( 0.0000000000000000000, 0.0000000000000000000, 4.000000000000000000 ) ) ;
#7587 = CARTESIAN_POINT ( 'NONE',  ( -5.150000000000006573, -3.963704366711341187, 0.1392243887514867662 ) ) ;
#7588 = DIRECTION ( 'NONE',  ( 1.000000000000000000, 0.0000000000000000000, -0.0000000000000000000 ) ) ;
#7589 = ADVANCED_FACE ( 'NONE', ( #5755 ), #8390, .F. ) ;
#7590 = VERTEX_POINT ( 'NONE', #1183 ) ;
#7591 = VECTOR ( 'NONE', #590, 1000.000000000000114 ) ;
#7592 = CARTESIAN_POINT ( 'NONE',  ( -5.150000000000000355, -1.163414459190184377E-16, 0.0000000000000000000 ) ) ;
#7593 = DIRECTION ( 'NONE',  ( 1.000000000000000000, 0.0000000000000000000, 0.0000000000000000000 ) ) ;
#7594 = CARTESIAN_POINT ( 'NONE',  ( -5.218707288899460117, 5.032652802726177654, 3.750000000000000888 ) ) ;
#7595 = STYLED_ITEM ( 'NONE', ( #1142 ), #2718 ) ;
#7596 = CARTESIAN_POINT ( 'NONE',  ( 6.625249362316868229, 2.944243686775933622, 2.249999999999999556 ) ) ;
#7597 = DIRECTION ( 'NONE',  ( 1.000000000000000000, 0.0000000000000000000, 0.0000000000000000000 ) ) ;
#7598 = EDGE_CURVE ( 'NONE', #4351, #8014, #3732, .T. ) ;
#7599 = PRESENTATION_STYLE_ASSIGNMENT (( #5608 ) ) ;
#7600 = VERTEX_POINT ( 'NONE', #6354 ) ;
#7601 = EDGE_CURVE ( 'NONE', #5648, #4404, #3852, .T. ) ;
#7602 = VECTOR ( 'NONE', #6023, 1000.000000000000000 ) ;
#7603 = CARTESIAN_POINT ( 'NONE',  ( -0.4962985691805263389, -7.038851921396726219, 3.945737749221024160 ) ) ;
#7604 = DIRECTION ( 'NONE',  ( 0.0000000000000000000, -1.000000000000000000, 0.0000000000000000000 ) ) ;
#7605 = ORIENTED_EDGE ( 'NONE', *, *, #307, .T. ) ;
#7606 = CARTESIAN_POINT ( 'NONE',  ( -4.049976487848458540, -6.013334386833537160, 2.249999999999999556 ) ) ;
#7607 = ORIENTED_EDGE ( 'NONE', *, *, #5057, .F. ) ;
#7608 = ORIENTED_EDGE ( 'NONE', *, *, #4804, .T. ) ;
#7609 = DIRECTION ( 'NONE',  ( 0.0000000000000000000, 1.000000000000000000, 0.0000000000000000000 ) ) ;
#7610 = VERTEX_POINT ( 'NONE', #7702 ) ;
#7611 = ADVANCED_FACE ( 'NONE', ( #2459 ), #4435, .T. ) ;
#7612 = FACE_OUTER_BOUND ( 'NONE', #3484, .T. ) ;
#7613 = LINE ( 'NONE', #4814, #7507 ) ;
#7614 = VECTOR ( 'NONE', #6772, 1000.000000000000000 ) ;
#7615 = DIRECTION ( 'NONE',  ( 0.0000000000000000000, 0.0000000000000000000, 1.000000000000000000 ) ) ;
#7616 = CARTESIAN_POINT ( 'NONE',  ( -1.749051531137701732, -7.035859488465135314, 4.000000000000000000 ) ) ;
#7617 = CARTESIAN_POINT ( 'NONE',  ( -5.142241978092279453, -5.035845783540538356, 2.197175046756837613 ) ) ;
#7618 = LINE ( 'NONE', #1707, #7039 ) ;
#7619 = VECTOR ( 'NONE', #393, 1000.000000000000000 ) ;
#7620 = FACE_OUTER_BOUND ( 'NONE', #4133, .T. ) ;
#7621 = ORIENTED_EDGE ( 'NONE', *, *, #1657, .F. ) ;
#7622 = VERTEX_POINT ( 'NONE', #6401 ) ;
#7623 = CIRCLE ( 'NONE', #1418, 0.02999999999999958256 ) ;
#7624 = DIRECTION ( 'NONE',  ( 0.0000000000000000000, 1.000000000000000000, 0.0000000000000000000 ) ) ;
#7625 = ORIENTED_EDGE ( 'NONE', *, *, #3436, .F. ) ;
#7626 = EDGE_CURVE ( 'NONE', #8260, #3713, #3416, .T. ) ;
#7627 = AXIS2_PLACEMENT_3D ( 'NONE', #7381, #4800, #3461 ) ;
#7628 = CARTESIAN_POINT ( 'NONE',  ( -0.9749999999999963141, -7.160000000000000142, -0.005000000000000000104 ) ) ;
#7629 = ORIENTED_EDGE ( 'NONE', *, *, #6376, .T. ) ;
#7630 = CARTESIAN_POINT ( 'NONE',  ( 2.133096795500278642, 3.617996415286566680, 1.969999999999999529 ) ) ;
#7631 = ORIENTED_EDGE ( 'NONE', *, *, #2241, .F. ) ;
#7632 = ORIENTED_EDGE ( 'NONE', *, *, #8447, .F. ) ;
#7633 = PRESENTATION_LAYER_ASSIGNMENT (  '', '', ( #7354 ) ) ;
#7634 = CARTESIAN_POINT ( 'NONE',  ( -5.149999999999999467, -7.250000000000000000, 2.000000000000000000 ) ) ;
#7635 = DIRECTION ( 'NONE',  ( -1.000000000000000000, 0.0000000000000000000, 0.0000000000000000000 ) ) ;
#7636 = CARTESIAN_POINT ( 'NONE',  ( -0.3232914739353220379, 6.992530487804878625, 4.000000000000000000 ) ) ;
#7637 = AXIS2_PLACEMENT_3D ( 'NONE', #7885, #2754, #5371 ) ;
#7638 = MECHANICAL_DESIGN_GEOMETRIC_PRESENTATION_REPRESENTATION (  '', ( #2829 ), #1292 ) ;
#7639 = DIRECTION ( 'NONE',  ( -0.7111669494853618545, 0.7030231645967895959, 3.545124961925875515E-15 ) ) ;
#7640 = CARTESIAN_POINT ( 'NONE',  ( 1.974999999999994538, -7.160000000000000142, -0.005000000000000000104 ) ) ;
#7641 = ORIENTED_EDGE ( 'NONE', *, *, #279, .T. ) ;
#7642 = CARTESIAN_POINT ( 'NONE',  ( 6.837924277843129062, -1.621571790145220238, 2.027052200441369134 ) ) ;
#7643 = CARTESIAN_POINT ( 'NONE',  ( 5.159999999999998366, -1.800000000000004263, -0.005000000000000000104 ) ) ;
#7644 = ORIENTED_EDGE ( 'NONE', *, *, #2812, .T. ) ;
#7645 = AXIS2_PLACEMENT_3D ( 'NONE', #5350, #678, #3251 ) ;
#7646 = UNCERTAINTY_MEASURE_WITH_UNIT (LENGTH_MEASURE( 1.000000000000000082E-05 ), #5990, 'distance_accuracy_value', 'NONE');
#7647 = CARTESIAN_POINT ( 'NONE',  ( 0.6413278623240422638, -7.116153130082095934, 2.144131816092730514 ) ) ;
#7648 = EDGE_CURVE ( 'NONE', #4602, #7311, #3390, .T. ) ;
#7649 = DIRECTION ( 'NONE',  ( 1.000000000000000000, 0.0000000000000000000, -0.0000000000000000000 ) ) ;
#7650 = DIRECTION ( 'NONE',  ( 1.000000000000000000, 0.0000000000000000000, -0.0000000000000000000 ) ) ;
#7651 = EDGE_CURVE ( 'NONE', #1655, #8491, #613, .T. ) ;
#7652 = EDGE_CURVE ( 'NONE', #7590, #6740, #6966, .T. ) ;
#7653 = DIRECTION ( 'NONE',  ( -0.0000000000000000000, -0.0000000000000000000, -1.000000000000000000 ) ) ;
#7654 = CARTESIAN_POINT ( 'NONE',  ( -4.500000000000000000, -7.250000000000000000, 0.0000000000000000000 ) ) ;
#7655 = ORIENTED_EDGE ( 'NONE', *, *, #3726, .F. ) ;
#7656 = ORIENTED_EDGE ( 'NONE', *, *, #1479, .F. ) ;
#7657 = CARTESIAN_POINT ( 'NONE',  ( 5.160000000000001918, -6.173222852441612494E-16, 1.200000000000017941 ) ) ;
#7658 = ORIENTED_EDGE ( 'NONE', *, *, #6865, .F. ) ;
#7659 = DIRECTION ( 'NONE',  ( 0.0000000000000000000, 0.0000000000000000000, -1.000000000000000000 ) ) ;
#7660 = DIRECTION ( 'NONE',  ( 1.000000000000000000, 1.196361017915039486E-16, -0.0000000000000000000 ) ) ;
#7661 = CARTESIAN_POINT ( 'NONE',  ( 2.695380892067780199, 6.460257103759558639, 2.000000000000000000 ) ) ;
#7662 = PRESENTATION_STYLE_ASSIGNMENT (( #3055 ) ) ;
#7663 = ADVANCED_FACE ( 'NONE', ( #3347 ), #6607, .T. ) ;
#7664 = FACE_OUTER_BOUND ( 'NONE', #7971, .T. ) ;
#7665 = VECTOR ( 'NONE', #3446, 1000.000000000000000 ) ;
#7666 = ORIENTED_EDGE ( 'NONE', *, *, #6347, .T. ) ;
#7667 = CARTESIAN_POINT ( 'NONE',  ( -3.182712096523577561, 6.514049716623484976, 2.249999999999997780 ) ) ;
#7668 = LINE ( 'NONE', #4442, #6173 ) ;
#7669 = ORIENTED_EDGE ( 'NONE', *, *, #5262, .T. ) ;
#7670 = ORIENTED_EDGE ( 'NONE', *, *, #272, .T. ) ;
#7671 = SURFACE_STYLE_FILL_AREA ( #5041 ) ;
#7672 = ORIENTED_EDGE ( 'NONE', *, *, #6581, .F. ) ;
#7673 = B_SPLINE_CURVE_WITH_KNOTS ( 'NONE', 3,
 ( #7219, #7931, #6485, #7800 ),
 .UNSPECIFIED., .F., .F.,
 ( 4, 4 ),
 ( 5.421010862427522170E-20, 0.0005511928767350058201 ),
 .UNSPECIFIED. ) ;
#7674 = AXIS2_PLACEMENT_3D ( 'NONE', #4879, #850, #1598 ) ;
#7675 = CONICAL_SURFACE ( 'NONE', #2021, 6.999999999999996447, 0.7853981633974431720 ) ;
#7676 = UNCERTAINTY_MEASURE_WITH_UNIT (LENGTH_MEASURE( 1.000000000000000082E-05 ), #5924, 'distance_accuracy_value', 'NONE');
#7677 = EDGE_CURVE ( 'NONE', #5249, #2374, #7998, .T. ) ;
#7678 = CARTESIAN_POINT ( 'NONE',  ( -3.108106875393359836, 2.645916150154785207, -0.01000000000000000021 ) ) ;
#7679 = VERTEX_POINT ( 'NONE', #4642 ) ;
#7680 = VECTOR ( 'NONE', #2263, 1000.000000000000000 ) ;
#7681 = EDGE_LOOP ( 'NONE', ( #611, #2225, #8012, #6289 ) ) ;
#7682 = SURFACE_STYLE_USAGE ( .BOTH. , #1677 ) ;
#7683 = CARTESIAN_POINT ( 'NONE',  ( -5.150000000000006573, -4.900000000000001243, 0.1392243887514867662 ) ) ;
#7684 = VECTOR ( 'NONE', #3538, 1000.000000000000000 ) ;
#7685 = DIRECTION ( 'NONE',  ( 1.000000000000000000, -0.0000000000000000000, 3.486881358747351719E-15 ) ) ;
#7686 = EDGE_CURVE ( 'NONE', #6160, #1764, #2790, .T. ) ;
#7687 = FACE_OUTER_BOUND ( 'NONE', #1132, .T. ) ;
#7688 = DIRECTION ( 'NONE',  ( 3.051021188903932014E-15, -2.179300849217094183E-15, 1.000000000000000000 ) ) ;
#7689 = CARTESIAN_POINT ( 'NONE',  ( 5.060000000000005826, -4.900000000000001243, -0.01000000000000000021 ) ) ;
#7690 = CARTESIAN_POINT ( 'NONE',  ( 5.142241978092145338, 5.035845783540608522, 2.197175046756789207 ) ) ;
#7691 = CARTESIAN_POINT ( 'NONE',  ( 3.624543868900893528, 2.073711788290161895, 1.989999999999998659 ) ) ;
#7692 = ORIENTED_EDGE ( 'NONE', *, *, #2493, .F. ) ;
#7693 =( NAMED_UNIT ( * ) PLANE_ANGLE_UNIT ( ) SI_UNIT ( $, .RADIAN. ) );
#7694 = FILL_AREA_STYLE_COLOUR ( '', #6972 ) ;
#7695 = DIRECTION ( 'NONE',  ( -0.7111669494853621876, 0.7030231645967893739, 3.613946018757868503E-15 ) ) ;
#7696 = DIRECTION ( 'NONE',  ( -0.7030231645967894849, 0.7111669494853620765, -0.0000000000000000000 ) ) ;
#7697 = DIRECTION ( 'NONE',  ( 0.0000000000000000000, 0.0000000000000000000, 1.000000000000000000 ) ) ;
#7698 = ORIENTED_EDGE ( 'NONE', *, *, #6009, .T. ) ;
#7699 = VERTEX_POINT ( 'NONE', #5996 ) ;
#7700 = EDGE_CURVE ( 'NONE', #7493, #1015, #2856, .T. ) ;
#7701 = SURFACE_STYLE_USAGE ( .BOTH. , #8351 ) ;
#7702 = CARTESIAN_POINT ( 'NONE',  ( 5.160000000000005471, -4.900000000000001243, 0.1392243887514867939 ) ) ;
#7703 = VECTOR ( 'NONE', #8559, 1000.000000000000000 ) ;
#7704 = LINE ( 'NONE', #7126, #6741 ) ;
#7705 = AXIS2_PLACEMENT_3D ( 'NONE', #5021, #382, #5748 ) ;
#7706 = CARTESIAN_POINT ( 'NONE',  ( -2.674424632239815303, 3.070397864182844216, 1.431521299068695704E-14 ) ) ;
#7707 = FACE_OUTER_BOUND ( 'NONE', #7969, .T. ) ;
#7708 = ORIENTED_EDGE ( 'NONE', *, *, #7946, .F. ) ;
#7709 = PLANE ( 'NONE',  #3301 ) ;
#7710 = VERTEX_POINT ( 'NONE', #4595 ) ;
#7711 = EDGE_LOOP ( 'NONE', ( #231, #4077, #7869, #5240 ) ) ;
#7712 = EDGE_CURVE ( 'NONE', #3738, #873, #7291, .T. ) ;
#7713 = LINE ( 'NONE', #1102, #2401 ) ;
#7714 = ORIENTED_EDGE ( 'NONE', *, *, #5594, .F. ) ;
#7715 = EDGE_CURVE ( 'NONE', #1352, #2913, #3984, .T. ) ;
#7716 = ADVANCED_FACE ( 'NONE', ( #8519 ), #5957, .F. ) ;
#7717 = DIRECTION ( 'NONE',  ( -1.196361017915039486E-16, 1.000000000000000000, 0.0000000000000000000 ) ) ;
#7718 = CARTESIAN_POINT ( 'NONE',  ( -5.059999999999999609, -0.8000000000000030420, -0.005000000000000000104 ) ) ;
#7719 = DIRECTION ( 'NONE',  ( 0.7111669494853622986, 0.7030231645967891518, 0.0000000000000000000 ) ) ;
#7720 = ORIENTED_EDGE ( 'NONE', *, *, #7651, .T. ) ;
#7721 = EDGE_CURVE ( 'NONE', #2249, #1309, #38, .T. ) ;
#7722 = ORIENTED_EDGE ( 'NONE', *, *, #149, .F. ) ;
#7723 = LINE ( 'NONE', #1199, #8049 ) ;
#7724 = EDGE_CURVE ( 'NONE', #9, #5056, #4085, .T. ) ;
#7725 = AXIS2_PLACEMENT_3D ( 'NONE', #4597, #6565, #3944 ) ;
#7726 = CONICAL_SURFACE ( 'NONE', #4829, 6.999999999999999112, 0.7853981633974500554 ) ;
#7727 = CARTESIAN_POINT ( 'NONE',  ( -5.150000000000000355, -6.324710424241401618, 1.988239158481577507 ) ) ;
#7728 = LINE ( 'NONE', #1813, #2590 ) ;
#7729 = CARTESIAN_POINT ( 'NONE',  ( -5.150000000000003908, -4.724710424241401974, 0.9882391584815776175 ) ) ;
#7730 = LINE ( 'NONE', #1772, #2917 ) ;
#7731 = ORIENTED_EDGE ( 'NONE', *, *, #1322, .T. ) ;
#7732 = CARTESIAN_POINT ( 'NONE',  ( 6.967758820037846412, -2.003206685737844328, 2.250000000000002665 ) ) ;
#7733 = VECTOR ( 'NONE', #3031, 1000.000000000000000 ) ;
#7734 = DIRECTION ( 'NONE',  ( -0.0000000000000000000, -0.0000000000000000000, -1.000000000000000000 ) ) ;
#7735 = FACE_OUTER_BOUND ( 'NONE', #6222, .T. ) ;
#7736 = EDGE_CURVE ( 'NONE', #8221, #7826, #7101, .T. ) ;
#7737 = UNCERTAINTY_MEASURE_WITH_UNIT (LENGTH_MEASURE( 1.000000000000000082E-05 ), #5387, 'distance_accuracy_value', 'NONE');
#7738 =( NAMED_UNIT ( * ) SI_UNIT ( $, .STERADIAN. ) SOLID_ANGLE_UNIT ( ) );
#7739 = VECTOR ( 'NONE', #3258, 1000.000000000000000 ) ;
#7740 = SURFACE_STYLE_FILL_AREA ( #1910 ) ;
#7741 = LINE ( 'NONE', #4513, #2084 ) ;
#7742 = DIRECTION ( 'NONE',  ( 8.673617379884035472E-16, 1.000000000000000000, -0.0000000000000000000 ) ) ;
#7743 = CARTESIAN_POINT ( 'NONE',  ( 6.217354776143374728, 3.216286614648498521, 4.000000000000000000 ) ) ;
#7744 = VERTEX_POINT ( 'NONE', #7342 ) ;
#7745 = CONICAL_SURFACE ( 'NONE', #6909, 6.999999999999997335, 0.7853981633974517207 ) ;
#7746 = DIRECTION ( 'NONE',  ( 0.0000000000000000000, 0.0000000000000000000, 1.000000000000000000 ) ) ;
#7747 = CARTESIAN_POINT ( 'NONE',  ( -3.249999999999999556, -7.260000000000001563, 1.200000000000000178 ) ) ;
#7748 = DIRECTION ( 'NONE',  ( 0.7030231645967894849, 0.7111669494853619655, 0.0000000000000000000 ) ) ;
#7749 = FACE_OUTER_BOUND ( 'NONE', #7420, .T. ) ;
#7750 = CIRCLE ( 'NONE', #3469, 7.250000000000000000 ) ;
#7751 = CARTESIAN_POINT ( 'NONE',  ( 5.160000000000005471, -4.900000000000001243, 0.1392243887514867939 ) ) ;
#7752 = LINE ( 'NONE', #6028, #7192 ) ;
#7753 = ORIENTED_EDGE ( 'NONE', *, *, #368, .T. ) ;
#7754 = CARTESIAN_POINT ( 'NONE',  ( -2.118873456510574016, 3.603935951994631903, 1.999999999999999112 ) ) ;
#7755 = VERTEX_POINT ( 'NONE', #5361 ) ;
#7756 = VERTEX_POINT ( 'NONE', #1958 ) ;
#7757 = CARTESIAN_POINT ( 'NONE',  ( 2.133096795500278642, 3.617996415286566680, 0.0000000000000000000 ) ) ;
#7758 = VERTEX_POINT ( 'NONE', #5915 ) ;
#7759 = VECTOR ( 'NONE', #2464, 1000.000000000000000 ) ;
#7760 = CARTESIAN_POINT ( 'NONE',  ( 2.784329560874237774, -6.452457857014925580, 3.972947799558596671 ) ) ;
#7761 = MECHANICAL_DESIGN_GEOMETRIC_PRESENTATION_REPRESENTATION (  '', ( #1554 ), #1268 ) ;
#7762 = EDGE_CURVE ( 'NONE', #1799, #3233, #820, .T. ) ;
#7763 = EDGE_CURVE ( 'NONE', #5325, #1484, #7531, .T. ) ;
#7764 = CARTESIAN_POINT ( 'NONE',  ( 0.0000000000000000000, 0.0000000000000000000, 3.449999999999999734 ) ) ;
#7765 = EDGE_LOOP ( 'NONE', ( #135, #3140, #5183, #2201 ) ) ;
#7766 = VERTEX_POINT ( 'NONE', #3943 ) ;
#7767 = AXIS2_PLACEMENT_3D ( 'NONE', #3063, #4356, #7052 ) ;
#7768 = DIRECTION ( 'NONE',  ( -3.486881358747350930E-15, -1.307580509530256549E-15, 1.000000000000000000 ) ) ;
#7769 = DIRECTION ( 'NONE',  ( -0.7030231645967891518, -0.7111669494853622986, -1.952253305585912822E-17 ) ) ;
#7770 = CYLINDRICAL_SURFACE ( 'NONE', #2687, 1.250000000000001998 ) ;
#7771 = CARTESIAN_POINT ( 'NONE',  ( 2.999999999999999556, -4.500000000000000000, -0.4000000000000000222 ) ) ;
#7772 = EDGE_LOOP ( 'NONE', ( #6319, #1829, #5761, #397, #518, #5795 ) ) ;
#7773 = EDGE_CURVE ( 'NONE', #5847, #1273, #3008, .T. ) ;
#7774 = DIRECTION ( 'NONE',  ( -0.0000000000000000000, -0.0000000000000000000, -1.000000000000000000 ) ) ;
#7775 = VECTOR ( 'NONE', #5619, 1000.000000000000114 ) ;
#7776 = LINE ( 'NONE', #7643, #6879 ) ;
#7777 = CIRCLE ( 'NONE', #4056, 7.000000000000000888 ) ;
#7778 = CARTESIAN_POINT ( 'NONE',  ( -5.149999999999999467, -7.250000000000000000, 1.989999999999999991 ) ) ;
#7779 = AXIS2_PLACEMENT_3D ( 'NONE', #67, #5392, #6815 ) ;
#7780 = DIRECTION ( 'NONE',  ( 0.0000000000000000000, 0.0000000000000000000, 1.000000000000000000 ) ) ;
#7781 = DIRECTION ( 'NONE',  ( -0.7111669494853645190, 0.7030231645967869314, 0.0000000000000000000 ) ) ;
#7782 = EDGE_CURVE ( 'NONE', #227, #7527, #6564, .T. ) ;
#7783 = DIRECTION ( 'NONE',  ( 1.000000000000000000, 0.0000000000000000000, 0.0000000000000000000 ) ) ;
#7784 = DIRECTION ( 'NONE',  ( -1.000000000000000000, 0.0000000000000000000, -0.0000000000000000000 ) ) ;
#7785 = ORIENTED_EDGE ( 'NONE', *, *, #7868, .T. ) ;
#7786 = CARTESIAN_POINT ( 'NONE',  ( -2.128639366018726609, 3.620620727090231750, 1.989999999999999991 ) ) ;
#7787 = CARTESIAN_POINT ( 'NONE',  ( -3.109766144456176384, -6.490897460571335209, 2.197175046756826955 ) ) ;
#7788 = DIRECTION ( 'NONE',  ( 1.000000000000000000, 0.0000000000000000000, 0.0000000000000000000 ) ) ;
#7789 = CARTESIAN_POINT ( 'NONE',  ( 5.149999999999999467, -5.900000000000001243, 0.1392243887514870160 ) ) ;
#7790 = CARTESIAN_POINT ( 'NONE',  ( 5.149999999999999467, -3.963704366711342963, 1.200000000000017941 ) ) ;
#7791 = CYLINDRICAL_SURFACE ( 'NONE', #1948, 7.250000000000000000 ) ;
#7792 = ORIENTED_EDGE ( 'NONE', *, *, #1857, .F. ) ;
#7793 = CARTESIAN_POINT ( 'NONE',  ( -4.082889415498430097, 5.863527165331620772, 3.855868183907215752 ) ) ;
#7794 = ORIENTED_EDGE ( 'NONE', *, *, #1964, .T. ) ;
#7795 = VERTEX_POINT ( 'NONE', #4849 ) ;
#7796 = CARTESIAN_POINT ( 'NONE',  ( 2.999999999999999556, -4.500000000000000000, -0.5000000000000000000 ) ) ;
#7797 = ORIENTED_EDGE ( 'NONE', *, *, #363, .T. ) ;
#7798 = VECTOR ( 'NONE', #3778, 1000.000000000000000 ) ;
#7799 = CARTESIAN_POINT ( 'NONE',  ( -5.159999999999999254, -6.173222852441604605E-16, 1.969999999999999973 ) ) ;
#7800 = CARTESIAN_POINT ( 'NONE',  ( 0.7628348534790007074, 7.209756097560974908, 3.750000000000001776 ) ) ;
#7801 = FILL_AREA_STYLE ('',( #5806 ) ) ;
#7802 = ORIENTED_EDGE ( 'NONE', *, *, #839, .T. ) ;
#7803 = ORIENTED_EDGE ( 'NONE', *, *, #3691, .F. ) ;
#7804 = ORIENTED_EDGE ( 'NONE', *, *, #4935, .T. ) ;
#7805 = EDGE_CURVE ( 'NONE', #8374, #1817, #1649, .T. ) ;
#7806 = AXIS2_PLACEMENT_3D ( 'NONE', #3722, #4512, #7649 ) ;
#7807 = DIRECTION ( 'NONE',  ( 1.000000000000000000, -0.0000000000000000000, -0.0000000000000000000 ) ) ;
#7808 = EDGE_CURVE ( 'NONE', #2113, #6788, #295, .T. ) ;
#7809 = PRESENTATION_STYLE_ASSIGNMENT (( #5174 ) ) ;
#7810 = VECTOR ( 'NONE', #5812, 1000.000000000000114 ) ;
#7811 = DIRECTION ( 'NONE',  ( 1.000000000000000000, 0.0000000000000000000, 0.0000000000000000000 ) ) ;
#7812 = VECTOR ( 'NONE', #7329, 1000.000000000000000 ) ;
#7813 = PLANE ( 'NONE',  #6793 ) ;
#7814 = CARTESIAN_POINT ( 'NONE',  ( 0.0000000000000000000, 0.0000000000000000000, 2.000000000000000000 ) ) ;
#7815 = VERTEX_POINT ( 'NONE', #8083 ) ;
#7816 = ORIENTED_EDGE ( 'NONE', *, *, #7648, .T. ) ;
#7817 = EDGE_CURVE ( 'NONE', #542, #5122, #2276, .T. ) ;
#7818 = VECTOR ( 'NONE', #3816, 1000.000000000000000 ) ;
#7819 = ADVANCED_FACE ( 'NONE', ( #951 ), #7675, .T. ) ;
#7820 = ADVANCED_FACE ( 'NONE', ( #171 ), #866, .F. ) ;
#7821 = DIRECTION ( 'NONE',  ( -0.0000000000000000000, -0.0000000000000000000, -1.000000000000000000 ) ) ;
#7822 = DIRECTION ( 'NONE',  ( -0.7111669494853590789, -0.7030231645967924825, -5.495433813911191956E-14 ) ) ;
#7823 = DIRECTION ( 'NONE',  ( 5.702219099707185291E-30, 1.000000000000000000, 1.635334992228036632E-15 ) ) ;
#7824 = DIRECTION ( 'NONE',  ( 1.000000000000000000, 0.0000000000000000000, 0.0000000000000000000 ) ) ;
#7825 = FACE_OUTER_BOUND ( 'NONE', #7765, .T. ) ;
#7826 = VERTEX_POINT ( 'NONE', #6258 ) ;
#7827 = EDGE_CURVE ( 'NONE', #2607, #5679, #198, .T. ) ;
#7828 = CYLINDRICAL_SURFACE ( 'NONE', #8155, 4.200000000000000178 ) ;
#7829 = EDGE_CURVE ( 'NONE', #1655, #6300, #1040, .T. ) ;
#7830 = PRESENTATION_STYLE_ASSIGNMENT (( #7701 ) ) ;
#7831 = DIRECTION ( 'NONE',  ( -1.000000000000000000, 0.0000000000000000000, 0.0000000000000000000 ) ) ;
#7832 = CARTESIAN_POINT ( 'NONE',  ( -5.270858399429544150, 6.281564433575399065, 2.000000000000000000 ) ) ;
#7833 = EDGE_LOOP ( 'NONE', ( #5327, #7380, #8493, #4530 ) ) ;
#7834 = DIRECTION ( 'NONE',  ( -0.0000000000000000000, -0.0000000000000000000, -1.000000000000000000 ) ) ;
#7835 = ORIENTED_EDGE ( 'NONE', *, *, #2818, .F. ) ;
#7836 = ORIENTED_EDGE ( 'NONE', *, *, #1686, .F. ) ;
#7837 = ORIENTED_EDGE ( 'NONE', *, *, #109, .T. ) ;
#7838 = AXIS2_PLACEMENT_3D ( 'NONE', #4588, #7951, #682 ) ;
#7839 = CARTESIAN_POINT ( 'NONE',  ( 2.133096795500278642, 3.617996415286566680, 0.0000000000000000000 ) ) ;
#7840 = CARTESIAN_POINT ( 'NONE',  ( 5.150000000000006573, -6.324710424241401618, 1.795743899754888015E-14 ) ) ;
#7841 = ORIENTED_EDGE ( 'NONE', *, *, #677, .T. ) ;
#7842 = CYLINDRICAL_SURFACE ( 'NONE', #8428, 1.249999999999994227 ) ;
#7843 = SURFACE_SIDE_STYLE ('',( #2638 ) ) ;
#7844 = ORIENTED_EDGE ( 'NONE', *, *, #4028, .T. ) ;
#7845 = ORIENTED_EDGE ( 'NONE', *, *, #4179, .F. ) ;
#7846 = STYLED_ITEM ( 'NONE', ( #6906 ), #1025 ) ;
#7847 = AXIS2_PLACEMENT_3D ( 'NONE', #5947, #2613, #4716 ) ;
#7848 = ORIENTED_EDGE ( 'NONE', *, *, #822, .T. ) ;
#7849 = CARTESIAN_POINT ( 'NONE',  ( -4.200000000000000178, -2.932844324628232650E-14, 1.989999999999999991 ) ) ;
#7850 = CIRCLE ( 'NONE', #2354, 4.200000000000000178 ) ;
#7851 = FACE_OUTER_BOUND ( 'NONE', #7004, .T. ) ;
#7852 = EDGE_CURVE ( 'NONE', #914, #1803, #1523, .T. ) ;
#7853 = CARTESIAN_POINT ( 'NONE',  ( 5.064453563295600702, -5.046015340009239125, 3.851148186049371258 ) ) ;
#7854 = CARTESIAN_POINT ( 'NONE',  ( -5.159999999999998366, -0.8000000000000029310, -0.005000000000000000104 ) ) ;
#7855 = DIRECTION ( 'NONE',  ( 1.000000000000000000, 0.0000000000000000000, 0.0000000000000000000 ) ) ;
#7856 = CARTESIAN_POINT ( 'NONE',  ( 5.160000000000001918, -4.724710424241401974, 0.9882391584815776175 ) ) ;
#7857 = EDGE_LOOP ( 'NONE', ( #557, #5285, #4084, #5858 ) ) ;
#7858 = ORIENTED_EDGE ( 'NONE', *, *, #6738, .F. ) ;
#7859 =( GEOMETRIC_REPRESENTATION_CONTEXT ( 3 ) GLOBAL_UNCERTAINTY_ASSIGNED_CONTEXT ( ( #1081 ) ) GLOBAL_UNIT_ASSIGNED_CONTEXT ( ( #8532, #2798, #2156 ) ) REPRESENTATION_CONTEXT ( 'NONE', 'WORKASPACE' ) );
#7860 = AXIS2_PLACEMENT_3D ( 'NONE', #5181, #4628, #5940 ) ;
#7861 = LINE ( 'NONE', #8468, #6529 ) ;
#7862 = CARTESIAN_POINT ( 'NONE',  ( 2.133096795500279530, 3.617996415286567125, 1.969999999999999973 ) ) ;
#7863 = EDGE_CURVE ( 'NONE', #1331, #7993, #4954, .T. ) ;
#7864 = VECTOR ( 'NONE', #1911, 1000.000000000000000 ) ;
#7865 = CYLINDRICAL_SURFACE ( 'NONE', #2775, 1.250000000000000666 ) ;
#7866 = DIRECTION ( 'NONE',  ( -0.0000000000000000000, -0.0000000000000000000, -1.000000000000000000 ) ) ;
#7867 = EDGE_CURVE ( 'NONE', #1513, #3189, #911, .T. ) ;
#7868 = EDGE_CURVE ( 'NONE', #4600, #1206, #3560, .T. ) ;
#7869 = ORIENTED_EDGE ( 'NONE', *, *, #7919, .F. ) ;
#7870 = B_SPLINE_CURVE_WITH_KNOTS ( 'NONE', 3,
 ( #7732, #1818, #5010, #6988, #7642, #4463 ),
 .UNSPECIFIED., .F., .F.,
 ( 4, 2, 4 ),
 ( 0.0000000000000000000, 0.0002759767003082223163, 0.0005519534006164446326 ),
 .UNSPECIFIED. ) ;
#7871 = FILL_AREA_STYLE_COLOUR ( '', #975 ) ;
#7872 = CIRCLE ( 'NONE', #1113, 6.999999999999996447 ) ;
#7873 = DIRECTION ( 'NONE',  ( 3.469446951953614978E-15, 0.0000000000000000000, 1.000000000000000000 ) ) ;
#7874 = DIRECTION ( 'NONE',  ( 1.000000000000000000, 0.0000000000000000000, 0.0000000000000000000 ) ) ;
#7875 =( NAMED_UNIT ( * ) SI_UNIT ( $, .STERADIAN. ) SOLID_ANGLE_UNIT ( ) );
#7876 = CARTESIAN_POINT ( 'NONE',  ( 0.0000000000000000000, 0.0000000000000000000, 4.000000000000000000 ) ) ;
#7877 = COLOUR_RGB ( '',0.2980392156862745057, 0.2980392156862745057, 0.2980392156862745057 ) ;
#7878 = ORIENTED_EDGE ( 'NONE', *, *, #1222, .T. ) ;
#7879 = CARTESIAN_POINT ( 'NONE',  ( 5.862414508838521776, -4.265512410784851660, 4.000000000000000000 ) ) ;
#7880 = EDGE_CURVE ( 'NONE', #4661, #5460, #2918, .T. ) ;
#7881 = ORIENTED_EDGE ( 'NONE', *, *, #4663, .T. ) ;
#7882 = ORIENTED_EDGE ( 'NONE', *, *, #3607, .F. ) ;
#7883 = CARTESIAN_POINT ( 'NONE',  ( 6.942437212868439289, 0.8958602264748265487, 2.000000000000000000 ) ) ;
#7884 = EDGE_LOOP ( 'NONE', ( #1517, #8048, #1146, #7605 ) ) ;
#7885 = CARTESIAN_POINT ( 'NONE',  ( 0.0000000000000000000, 0.0000000000000000000, 2.000000000000000000 ) ) ;
#7886 = CIRCLE ( 'NONE', #4161, 0.7750000000000001332 ) ;
#7887 = DIRECTION ( 'NONE',  ( 0.7111669494853618545, 0.7030231645967895959, 0.0000000000000000000 ) ) ;
#7888 = LINE ( 'NONE', #2555, #6520 ) ;
#7889 = EDGE_LOOP ( 'NONE', ( #3683, #1851, #6852, #470 ) ) ;
#7890 = EDGE_CURVE ( 'NONE', #5984, #6154, #4548, .T. ) ;
#7891 = ORIENTED_EDGE ( 'NONE', *, *, #1595, .F. ) ;
#7892 = EDGE_LOOP ( 'NONE', ( #4775, #4733, #7959, #4651, #3661 ) ) ;
#7893 = VECTOR ( 'NONE', #4213, 1000.000000000000000 ) ;
#7894 = EDGE_LOOP ( 'NONE', ( #7050, #7528, #8114, #692 ) ) ;
#7895 = CARTESIAN_POINT ( 'NONE',  ( 3.239221501367550715, 2.499058416603145094, 1.969999999999999973 ) ) ;
#7896 = CARTESIAN_POINT ( 'NONE',  ( -6.942437212868700414, -0.8958602264727915099, 2.000000000000000000 ) ) ;
#7897 = DIRECTION ( 'NONE',  ( 1.000000000000000000, -1.084202172485510942E-15, 0.0000000000000000000 ) ) ;
#7898 = LINE ( 'NONE', #713, #5106 ) ;
#7899 = ORIENTED_EDGE ( 'NONE', *, *, #7598, .F. ) ;
#7900 = ORIENTED_EDGE ( 'NONE', *, *, #839, .F. ) ;
#7901 = AXIS2_PLACEMENT_3D ( 'NONE', #7450, #1589, #8190 ) ;
#7902 = UNCERTAINTY_MEASURE_WITH_UNIT (LENGTH_MEASURE( 1.000000000000000082E-05 ), #2602, 'distance_accuracy_value', 'NONE');
#7903 = CARTESIAN_POINT ( 'NONE',  ( 2.695380892068326428, -6.460257103759334818, 4.000000000000000000 ) ) ;
#7904 = DIRECTION ( 'NONE',  ( -0.7111669494853501972, 0.7030231645968014753, 0.0000000000000000000 ) ) ;
#7905 = VECTOR ( 'NONE', #4064, 1000.000000000000000 ) ;
#7906 = AXIS2_PLACEMENT_3D ( 'NONE', #4760, #4205, #7422 ) ;
#7907 = LINE ( 'NONE', #7281, #7864 ) ;
#7908 = CARTESIAN_POINT ( 'NONE',  ( 0.0000000000000000000, 0.0000000000000000000, 2.000000000000000000 ) ) ;
#7909 = CYLINDRICAL_SURFACE ( 'NONE', #1679, 1.249999999999997558 ) ;
#7910 = CARTESIAN_POINT ( 'NONE',  ( 5.851408311032563425, 4.100000000000294520, 3.855143162916182309 ) ) ;
#7911 = EDGE_LOOP ( 'NONE', ( #674, #3948, #93, #1063 ) ) ;
#7912 = VECTOR ( 'NONE', #5332, 1000.000000000000000 ) ;
#7913 = CARTESIAN_POINT ( 'NONE',  ( 5.159999999999998366, -0.8000000000000042633, -0.005000000000000000104 ) ) ;
#7914 = EDGE_CURVE ( 'NONE', #6653, #7007, #2571, .T. ) ;
#7915 = CIRCLE ( 'NONE', #1158, 4.200000000000000178 ) ;
#7916 = CARTESIAN_POINT ( 'NONE',  ( 0.0000000000000000000, 0.0000000000000000000, 2.000000000000000000 ) ) ;
#7917 = CARTESIAN_POINT ( 'NONE',  ( -3.642323042638027086, 2.091287367405080477, 1.989999999999999991 ) ) ;
#7918 = EDGE_CURVE ( 'NONE', #7569, #3189, #1207, .T. ) ;
#7919 = EDGE_CURVE ( 'NONE', #673, #8268, #5871, .T. ) ;
#7920 = CYLINDRICAL_SURFACE ( 'NONE', #7997, 1.249999999999997558 ) ;
#7921 = VECTOR ( 'NONE', #7086, 1000.000000000000000 ) ;
#7922 = ORIENTED_EDGE ( 'NONE', *, *, #7914, .T. ) ;
#7923 = ORIENTED_EDGE ( 'NONE', *, *, #1492, .F. ) ;
#7924 = ORIENTED_EDGE ( 'NONE', *, *, #8071, .F. ) ;
#7925 = CARTESIAN_POINT ( 'NONE',  ( -7.101408311032225029, 4.099999999999706546, 4.000000000000000000 ) ) ;
#7926 = ORIENTED_EDGE ( 'NONE', *, *, #1421, .F. ) ;
#7927 = CONICAL_SURFACE ( 'NONE', #744, 7.250000000000000000, 0.7853981633974482790 ) ;
#7928 = FACE_OUTER_BOUND ( 'NONE', #1608, .T. ) ;
#7929 = EDGE_CURVE ( 'NONE', #1446, #3250, #4423, .T. ) ;
#7930 = CARTESIAN_POINT ( 'NONE',  ( -2.128639366018726164, 3.620620727090232194, 2.000000000000000000 ) ) ;
#7931 = CARTESIAN_POINT ( 'NONE',  ( 0.4962985691811101496, 7.038851921396688915, 3.945737749221024160 ) ) ;
#7932 = ORIENTED_EDGE ( 'NONE', *, *, #667, .F. ) ;
#7933 = VERTEX_POINT ( 'NONE', #514 ) ;
#7934 = ORIENTED_EDGE ( 'NONE', *, *, #7598, .T. ) ;
#7935 = ORIENTED_EDGE ( 'NONE', *, *, #5531, .F. ) ;
#7936 = FILL_AREA_STYLE_COLOUR ( '', #4745 ) ;
#7937 = EDGE_CURVE ( 'NONE', #5135, #7569, #8340, .T. ) ;
#7938 = PLANE ( 'NONE',  #4093 ) ;
#7939 = DIRECTION ( 'NONE',  ( -0.0000000000000000000, -0.0000000000000000000, 1.000000000000000000 ) ) ;
#7940 = LINE ( 'NONE', #8544, #8563 ) ;
#7941 = CARTESIAN_POINT ( 'NONE',  ( 0.0000000000000000000, 0.0000000000000000000, 2.000000000000000000 ) ) ;
#7942 = VECTOR ( 'NONE', #4295, 1000.000000000000000 ) ;
#7943 = ORIENTED_EDGE ( 'NONE', *, *, #6649, .F. ) ;
#7944 = ORIENTED_EDGE ( 'NONE', *, *, #2061, .F. ) ;
#7945 = AXIS2_PLACEMENT_3D ( 'NONE', #4674, #7279, #8206 ) ;
#7946 = EDGE_CURVE ( 'NONE', #6814, #4852, #3203, .T. ) ;
#7947 = CARTESIAN_POINT ( 'NONE',  ( -5.129999999999999893, -7.250000000000000000, 2.000000000000000000 ) ) ;
#7948 = CIRCLE ( 'NONE', #3274, 1.250000000000001110 ) ;
#7949 = CARTESIAN_POINT ( 'NONE',  ( 2.674424632239807753, 3.070397864182836223, 0.0000000000000000000 ) ) ;
#7950 = DIRECTION ( 'NONE',  ( -3.486881358747350930E-15, 0.0000000000000000000, 1.000000000000000000 ) ) ;
#7951 = DIRECTION ( 'NONE',  ( -0.0000000000000000000, -0.0000000000000000000, -1.000000000000000000 ) ) ;
#7952 = LINE ( 'NONE', #724, #3764 ) ;
#7953 = CARTESIAN_POINT ( 'NONE',  ( 5.060000000000005826, -4.900000000000001243, -0.01000000000000000021 ) ) ;
#7954 = EDGE_LOOP ( 'NONE', ( #1629, #1886, #7655, #5617 ) ) ;
#7955 = CARTESIAN_POINT ( 'NONE',  ( 2.610419606786133606, 3.007125779369130392, -0.01000000000000000021 ) ) ;
#7956 = DIRECTION ( 'NONE',  ( -0.0000000000000000000, -0.0000000000000000000, -1.000000000000000000 ) ) ;
#7957 = CARTESIAN_POINT ( 'NONE',  ( -7.101408311032225029, 4.099999999999706546, 2.000000000000000000 ) ) ;
#7958 = ORIENTED_EDGE ( 'NONE', *, *, #6128, .T. ) ;
#7959 = ORIENTED_EDGE ( 'NONE', *, *, #12, .F. ) ;
#7960 = ORIENTED_EDGE ( 'NONE', *, *, #2398, .T. ) ;
#7961 = FACE_OUTER_BOUND ( 'NONE', #8332, .T. ) ;
#7962 = ORIENTED_EDGE ( 'NONE', *, *, #7274, .F. ) ;
#7963 =( NAMED_UNIT ( * ) PLANE_ANGLE_UNIT ( ) SI_UNIT ( $, .RADIAN. ) );
#7964 = SURFACE_STYLE_USAGE ( .BOTH. , #5334 ) ;
#7965 = FACE_OUTER_BOUND ( 'NONE', #2282, .T. ) ;
#7966 = ADVANCED_FACE ( 'NONE', ( #1083 ), #3805, .F. ) ;
#7967 = EDGE_LOOP ( 'NONE', ( #3881, #5750, #6056, #2150 ) ) ;
#7968 = ORIENTED_EDGE ( 'NONE', *, *, #3726, .T. ) ;
#7969 = EDGE_LOOP ( 'NONE', ( #2236, #273, #3473, #6187 ) ) ;
#7970 = FACE_OUTER_BOUND ( 'NONE', #6002, .T. ) ;
#7971 = EDGE_LOOP ( 'NONE', ( #6785, #4899, #6414, #7 ) ) ;
#7972 = EDGE_CURVE ( 'NONE', #2773, #2333, #3678, .T. ) ;
#7973 = CARTESIAN_POINT ( 'NONE',  ( -5.150000000000000355, -6.324710424241401618, 1.988239158481577507 ) ) ;
#7974 = CARTESIAN_POINT ( 'NONE',  ( -3.254999999999999005, -7.224999999999999645, 1.990000000000000435 ) ) ;
#7975 = CARTESIAN_POINT ( 'NONE',  ( 0.0000000000000000000, 0.0000000000000000000, 2.249999999999997780 ) ) ;
#7976 = EDGE_CURVE ( 'NONE', #1983, #3088, #6687, .T. ) ;
#7977 = AXIS2_PLACEMENT_3D ( 'NONE', #6773, #6944, #859 ) ;
#7978 = DIRECTION ( 'NONE',  ( 1.000000000000000000, 0.0000000000000000000, 0.0000000000000000000 ) ) ;
#7979 = DIRECTION ( 'NONE',  ( 0.7111669494853588569, 0.7030231645967927046, 0.0000000000000000000 ) ) ;
#7980 = AXIS2_PLACEMENT_3D ( 'NONE', #1338, #5478, #7375 ) ;
#7981 = CARTESIAN_POINT ( 'NONE',  ( 2.681536301734668282, 3.077428095828811827, 1.435066424030621726E-14 ) ) ;
#7982 = EDGE_LOOP ( 'NONE', ( #907, #1895, #3188, #1017, #5451, #3032, #1263, #1350 ) ) ;
#7983 = DIRECTION ( 'NONE',  ( 1.000000000000000000, 0.0000000000000000000, 0.0000000000000000000 ) ) ;
#7984 = AXIS2_PLACEMENT_3D ( 'NONE', #2298, #5632, #6975 ) ;
#7985 = DIRECTION ( 'NONE',  ( -1.000000000000000000, 0.0000000000000000000, 0.0000000000000000000 ) ) ;
#7986 = DIRECTION ( 'NONE',  ( -1.000000000000000000, 0.0000000000000000000, -0.0000000000000000000 ) ) ;
#7987 = PLANE ( 'NONE',  #3452 ) ;
#7988 = CARTESIAN_POINT ( 'NONE',  ( 5.160000000000005471, -3.963704366711341187, 0.1392243887514867939 ) ) ;
#7989 = VECTOR ( 'NONE', #8137, 1000.000000000000000 ) ;
#7990 = TOROIDAL_SURFACE ( 'NONE', #8406, 3.799999999999999822, 0.2999999999999999889 ) ;
#7991 =( NAMED_UNIT ( * ) PLANE_ANGLE_UNIT ( ) SI_UNIT ( $, .RADIAN. ) );
#7992 = EDGE_CURVE ( 'NONE', #299, #6218, #5821, .T. ) ;
#7993 = VERTEX_POINT ( 'NONE', #5103 ) ;
#7994 = DIRECTION ( 'NONE',  ( -1.000000000000000000, -0.0000000000000000000, 3.486881358747351719E-15 ) ) ;
#7995 = CARTESIAN_POINT ( 'NONE',  ( 2.118873456510571796, 3.603935951994632347, 1.989999999999999547 ) ) ;
#7996 = CARTESIAN_POINT ( 'NONE',  ( -5.129999999999999005, -6.324710424241401618, 1.969999999999999973 ) ) ;
#7997 = AXIS2_PLACEMENT_3D ( 'NONE', #172, #4892, #8124 ) ;
#7998 = LINE ( 'NONE', #5405, #1742 ) ;
#7999 = LINE ( 'NONE', #39, #2359 ) ;
#8000 = CARTESIAN_POINT ( 'NONE',  ( 3.108106875393359836, 2.645916150154785207, 0.0000000000000000000 ) ) ;
#8001 = ORIENTED_EDGE ( 'NONE', *, *, #1222, .F. ) ;
#8002 = CYLINDRICAL_SURFACE ( 'NONE', #3073, 4.200000000000000178 ) ;
#8004 = ORIENTED_EDGE ( 'NONE', *, *, #7293, .T. ) ;
#8003 = B_SPLINE_CURVE_WITH_KNOTS ( 'NONE', 3,
 ( #6622, #1361, #3915, #621, #3281, #4618 ),
 .UNSPECIFIED., .F., .F.,
 ( 4, 2, 4 ),
 ( 0.0000000000000000000, 0.0002759767003079302864, 0.0005519534006158605729 ),
 .UNSPECIFIED. ) ;
#8005 = EDGE_LOOP ( 'NONE', ( #3999, #3685, #4360, #2537 ) ) ;
#8006 = VECTOR ( 'NONE', #8416, 1000.000000000000000 ) ;
#8007 =( NAMED_UNIT ( * ) SI_UNIT ( $, .STERADIAN. ) SOLID_ANGLE_UNIT ( ) );
#8008 = LINE ( 'NONE', #5245, #1717 ) ;
#8009 = PRESENTATION_LAYER_ASSIGNMENT (  '', '', ( #5792 ) ) ;
#8010 = DIRECTION ( 'NONE',  ( 1.000000000000000000, 0.0000000000000000000, 0.0000000000000000000 ) ) ;
#8011 = LINE ( 'NONE', #268, #8034 ) ;
#8012 = ORIENTED_EDGE ( 'NONE', *, *, #2774, .F. ) ;
#8013 = CARTESIAN_POINT ( 'NONE',  ( 5.150000000000006573, -4.900000000000001243, 0.1392243887514867662 ) ) ;
#8014 = VERTEX_POINT ( 'NONE', #8379 ) ;
#8015 = ORIENTED_EDGE ( 'NONE', *, *, #3071, .F. ) ;
#8016 = FILL_AREA_STYLE_COLOUR ( '', #573 ) ;
#8017 = VERTEX_POINT ( 'NONE', #5744 ) ;
#8018 = LINE ( 'NONE', #8102, #3818 ) ;
#8019 = ADVANCED_FACE ( 'NONE', ( #8470 ), #1779, .T. ) ;
#8020 = ADVANCED_FACE ( 'NONE', ( #1735 ), #5944, .F. ) ;
#8021 = DIRECTION ( 'NONE',  ( -0.0000000000000000000, -0.0000000000000000000, -1.000000000000000000 ) ) ;
#8022 = CARTESIAN_POINT ( 'NONE',  ( -6.830159262260174557, 1.532620126502826308, 4.000000000000000000 ) ) ;
#8023 = ORIENTED_EDGE ( 'NONE', *, *, #4179, .T. ) ;
#8024 = CARTESIAN_POINT ( 'NONE',  ( 7.101408311032565202, 4.100000000000294520, 2.000000000000000000 ) ) ;
#8025 = PRESENTATION_STYLE_ASSIGNMENT (( #893 ) ) ;
#8026 = VERTEX_POINT ( 'NONE', #2778 ) ;
#8027 = CYLINDRICAL_SURFACE ( 'NONE', #5569, 0.03000000000000051237 ) ;
#8028 = AXIS2_PLACEMENT_3D ( 'NONE', #6015, #4659, #2070 ) ;
#8029 = DIRECTION ( 'NONE',  ( 0.0000000000000000000, 0.0000000000000000000, -1.000000000000000000 ) ) ;
#8030 = CARTESIAN_POINT ( 'NONE',  ( 5.159999999999998366, -1.800000000000004263, 0.5000000000000000000 ) ) ;
#8031 = EDGE_CURVE ( 'NONE', #7346, #7139, #8355, .T. ) ;
#8032 = DIRECTION ( 'NONE',  ( 0.0000000000000000000, 0.0000000000000000000, 1.000000000000000000 ) ) ;
#8033 = CARTESIAN_POINT ( 'NONE',  ( -3.774999999999999911, -4.500000000000000000, -0.5000000000000000000 ) ) ;
#8034 = VECTOR ( 'NONE', #2933, 1000.000000000000000 ) ;
#8035 = DIRECTION ( 'NONE',  ( 0.0000000000000000000, -1.000000000000000000, 0.0000000000000000000 ) ) ;
#8036 = LINE ( 'NONE', #8398, #7703 ) ;
#8037 = ORIENTED_EDGE ( 'NONE', *, *, #5304, .T. ) ;
#8038 = FACE_OUTER_BOUND ( 'NONE', #2902, .T. ) ;
#8039 = DIRECTION ( 'NONE',  ( -0.0000000000000000000, -0.0000000000000000000, -1.000000000000000000 ) ) ;
#8040 = DIRECTION ( 'NONE',  ( 1.000000000000000000, 0.0000000000000000000, 0.0000000000000000000 ) ) ;
#8041 = CARTESIAN_POINT ( 'NONE',  ( 0.0000000000000000000, 0.0000000000000000000, 1.989999999999999991 ) ) ;
#8042 = ADVANCED_FACE ( 'NONE', ( #113 ), #4063, .T. ) ;
#8043 = CARTESIAN_POINT ( 'NONE',  ( -2.536198336770760786, 3.210225366088506949, 1.969999999999999973 ) ) ;
#8044 = CARTESIAN_POINT ( 'NONE',  ( 7.101408311032906262, -4.099999999999703881, 4.000000000000000000 ) ) ;
#8045 = CARTESIAN_POINT ( 'NONE',  ( -7.123112648443007622, 0.6101040107872927054, 3.851148186049270894 ) ) ;
#8046 = AXIS2_PLACEMENT_3D ( 'NONE', #1460, #2034, #6629 ) ;
#8047 = VERTEX_POINT ( 'NONE', #600 ) ;
#8048 = ORIENTED_EDGE ( 'NONE', *, *, #7648, .F. ) ;
#8049 = VECTOR ( 'NONE', #461, 1000.000000000000000 ) ;
#8050 = DIRECTION ( 'NONE',  ( 1.000000000000000000, 0.0000000000000000000, 0.0000000000000000000 ) ) ;
#8051 = ORIENTED_EDGE ( 'NONE', *, *, #2355, .F. ) ;
#8052 = AXIS2_PLACEMENT_3D ( 'NONE', #4343, #6956, #4694 ) ;
#8053 = CARTESIAN_POINT ( 'NONE',  ( -6.942437212868703078, -0.8958602264727852926, 4.000000000000000000 ) ) ;
#8054 = B_SPLINE_CURVE_WITH_KNOTS ( 'NONE', 3,
 ( #6020, #842, #4703, #6150 ),
 .UNSPECIFIED., .F., .F.,
 ( 4, 4 ),
 ( 0.0000000000000000000, 0.0005511928767345370111 ),
 .UNSPECIFIED. ) ;
#8055 = ORIENTED_EDGE ( 'NONE', *, *, #241, .F. ) ;
#8056 = CARTESIAN_POINT ( 'NONE',  ( 5.862414508838521776, -4.265512410784851660, 3.750000000000001776 ) ) ;
#8057 = VERTEX_POINT ( 'NONE', #3339 ) ;
#8058 = EDGE_LOOP ( 'NONE', ( #6591, #7100, #2697, #7222 ) ) ;
#8059 = CARTESIAN_POINT ( 'NONE',  ( -2.087791667227212322, -6.681401496262338924, 2.000000000000000000 ) ) ;
#8060 = EDGE_LOOP ( 'NONE', ( #8023, #7485, #7934, #7644 ) ) ;
#8061 = SURFACE_STYLE_FILL_AREA ( #4050 ) ;
#8062 = CARTESIAN_POINT ( 'NONE',  ( -2.543310006265616874, 3.217255597734476780, 0.9700000000000000844 ) ) ;
#8063 = CARTESIAN_POINT ( 'NONE',  ( 5.150000000000000355, -1.800000000000003819, 0.0000000000000000000 ) ) ;
#8064 =( NAMED_UNIT ( * ) PLANE_ANGLE_UNIT ( ) SI_UNIT ( $, .RADIAN. ) );
#8065 = ORIENTED_EDGE ( 'NONE', *, *, #7626, .T. ) ;
#8066 = CARTESIAN_POINT ( 'NONE',  ( -1.974999999999996314, -7.259999999999998899, 0.5000000000000000000 ) ) ;
#8067 = DIRECTION ( 'NONE',  ( -0.0000000000000000000, -0.0000000000000000000, -1.000000000000000000 ) ) ;
#8068 = DIRECTION ( 'NONE',  ( 0.0000000000000000000, 0.0000000000000000000, 1.000000000000000000 ) ) ;
#8069 = LINE ( 'NONE', #8210, #550 ) ;
#8070 = DIRECTION ( 'NONE',  ( -0.0000000000000000000, -0.0000000000000000000, -1.000000000000000000 ) ) ;
#8071 = EDGE_CURVE ( 'NONE', #3333, #3847, #2000, .T. ) ;
#8072 = LINE ( 'NONE', #4067, #5682 ) ;
#8073 = CARTESIAN_POINT ( 'NONE',  ( 3.499999999999997780, -7.259999999999999787, -0.005000000000000000104 ) ) ;
#8074 = ORIENTED_EDGE ( 'NONE', *, *, #141, .F. ) ;
#8075 = EDGE_CURVE ( 'NONE', #3524, #1945, #1600, .T. ) ;
#8076 = VECTOR ( 'NONE', #414, 1000.000000000000114 ) ;
#8077 = EDGE_CURVE ( 'NONE', #2394, #4306, #6677, .T. ) ;
#8078 = EDGE_CURVE ( 'NONE', #8017, #2721, #5058, .T. ) ;
#8079 = CARTESIAN_POINT ( 'NONE',  ( 3.642323042638026642, 2.091287367405080477, 1.989999999999999991 ) ) ;
#8080 = STYLED_ITEM ( 'NONE', ( #336 ), #7820 ) ;
#8081 = UNCERTAINTY_MEASURE_WITH_UNIT (LENGTH_MEASURE( 1.000000000000000082E-05 ), #8173, 'distance_accuracy_value', 'NONE');
#8082 = DIRECTION ( 'NONE',  ( -0.7030231645968014753, 0.7111669494853501972, 0.0000000000000000000 ) ) ;
#8083 = CARTESIAN_POINT ( 'NONE',  ( -2.140208464995135174, 3.625026646932535623, 1.969999999999999085 ) ) ;
#8084 = FACE_OUTER_BOUND ( 'NONE', #3916, .T. ) ;
#8085 = VECTOR ( 'NONE', #3664, 1000.000000000000114 ) ;
#8086 = ORIENTED_EDGE ( 'NONE', *, *, #5726, .F. ) ;
#8087 = EDGE_CURVE ( 'NONE', #3662, #783, #2701, .T. ) ;
#8088 = VECTOR ( 'NONE', #4005, 1000.000000000000000 ) ;
#8089 = VERTEX_POINT ( 'NONE', #679 ) ;
#8090 = DIRECTION ( 'NONE',  ( -0.0000000000000000000, -0.0000000000000000000, 1.000000000000000000 ) ) ;
#8091 = EDGE_LOOP ( 'NONE', ( #2882, #4166, #1463, #1112, #6369, #3696, #3293, #6835 ) ) ;
#8092 = ORIENTED_EDGE ( 'NONE', *, *, #110, .T. ) ;
#8093 = ORIENTED_EDGE ( 'NONE', *, *, #8345, .T. ) ;
#8094 = CONICAL_SURFACE ( 'NONE', #5198, 7.249999999999999112, 0.7853981633974517207 ) ;
#8095 = CARTESIAN_POINT ( 'NONE',  ( 4.066399021986914164, -5.938585211213239567, 2.197175046756788319 ) ) ;
#8096 = ORIENTED_EDGE ( 'NONE', *, *, #5949, .T. ) ;
#8097 = ORIENTED_EDGE ( 'NONE', *, *, #4181, .T. ) ;
#8098 = ORIENTED_EDGE ( 'NONE', *, *, #6246, .T. ) ;
#8099 = CARTESIAN_POINT ( 'NONE',  ( 5.150000000000000355, -1.163414459190184377E-16, 1.200000000000017941 ) ) ;
#8100 = ORIENTED_EDGE ( 'NONE', *, *, #356, .F. ) ;
#8101 = CARTESIAN_POINT ( 'NONE',  ( -2.118873456510574016, 3.603935951994631903, 1.989999999999999547 ) ) ;
#8102 = CARTESIAN_POINT ( 'NONE',  ( 4.499999999999998224, 0.0000000000000000000, 0.0000000000000000000 ) ) ;
#8103 = DIRECTION ( 'NONE',  ( 0.7030231645967921494, 0.7111669494853594120, -0.0000000000000000000 ) ) ;
#8104 = CARTESIAN_POINT ( 'NONE',  ( -3.254999999999999005, -7.250000000000000000, 1.989999999999999991 ) ) ;
#8105 = VERTEX_POINT ( 'NONE', #5312 ) ;
#8106 = B_SPLINE_CURVE_WITH_KNOTS ( 'NONE', 3,
 ( #3563, #7481, #175, #6698 ),
 .UNSPECIFIED., .F., .F.,
 ( 4, 4 ),
 ( 6.133173666733496745E-19, 0.0005511928767355627748 ),
 .UNSPECIFIED. ) ;
#8107 = PLANE ( 'NONE',  #7779 ) ;
#8108 = LINE ( 'NONE', #937, #7102 ) ;
#8109 = EDGE_CURVE ( 'NONE', #3939, #8460, #1424, .T. ) ;
#8110 = VECTOR ( 'NONE', #643, 1000.000000000000000 ) ;
#8111 = DIRECTION ( 'NONE',  ( -0.0000000000000000000, 1.000000000000000000, 0.0000000000000000000 ) ) ;
#8112 = DIRECTION ( 'NONE',  ( -1.000000000000000000, -8.673617379884163268E-15, 0.0000000000000000000 ) ) ;
#8113 = CYLINDRICAL_SURFACE ( 'NONE', #4837, 7.249999999999999112 ) ;
#8114 = ORIENTED_EDGE ( 'NONE', *, *, #1961, .F. ) ;
#8115 = CARTESIAN_POINT ( 'NONE',  ( 6.625249362317113366, -2.944243686775382063, 3.749999999999999112 ) ) ;
#8116 = DIRECTION ( 'NONE',  ( 0.0000000000000000000, -6.229955439320548579E-15, 1.000000000000000000 ) ) ;
#8117 = CARTESIAN_POINT ( 'NONE',  ( -2.087791667227212322, -6.681401496262338924, 2.000000000000000000 ) ) ;
#8118 = EDGE_LOOP ( 'NONE', ( #1585, #8427, #3234, #1757 ) ) ;
#8119 = COLOUR_RGB ( '',0.2980392156862745057, 0.2980392156862745057, 0.2980392156862745057 ) ;
#8120 = LINE ( 'NONE', #6685, #3092 ) ;
#8121 = CARTESIAN_POINT ( 'NONE',  ( 4.200000000000000178, 0.0000000000000000000, 2.000000000000000000 ) ) ;
#8122 = CARTESIAN_POINT ( 'NONE',  ( 5.150000000000003908, -4.724710424241401974, 0.9882391584815776175 ) ) ;
#8123 = COLOUR_RGB ( '',0.8980392156862745390, 0.8980392156862745390, 0.8980392156862745390 ) ;
#8124 = DIRECTION ( 'NONE',  ( -1.000000000000000000, 0.0000000000000000000, 0.0000000000000000000 ) ) ;
#8125 = EDGE_CURVE ( 'NONE', #8480, #8132, #1336, .T. ) ;
#8126 = EDGE_CURVE ( 'NONE', #8245, #2721, #3543, .T. ) ;
#8127 = ORIENTED_EDGE ( 'NONE', *, *, #5565, .T. ) ;
#8128 = ORIENTED_EDGE ( 'NONE', *, *, #7113, .T. ) ;
#8129 = DIRECTION ( 'NONE',  ( 1.000000000000000000, -0.0000000000000000000, -0.0000000000000000000 ) ) ;
#8130 = ORIENTED_EDGE ( 'NONE', *, *, #8495, .F. ) ;
#8131 = ORIENTED_EDGE ( 'NONE', *, *, #2397, .T. ) ;
#8132 = VERTEX_POINT ( 'NONE', #7949 ) ;
#8133 = AXIS2_PLACEMENT_3D ( 'NONE', #1751, #6403, #1792 ) ;
#8134 = AXIS2_PLACEMENT_3D ( 'NONE', #7764, #3660, #7058 ) ;
#8135 = FACE_OUTER_BOUND ( 'NONE', #6874, .T. ) ;
#8136 = EDGE_CURVE ( 'NONE', #854, #1446, #1249, .T. ) ;
#8137 = DIRECTION ( 'NONE',  ( -0.0000000000000000000, -0.0000000000000000000, -1.000000000000000000 ) ) ;
#8138 = CARTESIAN_POINT ( 'NONE',  ( -3.499999999999999556, -7.250000000000000000, 1.989999999999999991 ) ) ;
#8139 = AXIS2_PLACEMENT_3D ( 'NONE', #648, #5278, #7249 ) ;
#8140 = VERTEX_POINT ( 'NONE', #3885 ) ;
#8141 = ORIENTED_EDGE ( 'NONE', *, *, #667, .T. ) ;
#8142 = ORIENTED_EDGE ( 'NONE', *, *, #7946, .T. ) ;
#8143 = DIRECTION ( 'NONE',  ( 0.0000000000000000000, 0.0000000000000000000, -1.000000000000000000 ) ) ;
#8144 = ORIENTED_EDGE ( 'NONE', *, *, #2812, .F. ) ;
#8145 = CIRCLE ( 'NONE', #5383, 6.999999999999996447 ) ;
#8146 = DIRECTION ( 'NONE',  ( 1.000000000000000000, 0.0000000000000000000, 0.0000000000000000000 ) ) ;
#8147 = LINE ( 'NONE', #2254, #5771 ) ;
#8148 = EDGE_CURVE ( 'NONE', #1716, #1004, #6554, .T. ) ;
#8149 = CYLINDRICAL_SURFACE ( 'NONE', #6389, 1.249999999999995115 ) ;
#8150 = FACE_OUTER_BOUND ( 'NONE', #6148, .T. ) ;
#8151 = VECTOR ( 'NONE', #7388, 1000.000000000000000 ) ;
#8152 = VERTEX_POINT ( 'NONE', #3295 ) ;
#8153 = CARTESIAN_POINT ( 'NONE',  ( -5.150000000000006573, -5.900000000000001243, 0.1392243887514869605 ) ) ;
#8154 = CARTESIAN_POINT ( 'NONE',  ( -1.974999999999996314, -7.259999999999998899, -0.005000000000000000104 ) ) ;
#8155 = AXIS2_PLACEMENT_3D ( 'NONE', #5403, #8039, #4111 ) ;
#8156 = CARTESIAN_POINT ( 'NONE',  ( -3.246333170862405915, 2.506088648249114481, 0.9699999999999999734 ) ) ;
#8157 = FACE_OUTER_BOUND ( 'NONE', #6459, .T. ) ;
#8158 = VERTEX_POINT ( 'NONE', #2612 ) ;
#8159 = LINE ( 'NONE', #943, #4273 ) ;
#8160 = CARTESIAN_POINT ( 'NONE',  ( 4.905273158632616592, 5.083427567143933068, 2.063856039206888759 ) ) ;
#8161 = SURFACE_STYLE_FILL_AREA ( #1607 ) ;
#8162 = ORIENTED_EDGE ( 'NONE', *, *, #5912, .F. ) ;
#8163 = FACE_OUTER_BOUND ( 'NONE', #8233, .T. ) ;
#8164 = CARTESIAN_POINT ( 'NONE',  ( -2.115317621763147304, 3.600420836171648098, 1.989999999999999103 ) ) ;
#8165 = LINE ( 'NONE', #993, #5979 ) ;
#8166 = CARTESIAN_POINT ( 'NONE',  ( -5.150000000000000355, -0.8000000000000029310, 1.989999999999999991 ) ) ;
#8167 = AXIS2_PLACEMENT_3D ( 'NONE', #8247, #290, #6298 ) ;
#8168 = CARTESIAN_POINT ( 'NONE',  ( -0.7022066185382977999, -7.163051108413094781, 2.197175046756811856 ) ) ;
#8169 = VERTEX_POINT ( 'NONE', #5987 ) ;
#8170 = ORIENTED_EDGE ( 'NONE', *, *, #7500, .T. ) ;
#8171 = ORIENTED_EDGE ( 'NONE', *, *, #2396, .T. ) ;
#8172 = ORIENTED_EDGE ( 'NONE', *, *, #2971, .F. ) ;
#8173 =( LENGTH_UNIT ( ) NAMED_UNIT ( * ) SI_UNIT ( .MILLI., .METRE. ) );
#8174 = ORIENTED_EDGE ( 'NONE', *, *, #1466, .T. ) ;
#8175 = VECTOR ( 'NONE', #5178, 1000.000000000000000 ) ;
#8176 = COLOUR_RGB ( '',0.2980392156862745057, 0.2980392156862745057, 0.2980392156862745057 ) ;
#8177 = EDGE_CURVE ( 'NONE', #743, #4630, #71, .T. ) ;
#8178 = EDGE_CURVE ( 'NONE', #2153, #6854, #1949, .T. ) ;
#8179 = DIRECTION ( 'NONE',  ( 1.000000000000000000, 0.0000000000000000000, 0.0000000000000000000 ) ) ;
#8180 = DIRECTION ( 'NONE',  ( -0.0000000000000000000, -0.0000000000000000000, -1.000000000000000000 ) ) ;
#8181 = DIRECTION ( 'NONE',  ( -0.0000000000000000000, 1.000000000000000000, -0.0000000000000000000 ) ) ;
#8182 = COLOUR_RGB ( '',0.8980392156862745390, 0.8980392156862745390, 0.8980392156862745390 ) ;
#8183 = CARTESIAN_POINT ( 'NONE',  ( -5.150000000000000355, -1.163414459190184377E-16, 1.989999999999999991 ) ) ;
#8184 = AXIS2_PLACEMENT_3D ( 'NONE', #992, #6946, #3674 ) ;
#8185 = ORIENTED_EDGE ( 'NONE', *, *, #1441, .T. ) ;
#8186 = DIRECTION ( 'NONE',  ( -0.0000000000000000000, -0.0000000000000000000, -1.000000000000000000 ) ) ;
#8187 = ORIENTED_EDGE ( 'NONE', *, *, #5434, .T. ) ;
#8188 = EDGE_LOOP ( 'NONE', ( #6089, #2599, #6360, #5965 ) ) ;
#8189 = EDGE_CURVE ( 'NONE', #4759, #3101, #1293, .T. ) ;
#8190 = DIRECTION ( 'NONE',  ( 1.000000000000000000, 0.0000000000000000000, 0.0000000000000000000 ) ) ;
#8191 = ORIENTED_EDGE ( 'NONE', *, *, #1031, .T. ) ;
#8192 = ADVANCED_FACE ( 'NONE', ( #8554 ), #2655, .T. ) ;
#8193 = VECTOR ( 'NONE', #6571, 1000.000000000000000 ) ;
#8194 = AXIS2_PLACEMENT_3D ( 'NONE', #4673, #1552, #848 ) ;
#8195 = CARTESIAN_POINT ( 'NONE',  ( 5.059999999999998721, -1.800000000000004263, 0.0000000000000000000 ) ) ;
#8196 = CARTESIAN_POINT ( 'NONE',  ( -5.149999999999999467, -5.900000000000001243, 0.1392243887514870437 ) ) ;
#8197 = CARTESIAN_POINT ( 'NONE',  ( -3.642323042638029307, 2.091287367405082254, 1.969999999999999973 ) ) ;
#8198 = ORIENTED_EDGE ( 'NONE', *, *, #1122, .T. ) ;
#8199 = AXIS2_PLACEMENT_3D ( 'NONE', #7352, #1310, #2673 ) ;
#8200 = DIRECTION ( 'NONE',  ( -1.000000000000000000, 0.0000000000000000000, 0.0000000000000000000 ) ) ;
#8201 = EDGE_CURVE ( 'NONE', #7451, #5984, #6203, .T. ) ;
#8202 = ORIENTED_EDGE ( 'NONE', *, *, #1431, .F. ) ;
#8203 = DIRECTION ( 'NONE',  ( -1.000000000000000000, 0.0000000000000000000, 3.486881358747351719E-15 ) ) ;
#8204 = EDGE_CURVE ( 'NONE', #1966, #3990, #7556, .T. ) ;
#8205 = CIRCLE ( 'NONE', #1026, 1.249999999999998446 ) ;
#8206 = DIRECTION ( 'NONE',  ( -1.000000000000000000, 0.0000000000000000000, 0.0000000000000000000 ) ) ;
#8207 = CARTESIAN_POINT ( 'NONE',  ( 3.036990180444824272, 2.575613833695105992, -0.01000000000000000021 ) ) ;
#8208 = B_SPLINE_CURVE_WITH_KNOTS ( 'NONE', 3,
 ( #3486, #3576, #6190, #2939 ),
 .UNSPECIFIED., .F., .F.,
 ( 4, 4 ),
 ( 0.0000000000000000000, 0.0001957817699440330241 ),
 .UNSPECIFIED. ) ;
#8209 = CARTESIAN_POINT ( 'NONE',  ( 0.0000000000000000000, 0.0000000000000000000, 3.749999999999999112 ) ) ;
#8210 = CARTESIAN_POINT ( 'NONE',  ( 2.536198336770760786, 3.210225366088506949, 1.969999999999999973 ) ) ;
#8211 = VERTEX_POINT ( 'NONE', #6897 ) ;
#8212 = CARTESIAN_POINT ( 'NONE',  ( 0.0000000000000000000, 0.0000000000000000000, 2.249999999999997780 ) ) ;
#8213 = CARTESIAN_POINT ( 'NONE',  ( -2.870814365006848057, 6.454561601911601443, 3.936143960793042851 ) ) ;
#8214 = DIRECTION ( 'NONE',  ( -0.7111669494853619655, -0.7030231645967894849, 0.0000000000000000000 ) ) ;
#8215 = ORIENTED_EDGE ( 'NONE', *, *, #4859, .F. ) ;
#8216 = ADVANCED_FACE ( 'NONE', ( #6118 ), #5520, .F. ) ;
#8217 = LINE ( 'NONE', #6910, #2432 ) ;
#8218 = DIRECTION ( 'NONE',  ( -0.7111669494853674056, 0.7030231645967840448, -0.0000000000000000000 ) ) ;
#8219 = CARTESIAN_POINT ( 'NONE',  ( 5.851408311032904486, -3.997023298215892861, 2.085764753513623226 ) ) ;
#8220 = VERTEX_POINT ( 'NONE', #8156 ) ;
#8221 = VERTEX_POINT ( 'NONE', #286 ) ;
#8222 = ORIENTED_EDGE ( 'NONE', *, *, #7293, .F. ) ;
#8223 = ORIENTED_EDGE ( 'NONE', *, *, #3332, .F. ) ;
#8224 = CARTESIAN_POINT ( 'NONE',  ( 4.082889415498845764, 5.863527165331216651, 2.144131816092685217 ) ) ;
#8225 = EDGE_CURVE ( 'NONE', #6160, #2374, #4281, .T. ) ;
#8226 = VECTOR ( 'NONE', #7196, 1000.000000000000000 ) ;
#8227 = FACE_OUTER_BOUND ( 'NONE', #2423, .T. ) ;
#8228 = DIRECTION ( 'NONE',  ( -0.7030231645967924825, 0.7111669494853590789, 0.0000000000000000000 ) ) ;
#8229 = DIRECTION ( 'NONE',  ( 1.000000000000000000, 0.0000000000000000000, 0.0000000000000000000 ) ) ;
#8230 = ORIENTED_EDGE ( 'NONE', *, *, #6288, .T. ) ;
#8231 = CARTESIAN_POINT ( 'NONE',  ( 0.0000000000000000000, 0.0000000000000000000, 4.000000000000000000 ) ) ;
#8232 = DIRECTION ( 'NONE',  ( 0.0000000000000000000, 0.0000000000000000000, -1.000000000000000000 ) ) ;
#8233 = EDGE_LOOP ( 'NONE', ( #4036, #543, #1842, #6888 ) ) ;
#8234 = ORIENTED_EDGE ( 'NONE', *, *, #6282, .T. ) ;
#8235 = CARTESIAN_POINT ( 'NONE',  ( 0.7628348534790007074, 7.209756097560974908, 3.750000000000001776 ) ) ;
#8236 = EDGE_LOOP ( 'NONE', ( #6358, #1496, #4264, #2027, #7093 ) ) ;
#8237 = VECTOR ( 'NONE', #4987, 1000.000000000000000 ) ;
#8238 = EDGE_CURVE ( 'NONE', #57, #7758, #5047, .T. ) ;
#8239 = CARTESIAN_POINT ( 'NONE',  ( 2.610419606786133606, 3.007125779369130392, -0.01000000000000000021 ) ) ;
#8240 = EDGE_CURVE ( 'NONE', #258, #228, #6149, .T. ) ;
#8241 = ORIENTED_EDGE ( 'NONE', *, *, #7109, .F. ) ;
#8242 = LINE ( 'NONE', #7021, #3808 ) ;
#8243 = DIRECTION ( 'NONE',  ( -1.000000000000000000, 0.0000000000000000000, 0.0000000000000000000 ) ) ;
#8244 = CARTESIAN_POINT ( 'NONE',  ( -5.894063302208126132, 3.776243873158017017, 4.000000000000000000 ) ) ;
#8245 = VERTEX_POINT ( 'NONE', #3550 ) ;
#8246 = DIRECTION ( 'NONE',  ( 3.486881358747350930E-15, 9.919576279195056621E-16, -1.000000000000000000 ) ) ;
#8247 = CARTESIAN_POINT ( 'NONE',  ( 0.0000000000000000000, 0.0000000000000000000, 0.0000000000000000000 ) ) ;
#8248 = CARTESIAN_POINT ( 'NONE',  ( 0.0000000000000000000, 0.0000000000000000000, 4.000000000000000000 ) ) ;
#8249 = ORIENTED_EDGE ( 'NONE', *, *, #5594, .T. ) ;
#8250 = UNCERTAINTY_MEASURE_WITH_UNIT (LENGTH_MEASURE( 1.000000000000000082E-05 ), #7224, 'distance_accuracy_value', 'NONE');
#8251 = CARTESIAN_POINT ( 'NONE',  ( -1.974999999999996314, -7.159999999999999254, -0.005000000000000000104 ) ) ;
#8252 = DIRECTION ( 'NONE',  ( 1.000000000000000000, 0.0000000000000000000, -0.0000000000000000000 ) ) ;
#8253 = ADVANCED_FACE ( 'NONE', ( #6818 ), #1468, .T. ) ;
#8254 = ORIENTED_EDGE ( 'NONE', *, *, #3648, .T. ) ;
#8255 = AXIS2_PLACEMENT_3D ( 'NONE', #5132, #1849, #8365 ) ;
#8256 = CARTESIAN_POINT ( 'NONE',  ( 0.0000000000000000000, 0.0000000000000000000, 1.989999999999999991 ) ) ;
#8257 = VERTEX_POINT ( 'NONE', #4795 ) ;
#8258 = ORIENTED_EDGE ( 'NONE', *, *, #1456, .T. ) ;
#8259 = CARTESIAN_POINT ( 'NONE',  ( 5.149999999999999467, -7.250000000000000000, 0.1392243887514870160 ) ) ;
#8260 = VERTEX_POINT ( 'NONE', #2951 ) ;
#8261 = DIRECTION ( 'NONE',  ( 1.000000000000000000, 0.0000000000000000000, 0.0000000000000000000 ) ) ;
#8262 = VECTOR ( 'NONE', #321, 1000.000000000000000 ) ;
#8263 = CARTESIAN_POINT ( 'NONE',  ( -2.133096795500278642, 3.617996415286566680, 0.0000000000000000000 ) ) ;
#8264 = FILL_AREA_STYLE ('',( #2934 ) ) ;
#8265 = EDGE_LOOP ( 'NONE', ( #6486, #8452, #3404, #2545 ) ) ;
#8266 = CARTESIAN_POINT ( 'NONE',  ( 7.018097286613190988, -0.7335251302799331574, 2.054262250778867482 ) ) ;
#8267 = ORIENTED_EDGE ( 'NONE', *, *, #7261, .T. ) ;
#8268 = VERTEX_POINT ( 'NONE', #3455 ) ;
#8269 = VECTOR ( 'NONE', #309, 1000.000000000000000 ) ;
#8270 = DIRECTION ( 'NONE',  ( 1.000000000000000000, -0.0000000000000000000, -0.0000000000000000000 ) ) ;
#8271 = VECTOR ( 'NONE', #856, 1000.000000000000000 ) ;
#8272 = ORIENTED_EDGE ( 'NONE', *, *, #1031, .F. ) ;
#8273 = AXIS2_PLACEMENT_3D ( 'NONE', #3042, #7079, #7034 ) ;
#8274 = DIRECTION ( 'NONE',  ( -6.672013369141565463E-17, 3.491481338843134144E-15, 1.000000000000000000 ) ) ;
#8275 = B_SPLINE_CURVE_WITH_KNOTS ( 'NONE', 3,
 ( #5966, #5585, #8224, #345 ),
 .UNSPECIFIED., .F., .F.,
 ( 4, 4 ),
 ( 0.0000000000000000000, 0.0005511928767353800867 ),
 .UNSPECIFIED. ) ;
#8276 = DIRECTION ( 'NONE',  ( -0.0000000000000000000, -0.0000000000000000000, -1.000000000000000000 ) ) ;
#8277 = LINE ( 'NONE', #2381, #5641 ) ;
#8278 = VERTEX_POINT ( 'NONE', #6075 ) ;
#8279 =( NAMED_UNIT ( * ) PLANE_ANGLE_UNIT ( ) SI_UNIT ( $, .RADIAN. ) );
#8280 = EDGE_CURVE ( 'NONE', #6919, #6287, #940, .T. ) ;
#8281 = DIRECTION ( 'NONE',  ( 1.000000000000000000, -0.0000000000000000000, 6.672013369141564231E-17 ) ) ;
#8282 = CIRCLE ( 'NONE', #5662, 7.250000000000000000 ) ;
#8283 = CARTESIAN_POINT ( 'NONE',  ( 3.250000000000002220, -7.250000000000000000, 1.970000000000000417 ) ) ;
#8284 = FACE_OUTER_BOUND ( 'NONE', #6045, .T. ) ;
#8285 = ORIENTED_EDGE ( 'NONE', *, *, #4701, .T. ) ;
#8286 = CARTESIAN_POINT ( 'NONE',  ( 5.218707288899438801, -5.032652802726199859, 4.000000000000000000 ) ) ;
#8287 = DIRECTION ( 'NONE',  ( -0.7030231645967897069, -0.7111669494853617435, 0.0000000000000000000 ) ) ;
#8288 = DIRECTION ( 'NONE',  ( 1.000000000000000000, 0.0000000000000000000, -0.0000000000000000000 ) ) ;
#8289 = ORIENTED_EDGE ( 'NONE', *, *, #8343, .F. ) ;
#8290 = EDGE_CURVE ( 'NONE', #8268, #4984, #2820, .T. ) ;
#8291 = CARTESIAN_POINT ( 'NONE',  ( 0.0000000000000000000, 0.0000000000000000000, 4.000000000000000000 ) ) ;
#8292 = B_SPLINE_CURVE_WITH_KNOTS ( 'NONE', 3,
 ( #6524, #7133, #2587, #3269, #571, #5328 ),
 .UNSPECIFIED., .F., .F.,
 ( 4, 2, 4 ),
 ( 0.0000000000000000000, 0.0002759767003081214313, 0.0005519534006162422120 ),
 .UNSPECIFIED. ) ;
#8293 = VECTOR ( 'NONE', #4316, 1000.000000000000000 ) ;
#8294 = CARTESIAN_POINT ( 'NONE',  ( 5.894063302209290534, -3.776243873156198916, 4.000000000000000000 ) ) ;
#8295 = CARTESIAN_POINT ( 'NONE',  ( -5.150000000000000355, -0.8000000000000029310, 0.5000000000000000000 ) ) ;
#8296 = CARTESIAN_POINT ( 'NONE',  ( 8.075423574700385743, 1.423915056869163864, 2.000000000000000000 ) ) ;
#8297 = VECTOR ( 'NONE', #781, 1000.000000000000000 ) ;
#8298 = CARTESIAN_POINT ( 'NONE',  ( -3.254999999999999005, -7.224999999999999645, 2.000000000000000000 ) ) ;
#8299 = EDGE_LOOP ( 'NONE', ( #728, #6005, #7405, #651, #5000 ) ) ;
#8300 = ORIENTED_EDGE ( 'NONE', *, *, #7410, .F. ) ;
#8301 = DIRECTION ( 'NONE',  ( -0.0000000000000000000, -0.0000000000000000000, 1.000000000000000000 ) ) ;
#8302 = VERTEX_POINT ( 'NONE', #6157 ) ;
#8303 = EDGE_CURVE ( 'NONE', #1019, #609, #4880, .T. ) ;
#8304 = DIRECTION ( 'NONE',  ( 1.000000000000000000, 0.0000000000000000000, 0.0000000000000000000 ) ) ;
#8305 = DIRECTION ( 'NONE',  ( -1.000000000000000000, 0.0000000000000000000, 3.486881358747350930E-15 ) ) ;
#8306 = CARTESIAN_POINT ( 'NONE',  ( -5.160000000000005471, -5.898932796319721561, -0.01000000000000000021 ) ) ;
#8307 = B_SPLINE_CURVE_WITH_KNOTS ( 'NONE', 3,
 ( #1497, #3533, #2202, #884 ),
 .UNSPECIFIED., .F., .F.,
 ( 4, 4 ),
 ( 6.133173666733496745E-19, 0.0005511928767351873155 ),
 .UNSPECIFIED. ) ;
#8308 = CARTESIAN_POINT ( 'NONE',  ( -5.150000000000000355, -4.724710424241401974, 1.988239158481577507 ) ) ;
#8309 = CYLINDRICAL_SURFACE ( 'NONE', #4457, 7.249999999999999112 ) ;
#8310 = CIRCLE ( 'NONE', #5687, 1.249999999999993339 ) ;
#8311 = ORIENTED_EDGE ( 'NONE', *, *, #6745, .F. ) ;
#8312 = ORIENTED_EDGE ( 'NONE', *, *, #4701, .F. ) ;
#8313 = CIRCLE ( 'NONE', #7901, 6.999999999999997335 ) ;
#8314 = FILL_AREA_STYLE_COLOUR ( '', #8176 ) ;
#8315 = ORIENTED_EDGE ( 'NONE', *, *, #847, .T. ) ;
#8316 = EDGE_CURVE ( 'NONE', #7132, #395, #3505, .T. ) ;
#8317 = VECTOR ( 'NONE', #6724, 1000.000000000000000 ) ;
#8318 = VECTOR ( 'NONE', #5663, 1000.000000000000000 ) ;
#8319 = CARTESIAN_POINT ( 'NONE',  ( 0.0000000000000000000, 0.0000000000000000000, 2.249999999999998668 ) ) ;
#8320 = PLANE ( 'NONE',  #2252 ) ;
#8321 = CARTESIAN_POINT ( 'NONE',  ( 3.642323042638032859, 2.091287367405086250, 0.0000000000000000000 ) ) ;
#8322 = ORIENTED_EDGE ( 'NONE', *, *, #7715, .T. ) ;
#8323 = ORIENTED_EDGE ( 'NONE', *, *, #7992, .T. ) ;
#8324 = CARTESIAN_POINT ( 'NONE',  ( 6.980157201460346350, 0.8149287962838108745, 2.027052200441369134 ) ) ;
#8325 = LINE ( 'NONE', #5602, #4515 ) ;
#8326 = CARTESIAN_POINT ( 'NONE',  ( 2.610419606786133606, 3.007125779369130392, -0.01000000000000000021 ) ) ;
#8327 = VECTOR ( 'NONE', #1182, 1000.000000000000000 ) ;
#8328 = EDGE_CURVE ( 'NONE', #5122, #7417, #6767, .T. ) ;
#8329 = VECTOR ( 'NONE', #3051, 1000.000000000000000 ) ;
#8330 = CARTESIAN_POINT ( 'NONE',  ( 0.0000000000000000000, 0.0000000000000000000, 4.000000000000000000 ) ) ;
#8331 = DIRECTION ( 'NONE',  ( -1.000000000000000000, -0.0000000000000000000, 0.0000000000000000000 ) ) ;
#8332 = EDGE_LOOP ( 'NONE', ( #5077, #1198, #917, #5456 ) ) ;
#8333 = FACE_OUTER_BOUND ( 'NONE', #5421, .T. ) ;
#8334 = LINE ( 'NONE', #1643, #4868 ) ;
#8335 = PLANE ( 'NONE',  #3306 ) ;
#8336 = ADVANCED_FACE ( 'NONE', ( #4836 ), #7466, .T. ) ;
#8337 = ORIENTED_EDGE ( 'NONE', *, *, #4761, .T. ) ;
#8338 = FACE_OUTER_BOUND ( 'NONE', #7149, .T. ) ;
#8339 = CARTESIAN_POINT ( 'NONE',  ( 6.967758820037846412, -2.003206685737844328, 3.749999999999999112 ) ) ;
#8340 = LINE ( 'NONE', #3040, #4778 ) ;
#8341 = FACE_OUTER_BOUND ( 'NONE', #1126, .T. ) ;
#8342 = VERTEX_POINT ( 'NONE', #1599 ) ;
#8343 = EDGE_CURVE ( 'NONE', #3229, #7098, #3586, .T. ) ;
#8344 = DIRECTION ( 'NONE',  ( -0.0000000000000000000, -0.0000000000000000000, -1.000000000000000000 ) ) ;
#8345 = EDGE_CURVE ( 'NONE', #3599, #6048, #3954, .T. ) ;
#8346 = ADVANCED_FACE ( 'NONE', ( #1161 ), #4787, .T. ) ;
#8347 = ORIENTED_EDGE ( 'NONE', *, *, #4997, .F. ) ;
#8348 = ORIENTED_EDGE ( 'NONE', *, *, #1634, .T. ) ;
#8349 = CARTESIAN_POINT ( 'NONE',  ( -5.159999999999998366, -1.800000000000002931, -0.005000000000000000104 ) ) ;
#8350 = PLANE ( 'NONE',  #5704 ) ;
#8351 = SURFACE_SIDE_STYLE ('',( #5715 ) ) ;
#8352 = DIRECTION ( 'NONE',  ( -1.000000000000000000, 0.0000000000000000000, 0.0000000000000000000 ) ) ;
#8353 = EDGE_CURVE ( 'NONE', #300, #4948, #505, .T. ) ;
#8354 = DIRECTION ( 'NONE',  ( 1.000000000000000000, -0.0000000000000000000, -0.0000000000000000000 ) ) ;
#8355 = CIRCLE ( 'NONE', #4640, 4.200000000000000178 ) ;
#8356 = ORIENTED_EDGE ( 'NONE', *, *, #5385, .F. ) ;
#8357 = DIRECTION ( 'NONE',  ( -0.0000000000000000000, -0.0000000000000000000, -1.000000000000000000 ) ) ;
#8358 = ORIENTED_EDGE ( 'NONE', *, *, #5070, .F. ) ;
#8359 = ORIENTED_EDGE ( 'NONE', *, *, #921, .T. ) ;
#8360 = CARTESIAN_POINT ( 'NONE',  ( 2.324999999999999289, -4.500000000000000000, -0.4000000000000000222 ) ) ;
#8361 = EDGE_LOOP ( 'NONE', ( #2053, #4526, #3821, #2639, #4276, #292, #7656, #3102, #1060, #8484 ) ) ;
#8362 = VECTOR ( 'NONE', #6201, 1000.000000000000000 ) ;
#8363 = VECTOR ( 'NONE', #7228, 1000.000000000000000 ) ;
#8364 = PLANE ( 'NONE',  #4956 ) ;
#8365 = DIRECTION ( 'NONE',  ( 1.000000000000000000, 0.0000000000000000000, 0.0000000000000000000 ) ) ;
#8366 = VERTEX_POINT ( 'NONE', #8414 ) ;
#8367 = ORIENTED_EDGE ( 'NONE', *, *, #2303, .T. ) ;
#8368 = CARTESIAN_POINT ( 'NONE',  ( 3.108106875393359836, 2.645916150154785207, 1.435066424030621726E-14 ) ) ;
#8369 = B_SPLINE_CURVE_WITH_KNOTS ( 'NONE', 3,
 ( #3595, #6731, #3465, #6085 ),
 .UNSPECIFIED., .F., .F.,
 ( 4, 4 ),
 ( 0.0000000000000000000, 0.0005511928767348266015 ),
 .UNSPECIFIED. ) ;
#8370 = DIRECTION ( 'NONE',  ( -0.0000000000000000000, -0.0000000000000000000, -1.000000000000000000 ) ) ;
#8371 = DIRECTION ( 'NONE',  ( -1.000000000000000000, 0.0000000000000000000, 0.0000000000000000000 ) ) ;
#8372 = DIRECTION ( 'NONE',  ( 1.000000000000000000, 0.0000000000000000000, -3.486881358747350930E-15 ) ) ;
#8373 = PLANE ( 'NONE',  #7032 ) ;
#8374 = VERTEX_POINT ( 'NONE', #7594 ) ;
#8375 = CARTESIAN_POINT ( 'NONE',  ( 0.0000000000000000000, 0.0000000000000000000, 2.000000000000000000 ) ) ;
#8376 = DIRECTION ( 'NONE',  ( 0.7030231645967893739, -0.7111669494853621876, 0.0000000000000000000 ) ) ;
#8377 = ORIENTED_EDGE ( 'NONE', *, *, #6754, .T. ) ;
#8378 = DIRECTION ( 'NONE',  ( 0.0000000000000000000, 1.000000000000000000, 0.0000000000000000000 ) ) ;
#8379 = CARTESIAN_POINT ( 'NONE',  ( -3.499999999999999556, -7.259999999999998899, -0.005000000000000000104 ) ) ;
#8380 = CARTESIAN_POINT ( 'NONE',  ( 4.742367595031693028, 5.148781369760550675, 2.000000000000000000 ) ) ;
#8381 = B_SPLINE_CURVE_WITH_KNOTS ( 'NONE', 3,
 ( #8053, #2157, #5757, #1661 ),
 .UNSPECIFIED., .F., .F.,
 ( 4, 4 ),
 ( 0.0000000000000000000, 0.0005511928767344459381 ),
 .UNSPECIFIED. ) ;
#8382 = LINE ( 'NONE', #3807, #3693 ) ;
#8383 = CARTESIAN_POINT ( 'NONE',  ( 5.150000000000006573, -5.900000000000001243, 0.1392243887514869605 ) ) ;
#8384 = ORIENTED_EDGE ( 'NONE', *, *, #4762, .T. ) ;
#8385 = LINE ( 'NONE', #3049, #8318 ) ;
#8386 = VECTOR ( 'NONE', #4635, 1000.000000000000000 ) ;
#8387 = EDGE_CURVE ( 'NONE', #1305, #4516, #7022, .T. ) ;
#8388 = FACE_OUTER_BOUND ( 'NONE', #580, .T. ) ;
#8389 = EDGE_CURVE ( 'NONE', #3409, #1926, #2382, .T. ) ;
#8390 = PLANE ( 'NONE',  #1874 ) ;
#8391 = ADVANCED_FACE ( 'NONE', ( #416 ), #5051, .T. ) ;
#8392 = EDGE_CURVE ( 'NONE', #227, #4023, #1724, .T. ) ;
#8393 = AXIS2_PLACEMENT_3D ( 'NONE', #4958, #977, #7588 ) ;
#8394 = DIRECTION ( 'NONE',  ( 1.000000000000000000, -8.673617379884036458E-16, 0.0000000000000000000 ) ) ;
#8395 = VECTOR ( 'NONE', #8035, 1000.000000000000000 ) ;
#8396 = DIRECTION ( 'NONE',  ( 1.000000000000000000, 1.196361017915039486E-16, -0.0000000000000000000 ) ) ;
#8397 = ORIENTED_EDGE ( 'NONE', *, *, #1604, .F. ) ;
#8398 = CARTESIAN_POINT ( 'NONE',  ( -5.150000000000000355, -1.163414459190184377E-16, 0.0000000000000000000 ) ) ;
#8399 = ORIENTED_EDGE ( 'NONE', *, *, #4013, .T. ) ;
#8400 = ORIENTED_EDGE ( 'NONE', *, *, #5923, .T. ) ;
#8401 = DIRECTION ( 'NONE',  ( -0.0000000000000000000, -0.0000000000000000000, -1.000000000000000000 ) ) ;
#8402 = ORIENTED_EDGE ( 'NONE', *, *, #7576, .T. ) ;
#8403 = CIRCLE ( 'NONE', #1094, 6.999999999999997335 ) ;
#8404 = DIRECTION ( 'NONE',  ( -0.7111669494853621876, -0.7030231645967892629, 0.0000000000000000000 ) ) ;
#8405 = AXIS2_PLACEMENT_3D ( 'NONE', #1835, #8433, #1219 ) ;
#8406 = AXIS2_PLACEMENT_3D ( 'NONE', #4009, #7320, #7232 ) ;
#8407 = CARTESIAN_POINT ( 'NONE',  ( -3.628058984723878666, 2.070155953542735183, 2.000000000000000000 ) ) ;
#8408 = DIRECTION ( 'NONE',  ( 2.397230934138803641E-15, 2.397230934138803641E-15, -1.000000000000000000 ) ) ;
#8409 = ORIENTED_EDGE ( 'NONE', *, *, #2707, .F. ) ;
#8410 = ORIENTED_EDGE ( 'NONE', *, *, #4519, .T. ) ;
#8411 = VECTOR ( 'NONE', #7604, 1000.000000000000000 ) ;
#8412 = ADVANCED_FACE ( 'NONE', ( #2477 ), #1467, .T. ) ;
#8413 = CARTESIAN_POINT ( 'NONE',  ( -3.642323042638027086, 2.091287367405080477, 0.4299591213836871373 ) ) ;
#8414 = CARTESIAN_POINT ( 'NONE',  ( 5.894063302209293198, -3.776243873156188702, 2.000000000000000000 ) ) ;
#8415 = DIRECTION ( 'NONE',  ( 1.000000000000000000, 0.0000000000000000000, 0.0000000000000000000 ) ) ;
#8416 = DIRECTION ( 'NONE',  ( -2.167042437315118852E-14, -2.194900715486414256E-14, 1.000000000000000000 ) ) ;
#8417 = ORIENTED_EDGE ( 'NONE', *, *, #3717, .F. ) ;
#8418 = CIRCLE ( 'NONE', #2511, 0.6750000000000002665 ) ;
#8419 = LINE ( 'NONE', #1864, #1569 ) ;
#8420 = UNCERTAINTY_MEASURE_WITH_UNIT (LENGTH_MEASURE( 1.000000000000000082E-05 ), #735, 'distance_accuracy_value', 'NONE');
#8421 = SURFACE_STYLE_FILL_AREA ( #7116 ) ;
#8422 = CIRCLE ( 'NONE', #4983, 4.200000000000000178 ) ;
#8423 = DIRECTION ( 'NONE',  ( 1.196361017915039486E-16, 1.000000000000000000, -0.0000000000000000000 ) ) ;
#8424 = PLANE ( 'NONE',  #6194 ) ;
#8425 = CYLINDRICAL_SURFACE ( 'NONE', #7705, 7.250000000000000888 ) ;
#8426 = DIRECTION ( 'NONE',  ( 0.0000000000000000000, 0.0000000000000000000, -1.000000000000000000 ) ) ;
#8427 = ORIENTED_EDGE ( 'NONE', *, *, #2530, .F. ) ;
#8428 = AXIS2_PLACEMENT_3D ( 'NONE', #91, #4865, #4089 ) ;
#8429 = CARTESIAN_POINT ( 'NONE',  ( 6.967758820037681211, 2.003206685738419424, 4.000000000000000000 ) ) ;
#8430 = CARTESIAN_POINT ( 'NONE',  ( -2.894821588564013393, 2.861672122991798961, 1.506650246189715775E-14 ) ) ;
#8431 = DIRECTION ( 'NONE',  ( -0.0000000000000000000, -0.0000000000000000000, -1.000000000000000000 ) ) ;
#8432 = VECTOR ( 'NONE', #7212, 1000.000000000000000 ) ;
#8433 = DIRECTION ( 'NONE',  ( -0.0000000000000000000, 0.0000000000000000000, -1.000000000000000000 ) ) ;
#8434 = DIRECTION ( 'NONE',  ( -0.0000000000000000000, -0.0000000000000000000, 1.000000000000000000 ) ) ;
#8435 = FACE_OUTER_BOUND ( 'NONE', #402, .T. ) ;
#8436 = EDGE_CURVE ( 'NONE', #3143, #8220, #6940, .T. ) ;
#8437 = ORIENTED_EDGE ( 'NONE', *, *, #3436, .T. ) ;
#8438 = CARTESIAN_POINT ( 'NONE',  ( 0.0000000000000000000, 0.0000000000000000000, 2.000000000000000000 ) ) ;
#8439 = ORIENTED_EDGE ( 'NONE', *, *, #1386, .F. ) ;
#8440 = EDGE_LOOP ( 'NONE', ( #581, #3567, #2881, #1796, #8130, #1382 ) ) ;
#8441 = CARTESIAN_POINT ( 'NONE',  ( 0.0000000000000000000, 0.0000000000000000000, 4.000000000000000000 ) ) ;
#8442 = ORIENTED_EDGE ( 'NONE', *, *, #7880, .F. ) ;
#8443 = EDGE_CURVE ( 'NONE', #3145, #4606, #70, .T. ) ;
#8444 = VECTOR ( 'NONE', #1819, 1000.000000000000000 ) ;
#8445 = CARTESIAN_POINT ( 'NONE',  ( -5.149999999999999467, -7.250000000000000000, 0.5000000000000000000 ) ) ;
#8446 = CARTESIAN_POINT ( 'NONE',  ( 4.499999999999998224, -7.259999999999998899, -0.005000000000000000104 ) ) ;
#8447 = EDGE_CURVE ( 'NONE', #4937, #47, #3831, .T. ) ;
#8448 = CIRCLE ( 'NONE', #7767, 1.250000000000001998 ) ;
#8449 = DIRECTION ( 'NONE',  ( -0.0000000000000000000, 1.000000000000000000, -0.0000000000000000000 ) ) ;
#8450 = ORIENTED_EDGE ( 'NONE', *, *, #1977, .F. ) ;
#8451 = ORIENTED_EDGE ( 'NONE', *, *, #5275, .T. ) ;
#8452 = ORIENTED_EDGE ( 'NONE', *, *, #6608, .T. ) ;
#8453 = ADVANCED_FACE ( 'NONE', ( #6454 ), #546, .F. ) ;
#8454 = EDGE_CURVE ( 'NONE', #1785, #4690, #2387, .T. ) ;
#8455 =( GEOMETRIC_REPRESENTATION_CONTEXT ( 3 ) GLOBAL_UNCERTAINTY_ASSIGNED_CONTEXT ( ( #1246 ) ) GLOBAL_UNIT_ASSIGNED_CONTEXT ( ( #3626, #1681, #205 ) ) REPRESENTATION_CONTEXT ( 'NONE', 'WORKASPACE' ) );
#8456 = AXIS2_PLACEMENT_3D ( 'NONE', #3765, #3125, #4420 ) ;
#8457 = DIRECTION ( 'NONE',  ( 1.000000000000000000, 0.0000000000000000000, 0.0000000000000000000 ) ) ;
#8458 = DIRECTION ( 'NONE',  ( 1.000000000000000000, 0.0000000000000000000, 0.0000000000000000000 ) ) ;
#8459 = ADVANCED_FACE ( 'NONE', ( #5736 ), #1030, .T. ) ;
#8460 = VERTEX_POINT ( 'NONE', #6294 ) ;
#8461 = VECTOR ( 'NONE', #5938, 1000.000000000000000 ) ;
#8462 = DIRECTION ( 'NONE',  ( 1.000000000000000000, 0.0000000000000000000, 0.0000000000000000000 ) ) ;
#8463 = AXIS2_PLACEMENT_3D ( 'NONE', #6826, #1518, #4155 ) ;
#8464 = ADVANCED_FACE ( 'NONE', ( #5004 ), #6984, .T. ) ;
#8465 = ORIENTED_EDGE ( 'NONE', *, *, #2145, .T. ) ;
#8466 = DIRECTION ( 'NONE',  ( -2.197613586736894316E-31, -1.000000000000000000, 3.391901413832837590E-15 ) ) ;
#8467 =( GEOMETRIC_REPRESENTATION_CONTEXT ( 3 ) GLOBAL_UNCERTAINTY_ASSIGNED_CONTEXT ( ( #1022 ) ) GLOBAL_UNIT_ASSIGNED_CONTEXT ( ( #4986, #827, #224 ) ) REPRESENTATION_CONTEXT ( 'NONE', 'WORKASPACE' ) );
#8468 = CARTESIAN_POINT ( 'NONE',  ( 5.159999999999998366, -0.8000000000000042633, -0.005000000000000000104 ) ) ;
#8469 = AXIS2_PLACEMENT_3D ( 'NONE', #8153, #6895, #8203 ) ;
#8470 = FACE_OUTER_BOUND ( 'NONE', #7016, .T. ) ;
#8471 = CARTESIAN_POINT ( 'NONE',  ( -5.159999999999998366, -0.8000000000000029310, -0.005000000000000000104 ) ) ;
#8472 = CARTESIAN_POINT ( 'NONE',  ( -2.140208464995139170, 3.625026646932540064, 0.4299591213836871373 ) ) ;
#8473 = PLANE ( 'NONE',  #1398 ) ;
#8474 = EDGE_CURVE ( 'NONE', #7393, #1487, #7728, .T. ) ;
#8475 = AXIS2_PLACEMENT_3D ( 'NONE', #1247, #3377, #7985 ) ;
#8476 = VERTEX_POINT ( 'NONE', #709 ) ;
#8477 = CARTESIAN_POINT ( 'NONE',  ( 3.250000000000002220, -7.259999999999998899, 1.970000000000000417 ) ) ;
#8478 = DIRECTION ( 'NONE',  ( -0.0000000000000000000, -0.0000000000000000000, 1.000000000000000000 ) ) ;
#8479 = CARTESIAN_POINT ( 'NONE',  ( -0.7628348534784011870, -7.209756097561038857, 3.749999999999996447 ) ) ;
#8480 = VERTEX_POINT ( 'NONE', #5214 ) ;
#8481 = ORIENTED_EDGE ( 'NONE', *, *, #8280, .T. ) ;
#8482 = VERTEX_POINT ( 'NONE', #5303 ) ;
#8483 = CARTESIAN_POINT ( 'NONE',  ( -3.500000000000000000, 4.286263797015736595E-16, 3.449999999999999734 ) ) ;
#8484 = ORIENTED_EDGE ( 'NONE', *, *, #6583, .T. ) ;
#8485 = EDGE_CURVE ( 'NONE', #3112, #6764, #7389, .T. ) ;
#8486 = VECTOR ( 'NONE', #7385, 1000.000000000000000 ) ;
#8487 = DIRECTION ( 'NONE',  ( -0.7030231645967897069, -0.7111669494853619655, 2.872286784085004639E-16 ) ) ;
#8488 = FACE_OUTER_BOUND ( 'NONE', #7582, .T. ) ;
#8489 = ORIENTED_EDGE ( 'NONE', *, *, #2493, .T. ) ;
#8490 = CARTESIAN_POINT ( 'NONE',  ( -5.894063302208129684, 3.776243873158005471, 2.000000000000000000 ) ) ;
#8491 = VERTEX_POINT ( 'NONE', #5342 ) ;
#8492 = ORIENTED_EDGE ( 'NONE', *, *, #7236, .F. ) ;
#8493 = ORIENTED_EDGE ( 'NONE', *, *, #2130, .T. ) ;
#8494 = VECTOR ( 'NONE', #7780, 1000.000000000000000 ) ;
#8495 = EDGE_CURVE ( 'NONE', #3673, #3615, #4623, .T. ) ;
#8496 = SURFACE_SIDE_STYLE ('',( #3830 ) ) ;
#8497 = EDGE_CURVE ( 'NONE', #237, #4335, #7270, .T. ) ;
#8498 = AXIS2_PLACEMENT_3D ( 'NONE', #5519, #7512, #7412 ) ;
#8499 = DIRECTION ( 'NONE',  ( -0.0000000000000000000, -0.0000000000000000000, 1.000000000000000000 ) ) ;
#8500 = ADVANCED_FACE ( 'NONE', ( #7851 ), #14, .T. ) ;
#8501 = VECTOR ( 'NONE', #8067, 1000.000000000000000 ) ;
#8502 = CARTESIAN_POINT ( 'NONE',  ( 5.142241978092561006, -5.035845783540181309, 3.802824953243213013 ) ) ;
#8503 = CARTESIAN_POINT ( 'NONE',  ( -0.7628348534784011870, -7.209756097561038857, 4.000000000000000000 ) ) ;
#8504 = CARTESIAN_POINT ( 'NONE',  ( -4.500000000000000000, -7.250000000000000000, 0.5000000000000000000 ) ) ;
#8505 = FACE_OUTER_BOUND ( 'NONE', #7833, .T. ) ;
#8506 = ORIENTED_EDGE ( 'NONE', *, *, #1877, .F. ) ;
#8507 = VERTEX_POINT ( 'NONE', #627 ) ;
#8508 = PRODUCT_DEFINITION_FORMATION_WITH_SPECIFIED_SOURCE ( 'ANY', '', #232, .NOT_KNOWN. ) ;
#8509 = VECTOR ( 'NONE', #1876, 1000.000000000000114 ) ;
#8510 = CYLINDRICAL_SURFACE ( 'NONE', #8475, 1.250000000000001998 ) ;
#8511 = DIRECTION ( 'NONE',  ( 0.0000000000000000000, 1.000000000000000000, 0.0000000000000000000 ) ) ;
#8512 = EDGE_CURVE ( 'NONE', #5740, #1541, #4053, .T. ) ;
#8513 = CARTESIAN_POINT ( 'NONE',  ( 5.862414508838168281, 4.265512410785337494, 3.749999999999998224 ) ) ;
#8514 = FACE_OUTER_BOUND ( 'NONE', #1372, .T. ) ;
#8515 = ORIENTED_EDGE ( 'NONE', *, *, #2615, .F. ) ;
#8516 = CARTESIAN_POINT ( 'NONE',  ( 5.862414508838168281, 4.265512410785337494, 2.249999999999998668 ) ) ;
#8517 = DIRECTION ( 'NONE',  ( -1.224646799147353207E-16, 1.000000000000000000, 0.0000000000000000000 ) ) ;
#8518 = FACE_OUTER_BOUND ( 'NONE', #6782, .T. ) ;
#8519 = FACE_OUTER_BOUND ( 'NONE', #7359, .T. ) ;
#8520 = EDGE_CURVE ( 'NONE', #5836, #4284, #7948, .T. ) ;
#8521 = CARTESIAN_POINT ( 'NONE',  ( -2.133096795500278642, 3.617996415286567125, 1.989999999999999991 ) ) ;
#8522 = LINE ( 'NONE', #7294, #7170 ) ;
#8523 = ORIENTED_EDGE ( 'NONE', *, *, #7700, .F. ) ;
#8524 = LINE ( 'NONE', #7879, #8432 ) ;
#8525 = ORIENTED_EDGE ( 'NONE', *, *, #4333, .F. ) ;
#8526 = ORIENTED_EDGE ( 'NONE', *, *, #860, .F. ) ;
#8527 = DIRECTION ( 'NONE',  ( -1.000000000000000000, 0.0000000000000000000, 0.0000000000000000000 ) ) ;
#8528 = ORIENTED_EDGE ( 'NONE', *, *, #1553, .F. ) ;
#8529 = FILL_AREA_STYLE_COLOUR ( '', #8182 ) ;
#8530 = VECTOR ( 'NONE', #6197, 1000.000000000000000 ) ;
#8531 = VECTOR ( 'NONE', #7742, 1000.000000000000000 ) ;
#8532 =( LENGTH_UNIT ( ) NAMED_UNIT ( * ) SI_UNIT ( .MILLI., .METRE. ) );
#8533 = DIRECTION ( 'NONE',  ( -0.0000000000000000000, -0.0000000000000000000, 1.000000000000000000 ) ) ;
#8534 = VERTEX_POINT ( 'NONE', #1367 ) ;
#8535 = ORIENTED_EDGE ( 'NONE', *, *, #5702, .F. ) ;
#8536 = ORIENTED_EDGE ( 'NONE', *, *, #4333, .T. ) ;
#8537 = LINE ( 'NONE', #3964, #1405 ) ;
#8538 = ORIENTED_EDGE ( 'NONE', *, *, #8316, .T. ) ;
#8539 = CARTESIAN_POINT ( 'NONE',  ( 5.160000000000005471, -4.900000000000001243, -0.01000000000000000021 ) ) ;
#8540 = DIRECTION ( 'NONE',  ( -0.0000000000000000000, -0.0000000000000000000, 1.000000000000000000 ) ) ;
#8541 = AXIS2_PLACEMENT_3D ( 'NONE', #5681, #5081, #576 ) ;
#8542 = CARTESIAN_POINT ( 'NONE',  ( -3.642323042638027086, 2.091287367405080477, 1.989999999999999991 ) ) ;
#8543 = LINE ( 'NONE', #7366, #1157 ) ;
#8544 = CARTESIAN_POINT ( 'NONE',  ( -2.543310006265616874, 3.217255597734476780, 0.9700000000000000844 ) ) ;
#8545 = DIRECTION ( 'NONE',  ( -0.7030231645968014753, 0.7111669494853501972, 0.0000000000000000000 ) ) ;
#8546 = CARTESIAN_POINT ( 'NONE',  ( 2.695380892067786860, 6.460257103759558639, 4.000000000000000000 ) ) ;
#8547 = EDGE_CURVE ( 'NONE', #2333, #299, #3369, .T. ) ;
#8548 = ORIENTED_EDGE ( 'NONE', *, *, #6376, .F. ) ;
#8549 = VERTEX_POINT ( 'NONE', #6542 ) ;
#8550 = VECTOR ( 'NONE', #8246, 1000.000000000000000 ) ;
#8551 = ADVANCED_FACE ( 'NONE', ( #7144 ), #5175, .T. ) ;
#8552 = ADVANCED_FACE ( 'NONE', ( #5851 ), #8094, .T. ) ;
#8553 = LINE ( 'NONE', #7238, #1738 ) ;
#8554 = FACE_OUTER_BOUND ( 'NONE', #8265, .T. ) ;
#8555 = CIRCLE ( 'NONE', #5104, 7.249999999999999112 ) ;
#8556 = CARTESIAN_POINT ( 'NONE',  ( -7.000000000000000888, 0.0000000000000000000, 4.000000000000000000 ) ) ;
#8557 = DIRECTION ( 'NONE',  ( 1.000000000000000000, 1.776356839400250465E-15, 0.0000000000000000000 ) ) ;
#8558 = EDGE_CURVE ( 'NONE', #7179, #2671, #5894, .T. ) ;
#8559 = DIRECTION ( 'NONE',  ( 1.196361017915039486E-16, -1.000000000000000000, 0.0000000000000000000 ) ) ;
#8560 = ORIENTED_EDGE ( 'NONE', *, *, #887, .T. ) ;
#8561 = EDGE_CURVE ( 'NONE', #4235, #1932, #5253, .T. ) ;
#8562 =( LENGTH_UNIT ( ) NAMED_UNIT ( * ) SI_UNIT ( .MILLI., .METRE. ) );
#8563 = VECTOR ( 'NONE', #1203, 1000.000000000000114 ) ;
#8564 = LINE ( 'NONE', #4073, #7089 ) ;
#8565 = DIRECTION ( 'NONE',  ( 1.000000000000000000, 0.0000000000000000000, 0.0000000000000000000 ) ) ;
#8566 = DIRECTION ( 'NONE',  ( 0.7030231645967897069, 0.7111669494853619655, 2.119082224426682092E-17 ) ) ;
#8567 = VECTOR ( 'NONE', #3350, 1000.000000000000000 ) ;
#8568 = ORIENTED_EDGE ( 'NONE', *, *, #1761, .T. ) ;
#8569 = VERTEX_POINT ( 'NONE', #4139 ) ;
#8570 = VERTEX_POINT ( 'NONE', #8196 ) ;
#8571 = FACE_OUTER_BOUND ( 'NONE', #6396, .T. ) ;
ENDSEC;
END-ISO-10303-21;
