ISO-10303-21;
HEADER;
FILE_DESCRIPTION(('FreeCAD Model'),'2;1');
FILE_NAME('Open CASCADE Shape Model','2026-06-09T22:42:14',(''),(''),
  'Open CASCADE STEP processor 7.9','FreeCAD','Unknown');
FILE_SCHEMA(('AUTOMOTIVE_DESIGN { 1 0 10303 214 1 1 1 1 }'));
ENDSEC;
DATA;
#1 = APPLICATION_PROTOCOL_DEFINITION('international standard',
  'automotive_design',2000,#2);
#2 = APPLICATION_CONTEXT(
  'core data for automotive mechanical design processes');
#3 = SHAPE_DEFINITION_REPRESENTATION(#4,#10);
#4 = PRODUCT_DEFINITION_SHAPE('','',#5);
#5 = PRODUCT_DEFINITION('design','',#6,#9);
#6 = PRODUCT_DEFINITION_FORMATION('','',#7);
#7 = PRODUCT('SW_SMD_2.8x1.9mm','SW_SMD_2.8x1.9mm','',(#8));
#8 = PRODUCT_CONTEXT('',#2,'mechanical');
#9 = PRODUCT_DEFINITION_CONTEXT('part definition',#2,'design');
#10 = ADVANCED_BREP_SHAPE_REPRESENTATION('',(#11,#15),#9337);
#11 = AXIS2_PLACEMENT_3D('',#12,#13,#14);
#12 = CARTESIAN_POINT('',(0.,0.,0.));
#13 = DIRECTION('',(0.,0.,1.));
#14 = DIRECTION('',(1.,0.,-0.));
#15 = MANIFOLD_SOLID_BREP('',#16);
#16 = CLOSED_SHELL('',(#17,#59,#101,#143,#203,#1717,#1828,#1962,#1986,
    #2009,#2033,#2057,#2122,#2139,#2155,#2188,#2205,#2230,#2257,#2281,
    #2310,#2327,#2375,#2406,#2446,#2470,#2494,#2506,#2518,#2549,#2589,
    #2613,#2637,#2649,#2661,#2692,#2725,#2758,#2775,#2792,#2804,#2835,
    #2868,#2901,#2918,#2935,#2947,#2979,#2996,#3021,#3038,#3086,#3118,
    #3142,#3160,#3177,#3193,#3211,#3228,#3259,#3283,#3307,#3331,#3355,
    #3372,#3386,#3422,#3446,#3475,#3504,#3533,#3562,#3591,#3620,#3644,
    #3673,#3702,#3731,#3760,#3782,#3804,#3835,#3859,#3883,#3907,#3931,
    #3955,#3979,#4003,#4027,#4051,#4075,#4092,#4112,#4242,#4264,#4285,
    #4306,#4327,#4348,#4365,#4377,#4408,#4432,#4456,#4485,#4514,#4543,
    #4565,#4580,#4704,#4726,#4743,#4760,#4777,#4794,#4811,#4828,#4840,
    #4871,#4895,#4924,#4948,#4977,#4994,#5008,#5039,#5063,#5087,#5111,
    #5135,#5159,#5183,#5207,#5231,#5255,#5279,#5296,#5316,#5516,#5542,
    #5559,#5580,#5601,#5618,#5639,#5660,#5681,#5702,#5719,#5736,#5753,
    #5770,#5786,#5822,#5851,#5880,#5909,#5938,#5967,#5991,#6008,#6024,
    #6060,#6084,#6113,#6142,#6171,#6200,#6229,#6258,#6287,#6316,#6345,
    #6374,#6398,#6427,#6456,#6485,#6514,#6543,#6572,#6601,#6623,#6652,
    #6683,#6707,#6736,#6760,#6784,#6808,#6832,#6856,#6880,#6909,#6938,
    #6962,#6991,#7020,#7037,#7060,#7091,#7115,#7139,#7163,#7187,#7211,
    #7235,#7259,#7283,#7307,#7331,#7348,#7368,#7498,#7520,#7541,#7562,
    #7583,#7604,#7621,#7633,#7664,#7688,#7712,#7741,#7770,#7799,#7821,
    #7836,#7960,#7982,#7999,#8016,#8033,#8050,#8067,#8084,#8096,#8127,
    #8151,#8180,#8204,#8233,#8250,#8264,#8589,#8615,#8636,#8657,#8678,
    #8699,#8720,#8741,#8762,#8783,#8804,#8825,#8846,#8863,#8880,#8897,
    #8914,#8935,#8956,#8977,#8998,#9019,#9040,#9061,#9078,#9099,#9120,
    #9137,#9158,#9179,#9200,#9217,#9238,#9254,#9299,#9327));
#17 = ADVANCED_FACE('',(#18),#54,.T.);
#18 = FACE_BOUND('',#19,.T.);
#19 = EDGE_LOOP('',(#20,#31,#39,#48));
#20 = ORIENTED_EDGE('',*,*,#21,.F.);
#21 = EDGE_CURVE('',#22,#24,#26,.T.);
#22 = VERTEX_POINT('',#23);
#23 = CARTESIAN_POINT('',(-0.393261143472,-5.010404451101E-17,
    0.189999999999));
#24 = VERTEX_POINT('',#25);
#25 = CARTESIAN_POINT('',(0.393261143472,0.,0.189999999999));
#26 = CIRCLE('',#27,0.393261143472);
#27 = AXIS2_PLACEMENT_3D('',#28,#29,#30);
#28 = CARTESIAN_POINT('',(0.,0.,0.189999999999));
#29 = DIRECTION('',(0.,0.,1.));
#30 = DIRECTION('',(1.,0.,-0.));
#31 = ORIENTED_EDGE('',*,*,#32,.T.);
#32 = EDGE_CURVE('',#22,#33,#35,.T.);
#33 = VERTEX_POINT('',#34);
#34 = CARTESIAN_POINT('',(-0.424999999999,-5.204748896376E-17,1.E-02));
#35 = LINE('',#36,#37);
#36 = CARTESIAN_POINT('',(-0.424999999999,-5.204748896376E-17,1.E-02));
#37 = VECTOR('',#38,1.);
#38 = DIRECTION('',(-0.173648177666,-2.126576849576E-17,-0.984807753012)
  );
#39 = ORIENTED_EDGE('',*,*,#40,.T.);
#40 = EDGE_CURVE('',#33,#41,#43,.T.);
#41 = VERTEX_POINT('',#42);
#42 = CARTESIAN_POINT('',(0.424999999999,0.,1.E-02));
#43 = CIRCLE('',#44,0.424999999999);
#44 = AXIS2_PLACEMENT_3D('',#45,#46,#47);
#45 = CARTESIAN_POINT('',(0.,0.,1.E-02));
#46 = DIRECTION('',(0.,0.,1.));
#47 = DIRECTION('',(1.,0.,-0.));
#48 = ORIENTED_EDGE('',*,*,#49,.F.);
#49 = EDGE_CURVE('',#24,#41,#50,.T.);
#50 = LINE('',#51,#52);
#51 = CARTESIAN_POINT('',(0.424999999999,0.,1.E-02));
#52 = VECTOR('',#53,1.);
#53 = DIRECTION('',(0.173648177666,0.,-0.984807753012));
#54 = CONICAL_SURFACE('',#55,0.424999999999,0.174532925199);
#55 = AXIS2_PLACEMENT_3D('',#56,#57,#58);
#56 = CARTESIAN_POINT('',(0.,0.,1.E-02));
#57 = DIRECTION('',(0.,0.,-1.));
#58 = DIRECTION('',(1.,0.,0.));
#59 = ADVANCED_FACE('',(#60),#96,.T.);
#60 = FACE_BOUND('',#61,.T.);
#61 = EDGE_LOOP('',(#62,#73,#81,#90));
#62 = ORIENTED_EDGE('',*,*,#63,.T.);
#63 = EDGE_CURVE('',#64,#66,#68,.T.);
#64 = VERTEX_POINT('',#65);
#65 = CARTESIAN_POINT('',(0.936749699759,-0.749999999999,0.));
#66 = VERTEX_POINT('',#67);
#67 = CARTESIAN_POINT('',(1.2,0.,0.));
#68 = CIRCLE('',#69,1.2);
#69 = AXIS2_PLACEMENT_3D('',#70,#71,#72);
#70 = CARTESIAN_POINT('',(0.,0.,0.));
#71 = DIRECTION('',(0.,0.,1.));
#72 = DIRECTION('',(1.,0.,-0.));
#73 = ORIENTED_EDGE('',*,*,#74,.T.);
#74 = EDGE_CURVE('',#66,#75,#77,.T.);
#75 = VERTEX_POINT('',#76);
#76 = CARTESIAN_POINT('',(1.2,0.,1.E-02));
#77 = LINE('',#78,#79);
#78 = CARTESIAN_POINT('',(1.2,0.,0.));
#79 = VECTOR('',#80,1.);
#80 = DIRECTION('',(0.,0.,1.));
#81 = ORIENTED_EDGE('',*,*,#82,.F.);
#82 = EDGE_CURVE('',#83,#75,#85,.T.);
#83 = VERTEX_POINT('',#84);
#84 = CARTESIAN_POINT('',(0.936749699759,-0.749999999999,1.E-02));
#85 = CIRCLE('',#86,1.2);
#86 = AXIS2_PLACEMENT_3D('',#87,#88,#89);
#87 = CARTESIAN_POINT('',(0.,0.,1.E-02));
#88 = DIRECTION('',(0.,0.,1.));
#89 = DIRECTION('',(1.,0.,-0.));
#90 = ORIENTED_EDGE('',*,*,#91,.F.);
#91 = EDGE_CURVE('',#64,#83,#92,.T.);
#92 = LINE('',#93,#94);
#93 = CARTESIAN_POINT('',(0.936749699759,-0.749999999999,0.));
#94 = VECTOR('',#95,1.);
#95 = DIRECTION('',(0.,0.,1.));
#96 = CYLINDRICAL_SURFACE('',#97,1.2);
#97 = AXIS2_PLACEMENT_3D('',#98,#99,#100);
#98 = CARTESIAN_POINT('',(0.,0.,0.));
#99 = DIRECTION('',(0.,0.,1.));
#100 = DIRECTION('',(1.,0.,-0.));
#101 = ADVANCED_FACE('',(#102),#138,.F.);
#102 = FACE_BOUND('',#103,.F.);
#103 = EDGE_LOOP('',(#104,#114,#123,#131));
#104 = ORIENTED_EDGE('',*,*,#105,.T.);
#105 = EDGE_CURVE('',#106,#108,#110,.T.);
#106 = VERTEX_POINT('',#107);
#107 = CARTESIAN_POINT('',(0.983615778645,0.85,0.));
#108 = VERTEX_POINT('',#109);
#109 = CARTESIAN_POINT('',(0.983615778645,0.85,1.E-02));
#110 = LINE('',#111,#112);
#111 = CARTESIAN_POINT('',(0.983615778645,0.85,0.));
#112 = VECTOR('',#113,1.);
#113 = DIRECTION('',(0.,0.,1.));
#114 = ORIENTED_EDGE('',*,*,#115,.F.);
#115 = EDGE_CURVE('',#116,#108,#118,.T.);
#116 = VERTEX_POINT('',#117);
#117 = CARTESIAN_POINT('',(1.3,0.,1.E-02));
#118 = CIRCLE('',#119,1.3);
#119 = AXIS2_PLACEMENT_3D('',#120,#121,#122);
#120 = CARTESIAN_POINT('',(0.,0.,1.E-02));
#121 = DIRECTION('',(0.,0.,1.));
#122 = DIRECTION('',(1.,0.,-0.));
#123 = ORIENTED_EDGE('',*,*,#124,.F.);
#124 = EDGE_CURVE('',#125,#116,#127,.T.);
#125 = VERTEX_POINT('',#126);
#126 = CARTESIAN_POINT('',(1.3,0.,0.));
#127 = LINE('',#128,#129);
#128 = CARTESIAN_POINT('',(1.3,0.,0.));
#129 = VECTOR('',#130,1.);
#130 = DIRECTION('',(0.,0.,1.));
#131 = ORIENTED_EDGE('',*,*,#132,.T.);
#132 = EDGE_CURVE('',#125,#106,#133,.T.);
#133 = CIRCLE('',#134,1.3);
#134 = AXIS2_PLACEMENT_3D('',#135,#136,#137);
#135 = CARTESIAN_POINT('',(0.,0.,0.));
#136 = DIRECTION('',(0.,0.,1.));
#137 = DIRECTION('',(1.,0.,-0.));
#138 = CYLINDRICAL_SURFACE('',#139,1.3);
#139 = AXIS2_PLACEMENT_3D('',#140,#141,#142);
#140 = CARTESIAN_POINT('',(0.,0.,0.));
#141 = DIRECTION('',(0.,0.,1.));
#142 = DIRECTION('',(1.,0.,-0.));
#143 = ADVANCED_FACE('',(#144),#198,.T.);
#144 = FACE_BOUND('',#145,.T.);
#145 = EDGE_LOOP('',(#146,#157,#165,#174,#183,#192));
#146 = ORIENTED_EDGE('',*,*,#147,.F.);
#147 = EDGE_CURVE('',#148,#150,#152,.T.);
#148 = VERTEX_POINT('',#149);
#149 = CARTESIAN_POINT('',(-1.5,0.,1.E-02));
#150 = VERTEX_POINT('',#151);
#151 = CARTESIAN_POINT('',(-1.071214264281,-1.05,1.E-02));
#152 = CIRCLE('',#153,1.5);
#153 = AXIS2_PLACEMENT_3D('',#154,#155,#156);
#154 = CARTESIAN_POINT('',(0.,0.,1.E-02));
#155 = DIRECTION('',(0.,0.,1.));
#156 = DIRECTION('',(1.,0.,-0.));
#157 = ORIENTED_EDGE('',*,*,#158,.T.);
#158 = EDGE_CURVE('',#148,#159,#161,.T.);
#159 = VERTEX_POINT('',#160);
#160 = CARTESIAN_POINT('',(-1.5,0.,0.));
#161 = LINE('',#162,#163);
#162 = CARTESIAN_POINT('',(-1.5,0.,1.E-02));
#163 = VECTOR('',#164,1.);
#164 = DIRECTION('',(0.,0.,-1.));
#165 = ORIENTED_EDGE('',*,*,#166,.T.);
#166 = EDGE_CURVE('',#159,#167,#169,.T.);
#167 = VERTEX_POINT('',#168);
#168 = CARTESIAN_POINT('',(-1.399999999999,-0.538516480713,0.));
#169 = CIRCLE('',#170,1.5);
#170 = AXIS2_PLACEMENT_3D('',#171,#172,#173);
#171 = CARTESIAN_POINT('',(0.,0.,0.));
#172 = DIRECTION('',(0.,0.,1.));
#173 = DIRECTION('',(1.,0.,-0.));
#174 = ORIENTED_EDGE('',*,*,#175,.T.);
#175 = EDGE_CURVE('',#167,#176,#178,.T.);
#176 = VERTEX_POINT('',#177);
#177 = CARTESIAN_POINT('',(-1.160818676624,-0.949999999999,0.));
#178 = CIRCLE('',#179,1.5);
#179 = AXIS2_PLACEMENT_3D('',#180,#181,#182);
#180 = CARTESIAN_POINT('',(0.,0.,0.));
#181 = DIRECTION('',(0.,0.,1.));
#182 = DIRECTION('',(1.,0.,-0.));
#183 = ORIENTED_EDGE('',*,*,#184,.T.);
#184 = EDGE_CURVE('',#176,#185,#187,.T.);
#185 = VERTEX_POINT('',#186);
#186 = CARTESIAN_POINT('',(-1.071214264281,-1.05,0.));
#187 = CIRCLE('',#188,1.5);
#188 = AXIS2_PLACEMENT_3D('',#189,#190,#191);
#189 = CARTESIAN_POINT('',(0.,0.,0.));
#190 = DIRECTION('',(0.,0.,1.));
#191 = DIRECTION('',(1.,0.,-0.));
#192 = ORIENTED_EDGE('',*,*,#193,.F.);
#193 = EDGE_CURVE('',#150,#185,#194,.T.);
#194 = LINE('',#195,#196);
#195 = CARTESIAN_POINT('',(-1.071214264281,-1.05,1.E-02));
#196 = VECTOR('',#197,1.);
#197 = DIRECTION('',(0.,0.,-1.));
#198 = CYLINDRICAL_SURFACE('',#199,1.5);
#199 = AXIS2_PLACEMENT_3D('',#200,#201,#202);
#200 = CARTESIAN_POINT('',(0.,0.,1.E-02));
#201 = DIRECTION('',(0.,0.,-1.));
#202 = DIRECTION('',(-1.,0.,0.));
#203 = ADVANCED_FACE('',(#204,#270,#368,#495,#684,#806,#868,#918,#968,
    #1094,#1192,#1258,#1356,#1418),#1712,.T.);
#204 = FACE_BOUND('',#205,.T.);
#205 = EDGE_LOOP('',(#206,#216,#224,#232,#240,#248,#256,#264));
#206 = ORIENTED_EDGE('',*,*,#207,.F.);
#207 = EDGE_CURVE('',#208,#210,#212,.T.);
#208 = VERTEX_POINT('',#209);
#209 = CARTESIAN_POINT('',(0.571515586297,0.95,-0.192820992941));
#210 = VERTEX_POINT('',#211);
#211 = CARTESIAN_POINT('',(0.579937413606,0.95,-0.192761262336));
#212 = LINE('',#213,#214);
#213 = CARTESIAN_POINT('',(0.579937413606,0.95,-0.192761262336));
#214 = VECTOR('',#215,1.);
#215 = DIRECTION('',(0.999974850186,0.,7.092178509005E-03));
#216 = ORIENTED_EDGE('',*,*,#217,.F.);
#217 = EDGE_CURVE('',#218,#208,#220,.T.);
#218 = VERTEX_POINT('',#219);
#219 = CARTESIAN_POINT('',(0.548710296362,0.95,-0.253997265229));
#220 = LINE('',#221,#222);
#221 = CARTESIAN_POINT('',(0.571515586297,0.95,-0.192820992941));
#222 = VECTOR('',#223,1.);
#223 = DIRECTION('',(0.349299057795,0.,0.937011295675));
#224 = ORIENTED_EDGE('',*,*,#225,.F.);
#225 = EDGE_CURVE('',#226,#218,#228,.T.);
#226 = VERTEX_POINT('',#227);
#227 = CARTESIAN_POINT('',(0.557412851248,0.95,-0.253935543604));
#228 = LINE('',#229,#230);
#229 = CARTESIAN_POINT('',(0.548710296362,0.95,-0.253997265229));
#230 = VECTOR('',#231,1.);
#231 = DIRECTION('',(-0.999974850186,0.,-7.092178509005E-03));
#232 = ORIENTED_EDGE('',*,*,#233,.F.);
#233 = EDGE_CURVE('',#234,#226,#236,.T.);
#234 = VERTEX_POINT('',#235);
#235 = CARTESIAN_POINT('',(0.563517290784,0.95,-0.23720371447));
#236 = LINE('',#237,#238);
#237 = CARTESIAN_POINT('',(0.557412851248,0.95,-0.253935543604));
#238 = VECTOR('',#239,1.);
#239 = DIRECTION('',(-0.342741495853,0.,-0.939429756299));
#240 = ORIENTED_EDGE('',*,*,#241,.F.);
#241 = EDGE_CURVE('',#242,#234,#244,.T.);
#242 = VERTEX_POINT('',#243);
#243 = CARTESIAN_POINT('',(0.588923136501,0.95,-0.237023527146));
#244 = LINE('',#245,#246);
#245 = CARTESIAN_POINT('',(0.563517290784,0.95,-0.23720371447));
#246 = VECTOR('',#247,1.);
#247 = DIRECTION('',(-0.999974850186,0.,-7.092178509005E-03));
#248 = ORIENTED_EDGE('',*,*,#249,.F.);
#249 = EDGE_CURVE('',#250,#242,#252,.T.);
#250 = VERTEX_POINT('',#251);
#251 = CARTESIAN_POINT('',(0.594905578752,0.95,-0.2536696318));
#252 = LINE('',#253,#254);
#253 = CARTESIAN_POINT('',(0.588923136501,0.95,-0.237023527146));
#254 = VECTOR('',#255,1.);
#255 = DIRECTION('',(-0.338211162486,0.,0.941070246884));
#256 = ORIENTED_EDGE('',*,*,#257,.F.);
#257 = EDGE_CURVE('',#258,#250,#260,.T.);
#258 = VERTEX_POINT('',#259);
#259 = CARTESIAN_POINT('',(0.603608133639,0.95,-0.253607910175));
#260 = LINE('',#261,#262);
#261 = CARTESIAN_POINT('',(0.594905578752,0.95,-0.2536696318));
#262 = VECTOR('',#263,1.);
#263 = DIRECTION('',(-0.999974850186,0.,-7.092178509005E-03));
#264 = ORIENTED_EDGE('',*,*,#265,.F.);
#265 = EDGE_CURVE('',#210,#258,#266,.T.);
#266 = LINE('',#267,#268);
#267 = CARTESIAN_POINT('',(0.603608133639,0.95,-0.253607910175));
#268 = VECTOR('',#269,1.);
#269 = DIRECTION('',(0.362554487503,0.,-0.931962576283));
#270 = FACE_BOUND('',#271,.T.);
#271 = EDGE_LOOP('',(#272,#282,#290,#298,#306,#314,#322,#330,#338,#346,
    #354,#362));
#272 = ORIENTED_EDGE('',*,*,#273,.F.);
#273 = EDGE_CURVE('',#274,#276,#278,.T.);
#274 = VERTEX_POINT('',#275);
#275 = CARTESIAN_POINT('',(0.668141739265,0.95,-0.246194059407));
#276 = VERTEX_POINT('',#277);
#277 = CARTESIAN_POINT('',(0.693079705687,0.95,-0.246017190449));
#278 = LINE('',#279,#280);
#279 = CARTESIAN_POINT('',(0.693079705687,0.95,-0.246017190449));
#280 = VECTOR('',#281,1.);
#281 = DIRECTION('',(0.999974850186,0.,7.092178509005E-03));
#282 = ORIENTED_EDGE('',*,*,#283,.F.);
#283 = EDGE_CURVE('',#284,#274,#286,.T.);
#284 = VERTEX_POINT('',#285);
#285 = CARTESIAN_POINT('',(0.668191072321,0.95,-0.253149864926));
#286 = LINE('',#287,#288);
#287 = CARTESIAN_POINT('',(0.668141739265,0.95,-0.246194059407));
#288 = VECTOR('',#289,1.);
#289 = DIRECTION('',(-7.092178509005E-03,0.,0.999974850186));
#290 = ORIENTED_EDGE('',*,*,#291,.F.);
#291 = EDGE_CURVE('',#292,#284,#294,.T.);
#292 = VERTEX_POINT('',#293);
#293 = CARTESIAN_POINT('',(0.701005006874,0.95,-0.252917136791));
#294 = LINE('',#295,#296);
#295 = CARTESIAN_POINT('',(0.668191072321,0.95,-0.253149864926));
#296 = VECTOR('',#297,1.);
#297 = DIRECTION('',(-0.999974850186,0.,-7.092178509005E-03));
#298 = ORIENTED_EDGE('',*,*,#299,.F.);
#299 = EDGE_CURVE('',#300,#292,#302,.T.);
#300 = VERTEX_POINT('',#301);
#301 = CARTESIAN_POINT('',(0.700572291826,0.95,-0.191905676727));
#302 = LINE('',#303,#304);
#303 = CARTESIAN_POINT('',(0.701005006874,0.95,-0.252917136791));
#304 = VECTOR('',#305,1.);
#305 = DIRECTION('',(7.092178509005E-03,0.,-0.999974850186));
#306 = ORIENTED_EDGE('',*,*,#307,.F.);
#307 = EDGE_CURVE('',#308,#300,#310,.T.);
#308 = VERTEX_POINT('',#309);
#309 = CARTESIAN_POINT('',(0.66914639918,0.95,-0.192128560373));
#310 = LINE('',#311,#312);
#311 = CARTESIAN_POINT('',(0.700572291826,0.95,-0.191905676727));
#312 = VECTOR('',#313,1.);
#313 = DIRECTION('',(0.999974850186,0.,7.092178509005E-03));
#314 = ORIENTED_EDGE('',*,*,#315,.F.);
#315 = EDGE_CURVE('',#316,#308,#318,.T.);
#316 = VERTEX_POINT('',#317);
#317 = CARTESIAN_POINT('',(0.669196174684,0.95,-0.199146749798));
#318 = LINE('',#319,#320);
#319 = CARTESIAN_POINT('',(0.66914639918,0.95,-0.192128560373));
#320 = VECTOR('',#321,1.);
#321 = DIRECTION('',(-7.092178509005E-03,0.,0.999974850186));
#322 = ORIENTED_EDGE('',*,*,#323,.F.);
#323 = EDGE_CURVE('',#324,#316,#326,.T.);
#324 = VERTEX_POINT('',#325);
#325 = CARTESIAN_POINT('',(0.692746099198,0.95,-0.198979725328));
#326 = LINE('',#327,#328);
#327 = CARTESIAN_POINT('',(0.669196174684,0.95,-0.199146749798));
#328 = VECTOR('',#329,1.);
#329 = DIRECTION('',(-0.999974850186,0.,-7.092178509005E-03));
#330 = ORIENTED_EDGE('',*,*,#331,.F.);
#331 = EDGE_CURVE('',#332,#324,#334,.T.);
#332 = VERTEX_POINT('',#333);
#333 = CARTESIAN_POINT('',(0.692884585711,0.95,-0.218505887905));
#334 = LINE('',#335,#336);
#335 = CARTESIAN_POINT('',(0.692746099198,0.95,-0.198979725328));
#336 = VECTOR('',#337,1.);
#337 = DIRECTION('',(-7.092178509005E-03,0.,0.999974850186));
#338 = ORIENTED_EDGE('',*,*,#339,.F.);
#339 = EDGE_CURVE('',#340,#332,#342,.T.);
#340 = VERTEX_POINT('',#341);
#341 = CARTESIAN_POINT('',(0.671065814589,0.95,-0.218660634417));
#342 = LINE('',#343,#344);
#343 = CARTESIAN_POINT('',(0.692884585711,0.95,-0.218505887905));
#344 = VECTOR('',#345,1.);
#345 = DIRECTION('',(0.999974850186,0.,7.092178509005E-03));
#346 = ORIENTED_EDGE('',*,*,#347,.F.);
#347 = EDGE_CURVE('',#348,#340,#350,.T.);
#348 = VERTEX_POINT('',#349);
#349 = CARTESIAN_POINT('',(0.671115368869,0.95,-0.225647631888));
#350 = LINE('',#351,#352);
#351 = CARTESIAN_POINT('',(0.671065814589,0.95,-0.218660634417));
#352 = VECTOR('',#353,1.);
#353 = DIRECTION('',(-7.092178509005E-03,0.,0.999974850186));
#354 = ORIENTED_EDGE('',*,*,#355,.F.);
#355 = EDGE_CURVE('',#356,#348,#358,.T.);
#356 = VERTEX_POINT('',#357);
#357 = CARTESIAN_POINT('',(0.692934139991,0.95,-0.225492885377));
#358 = LINE('',#359,#360);
#359 = CARTESIAN_POINT('',(0.671115368869,0.95,-0.225647631888));
#360 = VECTOR('',#361,1.);
#361 = DIRECTION('',(-0.999974850186,0.,-7.092178509005E-03));
#362 = ORIENTED_EDGE('',*,*,#363,.F.);
#363 = EDGE_CURVE('',#276,#356,#364,.T.);
#364 = LINE('',#365,#366);
#365 = CARTESIAN_POINT('',(0.692934139991,0.95,-0.225492885377));
#366 = VECTOR('',#367,1.);
#367 = DIRECTION('',(-7.092178509005E-03,0.,0.999974850186));
#368 = FACE_BOUND('',#369,.T.);
#369 = EDGE_LOOP('',(#370,#380,#388,#396,#405,#414,#422,#431,#440,#448,
    #456,#464,#472,#480,#488));
#370 = ORIENTED_EDGE('',*,*,#371,.F.);
#371 = EDGE_CURVE('',#372,#374,#376,.T.);
#372 = VERTEX_POINT('',#373);
#373 = CARTESIAN_POINT('',(0.716853387953,0.95,-0.209227384182));
#374 = VERTEX_POINT('',#375);
#375 = CARTESIAN_POINT('',(0.728985846157,0.949999999999,-0.241956921603
    ));
#376 = LINE('',#377,#378);
#377 = CARTESIAN_POINT('',(0.728985846157,0.95,-0.241956921603));
#378 = VECTOR('',#379,1.);
#379 = DIRECTION('',(0.347576530354,0.,-0.937651617365));
#380 = ORIENTED_EDGE('',*,*,#381,.F.);
#381 = EDGE_CURVE('',#382,#372,#384,.T.);
#382 = VERTEX_POINT('',#383);
#383 = CARTESIAN_POINT('',(0.708930631892,0.95,-0.209283575195));
#384 = LINE('',#385,#386);
#385 = CARTESIAN_POINT('',(0.716853387953,0.95,-0.209227384182));
#386 = VECTOR('',#387,1.);
#387 = DIRECTION('',(0.999974850186,0.,7.092178509005E-03));
#388 = ORIENTED_EDGE('',*,*,#389,.F.);
#389 = EDGE_CURVE('',#390,#382,#392,.T.);
#390 = VERTEX_POINT('',#391);
#391 = CARTESIAN_POINT('',(0.729062059028,0.95,-0.259299979306));
#392 = LINE('',#393,#394);
#393 = CARTESIAN_POINT('',(0.708930631892,0.95,-0.209283575195));
#394 = VECTOR('',#395,1.);
#395 = DIRECTION('',(-0.373386312957,0.,0.927675946274));
#396 = ORIENTED_EDGE('',*,*,#397,.F.);
#397 = EDGE_CURVE('',#398,#390,#400,.T.);
#398 = VERTEX_POINT('',#399);
#399 = CARTESIAN_POINT('',(0.744710134932,0.949999999999,-0.273132501902
    ));
#400 = B_SPLINE_CURVE_WITH_KNOTS('',3,(#401,#402,#403,#404),
  .UNSPECIFIED.,.F.,.F.,(4,4),(1.,2.),.PIECEWISE_BEZIER_KNOTS.);
#401 = CARTESIAN_POINT('',(0.744710134932,0.949999999999,-0.273132501902
    ));
#402 = CARTESIAN_POINT('',(0.738019461014,0.949999999999,-0.273179954549
    ));
#403 = CARTESIAN_POINT('',(0.732808634372,0.949999999999,-0.268569076813
    ));
#404 = CARTESIAN_POINT('',(0.729062059028,0.95,-0.259299979306));
#405 = ORIENTED_EDGE('',*,*,#406,.F.);
#406 = EDGE_CURVE('',#407,#398,#409,.T.);
#407 = VERTEX_POINT('',#408);
#408 = CARTESIAN_POINT('',(0.749634039017,0.949999999999,-0.272473709377
    ));
#409 = B_SPLINE_CURVE_WITH_KNOTS('',3,(#410,#411,#412,#413),
  .UNSPECIFIED.,.F.,.F.,(4,4),(2.,3.),.PIECEWISE_BEZIER_KNOTS.);
#410 = CARTESIAN_POINT('',(0.749634039017,0.949999999999,-0.272473709377
    ));
#411 = CARTESIAN_POINT('',(0.74828006498,0.949999999999,-0.27288882803)
  );
#412 = CARTESIAN_POINT('',(0.746628440042,0.949999999999,-0.273118896598
    ));
#413 = CARTESIAN_POINT('',(0.744710134932,0.949999999999,-0.273132501902
    ));
#414 = ORIENTED_EDGE('',*,*,#415,.F.);
#415 = EDGE_CURVE('',#416,#407,#418,.T.);
#416 = VERTEX_POINT('',#417);
#417 = CARTESIAN_POINT('',(0.749585812084,0.95,-0.265673863623));
#418 = LINE('',#419,#420);
#419 = CARTESIAN_POINT('',(0.749634039017,0.95,-0.272473709377));
#420 = VECTOR('',#421,1.);
#421 = DIRECTION('',(7.092178509005E-03,0.,-0.999974850186));
#422 = ORIENTED_EDGE('',*,*,#423,.F.);
#423 = EDGE_CURVE('',#424,#416,#426,.T.);
#424 = VERTEX_POINT('',#425);
#425 = CARTESIAN_POINT('',(0.745256324902,0.949999999999,-0.266577988508
    ));
#426 = B_SPLINE_CURVE_WITH_KNOTS('',3,(#427,#428,#429,#430),
  .UNSPECIFIED.,.F.,.F.,(4,4),(4.,5.),.PIECEWISE_BEZIER_KNOTS.);
#427 = CARTESIAN_POINT('',(0.745256324902,0.949999999999,-0.266577988508
    ));
#428 = CARTESIAN_POINT('',(0.746659962787,0.949999999999,-0.266568033407
    ));
#429 = CARTESIAN_POINT('',(0.748092801605,0.949999999999,-0.266277129505
    ));
#430 = CARTESIAN_POINT('',(0.749585812084,0.95,-0.265673863623));
#431 = ORIENTED_EDGE('',*,*,#432,.F.);
#432 = EDGE_CURVE('',#433,#424,#435,.T.);
#433 = VERTEX_POINT('',#434);
#434 = CARTESIAN_POINT('',(0.737383563481,0.949999999999,-0.260488701107
    ));
#435 = B_SPLINE_CURVE_WITH_KNOTS('',3,(#436,#437,#438,#439),
  .UNSPECIFIED.,.F.,.F.,(4,4),(5.,6.),.PIECEWISE_BEZIER_KNOTS.);
#436 = CARTESIAN_POINT('',(0.737383563481,0.949999999999,-0.260488701107
    ));
#437 = CARTESIAN_POINT('',(0.739143918501,0.949999999999,-0.264593760945
    ));
#438 = CARTESIAN_POINT('',(0.741762826166,0.949999999999,-0.266602765648
    ));
#439 = CARTESIAN_POINT('',(0.745256324902,0.949999999999,-0.266577988508
    ));
#440 = ORIENTED_EDGE('',*,*,#441,.F.);
#441 = EDGE_CURVE('',#442,#433,#444,.T.);
#442 = VERTEX_POINT('',#443);
#443 = CARTESIAN_POINT('',(0.73397423752,0.95,-0.252589726675));
#444 = LINE('',#445,#446);
#445 = CARTESIAN_POINT('',(0.737383563481,0.95,-0.260488701107));
#446 = VECTOR('',#447,1.);
#447 = DIRECTION('',(0.396279771914,0.,-0.918129806929));
#448 = ORIENTED_EDGE('',*,*,#449,.F.);
#449 = EDGE_CURVE('',#450,#442,#452,.T.);
#450 = VERTEX_POINT('',#451);
#451 = CARTESIAN_POINT('',(0.750759040862,0.95,-0.208986913191));
#452 = LINE('',#453,#454);
#453 = CARTESIAN_POINT('',(0.73397423752,0.95,-0.252589726675));
#454 = VECTOR('',#455,1.);
#455 = DIRECTION('',(-0.359249240323,0.,-0.933241653232));
#456 = ORIENTED_EDGE('',*,*,#457,.F.);
#457 = EDGE_CURVE('',#458,#450,#460,.T.);
#458 = VERTEX_POINT('',#459);
#459 = CARTESIAN_POINT('',(0.742212445741,0.95,-0.209047528694));
#460 = LINE('',#461,#462);
#461 = CARTESIAN_POINT('',(0.750759040862,0.95,-0.208986913191));
#462 = VECTOR('',#463,1.);
#463 = DIRECTION('',(0.999974850186,0.,7.092178509005E-03));
#464 = ORIENTED_EDGE('',*,*,#465,.F.);
#465 = EDGE_CURVE('',#466,#458,#468,.T.);
#466 = VERTEX_POINT('',#467);
#467 = CARTESIAN_POINT('',(0.731059668582,0.95,-0.24187982627));
#468 = LINE('',#469,#470);
#469 = CARTESIAN_POINT('',(0.742212445741,0.95,-0.209047528694));
#470 = VECTOR('',#471,1.);
#471 = DIRECTION('',(0.321638936845,0.,0.946862394599));
#472 = ORIENTED_EDGE('',*,*,#473,.F.);
#473 = EDGE_CURVE('',#474,#466,#476,.T.);
#474 = VERTEX_POINT('',#475);
#475 = CARTESIAN_POINT('',(0.730149350805,0.95,-0.245473537599));
#476 = LINE('',#477,#478);
#477 = CARTESIAN_POINT('',(0.731059668582,0.95,-0.24187982627));
#478 = VECTOR('',#479,1.);
#479 = DIRECTION('',(0.245553034398,0.,0.969383158146));
#480 = ORIENTED_EDGE('',*,*,#481,.F.);
#481 = EDGE_CURVE('',#482,#474,#484,.T.);
#482 = VERTEX_POINT('',#483);
#483 = CARTESIAN_POINT('',(0.729946603111,0.95,-0.245474975558));
#484 = LINE('',#485,#486);
#485 = CARTESIAN_POINT('',(0.730149350805,0.95,-0.245473537599));
#486 = VECTOR('',#487,1.);
#487 = DIRECTION('',(0.999974850186,0.,7.092178509005E-03));
#488 = ORIENTED_EDGE('',*,*,#489,.F.);
#489 = EDGE_CURVE('',#374,#482,#490,.T.);
#490 = B_SPLINE_CURVE_WITH_KNOTS('',3,(#491,#492,#493,#494),
  .UNSPECIFIED.,.F.,.F.,(4,4),(12.,13.),.PIECEWISE_BEZIER_KNOTS.);
#491 = CARTESIAN_POINT('',(0.728985846157,0.949999999999,-0.241956921603
    ));
#492 = CARTESIAN_POINT('',(0.72946456545,0.949999999999,-0.243482008933)
  );
#493 = CARTESIAN_POINT('',(0.72978489151,0.949999999999,-0.244665090902)
  );
#494 = CARTESIAN_POINT('',(0.729946603111,0.95,-0.245474975558));
#495 = FACE_BOUND('',#496,.T.);
#496 = EDGE_LOOP('',(#497,#507,#516,#525,#534,#543,#552,#561,#570,#579,
    #588,#596,#605,#614,#623,#632,#641,#650,#659,#668,#677));
#497 = ORIENTED_EDGE('',*,*,#498,.F.);
#498 = EDGE_CURVE('',#499,#501,#503,.T.);
#499 = VERTEX_POINT('',#500);
#500 = CARTESIAN_POINT('',(0.784407863309,0.95,-0.242905170324));
#501 = VERTEX_POINT('',#502);
#502 = CARTESIAN_POINT('',(0.784463833098,0.95,-0.250796734433));
#503 = LINE('',#504,#505);
#504 = CARTESIAN_POINT('',(0.784463833098,0.95,-0.250796734433));
#505 = VECTOR('',#506,1.);
#506 = DIRECTION('',(7.092178509005E-03,0.,-0.999974850186));
#507 = ORIENTED_EDGE('',*,*,#508,.F.);
#508 = EDGE_CURVE('',#509,#499,#511,.T.);
#509 = VERTEX_POINT('',#510);
#510 = CARTESIAN_POINT('',(0.771867371554,0.949999999999,-0.247205237437
    ));
#511 = B_SPLINE_CURVE_WITH_KNOTS('',3,(#512,#513,#514,#515),
  .UNSPECIFIED.,.F.,.F.,(4,4),(0.,1.),.PIECEWISE_BEZIER_KNOTS.);
#512 = CARTESIAN_POINT('',(0.771867371554,0.949999999999,-0.247205237437
    ));
#513 = CARTESIAN_POINT('',(0.776359012785,0.949999999999,-0.247173381115
    ));
#514 = CARTESIAN_POINT('',(0.780528779386,0.949999999999,-0.245740099152
    ));
#515 = CARTESIAN_POINT('',(0.784407863309,0.95,-0.242905170324));
#516 = ORIENTED_EDGE('',*,*,#517,.F.);
#517 = EDGE_CURVE('',#518,#509,#520,.T.);
#518 = VERTEX_POINT('',#519);
#519 = CARTESIAN_POINT('',(0.762811085714,0.95,-0.24137389219));
#520 = B_SPLINE_CURVE_WITH_KNOTS('',3,(#521,#522,#523,#524),
  .UNSPECIFIED.,.F.,.F.,(4,4),(1.,2.),.PIECEWISE_BEZIER_KNOTS.);
#521 = CARTESIAN_POINT('',(0.762811085714,0.95,-0.24137389219));
#522 = CARTESIAN_POINT('',(0.762838959996,0.949999999999,-0.245304078268
    ));
#523 = CARTESIAN_POINT('',(0.765862920601,0.949999999999,-0.247247823146
    ));
#524 = CARTESIAN_POINT('',(0.771867371554,0.949999999999,-0.247205237437
    ));
#525 = ORIENTED_EDGE('',*,*,#526,.F.);
#526 = EDGE_CURVE('',#527,#518,#529,.T.);
#527 = VERTEX_POINT('',#528);
#528 = CARTESIAN_POINT('',(0.764746755899,0.949999999999,-0.237211425301
    ));
#529 = B_SPLINE_CURVE_WITH_KNOTS('',3,(#530,#531,#532,#533),
  .UNSPECIFIED.,.F.,.F.,(4,4),(2.,3.),.PIECEWISE_BEZIER_KNOTS.);
#530 = CARTESIAN_POINT('',(0.764746755899,0.949999999999,-0.237211425301
    ));
#531 = CARTESIAN_POINT('',(0.763444436729,0.949999999999,-0.238312435083
    ));
#532 = CARTESIAN_POINT('',(0.762799139593,0.949999999999,-0.239689526728
    ));
#533 = CARTESIAN_POINT('',(0.762811085714,0.95,-0.24137389219));
#534 = ORIENTED_EDGE('',*,*,#535,.F.);
#535 = EDGE_CURVE('',#536,#527,#538,.T.);
#536 = VERTEX_POINT('',#537);
#537 = CARTESIAN_POINT('',(0.772719838785,0.949999999999,-0.233255687101
    ));
#538 = B_SPLINE_CURVE_WITH_KNOTS('',3,(#539,#540,#541,#542),
  .UNSPECIFIED.,.F.,.F.,(4,4),(3.,4.),.PIECEWISE_BEZIER_KNOTS.);
#539 = CARTESIAN_POINT('',(0.772719838785,0.949999999999,-0.233255687101
    ));
#540 = CARTESIAN_POINT('',(0.768706695623,0.949999999999,-0.234781438801
    ));
#541 = CARTESIAN_POINT('',(0.766049075069,0.949999999999,-0.236110415518
    ));
#542 = CARTESIAN_POINT('',(0.764746755899,0.949999999999,-0.237211425301
    ));
#543 = ORIENTED_EDGE('',*,*,#544,.F.);
#544 = EDGE_CURVE('',#545,#536,#547,.T.);
#545 = VERTEX_POINT('',#546);
#546 = CARTESIAN_POINT('',(0.782083286089,0.949999999999,-0.227418476621
    ));
#547 = B_SPLINE_CURVE_WITH_KNOTS('',3,(#548,#549,#550,#551),
  .UNSPECIFIED.,.F.,.F.,(4,4),(4.,5.),.PIECEWISE_BEZIER_KNOTS.);
#548 = CARTESIAN_POINT('',(0.782083286089,0.949999999999,-0.227418476621
    ));
#549 = CARTESIAN_POINT('',(0.780661950943,0.949999999999,-0.229331362079
    ));
#550 = CARTESIAN_POINT('',(0.777525279607,0.949999999999,-0.231287606836
    ));
#551 = CARTESIAN_POINT('',(0.772719838785,0.949999999999,-0.233255687101
    ));
#552 = ORIENTED_EDGE('',*,*,#553,.F.);
#553 = EDGE_CURVE('',#554,#545,#556,.T.);
#554 = VERTEX_POINT('',#555);
#555 = CARTESIAN_POINT('',(0.784202236216,0.949999999999,-0.220509679908
    ));
#556 = B_SPLINE_CURVE_WITH_KNOTS('',3,(#557,#558,#559,#560),
  .UNSPECIFIED.,.F.,.F.,(4,4),(5.,6.),.PIECEWISE_BEZIER_KNOTS.);
#557 = CARTESIAN_POINT('',(0.784202236216,0.949999999999,-0.220509679908
    ));
#558 = CARTESIAN_POINT('',(0.78422126152,0.949999999999,-0.223192187866)
  );
#559 = CARTESIAN_POINT('',(0.783520217211,0.949999999999,-0.225505480551
    ));
#560 = CARTESIAN_POINT('',(0.782083286089,0.949999999999,-0.227418476621
    ));
#561 = ORIENTED_EDGE('',*,*,#562,.F.);
#562 = EDGE_CURVE('',#563,#554,#565,.T.);
#563 = VERTEX_POINT('',#564);
#564 = CARTESIAN_POINT('',(0.779239174705,0.949999999999,-0.211249210156
    ));
#565 = B_SPLINE_CURVE_WITH_KNOTS('',3,(#566,#567,#568,#569),
  .UNSPECIFIED.,.F.,.F.,(4,4),(6.,7.),.PIECEWISE_BEZIER_KNOTS.);
#566 = CARTESIAN_POINT('',(0.779239174705,0.949999999999,-0.211249210156
    ));
#567 = CARTESIAN_POINT('',(0.782515325628,0.949999999999,-0.213565488674
    ));
#568 = CARTESIAN_POINT('',(0.784174804382,0.949999999999,-0.216641877737
    ));
#569 = CARTESIAN_POINT('',(0.784202236216,0.949999999999,-0.220509679908
    ));
#570 = ORIENTED_EDGE('',*,*,#571,.F.);
#571 = EDGE_CURVE('',#572,#563,#574,.T.);
#572 = VERTEX_POINT('',#573);
#573 = CARTESIAN_POINT('',(0.76714333298,0.949999999999,-0.20787251724)
  );
#574 = B_SPLINE_CURVE_WITH_KNOTS('',3,(#575,#576,#577,#578),
  .UNSPECIFIED.,.F.,.F.,(4,4),(7.,8.),.PIECEWISE_BEZIER_KNOTS.);
#575 = CARTESIAN_POINT('',(0.76714333298,0.949999999999,-0.20787251724)
  );
#576 = CARTESIAN_POINT('',(0.771915701788,0.949999999999,-0.207838669897
    ));
#577 = CARTESIAN_POINT('',(0.77594764903,0.949999999999,-0.208964234202)
  );
#578 = CARTESIAN_POINT('',(0.779239174705,0.949999999999,-0.211249210156
    ));
#579 = ORIENTED_EDGE('',*,*,#580,.F.);
#580 = EDGE_CURVE('',#581,#572,#583,.T.);
#581 = VERTEX_POINT('',#582);
#582 = CARTESIAN_POINT('',(0.756832512454,0.95,-0.209879643623));
#583 = B_SPLINE_CURVE_WITH_KNOTS('',3,(#584,#585,#586,#587),
  .UNSPECIFIED.,.F.,.F.,(4,4),(8.,9.),.PIECEWISE_BEZIER_KNOTS.);
#584 = CARTESIAN_POINT('',(0.756832512454,0.95,-0.209879643623));
#585 = CARTESIAN_POINT('',(0.760004800233,0.949999999999,-0.208547016702
    ));
#586 = CARTESIAN_POINT('',(0.763431490573,0.949999999999,-0.207898842951
    ));
#587 = CARTESIAN_POINT('',(0.76714333298,0.949999999999,-0.20787251724)
  );
#588 = ORIENTED_EDGE('',*,*,#589,.F.);
#589 = EDGE_CURVE('',#590,#581,#592,.T.);
#590 = VERTEX_POINT('',#591);
#591 = CARTESIAN_POINT('',(0.756885163876,0.949999999999,-0.217303328436
    ));
#592 = LINE('',#593,#594);
#593 = CARTESIAN_POINT('',(0.756832512454,0.95,-0.209879643623));
#594 = VECTOR('',#595,1.);
#595 = DIRECTION('',(-7.092178509005E-03,0.,0.999974850186));
#596 = ORIENTED_EDGE('',*,*,#597,.F.);
#597 = EDGE_CURVE('',#598,#590,#600,.T.);
#598 = VERTEX_POINT('',#599);
#599 = CARTESIAN_POINT('',(0.76793596352,0.949999999999,-0.214074406499)
  );
#600 = B_SPLINE_CURVE_WITH_KNOTS('',3,(#601,#602,#603,#604),
  .UNSPECIFIED.,.F.,.F.,(4,4),(10.,11.),.PIECEWISE_BEZIER_KNOTS.);
#601 = CARTESIAN_POINT('',(0.76793596352,0.949999999999,-0.214074406499)
  );
#602 = CARTESIAN_POINT('',(0.763803029747,0.949999999999,-0.21410371874)
  );
#603 = CARTESIAN_POINT('',(0.760129900925,0.949999999999,-0.215190349629
    ));
#604 = CARTESIAN_POINT('',(0.756885163876,0.949999999999,-0.217303328436
    ));
#605 = ORIENTED_EDGE('',*,*,#606,.F.);
#606 = EDGE_CURVE('',#607,#598,#609,.T.);
#607 = VERTEX_POINT('',#608);
#608 = CARTESIAN_POINT('',(0.77396751412,0.949999999999,-0.215653691734)
  );
#609 = B_SPLINE_CURVE_WITH_KNOTS('',3,(#610,#611,#612,#613),
  .UNSPECIFIED.,.F.,.F.,(4,4),(11.,12.),.PIECEWISE_BEZIER_KNOTS.);
#610 = CARTESIAN_POINT('',(0.77396751412,0.949999999999,-0.215653691734)
  );
#611 = CARTESIAN_POINT('',(0.772415769591,0.949999999999,-0.21457292399)
  );
#612 = CARTESIAN_POINT('',(0.770400127806,0.949999999999,-0.214056929767
    ));
#613 = CARTESIAN_POINT('',(0.76793596352,0.949999999999,-0.214074406499)
  );
#614 = ORIENTED_EDGE('',*,*,#615,.F.);
#615 = EDGE_CURVE('',#616,#607,#618,.T.);
#616 = VERTEX_POINT('',#617);
#617 = CARTESIAN_POINT('',(0.776321401146,0.949999999999,-0.219879316119
    ));
#618 = B_SPLINE_CURVE_WITH_KNOTS('',3,(#619,#620,#621,#622),
  .UNSPECIFIED.,.F.,.F.,(4,4),(12.,13.),.PIECEWISE_BEZIER_KNOTS.);
#619 = CARTESIAN_POINT('',(0.776321401146,0.949999999999,-0.219879316119
    ));
#620 = CARTESIAN_POINT('',(0.776309012576,0.949999999999,-0.218132566752
    ));
#621 = CARTESIAN_POINT('',(0.775519037425,0.949999999999,-0.216703267525
    ));
#622 = CARTESIAN_POINT('',(0.77396751412,0.949999999999,-0.215653691734)
  );
#623 = ORIENTED_EDGE('',*,*,#624,.F.);
#624 = EDGE_CURVE('',#625,#616,#627,.T.);
#625 = VERTEX_POINT('',#626);
#626 = CARTESIAN_POINT('',(0.77468139084,0.949999999999,-0.223946105518)
  );
#627 = B_SPLINE_CURVE_WITH_KNOTS('',3,(#628,#629,#630,#631),
  .UNSPECIFIED.,.F.,.F.,(4,4),(13.,14.),.PIECEWISE_BEZIER_KNOTS.);
#628 = CARTESIAN_POINT('',(0.77468139084,0.949999999999,-0.223946105518)
  );
#629 = CARTESIAN_POINT('',(0.775781847214,0.949999999999,-0.222971301506
    ));
#630 = CARTESIAN_POINT('',(0.776333789716,0.949999999999,-0.221626065487
    ));
#631 = CARTESIAN_POINT('',(0.776321401146,0.949999999999,-0.219879316119
    ));
#632 = ORIENTED_EDGE('',*,*,#633,.F.);
#633 = EDGE_CURVE('',#634,#625,#636,.T.);
#634 = VERTEX_POINT('',#635);
#635 = CARTESIAN_POINT('',(0.767284252962,0.949999999999,-0.2277417913)
  );
#636 = B_SPLINE_CURVE_WITH_KNOTS('',3,(#637,#638,#639,#640),
  .UNSPECIFIED.,.F.,.F.,(4,4),(14.,15.),.PIECEWISE_BEZIER_KNOTS.);
#637 = CARTESIAN_POINT('',(0.767284252962,0.949999999999,-0.2277417913)
  );
#638 = CARTESIAN_POINT('',(0.771110244407,0.949999999999,-0.226217366947
    ));
#639 = CARTESIAN_POINT('',(0.773565559715,0.949999999999,-0.224952212094
    ));
#640 = CARTESIAN_POINT('',(0.77468139084,0.949999999999,-0.223946105518)
  );
#641 = ORIENTED_EDGE('',*,*,#642,.F.);
#642 = EDGE_CURVE('',#643,#634,#645,.T.);
#643 = VERTEX_POINT('',#644);
#644 = CARTESIAN_POINT('',(0.757467637443,0.949999999999,-0.233457441722
    ));
#645 = B_SPLINE_CURVE_WITH_KNOTS('',3,(#646,#647,#648,#649),
  .UNSPECIFIED.,.F.,.F.,(4,4),(15.,16.),.PIECEWISE_BEZIER_KNOTS.);
#646 = CARTESIAN_POINT('',(0.757467637443,0.949999999999,-0.233457441722
    ));
#647 = CARTESIAN_POINT('',(0.759169478941,0.949999999999,-0.231511373291
    ));
#648 = CARTESIAN_POINT('',(0.762431139313,0.949999999999,-0.22958543559)
  );
#649 = CARTESIAN_POINT('',(0.767284252962,0.949999999999,-0.2277417913)
  );
#650 = ORIENTED_EDGE('',*,*,#651,.F.);
#651 = EDGE_CURVE('',#652,#643,#654,.T.);
#652 = VERTEX_POINT('',#653);
#653 = CARTESIAN_POINT('',(0.754961000148,0.949999999999,-0.240680923271
    ));
#654 = B_SPLINE_CURVE_WITH_KNOTS('',3,(#655,#656,#657,#658),
  .UNSPECIFIED.,.F.,.F.,(4,4),(16.,17.),.PIECEWISE_BEZIER_KNOTS.);
#655 = CARTESIAN_POINT('',(0.754961000148,0.949999999999,-0.240680923271
    ));
#656 = CARTESIAN_POINT('',(0.754940647497,0.949999999999,-0.237811263595
    ));
#657 = CARTESIAN_POINT('',(0.755781391921,0.949999999999,-0.235403399541
    ));
#658 = CARTESIAN_POINT('',(0.757467637443,0.949999999999,-0.233457441722
    ));
#659 = ORIENTED_EDGE('',*,*,#660,.F.);
#660 = EDGE_CURVE('',#661,#652,#663,.T.);
#661 = VERTEX_POINT('',#662);
#662 = CARTESIAN_POINT('',(0.759940542533,0.949999999999,-0.250066050223
    ));
#663 = B_SPLINE_CURVE_WITH_KNOTS('',3,(#664,#665,#666,#667),
  .UNSPECIFIED.,.F.,.F.,(4,4),(17.,18.),.PIECEWISE_BEZIER_KNOTS.);
#664 = CARTESIAN_POINT('',(0.759940542533,0.949999999999,-0.250066050223
    ));
#665 = CARTESIAN_POINT('',(0.756649238082,0.949999999999,-0.247812266223
    ));
#666 = CARTESIAN_POINT('',(0.754989316879,0.949999999999,-0.244673493255
    ));
#667 = CARTESIAN_POINT('',(0.754961000148,0.949999999999,-0.240680923271
    ));
#668 = ORIENTED_EDGE('',*,*,#669,.F.);
#669 = EDGE_CURVE('',#670,#661,#672,.T.);
#670 = VERTEX_POINT('',#671);
#671 = CARTESIAN_POINT('',(0.772660223318,0.949999999999,-0.25343831865)
  );
#672 = B_SPLINE_CURVE_WITH_KNOTS('',3,(#673,#674,#675,#676),
  .UNSPECIFIED.,.F.,.F.,(4,4),(18.,19.),.PIECEWISE_BEZIER_KNOTS.);
#673 = CARTESIAN_POINT('',(0.772660223318,0.949999999999,-0.25343831865)
  );
#674 = CARTESIAN_POINT('',(0.767466763144,0.949999999999,-0.253475152523
    ));
#675 = CARTESIAN_POINT('',(0.763216472231,0.949999999999,-0.252351136789
    ));
#676 = CARTESIAN_POINT('',(0.759940542533,0.949999999999,-0.250066050223
    ));
#677 = ORIENTED_EDGE('',*,*,#678,.F.);
#678 = EDGE_CURVE('',#501,#670,#679,.T.);
#679 = B_SPLINE_CURVE_WITH_KNOTS('',3,(#680,#681,#682,#683),
  .UNSPECIFIED.,.F.,.F.,(4,4),(19.,20.),.PIECEWISE_BEZIER_KNOTS.);
#680 = CARTESIAN_POINT('',(0.784463833098,0.95,-0.250796734433));
#681 = CARTESIAN_POINT('',(0.781107048296,0.949999999999,-0.252504992137
    ));
#682 = CARTESIAN_POINT('',(0.777183056503,0.949999999999,-0.253406241103
    ));
#683 = CARTESIAN_POINT('',(0.772660223318,0.949999999999,-0.25343831865)
  );
#684 = FACE_BOUND('',#685,.T.);
#685 = EDGE_LOOP('',(#686,#696,#705,#714,#722,#730,#738,#746,#755,#764,
    #773,#782,#790,#799));
#686 = ORIENTED_EDGE('',*,*,#687,.F.);
#687 = EDGE_CURVE('',#688,#690,#692,.T.);
#688 = VERTEX_POINT('',#689);
#689 = CARTESIAN_POINT('',(0.825298296572,0.95,-0.211515219344));
#690 = VERTEX_POINT('',#691);
#691 = CARTESIAN_POINT('',(0.825350947994,0.95,-0.218938904157));
#692 = LINE('',#693,#694);
#693 = CARTESIAN_POINT('',(0.825350947994,0.95,-0.218938904157));
#694 = VECTOR('',#695,1.);
#695 = DIRECTION('',(7.092178509005E-03,0.,-0.999974850186));
#696 = ORIENTED_EDGE('',*,*,#697,.F.);
#697 = EDGE_CURVE('',#698,#688,#700,.T.);
#698 = VERTEX_POINT('',#699);
#699 = CARTESIAN_POINT('',(0.810266207999,0.949999999999,-0.20756667442)
  );
#700 = B_SPLINE_CURVE_WITH_KNOTS('',3,(#701,#702,#703,#704),
  .UNSPECIFIED.,.F.,.F.,(4,4),(0.,1.),.PIECEWISE_BEZIER_KNOTS.);
#701 = CARTESIAN_POINT('',(0.810266207999,0.949999999999,-0.20756667442)
  );
#702 = CARTESIAN_POINT('',(0.815943143445,0.949999999999,-0.207526411568
    ));
#703 = CARTESIAN_POINT('',(0.820958964553,0.949999999999,-0.208832159021
    ));
#704 = CARTESIAN_POINT('',(0.825298296572,0.95,-0.211515219344));
#705 = ORIENTED_EDGE('',*,*,#706,.F.);
#706 = EDGE_CURVE('',#707,#698,#709,.T.);
#707 = VERTEX_POINT('',#708);
#708 = CARTESIAN_POINT('',(0.794631520701,0.95,-0.224210127863));
#709 = B_SPLINE_CURVE_WITH_KNOTS('',3,(#710,#711,#712,#713),
  .UNSPECIFIED.,.F.,.F.,(4,4),(1.,2.),.PIECEWISE_BEZIER_KNOTS.);
#710 = CARTESIAN_POINT('',(0.794631520701,0.95,-0.224210127863));
#711 = CARTESIAN_POINT('',(0.794553207241,0.949999999999,-0.213168176502
    ));
#712 = CARTESIAN_POINT('',(0.799770115816,0.949999999999,-0.207641116452
    ));
#713 = CARTESIAN_POINT('',(0.810266207999,0.949999999999,-0.20756667442)
  );
#714 = ORIENTED_EDGE('',*,*,#715,.F.);
#715 = EDGE_CURVE('',#716,#707,#718,.T.);
#716 = VERTEX_POINT('',#717);
#717 = CARTESIAN_POINT('',(0.794830401492,0.95,-0.252251693608));
#718 = LINE('',#719,#720);
#719 = CARTESIAN_POINT('',(0.794631520701,0.95,-0.224210127863));
#720 = VECTOR('',#721,1.);
#721 = DIRECTION('',(-7.092178509005E-03,0.,0.999974850186));
#722 = ORIENTED_EDGE('',*,*,#723,.F.);
#723 = EDGE_CURVE('',#724,#716,#726,.T.);
#724 = VERTEX_POINT('',#725);
#725 = CARTESIAN_POINT('',(0.802472429977,0.95,-0.252197493615));
#726 = LINE('',#727,#728);
#727 = CARTESIAN_POINT('',(0.794830401492,0.95,-0.252251693608));
#728 = VECTOR('',#729,1.);
#729 = DIRECTION('',(-0.999974850186,0.,-7.092178509005E-03));
#730 = ORIENTED_EDGE('',*,*,#731,.F.);
#731 = EDGE_CURVE('',#732,#724,#734,.T.);
#732 = VERTEX_POINT('',#733);
#733 = CARTESIAN_POINT('',(0.802424645493,0.95,-0.245460031767));
#734 = LINE('',#735,#736);
#735 = CARTESIAN_POINT('',(0.802472429977,0.95,-0.252197493615));
#736 = VECTOR('',#737,1.);
#737 = DIRECTION('',(7.092178509005E-03,0.,-0.999974850186));
#738 = ORIENTED_EDGE('',*,*,#739,.F.);
#739 = EDGE_CURVE('',#740,#732,#742,.T.);
#740 = VERTEX_POINT('',#741);
#741 = CARTESIAN_POINT('',(0.802627393187,0.949999999999,-0.245458593808
    ));
#742 = LINE('',#743,#744);
#743 = CARTESIAN_POINT('',(0.802424645493,0.95,-0.245460031767));
#744 = VECTOR('',#745,1.);
#745 = DIRECTION('',(-0.999974850186,0.,-7.092178509005E-03));
#746 = ORIENTED_EDGE('',*,*,#747,.F.);
#747 = EDGE_CURVE('',#748,#740,#750,.T.);
#748 = VERTEX_POINT('',#749);
#749 = CARTESIAN_POINT('',(0.816032633962,0.949999999999,-0.253130706035
    ));
#750 = B_SPLINE_CURVE_WITH_KNOTS('',3,(#751,#752,#753,#754),
  .UNSPECIFIED.,.F.,.F.,(4,4),(6.,7.),.PIECEWISE_BEZIER_KNOTS.);
#751 = CARTESIAN_POINT('',(0.816032633962,0.949999999999,-0.253130706035
    ));
#752 = CARTESIAN_POINT('',(0.810152950822,0.949999999999,-0.253172406846
    ));
#753 = CARTESIAN_POINT('',(0.805674139912,0.949999999999,-0.250615109845
    ));
#754 = CARTESIAN_POINT('',(0.802627393187,0.949999999999,-0.245458593808
    ));
#755 = ORIENTED_EDGE('',*,*,#756,.F.);
#756 = EDGE_CURVE('',#757,#748,#759,.T.);
#757 = VERTEX_POINT('',#758);
#758 = CARTESIAN_POINT('',(0.826083300089,0.949999999999,-0.249628135704
    ));
#759 = B_SPLINE_CURVE_WITH_KNOTS('',3,(#760,#761,#762,#763),
  .UNSPECIFIED.,.F.,.F.,(4,4),(7.,8.),.PIECEWISE_BEZIER_KNOTS.);
#760 = CARTESIAN_POINT('',(0.826083300089,0.949999999999,-0.249628135704
    ));
#761 = CARTESIAN_POINT('',(0.823604093235,0.949999999999,-0.251922846229
    ));
#762 = CARTESIAN_POINT('',(0.820259143593,0.949999999999,-0.25310073012)
  );
#763 = CARTESIAN_POINT('',(0.816032633962,0.949999999999,-0.253130706035
    ));
#764 = ORIENTED_EDGE('',*,*,#765,.F.);
#765 = EDGE_CURVE('',#766,#757,#768,.T.);
#766 = VERTEX_POINT('',#767);
#767 = CARTESIAN_POINT('',(0.829760630784,0.949999999999,-0.240337578728
    ));
#768 = B_SPLINE_CURVE_WITH_KNOTS('',3,(#769,#770,#771,#772),
  .UNSPECIFIED.,.F.,.F.,(4,4),(8.,9.),.PIECEWISE_BEZIER_KNOTS.);
#769 = CARTESIAN_POINT('',(0.829760630784,0.949999999999,-0.240337578728
    ));
#770 = CARTESIAN_POINT('',(0.829788283841,0.949999999999,-0.244236572852
    ));
#771 = CARTESIAN_POINT('',(0.828562506943,0.949999999999,-0.247333425178
    ));
#772 = CARTESIAN_POINT('',(0.826083300089,0.949999999999,-0.249628135704
    ));
#773 = ORIENTED_EDGE('',*,*,#774,.F.);
#774 = EDGE_CURVE('',#775,#766,#777,.T.);
#775 = VERTEX_POINT('',#776);
#776 = CARTESIAN_POINT('',(0.815202282214,0.95,-0.226216585699));
#777 = B_SPLINE_CURVE_WITH_KNOTS('',3,(#778,#779,#780,#781),
  .UNSPECIFIED.,.F.,.F.,(4,4),(9.,10.),.PIECEWISE_BEZIER_KNOTS.);
#778 = CARTESIAN_POINT('',(0.815202282214,0.95,-0.226216585699));
#779 = CARTESIAN_POINT('',(0.824850108342,0.949999999999,-0.227489481319
    ));
#780 = CARTESIAN_POINT('',(0.829702891199,0.949999999999,-0.232196478995
    ));
#781 = CARTESIAN_POINT('',(0.829760630784,0.949999999999,-0.240337578728
    ));
#782 = ORIENTED_EDGE('',*,*,#783,.F.);
#783 = EDGE_CURVE('',#784,#775,#786,.T.);
#784 = VERTEX_POINT('',#785);
#785 = CARTESIAN_POINT('',(0.802275982654,0.949999999999,-0.224499039352
    ));
#786 = LINE('',#787,#788);
#787 = CARTESIAN_POINT('',(0.815202282214,0.95,-0.226216585699));
#788 = VECTOR('',#789,1.);
#789 = DIRECTION('',(0.991287678229,0.,-0.131714611911));
#790 = ORIENTED_EDGE('',*,*,#791,.F.);
#791 = EDGE_CURVE('',#792,#784,#794,.T.);
#792 = VERTEX_POINT('',#793);
#793 = CARTESIAN_POINT('',(0.811027646586,0.949999999999,-0.213768784904
    ));
#794 = B_SPLINE_CURVE_WITH_KNOTS('',3,(#795,#796,#797,#798),
  .UNSPECIFIED.,.F.,.F.,(4,4),(11.,12.),.PIECEWISE_BEZIER_KNOTS.);
#795 = CARTESIAN_POINT('',(0.811027646586,0.949999999999,-0.213768784904
    ));
#796 = CARTESIAN_POINT('',(0.805147963446,0.949999999999,-0.213810485715
    ));
#797 = CARTESIAN_POINT('',(0.802225543477,0.949999999999,-0.217387274069
    ));
#798 = CARTESIAN_POINT('',(0.802275982654,0.949999999999,-0.224499039352
    ));
#799 = ORIENTED_EDGE('',*,*,#800,.F.);
#800 = EDGE_CURVE('',#690,#792,#801,.T.);
#801 = B_SPLINE_CURVE_WITH_KNOTS('',3,(#802,#803,#804,#805),
  .UNSPECIFIED.,.F.,.F.,(4,4),(12.,13.),.PIECEWISE_BEZIER_KNOTS.);
#802 = CARTESIAN_POINT('',(0.825350947994,0.95,-0.218938904157));
#803 = CARTESIAN_POINT('',(0.82102168134,0.949999999999,-0.215475934397)
  );
#804 = CARTESIAN_POINT('',(0.816252298714,0.949999999999,-0.213731729807
    ));
#805 = CARTESIAN_POINT('',(0.811027646586,0.949999999999,-0.213768784904
    ));
#806 = FACE_BOUND('',#807,.T.);
#807 = EDGE_LOOP('',(#808,#819,#827,#835,#843,#852,#861));
#808 = ORIENTED_EDGE('',*,*,#809,.F.);
#809 = EDGE_CURVE('',#810,#812,#814,.T.);
#810 = VERTEX_POINT('',#811);
#811 = CARTESIAN_POINT('',(0.715602604336,0.949999999999,-0.156020106652
    ));
#812 = VERTEX_POINT('',#813);
#813 = CARTESIAN_POINT('',(0.691851700532,0.949999999999,-0.14764153151)
  );
#814 = B_SPLINE_CURVE_WITH_KNOTS('',3,(#815,#816,#817,#818),
  .UNSPECIFIED.,.F.,.F.,(4,4),(5.,6.),.PIECEWISE_BEZIER_KNOTS.);
#815 = CARTESIAN_POINT('',(0.715602604336,0.949999999999,-0.156020106652
    ));
#816 = CARTESIAN_POINT('',(0.705948694884,0.949999999999,-0.156088575623
    ));
#817 = CARTESIAN_POINT('',(0.698021403372,0.949999999999,-0.153306188301
    ));
#818 = CARTESIAN_POINT('',(0.691851700532,0.949999999999,-0.14764153151)
  );
#819 = ORIENTED_EDGE('',*,*,#820,.F.);
#820 = EDGE_CURVE('',#821,#810,#823,.T.);
#821 = VERTEX_POINT('',#822);
#822 = CARTESIAN_POINT('',(0.732383875049,0.95,-0.155901087891));
#823 = LINE('',#824,#825);
#824 = CARTESIAN_POINT('',(0.715602604336,0.95,-0.156020106652));
#825 = VECTOR('',#826,1.);
#826 = DIRECTION('',(-0.999974850186,0.,-7.092178509005E-03));
#827 = ORIENTED_EDGE('',*,*,#828,.F.);
#828 = EDGE_CURVE('',#829,#821,#831,.T.);
#829 = VERTEX_POINT('',#830);
#830 = CARTESIAN_POINT('',(0.731951160001,0.95,-9.4889627827E-02));
#831 = LINE('',#832,#833);
#832 = CARTESIAN_POINT('',(0.732383875049,0.95,-0.155901087891));
#833 = VECTOR('',#834,1.);
#834 = DIRECTION('',(7.092178509005E-03,0.,-0.999974850186));
#835 = ORIENTED_EDGE('',*,*,#836,.F.);
#836 = EDGE_CURVE('',#837,#829,#839,.T.);
#837 = VERTEX_POINT('',#838);
#838 = CARTESIAN_POINT('',(0.714546050228,0.95,-9.5013071077E-02));
#839 = LINE('',#840,#841);
#840 = CARTESIAN_POINT('',(0.731951160001,0.95,-9.4889627827E-02));
#841 = VECTOR('',#842,1.);
#842 = DIRECTION('',(0.999974850186,0.,7.092178509005E-03));
#843 = ORIENTED_EDGE('',*,*,#844,.F.);
#844 = EDGE_CURVE('',#845,#837,#847,.T.);
#845 = VERTEX_POINT('',#846);
#846 = CARTESIAN_POINT('',(0.691536898122,0.949999999999,-0.103255382394
    ));
#847 = B_SPLINE_CURVE_WITH_KNOTS('',3,(#848,#849,#850,#851),
  .UNSPECIFIED.,.F.,.F.,(4,4),(2.,3.),.PIECEWISE_BEZIER_KNOTS.);
#848 = CARTESIAN_POINT('',(0.691536898122,0.949999999999,-0.103255382394
    ));
#849 = CARTESIAN_POINT('',(0.697627845054,0.949999999999,
    -9.7815703918E-02));
#850 = CARTESIAN_POINT('',(0.705297636164,0.949999999999,
    -9.507866413E-02));
#851 = CARTESIAN_POINT('',(0.714546050228,0.95,-9.5013071077E-02));
#852 = ORIENTED_EDGE('',*,*,#853,.F.);
#853 = EDGE_CURVE('',#854,#845,#856,.T.);
#854 = VERTEX_POINT('',#855);
#855 = CARTESIAN_POINT('',(0.682488801764,0.949999999999,-0.124967858991
    ));
#856 = B_SPLINE_CURVE_WITH_KNOTS('',3,(#857,#858,#859,#860),
  .UNSPECIFIED.,.F.,.F.,(4,4),(3.,4.),.PIECEWISE_BEZIER_KNOTS.);
#857 = CARTESIAN_POINT('',(0.682488801764,0.949999999999,-0.124967858991
    ));
#858 = CARTESIAN_POINT('',(0.68242464667,0.949999999999,-0.115922192621)
  );
#859 = CARTESIAN_POINT('',(0.685445951189,0.949999999999,-0.108695060869
    ));
#860 = CARTESIAN_POINT('',(0.691536898122,0.949999999999,-0.103255382394
    ));
#861 = ORIENTED_EDGE('',*,*,#862,.F.);
#862 = EDGE_CURVE('',#812,#854,#863,.T.);
#863 = B_SPLINE_CURVE_WITH_KNOTS('',3,(#864,#865,#866,#867),
  .UNSPECIFIED.,.F.,.F.,(4,4),(4.,5.),.PIECEWISE_BEZIER_KNOTS.);
#864 = CARTESIAN_POINT('',(0.691851700532,0.949999999999,-0.14764153151)
  );
#865 = CARTESIAN_POINT('',(0.685681997691,0.949999999999,-0.141976874718
    ));
#866 = CARTESIAN_POINT('',(0.682555832776,0.949999999999,-0.134419020749
    ));
#867 = CARTESIAN_POINT('',(0.682488801764,0.949999999999,-0.124967858991
    ));
#868 = FACE_BOUND('',#869,.T.);
#869 = EDGE_LOOP('',(#870,#880,#888,#896,#904,#912));
#870 = ORIENTED_EDGE('',*,*,#871,.F.);
#871 = EDGE_CURVE('',#872,#874,#876,.T.);
#872 = VERTEX_POINT('',#873);
#873 = CARTESIAN_POINT('',(1.399999999999,0.95,0.));
#874 = VERTEX_POINT('',#875);
#875 = CARTESIAN_POINT('',(1.160818676624,0.949999999999,0.));
#876 = LINE('',#877,#878);
#877 = CARTESIAN_POINT('',(-1.4,0.95,0.));
#878 = VECTOR('',#879,1.);
#879 = DIRECTION('',(-1.,0.,0.));
#880 = ORIENTED_EDGE('',*,*,#881,.F.);
#881 = EDGE_CURVE('',#882,#872,#884,.T.);
#882 = VERTEX_POINT('',#883);
#883 = CARTESIAN_POINT('',(1.399999999999,0.95,-0.34));
#884 = LINE('',#885,#886);
#885 = CARTESIAN_POINT('',(1.399999999999,0.95,-0.34));
#886 = VECTOR('',#887,1.);
#887 = DIRECTION('',(0.,0.,1.));
#888 = ORIENTED_EDGE('',*,*,#889,.T.);
#889 = EDGE_CURVE('',#882,#890,#892,.T.);
#890 = VERTEX_POINT('',#891);
#891 = CARTESIAN_POINT('',(-1.4,0.95,-0.34));
#892 = LINE('',#893,#894);
#893 = CARTESIAN_POINT('',(-1.4,0.95,-0.34));
#894 = VECTOR('',#895,1.);
#895 = DIRECTION('',(-1.,0.,0.));
#896 = ORIENTED_EDGE('',*,*,#897,.T.);
#897 = EDGE_CURVE('',#890,#898,#900,.T.);
#898 = VERTEX_POINT('',#899);
#899 = CARTESIAN_POINT('',(-1.4,0.95,0.));
#900 = LINE('',#901,#902);
#901 = CARTESIAN_POINT('',(-1.4,0.95,-0.34));
#902 = VECTOR('',#903,1.);
#903 = DIRECTION('',(0.,0.,1.));
#904 = ORIENTED_EDGE('',*,*,#905,.F.);
#905 = EDGE_CURVE('',#906,#898,#908,.T.);
#906 = VERTEX_POINT('',#907);
#907 = CARTESIAN_POINT('',(-1.160818676624,0.95,0.));
#908 = LINE('',#909,#910);
#909 = CARTESIAN_POINT('',(-1.4,0.95,0.));
#910 = VECTOR('',#911,1.);
#911 = DIRECTION('',(-1.,0.,0.));
#912 = ORIENTED_EDGE('',*,*,#913,.F.);
#913 = EDGE_CURVE('',#874,#906,#914,.T.);
#914 = LINE('',#915,#916);
#915 = CARTESIAN_POINT('',(-1.4,0.95,0.));
#916 = VECTOR('',#917,1.);
#917 = DIRECTION('',(-1.,0.,0.));
#918 = FACE_BOUND('',#919,.T.);
#919 = EDGE_LOOP('',(#920,#930,#938,#946,#954,#962));
#920 = ORIENTED_EDGE('',*,*,#921,.F.);
#921 = EDGE_CURVE('',#922,#924,#926,.T.);
#922 = VERTEX_POINT('',#923);
#923 = CARTESIAN_POINT('',(0.837061524185,0.95,-0.14820252124));
#924 = VERTEX_POINT('',#925);
#925 = CARTESIAN_POINT('',(0.86136005557,0.95,-0.148030187383));
#926 = LINE('',#927,#928);
#927 = CARTESIAN_POINT('',(0.86136005557,0.95,-0.148030187383));
#928 = VECTOR('',#929,1.);
#929 = DIRECTION('',(0.999974850186,0.,7.092178509005E-03));
#930 = ORIENTED_EDGE('',*,*,#931,.F.);
#931 = EDGE_CURVE('',#932,#922,#934,.T.);
#932 = VERTEX_POINT('',#933);
#933 = CARTESIAN_POINT('',(0.83711085724,0.95,-0.155158326758));
#934 = LINE('',#935,#936);
#935 = CARTESIAN_POINT('',(0.837061524185,0.95,-0.14820252124));
#936 = VECTOR('',#937,1.);
#937 = DIRECTION('',(-7.092178509005E-03,0.,0.999974850186));
#938 = ORIENTED_EDGE('',*,*,#939,.F.);
#939 = EDGE_CURVE('',#940,#932,#942,.T.);
#940 = VERTEX_POINT('',#941);
#941 = CARTESIAN_POINT('',(0.869285356757,0.95,-0.154930133725));
#942 = LINE('',#943,#944);
#943 = CARTESIAN_POINT('',(0.83711085724,0.95,-0.155158326758));
#944 = VECTOR('',#945,1.);
#945 = DIRECTION('',(-0.999974850186,0.,-7.092178509005E-03));
#946 = ORIENTED_EDGE('',*,*,#947,.F.);
#947 = EDGE_CURVE('',#948,#940,#950,.T.);
#948 = VERTEX_POINT('',#949);
#949 = CARTESIAN_POINT('',(0.868852641709,0.95,-9.3918673661E-02));
#950 = LINE('',#951,#952);
#951 = CARTESIAN_POINT('',(0.869285356757,0.95,-0.154930133725));
#952 = VECTOR('',#953,1.);
#953 = DIRECTION('',(7.092178509005E-03,0.,-0.999974850186));
#954 = ORIENTED_EDGE('',*,*,#955,.F.);
#955 = EDGE_CURVE('',#956,#948,#958,.T.);
#956 = VERTEX_POINT('',#957);
#957 = CARTESIAN_POINT('',(0.860976673577,0.95,-9.3974532838E-02));
#958 = LINE('',#959,#960);
#959 = CARTESIAN_POINT('',(0.868852641709,0.95,-9.3918673661E-02));
#960 = VECTOR('',#961,1.);
#961 = DIRECTION('',(0.999974850186,0.,7.092178509005E-03));
#962 = ORIENTED_EDGE('',*,*,#963,.F.);
#963 = EDGE_CURVE('',#924,#956,#964,.T.);
#964 = LINE('',#965,#966);
#965 = CARTESIAN_POINT('',(0.860976673577,0.95,-9.3974532838E-02));
#966 = VECTOR('',#967,1.);
#967 = DIRECTION('',(-7.092178509005E-03,0.,0.999974850186));
#968 = FACE_BOUND('',#969,.T.);
#969 = EDGE_LOOP('',(#970,#980,#989,#998,#1007,#1016,#1025,#1034,#1042,
    #1051,#1060,#1069,#1078,#1087));
#970 = ORIENTED_EDGE('',*,*,#971,.F.);
#971 = EDGE_CURVE('',#972,#974,#976,.T.);
#972 = VERTEX_POINT('',#973);
#973 = CARTESIAN_POINT('',(0.788916966653,0.95,-0.152973459748));
#974 = VERTEX_POINT('',#975);
#975 = CARTESIAN_POINT('',(0.788863430333,0.95,-0.145425007122));
#976 = LINE('',#977,#978);
#977 = CARTESIAN_POINT('',(0.788863430333,0.95,-0.145425007122));
#978 = VECTOR('',#979,1.);
#979 = DIRECTION('',(-7.092178509005E-03,0.,0.999974850186));
#980 = ORIENTED_EDGE('',*,*,#981,.F.);
#981 = EDGE_CURVE('',#982,#972,#984,.T.);
#982 = VERTEX_POINT('',#983);
#983 = CARTESIAN_POINT('',(0.80583262879,0.949999999999,-0.156409549343)
  );
#984 = B_SPLINE_CURVE_WITH_KNOTS('',3,(#985,#986,#987,#988),
  .UNSPECIFIED.,.F.,.F.,(4,4),(0.,1.),.PIECEWISE_BEZIER_KNOTS.);
#985 = CARTESIAN_POINT('',(0.80583262879,0.949999999999,-0.156409549343)
  );
#986 = CARTESIAN_POINT('',(0.79906397499,0.949999999999,-0.156457555052)
  );
#987 = CARTESIAN_POINT('',(0.793425420944,0.949999999999,-0.155312191853
    ));
#988 = CARTESIAN_POINT('',(0.788916966653,0.95,-0.152973459748));
#989 = ORIENTED_EDGE('',*,*,#990,.F.);
#990 = EDGE_CURVE('',#991,#982,#993,.T.);
#991 = VERTEX_POINT('',#992);
#992 = CARTESIAN_POINT('',(0.826734554273,0.95,-0.147932635054));
#993 = B_SPLINE_CURVE_WITH_KNOTS('',3,(#994,#995,#996,#997),
  .UNSPECIFIED.,.F.,.F.,(4,4),(1.,2.),.PIECEWISE_BEZIER_KNOTS.);
#994 = CARTESIAN_POINT('',(0.826734554273,0.95,-0.147932635054));
#995 = CARTESIAN_POINT('',(0.821549280101,0.949999999999,-0.153521857785
    ));
#996 = CARTESIAN_POINT('',(0.814581971606,0.949999999999,-0.156347495881
    ));
#997 = CARTESIAN_POINT('',(0.80583262879,0.949999999999,-0.156409549343)
  );
#998 = ORIENTED_EDGE('',*,*,#999,.F.);
#999 = EDGE_CURVE('',#1000,#991,#1002,.T.);
#1000 = VERTEX_POINT('',#1001);
#1001 = CARTESIAN_POINT('',(0.834407328781,0.949999999999,
    -0.125824396944));
#1002 = B_SPLINE_CURVE_WITH_KNOTS('',3,(#1003,#1004,#1005,#1006),
  .UNSPECIFIED.,.F.,.F.,(4,4),(2.,3.),.PIECEWISE_BEZIER_KNOTS.);
#1003 = CARTESIAN_POINT('',(0.834407328781,0.949999999999,
    -0.125824396944));
#1004 = CARTESIAN_POINT('',(0.834472147548,0.949999999999,
    -0.134963639173));
#1005 = CARTESIAN_POINT('',(0.831919828446,0.949999999999,
    -0.142343412323));
#1006 = CARTESIAN_POINT('',(0.826734554273,0.95,-0.147932635054));
#1007 = ORIENTED_EDGE('',*,*,#1008,.F.);
#1008 = EDGE_CURVE('',#1009,#1000,#1011,.T.);
#1009 = VERTEX_POINT('',#1010);
#1010 = CARTESIAN_POINT('',(0.825427471468,0.949999999999,
    -0.102181008577));
#1011 = B_SPLINE_CURVE_WITH_KNOTS('',3,(#1012,#1013,#1014,#1015),
  .UNSPECIFIED.,.F.,.F.,(4,4),(3.,4.),.PIECEWISE_BEZIER_KNOTS.);
#1012 = CARTESIAN_POINT('',(0.825427471468,0.949999999999,
    -0.102181008577));
#1013 = CARTESIAN_POINT('',(0.831349629704,0.949999999999,
    -0.108128162741));
#1014 = CARTESIAN_POINT('',(0.834337643075,0.949999999999,-0.11599893175
    ));
#1015 = CARTESIAN_POINT('',(0.834407328781,0.949999999999,
    -0.125824396944));
#1016 = ORIENTED_EDGE('',*,*,#1017,.F.);
#1017 = EDGE_CURVE('',#1018,#1009,#1020,.T.);
#1018 = VERTEX_POINT('',#1019);
#1019 = CARTESIAN_POINT('',(0.802952340593,0.949999999999,
    -9.3356675889E-02));
#1020 = B_SPLINE_CURVE_WITH_KNOTS('',3,(#1021,#1022,#1023,#1024),
  .UNSPECIFIED.,.F.,.F.,(4,4),(4.,5.),.PIECEWISE_BEZIER_KNOTS.);
#1021 = CARTESIAN_POINT('',(0.802952340593,0.949999999999,
    -9.3356675889E-02));
#1022 = CARTESIAN_POINT('',(0.812013602939,0.949999999999,
    -9.3292410183E-02));
#1023 = CARTESIAN_POINT('',(0.819505313231,0.949999999999,
    -9.6233854412E-02));
#1024 = CARTESIAN_POINT('',(0.825427471468,0.949999999999,
    -0.102181008577));
#1025 = ORIENTED_EDGE('',*,*,#1026,.F.);
#1026 = EDGE_CURVE('',#1027,#1018,#1029,.T.);
#1027 = VERTEX_POINT('',#1028);
#1028 = CARTESIAN_POINT('',(0.788512568336,0.95,-9.5954569668E-02));
#1029 = B_SPLINE_CURVE_WITH_KNOTS('',3,(#1030,#1031,#1032,#1033),
  .UNSPECIFIED.,.F.,.F.,(4,4),(5.,6.),.PIECEWISE_BEZIER_KNOTS.);
#1030 = CARTESIAN_POINT('',(0.788512568336,0.95,-9.5954569668E-02));
#1031 = CARTESIAN_POINT('',(0.792306261705,0.949999999999,
    -9.4274406774E-02));
#1032 = CARTESIAN_POINT('',(0.797119445383,0.949999999999,
    -9.3398044864E-02));
#1033 = CARTESIAN_POINT('',(0.802952340593,0.949999999999,
    -9.3356675889E-02));
#1034 = ORIENTED_EDGE('',*,*,#1035,.F.);
#1035 = EDGE_CURVE('',#1036,#1027,#1038,.T.);
#1036 = VERTEX_POINT('',#1037);
#1037 = CARTESIAN_POINT('',(0.788570971594,0.949999999999,
    -0.104189245259));
#1038 = LINE('',#1039,#1040);
#1039 = CARTESIAN_POINT('',(0.788512568336,0.95,-9.5954569668E-02));
#1040 = VECTOR('',#1041,1.);
#1041 = DIRECTION('',(-7.092178509005E-03,0.,0.999974850186));
#1042 = ORIENTED_EDGE('',*,*,#1043,.F.);
#1043 = EDGE_CURVE('',#1044,#1036,#1046,.T.);
#1044 = VERTEX_POINT('',#1045);
#1045 = CARTESIAN_POINT('',(0.802924799888,0.949999999999,
    -0.100468994234));
#1046 = B_SPLINE_CURVE_WITH_KNOTS('',3,(#1047,#1048,#1049,#1050),
  .UNSPECIFIED.,.F.,.F.,(4,4),(7.,8.),.PIECEWISE_BEZIER_KNOTS.);
#1047 = CARTESIAN_POINT('',(0.802924799888,0.949999999999,
    -0.100468994234));
#1048 = CARTESIAN_POINT('',(0.797700147761,0.949999999999,
    -0.100506049332));
#1049 = CARTESIAN_POINT('',(0.792920589505,0.949999999999,-0.1017253015)
  );
#1050 = CARTESIAN_POINT('',(0.788570971594,0.949999999999,
    -0.104189245259));
#1051 = ORIENTED_EDGE('',*,*,#1052,.F.);
#1052 = EDGE_CURVE('',#1053,#1044,#1055,.T.);
#1053 = VERTEX_POINT('',#1054);
#1054 = CARTESIAN_POINT('',(0.819598116544,0.949999999999,
    -0.107119735396));
#1055 = B_SPLINE_CURVE_WITH_KNOTS('',3,(#1056,#1057,#1058,#1059),
  .UNSPECIFIED.,.F.,.F.,(4,4),(8.,9.),.PIECEWISE_BEZIER_KNOTS.);
#1056 = CARTESIAN_POINT('',(0.819598116544,0.949999999999,
    -0.107119735396));
#1057 = CARTESIAN_POINT('',(0.81527714546,0.949999999999,-0.102627320575
    ));
#1058 = CARTESIAN_POINT('',(0.809724645642,0.949999999999,
    -0.100420767301));
#1059 = CARTESIAN_POINT('',(0.802924799888,0.949999999999,
    -0.100468994234));
#1060 = ORIENTED_EDGE('',*,*,#1061,.F.);
#1061 = EDGE_CURVE('',#1062,#1053,#1064,.T.);
#1062 = VERTEX_POINT('',#1063);
#1063 = CARTESIAN_POINT('',(0.826138142869,0.949999999999,
    -0.125415142132));
#1064 = B_SPLINE_CURVE_WITH_KNOTS('',3,(#1065,#1066,#1067,#1068),
  .UNSPECIFIED.,.F.,.F.,(4,4),(9.,10.),.PIECEWISE_BEZIER_KNOTS.);
#1065 = CARTESIAN_POINT('',(0.826138142869,0.949999999999,
    -0.125415142132));
#1066 = CARTESIAN_POINT('',(0.826083721652,0.949999999999,
    -0.117741921694));
#1067 = CARTESIAN_POINT('',(0.823903712877,0.949999999999,
    -0.111643452783));
#1068 = CARTESIAN_POINT('',(0.819598116544,0.949999999999,
    -0.107119735396));
#1069 = ORIENTED_EDGE('',*,*,#1070,.F.);
#1070 = EDGE_CURVE('',#1071,#1062,#1073,.T.);
#1071 = VERTEX_POINT('',#1072);
#1072 = CARTESIAN_POINT('',(0.820272731144,0.949999999999,
    -0.142862727001));
#1073 = B_SPLINE_CURVE_WITH_KNOTS('',3,(#1074,#1075,#1076,#1077),
  .UNSPECIFIED.,.F.,.F.,(4,4),(10.,11.),.PIECEWISE_BEZIER_KNOTS.);
#1074 = CARTESIAN_POINT('',(0.820272731144,0.949999999999,
    -0.142862727001));
#1075 = CARTESIAN_POINT('',(0.824234772152,0.949999999999,
    -0.138529920756));
#1076 = CARTESIAN_POINT('',(0.826189909394,0.949999999999,
    -0.132714059133));
#1077 = CARTESIAN_POINT('',(0.826138142869,0.949999999999,
    -0.125415142132));
#1078 = ORIENTED_EDGE('',*,*,#1079,.F.);
#1079 = EDGE_CURVE('',#1080,#1071,#1082,.T.);
#1080 = VERTEX_POINT('',#1081);
#1081 = CARTESIAN_POINT('',(0.804644347002,0.949999999999,
    -0.149399434612));
#1082 = B_SPLINE_CURVE_WITH_KNOTS('',3,(#1083,#1084,#1085,#1086),
  .UNSPECIFIED.,.F.,.F.,(4,4),(11.,12.),.PIECEWISE_BEZIER_KNOTS.);
#1083 = CARTESIAN_POINT('',(0.804644347002,0.949999999999,
    -0.149399434612));
#1084 = CARTESIAN_POINT('',(0.811101081272,0.949999999999,
    -0.149353641148));
#1085 = CARTESIAN_POINT('',(0.816310468912,0.949999999999,
    -0.147164341293));
#1086 = CARTESIAN_POINT('',(0.820272731144,0.949999999999,
    -0.142862727001));
#1087 = ORIENTED_EDGE('',*,*,#1088,.F.);
#1088 = EDGE_CURVE('',#974,#1080,#1089,.T.);
#1089 = B_SPLINE_CURVE_WITH_KNOTS('',3,(#1090,#1091,#1092,#1093),
  .UNSPECIFIED.,.F.,.F.,(4,4),(12.,13.),.PIECEWISE_BEZIER_KNOTS.);
#1090 = CARTESIAN_POINT('',(0.788863430333,0.95,-0.145425007122));
#1091 = CARTESIAN_POINT('',(0.79334312614,0.949999999999,-0.148107071935
    ));
#1092 = CARTESIAN_POINT('',(0.798608704097,0.949999999999,
    -0.149442241545));
#1093 = CARTESIAN_POINT('',(0.804644347002,0.949999999999,
    -0.149399434612));
#1094 = FACE_BOUND('',#1095,.T.);
#1095 = EDGE_LOOP('',(#1096,#1106,#1114,#1122,#1130,#1138,#1146,#1154,
    #1162,#1170,#1178,#1186));
#1096 = ORIENTED_EDGE('',*,*,#1097,.F.);
#1097 = EDGE_CURVE('',#1098,#1100,#1102,.T.);
#1098 = VERTEX_POINT('',#1099);
#1099 = CARTESIAN_POINT('',(0.743859968627,0.95,-0.148863539934));
#1100 = VERTEX_POINT('',#1101);
#1101 = CARTESIAN_POINT('',(0.768797935049,0.95,-0.148686670976));
#1102 = LINE('',#1103,#1104);
#1103 = CARTESIAN_POINT('',(0.768797935049,0.95,-0.148686670976));
#1104 = VECTOR('',#1105,1.);
#1105 = DIRECTION('',(0.999974850186,0.,7.092178509005E-03));
#1106 = ORIENTED_EDGE('',*,*,#1107,.F.);
#1107 = EDGE_CURVE('',#1108,#1098,#1110,.T.);
#1108 = VERTEX_POINT('',#1109);
#1109 = CARTESIAN_POINT('',(0.743909301682,0.95,-0.155819345452));
#1110 = LINE('',#1111,#1112);
#1111 = CARTESIAN_POINT('',(0.743859968627,0.95,-0.148863539934));
#1112 = VECTOR('',#1113,1.);
#1113 = DIRECTION('',(-7.092178509005E-03,0.,0.999974850186));
#1114 = ORIENTED_EDGE('',*,*,#1115,.F.);
#1115 = EDGE_CURVE('',#1116,#1108,#1118,.T.);
#1116 = VERTEX_POINT('',#1117);
#1117 = CARTESIAN_POINT('',(0.776723236236,0.95,-0.155586617318));
#1118 = LINE('',#1119,#1120);
#1119 = CARTESIAN_POINT('',(0.743909301682,0.95,-0.155819345452));
#1120 = VECTOR('',#1121,1.);
#1121 = DIRECTION('',(-0.999974850186,0.,-7.092178509005E-03));
#1122 = ORIENTED_EDGE('',*,*,#1123,.F.);
#1123 = EDGE_CURVE('',#1124,#1116,#1126,.T.);
#1124 = VERTEX_POINT('',#1125);
#1125 = CARTESIAN_POINT('',(0.776290521187,0.95,-9.4575157254E-02));
#1126 = LINE('',#1127,#1128);
#1127 = CARTESIAN_POINT('',(0.776723236236,0.95,-0.155586617318));
#1128 = VECTOR('',#1129,1.);
#1129 = DIRECTION('',(7.092178509005E-03,0.,-0.999974850186));
#1130 = ORIENTED_EDGE('',*,*,#1131,.F.);
#1131 = EDGE_CURVE('',#1132,#1124,#1134,.T.);
#1132 = VERTEX_POINT('',#1133);
#1133 = CARTESIAN_POINT('',(0.744864628542,0.95,-9.47980409E-02));
#1134 = LINE('',#1135,#1136);
#1135 = CARTESIAN_POINT('',(0.776290521187,0.95,-9.4575157254E-02));
#1136 = VECTOR('',#1137,1.);
#1137 = DIRECTION('',(0.999974850186,0.,7.092178509005E-03));
#1138 = ORIENTED_EDGE('',*,*,#1139,.F.);
#1139 = EDGE_CURVE('',#1140,#1132,#1142,.T.);
#1140 = VERTEX_POINT('',#1141);
#1141 = CARTESIAN_POINT('',(0.744914404046,0.95,-0.101816230324));
#1142 = LINE('',#1143,#1144);
#1143 = CARTESIAN_POINT('',(0.744864628542,0.95,-9.47980409E-02));
#1144 = VECTOR('',#1145,1.);
#1145 = DIRECTION('',(-7.092178509005E-03,0.,0.999974850186));
#1146 = ORIENTED_EDGE('',*,*,#1147,.F.);
#1147 = EDGE_CURVE('',#1148,#1140,#1150,.T.);
#1148 = VERTEX_POINT('',#1149);
#1149 = CARTESIAN_POINT('',(0.768464328559,0.95,-0.101649205855));
#1150 = LINE('',#1151,#1152);
#1151 = CARTESIAN_POINT('',(0.744914404046,0.95,-0.101816230324));
#1152 = VECTOR('',#1153,1.);
#1153 = DIRECTION('',(-0.999974850186,0.,-7.092178509005E-03));
#1154 = ORIENTED_EDGE('',*,*,#1155,.F.);
#1155 = EDGE_CURVE('',#1156,#1148,#1158,.T.);
#1156 = VERTEX_POINT('',#1157);
#1157 = CARTESIAN_POINT('',(0.768602815073,0.95,-0.121175368432));
#1158 = LINE('',#1159,#1160);
#1159 = CARTESIAN_POINT('',(0.768464328559,0.95,-0.101649205855));
#1160 = VECTOR('',#1161,1.);
#1161 = DIRECTION('',(-7.092178509005E-03,0.,0.999974850186));
#1162 = ORIENTED_EDGE('',*,*,#1163,.F.);
#1163 = EDGE_CURVE('',#1164,#1156,#1166,.T.);
#1164 = VERTEX_POINT('',#1165);
#1165 = CARTESIAN_POINT('',(0.746784043951,0.95,-0.121330114943));
#1166 = LINE('',#1167,#1168);
#1167 = CARTESIAN_POINT('',(0.768602815073,0.95,-0.121175368432));
#1168 = VECTOR('',#1169,1.);
#1169 = DIRECTION('',(0.999974850186,0.,7.092178509005E-03));
#1170 = ORIENTED_EDGE('',*,*,#1171,.F.);
#1171 = EDGE_CURVE('',#1172,#1164,#1174,.T.);
#1172 = VERTEX_POINT('',#1173);
#1173 = CARTESIAN_POINT('',(0.74683359823,0.95,-0.128317112415));
#1174 = LINE('',#1175,#1176);
#1175 = CARTESIAN_POINT('',(0.746784043951,0.95,-0.121330114943));
#1176 = VECTOR('',#1177,1.);
#1177 = DIRECTION('',(-7.092178509005E-03,0.,0.999974850186));
#1178 = ORIENTED_EDGE('',*,*,#1179,.F.);
#1179 = EDGE_CURVE('',#1180,#1172,#1182,.T.);
#1180 = VERTEX_POINT('',#1181);
#1181 = CARTESIAN_POINT('',(0.768652369352,0.95,-0.128162365903));
#1182 = LINE('',#1183,#1184);
#1183 = CARTESIAN_POINT('',(0.74683359823,0.95,-0.128317112415));
#1184 = VECTOR('',#1185,1.);
#1185 = DIRECTION('',(-0.999974850186,0.,-7.092178509005E-03));
#1186 = ORIENTED_EDGE('',*,*,#1187,.F.);
#1187 = EDGE_CURVE('',#1100,#1180,#1188,.T.);
#1188 = LINE('',#1189,#1190);
#1189 = CARTESIAN_POINT('',(0.768652369352,0.95,-0.128162365903));
#1190 = VECTOR('',#1191,1.);
#1191 = DIRECTION('',(-7.092178509005E-03,0.,0.999974850186));
#1192 = FACE_BOUND('',#1193,.T.);
#1193 = EDGE_LOOP('',(#1194,#1204,#1212,#1220,#1228,#1236,#1244,#1252));
#1194 = ORIENTED_EDGE('',*,*,#1195,.F.);
#1195 = EDGE_CURVE('',#1196,#1198,#1200,.T.);
#1196 = VERTEX_POINT('',#1197);
#1197 = CARTESIAN_POINT('',(0.647233815658,0.95,-9.5490473467E-02));
#1198 = VERTEX_POINT('',#1199);
#1199 = CARTESIAN_POINT('',(0.655655642968,0.95,-9.5430742862E-02));
#1200 = LINE('',#1201,#1202);
#1201 = CARTESIAN_POINT('',(0.655655642968,0.95,-9.5430742862E-02));
#1202 = VECTOR('',#1203,1.);
#1203 = DIRECTION('',(0.999974850186,0.,7.092178509005E-03));
#1204 = ORIENTED_EDGE('',*,*,#1205,.F.);
#1205 = EDGE_CURVE('',#1206,#1196,#1208,.T.);
#1206 = VERTEX_POINT('',#1207);
#1207 = CARTESIAN_POINT('',(0.624428525723,0.95,-0.156666745756));
#1208 = LINE('',#1209,#1210);
#1209 = CARTESIAN_POINT('',(0.647233815658,0.95,-9.5490473467E-02));
#1210 = VECTOR('',#1211,1.);
#1211 = DIRECTION('',(0.349299057801,0.,0.937011295673));
#1212 = ORIENTED_EDGE('',*,*,#1213,.F.);
#1213 = EDGE_CURVE('',#1214,#1206,#1216,.T.);
#1214 = VERTEX_POINT('',#1215);
#1215 = CARTESIAN_POINT('',(0.63313108061,0.95,-0.156605024131));
#1216 = LINE('',#1217,#1218);
#1217 = CARTESIAN_POINT('',(0.624428525723,0.95,-0.156666745756));
#1218 = VECTOR('',#1219,1.);
#1219 = DIRECTION('',(-0.999974850186,0.,-7.092178509005E-03));
#1220 = ORIENTED_EDGE('',*,*,#1221,.F.);
#1221 = EDGE_CURVE('',#1222,#1214,#1224,.T.);
#1222 = VERTEX_POINT('',#1223);
#1223 = CARTESIAN_POINT('',(0.639235520145,0.95,-0.139873194996));
#1224 = LINE('',#1225,#1226);
#1225 = CARTESIAN_POINT('',(0.63313108061,0.95,-0.156605024131));
#1226 = VECTOR('',#1227,1.);
#1227 = DIRECTION('',(-0.342741495824,0.,-0.93942975631));
#1228 = ORIENTED_EDGE('',*,*,#1229,.F.);
#1229 = EDGE_CURVE('',#1230,#1222,#1232,.T.);
#1230 = VERTEX_POINT('',#1231);
#1231 = CARTESIAN_POINT('',(0.664641365862,0.95,-0.139693007672));
#1232 = LINE('',#1233,#1234);
#1233 = CARTESIAN_POINT('',(0.639235520145,0.95,-0.139873194996));
#1234 = VECTOR('',#1235,1.);
#1235 = DIRECTION('',(-0.999974850186,0.,-7.092178509005E-03));
#1236 = ORIENTED_EDGE('',*,*,#1237,.F.);
#1237 = EDGE_CURVE('',#1238,#1230,#1240,.T.);
#1238 = VERTEX_POINT('',#1239);
#1239 = CARTESIAN_POINT('',(0.670623808113,0.95,-0.156339112327));
#1240 = LINE('',#1241,#1242);
#1241 = CARTESIAN_POINT('',(0.664641365862,0.95,-0.139693007672));
#1242 = VECTOR('',#1243,1.);
#1243 = DIRECTION('',(-0.338211162479,0.,0.941070246886));
#1244 = ORIENTED_EDGE('',*,*,#1245,.F.);
#1245 = EDGE_CURVE('',#1246,#1238,#1248,.T.);
#1246 = VERTEX_POINT('',#1247);
#1247 = CARTESIAN_POINT('',(0.679326362999,0.95,-0.156277390702));
#1248 = LINE('',#1249,#1250);
#1249 = CARTESIAN_POINT('',(0.670623808113,0.95,-0.156339112327));
#1250 = VECTOR('',#1251,1.);
#1251 = DIRECTION('',(-0.999974850186,0.,-7.092178509005E-03));
#1252 = ORIENTED_EDGE('',*,*,#1253,.F.);
#1253 = EDGE_CURVE('',#1198,#1246,#1254,.T.);
#1254 = LINE('',#1255,#1256);
#1255 = CARTESIAN_POINT('',(0.679326362999,0.95,-0.156277390702));
#1256 = VECTOR('',#1257,1.);
#1257 = DIRECTION('',(0.362554487497,0.,-0.931962576285));
#1258 = FACE_BOUND('',#1259,.T.);
#1259 = EDGE_LOOP('',(#1260,#1270,#1278,#1286,#1294,#1302,#1310,#1318,
    #1326,#1334,#1342,#1350));
#1260 = ORIENTED_EDGE('',*,*,#1261,.F.);
#1261 = EDGE_CURVE('',#1262,#1264,#1266,.T.);
#1262 = VERTEX_POINT('',#1263);
#1263 = CARTESIAN_POINT('',(0.837108548655,0.95,-0.244995686494));
#1264 = VERTEX_POINT('',#1265);
#1265 = CARTESIAN_POINT('',(0.862046515077,0.95,-0.244818817536));
#1266 = LINE('',#1267,#1268);
#1267 = CARTESIAN_POINT('',(0.862046515077,0.95,-0.244818817536));
#1268 = VECTOR('',#1269,1.);
#1269 = DIRECTION('',(0.999974850186,0.,7.092178509005E-03));
#1270 = ORIENTED_EDGE('',*,*,#1271,.F.);
#1271 = EDGE_CURVE('',#1272,#1262,#1274,.T.);
#1272 = VERTEX_POINT('',#1273);
#1273 = CARTESIAN_POINT('',(0.837157881711,0.95,-0.251951492012));
#1274 = LINE('',#1275,#1276);
#1275 = CARTESIAN_POINT('',(0.837108548655,0.95,-0.244995686494));
#1276 = VECTOR('',#1277,1.);
#1277 = DIRECTION('',(-7.092178509005E-03,0.,0.999974850186));
#1278 = ORIENTED_EDGE('',*,*,#1279,.F.);
#1279 = EDGE_CURVE('',#1280,#1272,#1282,.T.);
#1280 = VERTEX_POINT('',#1281);
#1281 = CARTESIAN_POINT('',(0.869971816265,0.95,-0.251718763878));
#1282 = LINE('',#1283,#1284);
#1283 = CARTESIAN_POINT('',(0.837157881711,0.95,-0.251951492012));
#1284 = VECTOR('',#1285,1.);
#1285 = DIRECTION('',(-0.999974850186,0.,-7.092178509005E-03));
#1286 = ORIENTED_EDGE('',*,*,#1287,.F.);
#1287 = EDGE_CURVE('',#1288,#1280,#1290,.T.);
#1288 = VERTEX_POINT('',#1289);
#1289 = CARTESIAN_POINT('',(0.869539101216,0.95,-0.190707303814));
#1290 = LINE('',#1291,#1292);
#1291 = CARTESIAN_POINT('',(0.869971816265,0.95,-0.251718763878));
#1292 = VECTOR('',#1293,1.);
#1293 = DIRECTION('',(7.092178509005E-03,0.,-0.999974850186));
#1294 = ORIENTED_EDGE('',*,*,#1295,.F.);
#1295 = EDGE_CURVE('',#1296,#1288,#1298,.T.);
#1296 = VERTEX_POINT('',#1297);
#1297 = CARTESIAN_POINT('',(0.83811320857,0.95,-0.19093018746));
#1298 = LINE('',#1299,#1300);
#1299 = CARTESIAN_POINT('',(0.869539101216,0.95,-0.190707303814));
#1300 = VECTOR('',#1301,1.);
#1301 = DIRECTION('',(0.999974850186,0.,7.092178509005E-03));
#1302 = ORIENTED_EDGE('',*,*,#1303,.F.);
#1303 = EDGE_CURVE('',#1304,#1296,#1306,.T.);
#1304 = VERTEX_POINT('',#1305);
#1305 = CARTESIAN_POINT('',(0.838162984075,0.95,-0.197948376884));
#1306 = LINE('',#1307,#1308);
#1307 = CARTESIAN_POINT('',(0.83811320857,0.95,-0.19093018746));
#1308 = VECTOR('',#1309,1.);
#1309 = DIRECTION('',(-7.092178509005E-03,0.,0.999974850186));
#1310 = ORIENTED_EDGE('',*,*,#1311,.F.);
#1311 = EDGE_CURVE('',#1312,#1304,#1314,.T.);
#1312 = VERTEX_POINT('',#1313);
#1313 = CARTESIAN_POINT('',(0.861712908588,0.95,-0.197781352415));
#1314 = LINE('',#1315,#1316);
#1315 = CARTESIAN_POINT('',(0.838162984075,0.95,-0.197948376884));
#1316 = VECTOR('',#1317,1.);
#1317 = DIRECTION('',(-0.999974850186,0.,-7.092178509005E-03));
#1318 = ORIENTED_EDGE('',*,*,#1319,.F.);
#1319 = EDGE_CURVE('',#1320,#1312,#1322,.T.);
#1320 = VERTEX_POINT('',#1321);
#1321 = CARTESIAN_POINT('',(0.861851395102,0.95,-0.217307514992));
#1322 = LINE('',#1323,#1324);
#1323 = CARTESIAN_POINT('',(0.861712908588,0.95,-0.197781352415));
#1324 = VECTOR('',#1325,1.);
#1325 = DIRECTION('',(-7.092178509005E-03,0.,0.999974850186));
#1326 = ORIENTED_EDGE('',*,*,#1327,.F.);
#1327 = EDGE_CURVE('',#1328,#1320,#1330,.T.);
#1328 = VERTEX_POINT('',#1329);
#1329 = CARTESIAN_POINT('',(0.840032623979,0.95,-0.217462261503));
#1330 = LINE('',#1331,#1332);
#1331 = CARTESIAN_POINT('',(0.861851395102,0.95,-0.217307514992));
#1332 = VECTOR('',#1333,1.);
#1333 = DIRECTION('',(0.999974850186,0.,7.092178509005E-03));
#1334 = ORIENTED_EDGE('',*,*,#1335,.F.);
#1335 = EDGE_CURVE('',#1336,#1328,#1338,.T.);
#1336 = VERTEX_POINT('',#1337);
#1337 = CARTESIAN_POINT('',(0.840082178259,0.95,-0.224449258975));
#1338 = LINE('',#1339,#1340);
#1339 = CARTESIAN_POINT('',(0.840032623979,0.95,-0.217462261503));
#1340 = VECTOR('',#1341,1.);
#1341 = DIRECTION('',(-7.092178509005E-03,0.,0.999974850186));
#1342 = ORIENTED_EDGE('',*,*,#1343,.F.);
#1343 = EDGE_CURVE('',#1344,#1336,#1346,.T.);
#1344 = VERTEX_POINT('',#1345);
#1345 = CARTESIAN_POINT('',(0.861900949381,0.95,-0.224294512463));
#1346 = LINE('',#1347,#1348);
#1347 = CARTESIAN_POINT('',(0.840082178259,0.95,-0.224449258975));
#1348 = VECTOR('',#1349,1.);
#1349 = DIRECTION('',(-0.999974850186,0.,-7.092178509005E-03));
#1350 = ORIENTED_EDGE('',*,*,#1351,.F.);
#1351 = EDGE_CURVE('',#1264,#1344,#1352,.T.);
#1352 = LINE('',#1353,#1354);
#1353 = CARTESIAN_POINT('',(0.861900949381,0.95,-0.224294512463));
#1354 = VECTOR('',#1355,1.);
#1355 = DIRECTION('',(-7.092178509005E-03,0.,0.999974850186));
#1356 = FACE_BOUND('',#1357,.T.);
#1357 = EDGE_LOOP('',(#1358,#1369,#1377,#1385,#1393,#1402,#1411));
#1358 = ORIENTED_EDGE('',*,*,#1359,.F.);
#1359 = EDGE_CURVE('',#1360,#1362,#1364,.T.);
#1360 = VERTEX_POINT('',#1361);
#1361 = CARTESIAN_POINT('',(0.639884374975,0.949999999999,
    -0.253350626125));
#1362 = VERTEX_POINT('',#1363);
#1363 = CARTESIAN_POINT('',(0.61613347117,0.949999999999,-0.244972050983
    ));
#1364 = B_SPLINE_CURVE_WITH_KNOTS('',3,(#1365,#1366,#1367,#1368),
  .UNSPECIFIED.,.F.,.F.,(4,4),(5.,6.),.PIECEWISE_BEZIER_KNOTS.);
#1365 = CARTESIAN_POINT('',(0.639884374975,0.949999999999,
    -0.253350626125));
#1366 = CARTESIAN_POINT('',(0.630230465522,0.949999999999,
    -0.253419095096));
#1367 = CARTESIAN_POINT('',(0.622303174011,0.949999999999,
    -0.250636707775));
#1368 = CARTESIAN_POINT('',(0.61613347117,0.949999999999,-0.244972050983
    ));
#1369 = ORIENTED_EDGE('',*,*,#1370,.F.);
#1370 = EDGE_CURVE('',#1371,#1360,#1373,.T.);
#1371 = VERTEX_POINT('',#1372);
#1372 = CARTESIAN_POINT('',(0.656665645688,0.95,-0.253231607364));
#1373 = LINE('',#1374,#1375);
#1374 = CARTESIAN_POINT('',(0.639884374975,0.95,-0.253350626125));
#1375 = VECTOR('',#1376,1.);
#1376 = DIRECTION('',(-0.999974850186,0.,-7.092178509005E-03));
#1377 = ORIENTED_EDGE('',*,*,#1378,.F.);
#1378 = EDGE_CURVE('',#1379,#1371,#1381,.T.);
#1379 = VERTEX_POINT('',#1380);
#1380 = CARTESIAN_POINT('',(0.656232930639,0.95,-0.192220147301));
#1381 = LINE('',#1382,#1383);
#1382 = CARTESIAN_POINT('',(0.656665645688,0.95,-0.253231607364));
#1383 = VECTOR('',#1384,1.);
#1384 = DIRECTION('',(7.092178509005E-03,0.,-0.999974850186));
#1385 = ORIENTED_EDGE('',*,*,#1386,.F.);
#1386 = EDGE_CURVE('',#1387,#1379,#1389,.T.);
#1387 = VERTEX_POINT('',#1388);
#1388 = CARTESIAN_POINT('',(0.638827820866,0.95,-0.192343590551));
#1389 = LINE('',#1390,#1391);
#1390 = CARTESIAN_POINT('',(0.656232930639,0.95,-0.192220147301));
#1391 = VECTOR('',#1392,1.);
#1392 = DIRECTION('',(0.999974850186,0.,7.092178509005E-03));
#1393 = ORIENTED_EDGE('',*,*,#1394,.F.);
#1394 = EDGE_CURVE('',#1395,#1387,#1397,.T.);
#1395 = VERTEX_POINT('',#1396);
#1396 = CARTESIAN_POINT('',(0.61581866876,0.949999999999,-0.200585901867
    ));
#1397 = B_SPLINE_CURVE_WITH_KNOTS('',3,(#1398,#1399,#1400,#1401),
  .UNSPECIFIED.,.F.,.F.,(4,4),(2.,3.),.PIECEWISE_BEZIER_KNOTS.);
#1398 = CARTESIAN_POINT('',(0.61581866876,0.949999999999,-0.200585901867
    ));
#1399 = CARTESIAN_POINT('',(0.621909615692,0.949999999999,
    -0.195146223392));
#1400 = CARTESIAN_POINT('',(0.629579406803,0.949999999999,
    -0.192409183604));
#1401 = CARTESIAN_POINT('',(0.638827820866,0.95,-0.192343590551));
#1402 = ORIENTED_EDGE('',*,*,#1403,.F.);
#1403 = EDGE_CURVE('',#1404,#1395,#1406,.T.);
#1404 = VERTEX_POINT('',#1405);
#1405 = CARTESIAN_POINT('',(0.606770572403,0.949999999999,
    -0.222298378464));
#1406 = B_SPLINE_CURVE_WITH_KNOTS('',3,(#1407,#1408,#1409,#1410),
  .UNSPECIFIED.,.F.,.F.,(4,4),(3.,4.),.PIECEWISE_BEZIER_KNOTS.);
#1407 = CARTESIAN_POINT('',(0.606770572403,0.949999999999,
    -0.222298378464));
#1408 = CARTESIAN_POINT('',(0.606706417308,0.949999999999,
    -0.213252712095));
#1409 = CARTESIAN_POINT('',(0.609727721828,0.949999999999,
    -0.206025580343));
#1410 = CARTESIAN_POINT('',(0.61581866876,0.949999999999,-0.200585901867
    ));
#1411 = ORIENTED_EDGE('',*,*,#1412,.F.);
#1412 = EDGE_CURVE('',#1362,#1404,#1413,.T.);
#1413 = B_SPLINE_CURVE_WITH_KNOTS('',3,(#1414,#1415,#1416,#1417),
  .UNSPECIFIED.,.F.,.F.,(4,4),(4.,5.),.PIECEWISE_BEZIER_KNOTS.);
#1414 = CARTESIAN_POINT('',(0.61613347117,0.949999999999,-0.244972050983
    ));
#1415 = CARTESIAN_POINT('',(0.60996376833,0.949999999999,-0.239307394191
    ));
#1416 = CARTESIAN_POINT('',(0.606837603415,0.949999999999,
    -0.231749540223));
#1417 = CARTESIAN_POINT('',(0.606770572403,0.949999999999,
    -0.222298378464));
#1418 = FACE_BOUND('',#1419,.T.);
#1419 = EDGE_LOOP('',(#1420,#1431,#1440,#1449,#1458,#1466,#1475,#1484,
    #1493,#1501,#1510,#1519,#1528,#1537,#1546,#1555,#1564,#1573,#1582,
    #1591,#1599,#1607,#1615,#1624,#1633,#1642,#1651,#1660,#1669,#1678,
    #1687,#1696,#1705));
#1420 = ORIENTED_EDGE('',*,*,#1421,.F.);
#1421 = EDGE_CURVE('',#1422,#1424,#1426,.T.);
#1422 = VERTEX_POINT('',#1423);
#1423 = CARTESIAN_POINT('',(0.962051500756,0.949999999999,
    -0.133715611519));
#1424 = VERTEX_POINT('',#1425);
#1425 = CARTESIAN_POINT('',(0.985232862181,0.949999999999,
    -9.9280442771E-02));
#1426 = B_SPLINE_CURVE_WITH_KNOTS('',3,(#1427,#1428,#1429,#1430),
  .UNSPECIFIED.,.F.,.F.,(4,4),(0.,1.),.PIECEWISE_BEZIER_KNOTS.);
#1427 = CARTESIAN_POINT('',(0.962051500756,0.949999999999,
    -0.133715611519));
#1428 = CARTESIAN_POINT('',(0.966730834999,0.949999999999,
    -0.120668212171));
#1429 = CARTESIAN_POINT('',(0.974889694095,0.949999999999,
    -0.108897556801));
#1430 = CARTESIAN_POINT('',(0.985232862181,0.949999999999,
    -9.9280442771E-02));
#1431 = ORIENTED_EDGE('',*,*,#1432,.F.);
#1432 = EDGE_CURVE('',#1433,#1422,#1435,.T.);
#1433 = VERTEX_POINT('',#1434);
#1434 = CARTESIAN_POINT('',(0.919509801018,0.949999999999,
    -0.190846042578));
#1435 = B_SPLINE_CURVE_WITH_KNOTS('',3,(#1436,#1437,#1438,#1439),
  .UNSPECIFIED.,.F.,.F.,(4,4),(35.,36.),.PIECEWISE_BEZIER_KNOTS.);
#1436 = CARTESIAN_POINT('',(0.919509801018,0.949999999999,
    -0.190846042578));
#1437 = CARTESIAN_POINT('',(0.919758986173,0.949999999999,
    -0.164815868136));
#1438 = CARTESIAN_POINT('',(0.937381133293,0.949999999999,
    -0.141699106364));
#1439 = CARTESIAN_POINT('',(0.962051500756,0.949999999999,
    -0.133715611519));
#1440 = ORIENTED_EDGE('',*,*,#1441,.F.);
#1441 = EDGE_CURVE('',#1442,#1433,#1444,.T.);
#1442 = VERTEX_POINT('',#1443);
#1443 = CARTESIAN_POINT('',(0.935852131431,0.95,-0.231941807765));
#1444 = B_SPLINE_CURVE_WITH_KNOTS('',3,(#1445,#1446,#1447,#1448),
  .UNSPECIFIED.,.F.,.F.,(4,4),(34.,35.),.PIECEWISE_BEZIER_KNOTS.);
#1445 = CARTESIAN_POINT('',(0.935852131431,0.95,-0.231941807765));
#1446 = CARTESIAN_POINT('',(0.925361288514,0.949999999999,
    -0.220737235592));
#1447 = CARTESIAN_POINT('',(0.919617480609,0.949999999999,
    -0.206028526022));
#1448 = CARTESIAN_POINT('',(0.919509801018,0.949999999999,
    -0.190846042578));
#1449 = ORIENTED_EDGE('',*,*,#1450,.F.);
#1450 = EDGE_CURVE('',#1451,#1442,#1453,.T.);
#1451 = VERTEX_POINT('',#1452);
#1452 = CARTESIAN_POINT('',(0.975465026956,0.95,-0.251182176734));
#1453 = B_SPLINE_CURVE_WITH_KNOTS('',3,(#1454,#1455,#1456,#1457),
  .UNSPECIFIED.,.F.,.F.,(4,4),(33.,34.),.PIECEWISE_BEZIER_KNOTS.);
#1454 = CARTESIAN_POINT('',(0.975465026956,0.95,-0.251182176734));
#1455 = CARTESIAN_POINT('',(0.960273313856,0.949999999999,-0.24998850391
    ));
#1456 = CARTESIAN_POINT('',(0.946342957799,0.949999999999,
    -0.243146380056));
#1457 = CARTESIAN_POINT('',(0.935852131431,0.95,-0.231941807765));
#1458 = ORIENTED_EDGE('',*,*,#1459,.F.);
#1459 = EDGE_CURVE('',#1460,#1451,#1462,.T.);
#1460 = VERTEX_POINT('',#1461);
#1461 = CARTESIAN_POINT('',(1.001058346263,0.949999999999,
    -0.251000659779));
#1462 = LINE('',#1463,#1464);
#1463 = CARTESIAN_POINT('',(0.976766379371,0.95,-0.251172947078));
#1464 = VECTOR('',#1465,1.);
#1465 = DIRECTION('',(-0.999974850186,0.,-7.092178509005E-03));
#1466 = ORIENTED_EDGE('',*,*,#1467,.F.);
#1467 = EDGE_CURVE('',#1468,#1460,#1470,.T.);
#1468 = VERTEX_POINT('',#1469);
#1469 = CARTESIAN_POINT('',(1.013542751574,0.949999999999,
    -0.237464103639));
#1470 = B_SPLINE_CURVE_WITH_KNOTS('',3,(#1471,#1472,#1473,#1474),
  .UNSPECIFIED.,.F.,.F.,(4,4),(28.,29.),.PIECEWISE_BEZIER_KNOTS.);
#1471 = CARTESIAN_POINT('',(1.013542751574,0.949999999999,
    -0.237464103639));
#1472 = CARTESIAN_POINT('',(1.013591976483,0.949999999999,-0.24440466088
    ));
#1473 = CARTESIAN_POINT('',(1.007995843539,0.949999999999,
    -0.250517656131));
#1474 = CARTESIAN_POINT('',(1.001058346263,0.949999999999,
    -0.251000659779));
#1475 = ORIENTED_EDGE('',*,*,#1476,.F.);
#1476 = EDGE_CURVE('',#1477,#1468,#1479,.T.);
#1477 = VERTEX_POINT('',#1478);
#1478 = CARTESIAN_POINT('',(1.000000042409,0.949999999999,
    -0.224112141083));
#1479 = B_SPLINE_CURVE_WITH_KNOTS('',3,(#1480,#1481,#1482,#1483),
  .UNSPECIFIED.,.F.,.F.,(4,4),(27.,28.),.PIECEWISE_BEZIER_KNOTS.);
#1480 = CARTESIAN_POINT('',(1.000000042409,0.949999999999,
    -0.224112141083));
#1481 = CARTESIAN_POINT('',(1.00737439482,0.949999999999,-0.224059839544
    ));
#1482 = CARTESIAN_POINT('',(1.013490450152,0.949999999999,
    -0.230089767775));
#1483 = CARTESIAN_POINT('',(1.013542751574,0.949999999999,
    -0.237464103639));
#1484 = ORIENTED_EDGE('',*,*,#1485,.F.);
#1485 = EDGE_CURVE('',#1486,#1477,#1488,.T.);
#1486 = VERTEX_POINT('',#1487);
#1487 = CARTESIAN_POINT('',(0.997400414093,0.95,-0.224564379017));
#1488 = B_SPLINE_CURVE_WITH_KNOTS('',3,(#1489,#1490,#1491,#1492),
  .UNSPECIFIED.,.F.,.F.,(4,4),(26.,27.),.PIECEWISE_BEZIER_KNOTS.);
#1489 = CARTESIAN_POINT('',(0.997400414093,0.95,-0.224564379017));
#1490 = CARTESIAN_POINT('',(0.998267987885,0.949999999999,
    -0.224558225874));
#1491 = CARTESIAN_POINT('',(0.999132485164,0.949999999999,
    -0.224118294109));
#1492 = CARTESIAN_POINT('',(1.000000042409,0.949999999999,
    -0.224112141083));
#1493 = ORIENTED_EDGE('',*,*,#1494,.F.);
#1494 = EDGE_CURVE('',#1495,#1486,#1497,.T.);
#1495 = VERTEX_POINT('',#1496);
#1496 = CARTESIAN_POINT('',(0.977880078235,0.949999999999,
    -0.224702824205));
#1497 = LINE('',#1498,#1499);
#1498 = CARTESIAN_POINT('',(0.977880078235,0.95,-0.224702824205));
#1499 = VECTOR('',#1500,1.);
#1500 = DIRECTION('',(0.999974850186,0.,7.092178509005E-03));
#1501 = ORIENTED_EDGE('',*,*,#1502,.F.);
#1502 = EDGE_CURVE('',#1503,#1495,#1505,.T.);
#1503 = VERTEX_POINT('',#1504);
#1504 = CARTESIAN_POINT('',(0.946407565917,0.949999999999,-0.19108909102
    ));
#1505 = B_SPLINE_CURVE_WITH_KNOTS('',3,(#1506,#1507,#1508,#1509),
  .UNSPECIFIED.,.F.,.F.,(4,4),(24.,25.),.PIECEWISE_BEZIER_KNOTS.);
#1506 = CARTESIAN_POINT('',(0.946407565917,0.949999999999,-0.19108909102
    ));
#1507 = CARTESIAN_POINT('',(0.946533704878,0.949999999999,
    -0.208874287567));
#1508 = CARTESIAN_POINT('',(0.960085643759,0.949999999999,
    -0.223527610811));
#1509 = CARTESIAN_POINT('',(0.977880078235,0.949999999999,
    -0.224702824205));
#1510 = ORIENTED_EDGE('',*,*,#1511,.F.);
#1511 = EDGE_CURVE('',#1512,#1503,#1514,.T.);
#1512 = VERTEX_POINT('',#1513);
#1513 = CARTESIAN_POINT('',(0.980002839791,0.949999999999,
    -0.157013873874));
#1514 = B_SPLINE_CURVE_WITH_KNOTS('',3,(#1515,#1516,#1517,#1518),
  .UNSPECIFIED.,.F.,.F.,(4,4),(23.,24.),.PIECEWISE_BEZIER_KNOTS.);
#1515 = CARTESIAN_POINT('',(0.980002839791,0.949999999999,
    -0.157013873874));
#1516 = CARTESIAN_POINT('',(0.961350077726,0.949999999999,
    -0.157146165919));
#1517 = CARTESIAN_POINT('',(0.946275273872,0.949999999999,
    -0.172436328955));
#1518 = CARTESIAN_POINT('',(0.946407565917,0.949999999999,-0.19108909102
    ));
#1519 = ORIENTED_EDGE('',*,*,#1520,.F.);
#1520 = EDGE_CURVE('',#1521,#1512,#1523,.T.);
#1521 = VERTEX_POINT('',#1522);
#1522 = CARTESIAN_POINT('',(0.983473118412,0.949999999999,
    -0.156989261419));
#1523 = B_SPLINE_CURVE_WITH_KNOTS('',3,(#1524,#1525,#1526,#1527),
  .UNSPECIFIED.,.F.,.F.,(4,4),(22.,23.),.PIECEWISE_BEZIER_KNOTS.);
#1524 = CARTESIAN_POINT('',(0.983473118412,0.949999999999,
    -0.156989261419));
#1525 = CARTESIAN_POINT('',(0.982171765998,0.949999999999,
    -0.156998491075));
#1526 = CARTESIAN_POINT('',(0.981304192206,0.949999999999,
    -0.157004644218));
#1527 = CARTESIAN_POINT('',(0.980002839791,0.949999999999,
    -0.157013873874));
#1528 = ORIENTED_EDGE('',*,*,#1529,.F.);
#1529 = EDGE_CURVE('',#1530,#1521,#1532,.T.);
#1530 = VERTEX_POINT('',#1531);
#1531 = CARTESIAN_POINT('',(1.043818482223,0.949999999999,
    -0.102335387895));
#1532 = B_SPLINE_CURVE_WITH_KNOTS('',3,(#1533,#1534,#1535,#1536),
  .UNSPECIFIED.,.F.,.F.,(4,4),(21.,22.),.PIECEWISE_BEZIER_KNOTS.);
#1533 = CARTESIAN_POINT('',(1.043818482223,0.949999999999,
    -0.102335387895));
#1534 = CARTESIAN_POINT('',(1.012585941542,0.949999999999,-0.10255690022
    ));
#1535 = CARTESIAN_POINT('',(0.986728037851,0.949999999999,
    -0.126599682075));
#1536 = CARTESIAN_POINT('',(0.983473118412,0.949999999999,
    -0.156989261419));
#1537 = ORIENTED_EDGE('',*,*,#1538,.F.);
#1538 = EDGE_CURVE('',#1539,#1530,#1541,.T.);
#1539 = VERTEX_POINT('',#1540);
#1540 = CARTESIAN_POINT('',(1.102241044197,0.949999999999,
    -0.143566488957));
#1541 = B_SPLINE_CURVE_WITH_KNOTS('',3,(#1542,#1543,#1544,#1545),
  .UNSPECIFIED.,.F.,.F.,(4,4),(20.,21.),.PIECEWISE_BEZIER_KNOTS.);
#1542 = CARTESIAN_POINT('',(1.102241044197,0.949999999999,
    -0.143566488957));
#1543 = CARTESIAN_POINT('',(1.09382684736,0.949999999999,-0.119332993176
    ));
#1544 = CARTESIAN_POINT('',(1.071146949115,0.949999999999,
    -0.102141564655));
#1545 = CARTESIAN_POINT('',(1.043818482223,0.949999999999,
    -0.102335387895));
#1546 = ORIENTED_EDGE('',*,*,#1547,.F.);
#1547 = EDGE_CURVE('',#1548,#1539,#1550,.T.);
#1548 = VERTEX_POINT('',#1549);
#1549 = CARTESIAN_POINT('',(1.125185510279,0.949999999999,
    -0.136896652695));
#1550 = B_SPLINE_CURVE_WITH_KNOTS('',3,(#1551,#1552,#1553,#1554),
  .UNSPECIFIED.,.F.,.F.,(4,4),(19.,20.),.PIECEWISE_BEZIER_KNOTS.);
#1551 = CARTESIAN_POINT('',(1.125185510279,0.949999999999,
    -0.136896652695));
#1552 = CARTESIAN_POINT('',(1.11694359235,0.949999999999,-0.136955107318
    ));
#1553 = CARTESIAN_POINT('',(1.10872013379,0.949999999999,-0.139616275044
    ));
#1554 = CARTESIAN_POINT('',(1.102241044197,0.949999999999,
    -0.143566488957));
#1555 = ORIENTED_EDGE('',*,*,#1556,.F.);
#1556 = EDGE_CURVE('',#1557,#1548,#1559,.T.);
#1557 = VERTEX_POINT('',#1558);
#1558 = CARTESIAN_POINT('',(1.168871690381,0.949999999999,
    -0.179967520849));
#1559 = B_SPLINE_CURVE_WITH_KNOTS('',3,(#1560,#1561,#1562,#1563),
  .UNSPECIFIED.,.F.,.F.,(4,4),(18.,19.),.PIECEWISE_BEZIER_KNOTS.);
#1560 = CARTESIAN_POINT('',(1.168871690381,0.949999999999,
    -0.179967520849));
#1561 = CARTESIAN_POINT('',(1.168702479596,0.949999999999,
    -0.156109332578));
#1562 = CARTESIAN_POINT('',(1.14904369855,0.949999999999,-0.136727441909
    ));
#1563 = CARTESIAN_POINT('',(1.125185510279,0.949999999999,
    -0.136896652695));
#1564 = ORIENTED_EDGE('',*,*,#1565,.F.);
#1565 = EDGE_CURVE('',#1566,#1557,#1568,.T.);
#1566 = VERTEX_POINT('',#1567);
#1567 = CARTESIAN_POINT('',(1.143127619424,0.949999999999,-0.22006035994
    ));
#1568 = B_SPLINE_CURVE_WITH_KNOTS('',3,(#1569,#1570,#1571,#1572),
  .UNSPECIFIED.,.F.,.F.,(4,4),(17.,18.),.PIECEWISE_BEZIER_KNOTS.);
#1569 = CARTESIAN_POINT('',(1.143127619424,0.949999999999,-0.22006035994
    ));
#1570 = CARTESIAN_POINT('',(1.158260877901,0.949999999999,
    -0.213012114834));
#1571 = CARTESIAN_POINT('',(1.168997829342,0.949999999999,
    -0.197752717396));
#1572 = CARTESIAN_POINT('',(1.168871690381,0.949999999999,
    -0.179967520849));
#1573 = ORIENTED_EDGE('',*,*,#1574,.F.);
#1574 = EDGE_CURVE('',#1575,#1566,#1577,.T.);
#1575 = VERTEX_POINT('',#1576);
#1576 = CARTESIAN_POINT('',(1.102148755444,0.949999999999,
    -0.191719728965));
#1577 = B_SPLINE_CURVE_WITH_KNOTS('',3,(#1578,#1579,#1580,#1581),
  .UNSPECIFIED.,.F.,.F.,(4,4),(16.,17.),.PIECEWISE_BEZIER_KNOTS.);
#1578 = CARTESIAN_POINT('',(1.102148755444,0.949999999999,
    -0.191719728965));
#1579 = CARTESIAN_POINT('',(1.120801525783,0.949999999999,
    -0.191587436861));
#1580 = CARTESIAN_POINT('',(1.136937718396,0.949999999999,
    -0.203619587632));
#1581 = CARTESIAN_POINT('',(1.143127619424,0.949999999999,-0.22006035994
    ));
#1582 = ORIENTED_EDGE('',*,*,#1583,.F.);
#1583 = EDGE_CURVE('',#1584,#1575,#1586,.T.);
#1584 = VERTEX_POINT('',#1585);
#1585 = CARTESIAN_POINT('',(1.069719465368,0.95,-0.206699167494));
#1586 = B_SPLINE_CURVE_WITH_KNOTS('',3,(#1587,#1588,#1589,#1590),
  .UNSPECIFIED.,.F.,.F.,(4,4),(15.,16.),.PIECEWISE_BEZIER_KNOTS.);
#1587 = CARTESIAN_POINT('',(1.069719465368,0.95,-0.206699167494));
#1588 = CARTESIAN_POINT('',(1.077462988635,0.949999999999,
    -0.197534297721));
#1589 = CARTESIAN_POINT('',(1.089135198206,0.949999999999,
    -0.191812025757));
#1590 = CARTESIAN_POINT('',(1.102148755444,0.949999999999,
    -0.191719728965));
#1591 = ORIENTED_EDGE('',*,*,#1592,.F.);
#1592 = EDGE_CURVE('',#1593,#1584,#1595,.T.);
#1593 = VERTEX_POINT('',#1594);
#1594 = CARTESIAN_POINT('',(1.011376885509,0.95,-0.176746459598));
#1595 = LINE('',#1596,#1597);
#1596 = CARTESIAN_POINT('',(1.011376885509,0.95,-0.176746459598));
#1597 = VECTOR('',#1598,1.);
#1598 = DIRECTION('',(0.88961035806,0.,-0.456720276353));
#1599 = ORIENTED_EDGE('',*,*,#1600,.F.);
#1600 = EDGE_CURVE('',#1601,#1593,#1603,.T.);
#1601 = VERTEX_POINT('',#1602);
#1602 = CARTESIAN_POINT('',(0.99809260735,0.95,-0.199832455655));
#1603 = LINE('',#1604,#1605);
#1604 = CARTESIAN_POINT('',(0.99809260735,0.95,-0.199832455655));
#1605 = VECTOR('',#1606,1.);
#1606 = DIRECTION('',(0.498748469261,0.,0.866746770637));
#1607 = ORIENTED_EDGE('',*,*,#1608,.F.);
#1608 = EDGE_CURVE('',#1609,#1601,#1611,.T.);
#1609 = VERTEX_POINT('',#1610);
#1610 = CARTESIAN_POINT('',(1.059050206538,0.949999999999,
    -0.231501843491));
#1611 = LINE('',#1612,#1613);
#1612 = CARTESIAN_POINT('',(1.059050206538,0.95,-0.231501843491));
#1613 = VECTOR('',#1614,1.);
#1614 = DIRECTION('',(-0.887386942263,0.,0.461025394855));
#1615 = ORIENTED_EDGE('',*,*,#1616,.F.);
#1616 = EDGE_CURVE('',#1617,#1609,#1619,.T.);
#1617 = VERTEX_POINT('',#1618);
#1618 = CARTESIAN_POINT('',(1.059080972135,0.949999999999,
    -0.235839695905));
#1619 = B_SPLINE_CURVE_WITH_KNOTS('',3,(#1620,#1621,#1622,#1623),
  .UNSPECIFIED.,.F.,.F.,(4,4),(11.,12.),.PIECEWISE_BEZIER_KNOTS.);
#1620 = CARTESIAN_POINT('',(1.059080972135,0.949999999999,
    -0.235839695905));
#1621 = CARTESIAN_POINT('',(1.05907174248,0.949999999999,-0.23453834349)
  );
#1622 = CARTESIAN_POINT('',(1.059062512824,0.949999999999,
    -0.233236991076));
#1623 = CARTESIAN_POINT('',(1.059050206538,0.949999999999,
    -0.231501843491));
#1624 = ORIENTED_EDGE('',*,*,#1625,.F.);
#1625 = EDGE_CURVE('',#1626,#1617,#1628,.T.);
#1626 = VERTEX_POINT('',#1627);
#1627 = CARTESIAN_POINT('',(1.102767152238,0.949999999999,
    -0.278910564058));
#1628 = B_SPLINE_CURVE_WITH_KNOTS('',3,(#1629,#1630,#1631,#1632),
  .UNSPECIFIED.,.F.,.F.,(4,4),(10.,11.),.PIECEWISE_BEZIER_KNOTS.);
#1629 = CARTESIAN_POINT('',(1.102767152238,0.949999999999,
    -0.278910564058));
#1630 = CARTESIAN_POINT('',(1.078908963967,0.949999999999,
    -0.279079774844));
#1631 = CARTESIAN_POINT('',(1.059250182921,0.949999999999,
    -0.259697884175));
#1632 = CARTESIAN_POINT('',(1.059080972135,0.949999999999,
    -0.235839695905));
#1633 = ORIENTED_EDGE('',*,*,#1634,.F.);
#1634 = EDGE_CURVE('',#1635,#1626,#1637,.T.);
#1635 = VERTEX_POINT('',#1636);
#1636 = CARTESIAN_POINT('',(1.143767548257,0.949999999999,
    -0.249120897756));
#1637 = B_SPLINE_CURVE_WITH_KNOTS('',3,(#1638,#1639,#1640,#1641),
  .UNSPECIFIED.,.F.,.F.,(4,4),(9.,10.),.PIECEWISE_BEZIER_KNOTS.);
#1638 = CARTESIAN_POINT('',(1.143767548257,0.949999999999,
    -0.249120897756));
#1639 = CARTESIAN_POINT('',(1.138251401683,0.949999999999,-0.26651230269
    ));
#1640 = CARTESIAN_POINT('',(1.121853709473,0.949999999999,
    -0.278775195383));
#1641 = CARTESIAN_POINT('',(1.102767152238,0.949999999999,
    -0.278910564058));
#1642 = ORIENTED_EDGE('',*,*,#1643,.F.);
#1643 = EDGE_CURVE('',#1644,#1635,#1646,.T.);
#1644 = VERTEX_POINT('',#1645);
#1645 = CARTESIAN_POINT('',(1.178322692715,0.949999999999,
    -0.228053084705));
#1646 = B_SPLINE_CURVE_WITH_KNOTS('',3,(#1647,#1648,#1649,#1650),
  .UNSPECIFIED.,.F.,.F.,(4,4),(8.,9.),.PIECEWISE_BEZIER_KNOTS.);
#1647 = CARTESIAN_POINT('',(1.178322692715,0.949999999999,
    -0.228053084705));
#1648 = CARTESIAN_POINT('',(1.168853255715,0.949999999999,
    -0.238531621423));
#1649 = CARTESIAN_POINT('',(1.1571902758,0.949999999999,-0.245555245801)
  );
#1650 = CARTESIAN_POINT('',(1.143767548257,0.949999999999,
    -0.249120897756));
#1651 = ORIENTED_EDGE('',*,*,#1652,.F.);
#1652 = EDGE_CURVE('',#1653,#1644,#1655,.T.);
#1653 = VERTEX_POINT('',#1654);
#1654 = CARTESIAN_POINT('',(1.19620632708,0.949999999999,-0.18064128783)
  );
#1655 = B_SPLINE_CURVE_WITH_KNOTS('',3,(#1656,#1657,#1658,#1659),
  .UNSPECIFIED.,.F.,.F.,(4,4),(7.,8.),.PIECEWISE_BEZIER_KNOTS.);
#1656 = CARTESIAN_POINT('',(1.19620632708,0.949999999999,-0.18064128783)
  );
#1657 = CARTESIAN_POINT('',(1.19632938947,0.949999999999,-0.197992697482
    ));
#1658 = CARTESIAN_POINT('',(1.189942596728,0.949999999999,
    -0.214956476907));
#1659 = CARTESIAN_POINT('',(1.178322692715,0.949999999999,
    -0.228053084705));
#1660 = ORIENTED_EDGE('',*,*,#1661,.F.);
#1661 = EDGE_CURVE('',#1662,#1653,#1664,.T.);
#1662 = VERTEX_POINT('',#1663);
#1663 = CARTESIAN_POINT('',(1.175467681387,0.949999999999,
    -0.131334374506));
#1664 = B_SPLINE_CURVE_WITH_KNOTS('',3,(#1665,#1666,#1667,#1668),
  .UNSPECIFIED.,.F.,.F.,(4,4),(6.,7.),.PIECEWISE_BEZIER_KNOTS.);
#1665 = CARTESIAN_POINT('',(1.175467681387,0.949999999999,
    -0.131334374506));
#1666 = CARTESIAN_POINT('',(1.188573546765,0.949999999999,
    -0.144255630735));
#1667 = CARTESIAN_POINT('',(1.196074035035,0.949999999999,
    -0.161988525765));
#1668 = CARTESIAN_POINT('',(1.19620632708,0.949999999999,-0.18064128783)
  );
#1669 = ORIENTED_EDGE('',*,*,#1670,.F.);
#1670 = EDGE_CURVE('',#1671,#1662,#1673,.T.);
#1671 = VERTEX_POINT('',#1672);
#1672 = CARTESIAN_POINT('',(1.125434703767,0.949999999999,
    -0.110866486468));
#1673 = B_SPLINE_CURVE_WITH_KNOTS('',3,(#1674,#1675,#1676,#1677),
  .UNSPECIFIED.,.F.,.F.,(4,4),(5.,6.),.PIECEWISE_BEZIER_KNOTS.);
#1674 = CARTESIAN_POINT('',(1.125434703767,0.949999999999,
    -0.110866486468));
#1675 = CARTESIAN_POINT('',(1.144087469969,0.949999999999,
    -0.110734194393));
#1676 = CARTESIAN_POINT('',(1.161924963889,0.949999999999,
    -0.117982403735));
#1677 = CARTESIAN_POINT('',(1.175467681387,0.949999999999,
    -0.131334374506));
#1678 = ORIENTED_EDGE('',*,*,#1679,.F.);
#1679 = EDGE_CURVE('',#1680,#1671,#1682,.T.);
#1680 = VERTEX_POINT('',#1681);
#1681 = CARTESIAN_POINT('',(1.115463799641,0.949999999999,
    -0.111804816973));
#1682 = B_SPLINE_CURVE_WITH_KNOTS('',3,(#1683,#1684,#1685,#1686),
  .UNSPECIFIED.,.F.,.F.,(4,4),(4.,5.),.PIECEWISE_BEZIER_KNOTS.);
#1683 = CARTESIAN_POINT('',(1.115463799641,0.949999999999,
    -0.111804816973));
#1684 = CARTESIAN_POINT('',(1.11893100169,0.949999999999,-0.111346417623
    ));
#1685 = CARTESIAN_POINT('',(1.121964425146,0.949999999999,
    -0.110891098922));
#1686 = CARTESIAN_POINT('',(1.125434703767,0.949999999999,
    -0.110866486468));
#1687 = ORIENTED_EDGE('',*,*,#1688,.F.);
#1688 = EDGE_CURVE('',#1689,#1680,#1691,.T.);
#1689 = VERTEX_POINT('',#1690);
#1690 = CARTESIAN_POINT('',(1.096241882048,0.949999999999,
    -9.2853634561E-02));
#1691 = B_SPLINE_CURVE_WITH_KNOTS('',3,(#1692,#1693,#1694,#1695),
  .UNSPECIFIED.,.F.,.F.,(4,4),(3.,4.),.PIECEWISE_BEZIER_KNOTS.);
#1692 = CARTESIAN_POINT('',(1.096241882048,0.949999999999,
    -9.2853634561E-02));
#1693 = CARTESIAN_POINT('',(1.103653153185,0.949999999999,
    -9.8006757158E-02));
#1694 = CARTESIAN_POINT('',(1.109772293304,0.949999999999,
    -0.104470463952));
#1695 = CARTESIAN_POINT('',(1.115463799641,0.949999999999,
    -0.111804816973));
#1696 = ORIENTED_EDGE('',*,*,#1697,.F.);
#1697 = EDGE_CURVE('',#1698,#1689,#1700,.T.);
#1698 = VERTEX_POINT('',#1699);
#1699 = CARTESIAN_POINT('',(1.044067667261,0.949999999999,
    -7.6305196906E-02));
#1700 = B_SPLINE_CURVE_WITH_KNOTS('',3,(#1701,#1702,#1703,#1704),
  .UNSPECIFIED.,.F.,.F.,(4,4),(2.,3.),.PIECEWISE_BEZIER_KNOTS.);
#1701 = CARTESIAN_POINT('',(1.044067667261,0.949999999999,
    -7.6305196906E-02));
#1702 = CARTESIAN_POINT('',(1.063154216223,0.949999999999,
    -7.6169828289E-02));
#1703 = CARTESIAN_POINT('',(1.080982484606,0.949999999999,
    -8.2116682602E-02));
#1704 = CARTESIAN_POINT('',(1.096241882048,0.949999999999,
    -9.2853634561E-02));
#1705 = ORIENTED_EDGE('',*,*,#1706,.F.);
#1706 = EDGE_CURVE('',#1424,#1698,#1707,.T.);
#1707 = B_SPLINE_CURVE_WITH_KNOTS('',3,(#1708,#1709,#1710,#1711),
  .UNSPECIFIED.,.F.,.F.,(4,4),(1.,2.),.PIECEWISE_BEZIER_KNOTS.);
#1708 = CARTESIAN_POINT('',(0.985232862181,0.949999999999,
    -9.9280442771E-02));
#1709 = CARTESIAN_POINT('',(1.00161517156,0.949999999999,
    -8.4848619218E-02));
#1710 = CARTESIAN_POINT('',(1.022378405197,0.949999999999,
    -7.6459024893E-02));
#1711 = CARTESIAN_POINT('',(1.044067667261,0.949999999999,
    -7.6305196906E-02));
#1712 = PLANE('',#1713);
#1713 = AXIS2_PLACEMENT_3D('',#1714,#1715,#1716);
#1714 = CARTESIAN_POINT('',(-1.4,0.95,-0.34));
#1715 = DIRECTION('',(0.,1.,0.));
#1716 = DIRECTION('',(0.,-0.,1.));
#1717 = ADVANCED_FACE('',(#1718),#1823,.T.);
#1718 = FACE_BOUND('',#1719,.T.);
#1719 = EDGE_LOOP('',(#1720,#1730,#1738,#1746,#1754,#1762,#1770,#1776,
    #1777,#1785,#1793,#1801,#1809,#1817));
#1720 = ORIENTED_EDGE('',*,*,#1721,.T.);
#1721 = EDGE_CURVE('',#1722,#1724,#1726,.T.);
#1722 = VERTEX_POINT('',#1723);
#1723 = CARTESIAN_POINT('',(1.399999999999,-0.755,-0.25));
#1724 = VERTEX_POINT('',#1725);
#1725 = CARTESIAN_POINT('',(1.399999999999,-0.405,-0.25));
#1726 = LINE('',#1727,#1728);
#1727 = CARTESIAN_POINT('',(1.399999999999,0.95,-0.25));
#1728 = VECTOR('',#1729,1.);
#1729 = DIRECTION('',(-1.141265444721E-16,1.,0.));
#1730 = ORIENTED_EDGE('',*,*,#1731,.T.);
#1731 = EDGE_CURVE('',#1724,#1732,#1734,.T.);
#1732 = VERTEX_POINT('',#1733);
#1733 = CARTESIAN_POINT('',(1.399999999999,-0.405,-0.34));
#1734 = LINE('',#1735,#1736);
#1735 = CARTESIAN_POINT('',(1.399999999999,-0.404999999999,-0.34));
#1736 = VECTOR('',#1737,1.);
#1737 = DIRECTION('',(0.,0.,-1.));
#1738 = ORIENTED_EDGE('',*,*,#1739,.T.);
#1739 = EDGE_CURVE('',#1732,#1740,#1742,.T.);
#1740 = VERTEX_POINT('',#1741);
#1741 = CARTESIAN_POINT('',(1.399999999999,0.405,-0.34));
#1742 = LINE('',#1743,#1744);
#1743 = CARTESIAN_POINT('',(1.399999999999,0.95,-0.34));
#1744 = VECTOR('',#1745,1.);
#1745 = DIRECTION('',(-1.141265444721E-16,1.,0.));
#1746 = ORIENTED_EDGE('',*,*,#1747,.F.);
#1747 = EDGE_CURVE('',#1748,#1740,#1750,.T.);
#1748 = VERTEX_POINT('',#1749);
#1749 = CARTESIAN_POINT('',(1.399999999999,0.404999999999,-0.25));
#1750 = LINE('',#1751,#1752);
#1751 = CARTESIAN_POINT('',(1.399999999999,0.404999999999,-0.34));
#1752 = VECTOR('',#1753,1.);
#1753 = DIRECTION('',(0.,0.,-1.));
#1754 = ORIENTED_EDGE('',*,*,#1755,.T.);
#1755 = EDGE_CURVE('',#1748,#1756,#1758,.T.);
#1756 = VERTEX_POINT('',#1757);
#1757 = CARTESIAN_POINT('',(1.399999999999,0.755,-0.25));
#1758 = LINE('',#1759,#1760);
#1759 = CARTESIAN_POINT('',(1.399999999999,0.95,-0.25));
#1760 = VECTOR('',#1761,1.);
#1761 = DIRECTION('',(-1.141265444721E-16,1.,0.));
#1762 = ORIENTED_EDGE('',*,*,#1763,.T.);
#1763 = EDGE_CURVE('',#1756,#1764,#1766,.T.);
#1764 = VERTEX_POINT('',#1765);
#1765 = CARTESIAN_POINT('',(1.399999999999,0.755,-0.34));
#1766 = LINE('',#1767,#1768);
#1767 = CARTESIAN_POINT('',(1.399999999999,0.755,-0.34));
#1768 = VECTOR('',#1769,1.);
#1769 = DIRECTION('',(0.,0.,-1.));
#1770 = ORIENTED_EDGE('',*,*,#1771,.T.);
#1771 = EDGE_CURVE('',#1764,#882,#1772,.T.);
#1772 = LINE('',#1773,#1774);
#1773 = CARTESIAN_POINT('',(1.399999999999,0.95,-0.34));
#1774 = VECTOR('',#1775,1.);
#1775 = DIRECTION('',(-1.141265444721E-16,1.,0.));
#1776 = ORIENTED_EDGE('',*,*,#881,.T.);
#1777 = ORIENTED_EDGE('',*,*,#1778,.F.);
#1778 = EDGE_CURVE('',#1779,#872,#1781,.T.);
#1779 = VERTEX_POINT('',#1780);
#1780 = CARTESIAN_POINT('',(1.399999999999,0.538516480713,0.));
#1781 = LINE('',#1782,#1783);
#1782 = CARTESIAN_POINT('',(1.399999999999,0.95,0.));
#1783 = VECTOR('',#1784,1.);
#1784 = DIRECTION('',(-1.141265444721E-16,1.,0.));
#1785 = ORIENTED_EDGE('',*,*,#1786,.F.);
#1786 = EDGE_CURVE('',#1787,#1779,#1789,.T.);
#1787 = VERTEX_POINT('',#1788);
#1788 = CARTESIAN_POINT('',(1.399999999999,-0.538516480713,0.));
#1789 = LINE('',#1790,#1791);
#1790 = CARTESIAN_POINT('',(1.399999999999,0.95,0.));
#1791 = VECTOR('',#1792,1.);
#1792 = DIRECTION('',(-1.141265444721E-16,1.,0.));
#1793 = ORIENTED_EDGE('',*,*,#1794,.F.);
#1794 = EDGE_CURVE('',#1795,#1787,#1797,.T.);
#1795 = VERTEX_POINT('',#1796);
#1796 = CARTESIAN_POINT('',(1.399999999999,-0.949999999999,0.));
#1797 = LINE('',#1798,#1799);
#1798 = CARTESIAN_POINT('',(1.399999999999,0.95,0.));
#1799 = VECTOR('',#1800,1.);
#1800 = DIRECTION('',(-1.141265444721E-16,1.,0.));
#1801 = ORIENTED_EDGE('',*,*,#1802,.F.);
#1802 = EDGE_CURVE('',#1803,#1795,#1805,.T.);
#1803 = VERTEX_POINT('',#1804);
#1804 = CARTESIAN_POINT('',(1.399999999999,-0.949999999999,-0.34));
#1805 = LINE('',#1806,#1807);
#1806 = CARTESIAN_POINT('',(1.399999999999,-0.949999999999,-0.34));
#1807 = VECTOR('',#1808,1.);
#1808 = DIRECTION('',(0.,0.,1.));
#1809 = ORIENTED_EDGE('',*,*,#1810,.T.);
#1810 = EDGE_CURVE('',#1803,#1811,#1813,.T.);
#1811 = VERTEX_POINT('',#1812);
#1812 = CARTESIAN_POINT('',(1.399999999999,-0.754999999999,-0.34));
#1813 = LINE('',#1814,#1815);
#1814 = CARTESIAN_POINT('',(1.399999999999,0.95,-0.34));
#1815 = VECTOR('',#1816,1.);
#1816 = DIRECTION('',(-1.141265444721E-16,1.,0.));
#1817 = ORIENTED_EDGE('',*,*,#1818,.F.);
#1818 = EDGE_CURVE('',#1722,#1811,#1819,.T.);
#1819 = LINE('',#1820,#1821);
#1820 = CARTESIAN_POINT('',(1.399999999999,-0.755,-0.34));
#1821 = VECTOR('',#1822,1.);
#1822 = DIRECTION('',(0.,0.,-1.));
#1823 = PLANE('',#1824);
#1824 = AXIS2_PLACEMENT_3D('',#1825,#1826,#1827);
#1825 = CARTESIAN_POINT('',(1.399999999999,0.95,-0.34));
#1826 = DIRECTION('',(1.,1.141265444721E-16,0.));
#1827 = DIRECTION('',(-1.141265444721E-16,1.,0.));
#1828 = ADVANCED_FACE('',(#1829),#1957,.F.);
#1829 = FACE_BOUND('',#1830,.T.);
#1830 = EDGE_LOOP('',(#1831,#1839,#1847,#1853,#1854,#1862,#1870,#1878,
    #1886,#1894,#1902,#1910,#1918,#1926,#1932,#1933,#1934,#1942,#1950,
    #1956));
#1831 = ORIENTED_EDGE('',*,*,#1832,.F.);
#1832 = EDGE_CURVE('',#1833,#1732,#1835,.T.);
#1833 = VERTEX_POINT('',#1834);
#1834 = CARTESIAN_POINT('',(1.2,-0.405,-0.34));
#1835 = LINE('',#1836,#1837);
#1836 = CARTESIAN_POINT('',(0.,-0.405,-0.34));
#1837 = VECTOR('',#1838,1.);
#1838 = DIRECTION('',(1.,0.,0.));
#1839 = ORIENTED_EDGE('',*,*,#1840,.F.);
#1840 = EDGE_CURVE('',#1841,#1833,#1843,.T.);
#1841 = VERTEX_POINT('',#1842);
#1842 = CARTESIAN_POINT('',(1.2,-0.755,-0.34));
#1843 = LINE('',#1844,#1845);
#1844 = CARTESIAN_POINT('',(1.2,0.,-0.34));
#1845 = VECTOR('',#1846,1.);
#1846 = DIRECTION('',(0.,1.,0.));
#1847 = ORIENTED_EDGE('',*,*,#1848,.T.);
#1848 = EDGE_CURVE('',#1841,#1811,#1849,.T.);
#1849 = LINE('',#1850,#1851);
#1850 = CARTESIAN_POINT('',(0.,-0.755,-0.34));
#1851 = VECTOR('',#1852,1.);
#1852 = DIRECTION('',(1.,0.,0.));
#1853 = ORIENTED_EDGE('',*,*,#1810,.F.);
#1854 = ORIENTED_EDGE('',*,*,#1855,.F.);
#1855 = EDGE_CURVE('',#1856,#1803,#1858,.T.);
#1856 = VERTEX_POINT('',#1857);
#1857 = CARTESIAN_POINT('',(-1.4,-0.949999999999,-0.34));
#1858 = LINE('',#1859,#1860);
#1859 = CARTESIAN_POINT('',(-1.4,-0.949999999999,-0.34));
#1860 = VECTOR('',#1861,1.);
#1861 = DIRECTION('',(1.,0.,0.));
#1862 = ORIENTED_EDGE('',*,*,#1863,.F.);
#1863 = EDGE_CURVE('',#1864,#1856,#1866,.T.);
#1864 = VERTEX_POINT('',#1865);
#1865 = CARTESIAN_POINT('',(-1.4,-0.755,-0.34));
#1866 = LINE('',#1867,#1868);
#1867 = CARTESIAN_POINT('',(-1.4,0.95,-0.34));
#1868 = VECTOR('',#1869,1.);
#1869 = DIRECTION('',(0.,-1.,0.));
#1870 = ORIENTED_EDGE('',*,*,#1871,.F.);
#1871 = EDGE_CURVE('',#1872,#1864,#1874,.T.);
#1872 = VERTEX_POINT('',#1873);
#1873 = CARTESIAN_POINT('',(-1.2,-0.755,-0.34));
#1874 = LINE('',#1875,#1876);
#1875 = CARTESIAN_POINT('',(0.,-0.755,-0.34));
#1876 = VECTOR('',#1877,1.);
#1877 = DIRECTION('',(-1.,0.,0.));
#1878 = ORIENTED_EDGE('',*,*,#1879,.T.);
#1879 = EDGE_CURVE('',#1872,#1880,#1882,.T.);
#1880 = VERTEX_POINT('',#1881);
#1881 = CARTESIAN_POINT('',(-1.2,-0.405,-0.34));
#1882 = LINE('',#1883,#1884);
#1883 = CARTESIAN_POINT('',(-1.2,0.,-0.34));
#1884 = VECTOR('',#1885,1.);
#1885 = DIRECTION('',(0.,1.,0.));
#1886 = ORIENTED_EDGE('',*,*,#1887,.T.);
#1887 = EDGE_CURVE('',#1880,#1888,#1890,.T.);
#1888 = VERTEX_POINT('',#1889);
#1889 = CARTESIAN_POINT('',(-1.4,-0.405,-0.34));
#1890 = LINE('',#1891,#1892);
#1891 = CARTESIAN_POINT('',(0.,-0.405,-0.34));
#1892 = VECTOR('',#1893,1.);
#1893 = DIRECTION('',(-1.,0.,0.));
#1894 = ORIENTED_EDGE('',*,*,#1895,.F.);
#1895 = EDGE_CURVE('',#1896,#1888,#1898,.T.);
#1896 = VERTEX_POINT('',#1897);
#1897 = CARTESIAN_POINT('',(-1.4,0.404999999999,-0.34));
#1898 = LINE('',#1899,#1900);
#1899 = CARTESIAN_POINT('',(-1.4,0.95,-0.34));
#1900 = VECTOR('',#1901,1.);
#1901 = DIRECTION('',(0.,-1.,0.));
#1902 = ORIENTED_EDGE('',*,*,#1903,.F.);
#1903 = EDGE_CURVE('',#1904,#1896,#1906,.T.);
#1904 = VERTEX_POINT('',#1905);
#1905 = CARTESIAN_POINT('',(-1.2,0.404999999999,-0.34));
#1906 = LINE('',#1907,#1908);
#1907 = CARTESIAN_POINT('',(0.,0.404999999999,-0.34));
#1908 = VECTOR('',#1909,1.);
#1909 = DIRECTION('',(-1.,0.,0.));
#1910 = ORIENTED_EDGE('',*,*,#1911,.T.);
#1911 = EDGE_CURVE('',#1904,#1912,#1914,.T.);
#1912 = VERTEX_POINT('',#1913);
#1913 = CARTESIAN_POINT('',(-1.2,0.755,-0.34));
#1914 = LINE('',#1915,#1916);
#1915 = CARTESIAN_POINT('',(-1.2,0.,-0.34));
#1916 = VECTOR('',#1917,1.);
#1917 = DIRECTION('',(0.,1.,0.));
#1918 = ORIENTED_EDGE('',*,*,#1919,.T.);
#1919 = EDGE_CURVE('',#1912,#1920,#1922,.T.);
#1920 = VERTEX_POINT('',#1921);
#1921 = CARTESIAN_POINT('',(-1.4,0.755,-0.34));
#1922 = LINE('',#1923,#1924);
#1923 = CARTESIAN_POINT('',(0.,0.755,-0.34));
#1924 = VECTOR('',#1925,1.);
#1925 = DIRECTION('',(-1.,0.,0.));
#1926 = ORIENTED_EDGE('',*,*,#1927,.F.);
#1927 = EDGE_CURVE('',#890,#1920,#1928,.T.);
#1928 = LINE('',#1929,#1930);
#1929 = CARTESIAN_POINT('',(-1.4,0.95,-0.34));
#1930 = VECTOR('',#1931,1.);
#1931 = DIRECTION('',(0.,-1.,0.));
#1932 = ORIENTED_EDGE('',*,*,#889,.F.);
#1933 = ORIENTED_EDGE('',*,*,#1771,.F.);
#1934 = ORIENTED_EDGE('',*,*,#1935,.F.);
#1935 = EDGE_CURVE('',#1936,#1764,#1938,.T.);
#1936 = VERTEX_POINT('',#1937);
#1937 = CARTESIAN_POINT('',(1.2,0.755,-0.34));
#1938 = LINE('',#1939,#1940);
#1939 = CARTESIAN_POINT('',(0.,0.755,-0.34));
#1940 = VECTOR('',#1941,1.);
#1941 = DIRECTION('',(1.,0.,0.));
#1942 = ORIENTED_EDGE('',*,*,#1943,.F.);
#1943 = EDGE_CURVE('',#1944,#1936,#1946,.T.);
#1944 = VERTEX_POINT('',#1945);
#1945 = CARTESIAN_POINT('',(1.2,0.404999999999,-0.34));
#1946 = LINE('',#1947,#1948);
#1947 = CARTESIAN_POINT('',(1.2,0.,-0.34));
#1948 = VECTOR('',#1949,1.);
#1949 = DIRECTION('',(0.,1.,0.));
#1950 = ORIENTED_EDGE('',*,*,#1951,.T.);
#1951 = EDGE_CURVE('',#1944,#1740,#1952,.T.);
#1952 = LINE('',#1953,#1954);
#1953 = CARTESIAN_POINT('',(0.,0.404999999999,-0.34));
#1954 = VECTOR('',#1955,1.);
#1955 = DIRECTION('',(1.,0.,0.));
#1956 = ORIENTED_EDGE('',*,*,#1739,.F.);
#1957 = PLANE('',#1958);
#1958 = AXIS2_PLACEMENT_3D('',#1959,#1960,#1961);
#1959 = CARTESIAN_POINT('',(0.,0.,-0.34));
#1960 = DIRECTION('',(0.,0.,1.));
#1961 = DIRECTION('',(1.,0.,-0.));
#1962 = ADVANCED_FACE('',(#1963),#1981,.T.);
#1963 = FACE_BOUND('',#1964,.T.);
#1964 = EDGE_LOOP('',(#1965,#1974,#1975));
#1965 = ORIENTED_EDGE('',*,*,#1966,.F.);
#1966 = EDGE_CURVE('',#906,#1967,#1969,.T.);
#1967 = VERTEX_POINT('',#1968);
#1968 = CARTESIAN_POINT('',(-1.399999999999,0.538516480713,0.));
#1969 = CIRCLE('',#1970,1.5);
#1970 = AXIS2_PLACEMENT_3D('',#1971,#1972,#1973);
#1971 = CARTESIAN_POINT('',(0.,0.,0.));
#1972 = DIRECTION('',(0.,0.,1.));
#1973 = DIRECTION('',(1.,0.,-0.));
#1974 = ORIENTED_EDGE('',*,*,#905,.T.);
#1975 = ORIENTED_EDGE('',*,*,#1976,.T.);
#1976 = EDGE_CURVE('',#898,#1967,#1977,.T.);
#1977 = LINE('',#1978,#1979);
#1978 = CARTESIAN_POINT('',(-1.4,0.95,0.));
#1979 = VECTOR('',#1980,1.);
#1980 = DIRECTION('',(0.,-1.,0.));
#1981 = PLANE('',#1982);
#1982 = AXIS2_PLACEMENT_3D('',#1983,#1984,#1985);
#1983 = CARTESIAN_POINT('',(0.,0.,0.));
#1984 = DIRECTION('',(0.,0.,1.));
#1985 = DIRECTION('',(1.,0.,-0.));
#1986 = ADVANCED_FACE('',(#1987),#2004,.T.);
#1987 = FACE_BOUND('',#1988,.T.);
#1988 = EDGE_LOOP('',(#1989,#1990,#1998));
#1989 = ORIENTED_EDGE('',*,*,#175,.F.);
#1990 = ORIENTED_EDGE('',*,*,#1991,.T.);
#1991 = EDGE_CURVE('',#167,#1992,#1994,.T.);
#1992 = VERTEX_POINT('',#1993);
#1993 = CARTESIAN_POINT('',(-1.4,-0.949999999999,0.));
#1994 = LINE('',#1995,#1996);
#1995 = CARTESIAN_POINT('',(-1.4,0.95,0.));
#1996 = VECTOR('',#1997,1.);
#1997 = DIRECTION('',(0.,-1.,0.));
#1998 = ORIENTED_EDGE('',*,*,#1999,.T.);
#1999 = EDGE_CURVE('',#1992,#176,#2000,.T.);
#2000 = LINE('',#2001,#2002);
#2001 = CARTESIAN_POINT('',(-1.4,-0.949999999999,0.));
#2002 = VECTOR('',#2003,1.);
#2003 = DIRECTION('',(1.,0.,0.));
#2004 = PLANE('',#2005);
#2005 = AXIS2_PLACEMENT_3D('',#2006,#2007,#2008);
#2006 = CARTESIAN_POINT('',(0.,0.,0.));
#2007 = DIRECTION('',(0.,0.,1.));
#2008 = DIRECTION('',(1.,0.,-0.));
#2009 = ADVANCED_FACE('',(#2010),#2028,.T.);
#2010 = FACE_BOUND('',#2011,.T.);
#2011 = EDGE_LOOP('',(#2012,#2021,#2027));
#2012 = ORIENTED_EDGE('',*,*,#2013,.F.);
#2013 = EDGE_CURVE('',#2014,#1787,#2016,.T.);
#2014 = VERTEX_POINT('',#2015);
#2015 = CARTESIAN_POINT('',(1.160818676624,-0.949999999999,0.));
#2016 = CIRCLE('',#2017,1.5);
#2017 = AXIS2_PLACEMENT_3D('',#2018,#2019,#2020);
#2018 = CARTESIAN_POINT('',(0.,0.,0.));
#2019 = DIRECTION('',(0.,0.,1.));
#2020 = DIRECTION('',(1.,0.,-0.));
#2021 = ORIENTED_EDGE('',*,*,#2022,.T.);
#2022 = EDGE_CURVE('',#2014,#1795,#2023,.T.);
#2023 = LINE('',#2024,#2025);
#2024 = CARTESIAN_POINT('',(-1.4,-0.949999999999,0.));
#2025 = VECTOR('',#2026,1.);
#2026 = DIRECTION('',(1.,0.,0.));
#2027 = ORIENTED_EDGE('',*,*,#1794,.T.);
#2028 = PLANE('',#2029);
#2029 = AXIS2_PLACEMENT_3D('',#2030,#2031,#2032);
#2030 = CARTESIAN_POINT('',(0.,0.,0.));
#2031 = DIRECTION('',(0.,0.,1.));
#2032 = DIRECTION('',(1.,0.,-0.));
#2033 = ADVANCED_FACE('',(#2034),#2052,.T.);
#2034 = FACE_BOUND('',#2035,.T.);
#2035 = EDGE_LOOP('',(#2036,#2037,#2043,#2044,#2045,#2046));
#2036 = ORIENTED_EDGE('',*,*,#1999,.F.);
#2037 = ORIENTED_EDGE('',*,*,#2038,.F.);
#2038 = EDGE_CURVE('',#1856,#1992,#2039,.T.);
#2039 = LINE('',#2040,#2041);
#2040 = CARTESIAN_POINT('',(-1.4,-0.949999999999,-0.34));
#2041 = VECTOR('',#2042,1.);
#2042 = DIRECTION('',(0.,0.,1.));
#2043 = ORIENTED_EDGE('',*,*,#1855,.T.);
#2044 = ORIENTED_EDGE('',*,*,#1802,.T.);
#2045 = ORIENTED_EDGE('',*,*,#2022,.F.);
#2046 = ORIENTED_EDGE('',*,*,#2047,.F.);
#2047 = EDGE_CURVE('',#176,#2014,#2048,.T.);
#2048 = LINE('',#2049,#2050);
#2049 = CARTESIAN_POINT('',(-1.4,-0.949999999999,0.));
#2050 = VECTOR('',#2051,1.);
#2051 = DIRECTION('',(1.,0.,0.));
#2052 = PLANE('',#2053);
#2053 = AXIS2_PLACEMENT_3D('',#2054,#2055,#2056);
#2054 = CARTESIAN_POINT('',(-1.4,-0.949999999999,-0.34));
#2055 = DIRECTION('',(0.,-1.,0.));
#2056 = DIRECTION('',(0.,0.,-1.));
#2057 = ADVANCED_FACE('',(#2058),#2117,.T.);
#2058 = FACE_BOUND('',#2059,.T.);
#2059 = EDGE_LOOP('',(#2060,#2068,#2076,#2082,#2083,#2091,#2099,#2105,
    #2106,#2107,#2108,#2114,#2115,#2116));
#2060 = ORIENTED_EDGE('',*,*,#2061,.F.);
#2061 = EDGE_CURVE('',#2062,#1920,#2064,.T.);
#2062 = VERTEX_POINT('',#2063);
#2063 = CARTESIAN_POINT('',(-1.4,0.755,-0.25));
#2064 = LINE('',#2065,#2066);
#2065 = CARTESIAN_POINT('',(-1.4,0.755,-0.34));
#2066 = VECTOR('',#2067,1.);
#2067 = DIRECTION('',(0.,0.,-1.));
#2068 = ORIENTED_EDGE('',*,*,#2069,.T.);
#2069 = EDGE_CURVE('',#2062,#2070,#2072,.T.);
#2070 = VERTEX_POINT('',#2071);
#2071 = CARTESIAN_POINT('',(-1.4,0.405,-0.25));
#2072 = LINE('',#2073,#2074);
#2073 = CARTESIAN_POINT('',(-1.4,0.95,-0.25));
#2074 = VECTOR('',#2075,1.);
#2075 = DIRECTION('',(0.,-1.,0.));
#2076 = ORIENTED_EDGE('',*,*,#2077,.T.);
#2077 = EDGE_CURVE('',#2070,#1896,#2078,.T.);
#2078 = LINE('',#2079,#2080);
#2079 = CARTESIAN_POINT('',(-1.4,0.404999999999,-0.34));
#2080 = VECTOR('',#2081,1.);
#2081 = DIRECTION('',(0.,0.,-1.));
#2082 = ORIENTED_EDGE('',*,*,#1895,.T.);
#2083 = ORIENTED_EDGE('',*,*,#2084,.F.);
#2084 = EDGE_CURVE('',#2085,#1888,#2087,.T.);
#2085 = VERTEX_POINT('',#2086);
#2086 = CARTESIAN_POINT('',(-1.4,-0.405,-0.25));
#2087 = LINE('',#2088,#2089);
#2088 = CARTESIAN_POINT('',(-1.4,-0.404999999999,-0.34));
#2089 = VECTOR('',#2090,1.);
#2090 = DIRECTION('',(0.,0.,-1.));
#2091 = ORIENTED_EDGE('',*,*,#2092,.T.);
#2092 = EDGE_CURVE('',#2085,#2093,#2095,.T.);
#2093 = VERTEX_POINT('',#2094);
#2094 = CARTESIAN_POINT('',(-1.4,-0.755,-0.25));
#2095 = LINE('',#2096,#2097);
#2096 = CARTESIAN_POINT('',(-1.4,0.95,-0.25));
#2097 = VECTOR('',#2098,1.);
#2098 = DIRECTION('',(0.,-1.,0.));
#2099 = ORIENTED_EDGE('',*,*,#2100,.T.);
#2100 = EDGE_CURVE('',#2093,#1864,#2101,.T.);
#2101 = LINE('',#2102,#2103);
#2102 = CARTESIAN_POINT('',(-1.4,-0.755,-0.34));
#2103 = VECTOR('',#2104,1.);
#2104 = DIRECTION('',(0.,0.,-1.));
#2105 = ORIENTED_EDGE('',*,*,#1863,.T.);
#2106 = ORIENTED_EDGE('',*,*,#2038,.T.);
#2107 = ORIENTED_EDGE('',*,*,#1991,.F.);
#2108 = ORIENTED_EDGE('',*,*,#2109,.F.);
#2109 = EDGE_CURVE('',#1967,#167,#2110,.T.);
#2110 = LINE('',#2111,#2112);
#2111 = CARTESIAN_POINT('',(-1.4,0.95,0.));
#2112 = VECTOR('',#2113,1.);
#2113 = DIRECTION('',(0.,-1.,0.));
#2114 = ORIENTED_EDGE('',*,*,#1976,.F.);
#2115 = ORIENTED_EDGE('',*,*,#897,.F.);
#2116 = ORIENTED_EDGE('',*,*,#1927,.T.);
#2117 = PLANE('',#2118);
#2118 = AXIS2_PLACEMENT_3D('',#2119,#2120,#2121);
#2119 = CARTESIAN_POINT('',(-1.4,0.95,-0.34));
#2120 = DIRECTION('',(-1.,0.,0.));
#2121 = DIRECTION('',(0.,0.,1.));
#2122 = ADVANCED_FACE('',(#2123),#2134,.T.);
#2123 = FACE_BOUND('',#2124,.T.);
#2124 = EDGE_LOOP('',(#2125,#2132,#2133));
#2125 = ORIENTED_EDGE('',*,*,#2126,.F.);
#2126 = EDGE_CURVE('',#1779,#874,#2127,.T.);
#2127 = CIRCLE('',#2128,1.5);
#2128 = AXIS2_PLACEMENT_3D('',#2129,#2130,#2131);
#2129 = CARTESIAN_POINT('',(0.,0.,0.));
#2130 = DIRECTION('',(0.,0.,1.));
#2131 = DIRECTION('',(1.,0.,-0.));
#2132 = ORIENTED_EDGE('',*,*,#1778,.T.);
#2133 = ORIENTED_EDGE('',*,*,#871,.T.);
#2134 = PLANE('',#2135);
#2135 = AXIS2_PLACEMENT_3D('',#2136,#2137,#2138);
#2136 = CARTESIAN_POINT('',(0.,0.,0.));
#2137 = DIRECTION('',(0.,0.,1.));
#2138 = DIRECTION('',(1.,0.,-0.));
#2139 = ADVANCED_FACE('',(#2140),#2150,.F.);
#2140 = FACE_BOUND('',#2141,.T.);
#2141 = EDGE_LOOP('',(#2142,#2149));
#2142 = ORIENTED_EDGE('',*,*,#2143,.F.);
#2143 = EDGE_CURVE('',#1787,#1779,#2144,.T.);
#2144 = CIRCLE('',#2145,1.5);
#2145 = AXIS2_PLACEMENT_3D('',#2146,#2147,#2148);
#2146 = CARTESIAN_POINT('',(0.,0.,0.));
#2147 = DIRECTION('',(0.,0.,1.));
#2148 = DIRECTION('',(1.,0.,-0.));
#2149 = ORIENTED_EDGE('',*,*,#1786,.T.);
#2150 = PLANE('',#2151);
#2151 = AXIS2_PLACEMENT_3D('',#2152,#2153,#2154);
#2152 = CARTESIAN_POINT('',(0.,0.,0.));
#2153 = DIRECTION('',(0.,0.,1.));
#2154 = DIRECTION('',(1.,0.,-0.));
#2155 = ADVANCED_FACE('',(#2156),#2183,.F.);
#2156 = FACE_BOUND('',#2157,.T.);
#2157 = EDGE_LOOP('',(#2158,#2167,#2168,#2177));
#2158 = ORIENTED_EDGE('',*,*,#2159,.F.);
#2159 = EDGE_CURVE('',#874,#2160,#2162,.T.);
#2160 = VERTEX_POINT('',#2161);
#2161 = CARTESIAN_POINT('',(1.071214264281,1.05,0.));
#2162 = CIRCLE('',#2163,1.5);
#2163 = AXIS2_PLACEMENT_3D('',#2164,#2165,#2166);
#2164 = CARTESIAN_POINT('',(0.,0.,0.));
#2165 = DIRECTION('',(0.,0.,1.));
#2166 = DIRECTION('',(1.,0.,-0.));
#2167 = ORIENTED_EDGE('',*,*,#913,.T.);
#2168 = ORIENTED_EDGE('',*,*,#2169,.F.);
#2169 = EDGE_CURVE('',#2170,#906,#2172,.T.);
#2170 = VERTEX_POINT('',#2171);
#2171 = CARTESIAN_POINT('',(-1.071214264281,1.05,0.));
#2172 = CIRCLE('',#2173,1.5);
#2173 = AXIS2_PLACEMENT_3D('',#2174,#2175,#2176);
#2174 = CARTESIAN_POINT('',(0.,0.,0.));
#2175 = DIRECTION('',(0.,0.,1.));
#2176 = DIRECTION('',(1.,0.,-0.));
#2177 = ORIENTED_EDGE('',*,*,#2178,.F.);
#2178 = EDGE_CURVE('',#2160,#2170,#2179,.T.);
#2179 = LINE('',#2180,#2181);
#2180 = CARTESIAN_POINT('',(-1.071214264281,1.05,0.));
#2181 = VECTOR('',#2182,1.);
#2182 = DIRECTION('',(-1.,0.,0.));
#2183 = PLANE('',#2184);
#2184 = AXIS2_PLACEMENT_3D('',#2185,#2186,#2187);
#2185 = CARTESIAN_POINT('',(0.,0.,0.));
#2186 = DIRECTION('',(0.,0.,1.));
#2187 = DIRECTION('',(1.,0.,-0.));
#2188 = ADVANCED_FACE('',(#2189),#2200,.F.);
#2189 = FACE_BOUND('',#2190,.T.);
#2190 = EDGE_LOOP('',(#2191,#2198,#2199));
#2191 = ORIENTED_EDGE('',*,*,#2192,.F.);
#2192 = EDGE_CURVE('',#1967,#159,#2193,.T.);
#2193 = CIRCLE('',#2194,1.5);
#2194 = AXIS2_PLACEMENT_3D('',#2195,#2196,#2197);
#2195 = CARTESIAN_POINT('',(0.,0.,0.));
#2196 = DIRECTION('',(0.,0.,1.));
#2197 = DIRECTION('',(1.,0.,-0.));
#2198 = ORIENTED_EDGE('',*,*,#2109,.T.);
#2199 = ORIENTED_EDGE('',*,*,#166,.F.);
#2200 = PLANE('',#2201);
#2201 = AXIS2_PLACEMENT_3D('',#2202,#2203,#2204);
#2202 = CARTESIAN_POINT('',(0.,0.,0.));
#2203 = DIRECTION('',(0.,0.,1.));
#2204 = DIRECTION('',(1.,0.,-0.));
#2205 = ADVANCED_FACE('',(#2206),#2225,.F.);
#2206 = FACE_BOUND('',#2207,.T.);
#2207 = EDGE_LOOP('',(#2208,#2209,#2210,#2219));
#2208 = ORIENTED_EDGE('',*,*,#184,.F.);
#2209 = ORIENTED_EDGE('',*,*,#2047,.T.);
#2210 = ORIENTED_EDGE('',*,*,#2211,.F.);
#2211 = EDGE_CURVE('',#2212,#2014,#2214,.T.);
#2212 = VERTEX_POINT('',#2213);
#2213 = CARTESIAN_POINT('',(1.071214264281,-1.049999999999,0.));
#2214 = CIRCLE('',#2215,1.5);
#2215 = AXIS2_PLACEMENT_3D('',#2216,#2217,#2218);
#2216 = CARTESIAN_POINT('',(0.,0.,0.));
#2217 = DIRECTION('',(0.,0.,1.));
#2218 = DIRECTION('',(1.,0.,-0.));
#2219 = ORIENTED_EDGE('',*,*,#2220,.F.);
#2220 = EDGE_CURVE('',#185,#2212,#2221,.T.);
#2221 = LINE('',#2222,#2223);
#2222 = CARTESIAN_POINT('',(-1.071214264281,-1.05,0.));
#2223 = VECTOR('',#2224,1.);
#2224 = DIRECTION('',(1.,0.,0.));
#2225 = PLANE('',#2226);
#2226 = AXIS2_PLACEMENT_3D('',#2227,#2228,#2229);
#2227 = CARTESIAN_POINT('',(0.,0.,0.));
#2228 = DIRECTION('',(0.,0.,1.));
#2229 = DIRECTION('',(1.,0.,-0.));
#2230 = ADVANCED_FACE('',(#2231),#2252,.T.);
#2231 = FACE_BOUND('',#2232,.T.);
#2232 = EDGE_LOOP('',(#2233,#2234,#2243,#2249,#2250,#2251));
#2233 = ORIENTED_EDGE('',*,*,#158,.F.);
#2234 = ORIENTED_EDGE('',*,*,#2235,.F.);
#2235 = EDGE_CURVE('',#2236,#148,#2238,.T.);
#2236 = VERTEX_POINT('',#2237);
#2237 = CARTESIAN_POINT('',(-1.071214264281,1.05,1.E-02));
#2238 = CIRCLE('',#2239,1.5);
#2239 = AXIS2_PLACEMENT_3D('',#2240,#2241,#2242);
#2240 = CARTESIAN_POINT('',(0.,0.,1.E-02));
#2241 = DIRECTION('',(0.,0.,1.));
#2242 = DIRECTION('',(1.,0.,-0.));
#2243 = ORIENTED_EDGE('',*,*,#2244,.T.);
#2244 = EDGE_CURVE('',#2236,#2170,#2245,.T.);
#2245 = LINE('',#2246,#2247);
#2246 = CARTESIAN_POINT('',(-1.071214264281,1.05,1.E-02));
#2247 = VECTOR('',#2248,1.);
#2248 = DIRECTION('',(0.,0.,-1.));
#2249 = ORIENTED_EDGE('',*,*,#2169,.T.);
#2250 = ORIENTED_EDGE('',*,*,#1966,.T.);
#2251 = ORIENTED_EDGE('',*,*,#2192,.T.);
#2252 = CYLINDRICAL_SURFACE('',#2253,1.5);
#2253 = AXIS2_PLACEMENT_3D('',#2254,#2255,#2256);
#2254 = CARTESIAN_POINT('',(0.,0.,1.E-02));
#2255 = DIRECTION('',(0.,0.,-1.));
#2256 = DIRECTION('',(-1.,0.,0.));
#2257 = ADVANCED_FACE('',(#2258),#2276,.F.);
#2258 = FACE_BOUND('',#2259,.T.);
#2259 = EDGE_LOOP('',(#2260,#2261,#2269,#2275));
#2260 = ORIENTED_EDGE('',*,*,#2220,.T.);
#2261 = ORIENTED_EDGE('',*,*,#2262,.F.);
#2262 = EDGE_CURVE('',#2263,#2212,#2265,.T.);
#2263 = VERTEX_POINT('',#2264);
#2264 = CARTESIAN_POINT('',(1.071214264281,-1.049999999999,1.E-02));
#2265 = LINE('',#2266,#2267);
#2266 = CARTESIAN_POINT('',(1.071214264281,-1.049999999999,1.E-02));
#2267 = VECTOR('',#2268,1.);
#2268 = DIRECTION('',(0.,0.,-1.));
#2269 = ORIENTED_EDGE('',*,*,#2270,.F.);
#2270 = EDGE_CURVE('',#150,#2263,#2271,.T.);
#2271 = LINE('',#2272,#2273);
#2272 = CARTESIAN_POINT('',(-1.071214264281,-1.05,1.E-02));
#2273 = VECTOR('',#2274,1.);
#2274 = DIRECTION('',(1.,0.,0.));
#2275 = ORIENTED_EDGE('',*,*,#193,.T.);
#2276 = PLANE('',#2277);
#2277 = AXIS2_PLACEMENT_3D('',#2278,#2279,#2280);
#2278 = CARTESIAN_POINT('',(-1.071214264281,-1.05,1.E-02));
#2279 = DIRECTION('',(0.,1.,0.));
#2280 = DIRECTION('',(0.,-0.,1.));
#2281 = ADVANCED_FACE('',(#2282),#2305,.T.);
#2282 = FACE_BOUND('',#2283,.T.);
#2283 = EDGE_LOOP('',(#2284,#2285,#2286,#2287,#2288,#2289,#2297,#2304));
#2284 = ORIENTED_EDGE('',*,*,#2211,.T.);
#2285 = ORIENTED_EDGE('',*,*,#2013,.T.);
#2286 = ORIENTED_EDGE('',*,*,#2143,.T.);
#2287 = ORIENTED_EDGE('',*,*,#2126,.T.);
#2288 = ORIENTED_EDGE('',*,*,#2159,.T.);
#2289 = ORIENTED_EDGE('',*,*,#2290,.F.);
#2290 = EDGE_CURVE('',#2291,#2160,#2293,.T.);
#2291 = VERTEX_POINT('',#2292);
#2292 = CARTESIAN_POINT('',(1.071214264281,1.05,1.E-02));
#2293 = LINE('',#2294,#2295);
#2294 = CARTESIAN_POINT('',(1.071214264281,1.05,1.E-02));
#2295 = VECTOR('',#2296,1.);
#2296 = DIRECTION('',(0.,0.,-1.));
#2297 = ORIENTED_EDGE('',*,*,#2298,.F.);
#2298 = EDGE_CURVE('',#2263,#2291,#2299,.T.);
#2299 = CIRCLE('',#2300,1.5);
#2300 = AXIS2_PLACEMENT_3D('',#2301,#2302,#2303);
#2301 = CARTESIAN_POINT('',(0.,0.,1.E-02));
#2302 = DIRECTION('',(0.,0.,1.));
#2303 = DIRECTION('',(1.,0.,-0.));
#2304 = ORIENTED_EDGE('',*,*,#2262,.T.);
#2305 = CYLINDRICAL_SURFACE('',#2306,1.5);
#2306 = AXIS2_PLACEMENT_3D('',#2307,#2308,#2309);
#2307 = CARTESIAN_POINT('',(0.,0.,1.E-02));
#2308 = DIRECTION('',(0.,0.,-1.));
#2309 = DIRECTION('',(-1.,0.,0.));
#2310 = ADVANCED_FACE('',(#2311),#2322,.F.);
#2311 = FACE_BOUND('',#2312,.T.);
#2312 = EDGE_LOOP('',(#2313,#2314,#2315,#2321));
#2313 = ORIENTED_EDGE('',*,*,#2178,.T.);
#2314 = ORIENTED_EDGE('',*,*,#2244,.F.);
#2315 = ORIENTED_EDGE('',*,*,#2316,.F.);
#2316 = EDGE_CURVE('',#2291,#2236,#2317,.T.);
#2317 = LINE('',#2318,#2319);
#2318 = CARTESIAN_POINT('',(-1.071214264281,1.05,1.E-02));
#2319 = VECTOR('',#2320,1.);
#2320 = DIRECTION('',(-1.,0.,0.));
#2321 = ORIENTED_EDGE('',*,*,#2290,.T.);
#2322 = PLANE('',#2323);
#2323 = AXIS2_PLACEMENT_3D('',#2324,#2325,#2326);
#2324 = CARTESIAN_POINT('',(-1.071214264281,1.05,1.E-02));
#2325 = DIRECTION('',(0.,-1.,0.));
#2326 = DIRECTION('',(0.,0.,-1.));
#2327 = ADVANCED_FACE('',(#2328,#2363),#2370,.T.);
#2328 = FACE_BOUND('',#2329,.T.);
#2329 = EDGE_LOOP('',(#2330,#2341,#2347,#2348,#2357));
#2330 = ORIENTED_EDGE('',*,*,#2331,.F.);
#2331 = EDGE_CURVE('',#2332,#2334,#2336,.T.);
#2332 = VERTEX_POINT('',#2333);
#2333 = CARTESIAN_POINT('',(-0.983615778645,0.85,1.E-02));
#2334 = VERTEX_POINT('',#2335);
#2335 = CARTESIAN_POINT('',(-0.983615778645,-0.85,1.E-02));
#2336 = CIRCLE('',#2337,1.3);
#2337 = AXIS2_PLACEMENT_3D('',#2338,#2339,#2340);
#2338 = CARTESIAN_POINT('',(0.,0.,1.E-02));
#2339 = DIRECTION('',(0.,0.,1.));
#2340 = DIRECTION('',(1.,0.,-0.));
#2341 = ORIENTED_EDGE('',*,*,#2342,.F.);
#2342 = EDGE_CURVE('',#108,#2332,#2343,.T.);
#2343 = LINE('',#2344,#2345);
#2344 = CARTESIAN_POINT('',(0.936749699759,0.85,1.E-02));
#2345 = VECTOR('',#2346,1.);
#2346 = DIRECTION('',(-1.,0.,0.));
#2347 = ORIENTED_EDGE('',*,*,#115,.F.);
#2348 = ORIENTED_EDGE('',*,*,#2349,.F.);
#2349 = EDGE_CURVE('',#2350,#116,#2352,.T.);
#2350 = VERTEX_POINT('',#2351);
#2351 = CARTESIAN_POINT('',(0.983615778645,-0.849999999999,1.E-02));
#2352 = CIRCLE('',#2353,1.3);
#2353 = AXIS2_PLACEMENT_3D('',#2354,#2355,#2356);
#2354 = CARTESIAN_POINT('',(0.,0.,1.E-02));
#2355 = DIRECTION('',(0.,0.,1.));
#2356 = DIRECTION('',(1.,0.,-0.));
#2357 = ORIENTED_EDGE('',*,*,#2358,.F.);
#2358 = EDGE_CURVE('',#2334,#2350,#2359,.T.);
#2359 = LINE('',#2360,#2361);
#2360 = CARTESIAN_POINT('',(-0.936749699759,-0.85,1.E-02));
#2361 = VECTOR('',#2362,1.);
#2362 = DIRECTION('',(1.,1.157408614877E-16,0.));
#2363 = FACE_BOUND('',#2364,.T.);
#2364 = EDGE_LOOP('',(#2365,#2366,#2367,#2368,#2369));
#2365 = ORIENTED_EDGE('',*,*,#2235,.T.);
#2366 = ORIENTED_EDGE('',*,*,#147,.T.);
#2367 = ORIENTED_EDGE('',*,*,#2270,.T.);
#2368 = ORIENTED_EDGE('',*,*,#2298,.T.);
#2369 = ORIENTED_EDGE('',*,*,#2316,.T.);
#2370 = PLANE('',#2371);
#2371 = AXIS2_PLACEMENT_3D('',#2372,#2373,#2374);
#2372 = CARTESIAN_POINT('',(0.,0.,1.E-02));
#2373 = DIRECTION('',(0.,0.,1.));
#2374 = DIRECTION('',(1.,0.,-0.));
#2375 = ADVANCED_FACE('',(#2376),#2401,.T.);
#2376 = FACE_BOUND('',#2377,.T.);
#2377 = EDGE_LOOP('',(#2378,#2379,#2387,#2395));
#2378 = ORIENTED_EDGE('',*,*,#1879,.F.);
#2379 = ORIENTED_EDGE('',*,*,#2380,.T.);
#2380 = EDGE_CURVE('',#1872,#2381,#2383,.T.);
#2381 = VERTEX_POINT('',#2382);
#2382 = CARTESIAN_POINT('',(-1.2,-0.755,-0.35));
#2383 = LINE('',#2384,#2385);
#2384 = CARTESIAN_POINT('',(-1.2,-0.755,-0.25));
#2385 = VECTOR('',#2386,1.);
#2386 = DIRECTION('',(0.,0.,-1.));
#2387 = ORIENTED_EDGE('',*,*,#2388,.F.);
#2388 = EDGE_CURVE('',#2389,#2381,#2391,.T.);
#2389 = VERTEX_POINT('',#2390);
#2390 = CARTESIAN_POINT('',(-1.2,-0.405,-0.35));
#2391 = LINE('',#2392,#2393);
#2392 = CARTESIAN_POINT('',(-1.2,0.,-0.35));
#2393 = VECTOR('',#2394,1.);
#2394 = DIRECTION('',(0.,-1.,0.));
#2395 = ORIENTED_EDGE('',*,*,#2396,.F.);
#2396 = EDGE_CURVE('',#1880,#2389,#2397,.T.);
#2397 = LINE('',#2398,#2399);
#2398 = CARTESIAN_POINT('',(-1.2,-0.405,-0.25));
#2399 = VECTOR('',#2400,1.);
#2400 = DIRECTION('',(0.,0.,-1.));
#2401 = PLANE('',#2402);
#2402 = AXIS2_PLACEMENT_3D('',#2403,#2404,#2405);
#2403 = CARTESIAN_POINT('',(-1.2,0.,-0.25));
#2404 = DIRECTION('',(1.,0.,0.));
#2405 = DIRECTION('',(0.,0.,-1.));
#2406 = ADVANCED_FACE('',(#2407),#2441,.T.);
#2407 = FACE_BOUND('',#2408,.T.);
#2408 = EDGE_LOOP('',(#2409,#2419,#2427,#2435));
#2409 = ORIENTED_EDGE('',*,*,#2410,.F.);
#2410 = EDGE_CURVE('',#2411,#2413,#2415,.T.);
#2411 = VERTEX_POINT('',#2412);
#2412 = CARTESIAN_POINT('',(-1.5,-0.755,-0.35));
#2413 = VERTEX_POINT('',#2414);
#2414 = CARTESIAN_POINT('',(-1.5,-0.405,-0.35));
#2415 = LINE('',#2416,#2417);
#2416 = CARTESIAN_POINT('',(-1.5,-0.755,-0.35));
#2417 = VECTOR('',#2418,1.);
#2418 = DIRECTION('',(0.,1.,0.));
#2419 = ORIENTED_EDGE('',*,*,#2420,.F.);
#2420 = EDGE_CURVE('',#2421,#2411,#2423,.T.);
#2421 = VERTEX_POINT('',#2422);
#2422 = CARTESIAN_POINT('',(-1.5,-0.755,-0.25));
#2423 = LINE('',#2424,#2425);
#2424 = CARTESIAN_POINT('',(-1.5,-0.755,-0.25));
#2425 = VECTOR('',#2426,1.);
#2426 = DIRECTION('',(0.,0.,-1.));
#2427 = ORIENTED_EDGE('',*,*,#2428,.T.);
#2428 = EDGE_CURVE('',#2421,#2429,#2431,.T.);
#2429 = VERTEX_POINT('',#2430);
#2430 = CARTESIAN_POINT('',(-1.5,-0.405,-0.25));
#2431 = LINE('',#2432,#2433);
#2432 = CARTESIAN_POINT('',(-1.5,-0.755,-0.25));
#2433 = VECTOR('',#2434,1.);
#2434 = DIRECTION('',(0.,1.,0.));
#2435 = ORIENTED_EDGE('',*,*,#2436,.T.);
#2436 = EDGE_CURVE('',#2429,#2413,#2437,.T.);
#2437 = LINE('',#2438,#2439);
#2438 = CARTESIAN_POINT('',(-1.5,-0.405,-0.25));
#2439 = VECTOR('',#2440,1.);
#2440 = DIRECTION('',(0.,0.,-1.));
#2441 = PLANE('',#2442);
#2442 = AXIS2_PLACEMENT_3D('',#2443,#2444,#2445);
#2443 = CARTESIAN_POINT('',(-1.5,-0.755,-0.25));
#2444 = DIRECTION('',(-1.,0.,0.));
#2445 = DIRECTION('',(0.,0.,1.));
#2446 = ADVANCED_FACE('',(#2447),#2465,.T.);
#2447 = FACE_BOUND('',#2448,.T.);
#2448 = EDGE_LOOP('',(#2449,#2455,#2456,#2457,#2458,#2464));
#2449 = ORIENTED_EDGE('',*,*,#2450,.T.);
#2450 = EDGE_CURVE('',#2429,#2085,#2451,.T.);
#2451 = LINE('',#2452,#2453);
#2452 = CARTESIAN_POINT('',(0.,-0.405,-0.25));
#2453 = VECTOR('',#2454,1.);
#2454 = DIRECTION('',(1.,0.,0.));
#2455 = ORIENTED_EDGE('',*,*,#2084,.T.);
#2456 = ORIENTED_EDGE('',*,*,#1887,.F.);
#2457 = ORIENTED_EDGE('',*,*,#2396,.T.);
#2458 = ORIENTED_EDGE('',*,*,#2459,.F.);
#2459 = EDGE_CURVE('',#2413,#2389,#2460,.T.);
#2460 = LINE('',#2461,#2462);
#2461 = CARTESIAN_POINT('',(0.,-0.405,-0.35));
#2462 = VECTOR('',#2463,1.);
#2463 = DIRECTION('',(1.,0.,0.));
#2464 = ORIENTED_EDGE('',*,*,#2436,.F.);
#2465 = PLANE('',#2466);
#2466 = AXIS2_PLACEMENT_3D('',#2467,#2468,#2469);
#2467 = CARTESIAN_POINT('',(0.,-0.405,-0.25));
#2468 = DIRECTION('',(0.,1.,0.));
#2469 = DIRECTION('',(0.,-0.,1.));
#2470 = ADVANCED_FACE('',(#2471),#2489,.F.);
#2471 = FACE_BOUND('',#2472,.T.);
#2472 = EDGE_LOOP('',(#2473,#2474,#2480,#2481,#2487,#2488));
#2473 = ORIENTED_EDGE('',*,*,#2100,.F.);
#2474 = ORIENTED_EDGE('',*,*,#2475,.F.);
#2475 = EDGE_CURVE('',#2421,#2093,#2476,.T.);
#2476 = LINE('',#2477,#2478);
#2477 = CARTESIAN_POINT('',(0.,-0.755,-0.25));
#2478 = VECTOR('',#2479,1.);
#2479 = DIRECTION('',(1.,0.,0.));
#2480 = ORIENTED_EDGE('',*,*,#2420,.T.);
#2481 = ORIENTED_EDGE('',*,*,#2482,.T.);
#2482 = EDGE_CURVE('',#2411,#2381,#2483,.T.);
#2483 = LINE('',#2484,#2485);
#2484 = CARTESIAN_POINT('',(0.,-0.755,-0.35));
#2485 = VECTOR('',#2486,1.);
#2486 = DIRECTION('',(1.,0.,0.));
#2487 = ORIENTED_EDGE('',*,*,#2380,.F.);
#2488 = ORIENTED_EDGE('',*,*,#1871,.T.);
#2489 = PLANE('',#2490);
#2490 = AXIS2_PLACEMENT_3D('',#2491,#2492,#2493);
#2491 = CARTESIAN_POINT('',(0.,-0.755,-0.25));
#2492 = DIRECTION('',(0.,1.,0.));
#2493 = DIRECTION('',(0.,-0.,1.));
#2494 = ADVANCED_FACE('',(#2495),#2501,.F.);
#2495 = FACE_BOUND('',#2496,.T.);
#2496 = EDGE_LOOP('',(#2497,#2498,#2499,#2500));
#2497 = ORIENTED_EDGE('',*,*,#2092,.F.);
#2498 = ORIENTED_EDGE('',*,*,#2450,.F.);
#2499 = ORIENTED_EDGE('',*,*,#2428,.F.);
#2500 = ORIENTED_EDGE('',*,*,#2475,.T.);
#2501 = PLANE('',#2502);
#2502 = AXIS2_PLACEMENT_3D('',#2503,#2504,#2505);
#2503 = CARTESIAN_POINT('',(0.,0.,-0.25));
#2504 = DIRECTION('',(0.,0.,-1.));
#2505 = DIRECTION('',(-1.,0.,0.));
#2506 = ADVANCED_FACE('',(#2507),#2513,.T.);
#2507 = FACE_BOUND('',#2508,.T.);
#2508 = EDGE_LOOP('',(#2509,#2510,#2511,#2512));
#2509 = ORIENTED_EDGE('',*,*,#2459,.T.);
#2510 = ORIENTED_EDGE('',*,*,#2388,.T.);
#2511 = ORIENTED_EDGE('',*,*,#2482,.F.);
#2512 = ORIENTED_EDGE('',*,*,#2410,.T.);
#2513 = PLANE('',#2514);
#2514 = AXIS2_PLACEMENT_3D('',#2515,#2516,#2517);
#2515 = CARTESIAN_POINT('',(0.,0.,-0.35));
#2516 = DIRECTION('',(0.,0.,-1.));
#2517 = DIRECTION('',(-1.,0.,0.));
#2518 = ADVANCED_FACE('',(#2519),#2544,.T.);
#2519 = FACE_BOUND('',#2520,.T.);
#2520 = EDGE_LOOP('',(#2521,#2522,#2530,#2538));
#2521 = ORIENTED_EDGE('',*,*,#1911,.F.);
#2522 = ORIENTED_EDGE('',*,*,#2523,.T.);
#2523 = EDGE_CURVE('',#1904,#2524,#2526,.T.);
#2524 = VERTEX_POINT('',#2525);
#2525 = CARTESIAN_POINT('',(-1.2,0.404999999999,-0.35));
#2526 = LINE('',#2527,#2528);
#2527 = CARTESIAN_POINT('',(-1.2,0.404999999999,-0.25));
#2528 = VECTOR('',#2529,1.);
#2529 = DIRECTION('',(0.,0.,-1.));
#2530 = ORIENTED_EDGE('',*,*,#2531,.F.);
#2531 = EDGE_CURVE('',#2532,#2524,#2534,.T.);
#2532 = VERTEX_POINT('',#2533);
#2533 = CARTESIAN_POINT('',(-1.2,0.755,-0.35));
#2534 = LINE('',#2535,#2536);
#2535 = CARTESIAN_POINT('',(-1.2,0.,-0.35));
#2536 = VECTOR('',#2537,1.);
#2537 = DIRECTION('',(0.,-1.,0.));
#2538 = ORIENTED_EDGE('',*,*,#2539,.F.);
#2539 = EDGE_CURVE('',#1912,#2532,#2540,.T.);
#2540 = LINE('',#2541,#2542);
#2541 = CARTESIAN_POINT('',(-1.2,0.755,-0.25));
#2542 = VECTOR('',#2543,1.);
#2543 = DIRECTION('',(0.,0.,-1.));
#2544 = PLANE('',#2545);
#2545 = AXIS2_PLACEMENT_3D('',#2546,#2547,#2548);
#2546 = CARTESIAN_POINT('',(-1.2,0.,-0.25));
#2547 = DIRECTION('',(1.,0.,0.));
#2548 = DIRECTION('',(0.,0.,-1.));
#2549 = ADVANCED_FACE('',(#2550),#2584,.F.);
#2550 = FACE_BOUND('',#2551,.T.);
#2551 = EDGE_LOOP('',(#2552,#2562,#2570,#2578));
#2552 = ORIENTED_EDGE('',*,*,#2553,.T.);
#2553 = EDGE_CURVE('',#2554,#2556,#2558,.T.);
#2554 = VERTEX_POINT('',#2555);
#2555 = CARTESIAN_POINT('',(-1.5,0.755,-0.35));
#2556 = VERTEX_POINT('',#2557);
#2557 = CARTESIAN_POINT('',(-1.5,0.405,-0.35));
#2558 = LINE('',#2559,#2560);
#2559 = CARTESIAN_POINT('',(-1.5,0.755,-0.35));
#2560 = VECTOR('',#2561,1.);
#2561 = DIRECTION('',(0.,-1.,0.));
#2562 = ORIENTED_EDGE('',*,*,#2563,.F.);
#2563 = EDGE_CURVE('',#2564,#2556,#2566,.T.);
#2564 = VERTEX_POINT('',#2565);
#2565 = CARTESIAN_POINT('',(-1.5,0.405,-0.25));
#2566 = LINE('',#2567,#2568);
#2567 = CARTESIAN_POINT('',(-1.5,0.405,-0.25));
#2568 = VECTOR('',#2569,1.);
#2569 = DIRECTION('',(0.,0.,-1.));
#2570 = ORIENTED_EDGE('',*,*,#2571,.F.);
#2571 = EDGE_CURVE('',#2572,#2564,#2574,.T.);
#2572 = VERTEX_POINT('',#2573);
#2573 = CARTESIAN_POINT('',(-1.5,0.755,-0.25));
#2574 = LINE('',#2575,#2576);
#2575 = CARTESIAN_POINT('',(-1.5,0.755,-0.25));
#2576 = VECTOR('',#2577,1.);
#2577 = DIRECTION('',(0.,-1.,0.));
#2578 = ORIENTED_EDGE('',*,*,#2579,.T.);
#2579 = EDGE_CURVE('',#2572,#2554,#2580,.T.);
#2580 = LINE('',#2581,#2582);
#2581 = CARTESIAN_POINT('',(-1.5,0.755,-0.25));
#2582 = VECTOR('',#2583,1.);
#2583 = DIRECTION('',(0.,0.,-1.));
#2584 = PLANE('',#2585);
#2585 = AXIS2_PLACEMENT_3D('',#2586,#2587,#2588);
#2586 = CARTESIAN_POINT('',(-1.5,0.755,-0.25));
#2587 = DIRECTION('',(1.,0.,0.));
#2588 = DIRECTION('',(0.,0.,-1.));
#2589 = ADVANCED_FACE('',(#2590),#2608,.T.);
#2590 = FACE_BOUND('',#2591,.T.);
#2591 = EDGE_LOOP('',(#2592,#2598,#2599,#2600,#2601,#2607));
#2592 = ORIENTED_EDGE('',*,*,#2593,.F.);
#2593 = EDGE_CURVE('',#2062,#2572,#2594,.T.);
#2594 = LINE('',#2595,#2596);
#2595 = CARTESIAN_POINT('',(-1.3,0.755,-0.25));
#2596 = VECTOR('',#2597,1.);
#2597 = DIRECTION('',(-1.,0.,0.));
#2598 = ORIENTED_EDGE('',*,*,#2061,.T.);
#2599 = ORIENTED_EDGE('',*,*,#1919,.F.);
#2600 = ORIENTED_EDGE('',*,*,#2539,.T.);
#2601 = ORIENTED_EDGE('',*,*,#2602,.T.);
#2602 = EDGE_CURVE('',#2532,#2554,#2603,.T.);
#2603 = LINE('',#2604,#2605);
#2604 = CARTESIAN_POINT('',(-1.3,0.755,-0.35));
#2605 = VECTOR('',#2606,1.);
#2606 = DIRECTION('',(-1.,0.,0.));
#2607 = ORIENTED_EDGE('',*,*,#2579,.F.);
#2608 = PLANE('',#2609);
#2609 = AXIS2_PLACEMENT_3D('',#2610,#2611,#2612);
#2610 = CARTESIAN_POINT('',(0.,0.755,-0.25));
#2611 = DIRECTION('',(0.,1.,0.));
#2612 = DIRECTION('',(0.,-0.,1.));
#2613 = ADVANCED_FACE('',(#2614),#2632,.F.);
#2614 = FACE_BOUND('',#2615,.T.);
#2615 = EDGE_LOOP('',(#2616,#2617,#2623,#2624,#2630,#2631));
#2616 = ORIENTED_EDGE('',*,*,#2077,.F.);
#2617 = ORIENTED_EDGE('',*,*,#2618,.T.);
#2618 = EDGE_CURVE('',#2070,#2564,#2619,.T.);
#2619 = LINE('',#2620,#2621);
#2620 = CARTESIAN_POINT('',(-1.3,0.404999999999,-0.25));
#2621 = VECTOR('',#2622,1.);
#2622 = DIRECTION('',(-1.,5.421010862427E-16,0.));
#2623 = ORIENTED_EDGE('',*,*,#2563,.T.);
#2624 = ORIENTED_EDGE('',*,*,#2625,.F.);
#2625 = EDGE_CURVE('',#2524,#2556,#2626,.T.);
#2626 = LINE('',#2627,#2628);
#2627 = CARTESIAN_POINT('',(-1.3,0.404999999999,-0.35));
#2628 = VECTOR('',#2629,1.);
#2629 = DIRECTION('',(-1.,5.421010862427E-16,0.));
#2630 = ORIENTED_EDGE('',*,*,#2523,.F.);
#2631 = ORIENTED_EDGE('',*,*,#1903,.T.);
#2632 = PLANE('',#2633);
#2633 = AXIS2_PLACEMENT_3D('',#2634,#2635,#2636);
#2634 = CARTESIAN_POINT('',(0.,0.404999999999,-0.25));
#2635 = DIRECTION('',(0.,1.,0.));
#2636 = DIRECTION('',(0.,-0.,1.));
#2637 = ADVANCED_FACE('',(#2638),#2644,.F.);
#2638 = FACE_BOUND('',#2639,.T.);
#2639 = EDGE_LOOP('',(#2640,#2641,#2642,#2643));
#2640 = ORIENTED_EDGE('',*,*,#2069,.F.);
#2641 = ORIENTED_EDGE('',*,*,#2593,.T.);
#2642 = ORIENTED_EDGE('',*,*,#2571,.T.);
#2643 = ORIENTED_EDGE('',*,*,#2618,.F.);
#2644 = PLANE('',#2645);
#2645 = AXIS2_PLACEMENT_3D('',#2646,#2647,#2648);
#2646 = CARTESIAN_POINT('',(0.,0.,-0.25));
#2647 = DIRECTION('',(0.,0.,-1.));
#2648 = DIRECTION('',(-1.,0.,0.));
#2649 = ADVANCED_FACE('',(#2650),#2656,.T.);
#2650 = FACE_BOUND('',#2651,.T.);
#2651 = EDGE_LOOP('',(#2652,#2653,#2654,#2655));
#2652 = ORIENTED_EDGE('',*,*,#2602,.F.);
#2653 = ORIENTED_EDGE('',*,*,#2531,.T.);
#2654 = ORIENTED_EDGE('',*,*,#2625,.T.);
#2655 = ORIENTED_EDGE('',*,*,#2553,.F.);
#2656 = PLANE('',#2657);
#2657 = AXIS2_PLACEMENT_3D('',#2658,#2659,#2660);
#2658 = CARTESIAN_POINT('',(0.,0.,-0.35));
#2659 = DIRECTION('',(0.,0.,-1.));
#2660 = DIRECTION('',(-1.,0.,0.));
#2661 = ADVANCED_FACE('',(#2662),#2687,.F.);
#2662 = FACE_BOUND('',#2663,.T.);
#2663 = EDGE_LOOP('',(#2664,#2672,#2673,#2681));
#2664 = ORIENTED_EDGE('',*,*,#2665,.F.);
#2665 = EDGE_CURVE('',#1944,#2666,#2668,.T.);
#2666 = VERTEX_POINT('',#2667);
#2667 = CARTESIAN_POINT('',(1.2,0.404999999999,-0.35));
#2668 = LINE('',#2669,#2670);
#2669 = CARTESIAN_POINT('',(1.2,0.404999999999,-0.25));
#2670 = VECTOR('',#2671,1.);
#2671 = DIRECTION('',(0.,0.,-1.));
#2672 = ORIENTED_EDGE('',*,*,#1943,.T.);
#2673 = ORIENTED_EDGE('',*,*,#2674,.T.);
#2674 = EDGE_CURVE('',#1936,#2675,#2677,.T.);
#2675 = VERTEX_POINT('',#2676);
#2676 = CARTESIAN_POINT('',(1.2,0.755,-0.35));
#2677 = LINE('',#2678,#2679);
#2678 = CARTESIAN_POINT('',(1.2,0.755,-0.25));
#2679 = VECTOR('',#2680,1.);
#2680 = DIRECTION('',(0.,0.,-1.));
#2681 = ORIENTED_EDGE('',*,*,#2682,.T.);
#2682 = EDGE_CURVE('',#2675,#2666,#2683,.T.);
#2683 = LINE('',#2684,#2685);
#2684 = CARTESIAN_POINT('',(1.2,0.,-0.35));
#2685 = VECTOR('',#2686,1.);
#2686 = DIRECTION('',(0.,-1.,0.));
#2687 = PLANE('',#2688);
#2688 = AXIS2_PLACEMENT_3D('',#2689,#2690,#2691);
#2689 = CARTESIAN_POINT('',(1.2,0.,-0.25));
#2690 = DIRECTION('',(1.,0.,0.));
#2691 = DIRECTION('',(0.,0.,-1.));
#2692 = ADVANCED_FACE('',(#2693),#2720,.F.);
#2693 = FACE_BOUND('',#2694,.T.);
#2694 = EDGE_LOOP('',(#2695,#2696,#2704,#2712,#2718,#2719));
#2695 = ORIENTED_EDGE('',*,*,#1763,.F.);
#2696 = ORIENTED_EDGE('',*,*,#2697,.F.);
#2697 = EDGE_CURVE('',#2698,#1756,#2700,.T.);
#2698 = VERTEX_POINT('',#2699);
#2699 = CARTESIAN_POINT('',(1.5,0.755,-0.25));
#2700 = LINE('',#2701,#2702);
#2701 = CARTESIAN_POINT('',(0.,0.755,-0.25));
#2702 = VECTOR('',#2703,1.);
#2703 = DIRECTION('',(-1.,0.,0.));
#2704 = ORIENTED_EDGE('',*,*,#2705,.T.);
#2705 = EDGE_CURVE('',#2698,#2706,#2708,.T.);
#2706 = VERTEX_POINT('',#2707);
#2707 = CARTESIAN_POINT('',(1.5,0.755,-0.35));
#2708 = LINE('',#2709,#2710);
#2709 = CARTESIAN_POINT('',(1.5,0.755,-0.25));
#2710 = VECTOR('',#2711,1.);
#2711 = DIRECTION('',(0.,0.,-1.));
#2712 = ORIENTED_EDGE('',*,*,#2713,.T.);
#2713 = EDGE_CURVE('',#2706,#2675,#2714,.T.);
#2714 = LINE('',#2715,#2716);
#2715 = CARTESIAN_POINT('',(0.,0.755,-0.35));
#2716 = VECTOR('',#2717,1.);
#2717 = DIRECTION('',(-1.,0.,0.));
#2718 = ORIENTED_EDGE('',*,*,#2674,.F.);
#2719 = ORIENTED_EDGE('',*,*,#1935,.T.);
#2720 = PLANE('',#2721);
#2721 = AXIS2_PLACEMENT_3D('',#2722,#2723,#2724);
#2722 = CARTESIAN_POINT('',(0.,0.755,-0.25));
#2723 = DIRECTION('',(0.,-1.,0.));
#2724 = DIRECTION('',(0.,0.,-1.));
#2725 = ADVANCED_FACE('',(#2726),#2753,.T.);
#2726 = FACE_BOUND('',#2727,.T.);
#2727 = EDGE_LOOP('',(#2728,#2736,#2737,#2738,#2739,#2747));
#2728 = ORIENTED_EDGE('',*,*,#2729,.T.);
#2729 = EDGE_CURVE('',#2730,#1748,#2732,.T.);
#2730 = VERTEX_POINT('',#2731);
#2731 = CARTESIAN_POINT('',(1.5,0.405,-0.25));
#2732 = LINE('',#2733,#2734);
#2733 = CARTESIAN_POINT('',(0.,0.404999999999,-0.25));
#2734 = VECTOR('',#2735,1.);
#2735 = DIRECTION('',(-1.,0.,0.));
#2736 = ORIENTED_EDGE('',*,*,#1747,.T.);
#2737 = ORIENTED_EDGE('',*,*,#1951,.F.);
#2738 = ORIENTED_EDGE('',*,*,#2665,.T.);
#2739 = ORIENTED_EDGE('',*,*,#2740,.F.);
#2740 = EDGE_CURVE('',#2741,#2666,#2743,.T.);
#2741 = VERTEX_POINT('',#2742);
#2742 = CARTESIAN_POINT('',(1.5,0.405,-0.35));
#2743 = LINE('',#2744,#2745);
#2744 = CARTESIAN_POINT('',(0.,0.404999999999,-0.35));
#2745 = VECTOR('',#2746,1.);
#2746 = DIRECTION('',(-1.,0.,0.));
#2747 = ORIENTED_EDGE('',*,*,#2748,.F.);
#2748 = EDGE_CURVE('',#2730,#2741,#2749,.T.);
#2749 = LINE('',#2750,#2751);
#2750 = CARTESIAN_POINT('',(1.5,0.405,-0.25));
#2751 = VECTOR('',#2752,1.);
#2752 = DIRECTION('',(0.,0.,-1.));
#2753 = PLANE('',#2754);
#2754 = AXIS2_PLACEMENT_3D('',#2755,#2756,#2757);
#2755 = CARTESIAN_POINT('',(0.,0.404999999999,-0.25));
#2756 = DIRECTION('',(0.,-1.,0.));
#2757 = DIRECTION('',(0.,0.,-1.));
#2758 = ADVANCED_FACE('',(#2759),#2770,.F.);
#2759 = FACE_BOUND('',#2760,.T.);
#2760 = EDGE_LOOP('',(#2761,#2762,#2763,#2769));
#2761 = ORIENTED_EDGE('',*,*,#1755,.F.);
#2762 = ORIENTED_EDGE('',*,*,#2729,.F.);
#2763 = ORIENTED_EDGE('',*,*,#2764,.F.);
#2764 = EDGE_CURVE('',#2698,#2730,#2765,.T.);
#2765 = LINE('',#2766,#2767);
#2766 = CARTESIAN_POINT('',(1.5,0.755,-0.25));
#2767 = VECTOR('',#2768,1.);
#2768 = DIRECTION('',(0.,-1.,0.));
#2769 = ORIENTED_EDGE('',*,*,#2697,.T.);
#2770 = PLANE('',#2771);
#2771 = AXIS2_PLACEMENT_3D('',#2772,#2773,#2774);
#2772 = CARTESIAN_POINT('',(0.,0.,-0.25));
#2773 = DIRECTION('',(0.,0.,-1.));
#2774 = DIRECTION('',(1.,0.,0.));
#2775 = ADVANCED_FACE('',(#2776),#2787,.T.);
#2776 = FACE_BOUND('',#2777,.T.);
#2777 = EDGE_LOOP('',(#2778,#2779,#2785,#2786));
#2778 = ORIENTED_EDGE('',*,*,#2713,.F.);
#2779 = ORIENTED_EDGE('',*,*,#2780,.T.);
#2780 = EDGE_CURVE('',#2706,#2741,#2781,.T.);
#2781 = LINE('',#2782,#2783);
#2782 = CARTESIAN_POINT('',(1.5,0.755,-0.35));
#2783 = VECTOR('',#2784,1.);
#2784 = DIRECTION('',(0.,-1.,0.));
#2785 = ORIENTED_EDGE('',*,*,#2740,.T.);
#2786 = ORIENTED_EDGE('',*,*,#2682,.F.);
#2787 = PLANE('',#2788);
#2788 = AXIS2_PLACEMENT_3D('',#2789,#2790,#2791);
#2789 = CARTESIAN_POINT('',(0.,0.,-0.35));
#2790 = DIRECTION('',(0.,0.,-1.));
#2791 = DIRECTION('',(1.,0.,0.));
#2792 = ADVANCED_FACE('',(#2793),#2799,.T.);
#2793 = FACE_BOUND('',#2794,.T.);
#2794 = EDGE_LOOP('',(#2795,#2796,#2797,#2798));
#2795 = ORIENTED_EDGE('',*,*,#2780,.F.);
#2796 = ORIENTED_EDGE('',*,*,#2705,.F.);
#2797 = ORIENTED_EDGE('',*,*,#2764,.T.);
#2798 = ORIENTED_EDGE('',*,*,#2748,.T.);
#2799 = PLANE('',#2800);
#2800 = AXIS2_PLACEMENT_3D('',#2801,#2802,#2803);
#2801 = CARTESIAN_POINT('',(1.5,0.755,-0.25));
#2802 = DIRECTION('',(1.,0.,0.));
#2803 = DIRECTION('',(0.,0.,-1.));
#2804 = ADVANCED_FACE('',(#2805),#2830,.F.);
#2805 = FACE_BOUND('',#2806,.T.);
#2806 = EDGE_LOOP('',(#2807,#2815,#2816,#2824));
#2807 = ORIENTED_EDGE('',*,*,#2808,.F.);
#2808 = EDGE_CURVE('',#1841,#2809,#2811,.T.);
#2809 = VERTEX_POINT('',#2810);
#2810 = CARTESIAN_POINT('',(1.2,-0.755,-0.35));
#2811 = LINE('',#2812,#2813);
#2812 = CARTESIAN_POINT('',(1.2,-0.755,-0.25));
#2813 = VECTOR('',#2814,1.);
#2814 = DIRECTION('',(0.,0.,-1.));
#2815 = ORIENTED_EDGE('',*,*,#1840,.T.);
#2816 = ORIENTED_EDGE('',*,*,#2817,.T.);
#2817 = EDGE_CURVE('',#1833,#2818,#2820,.T.);
#2818 = VERTEX_POINT('',#2819);
#2819 = CARTESIAN_POINT('',(1.2,-0.405,-0.35));
#2820 = LINE('',#2821,#2822);
#2821 = CARTESIAN_POINT('',(1.2,-0.405,-0.25));
#2822 = VECTOR('',#2823,1.);
#2823 = DIRECTION('',(0.,0.,-1.));
#2824 = ORIENTED_EDGE('',*,*,#2825,.T.);
#2825 = EDGE_CURVE('',#2818,#2809,#2826,.T.);
#2826 = LINE('',#2827,#2828);
#2827 = CARTESIAN_POINT('',(1.2,0.,-0.35));
#2828 = VECTOR('',#2829,1.);
#2829 = DIRECTION('',(0.,-1.,0.));
#2830 = PLANE('',#2831);
#2831 = AXIS2_PLACEMENT_3D('',#2832,#2833,#2834);
#2832 = CARTESIAN_POINT('',(1.2,0.,-0.25));
#2833 = DIRECTION('',(1.,0.,0.));
#2834 = DIRECTION('',(0.,0.,-1.));
#2835 = ADVANCED_FACE('',(#2836),#2863,.F.);
#2836 = FACE_BOUND('',#2837,.T.);
#2837 = EDGE_LOOP('',(#2838,#2839,#2847,#2855,#2861,#2862));
#2838 = ORIENTED_EDGE('',*,*,#1731,.F.);
#2839 = ORIENTED_EDGE('',*,*,#2840,.F.);
#2840 = EDGE_CURVE('',#2841,#1724,#2843,.T.);
#2841 = VERTEX_POINT('',#2842);
#2842 = CARTESIAN_POINT('',(1.5,-0.405,-0.25));
#2843 = LINE('',#2844,#2845);
#2844 = CARTESIAN_POINT('',(0.,-0.405,-0.25));
#2845 = VECTOR('',#2846,1.);
#2846 = DIRECTION('',(-1.,0.,0.));
#2847 = ORIENTED_EDGE('',*,*,#2848,.T.);
#2848 = EDGE_CURVE('',#2841,#2849,#2851,.T.);
#2849 = VERTEX_POINT('',#2850);
#2850 = CARTESIAN_POINT('',(1.5,-0.405,-0.35));
#2851 = LINE('',#2852,#2853);
#2852 = CARTESIAN_POINT('',(1.5,-0.405,-0.25));
#2853 = VECTOR('',#2854,1.);
#2854 = DIRECTION('',(0.,0.,-1.));
#2855 = ORIENTED_EDGE('',*,*,#2856,.T.);
#2856 = EDGE_CURVE('',#2849,#2818,#2857,.T.);
#2857 = LINE('',#2858,#2859);
#2858 = CARTESIAN_POINT('',(0.,-0.405,-0.35));
#2859 = VECTOR('',#2860,1.);
#2860 = DIRECTION('',(-1.,0.,0.));
#2861 = ORIENTED_EDGE('',*,*,#2817,.F.);
#2862 = ORIENTED_EDGE('',*,*,#1832,.T.);
#2863 = PLANE('',#2864);
#2864 = AXIS2_PLACEMENT_3D('',#2865,#2866,#2867);
#2865 = CARTESIAN_POINT('',(0.,-0.405,-0.25));
#2866 = DIRECTION('',(0.,-1.,0.));
#2867 = DIRECTION('',(0.,0.,-1.));
#2868 = ADVANCED_FACE('',(#2869),#2896,.T.);
#2869 = FACE_BOUND('',#2870,.T.);
#2870 = EDGE_LOOP('',(#2871,#2879,#2880,#2881,#2882,#2890));
#2871 = ORIENTED_EDGE('',*,*,#2872,.T.);
#2872 = EDGE_CURVE('',#2873,#1722,#2875,.T.);
#2873 = VERTEX_POINT('',#2874);
#2874 = CARTESIAN_POINT('',(1.5,-0.755,-0.25));
#2875 = LINE('',#2876,#2877);
#2876 = CARTESIAN_POINT('',(0.,-0.755,-0.25));
#2877 = VECTOR('',#2878,1.);
#2878 = DIRECTION('',(-1.,0.,0.));
#2879 = ORIENTED_EDGE('',*,*,#1818,.T.);
#2880 = ORIENTED_EDGE('',*,*,#1848,.F.);
#2881 = ORIENTED_EDGE('',*,*,#2808,.T.);
#2882 = ORIENTED_EDGE('',*,*,#2883,.F.);
#2883 = EDGE_CURVE('',#2884,#2809,#2886,.T.);
#2884 = VERTEX_POINT('',#2885);
#2885 = CARTESIAN_POINT('',(1.5,-0.755,-0.35));
#2886 = LINE('',#2887,#2888);
#2887 = CARTESIAN_POINT('',(0.,-0.755,-0.35));
#2888 = VECTOR('',#2889,1.);
#2889 = DIRECTION('',(-1.,0.,0.));
#2890 = ORIENTED_EDGE('',*,*,#2891,.F.);
#2891 = EDGE_CURVE('',#2873,#2884,#2892,.T.);
#2892 = LINE('',#2893,#2894);
#2893 = CARTESIAN_POINT('',(1.5,-0.755,-0.25));
#2894 = VECTOR('',#2895,1.);
#2895 = DIRECTION('',(0.,0.,-1.));
#2896 = PLANE('',#2897);
#2897 = AXIS2_PLACEMENT_3D('',#2898,#2899,#2900);
#2898 = CARTESIAN_POINT('',(0.,-0.755,-0.25));
#2899 = DIRECTION('',(0.,-1.,0.));
#2900 = DIRECTION('',(0.,0.,-1.));
#2901 = ADVANCED_FACE('',(#2902),#2913,.F.);
#2902 = FACE_BOUND('',#2903,.T.);
#2903 = EDGE_LOOP('',(#2904,#2905,#2906,#2912));
#2904 = ORIENTED_EDGE('',*,*,#1721,.F.);
#2905 = ORIENTED_EDGE('',*,*,#2872,.F.);
#2906 = ORIENTED_EDGE('',*,*,#2907,.T.);
#2907 = EDGE_CURVE('',#2873,#2841,#2908,.T.);
#2908 = LINE('',#2909,#2910);
#2909 = CARTESIAN_POINT('',(1.5,-0.755,-0.25));
#2910 = VECTOR('',#2911,1.);
#2911 = DIRECTION('',(0.,1.,0.));
#2912 = ORIENTED_EDGE('',*,*,#2840,.T.);
#2913 = PLANE('',#2914);
#2914 = AXIS2_PLACEMENT_3D('',#2915,#2916,#2917);
#2915 = CARTESIAN_POINT('',(0.,0.,-0.25));
#2916 = DIRECTION('',(0.,0.,-1.));
#2917 = DIRECTION('',(1.,0.,0.));
#2918 = ADVANCED_FACE('',(#2919),#2930,.T.);
#2919 = FACE_BOUND('',#2920,.T.);
#2920 = EDGE_LOOP('',(#2921,#2922,#2928,#2929));
#2921 = ORIENTED_EDGE('',*,*,#2856,.F.);
#2922 = ORIENTED_EDGE('',*,*,#2923,.F.);
#2923 = EDGE_CURVE('',#2884,#2849,#2924,.T.);
#2924 = LINE('',#2925,#2926);
#2925 = CARTESIAN_POINT('',(1.5,-0.755,-0.35));
#2926 = VECTOR('',#2927,1.);
#2927 = DIRECTION('',(0.,1.,0.));
#2928 = ORIENTED_EDGE('',*,*,#2883,.T.);
#2929 = ORIENTED_EDGE('',*,*,#2825,.F.);
#2930 = PLANE('',#2931);
#2931 = AXIS2_PLACEMENT_3D('',#2932,#2933,#2934);
#2932 = CARTESIAN_POINT('',(0.,0.,-0.35));
#2933 = DIRECTION('',(0.,0.,-1.));
#2934 = DIRECTION('',(1.,0.,0.));
#2935 = ADVANCED_FACE('',(#2936),#2942,.F.);
#2936 = FACE_BOUND('',#2937,.T.);
#2937 = EDGE_LOOP('',(#2938,#2939,#2940,#2941));
#2938 = ORIENTED_EDGE('',*,*,#2923,.T.);
#2939 = ORIENTED_EDGE('',*,*,#2848,.F.);
#2940 = ORIENTED_EDGE('',*,*,#2907,.F.);
#2941 = ORIENTED_EDGE('',*,*,#2891,.T.);
#2942 = PLANE('',#2943);
#2943 = AXIS2_PLACEMENT_3D('',#2944,#2945,#2946);
#2944 = CARTESIAN_POINT('',(1.5,-0.755,-0.25));
#2945 = DIRECTION('',(-1.,0.,0.));
#2946 = DIRECTION('',(0.,0.,1.));
#2947 = ADVANCED_FACE('',(#2948),#2974,.F.);
#2948 = FACE_BOUND('',#2949,.F.);
#2949 = EDGE_LOOP('',(#2950,#2958,#2967,#2973));
#2950 = ORIENTED_EDGE('',*,*,#2951,.F.);
#2951 = EDGE_CURVE('',#2952,#2332,#2954,.T.);
#2952 = VERTEX_POINT('',#2953);
#2953 = CARTESIAN_POINT('',(-0.983615778645,0.85,0.));
#2954 = LINE('',#2955,#2956);
#2955 = CARTESIAN_POINT('',(-0.983615778645,0.85,0.));
#2956 = VECTOR('',#2957,1.);
#2957 = DIRECTION('',(0.,0.,1.));
#2958 = ORIENTED_EDGE('',*,*,#2959,.T.);
#2959 = EDGE_CURVE('',#2952,#2960,#2962,.T.);
#2960 = VERTEX_POINT('',#2961);
#2961 = CARTESIAN_POINT('',(-0.983615778645,-0.85,0.));
#2962 = CIRCLE('',#2963,1.3);
#2963 = AXIS2_PLACEMENT_3D('',#2964,#2965,#2966);
#2964 = CARTESIAN_POINT('',(0.,0.,0.));
#2965 = DIRECTION('',(0.,0.,1.));
#2966 = DIRECTION('',(1.,0.,-0.));
#2967 = ORIENTED_EDGE('',*,*,#2968,.T.);
#2968 = EDGE_CURVE('',#2960,#2334,#2969,.T.);
#2969 = LINE('',#2970,#2971);
#2970 = CARTESIAN_POINT('',(-0.983615778645,-0.85,0.));
#2971 = VECTOR('',#2972,1.);
#2972 = DIRECTION('',(0.,0.,1.));
#2973 = ORIENTED_EDGE('',*,*,#2331,.F.);
#2974 = CYLINDRICAL_SURFACE('',#2975,1.3);
#2975 = AXIS2_PLACEMENT_3D('',#2976,#2977,#2978);
#2976 = CARTESIAN_POINT('',(0.,0.,0.));
#2977 = DIRECTION('',(0.,0.,1.));
#2978 = DIRECTION('',(1.,0.,-0.));
#2979 = ADVANCED_FACE('',(#2980),#2991,.F.);
#2980 = FACE_BOUND('',#2981,.T.);
#2981 = EDGE_LOOP('',(#2982,#2983,#2984,#2990));
#2982 = ORIENTED_EDGE('',*,*,#2342,.T.);
#2983 = ORIENTED_EDGE('',*,*,#2951,.F.);
#2984 = ORIENTED_EDGE('',*,*,#2985,.F.);
#2985 = EDGE_CURVE('',#106,#2952,#2986,.T.);
#2986 = LINE('',#2987,#2988);
#2987 = CARTESIAN_POINT('',(0.936749699759,0.85,0.));
#2988 = VECTOR('',#2989,1.);
#2989 = DIRECTION('',(-1.,0.,0.));
#2990 = ORIENTED_EDGE('',*,*,#105,.T.);
#2991 = PLANE('',#2992);
#2992 = AXIS2_PLACEMENT_3D('',#2993,#2994,#2995);
#2993 = CARTESIAN_POINT('',(0.936749699759,0.85,0.));
#2994 = DIRECTION('',(0.,1.,0.));
#2995 = DIRECTION('',(0.,-0.,1.));
#2996 = ADVANCED_FACE('',(#2997),#3016,.F.);
#2997 = FACE_BOUND('',#2998,.F.);
#2998 = EDGE_LOOP('',(#2999,#3000,#3008,#3015));
#2999 = ORIENTED_EDGE('',*,*,#2349,.F.);
#3000 = ORIENTED_EDGE('',*,*,#3001,.F.);
#3001 = EDGE_CURVE('',#3002,#2350,#3004,.T.);
#3002 = VERTEX_POINT('',#3003);
#3003 = CARTESIAN_POINT('',(0.983615778645,-0.849999999999,0.));
#3004 = LINE('',#3005,#3006);
#3005 = CARTESIAN_POINT('',(0.983615778645,-0.849999999999,0.));
#3006 = VECTOR('',#3007,1.);
#3007 = DIRECTION('',(0.,0.,1.));
#3008 = ORIENTED_EDGE('',*,*,#3009,.T.);
#3009 = EDGE_CURVE('',#3002,#125,#3010,.T.);
#3010 = CIRCLE('',#3011,1.3);
#3011 = AXIS2_PLACEMENT_3D('',#3012,#3013,#3014);
#3012 = CARTESIAN_POINT('',(0.,0.,0.));
#3013 = DIRECTION('',(0.,0.,1.));
#3014 = DIRECTION('',(1.,0.,-0.));
#3015 = ORIENTED_EDGE('',*,*,#124,.T.);
#3016 = CYLINDRICAL_SURFACE('',#3017,1.3);
#3017 = AXIS2_PLACEMENT_3D('',#3018,#3019,#3020);
#3018 = CARTESIAN_POINT('',(0.,0.,0.));
#3019 = DIRECTION('',(0.,0.,1.));
#3020 = DIRECTION('',(1.,0.,-0.));
#3021 = ADVANCED_FACE('',(#3022),#3033,.F.);
#3022 = FACE_BOUND('',#3023,.T.);
#3023 = EDGE_LOOP('',(#3024,#3025,#3026,#3032));
#3024 = ORIENTED_EDGE('',*,*,#2358,.T.);
#3025 = ORIENTED_EDGE('',*,*,#3001,.F.);
#3026 = ORIENTED_EDGE('',*,*,#3027,.F.);
#3027 = EDGE_CURVE('',#2960,#3002,#3028,.T.);
#3028 = LINE('',#3029,#3030);
#3029 = CARTESIAN_POINT('',(-0.936749699759,-0.85,0.));
#3030 = VECTOR('',#3031,1.);
#3031 = DIRECTION('',(1.,1.157408614877E-16,0.));
#3032 = ORIENTED_EDGE('',*,*,#2968,.T.);
#3033 = PLANE('',#3034);
#3034 = AXIS2_PLACEMENT_3D('',#3035,#3036,#3037);
#3035 = CARTESIAN_POINT('',(-0.936749699759,-0.85,0.));
#3036 = DIRECTION('',(1.157408614877E-16,-1.,0.));
#3037 = DIRECTION('',(1.,1.157408614877E-16,0.));
#3038 = ADVANCED_FACE('',(#3039,#3074),#3081,.T.);
#3039 = FACE_BOUND('',#3040,.T.);
#3040 = EDGE_LOOP('',(#3041,#3051,#3058,#3059,#3067));
#3041 = ORIENTED_EDGE('',*,*,#3042,.F.);
#3042 = EDGE_CURVE('',#3043,#3045,#3047,.T.);
#3043 = VERTEX_POINT('',#3044);
#3044 = CARTESIAN_POINT('',(0.936749699759,0.75,0.));
#3045 = VERTEX_POINT('',#3046);
#3046 = CARTESIAN_POINT('',(-0.936749699759,0.75,0.));
#3047 = LINE('',#3048,#3049);
#3048 = CARTESIAN_POINT('',(0.936749699759,0.75,0.));
#3049 = VECTOR('',#3050,1.);
#3050 = DIRECTION('',(-1.,0.,0.));
#3051 = ORIENTED_EDGE('',*,*,#3052,.F.);
#3052 = EDGE_CURVE('',#66,#3043,#3053,.T.);
#3053 = CIRCLE('',#3054,1.2);
#3054 = AXIS2_PLACEMENT_3D('',#3055,#3056,#3057);
#3055 = CARTESIAN_POINT('',(0.,0.,0.));
#3056 = DIRECTION('',(0.,0.,1.));
#3057 = DIRECTION('',(1.,0.,-0.));
#3058 = ORIENTED_EDGE('',*,*,#63,.F.);
#3059 = ORIENTED_EDGE('',*,*,#3060,.F.);
#3060 = EDGE_CURVE('',#3061,#64,#3063,.T.);
#3061 = VERTEX_POINT('',#3062);
#3062 = CARTESIAN_POINT('',(-0.936749699759,-0.75,0.));
#3063 = LINE('',#3064,#3065);
#3064 = CARTESIAN_POINT('',(-0.936749699759,-0.75,0.));
#3065 = VECTOR('',#3066,1.);
#3066 = DIRECTION('',(1.,1.157408614877E-16,0.));
#3067 = ORIENTED_EDGE('',*,*,#3068,.F.);
#3068 = EDGE_CURVE('',#3045,#3061,#3069,.T.);
#3069 = CIRCLE('',#3070,1.2);
#3070 = AXIS2_PLACEMENT_3D('',#3071,#3072,#3073);
#3071 = CARTESIAN_POINT('',(0.,0.,0.));
#3072 = DIRECTION('',(0.,0.,1.));
#3073 = DIRECTION('',(1.,0.,-0.));
#3074 = FACE_BOUND('',#3075,.T.);
#3075 = EDGE_LOOP('',(#3076,#3077,#3078,#3079,#3080));
#3076 = ORIENTED_EDGE('',*,*,#2959,.T.);
#3077 = ORIENTED_EDGE('',*,*,#3027,.T.);
#3078 = ORIENTED_EDGE('',*,*,#3009,.T.);
#3079 = ORIENTED_EDGE('',*,*,#132,.T.);
#3080 = ORIENTED_EDGE('',*,*,#2985,.T.);
#3081 = PLANE('',#3082);
#3082 = AXIS2_PLACEMENT_3D('',#3083,#3084,#3085);
#3083 = CARTESIAN_POINT('',(0.,0.,0.));
#3084 = DIRECTION('',(0.,0.,1.));
#3085 = DIRECTION('',(1.,0.,-0.));
#3086 = ADVANCED_FACE('',(#3087),#3113,.T.);
#3087 = FACE_BOUND('',#3088,.T.);
#3088 = EDGE_LOOP('',(#3089,#3100,#3106,#3107));
#3089 = ORIENTED_EDGE('',*,*,#3090,.F.);
#3090 = EDGE_CURVE('',#3091,#3093,#3095,.T.);
#3091 = VERTEX_POINT('',#3092);
#3092 = CARTESIAN_POINT('',(-0.936749699759,0.75,1.E-02));
#3093 = VERTEX_POINT('',#3094);
#3094 = CARTESIAN_POINT('',(-0.936749699759,-0.75,1.E-02));
#3095 = CIRCLE('',#3096,1.2);
#3096 = AXIS2_PLACEMENT_3D('',#3097,#3098,#3099);
#3097 = CARTESIAN_POINT('',(0.,0.,1.E-02));
#3098 = DIRECTION('',(0.,0.,1.));
#3099 = DIRECTION('',(1.,0.,-0.));
#3100 = ORIENTED_EDGE('',*,*,#3101,.F.);
#3101 = EDGE_CURVE('',#3045,#3091,#3102,.T.);
#3102 = LINE('',#3103,#3104);
#3103 = CARTESIAN_POINT('',(-0.936749699759,0.75,0.));
#3104 = VECTOR('',#3105,1.);
#3105 = DIRECTION('',(0.,0.,1.));
#3106 = ORIENTED_EDGE('',*,*,#3068,.T.);
#3107 = ORIENTED_EDGE('',*,*,#3108,.T.);
#3108 = EDGE_CURVE('',#3061,#3093,#3109,.T.);
#3109 = LINE('',#3110,#3111);
#3110 = CARTESIAN_POINT('',(-0.936749699759,-0.75,0.));
#3111 = VECTOR('',#3112,1.);
#3112 = DIRECTION('',(0.,0.,1.));
#3113 = CYLINDRICAL_SURFACE('',#3114,1.2);
#3114 = AXIS2_PLACEMENT_3D('',#3115,#3116,#3117);
#3115 = CARTESIAN_POINT('',(0.,0.,0.));
#3116 = DIRECTION('',(0.,0.,1.));
#3117 = DIRECTION('',(1.,0.,-0.));
#3118 = ADVANCED_FACE('',(#3119),#3137,.T.);
#3119 = FACE_BOUND('',#3120,.T.);
#3120 = EDGE_LOOP('',(#3121,#3129,#3135,#3136));
#3121 = ORIENTED_EDGE('',*,*,#3122,.F.);
#3122 = EDGE_CURVE('',#3123,#3091,#3125,.T.);
#3123 = VERTEX_POINT('',#3124);
#3124 = CARTESIAN_POINT('',(0.936749699759,0.75,1.E-02));
#3125 = LINE('',#3126,#3127);
#3126 = CARTESIAN_POINT('',(0.936749699759,0.75,1.E-02));
#3127 = VECTOR('',#3128,1.);
#3128 = DIRECTION('',(-1.,0.,0.));
#3129 = ORIENTED_EDGE('',*,*,#3130,.F.);
#3130 = EDGE_CURVE('',#3043,#3123,#3131,.T.);
#3131 = LINE('',#3132,#3133);
#3132 = CARTESIAN_POINT('',(0.936749699759,0.75,0.));
#3133 = VECTOR('',#3134,1.);
#3134 = DIRECTION('',(0.,0.,1.));
#3135 = ORIENTED_EDGE('',*,*,#3042,.T.);
#3136 = ORIENTED_EDGE('',*,*,#3101,.T.);
#3137 = PLANE('',#3138);
#3138 = AXIS2_PLACEMENT_3D('',#3139,#3140,#3141);
#3139 = CARTESIAN_POINT('',(0.936749699759,0.75,0.));
#3140 = DIRECTION('',(0.,1.,0.));
#3141 = DIRECTION('',(0.,-0.,1.));
#3142 = ADVANCED_FACE('',(#3143),#3155,.T.);
#3143 = FACE_BOUND('',#3144,.T.);
#3144 = EDGE_LOOP('',(#3145,#3146,#3147,#3148));
#3145 = ORIENTED_EDGE('',*,*,#74,.F.);
#3146 = ORIENTED_EDGE('',*,*,#3052,.T.);
#3147 = ORIENTED_EDGE('',*,*,#3130,.T.);
#3148 = ORIENTED_EDGE('',*,*,#3149,.F.);
#3149 = EDGE_CURVE('',#75,#3123,#3150,.T.);
#3150 = CIRCLE('',#3151,1.2);
#3151 = AXIS2_PLACEMENT_3D('',#3152,#3153,#3154);
#3152 = CARTESIAN_POINT('',(0.,0.,1.E-02));
#3153 = DIRECTION('',(0.,0.,1.));
#3154 = DIRECTION('',(1.,0.,-0.));
#3155 = CYLINDRICAL_SURFACE('',#3156,1.2);
#3156 = AXIS2_PLACEMENT_3D('',#3157,#3158,#3159);
#3157 = CARTESIAN_POINT('',(0.,0.,0.));
#3158 = DIRECTION('',(0.,0.,1.));
#3159 = DIRECTION('',(1.,0.,-0.));
#3160 = ADVANCED_FACE('',(#3161),#3172,.T.);
#3161 = FACE_BOUND('',#3162,.T.);
#3162 = EDGE_LOOP('',(#3163,#3169,#3170,#3171));
#3163 = ORIENTED_EDGE('',*,*,#3164,.F.);
#3164 = EDGE_CURVE('',#3093,#83,#3165,.T.);
#3165 = LINE('',#3166,#3167);
#3166 = CARTESIAN_POINT('',(-0.936749699759,-0.75,1.E-02));
#3167 = VECTOR('',#3168,1.);
#3168 = DIRECTION('',(1.,1.157408614877E-16,0.));
#3169 = ORIENTED_EDGE('',*,*,#3108,.F.);
#3170 = ORIENTED_EDGE('',*,*,#3060,.T.);
#3171 = ORIENTED_EDGE('',*,*,#91,.T.);
#3172 = PLANE('',#3173);
#3173 = AXIS2_PLACEMENT_3D('',#3174,#3175,#3176);
#3174 = CARTESIAN_POINT('',(-0.936749699759,-0.75,0.));
#3175 = DIRECTION('',(1.157408614877E-16,-1.,0.));
#3176 = DIRECTION('',(1.,1.157408614877E-16,0.));
#3177 = ADVANCED_FACE('',(#3178),#3188,.T.);
#3178 = FACE_BOUND('',#3179,.T.);
#3179 = EDGE_LOOP('',(#3180,#3187));
#3180 = ORIENTED_EDGE('',*,*,#3181,.T.);
#3181 = EDGE_CURVE('',#24,#22,#3182,.T.);
#3182 = CIRCLE('',#3183,0.393261143472);
#3183 = AXIS2_PLACEMENT_3D('',#3184,#3185,#3186);
#3184 = CARTESIAN_POINT('',(0.,0.,0.189999999999));
#3185 = DIRECTION('',(0.,0.,1.));
#3186 = DIRECTION('',(1.,0.,-0.));
#3187 = ORIENTED_EDGE('',*,*,#21,.T.);
#3188 = PLANE('',#3189);
#3189 = AXIS2_PLACEMENT_3D('',#3190,#3191,#3192);
#3190 = CARTESIAN_POINT('',(0.,0.,0.189999999999));
#3191 = DIRECTION('',(0.,0.,1.));
#3192 = DIRECTION('',(1.,0.,-0.));
#3193 = ADVANCED_FACE('',(#3194),#3206,.T.);
#3194 = FACE_BOUND('',#3195,.T.);
#3195 = EDGE_LOOP('',(#3196,#3197,#3198,#3199));
#3196 = ORIENTED_EDGE('',*,*,#32,.F.);
#3197 = ORIENTED_EDGE('',*,*,#3181,.F.);
#3198 = ORIENTED_EDGE('',*,*,#49,.T.);
#3199 = ORIENTED_EDGE('',*,*,#3200,.T.);
#3200 = EDGE_CURVE('',#41,#33,#3201,.T.);
#3201 = CIRCLE('',#3202,0.424999999999);
#3202 = AXIS2_PLACEMENT_3D('',#3203,#3204,#3205);
#3203 = CARTESIAN_POINT('',(0.,0.,1.E-02));
#3204 = DIRECTION('',(0.,0.,1.));
#3205 = DIRECTION('',(1.,0.,-0.));
#3206 = CONICAL_SURFACE('',#3207,0.424999999999,0.174532925199);
#3207 = AXIS2_PLACEMENT_3D('',#3208,#3209,#3210);
#3208 = CARTESIAN_POINT('',(0.,0.,1.E-02));
#3209 = DIRECTION('',(0.,0.,-1.));
#3210 = DIRECTION('',(1.,0.,0.));
#3211 = ADVANCED_FACE('',(#3212,#3216),#3223,.T.);
#3212 = FACE_BOUND('',#3213,.T.);
#3213 = EDGE_LOOP('',(#3214,#3215));
#3214 = ORIENTED_EDGE('',*,*,#3200,.F.);
#3215 = ORIENTED_EDGE('',*,*,#40,.F.);
#3216 = FACE_BOUND('',#3217,.T.);
#3217 = EDGE_LOOP('',(#3218,#3219,#3220,#3221,#3222));
#3218 = ORIENTED_EDGE('',*,*,#3122,.T.);
#3219 = ORIENTED_EDGE('',*,*,#3090,.T.);
#3220 = ORIENTED_EDGE('',*,*,#3164,.T.);
#3221 = ORIENTED_EDGE('',*,*,#82,.T.);
#3222 = ORIENTED_EDGE('',*,*,#3149,.T.);
#3223 = PLANE('',#3224);
#3224 = AXIS2_PLACEMENT_3D('',#3225,#3226,#3227);
#3225 = CARTESIAN_POINT('',(0.,0.,1.E-02));
#3226 = DIRECTION('',(0.,0.,1.));
#3227 = DIRECTION('',(1.,0.,-0.));
#3228 = ADVANCED_FACE('',(#3229),#3254,.F.);
#3229 = FACE_BOUND('',#3230,.T.);
#3230 = EDGE_LOOP('',(#3231,#3232,#3240,#3248));
#3231 = ORIENTED_EDGE('',*,*,#931,.T.);
#3232 = ORIENTED_EDGE('',*,*,#3233,.F.);
#3233 = EDGE_CURVE('',#3234,#922,#3236,.T.);
#3234 = VERTEX_POINT('',#3235);
#3235 = CARTESIAN_POINT('',(0.837061524185,0.951,-0.14820252124));
#3236 = LINE('',#3237,#3238);
#3237 = CARTESIAN_POINT('',(0.837061524185,0.951,-0.14820252124));
#3238 = VECTOR('',#3239,1.);
#3239 = DIRECTION('',(0.,-1.,0.));
#3240 = ORIENTED_EDGE('',*,*,#3241,.F.);
#3241 = EDGE_CURVE('',#3242,#3234,#3244,.T.);
#3242 = VERTEX_POINT('',#3243);
#3243 = CARTESIAN_POINT('',(0.83711085724,0.951,-0.155158326758));
#3244 = LINE('',#3245,#3246);
#3245 = CARTESIAN_POINT('',(0.837061524185,0.951,-0.14820252124));
#3246 = VECTOR('',#3247,1.);
#3247 = DIRECTION('',(-7.092178509005E-03,0.,0.999974850186));
#3248 = ORIENTED_EDGE('',*,*,#3249,.T.);
#3249 = EDGE_CURVE('',#3242,#932,#3250,.T.);
#3250 = LINE('',#3251,#3252);
#3251 = CARTESIAN_POINT('',(0.83711085724,0.951,-0.155158326758));
#3252 = VECTOR('',#3253,1.);
#3253 = DIRECTION('',(0.,-1.,0.));
#3254 = PLANE('',#3255);
#3255 = AXIS2_PLACEMENT_3D('',#3256,#3257,#3258);
#3256 = CARTESIAN_POINT('',(0.837061524185,0.951,-0.14820252124));
#3257 = DIRECTION('',(0.999974850186,0.,7.092178509005E-03));
#3258 = DIRECTION('',(7.092178509005E-03,0.,-0.999974850186));
#3259 = ADVANCED_FACE('',(#3260),#3278,.F.);
#3260 = FACE_BOUND('',#3261,.T.);
#3261 = EDGE_LOOP('',(#3262,#3263,#3271,#3277));
#3262 = ORIENTED_EDGE('',*,*,#921,.T.);
#3263 = ORIENTED_EDGE('',*,*,#3264,.F.);
#3264 = EDGE_CURVE('',#3265,#924,#3267,.T.);
#3265 = VERTEX_POINT('',#3266);
#3266 = CARTESIAN_POINT('',(0.86136005557,0.951,-0.148030187383));
#3267 = LINE('',#3268,#3269);
#3268 = CARTESIAN_POINT('',(0.86136005557,0.951,-0.148030187383));
#3269 = VECTOR('',#3270,1.);
#3270 = DIRECTION('',(0.,-1.,0.));
#3271 = ORIENTED_EDGE('',*,*,#3272,.F.);
#3272 = EDGE_CURVE('',#3234,#3265,#3273,.T.);
#3273 = LINE('',#3274,#3275);
#3274 = CARTESIAN_POINT('',(0.86136005557,0.951,-0.148030187383));
#3275 = VECTOR('',#3276,1.);
#3276 = DIRECTION('',(0.999974850186,0.,7.092178509005E-03));
#3277 = ORIENTED_EDGE('',*,*,#3233,.T.);
#3278 = PLANE('',#3279);
#3279 = AXIS2_PLACEMENT_3D('',#3280,#3281,#3282);
#3280 = CARTESIAN_POINT('',(0.86136005557,0.951,-0.148030187383));
#3281 = DIRECTION('',(7.092178509005E-03,0.,-0.999974850186));
#3282 = DIRECTION('',(-0.999974850186,0.,-7.092178509005E-03));
#3283 = ADVANCED_FACE('',(#3284),#3302,.F.);
#3284 = FACE_BOUND('',#3285,.T.);
#3285 = EDGE_LOOP('',(#3286,#3287,#3295,#3301));
#3286 = ORIENTED_EDGE('',*,*,#963,.T.);
#3287 = ORIENTED_EDGE('',*,*,#3288,.F.);
#3288 = EDGE_CURVE('',#3289,#956,#3291,.T.);
#3289 = VERTEX_POINT('',#3290);
#3290 = CARTESIAN_POINT('',(0.860976673577,0.951,-9.3974532838E-02));
#3291 = LINE('',#3292,#3293);
#3292 = CARTESIAN_POINT('',(0.860976673577,0.951,-9.3974532838E-02));
#3293 = VECTOR('',#3294,1.);
#3294 = DIRECTION('',(0.,-1.,0.));
#3295 = ORIENTED_EDGE('',*,*,#3296,.F.);
#3296 = EDGE_CURVE('',#3265,#3289,#3297,.T.);
#3297 = LINE('',#3298,#3299);
#3298 = CARTESIAN_POINT('',(0.860976673577,0.951,-9.3974532838E-02));
#3299 = VECTOR('',#3300,1.);
#3300 = DIRECTION('',(-7.092178509005E-03,0.,0.999974850186));
#3301 = ORIENTED_EDGE('',*,*,#3264,.T.);
#3302 = PLANE('',#3303);
#3303 = AXIS2_PLACEMENT_3D('',#3304,#3305,#3306);
#3304 = CARTESIAN_POINT('',(0.860976673577,0.951,-9.3974532838E-02));
#3305 = DIRECTION('',(0.999974850186,0.,7.092178509005E-03));
#3306 = DIRECTION('',(7.092178509005E-03,0.,-0.999974850186));
#3307 = ADVANCED_FACE('',(#3308),#3326,.F.);
#3308 = FACE_BOUND('',#3309,.T.);
#3309 = EDGE_LOOP('',(#3310,#3311,#3319,#3325));
#3310 = ORIENTED_EDGE('',*,*,#955,.T.);
#3311 = ORIENTED_EDGE('',*,*,#3312,.F.);
#3312 = EDGE_CURVE('',#3313,#948,#3315,.T.);
#3313 = VERTEX_POINT('',#3314);
#3314 = CARTESIAN_POINT('',(0.868852641709,0.951,-9.3918673661E-02));
#3315 = LINE('',#3316,#3317);
#3316 = CARTESIAN_POINT('',(0.868852641709,0.951,-9.3918673661E-02));
#3317 = VECTOR('',#3318,1.);
#3318 = DIRECTION('',(0.,-1.,0.));
#3319 = ORIENTED_EDGE('',*,*,#3320,.F.);
#3320 = EDGE_CURVE('',#3289,#3313,#3321,.T.);
#3321 = LINE('',#3322,#3323);
#3322 = CARTESIAN_POINT('',(0.868852641709,0.951,-9.3918673661E-02));
#3323 = VECTOR('',#3324,1.);
#3324 = DIRECTION('',(0.999974850186,0.,7.092178509005E-03));
#3325 = ORIENTED_EDGE('',*,*,#3288,.T.);
#3326 = PLANE('',#3327);
#3327 = AXIS2_PLACEMENT_3D('',#3328,#3329,#3330);
#3328 = CARTESIAN_POINT('',(0.868852641709,0.951,-9.3918673661E-02));
#3329 = DIRECTION('',(7.092178509005E-03,0.,-0.999974850186));
#3330 = DIRECTION('',(-0.999974850186,0.,-7.092178509005E-03));
#3331 = ADVANCED_FACE('',(#3332),#3350,.F.);
#3332 = FACE_BOUND('',#3333,.T.);
#3333 = EDGE_LOOP('',(#3334,#3335,#3343,#3349));
#3334 = ORIENTED_EDGE('',*,*,#947,.T.);
#3335 = ORIENTED_EDGE('',*,*,#3336,.F.);
#3336 = EDGE_CURVE('',#3337,#940,#3339,.T.);
#3337 = VERTEX_POINT('',#3338);
#3338 = CARTESIAN_POINT('',(0.869285356757,0.951,-0.154930133725));
#3339 = LINE('',#3340,#3341);
#3340 = CARTESIAN_POINT('',(0.869285356757,0.951,-0.154930133725));
#3341 = VECTOR('',#3342,1.);
#3342 = DIRECTION('',(0.,-1.,0.));
#3343 = ORIENTED_EDGE('',*,*,#3344,.F.);
#3344 = EDGE_CURVE('',#3313,#3337,#3345,.T.);
#3345 = LINE('',#3346,#3347);
#3346 = CARTESIAN_POINT('',(0.869285356757,0.951,-0.154930133725));
#3347 = VECTOR('',#3348,1.);
#3348 = DIRECTION('',(7.092178509005E-03,0.,-0.999974850186));
#3349 = ORIENTED_EDGE('',*,*,#3312,.T.);
#3350 = PLANE('',#3351);
#3351 = AXIS2_PLACEMENT_3D('',#3352,#3353,#3354);
#3352 = CARTESIAN_POINT('',(0.869285356757,0.951,-0.154930133725));
#3353 = DIRECTION('',(-0.999974850186,0.,-7.092178509005E-03));
#3354 = DIRECTION('',(-7.092178509005E-03,0.,0.999974850186));
#3355 = ADVANCED_FACE('',(#3356),#3367,.F.);
#3356 = FACE_BOUND('',#3357,.T.);
#3357 = EDGE_LOOP('',(#3358,#3359,#3360,#3366));
#3358 = ORIENTED_EDGE('',*,*,#939,.T.);
#3359 = ORIENTED_EDGE('',*,*,#3249,.F.);
#3360 = ORIENTED_EDGE('',*,*,#3361,.F.);
#3361 = EDGE_CURVE('',#3337,#3242,#3362,.T.);
#3362 = LINE('',#3363,#3364);
#3363 = CARTESIAN_POINT('',(0.83711085724,0.951,-0.155158326758));
#3364 = VECTOR('',#3365,1.);
#3365 = DIRECTION('',(-0.999974850186,0.,-7.092178509005E-03));
#3366 = ORIENTED_EDGE('',*,*,#3336,.T.);
#3367 = PLANE('',#3368);
#3368 = AXIS2_PLACEMENT_3D('',#3369,#3370,#3371);
#3369 = CARTESIAN_POINT('',(0.83711085724,0.951,-0.155158326758));
#3370 = DIRECTION('',(-7.092178509005E-03,0.,0.999974850186));
#3371 = DIRECTION('',(0.999974850186,0.,7.092178509005E-03));
#3372 = ADVANCED_FACE('',(#3373),#3381,.F.);
#3373 = FACE_BOUND('',#3374,.T.);
#3374 = EDGE_LOOP('',(#3375,#3376,#3377,#3378,#3379,#3380));
#3375 = ORIENTED_EDGE('',*,*,#3241,.T.);
#3376 = ORIENTED_EDGE('',*,*,#3272,.T.);
#3377 = ORIENTED_EDGE('',*,*,#3296,.T.);
#3378 = ORIENTED_EDGE('',*,*,#3320,.T.);
#3379 = ORIENTED_EDGE('',*,*,#3344,.T.);
#3380 = ORIENTED_EDGE('',*,*,#3361,.T.);
#3381 = PLANE('',#3382);
#3382 = AXIS2_PLACEMENT_3D('',#3383,#3384,#3385);
#3383 = CARTESIAN_POINT('',(0.,0.951,0.));
#3384 = DIRECTION('',(0.,-1.,0.));
#3385 = DIRECTION('',(0.,0.,-1.));
#3386 = ADVANCED_FACE('',(#3387),#3413,.F.);
#3387 = FACE_BOUND('',#3388,.F.);
#3388 = EDGE_LOOP('',(#3389,#3397,#3406,#3412));
#3389 = ORIENTED_EDGE('',*,*,#3390,.F.);
#3390 = EDGE_CURVE('',#3391,#982,#3393,.T.);
#3391 = VERTEX_POINT('',#3392);
#3392 = CARTESIAN_POINT('',(0.80583262879,0.951,-0.156409549343));
#3393 = LINE('',#3394,#3395);
#3394 = CARTESIAN_POINT('',(0.80583262879,0.951,-0.156409549343));
#3395 = VECTOR('',#3396,1.);
#3396 = DIRECTION('',(0.,-1.,0.));
#3397 = ORIENTED_EDGE('',*,*,#3398,.T.);
#3398 = EDGE_CURVE('',#3391,#3399,#3401,.T.);
#3399 = VERTEX_POINT('',#3400);
#3400 = CARTESIAN_POINT('',(0.788916966653,0.951,-0.152973459748));
#3401 = B_SPLINE_CURVE_WITH_KNOTS('',3,(#3402,#3403,#3404,#3405),
  .UNSPECIFIED.,.F.,.F.,(4,4),(0.,1.),.PIECEWISE_BEZIER_KNOTS.);
#3402 = CARTESIAN_POINT('',(0.80583262879,0.951,-0.156409549343));
#3403 = CARTESIAN_POINT('',(0.79906397499,0.951,-0.156457555052));
#3404 = CARTESIAN_POINT('',(0.793425420944,0.951,-0.155312191853));
#3405 = CARTESIAN_POINT('',(0.788916966653,0.951,-0.152973459748));
#3406 = ORIENTED_EDGE('',*,*,#3407,.T.);
#3407 = EDGE_CURVE('',#3399,#972,#3408,.T.);
#3408 = LINE('',#3409,#3410);
#3409 = CARTESIAN_POINT('',(0.788916966653,0.951,-0.152973459748));
#3410 = VECTOR('',#3411,1.);
#3411 = DIRECTION('',(0.,-1.,0.));
#3412 = ORIENTED_EDGE('',*,*,#981,.F.);
#3413 = B_SPLINE_SURFACE_WITH_KNOTS('',3,1,(
    (#3414,#3415)
    ,(#3416,#3417)
    ,(#3418,#3419)
    ,(#3420,#3421
    )),.UNSPECIFIED.,.F.,.F.,.F.,(4,4),(2,2),(0.,1.),(0.,1.),
  .PIECEWISE_BEZIER_KNOTS.);
#3414 = CARTESIAN_POINT('',(0.80583262879,0.951,-0.156409549343));
#3415 = CARTESIAN_POINT('',(0.80583262879,0.949999999999,-0.156409549343
    ));
#3416 = CARTESIAN_POINT('',(0.79906397499,0.951,-0.156457555052));
#3417 = CARTESIAN_POINT('',(0.79906397499,0.949999999999,-0.156457555052
    ));
#3418 = CARTESIAN_POINT('',(0.793425420944,0.951,-0.155312191853));
#3419 = CARTESIAN_POINT('',(0.793425420944,0.949999999999,
    -0.155312191853));
#3420 = CARTESIAN_POINT('',(0.788916966653,0.951,-0.152973459748));
#3421 = CARTESIAN_POINT('',(0.788916966653,0.949999999999,
    -0.152973459748));
#3422 = ADVANCED_FACE('',(#3423),#3441,.F.);
#3423 = FACE_BOUND('',#3424,.T.);
#3424 = EDGE_LOOP('',(#3425,#3426,#3434,#3440));
#3425 = ORIENTED_EDGE('',*,*,#971,.T.);
#3426 = ORIENTED_EDGE('',*,*,#3427,.F.);
#3427 = EDGE_CURVE('',#3428,#974,#3430,.T.);
#3428 = VERTEX_POINT('',#3429);
#3429 = CARTESIAN_POINT('',(0.788863430333,0.951,-0.145425007122));
#3430 = LINE('',#3431,#3432);
#3431 = CARTESIAN_POINT('',(0.788863430333,0.951,-0.145425007122));
#3432 = VECTOR('',#3433,1.);
#3433 = DIRECTION('',(0.,-1.,0.));
#3434 = ORIENTED_EDGE('',*,*,#3435,.F.);
#3435 = EDGE_CURVE('',#3399,#3428,#3436,.T.);
#3436 = LINE('',#3437,#3438);
#3437 = CARTESIAN_POINT('',(0.788863430333,0.951,-0.145425007122));
#3438 = VECTOR('',#3439,1.);
#3439 = DIRECTION('',(-7.092178509005E-03,0.,0.999974850186));
#3440 = ORIENTED_EDGE('',*,*,#3407,.T.);
#3441 = PLANE('',#3442);
#3442 = AXIS2_PLACEMENT_3D('',#3443,#3444,#3445);
#3443 = CARTESIAN_POINT('',(0.788863430333,0.951,-0.145425007122));
#3444 = DIRECTION('',(0.999974850186,0.,7.092178509005E-03));
#3445 = DIRECTION('',(7.092178509005E-03,0.,-0.999974850186));
#3446 = ADVANCED_FACE('',(#3447),#3466,.F.);
#3447 = FACE_BOUND('',#3448,.F.);
#3448 = EDGE_LOOP('',(#3449,#3450,#3459,#3465));
#3449 = ORIENTED_EDGE('',*,*,#3427,.F.);
#3450 = ORIENTED_EDGE('',*,*,#3451,.T.);
#3451 = EDGE_CURVE('',#3428,#3452,#3454,.T.);
#3452 = VERTEX_POINT('',#3453);
#3453 = CARTESIAN_POINT('',(0.804644347002,0.951,-0.149399434612));
#3454 = B_SPLINE_CURVE_WITH_KNOTS('',3,(#3455,#3456,#3457,#3458),
  .UNSPECIFIED.,.F.,.F.,(4,4),(12.,13.),.PIECEWISE_BEZIER_KNOTS.);
#3455 = CARTESIAN_POINT('',(0.788863430333,0.951,-0.145425007122));
#3456 = CARTESIAN_POINT('',(0.79334312614,0.951,-0.148107071935));
#3457 = CARTESIAN_POINT('',(0.798608704097,0.951,-0.149442241545));
#3458 = CARTESIAN_POINT('',(0.804644347002,0.951,-0.149399434612));
#3459 = ORIENTED_EDGE('',*,*,#3460,.T.);
#3460 = EDGE_CURVE('',#3452,#1080,#3461,.T.);
#3461 = LINE('',#3462,#3463);
#3462 = CARTESIAN_POINT('',(0.804644347002,0.951,-0.149399434612));
#3463 = VECTOR('',#3464,1.);
#3464 = DIRECTION('',(0.,-1.,0.));
#3465 = ORIENTED_EDGE('',*,*,#1088,.F.);
#3466 = B_SPLINE_SURFACE_WITH_KNOTS('',3,1,(
    (#3467,#3468)
    ,(#3469,#3470)
    ,(#3471,#3472)
    ,(#3473,#3474
    )),.UNSPECIFIED.,.F.,.F.,.F.,(4,4),(2,2),(12.,13.),(0.,1.),
  .PIECEWISE_BEZIER_KNOTS.);
#3467 = CARTESIAN_POINT('',(0.788863430333,0.951,-0.145425007122));
#3468 = CARTESIAN_POINT('',(0.788863430333,0.95,-0.145425007122));
#3469 = CARTESIAN_POINT('',(0.79334312614,0.951,-0.148107071935));
#3470 = CARTESIAN_POINT('',(0.79334312614,0.95,-0.148107071935));
#3471 = CARTESIAN_POINT('',(0.798608704097,0.951,-0.149442241545));
#3472 = CARTESIAN_POINT('',(0.798608704097,0.95,-0.149442241545));
#3473 = CARTESIAN_POINT('',(0.804644347002,0.951,-0.149399434612));
#3474 = CARTESIAN_POINT('',(0.804644347002,0.95,-0.149399434612));
#3475 = ADVANCED_FACE('',(#3476),#3495,.F.);
#3476 = FACE_BOUND('',#3477,.F.);
#3477 = EDGE_LOOP('',(#3478,#3479,#3488,#3494));
#3478 = ORIENTED_EDGE('',*,*,#3460,.F.);
#3479 = ORIENTED_EDGE('',*,*,#3480,.T.);
#3480 = EDGE_CURVE('',#3452,#3481,#3483,.T.);
#3481 = VERTEX_POINT('',#3482);
#3482 = CARTESIAN_POINT('',(0.820272731144,0.951,-0.142862727001));
#3483 = B_SPLINE_CURVE_WITH_KNOTS('',3,(#3484,#3485,#3486,#3487),
  .UNSPECIFIED.,.F.,.F.,(4,4),(11.,12.),.PIECEWISE_BEZIER_KNOTS.);
#3484 = CARTESIAN_POINT('',(0.804644347002,0.951,-0.149399434612));
#3485 = CARTESIAN_POINT('',(0.811101081272,0.951,-0.149353641148));
#3486 = CARTESIAN_POINT('',(0.816310468912,0.951,-0.147164341293));
#3487 = CARTESIAN_POINT('',(0.820272731144,0.951,-0.142862727001));
#3488 = ORIENTED_EDGE('',*,*,#3489,.T.);
#3489 = EDGE_CURVE('',#3481,#1071,#3490,.T.);
#3490 = LINE('',#3491,#3492);
#3491 = CARTESIAN_POINT('',(0.820272731144,0.951,-0.142862727001));
#3492 = VECTOR('',#3493,1.);
#3493 = DIRECTION('',(0.,-1.,0.));
#3494 = ORIENTED_EDGE('',*,*,#1079,.F.);
#3495 = B_SPLINE_SURFACE_WITH_KNOTS('',3,1,(
    (#3496,#3497)
    ,(#3498,#3499)
    ,(#3500,#3501)
    ,(#3502,#3503
    )),.UNSPECIFIED.,.F.,.F.,.F.,(4,4),(2,2),(11.,12.),(0.,1.),
  .PIECEWISE_BEZIER_KNOTS.);
#3496 = CARTESIAN_POINT('',(0.804644347002,0.951,-0.149399434612));
#3497 = CARTESIAN_POINT('',(0.804644347002,0.949999999999,
    -0.149399434612));
#3498 = CARTESIAN_POINT('',(0.811101081272,0.951,-0.149353641148));
#3499 = CARTESIAN_POINT('',(0.811101081272,0.949999999999,
    -0.149353641148));
#3500 = CARTESIAN_POINT('',(0.816310468912,0.951,-0.147164341293));
#3501 = CARTESIAN_POINT('',(0.816310468912,0.949999999999,
    -0.147164341293));
#3502 = CARTESIAN_POINT('',(0.820272731144,0.951,-0.142862727001));
#3503 = CARTESIAN_POINT('',(0.820272731144,0.949999999999,
    -0.142862727001));
#3504 = ADVANCED_FACE('',(#3505),#3524,.F.);
#3505 = FACE_BOUND('',#3506,.F.);
#3506 = EDGE_LOOP('',(#3507,#3508,#3517,#3523));
#3507 = ORIENTED_EDGE('',*,*,#3489,.F.);
#3508 = ORIENTED_EDGE('',*,*,#3509,.T.);
#3509 = EDGE_CURVE('',#3481,#3510,#3512,.T.);
#3510 = VERTEX_POINT('',#3511);
#3511 = CARTESIAN_POINT('',(0.826138142869,0.951,-0.125415142132));
#3512 = B_SPLINE_CURVE_WITH_KNOTS('',3,(#3513,#3514,#3515,#3516),
  .UNSPECIFIED.,.F.,.F.,(4,4),(10.,11.),.PIECEWISE_BEZIER_KNOTS.);
#3513 = CARTESIAN_POINT('',(0.820272731144,0.951,-0.142862727001));
#3514 = CARTESIAN_POINT('',(0.824234772152,0.951,-0.138529920756));
#3515 = CARTESIAN_POINT('',(0.826189909394,0.951,-0.132714059133));
#3516 = CARTESIAN_POINT('',(0.826138142869,0.951,-0.125415142132));
#3517 = ORIENTED_EDGE('',*,*,#3518,.T.);
#3518 = EDGE_CURVE('',#3510,#1062,#3519,.T.);
#3519 = LINE('',#3520,#3521);
#3520 = CARTESIAN_POINT('',(0.826138142869,0.951,-0.125415142132));
#3521 = VECTOR('',#3522,1.);
#3522 = DIRECTION('',(0.,-1.,0.));
#3523 = ORIENTED_EDGE('',*,*,#1070,.F.);
#3524 = B_SPLINE_SURFACE_WITH_KNOTS('',3,1,(
    (#3525,#3526)
    ,(#3527,#3528)
    ,(#3529,#3530)
    ,(#3531,#3532
    )),.UNSPECIFIED.,.F.,.F.,.F.,(4,4),(2,2),(10.,11.),(0.,1.),
  .PIECEWISE_BEZIER_KNOTS.);
#3525 = CARTESIAN_POINT('',(0.820272731144,0.951,-0.142862727001));
#3526 = CARTESIAN_POINT('',(0.820272731144,0.949999999999,
    -0.142862727001));
#3527 = CARTESIAN_POINT('',(0.824234772152,0.951,-0.138529920756));
#3528 = CARTESIAN_POINT('',(0.824234772152,0.949999999999,
    -0.138529920756));
#3529 = CARTESIAN_POINT('',(0.826189909394,0.951,-0.132714059133));
#3530 = CARTESIAN_POINT('',(0.826189909394,0.949999999999,
    -0.132714059133));
#3531 = CARTESIAN_POINT('',(0.826138142869,0.951,-0.125415142132));
#3532 = CARTESIAN_POINT('',(0.826138142869,0.949999999999,
    -0.125415142132));
#3533 = ADVANCED_FACE('',(#3534),#3553,.F.);
#3534 = FACE_BOUND('',#3535,.F.);
#3535 = EDGE_LOOP('',(#3536,#3537,#3546,#3552));
#3536 = ORIENTED_EDGE('',*,*,#3518,.F.);
#3537 = ORIENTED_EDGE('',*,*,#3538,.T.);
#3538 = EDGE_CURVE('',#3510,#3539,#3541,.T.);
#3539 = VERTEX_POINT('',#3540);
#3540 = CARTESIAN_POINT('',(0.819598116544,0.951,-0.107119735396));
#3541 = B_SPLINE_CURVE_WITH_KNOTS('',3,(#3542,#3543,#3544,#3545),
  .UNSPECIFIED.,.F.,.F.,(4,4),(9.,10.),.PIECEWISE_BEZIER_KNOTS.);
#3542 = CARTESIAN_POINT('',(0.826138142869,0.951,-0.125415142132));
#3543 = CARTESIAN_POINT('',(0.826083721652,0.951,-0.117741921694));
#3544 = CARTESIAN_POINT('',(0.823903712877,0.951,-0.111643452783));
#3545 = CARTESIAN_POINT('',(0.819598116544,0.951,-0.107119735396));
#3546 = ORIENTED_EDGE('',*,*,#3547,.T.);
#3547 = EDGE_CURVE('',#3539,#1053,#3548,.T.);
#3548 = LINE('',#3549,#3550);
#3549 = CARTESIAN_POINT('',(0.819598116544,0.951,-0.107119735396));
#3550 = VECTOR('',#3551,1.);
#3551 = DIRECTION('',(0.,-1.,0.));
#3552 = ORIENTED_EDGE('',*,*,#1061,.F.);
#3553 = B_SPLINE_SURFACE_WITH_KNOTS('',3,1,(
    (#3554,#3555)
    ,(#3556,#3557)
    ,(#3558,#3559)
    ,(#3560,#3561
    )),.UNSPECIFIED.,.F.,.F.,.F.,(4,4),(2,2),(9.,10.),(0.,1.),
  .PIECEWISE_BEZIER_KNOTS.);
#3554 = CARTESIAN_POINT('',(0.826138142869,0.951,-0.125415142132));
#3555 = CARTESIAN_POINT('',(0.826138142869,0.949999999999,
    -0.125415142132));
#3556 = CARTESIAN_POINT('',(0.826083721652,0.951,-0.117741921694));
#3557 = CARTESIAN_POINT('',(0.826083721652,0.949999999999,
    -0.117741921694));
#3558 = CARTESIAN_POINT('',(0.823903712877,0.951,-0.111643452783));
#3559 = CARTESIAN_POINT('',(0.823903712877,0.949999999999,
    -0.111643452783));
#3560 = CARTESIAN_POINT('',(0.819598116544,0.951,-0.107119735396));
#3561 = CARTESIAN_POINT('',(0.819598116544,0.949999999999,
    -0.107119735396));
#3562 = ADVANCED_FACE('',(#3563),#3582,.F.);
#3563 = FACE_BOUND('',#3564,.F.);
#3564 = EDGE_LOOP('',(#3565,#3566,#3575,#3581));
#3565 = ORIENTED_EDGE('',*,*,#3547,.F.);
#3566 = ORIENTED_EDGE('',*,*,#3567,.T.);
#3567 = EDGE_CURVE('',#3539,#3568,#3570,.T.);
#3568 = VERTEX_POINT('',#3569);
#3569 = CARTESIAN_POINT('',(0.802924799888,0.951,-0.100468994234));
#3570 = B_SPLINE_CURVE_WITH_KNOTS('',3,(#3571,#3572,#3573,#3574),
  .UNSPECIFIED.,.F.,.F.,(4,4),(8.,9.),.PIECEWISE_BEZIER_KNOTS.);
#3571 = CARTESIAN_POINT('',(0.819598116544,0.951,-0.107119735396));
#3572 = CARTESIAN_POINT('',(0.81527714546,0.951,-0.102627320575));
#3573 = CARTESIAN_POINT('',(0.809724645642,0.951,-0.100420767301));
#3574 = CARTESIAN_POINT('',(0.802924799888,0.951,-0.100468994234));
#3575 = ORIENTED_EDGE('',*,*,#3576,.T.);
#3576 = EDGE_CURVE('',#3568,#1044,#3577,.T.);
#3577 = LINE('',#3578,#3579);
#3578 = CARTESIAN_POINT('',(0.802924799888,0.951,-0.100468994234));
#3579 = VECTOR('',#3580,1.);
#3580 = DIRECTION('',(0.,-1.,0.));
#3581 = ORIENTED_EDGE('',*,*,#1052,.F.);
#3582 = B_SPLINE_SURFACE_WITH_KNOTS('',3,1,(
    (#3583,#3584)
    ,(#3585,#3586)
    ,(#3587,#3588)
    ,(#3589,#3590
    )),.UNSPECIFIED.,.F.,.F.,.F.,(4,4),(2,2),(8.,9.),(0.,1.),
  .PIECEWISE_BEZIER_KNOTS.);
#3583 = CARTESIAN_POINT('',(0.819598116544,0.951,-0.107119735396));
#3584 = CARTESIAN_POINT('',(0.819598116544,0.949999999999,
    -0.107119735396));
#3585 = CARTESIAN_POINT('',(0.81527714546,0.951,-0.102627320575));
#3586 = CARTESIAN_POINT('',(0.81527714546,0.949999999999,-0.102627320575
    ));
#3587 = CARTESIAN_POINT('',(0.809724645642,0.951,-0.100420767301));
#3588 = CARTESIAN_POINT('',(0.809724645642,0.949999999999,
    -0.100420767301));
#3589 = CARTESIAN_POINT('',(0.802924799888,0.951,-0.100468994234));
#3590 = CARTESIAN_POINT('',(0.802924799888,0.949999999999,
    -0.100468994234));
#3591 = ADVANCED_FACE('',(#3592),#3611,.F.);
#3592 = FACE_BOUND('',#3593,.F.);
#3593 = EDGE_LOOP('',(#3594,#3595,#3604,#3610));
#3594 = ORIENTED_EDGE('',*,*,#3576,.F.);
#3595 = ORIENTED_EDGE('',*,*,#3596,.T.);
#3596 = EDGE_CURVE('',#3568,#3597,#3599,.T.);
#3597 = VERTEX_POINT('',#3598);
#3598 = CARTESIAN_POINT('',(0.788570971594,0.951,-0.104189245259));
#3599 = B_SPLINE_CURVE_WITH_KNOTS('',3,(#3600,#3601,#3602,#3603),
  .UNSPECIFIED.,.F.,.F.,(4,4),(7.,8.),.PIECEWISE_BEZIER_KNOTS.);
#3600 = CARTESIAN_POINT('',(0.802924799888,0.951,-0.100468994234));
#3601 = CARTESIAN_POINT('',(0.797700147761,0.951,-0.100506049332));
#3602 = CARTESIAN_POINT('',(0.792920589505,0.951,-0.1017253015));
#3603 = CARTESIAN_POINT('',(0.788570971594,0.951,-0.104189245259));
#3604 = ORIENTED_EDGE('',*,*,#3605,.T.);
#3605 = EDGE_CURVE('',#3597,#1036,#3606,.T.);
#3606 = LINE('',#3607,#3608);
#3607 = CARTESIAN_POINT('',(0.788570971594,0.951,-0.104189245259));
#3608 = VECTOR('',#3609,1.);
#3609 = DIRECTION('',(0.,-1.,0.));
#3610 = ORIENTED_EDGE('',*,*,#1043,.F.);
#3611 = B_SPLINE_SURFACE_WITH_KNOTS('',3,1,(
    (#3612,#3613)
    ,(#3614,#3615)
    ,(#3616,#3617)
    ,(#3618,#3619
    )),.UNSPECIFIED.,.F.,.F.,.F.,(4,4),(2,2),(7.,8.),(0.,1.),
  .PIECEWISE_BEZIER_KNOTS.);
#3612 = CARTESIAN_POINT('',(0.802924799888,0.951,-0.100468994234));
#3613 = CARTESIAN_POINT('',(0.802924799888,0.949999999999,
    -0.100468994234));
#3614 = CARTESIAN_POINT('',(0.797700147761,0.951,-0.100506049332));
#3615 = CARTESIAN_POINT('',(0.797700147761,0.949999999999,
    -0.100506049332));
#3616 = CARTESIAN_POINT('',(0.792920589505,0.951,-0.1017253015));
#3617 = CARTESIAN_POINT('',(0.792920589505,0.949999999999,-0.1017253015)
  );
#3618 = CARTESIAN_POINT('',(0.788570971594,0.951,-0.104189245259));
#3619 = CARTESIAN_POINT('',(0.788570971594,0.949999999999,
    -0.104189245259));
#3620 = ADVANCED_FACE('',(#3621),#3639,.F.);
#3621 = FACE_BOUND('',#3622,.T.);
#3622 = EDGE_LOOP('',(#3623,#3624,#3632,#3638));
#3623 = ORIENTED_EDGE('',*,*,#1035,.T.);
#3624 = ORIENTED_EDGE('',*,*,#3625,.F.);
#3625 = EDGE_CURVE('',#3626,#1027,#3628,.T.);
#3626 = VERTEX_POINT('',#3627);
#3627 = CARTESIAN_POINT('',(0.788512568336,0.951,-9.5954569668E-02));
#3628 = LINE('',#3629,#3630);
#3629 = CARTESIAN_POINT('',(0.788512568336,0.951,-9.5954569668E-02));
#3630 = VECTOR('',#3631,1.);
#3631 = DIRECTION('',(0.,-1.,0.));
#3632 = ORIENTED_EDGE('',*,*,#3633,.F.);
#3633 = EDGE_CURVE('',#3597,#3626,#3634,.T.);
#3634 = LINE('',#3635,#3636);
#3635 = CARTESIAN_POINT('',(0.788512568336,0.951,-9.5954569668E-02));
#3636 = VECTOR('',#3637,1.);
#3637 = DIRECTION('',(-7.092178509005E-03,0.,0.999974850186));
#3638 = ORIENTED_EDGE('',*,*,#3605,.T.);
#3639 = PLANE('',#3640);
#3640 = AXIS2_PLACEMENT_3D('',#3641,#3642,#3643);
#3641 = CARTESIAN_POINT('',(0.788512568336,0.951,-9.5954569668E-02));
#3642 = DIRECTION('',(0.999974850186,0.,7.092178509005E-03));
#3643 = DIRECTION('',(7.092178509005E-03,0.,-0.999974850186));
#3644 = ADVANCED_FACE('',(#3645),#3664,.F.);
#3645 = FACE_BOUND('',#3646,.F.);
#3646 = EDGE_LOOP('',(#3647,#3648,#3657,#3663));
#3647 = ORIENTED_EDGE('',*,*,#3625,.F.);
#3648 = ORIENTED_EDGE('',*,*,#3649,.T.);
#3649 = EDGE_CURVE('',#3626,#3650,#3652,.T.);
#3650 = VERTEX_POINT('',#3651);
#3651 = CARTESIAN_POINT('',(0.802952340593,0.951,-9.3356675889E-02));
#3652 = B_SPLINE_CURVE_WITH_KNOTS('',3,(#3653,#3654,#3655,#3656),
  .UNSPECIFIED.,.F.,.F.,(4,4),(5.,6.),.PIECEWISE_BEZIER_KNOTS.);
#3653 = CARTESIAN_POINT('',(0.788512568336,0.951,-9.5954569668E-02));
#3654 = CARTESIAN_POINT('',(0.792306261705,0.951,-9.4274406774E-02));
#3655 = CARTESIAN_POINT('',(0.797119445383,0.951,-9.3398044864E-02));
#3656 = CARTESIAN_POINT('',(0.802952340593,0.951,-9.3356675889E-02));
#3657 = ORIENTED_EDGE('',*,*,#3658,.T.);
#3658 = EDGE_CURVE('',#3650,#1018,#3659,.T.);
#3659 = LINE('',#3660,#3661);
#3660 = CARTESIAN_POINT('',(0.802952340593,0.951,-9.3356675889E-02));
#3661 = VECTOR('',#3662,1.);
#3662 = DIRECTION('',(0.,-1.,0.));
#3663 = ORIENTED_EDGE('',*,*,#1026,.F.);
#3664 = B_SPLINE_SURFACE_WITH_KNOTS('',3,1,(
    (#3665,#3666)
    ,(#3667,#3668)
    ,(#3669,#3670)
    ,(#3671,#3672
    )),.UNSPECIFIED.,.F.,.F.,.F.,(4,4),(2,2),(5.,6.),(0.,1.),
  .PIECEWISE_BEZIER_KNOTS.);
#3665 = CARTESIAN_POINT('',(0.788512568336,0.951,-9.5954569668E-02));
#3666 = CARTESIAN_POINT('',(0.788512568336,0.95,-9.5954569668E-02));
#3667 = CARTESIAN_POINT('',(0.792306261705,0.951,-9.4274406774E-02));
#3668 = CARTESIAN_POINT('',(0.792306261705,0.95,-9.4274406774E-02));
#3669 = CARTESIAN_POINT('',(0.797119445383,0.951,-9.3398044864E-02));
#3670 = CARTESIAN_POINT('',(0.797119445383,0.95,-9.3398044864E-02));
#3671 = CARTESIAN_POINT('',(0.802952340593,0.951,-9.3356675889E-02));
#3672 = CARTESIAN_POINT('',(0.802952340593,0.95,-9.3356675889E-02));
#3673 = ADVANCED_FACE('',(#3674),#3693,.F.);
#3674 = FACE_BOUND('',#3675,.F.);
#3675 = EDGE_LOOP('',(#3676,#3677,#3686,#3692));
#3676 = ORIENTED_EDGE('',*,*,#3658,.F.);
#3677 = ORIENTED_EDGE('',*,*,#3678,.T.);
#3678 = EDGE_CURVE('',#3650,#3679,#3681,.T.);
#3679 = VERTEX_POINT('',#3680);
#3680 = CARTESIAN_POINT('',(0.825427471468,0.951,-0.102181008577));
#3681 = B_SPLINE_CURVE_WITH_KNOTS('',3,(#3682,#3683,#3684,#3685),
  .UNSPECIFIED.,.F.,.F.,(4,4),(4.,5.),.PIECEWISE_BEZIER_KNOTS.);
#3682 = CARTESIAN_POINT('',(0.802952340593,0.951,-9.3356675889E-02));
#3683 = CARTESIAN_POINT('',(0.812013602939,0.951,-9.3292410183E-02));
#3684 = CARTESIAN_POINT('',(0.819505313231,0.951,-9.6233854412E-02));
#3685 = CARTESIAN_POINT('',(0.825427471468,0.951,-0.102181008577));
#3686 = ORIENTED_EDGE('',*,*,#3687,.T.);
#3687 = EDGE_CURVE('',#3679,#1009,#3688,.T.);
#3688 = LINE('',#3689,#3690);
#3689 = CARTESIAN_POINT('',(0.825427471468,0.951,-0.102181008577));
#3690 = VECTOR('',#3691,1.);
#3691 = DIRECTION('',(0.,-1.,0.));
#3692 = ORIENTED_EDGE('',*,*,#1017,.F.);
#3693 = B_SPLINE_SURFACE_WITH_KNOTS('',3,1,(
    (#3694,#3695)
    ,(#3696,#3697)
    ,(#3698,#3699)
    ,(#3700,#3701
    )),.UNSPECIFIED.,.F.,.F.,.F.,(4,4),(2,2),(4.,5.),(0.,1.),
  .PIECEWISE_BEZIER_KNOTS.);
#3694 = CARTESIAN_POINT('',(0.802952340593,0.951,-9.3356675889E-02));
#3695 = CARTESIAN_POINT('',(0.802952340593,0.949999999999,
    -9.3356675889E-02));
#3696 = CARTESIAN_POINT('',(0.812013602939,0.951,-9.3292410183E-02));
#3697 = CARTESIAN_POINT('',(0.812013602939,0.949999999999,
    -9.3292410183E-02));
#3698 = CARTESIAN_POINT('',(0.819505313231,0.951,-9.6233854412E-02));
#3699 = CARTESIAN_POINT('',(0.819505313231,0.949999999999,
    -9.6233854412E-02));
#3700 = CARTESIAN_POINT('',(0.825427471468,0.951,-0.102181008577));
#3701 = CARTESIAN_POINT('',(0.825427471468,0.949999999999,
    -0.102181008577));
#3702 = ADVANCED_FACE('',(#3703),#3722,.F.);
#3703 = FACE_BOUND('',#3704,.F.);
#3704 = EDGE_LOOP('',(#3705,#3706,#3715,#3721));
#3705 = ORIENTED_EDGE('',*,*,#3687,.F.);
#3706 = ORIENTED_EDGE('',*,*,#3707,.T.);
#3707 = EDGE_CURVE('',#3679,#3708,#3710,.T.);
#3708 = VERTEX_POINT('',#3709);
#3709 = CARTESIAN_POINT('',(0.834407328781,0.951,-0.125824396944));
#3710 = B_SPLINE_CURVE_WITH_KNOTS('',3,(#3711,#3712,#3713,#3714),
  .UNSPECIFIED.,.F.,.F.,(4,4),(3.,4.),.PIECEWISE_BEZIER_KNOTS.);
#3711 = CARTESIAN_POINT('',(0.825427471468,0.951,-0.102181008577));
#3712 = CARTESIAN_POINT('',(0.831349629704,0.951,-0.108128162741));
#3713 = CARTESIAN_POINT('',(0.834337643075,0.951,-0.11599893175));
#3714 = CARTESIAN_POINT('',(0.834407328781,0.951,-0.125824396944));
#3715 = ORIENTED_EDGE('',*,*,#3716,.T.);
#3716 = EDGE_CURVE('',#3708,#1000,#3717,.T.);
#3717 = LINE('',#3718,#3719);
#3718 = CARTESIAN_POINT('',(0.834407328781,0.951,-0.125824396944));
#3719 = VECTOR('',#3720,1.);
#3720 = DIRECTION('',(0.,-1.,0.));
#3721 = ORIENTED_EDGE('',*,*,#1008,.F.);
#3722 = B_SPLINE_SURFACE_WITH_KNOTS('',3,1,(
    (#3723,#3724)
    ,(#3725,#3726)
    ,(#3727,#3728)
    ,(#3729,#3730
    )),.UNSPECIFIED.,.F.,.F.,.F.,(4,4),(2,2),(3.,4.),(0.,1.),
  .PIECEWISE_BEZIER_KNOTS.);
#3723 = CARTESIAN_POINT('',(0.825427471468,0.951,-0.102181008577));
#3724 = CARTESIAN_POINT('',(0.825427471468,0.949999999999,
    -0.102181008577));
#3725 = CARTESIAN_POINT('',(0.831349629704,0.951,-0.108128162741));
#3726 = CARTESIAN_POINT('',(0.831349629704,0.949999999999,
    -0.108128162741));
#3727 = CARTESIAN_POINT('',(0.834337643075,0.951,-0.11599893175));
#3728 = CARTESIAN_POINT('',(0.834337643075,0.949999999999,-0.11599893175
    ));
#3729 = CARTESIAN_POINT('',(0.834407328781,0.951,-0.125824396944));
#3730 = CARTESIAN_POINT('',(0.834407328781,0.949999999999,
    -0.125824396944));
#3731 = ADVANCED_FACE('',(#3732),#3751,.F.);
#3732 = FACE_BOUND('',#3733,.F.);
#3733 = EDGE_LOOP('',(#3734,#3735,#3744,#3750));
#3734 = ORIENTED_EDGE('',*,*,#3716,.F.);
#3735 = ORIENTED_EDGE('',*,*,#3736,.T.);
#3736 = EDGE_CURVE('',#3708,#3737,#3739,.T.);
#3737 = VERTEX_POINT('',#3738);
#3738 = CARTESIAN_POINT('',(0.826734554273,0.951,-0.147932635054));
#3739 = B_SPLINE_CURVE_WITH_KNOTS('',3,(#3740,#3741,#3742,#3743),
  .UNSPECIFIED.,.F.,.F.,(4,4),(2.,3.),.PIECEWISE_BEZIER_KNOTS.);
#3740 = CARTESIAN_POINT('',(0.834407328781,0.951,-0.125824396944));
#3741 = CARTESIAN_POINT('',(0.834472147548,0.951,-0.134963639173));
#3742 = CARTESIAN_POINT('',(0.831919828446,0.951,-0.142343412323));
#3743 = CARTESIAN_POINT('',(0.826734554273,0.951,-0.147932635054));
#3744 = ORIENTED_EDGE('',*,*,#3745,.T.);
#3745 = EDGE_CURVE('',#3737,#991,#3746,.T.);
#3746 = LINE('',#3747,#3748);
#3747 = CARTESIAN_POINT('',(0.826734554273,0.951,-0.147932635054));
#3748 = VECTOR('',#3749,1.);
#3749 = DIRECTION('',(0.,-1.,0.));
#3750 = ORIENTED_EDGE('',*,*,#999,.F.);
#3751 = B_SPLINE_SURFACE_WITH_KNOTS('',3,1,(
    (#3752,#3753)
    ,(#3754,#3755)
    ,(#3756,#3757)
    ,(#3758,#3759
    )),.UNSPECIFIED.,.F.,.F.,.F.,(4,4),(2,2),(2.,3.),(0.,1.),
  .PIECEWISE_BEZIER_KNOTS.);
#3752 = CARTESIAN_POINT('',(0.834407328781,0.951,-0.125824396944));
#3753 = CARTESIAN_POINT('',(0.834407328781,0.949999999999,
    -0.125824396944));
#3754 = CARTESIAN_POINT('',(0.834472147548,0.951,-0.134963639173));
#3755 = CARTESIAN_POINT('',(0.834472147548,0.949999999999,
    -0.134963639173));
#3756 = CARTESIAN_POINT('',(0.831919828446,0.951,-0.142343412323));
#3757 = CARTESIAN_POINT('',(0.831919828446,0.949999999999,
    -0.142343412323));
#3758 = CARTESIAN_POINT('',(0.826734554273,0.951,-0.147932635054));
#3759 = CARTESIAN_POINT('',(0.826734554273,0.949999999999,
    -0.147932635054));
#3760 = ADVANCED_FACE('',(#3761),#3773,.F.);
#3761 = FACE_BOUND('',#3762,.F.);
#3762 = EDGE_LOOP('',(#3763,#3764,#3771,#3772));
#3763 = ORIENTED_EDGE('',*,*,#3745,.F.);
#3764 = ORIENTED_EDGE('',*,*,#3765,.T.);
#3765 = EDGE_CURVE('',#3737,#3391,#3766,.T.);
#3766 = B_SPLINE_CURVE_WITH_KNOTS('',3,(#3767,#3768,#3769,#3770),
  .UNSPECIFIED.,.F.,.F.,(4,4),(1.,2.),.PIECEWISE_BEZIER_KNOTS.);
#3767 = CARTESIAN_POINT('',(0.826734554273,0.951,-0.147932635054));
#3768 = CARTESIAN_POINT('',(0.821549280101,0.951,-0.153521857785));
#3769 = CARTESIAN_POINT('',(0.814581971606,0.951,-0.156347495881));
#3770 = CARTESIAN_POINT('',(0.80583262879,0.951,-0.156409549343));
#3771 = ORIENTED_EDGE('',*,*,#3390,.T.);
#3772 = ORIENTED_EDGE('',*,*,#990,.F.);
#3773 = B_SPLINE_SURFACE_WITH_KNOTS('',3,1,(
    (#3774,#3775)
    ,(#3776,#3777)
    ,(#3778,#3779)
    ,(#3780,#3781
    )),.UNSPECIFIED.,.F.,.F.,.F.,(4,4),(2,2),(1.,2.),(0.,1.),
  .PIECEWISE_BEZIER_KNOTS.);
#3774 = CARTESIAN_POINT('',(0.826734554273,0.951,-0.147932635054));
#3775 = CARTESIAN_POINT('',(0.826734554273,0.949999999999,
    -0.147932635054));
#3776 = CARTESIAN_POINT('',(0.821549280101,0.951,-0.153521857785));
#3777 = CARTESIAN_POINT('',(0.821549280101,0.949999999999,
    -0.153521857785));
#3778 = CARTESIAN_POINT('',(0.814581971606,0.951,-0.156347495881));
#3779 = CARTESIAN_POINT('',(0.814581971606,0.949999999999,
    -0.156347495881));
#3780 = CARTESIAN_POINT('',(0.80583262879,0.951,-0.156409549343));
#3781 = CARTESIAN_POINT('',(0.80583262879,0.949999999999,-0.156409549343
    ));
#3782 = ADVANCED_FACE('',(#3783),#3799,.T.);
#3783 = FACE_BOUND('',#3784,.T.);
#3784 = EDGE_LOOP('',(#3785,#3786,#3787,#3788,#3789,#3790,#3791,#3792,
    #3793,#3794,#3795,#3796,#3797,#3798));
#3785 = ORIENTED_EDGE('',*,*,#3398,.T.);
#3786 = ORIENTED_EDGE('',*,*,#3435,.T.);
#3787 = ORIENTED_EDGE('',*,*,#3451,.T.);
#3788 = ORIENTED_EDGE('',*,*,#3480,.T.);
#3789 = ORIENTED_EDGE('',*,*,#3509,.T.);
#3790 = ORIENTED_EDGE('',*,*,#3538,.T.);
#3791 = ORIENTED_EDGE('',*,*,#3567,.T.);
#3792 = ORIENTED_EDGE('',*,*,#3596,.T.);
#3793 = ORIENTED_EDGE('',*,*,#3633,.T.);
#3794 = ORIENTED_EDGE('',*,*,#3649,.T.);
#3795 = ORIENTED_EDGE('',*,*,#3678,.T.);
#3796 = ORIENTED_EDGE('',*,*,#3707,.T.);
#3797 = ORIENTED_EDGE('',*,*,#3736,.T.);
#3798 = ORIENTED_EDGE('',*,*,#3765,.T.);
#3799 = PLANE('',#3800);
#3800 = AXIS2_PLACEMENT_3D('',#3801,#3802,#3803);
#3801 = CARTESIAN_POINT('',(0.796527222906,0.951,-0.155586531226));
#3802 = DIRECTION('',(0.,1.,0.));
#3803 = DIRECTION('',(0.,-0.,1.));
#3804 = ADVANCED_FACE('',(#3805),#3830,.F.);
#3805 = FACE_BOUND('',#3806,.T.);
#3806 = EDGE_LOOP('',(#3807,#3808,#3816,#3824));
#3807 = ORIENTED_EDGE('',*,*,#1107,.T.);
#3808 = ORIENTED_EDGE('',*,*,#3809,.F.);
#3809 = EDGE_CURVE('',#3810,#1098,#3812,.T.);
#3810 = VERTEX_POINT('',#3811);
#3811 = CARTESIAN_POINT('',(0.743859968627,0.951,-0.148863539934));
#3812 = LINE('',#3813,#3814);
#3813 = CARTESIAN_POINT('',(0.743859968627,0.951,-0.148863539934));
#3814 = VECTOR('',#3815,1.);
#3815 = DIRECTION('',(0.,-1.,0.));
#3816 = ORIENTED_EDGE('',*,*,#3817,.F.);
#3817 = EDGE_CURVE('',#3818,#3810,#3820,.T.);
#3818 = VERTEX_POINT('',#3819);
#3819 = CARTESIAN_POINT('',(0.743909301682,0.951,-0.155819345452));
#3820 = LINE('',#3821,#3822);
#3821 = CARTESIAN_POINT('',(0.743859968627,0.951,-0.148863539934));
#3822 = VECTOR('',#3823,1.);
#3823 = DIRECTION('',(-7.092178509005E-03,0.,0.999974850186));
#3824 = ORIENTED_EDGE('',*,*,#3825,.T.);
#3825 = EDGE_CURVE('',#3818,#1108,#3826,.T.);
#3826 = LINE('',#3827,#3828);
#3827 = CARTESIAN_POINT('',(0.743909301682,0.951,-0.155819345452));
#3828 = VECTOR('',#3829,1.);
#3829 = DIRECTION('',(0.,-1.,0.));
#3830 = PLANE('',#3831);
#3831 = AXIS2_PLACEMENT_3D('',#3832,#3833,#3834);
#3832 = CARTESIAN_POINT('',(0.743859968627,0.951,-0.148863539934));
#3833 = DIRECTION('',(0.999974850186,0.,7.092178509005E-03));
#3834 = DIRECTION('',(7.092178509005E-03,0.,-0.999974850186));
#3835 = ADVANCED_FACE('',(#3836),#3854,.F.);
#3836 = FACE_BOUND('',#3837,.T.);
#3837 = EDGE_LOOP('',(#3838,#3839,#3847,#3853));
#3838 = ORIENTED_EDGE('',*,*,#1097,.T.);
#3839 = ORIENTED_EDGE('',*,*,#3840,.F.);
#3840 = EDGE_CURVE('',#3841,#1100,#3843,.T.);
#3841 = VERTEX_POINT('',#3842);
#3842 = CARTESIAN_POINT('',(0.768797935049,0.951,-0.148686670976));
#3843 = LINE('',#3844,#3845);
#3844 = CARTESIAN_POINT('',(0.768797935049,0.951,-0.148686670976));
#3845 = VECTOR('',#3846,1.);
#3846 = DIRECTION('',(0.,-1.,0.));
#3847 = ORIENTED_EDGE('',*,*,#3848,.F.);
#3848 = EDGE_CURVE('',#3810,#3841,#3849,.T.);
#3849 = LINE('',#3850,#3851);
#3850 = CARTESIAN_POINT('',(0.768797935049,0.951,-0.148686670976));
#3851 = VECTOR('',#3852,1.);
#3852 = DIRECTION('',(0.999974850186,0.,7.092178509005E-03));
#3853 = ORIENTED_EDGE('',*,*,#3809,.T.);
#3854 = PLANE('',#3855);
#3855 = AXIS2_PLACEMENT_3D('',#3856,#3857,#3858);
#3856 = CARTESIAN_POINT('',(0.768797935049,0.951,-0.148686670976));
#3857 = DIRECTION('',(7.092178509005E-03,0.,-0.999974850186));
#3858 = DIRECTION('',(-0.999974850186,0.,-7.092178509005E-03));
#3859 = ADVANCED_FACE('',(#3860),#3878,.F.);
#3860 = FACE_BOUND('',#3861,.T.);
#3861 = EDGE_LOOP('',(#3862,#3863,#3871,#3877));
#3862 = ORIENTED_EDGE('',*,*,#1187,.T.);
#3863 = ORIENTED_EDGE('',*,*,#3864,.F.);
#3864 = EDGE_CURVE('',#3865,#1180,#3867,.T.);
#3865 = VERTEX_POINT('',#3866);
#3866 = CARTESIAN_POINT('',(0.768652369352,0.951,-0.128162365903));
#3867 = LINE('',#3868,#3869);
#3868 = CARTESIAN_POINT('',(0.768652369352,0.951,-0.128162365903));
#3869 = VECTOR('',#3870,1.);
#3870 = DIRECTION('',(0.,-1.,0.));
#3871 = ORIENTED_EDGE('',*,*,#3872,.F.);
#3872 = EDGE_CURVE('',#3841,#3865,#3873,.T.);
#3873 = LINE('',#3874,#3875);
#3874 = CARTESIAN_POINT('',(0.768652369352,0.951,-0.128162365903));
#3875 = VECTOR('',#3876,1.);
#3876 = DIRECTION('',(-7.092178509005E-03,0.,0.999974850186));
#3877 = ORIENTED_EDGE('',*,*,#3840,.T.);
#3878 = PLANE('',#3879);
#3879 = AXIS2_PLACEMENT_3D('',#3880,#3881,#3882);
#3880 = CARTESIAN_POINT('',(0.768652369352,0.951,-0.128162365903));
#3881 = DIRECTION('',(0.999974850186,0.,7.092178509005E-03));
#3882 = DIRECTION('',(7.092178509005E-03,0.,-0.999974850186));
#3883 = ADVANCED_FACE('',(#3884),#3902,.F.);
#3884 = FACE_BOUND('',#3885,.T.);
#3885 = EDGE_LOOP('',(#3886,#3887,#3895,#3901));
#3886 = ORIENTED_EDGE('',*,*,#1179,.T.);
#3887 = ORIENTED_EDGE('',*,*,#3888,.F.);
#3888 = EDGE_CURVE('',#3889,#1172,#3891,.T.);
#3889 = VERTEX_POINT('',#3890);
#3890 = CARTESIAN_POINT('',(0.74683359823,0.951,-0.128317112415));
#3891 = LINE('',#3892,#3893);
#3892 = CARTESIAN_POINT('',(0.74683359823,0.951,-0.128317112415));
#3893 = VECTOR('',#3894,1.);
#3894 = DIRECTION('',(0.,-1.,0.));
#3895 = ORIENTED_EDGE('',*,*,#3896,.F.);
#3896 = EDGE_CURVE('',#3865,#3889,#3897,.T.);
#3897 = LINE('',#3898,#3899);
#3898 = CARTESIAN_POINT('',(0.74683359823,0.951,-0.128317112415));
#3899 = VECTOR('',#3900,1.);
#3900 = DIRECTION('',(-0.999974850186,0.,-7.092178509005E-03));
#3901 = ORIENTED_EDGE('',*,*,#3864,.T.);
#3902 = PLANE('',#3903);
#3903 = AXIS2_PLACEMENT_3D('',#3904,#3905,#3906);
#3904 = CARTESIAN_POINT('',(0.74683359823,0.951,-0.128317112415));
#3905 = DIRECTION('',(-7.092178509005E-03,0.,0.999974850186));
#3906 = DIRECTION('',(0.999974850186,0.,7.092178509005E-03));
#3907 = ADVANCED_FACE('',(#3908),#3926,.F.);
#3908 = FACE_BOUND('',#3909,.T.);
#3909 = EDGE_LOOP('',(#3910,#3911,#3919,#3925));
#3910 = ORIENTED_EDGE('',*,*,#1171,.T.);
#3911 = ORIENTED_EDGE('',*,*,#3912,.F.);
#3912 = EDGE_CURVE('',#3913,#1164,#3915,.T.);
#3913 = VERTEX_POINT('',#3914);
#3914 = CARTESIAN_POINT('',(0.746784043951,0.951,-0.121330114943));
#3915 = LINE('',#3916,#3917);
#3916 = CARTESIAN_POINT('',(0.746784043951,0.951,-0.121330114943));
#3917 = VECTOR('',#3918,1.);
#3918 = DIRECTION('',(0.,-1.,0.));
#3919 = ORIENTED_EDGE('',*,*,#3920,.F.);
#3920 = EDGE_CURVE('',#3889,#3913,#3921,.T.);
#3921 = LINE('',#3922,#3923);
#3922 = CARTESIAN_POINT('',(0.746784043951,0.951,-0.121330114943));
#3923 = VECTOR('',#3924,1.);
#3924 = DIRECTION('',(-7.092178509005E-03,0.,0.999974850186));
#3925 = ORIENTED_EDGE('',*,*,#3888,.T.);
#3926 = PLANE('',#3927);
#3927 = AXIS2_PLACEMENT_3D('',#3928,#3929,#3930);
#3928 = CARTESIAN_POINT('',(0.746784043951,0.951,-0.121330114943));
#3929 = DIRECTION('',(0.999974850186,0.,7.092178509005E-03));
#3930 = DIRECTION('',(7.092178509005E-03,0.,-0.999974850186));
#3931 = ADVANCED_FACE('',(#3932),#3950,.F.);
#3932 = FACE_BOUND('',#3933,.T.);
#3933 = EDGE_LOOP('',(#3934,#3935,#3943,#3949));
#3934 = ORIENTED_EDGE('',*,*,#1163,.T.);
#3935 = ORIENTED_EDGE('',*,*,#3936,.F.);
#3936 = EDGE_CURVE('',#3937,#1156,#3939,.T.);
#3937 = VERTEX_POINT('',#3938);
#3938 = CARTESIAN_POINT('',(0.768602815073,0.951,-0.121175368432));
#3939 = LINE('',#3940,#3941);
#3940 = CARTESIAN_POINT('',(0.768602815073,0.951,-0.121175368432));
#3941 = VECTOR('',#3942,1.);
#3942 = DIRECTION('',(0.,-1.,0.));
#3943 = ORIENTED_EDGE('',*,*,#3944,.F.);
#3944 = EDGE_CURVE('',#3913,#3937,#3945,.T.);
#3945 = LINE('',#3946,#3947);
#3946 = CARTESIAN_POINT('',(0.768602815073,0.951,-0.121175368432));
#3947 = VECTOR('',#3948,1.);
#3948 = DIRECTION('',(0.999974850186,0.,7.092178509005E-03));
#3949 = ORIENTED_EDGE('',*,*,#3912,.T.);
#3950 = PLANE('',#3951);
#3951 = AXIS2_PLACEMENT_3D('',#3952,#3953,#3954);
#3952 = CARTESIAN_POINT('',(0.768602815073,0.951,-0.121175368432));
#3953 = DIRECTION('',(7.092178509005E-03,0.,-0.999974850186));
#3954 = DIRECTION('',(-0.999974850186,0.,-7.092178509005E-03));
#3955 = ADVANCED_FACE('',(#3956),#3974,.F.);
#3956 = FACE_BOUND('',#3957,.T.);
#3957 = EDGE_LOOP('',(#3958,#3959,#3967,#3973));
#3958 = ORIENTED_EDGE('',*,*,#1155,.T.);
#3959 = ORIENTED_EDGE('',*,*,#3960,.F.);
#3960 = EDGE_CURVE('',#3961,#1148,#3963,.T.);
#3961 = VERTEX_POINT('',#3962);
#3962 = CARTESIAN_POINT('',(0.768464328559,0.951,-0.101649205855));
#3963 = LINE('',#3964,#3965);
#3964 = CARTESIAN_POINT('',(0.768464328559,0.951,-0.101649205855));
#3965 = VECTOR('',#3966,1.);
#3966 = DIRECTION('',(0.,-1.,0.));
#3967 = ORIENTED_EDGE('',*,*,#3968,.F.);
#3968 = EDGE_CURVE('',#3937,#3961,#3969,.T.);
#3969 = LINE('',#3970,#3971);
#3970 = CARTESIAN_POINT('',(0.768464328559,0.951,-0.101649205855));
#3971 = VECTOR('',#3972,1.);
#3972 = DIRECTION('',(-7.092178509005E-03,0.,0.999974850186));
#3973 = ORIENTED_EDGE('',*,*,#3936,.T.);
#3974 = PLANE('',#3975);
#3975 = AXIS2_PLACEMENT_3D('',#3976,#3977,#3978);
#3976 = CARTESIAN_POINT('',(0.768464328559,0.951,-0.101649205855));
#3977 = DIRECTION('',(0.999974850186,0.,7.092178509005E-03));
#3978 = DIRECTION('',(7.092178509005E-03,0.,-0.999974850186));
#3979 = ADVANCED_FACE('',(#3980),#3998,.F.);
#3980 = FACE_BOUND('',#3981,.T.);
#3981 = EDGE_LOOP('',(#3982,#3983,#3991,#3997));
#3982 = ORIENTED_EDGE('',*,*,#1147,.T.);
#3983 = ORIENTED_EDGE('',*,*,#3984,.F.);
#3984 = EDGE_CURVE('',#3985,#1140,#3987,.T.);
#3985 = VERTEX_POINT('',#3986);
#3986 = CARTESIAN_POINT('',(0.744914404046,0.951,-0.101816230324));
#3987 = LINE('',#3988,#3989);
#3988 = CARTESIAN_POINT('',(0.744914404046,0.951,-0.101816230324));
#3989 = VECTOR('',#3990,1.);
#3990 = DIRECTION('',(0.,-1.,0.));
#3991 = ORIENTED_EDGE('',*,*,#3992,.F.);
#3992 = EDGE_CURVE('',#3961,#3985,#3993,.T.);
#3993 = LINE('',#3994,#3995);
#3994 = CARTESIAN_POINT('',(0.744914404046,0.951,-0.101816230324));
#3995 = VECTOR('',#3996,1.);
#3996 = DIRECTION('',(-0.999974850186,0.,-7.092178509005E-03));
#3997 = ORIENTED_EDGE('',*,*,#3960,.T.);
#3998 = PLANE('',#3999);
#3999 = AXIS2_PLACEMENT_3D('',#4000,#4001,#4002);
#4000 = CARTESIAN_POINT('',(0.744914404046,0.951,-0.101816230324));
#4001 = DIRECTION('',(-7.092178509005E-03,0.,0.999974850186));
#4002 = DIRECTION('',(0.999974850186,0.,7.092178509005E-03));
#4003 = ADVANCED_FACE('',(#4004),#4022,.F.);
#4004 = FACE_BOUND('',#4005,.T.);
#4005 = EDGE_LOOP('',(#4006,#4007,#4015,#4021));
#4006 = ORIENTED_EDGE('',*,*,#1139,.T.);
#4007 = ORIENTED_EDGE('',*,*,#4008,.F.);
#4008 = EDGE_CURVE('',#4009,#1132,#4011,.T.);
#4009 = VERTEX_POINT('',#4010);
#4010 = CARTESIAN_POINT('',(0.744864628542,0.951,-9.47980409E-02));
#4011 = LINE('',#4012,#4013);
#4012 = CARTESIAN_POINT('',(0.744864628542,0.951,-9.47980409E-02));
#4013 = VECTOR('',#4014,1.);
#4014 = DIRECTION('',(0.,-1.,0.));
#4015 = ORIENTED_EDGE('',*,*,#4016,.F.);
#4016 = EDGE_CURVE('',#3985,#4009,#4017,.T.);
#4017 = LINE('',#4018,#4019);
#4018 = CARTESIAN_POINT('',(0.744864628542,0.951,-9.47980409E-02));
#4019 = VECTOR('',#4020,1.);
#4020 = DIRECTION('',(-7.092178509005E-03,0.,0.999974850186));
#4021 = ORIENTED_EDGE('',*,*,#3984,.T.);
#4022 = PLANE('',#4023);
#4023 = AXIS2_PLACEMENT_3D('',#4024,#4025,#4026);
#4024 = CARTESIAN_POINT('',(0.744864628542,0.951,-9.47980409E-02));
#4025 = DIRECTION('',(0.999974850186,0.,7.092178509005E-03));
#4026 = DIRECTION('',(7.092178509005E-03,0.,-0.999974850186));
#4027 = ADVANCED_FACE('',(#4028),#4046,.F.);
#4028 = FACE_BOUND('',#4029,.T.);
#4029 = EDGE_LOOP('',(#4030,#4031,#4039,#4045));
#4030 = ORIENTED_EDGE('',*,*,#1131,.T.);
#4031 = ORIENTED_EDGE('',*,*,#4032,.F.);
#4032 = EDGE_CURVE('',#4033,#1124,#4035,.T.);
#4033 = VERTEX_POINT('',#4034);
#4034 = CARTESIAN_POINT('',(0.776290521187,0.951,-9.4575157254E-02));
#4035 = LINE('',#4036,#4037);
#4036 = CARTESIAN_POINT('',(0.776290521187,0.951,-9.4575157254E-02));
#4037 = VECTOR('',#4038,1.);
#4038 = DIRECTION('',(0.,-1.,0.));
#4039 = ORIENTED_EDGE('',*,*,#4040,.F.);
#4040 = EDGE_CURVE('',#4009,#4033,#4041,.T.);
#4041 = LINE('',#4042,#4043);
#4042 = CARTESIAN_POINT('',(0.776290521187,0.951,-9.4575157254E-02));
#4043 = VECTOR('',#4044,1.);
#4044 = DIRECTION('',(0.999974850186,0.,7.092178509005E-03));
#4045 = ORIENTED_EDGE('',*,*,#4008,.T.);
#4046 = PLANE('',#4047);
#4047 = AXIS2_PLACEMENT_3D('',#4048,#4049,#4050);
#4048 = CARTESIAN_POINT('',(0.776290521187,0.951,-9.4575157254E-02));
#4049 = DIRECTION('',(7.092178509005E-03,0.,-0.999974850186));
#4050 = DIRECTION('',(-0.999974850186,0.,-7.092178509005E-03));
#4051 = ADVANCED_FACE('',(#4052),#4070,.F.);
#4052 = FACE_BOUND('',#4053,.T.);
#4053 = EDGE_LOOP('',(#4054,#4055,#4063,#4069));
#4054 = ORIENTED_EDGE('',*,*,#1123,.T.);
#4055 = ORIENTED_EDGE('',*,*,#4056,.F.);
#4056 = EDGE_CURVE('',#4057,#1116,#4059,.T.);
#4057 = VERTEX_POINT('',#4058);
#4058 = CARTESIAN_POINT('',(0.776723236236,0.951,-0.155586617318));
#4059 = LINE('',#4060,#4061);
#4060 = CARTESIAN_POINT('',(0.776723236236,0.951,-0.155586617318));
#4061 = VECTOR('',#4062,1.);
#4062 = DIRECTION('',(0.,-1.,0.));
#4063 = ORIENTED_EDGE('',*,*,#4064,.F.);
#4064 = EDGE_CURVE('',#4033,#4057,#4065,.T.);
#4065 = LINE('',#4066,#4067);
#4066 = CARTESIAN_POINT('',(0.776723236236,0.951,-0.155586617318));
#4067 = VECTOR('',#4068,1.);
#4068 = DIRECTION('',(7.092178509005E-03,0.,-0.999974850186));
#4069 = ORIENTED_EDGE('',*,*,#4032,.T.);
#4070 = PLANE('',#4071);
#4071 = AXIS2_PLACEMENT_3D('',#4072,#4073,#4074);
#4072 = CARTESIAN_POINT('',(0.776723236236,0.951,-0.155586617318));
#4073 = DIRECTION('',(-0.999974850186,0.,-7.092178509005E-03));
#4074 = DIRECTION('',(-7.092178509005E-03,0.,0.999974850186));
#4075 = ADVANCED_FACE('',(#4076),#4087,.F.);
#4076 = FACE_BOUND('',#4077,.T.);
#4077 = EDGE_LOOP('',(#4078,#4079,#4080,#4086));
#4078 = ORIENTED_EDGE('',*,*,#1115,.T.);
#4079 = ORIENTED_EDGE('',*,*,#3825,.F.);
#4080 = ORIENTED_EDGE('',*,*,#4081,.F.);
#4081 = EDGE_CURVE('',#4057,#3818,#4082,.T.);
#4082 = LINE('',#4083,#4084);
#4083 = CARTESIAN_POINT('',(0.743909301682,0.951,-0.155819345452));
#4084 = VECTOR('',#4085,1.);
#4085 = DIRECTION('',(-0.999974850186,0.,-7.092178509005E-03));
#4086 = ORIENTED_EDGE('',*,*,#4056,.T.);
#4087 = PLANE('',#4088);
#4088 = AXIS2_PLACEMENT_3D('',#4089,#4090,#4091);
#4089 = CARTESIAN_POINT('',(0.743909301682,0.951,-0.155819345452));
#4090 = DIRECTION('',(-7.092178509005E-03,0.,0.999974850186));
#4091 = DIRECTION('',(0.999974850186,0.,7.092178509005E-03));
#4092 = ADVANCED_FACE('',(#4093),#4107,.F.);
#4093 = FACE_BOUND('',#4094,.T.);
#4094 = EDGE_LOOP('',(#4095,#4096,#4097,#4098,#4099,#4100,#4101,#4102,
    #4103,#4104,#4105,#4106));
#4095 = ORIENTED_EDGE('',*,*,#3817,.T.);
#4096 = ORIENTED_EDGE('',*,*,#3848,.T.);
#4097 = ORIENTED_EDGE('',*,*,#3872,.T.);
#4098 = ORIENTED_EDGE('',*,*,#3896,.T.);
#4099 = ORIENTED_EDGE('',*,*,#3920,.T.);
#4100 = ORIENTED_EDGE('',*,*,#3944,.T.);
#4101 = ORIENTED_EDGE('',*,*,#3968,.T.);
#4102 = ORIENTED_EDGE('',*,*,#3992,.T.);
#4103 = ORIENTED_EDGE('',*,*,#4016,.T.);
#4104 = ORIENTED_EDGE('',*,*,#4040,.T.);
#4105 = ORIENTED_EDGE('',*,*,#4064,.T.);
#4106 = ORIENTED_EDGE('',*,*,#4081,.T.);
#4107 = PLANE('',#4108);
#4108 = AXIS2_PLACEMENT_3D('',#4109,#4110,#4111);
#4109 = CARTESIAN_POINT('',(0.,0.951,0.));
#4110 = DIRECTION('',(0.,-1.,0.));
#4111 = DIRECTION('',(0.,0.,-1.));
#4112 = ADVANCED_FACE('',(#4113,#4175),#4237,.T.);
#4113 = FACE_BOUND('',#4114,.T.);
#4114 = EDGE_LOOP('',(#4115,#4125,#4134,#4143,#4152,#4161,#4169));
#4115 = ORIENTED_EDGE('',*,*,#4116,.T.);
#4116 = EDGE_CURVE('',#4117,#4119,#4121,.T.);
#4117 = VERTEX_POINT('',#4118);
#4118 = CARTESIAN_POINT('',(0.732383875049,0.951,-0.155901087891));
#4119 = VERTEX_POINT('',#4120);
#4120 = CARTESIAN_POINT('',(0.715602604336,0.951,-0.156020106652));
#4121 = LINE('',#4122,#4123);
#4122 = CARTESIAN_POINT('',(0.715602604336,0.951,-0.156020106652));
#4123 = VECTOR('',#4124,1.);
#4124 = DIRECTION('',(-0.999974850186,0.,-7.092178509005E-03));
#4125 = ORIENTED_EDGE('',*,*,#4126,.T.);
#4126 = EDGE_CURVE('',#4119,#4127,#4129,.T.);
#4127 = VERTEX_POINT('',#4128);
#4128 = CARTESIAN_POINT('',(0.691851700532,0.951,-0.14764153151));
#4129 = B_SPLINE_CURVE_WITH_KNOTS('',3,(#4130,#4131,#4132,#4133),
  .UNSPECIFIED.,.F.,.F.,(4,4),(5.,6.),.PIECEWISE_BEZIER_KNOTS.);
#4130 = CARTESIAN_POINT('',(0.715602604336,0.951,-0.156020106652));
#4131 = CARTESIAN_POINT('',(0.705948694884,0.951,-0.156088575623));
#4132 = CARTESIAN_POINT('',(0.698021403372,0.951,-0.153306188301));
#4133 = CARTESIAN_POINT('',(0.691851700532,0.951,-0.14764153151));
#4134 = ORIENTED_EDGE('',*,*,#4135,.T.);
#4135 = EDGE_CURVE('',#4127,#4136,#4138,.T.);
#4136 = VERTEX_POINT('',#4137);
#4137 = CARTESIAN_POINT('',(0.682488801764,0.951,-0.124967858991));
#4138 = B_SPLINE_CURVE_WITH_KNOTS('',3,(#4139,#4140,#4141,#4142),
  .UNSPECIFIED.,.F.,.F.,(4,4),(4.,5.),.PIECEWISE_BEZIER_KNOTS.);
#4139 = CARTESIAN_POINT('',(0.691851700532,0.951,-0.14764153151));
#4140 = CARTESIAN_POINT('',(0.685681997691,0.951,-0.141976874718));
#4141 = CARTESIAN_POINT('',(0.682555832776,0.951,-0.134419020749));
#4142 = CARTESIAN_POINT('',(0.682488801764,0.951,-0.124967858991));
#4143 = ORIENTED_EDGE('',*,*,#4144,.T.);
#4144 = EDGE_CURVE('',#4136,#4145,#4147,.T.);
#4145 = VERTEX_POINT('',#4146);
#4146 = CARTESIAN_POINT('',(0.691536898122,0.951,-0.103255382394));
#4147 = B_SPLINE_CURVE_WITH_KNOTS('',3,(#4148,#4149,#4150,#4151),
  .UNSPECIFIED.,.F.,.F.,(4,4),(3.,4.),.PIECEWISE_BEZIER_KNOTS.);
#4148 = CARTESIAN_POINT('',(0.682488801764,0.951,-0.124967858991));
#4149 = CARTESIAN_POINT('',(0.68242464667,0.951,-0.115922192621));
#4150 = CARTESIAN_POINT('',(0.685445951189,0.951,-0.108695060869));
#4151 = CARTESIAN_POINT('',(0.691536898122,0.951,-0.103255382394));
#4152 = ORIENTED_EDGE('',*,*,#4153,.T.);
#4153 = EDGE_CURVE('',#4145,#4154,#4156,.T.);
#4154 = VERTEX_POINT('',#4155);
#4155 = CARTESIAN_POINT('',(0.714546050228,0.951,-9.5013071077E-02));
#4156 = B_SPLINE_CURVE_WITH_KNOTS('',3,(#4157,#4158,#4159,#4160),
  .UNSPECIFIED.,.F.,.F.,(4,4),(2.,3.),.PIECEWISE_BEZIER_KNOTS.);
#4157 = CARTESIAN_POINT('',(0.691536898122,0.951,-0.103255382394));
#4158 = CARTESIAN_POINT('',(0.697627845054,0.951,-9.7815703918E-02));
#4159 = CARTESIAN_POINT('',(0.705297636164,0.951,-9.507866413E-02));
#4160 = CARTESIAN_POINT('',(0.714546050228,0.951,-9.5013071077E-02));
#4161 = ORIENTED_EDGE('',*,*,#4162,.T.);
#4162 = EDGE_CURVE('',#4154,#4163,#4165,.T.);
#4163 = VERTEX_POINT('',#4164);
#4164 = CARTESIAN_POINT('',(0.731951160001,0.951,-9.4889627827E-02));
#4165 = LINE('',#4166,#4167);
#4166 = CARTESIAN_POINT('',(0.731951160001,0.951,-9.4889627827E-02));
#4167 = VECTOR('',#4168,1.);
#4168 = DIRECTION('',(0.999974850186,0.,7.092178509005E-03));
#4169 = ORIENTED_EDGE('',*,*,#4170,.T.);
#4170 = EDGE_CURVE('',#4163,#4117,#4171,.T.);
#4171 = LINE('',#4172,#4173);
#4172 = CARTESIAN_POINT('',(0.732383875049,0.951,-0.155901087891));
#4173 = VECTOR('',#4174,1.);
#4174 = DIRECTION('',(7.092178509005E-03,0.,-0.999974850186));
#4175 = FACE_BOUND('',#4176,.T.);
#4176 = EDGE_LOOP('',(#4177,#4187,#4195,#4204,#4213,#4222,#4231));
#4177 = ORIENTED_EDGE('',*,*,#4178,.F.);
#4178 = EDGE_CURVE('',#4179,#4181,#4183,.T.);
#4179 = VERTEX_POINT('',#4180);
#4180 = CARTESIAN_POINT('',(0.724124967373,0.951,-0.101963676428));
#4181 = VERTEX_POINT('',#4182);
#4182 = CARTESIAN_POINT('',(0.724458573862,0.951,-0.149001141549));
#4183 = LINE('',#4184,#4185);
#4184 = CARTESIAN_POINT('',(0.724124967373,0.951,-0.101963676428));
#4185 = VECTOR('',#4186,1.);
#4186 = DIRECTION('',(7.092178509005E-03,0.,-0.999974850186));
#4187 = ORIENTED_EDGE('',*,*,#4188,.F.);
#4188 = EDGE_CURVE('',#4189,#4179,#4191,.T.);
#4189 = VERTEX_POINT('',#4190);
#4190 = CARTESIAN_POINT('',(0.714907745262,0.951,-0.102029048257));
#4191 = LINE('',#4192,#4193);
#4192 = CARTESIAN_POINT('',(0.714907745262,0.951,-0.102029048257));
#4193 = VECTOR('',#4194,1.);
#4194 = DIRECTION('',(0.999974850186,0.,7.092178509005E-03));
#4195 = ORIENTED_EDGE('',*,*,#4196,.F.);
#4196 = EDGE_CURVE('',#4197,#4189,#4199,.T.);
#4197 = VERTEX_POINT('',#4198);
#4198 = CARTESIAN_POINT('',(0.697340593096,0.951,-0.107893248818));
#4199 = B_SPLINE_CURVE_WITH_KNOTS('',3,(#4200,#4201,#4202,#4203),
  .UNSPECIFIED.,.F.,.F.,(4,4),(5.,6.),.PIECEWISE_BEZIER_KNOTS.);
#4200 = CARTESIAN_POINT('',(0.697340593096,0.951,-0.107893248818));
#4201 = CARTESIAN_POINT('',(0.701773831766,0.951,-0.104025003501));
#4202 = CARTESIAN_POINT('',(0.707640020214,0.951,-0.102080593557));
#4203 = CARTESIAN_POINT('',(0.714907745262,0.951,-0.102029048257));
#4204 = ORIENTED_EDGE('',*,*,#4205,.F.);
#4205 = EDGE_CURVE('',#4206,#4197,#4208,.T.);
#4206 = VERTEX_POINT('',#4207);
#4207 = CARTESIAN_POINT('',(0.690771813856,0.951,-0.125127467567));
#4208 = B_SPLINE_CURVE_WITH_KNOTS('',3,(#4209,#4210,#4211,#4212),
  .UNSPECIFIED.,.F.,.F.,(4,4),(4.,5.),.PIECEWISE_BEZIER_KNOTS.);
#4209 = CARTESIAN_POINT('',(0.690771813856,0.951,-0.125127467567));
#4210 = CARTESIAN_POINT('',(0.690717835087,0.951,-0.117516631035));
#4211 = CARTESIAN_POINT('',(0.692907354426,0.951,-0.111761494135));
#4212 = CARTESIAN_POINT('',(0.697340593096,0.951,-0.107893248818));
#4213 = ORIENTED_EDGE('',*,*,#4214,.F.);
#4214 = EDGE_CURVE('',#4215,#4206,#4217,.T.);
#4215 = VERTEX_POINT('',#4216);
#4216 = CARTESIAN_POINT('',(0.697416808752,0.951,-0.14282945291));
#4217 = B_SPLINE_CURVE_WITH_KNOTS('',3,(#4218,#4219,#4220,#4221),
  .UNSPECIFIED.,.F.,.F.,(4,4),(3.,4.),.PIECEWISE_BEZIER_KNOTS.);
#4218 = CARTESIAN_POINT('',(0.697416808752,0.951,-0.14282945291));
#4219 = CARTESIAN_POINT('',(0.693035666006,0.951,-0.138649400068));
#4220 = CARTESIAN_POINT('',(0.690825792625,0.951,-0.132738304098));
#4221 = CARTESIAN_POINT('',(0.690771813856,0.951,-0.125127467567));
#4222 = ORIENTED_EDGE('',*,*,#4223,.F.);
#4223 = EDGE_CURVE('',#4224,#4215,#4226,.T.);
#4224 = VERTEX_POINT('',#4225);
#4225 = CARTESIAN_POINT('',(0.715600059211,0.951,-0.149063969297));
#4226 = B_SPLINE_CURVE_WITH_KNOTS('',3,(#4227,#4228,#4229,#4230),
  .UNSPECIFIED.,.F.,.F.,(4,4),(2.,3.),.PIECEWISE_BEZIER_KNOTS.);
#4227 = CARTESIAN_POINT('',(0.715600059211,0.951,-0.149063969297));
#4228 = CARTESIAN_POINT('',(0.707848858891,0.951,-0.149118943576));
#4229 = CARTESIAN_POINT('',(0.701782576746,0.951,-0.147040808317));
#4230 = CARTESIAN_POINT('',(0.697416808752,0.951,-0.14282945291));
#4231 = ORIENTED_EDGE('',*,*,#4232,.F.);
#4232 = EDGE_CURVE('',#4181,#4224,#4233,.T.);
#4233 = LINE('',#4234,#4235);
#4234 = CARTESIAN_POINT('',(0.724458573862,0.951,-0.149001141549));
#4235 = VECTOR('',#4236,1.);
#4236 = DIRECTION('',(-0.999974850186,0.,-7.092178509005E-03));
#4237 = PLANE('',#4238);
#4238 = AXIS2_PLACEMENT_3D('',#4239,#4240,#4241);
#4239 = CARTESIAN_POINT('',(0.701857424,0.951,-9.7118944702E-02));
#4240 = DIRECTION('',(0.,1.,0.));
#4241 = DIRECTION('',(0.,-0.,1.));
#4242 = ADVANCED_FACE('',(#4243),#4259,.F.);
#4243 = FACE_BOUND('',#4244,.T.);
#4244 = EDGE_LOOP('',(#4245,#4246,#4252,#4253));
#4245 = ORIENTED_EDGE('',*,*,#820,.T.);
#4246 = ORIENTED_EDGE('',*,*,#4247,.F.);
#4247 = EDGE_CURVE('',#4119,#810,#4248,.T.);
#4248 = LINE('',#4249,#4250);
#4249 = CARTESIAN_POINT('',(0.715602604336,0.951,-0.156020106652));
#4250 = VECTOR('',#4251,1.);
#4251 = DIRECTION('',(0.,-1.,0.));
#4252 = ORIENTED_EDGE('',*,*,#4116,.F.);
#4253 = ORIENTED_EDGE('',*,*,#4254,.T.);
#4254 = EDGE_CURVE('',#4117,#821,#4255,.T.);
#4255 = LINE('',#4256,#4257);
#4256 = CARTESIAN_POINT('',(0.732383875049,0.951,-0.155901087891));
#4257 = VECTOR('',#4258,1.);
#4258 = DIRECTION('',(0.,-1.,0.));
#4259 = PLANE('',#4260);
#4260 = AXIS2_PLACEMENT_3D('',#4261,#4262,#4263);
#4261 = CARTESIAN_POINT('',(0.715602604336,0.951,-0.156020106652));
#4262 = DIRECTION('',(-7.092178509005E-03,0.,0.999974850186));
#4263 = DIRECTION('',(0.999974850186,0.,7.092178509005E-03));
#4264 = ADVANCED_FACE('',(#4265),#4276,.F.);
#4265 = FACE_BOUND('',#4266,.F.);
#4266 = EDGE_LOOP('',(#4267,#4268,#4269,#4275));
#4267 = ORIENTED_EDGE('',*,*,#4247,.F.);
#4268 = ORIENTED_EDGE('',*,*,#4126,.T.);
#4269 = ORIENTED_EDGE('',*,*,#4270,.T.);
#4270 = EDGE_CURVE('',#4127,#812,#4271,.T.);
#4271 = LINE('',#4272,#4273);
#4272 = CARTESIAN_POINT('',(0.691851700532,0.951,-0.14764153151));
#4273 = VECTOR('',#4274,1.);
#4274 = DIRECTION('',(0.,-1.,0.));
#4275 = ORIENTED_EDGE('',*,*,#809,.F.);
#4276 = B_SPLINE_SURFACE_WITH_KNOTS('',3,1,(
    (#4277,#4278)
    ,(#4279,#4280)
    ,(#4281,#4282)
    ,(#4283,#4284
    )),.UNSPECIFIED.,.F.,.F.,.F.,(4,4),(2,2),(5.,6.),(0.,1.),
  .PIECEWISE_BEZIER_KNOTS.);
#4277 = CARTESIAN_POINT('',(0.715602604336,0.951,-0.156020106652));
#4278 = CARTESIAN_POINT('',(0.715602604336,0.949999999999,
    -0.156020106652));
#4279 = CARTESIAN_POINT('',(0.705948694884,0.951,-0.156088575623));
#4280 = CARTESIAN_POINT('',(0.705948694884,0.949999999999,
    -0.156088575623));
#4281 = CARTESIAN_POINT('',(0.698021403372,0.951,-0.153306188301));
#4282 = CARTESIAN_POINT('',(0.698021403372,0.949999999999,
    -0.153306188301));
#4283 = CARTESIAN_POINT('',(0.691851700532,0.951,-0.14764153151));
#4284 = CARTESIAN_POINT('',(0.691851700532,0.949999999999,-0.14764153151
    ));
#4285 = ADVANCED_FACE('',(#4286),#4297,.F.);
#4286 = FACE_BOUND('',#4287,.F.);
#4287 = EDGE_LOOP('',(#4288,#4289,#4290,#4296));
#4288 = ORIENTED_EDGE('',*,*,#4270,.F.);
#4289 = ORIENTED_EDGE('',*,*,#4135,.T.);
#4290 = ORIENTED_EDGE('',*,*,#4291,.T.);
#4291 = EDGE_CURVE('',#4136,#854,#4292,.T.);
#4292 = LINE('',#4293,#4294);
#4293 = CARTESIAN_POINT('',(0.682488801764,0.951,-0.124967858991));
#4294 = VECTOR('',#4295,1.);
#4295 = DIRECTION('',(0.,-1.,0.));
#4296 = ORIENTED_EDGE('',*,*,#862,.F.);
#4297 = B_SPLINE_SURFACE_WITH_KNOTS('',3,1,(
    (#4298,#4299)
    ,(#4300,#4301)
    ,(#4302,#4303)
    ,(#4304,#4305
    )),.UNSPECIFIED.,.F.,.F.,.F.,(4,4),(2,2),(4.,5.),(0.,1.),
  .PIECEWISE_BEZIER_KNOTS.);
#4298 = CARTESIAN_POINT('',(0.691851700532,0.951,-0.14764153151));
#4299 = CARTESIAN_POINT('',(0.691851700532,0.949999999999,-0.14764153151
    ));
#4300 = CARTESIAN_POINT('',(0.685681997691,0.951,-0.141976874718));
#4301 = CARTESIAN_POINT('',(0.685681997691,0.949999999999,
    -0.141976874718));
#4302 = CARTESIAN_POINT('',(0.682555832776,0.951,-0.134419020749));
#4303 = CARTESIAN_POINT('',(0.682555832776,0.949999999999,
    -0.134419020749));
#4304 = CARTESIAN_POINT('',(0.682488801764,0.951,-0.124967858991));
#4305 = CARTESIAN_POINT('',(0.682488801764,0.949999999999,
    -0.124967858991));
#4306 = ADVANCED_FACE('',(#4307),#4318,.F.);
#4307 = FACE_BOUND('',#4308,.F.);
#4308 = EDGE_LOOP('',(#4309,#4310,#4311,#4317));
#4309 = ORIENTED_EDGE('',*,*,#4291,.F.);
#4310 = ORIENTED_EDGE('',*,*,#4144,.T.);
#4311 = ORIENTED_EDGE('',*,*,#4312,.T.);
#4312 = EDGE_CURVE('',#4145,#845,#4313,.T.);
#4313 = LINE('',#4314,#4315);
#4314 = CARTESIAN_POINT('',(0.691536898122,0.951,-0.103255382394));
#4315 = VECTOR('',#4316,1.);
#4316 = DIRECTION('',(0.,-1.,0.));
#4317 = ORIENTED_EDGE('',*,*,#853,.F.);
#4318 = B_SPLINE_SURFACE_WITH_KNOTS('',3,1,(
    (#4319,#4320)
    ,(#4321,#4322)
    ,(#4323,#4324)
    ,(#4325,#4326
    )),.UNSPECIFIED.,.F.,.F.,.F.,(4,4),(2,2),(3.,4.),(0.,1.),
  .PIECEWISE_BEZIER_KNOTS.);
#4319 = CARTESIAN_POINT('',(0.682488801764,0.951,-0.124967858991));
#4320 = CARTESIAN_POINT('',(0.682488801764,0.949999999999,
    -0.124967858991));
#4321 = CARTESIAN_POINT('',(0.68242464667,0.951,-0.115922192621));
#4322 = CARTESIAN_POINT('',(0.68242464667,0.949999999999,-0.115922192621
    ));
#4323 = CARTESIAN_POINT('',(0.685445951189,0.951,-0.108695060869));
#4324 = CARTESIAN_POINT('',(0.685445951189,0.949999999999,
    -0.108695060869));
#4325 = CARTESIAN_POINT('',(0.691536898122,0.951,-0.103255382394));
#4326 = CARTESIAN_POINT('',(0.691536898122,0.949999999999,
    -0.103255382394));
#4327 = ADVANCED_FACE('',(#4328),#4339,.F.);
#4328 = FACE_BOUND('',#4329,.F.);
#4329 = EDGE_LOOP('',(#4330,#4331,#4332,#4338));
#4330 = ORIENTED_EDGE('',*,*,#4312,.F.);
#4331 = ORIENTED_EDGE('',*,*,#4153,.T.);
#4332 = ORIENTED_EDGE('',*,*,#4333,.T.);
#4333 = EDGE_CURVE('',#4154,#837,#4334,.T.);
#4334 = LINE('',#4335,#4336);
#4335 = CARTESIAN_POINT('',(0.714546050228,0.951,-9.5013071077E-02));
#4336 = VECTOR('',#4337,1.);
#4337 = DIRECTION('',(0.,-1.,0.));
#4338 = ORIENTED_EDGE('',*,*,#844,.F.);
#4339 = B_SPLINE_SURFACE_WITH_KNOTS('',3,1,(
    (#4340,#4341)
    ,(#4342,#4343)
    ,(#4344,#4345)
    ,(#4346,#4347
    )),.UNSPECIFIED.,.F.,.F.,.F.,(4,4),(2,2),(2.,3.),(0.,1.),
  .PIECEWISE_BEZIER_KNOTS.);
#4340 = CARTESIAN_POINT('',(0.691536898122,0.951,-0.103255382394));
#4341 = CARTESIAN_POINT('',(0.691536898122,0.949999999999,
    -0.103255382394));
#4342 = CARTESIAN_POINT('',(0.697627845054,0.951,-9.7815703918E-02));
#4343 = CARTESIAN_POINT('',(0.697627845054,0.949999999999,
    -9.7815703918E-02));
#4344 = CARTESIAN_POINT('',(0.705297636164,0.951,-9.507866413E-02));
#4345 = CARTESIAN_POINT('',(0.705297636164,0.949999999999,
    -9.507866413E-02));
#4346 = CARTESIAN_POINT('',(0.714546050228,0.951,-9.5013071077E-02));
#4347 = CARTESIAN_POINT('',(0.714546050228,0.949999999999,
    -9.5013071077E-02));
#4348 = ADVANCED_FACE('',(#4349),#4360,.F.);
#4349 = FACE_BOUND('',#4350,.T.);
#4350 = EDGE_LOOP('',(#4351,#4352,#4358,#4359));
#4351 = ORIENTED_EDGE('',*,*,#836,.T.);
#4352 = ORIENTED_EDGE('',*,*,#4353,.F.);
#4353 = EDGE_CURVE('',#4163,#829,#4354,.T.);
#4354 = LINE('',#4355,#4356);
#4355 = CARTESIAN_POINT('',(0.731951160001,0.951,-9.4889627827E-02));
#4356 = VECTOR('',#4357,1.);
#4357 = DIRECTION('',(0.,-1.,0.));
#4358 = ORIENTED_EDGE('',*,*,#4162,.F.);
#4359 = ORIENTED_EDGE('',*,*,#4333,.T.);
#4360 = PLANE('',#4361);
#4361 = AXIS2_PLACEMENT_3D('',#4362,#4363,#4364);
#4362 = CARTESIAN_POINT('',(0.731951160001,0.951,-9.4889627827E-02));
#4363 = DIRECTION('',(7.092178509005E-03,0.,-0.999974850186));
#4364 = DIRECTION('',(-0.999974850186,0.,-7.092178509005E-03));
#4365 = ADVANCED_FACE('',(#4366),#4372,.F.);
#4366 = FACE_BOUND('',#4367,.T.);
#4367 = EDGE_LOOP('',(#4368,#4369,#4370,#4371));
#4368 = ORIENTED_EDGE('',*,*,#828,.T.);
#4369 = ORIENTED_EDGE('',*,*,#4254,.F.);
#4370 = ORIENTED_EDGE('',*,*,#4170,.F.);
#4371 = ORIENTED_EDGE('',*,*,#4353,.T.);
#4372 = PLANE('',#4373);
#4373 = AXIS2_PLACEMENT_3D('',#4374,#4375,#4376);
#4374 = CARTESIAN_POINT('',(0.732383875049,0.951,-0.155901087891));
#4375 = DIRECTION('',(-0.999974850186,0.,-7.092178509005E-03));
#4376 = DIRECTION('',(-7.092178509005E-03,0.,0.999974850186));
#4377 = ADVANCED_FACE('',(#4378),#4403,.T.);
#4378 = FACE_BOUND('',#4379,.T.);
#4379 = EDGE_LOOP('',(#4380,#4390,#4396,#4397));
#4380 = ORIENTED_EDGE('',*,*,#4381,.F.);
#4381 = EDGE_CURVE('',#4382,#4384,#4386,.T.);
#4382 = VERTEX_POINT('',#4383);
#4383 = CARTESIAN_POINT('',(0.714907745262,0.95,-0.102029048257));
#4384 = VERTEX_POINT('',#4385);
#4385 = CARTESIAN_POINT('',(0.724124967373,0.95,-0.101963676428));
#4386 = LINE('',#4387,#4388);
#4387 = CARTESIAN_POINT('',(0.714907745262,0.95,-0.102029048257));
#4388 = VECTOR('',#4389,1.);
#4389 = DIRECTION('',(0.999974850186,0.,7.092178509005E-03));
#4390 = ORIENTED_EDGE('',*,*,#4391,.F.);
#4391 = EDGE_CURVE('',#4189,#4382,#4392,.T.);
#4392 = LINE('',#4393,#4394);
#4393 = CARTESIAN_POINT('',(0.714907745262,0.951,-0.102029048257));
#4394 = VECTOR('',#4395,1.);
#4395 = DIRECTION('',(0.,-1.,0.));
#4396 = ORIENTED_EDGE('',*,*,#4188,.T.);
#4397 = ORIENTED_EDGE('',*,*,#4398,.T.);
#4398 = EDGE_CURVE('',#4179,#4384,#4399,.T.);
#4399 = LINE('',#4400,#4401);
#4400 = CARTESIAN_POINT('',(0.724124967373,0.951,-0.101963676428));
#4401 = VECTOR('',#4402,1.);
#4402 = DIRECTION('',(0.,-1.,0.));
#4403 = PLANE('',#4404);
#4404 = AXIS2_PLACEMENT_3D('',#4405,#4406,#4407);
#4405 = CARTESIAN_POINT('',(0.714907745262,0.951,-0.102029048257));
#4406 = DIRECTION('',(7.092178509005E-03,0.,-0.999974850186));
#4407 = DIRECTION('',(-0.999974850186,0.,-7.092178509005E-03));
#4408 = ADVANCED_FACE('',(#4409),#4427,.T.);
#4409 = FACE_BOUND('',#4410,.T.);
#4410 = EDGE_LOOP('',(#4411,#4419,#4420,#4421));
#4411 = ORIENTED_EDGE('',*,*,#4412,.F.);
#4412 = EDGE_CURVE('',#4384,#4413,#4415,.T.);
#4413 = VERTEX_POINT('',#4414);
#4414 = CARTESIAN_POINT('',(0.724458573862,0.95,-0.149001141549));
#4415 = LINE('',#4416,#4417);
#4416 = CARTESIAN_POINT('',(0.724124967373,0.95,-0.101963676428));
#4417 = VECTOR('',#4418,1.);
#4418 = DIRECTION('',(7.092178509005E-03,0.,-0.999974850186));
#4419 = ORIENTED_EDGE('',*,*,#4398,.F.);
#4420 = ORIENTED_EDGE('',*,*,#4178,.T.);
#4421 = ORIENTED_EDGE('',*,*,#4422,.T.);
#4422 = EDGE_CURVE('',#4181,#4413,#4423,.T.);
#4423 = LINE('',#4424,#4425);
#4424 = CARTESIAN_POINT('',(0.724458573862,0.951,-0.149001141549));
#4425 = VECTOR('',#4426,1.);
#4426 = DIRECTION('',(0.,-1.,0.));
#4427 = PLANE('',#4428);
#4428 = AXIS2_PLACEMENT_3D('',#4429,#4430,#4431);
#4429 = CARTESIAN_POINT('',(0.724124967373,0.951,-0.101963676428));
#4430 = DIRECTION('',(-0.999974850186,0.,-7.092178509005E-03));
#4431 = DIRECTION('',(-7.092178509005E-03,0.,0.999974850186));
#4432 = ADVANCED_FACE('',(#4433),#4451,.T.);
#4433 = FACE_BOUND('',#4434,.T.);
#4434 = EDGE_LOOP('',(#4435,#4443,#4444,#4445));
#4435 = ORIENTED_EDGE('',*,*,#4436,.F.);
#4436 = EDGE_CURVE('',#4413,#4437,#4439,.T.);
#4437 = VERTEX_POINT('',#4438);
#4438 = CARTESIAN_POINT('',(0.715600059211,0.95,-0.149063969297));
#4439 = LINE('',#4440,#4441);
#4440 = CARTESIAN_POINT('',(0.724458573862,0.95,-0.149001141549));
#4441 = VECTOR('',#4442,1.);
#4442 = DIRECTION('',(-0.999974850186,0.,-7.092178509005E-03));
#4443 = ORIENTED_EDGE('',*,*,#4422,.F.);
#4444 = ORIENTED_EDGE('',*,*,#4232,.T.);
#4445 = ORIENTED_EDGE('',*,*,#4446,.T.);
#4446 = EDGE_CURVE('',#4224,#4437,#4447,.T.);
#4447 = LINE('',#4448,#4449);
#4448 = CARTESIAN_POINT('',(0.715600059211,0.951,-0.149063969297));
#4449 = VECTOR('',#4450,1.);
#4450 = DIRECTION('',(0.,-1.,0.));
#4451 = PLANE('',#4452);
#4452 = AXIS2_PLACEMENT_3D('',#4453,#4454,#4455);
#4453 = CARTESIAN_POINT('',(0.724458573862,0.951,-0.149001141549));
#4454 = DIRECTION('',(-7.092178509005E-03,0.,0.999974850186));
#4455 = DIRECTION('',(0.999974850186,0.,7.092178509005E-03));
#4456 = ADVANCED_FACE('',(#4457),#4476,.T.);
#4457 = FACE_BOUND('',#4458,.T.);
#4458 = EDGE_LOOP('',(#4459,#4468,#4469,#4470));
#4459 = ORIENTED_EDGE('',*,*,#4460,.F.);
#4460 = EDGE_CURVE('',#4437,#4461,#4463,.T.);
#4461 = VERTEX_POINT('',#4462);
#4462 = CARTESIAN_POINT('',(0.697416808752,0.95,-0.14282945291));
#4463 = B_SPLINE_CURVE_WITH_KNOTS('',3,(#4464,#4465,#4466,#4467),
  .UNSPECIFIED.,.F.,.F.,(4,4),(2.,3.),.PIECEWISE_BEZIER_KNOTS.);
#4464 = CARTESIAN_POINT('',(0.715600059211,0.95,-0.149063969297));
#4465 = CARTESIAN_POINT('',(0.707848858891,0.949999999999,
    -0.149118943576));
#4466 = CARTESIAN_POINT('',(0.701782576746,0.949999999999,
    -0.147040808317));
#4467 = CARTESIAN_POINT('',(0.697416808752,0.95,-0.14282945291));
#4468 = ORIENTED_EDGE('',*,*,#4446,.F.);
#4469 = ORIENTED_EDGE('',*,*,#4223,.T.);
#4470 = ORIENTED_EDGE('',*,*,#4471,.T.);
#4471 = EDGE_CURVE('',#4215,#4461,#4472,.T.);
#4472 = LINE('',#4473,#4474);
#4473 = CARTESIAN_POINT('',(0.697416808752,0.951,-0.14282945291));
#4474 = VECTOR('',#4475,1.);
#4475 = DIRECTION('',(0.,-1.,0.));
#4476 = B_SPLINE_SURFACE_WITH_KNOTS('',3,1,(
    (#4477,#4478)
    ,(#4479,#4480)
    ,(#4481,#4482)
    ,(#4483,#4484
    )),.UNSPECIFIED.,.F.,.F.,.F.,(4,4),(2,2),(2.,3.),(0.,1.),
  .PIECEWISE_BEZIER_KNOTS.);
#4477 = CARTESIAN_POINT('',(0.715600059211,0.951,-0.149063969297));
#4478 = CARTESIAN_POINT('',(0.715600059211,0.95,-0.149063969297));
#4479 = CARTESIAN_POINT('',(0.707848858891,0.951,-0.149118943576));
#4480 = CARTESIAN_POINT('',(0.707848858891,0.95,-0.149118943576));
#4481 = CARTESIAN_POINT('',(0.701782576746,0.951,-0.147040808317));
#4482 = CARTESIAN_POINT('',(0.701782576746,0.95,-0.147040808317));
#4483 = CARTESIAN_POINT('',(0.697416808752,0.951,-0.14282945291));
#4484 = CARTESIAN_POINT('',(0.697416808752,0.95,-0.14282945291));
#4485 = ADVANCED_FACE('',(#4486),#4505,.T.);
#4486 = FACE_BOUND('',#4487,.T.);
#4487 = EDGE_LOOP('',(#4488,#4497,#4498,#4499));
#4488 = ORIENTED_EDGE('',*,*,#4489,.F.);
#4489 = EDGE_CURVE('',#4461,#4490,#4492,.T.);
#4490 = VERTEX_POINT('',#4491);
#4491 = CARTESIAN_POINT('',(0.690771813856,0.95,-0.125127467567));
#4492 = B_SPLINE_CURVE_WITH_KNOTS('',3,(#4493,#4494,#4495,#4496),
  .UNSPECIFIED.,.F.,.F.,(4,4),(3.,4.),.PIECEWISE_BEZIER_KNOTS.);
#4493 = CARTESIAN_POINT('',(0.697416808752,0.95,-0.14282945291));
#4494 = CARTESIAN_POINT('',(0.693035666006,0.949999999999,
    -0.138649400068));
#4495 = CARTESIAN_POINT('',(0.690825792625,0.949999999999,
    -0.132738304098));
#4496 = CARTESIAN_POINT('',(0.690771813856,0.95,-0.125127467567));
#4497 = ORIENTED_EDGE('',*,*,#4471,.F.);
#4498 = ORIENTED_EDGE('',*,*,#4214,.T.);
#4499 = ORIENTED_EDGE('',*,*,#4500,.T.);
#4500 = EDGE_CURVE('',#4206,#4490,#4501,.T.);
#4501 = LINE('',#4502,#4503);
#4502 = CARTESIAN_POINT('',(0.690771813856,0.951,-0.125127467567));
#4503 = VECTOR('',#4504,1.);
#4504 = DIRECTION('',(0.,-1.,0.));
#4505 = B_SPLINE_SURFACE_WITH_KNOTS('',3,1,(
    (#4506,#4507)
    ,(#4508,#4509)
    ,(#4510,#4511)
    ,(#4512,#4513
    )),.UNSPECIFIED.,.F.,.F.,.F.,(4,4),(2,2),(3.,4.),(0.,1.),
  .PIECEWISE_BEZIER_KNOTS.);
#4506 = CARTESIAN_POINT('',(0.697416808752,0.951,-0.14282945291));
#4507 = CARTESIAN_POINT('',(0.697416808752,0.949999999999,-0.14282945291
    ));
#4508 = CARTESIAN_POINT('',(0.693035666006,0.951,-0.138649400068));
#4509 = CARTESIAN_POINT('',(0.693035666006,0.949999999999,
    -0.138649400068));
#4510 = CARTESIAN_POINT('',(0.690825792625,0.951,-0.132738304098));
#4511 = CARTESIAN_POINT('',(0.690825792625,0.949999999999,
    -0.132738304098));
#4512 = CARTESIAN_POINT('',(0.690771813856,0.951,-0.125127467567));
#4513 = CARTESIAN_POINT('',(0.690771813856,0.949999999999,
    -0.125127467567));
#4514 = ADVANCED_FACE('',(#4515),#4534,.T.);
#4515 = FACE_BOUND('',#4516,.T.);
#4516 = EDGE_LOOP('',(#4517,#4526,#4527,#4528));
#4517 = ORIENTED_EDGE('',*,*,#4518,.F.);
#4518 = EDGE_CURVE('',#4490,#4519,#4521,.T.);
#4519 = VERTEX_POINT('',#4520);
#4520 = CARTESIAN_POINT('',(0.697340593096,0.949999999999,
    -0.107893248818));
#4521 = B_SPLINE_CURVE_WITH_KNOTS('',3,(#4522,#4523,#4524,#4525),
  .UNSPECIFIED.,.F.,.F.,(4,4),(4.,5.),.PIECEWISE_BEZIER_KNOTS.);
#4522 = CARTESIAN_POINT('',(0.690771813856,0.95,-0.125127467567));
#4523 = CARTESIAN_POINT('',(0.690717835087,0.949999999999,
    -0.117516631035));
#4524 = CARTESIAN_POINT('',(0.692907354426,0.949999999999,
    -0.111761494135));
#4525 = CARTESIAN_POINT('',(0.697340593096,0.949999999999,
    -0.107893248818));
#4526 = ORIENTED_EDGE('',*,*,#4500,.F.);
#4527 = ORIENTED_EDGE('',*,*,#4205,.T.);
#4528 = ORIENTED_EDGE('',*,*,#4529,.T.);
#4529 = EDGE_CURVE('',#4197,#4519,#4530,.T.);
#4530 = LINE('',#4531,#4532);
#4531 = CARTESIAN_POINT('',(0.697340593096,0.951,-0.107893248818));
#4532 = VECTOR('',#4533,1.);
#4533 = DIRECTION('',(0.,-1.,0.));
#4534 = B_SPLINE_SURFACE_WITH_KNOTS('',3,1,(
    (#4535,#4536)
    ,(#4537,#4538)
    ,(#4539,#4540)
    ,(#4541,#4542
    )),.UNSPECIFIED.,.F.,.F.,.F.,(4,4),(2,2),(4.,5.),(0.,1.),
  .PIECEWISE_BEZIER_KNOTS.);
#4535 = CARTESIAN_POINT('',(0.690771813856,0.951,-0.125127467567));
#4536 = CARTESIAN_POINT('',(0.690771813856,0.949999999999,
    -0.125127467567));
#4537 = CARTESIAN_POINT('',(0.690717835087,0.951,-0.117516631035));
#4538 = CARTESIAN_POINT('',(0.690717835087,0.949999999999,
    -0.117516631035));
#4539 = CARTESIAN_POINT('',(0.692907354426,0.951,-0.111761494135));
#4540 = CARTESIAN_POINT('',(0.692907354426,0.949999999999,
    -0.111761494135));
#4541 = CARTESIAN_POINT('',(0.697340593096,0.951,-0.107893248818));
#4542 = CARTESIAN_POINT('',(0.697340593096,0.949999999999,
    -0.107893248818));
#4543 = ADVANCED_FACE('',(#4544),#4556,.T.);
#4544 = FACE_BOUND('',#4545,.T.);
#4545 = EDGE_LOOP('',(#4546,#4553,#4554,#4555));
#4546 = ORIENTED_EDGE('',*,*,#4547,.F.);
#4547 = EDGE_CURVE('',#4519,#4382,#4548,.T.);
#4548 = B_SPLINE_CURVE_WITH_KNOTS('',3,(#4549,#4550,#4551,#4552),
  .UNSPECIFIED.,.F.,.F.,(4,4),(5.,6.),.PIECEWISE_BEZIER_KNOTS.);
#4549 = CARTESIAN_POINT('',(0.697340593096,0.949999999999,
    -0.107893248818));
#4550 = CARTESIAN_POINT('',(0.701773831766,0.949999999999,
    -0.104025003501));
#4551 = CARTESIAN_POINT('',(0.707640020214,0.949999999999,
    -0.102080593557));
#4552 = CARTESIAN_POINT('',(0.714907745262,0.95,-0.102029048257));
#4553 = ORIENTED_EDGE('',*,*,#4529,.F.);
#4554 = ORIENTED_EDGE('',*,*,#4196,.T.);
#4555 = ORIENTED_EDGE('',*,*,#4391,.T.);
#4556 = B_SPLINE_SURFACE_WITH_KNOTS('',3,1,(
    (#4557,#4558)
    ,(#4559,#4560)
    ,(#4561,#4562)
    ,(#4563,#4564
    )),.UNSPECIFIED.,.F.,.F.,.F.,(4,4),(2,2),(5.,6.),(0.,1.),
  .PIECEWISE_BEZIER_KNOTS.);
#4557 = CARTESIAN_POINT('',(0.697340593096,0.951,-0.107893248818));
#4558 = CARTESIAN_POINT('',(0.697340593096,0.949999999999,
    -0.107893248818));
#4559 = CARTESIAN_POINT('',(0.701773831766,0.951,-0.104025003501));
#4560 = CARTESIAN_POINT('',(0.701773831766,0.949999999999,
    -0.104025003501));
#4561 = CARTESIAN_POINT('',(0.707640020214,0.951,-0.102080593557));
#4562 = CARTESIAN_POINT('',(0.707640020214,0.949999999999,
    -0.102080593557));
#4563 = CARTESIAN_POINT('',(0.714907745262,0.951,-0.102029048257));
#4564 = CARTESIAN_POINT('',(0.714907745262,0.949999999999,
    -0.102029048257));
#4565 = ADVANCED_FACE('',(#4566),#4575,.T.);
#4566 = FACE_BOUND('',#4567,.T.);
#4567 = EDGE_LOOP('',(#4568,#4569,#4570,#4571,#4572,#4573,#4574));
#4568 = ORIENTED_EDGE('',*,*,#4381,.T.);
#4569 = ORIENTED_EDGE('',*,*,#4412,.T.);
#4570 = ORIENTED_EDGE('',*,*,#4436,.T.);
#4571 = ORIENTED_EDGE('',*,*,#4460,.T.);
#4572 = ORIENTED_EDGE('',*,*,#4489,.T.);
#4573 = ORIENTED_EDGE('',*,*,#4518,.T.);
#4574 = ORIENTED_EDGE('',*,*,#4547,.T.);
#4575 = PLANE('',#4576);
#4576 = AXIS2_PLACEMENT_3D('',#4577,#4578,#4579);
#4577 = CARTESIAN_POINT('',(-1.4,0.95,-0.34));
#4578 = DIRECTION('',(0.,1.,0.));
#4579 = DIRECTION('',(0.,-0.,1.));
#4580 = ADVANCED_FACE('',(#4581,#4647),#4699,.F.);
#4581 = FACE_BOUND('',#4582,.T.);
#4582 = EDGE_LOOP('',(#4583,#4593,#4601,#4609,#4617,#4625,#4633,#4641));
#4583 = ORIENTED_EDGE('',*,*,#4584,.T.);
#4584 = EDGE_CURVE('',#4585,#4587,#4589,.T.);
#4585 = VERTEX_POINT('',#4586);
#4586 = CARTESIAN_POINT('',(0.624428525723,0.951,-0.156666745756));
#4587 = VERTEX_POINT('',#4588);
#4588 = CARTESIAN_POINT('',(0.647233815658,0.951,-9.5490473467E-02));
#4589 = LINE('',#4590,#4591);
#4590 = CARTESIAN_POINT('',(0.647233815658,0.951,-9.5490473467E-02));
#4591 = VECTOR('',#4592,1.);
#4592 = DIRECTION('',(0.349299057801,0.,0.937011295673));
#4593 = ORIENTED_EDGE('',*,*,#4594,.T.);
#4594 = EDGE_CURVE('',#4587,#4595,#4597,.T.);
#4595 = VERTEX_POINT('',#4596);
#4596 = CARTESIAN_POINT('',(0.655655642968,0.951,-9.5430742862E-02));
#4597 = LINE('',#4598,#4599);
#4598 = CARTESIAN_POINT('',(0.655655642968,0.951,-9.5430742862E-02));
#4599 = VECTOR('',#4600,1.);
#4600 = DIRECTION('',(0.999974850186,0.,7.092178509005E-03));
#4601 = ORIENTED_EDGE('',*,*,#4602,.T.);
#4602 = EDGE_CURVE('',#4595,#4603,#4605,.T.);
#4603 = VERTEX_POINT('',#4604);
#4604 = CARTESIAN_POINT('',(0.679326362999,0.951,-0.156277390702));
#4605 = LINE('',#4606,#4607);
#4606 = CARTESIAN_POINT('',(0.679326362999,0.951,-0.156277390702));
#4607 = VECTOR('',#4608,1.);
#4608 = DIRECTION('',(0.362554487497,0.,-0.931962576285));
#4609 = ORIENTED_EDGE('',*,*,#4610,.T.);
#4610 = EDGE_CURVE('',#4603,#4611,#4613,.T.);
#4611 = VERTEX_POINT('',#4612);
#4612 = CARTESIAN_POINT('',(0.670623808113,0.951,-0.156339112327));
#4613 = LINE('',#4614,#4615);
#4614 = CARTESIAN_POINT('',(0.670623808113,0.951,-0.156339112327));
#4615 = VECTOR('',#4616,1.);
#4616 = DIRECTION('',(-0.999974850186,0.,-7.092178509005E-03));
#4617 = ORIENTED_EDGE('',*,*,#4618,.T.);
#4618 = EDGE_CURVE('',#4611,#4619,#4621,.T.);
#4619 = VERTEX_POINT('',#4620);
#4620 = CARTESIAN_POINT('',(0.664641365862,0.951,-0.139693007672));
#4621 = LINE('',#4622,#4623);
#4622 = CARTESIAN_POINT('',(0.664641365862,0.951,-0.139693007672));
#4623 = VECTOR('',#4624,1.);
#4624 = DIRECTION('',(-0.338211162479,0.,0.941070246886));
#4625 = ORIENTED_EDGE('',*,*,#4626,.T.);
#4626 = EDGE_CURVE('',#4619,#4627,#4629,.T.);
#4627 = VERTEX_POINT('',#4628);
#4628 = CARTESIAN_POINT('',(0.639235520145,0.951,-0.139873194996));
#4629 = LINE('',#4630,#4631);
#4630 = CARTESIAN_POINT('',(0.639235520145,0.951,-0.139873194996));
#4631 = VECTOR('',#4632,1.);
#4632 = DIRECTION('',(-0.999974850186,0.,-7.092178509005E-03));
#4633 = ORIENTED_EDGE('',*,*,#4634,.T.);
#4634 = EDGE_CURVE('',#4627,#4635,#4637,.T.);
#4635 = VERTEX_POINT('',#4636);
#4636 = CARTESIAN_POINT('',(0.63313108061,0.951,-0.156605024131));
#4637 = LINE('',#4638,#4639);
#4638 = CARTESIAN_POINT('',(0.63313108061,0.951,-0.156605024131));
#4639 = VECTOR('',#4640,1.);
#4640 = DIRECTION('',(-0.342741495824,0.,-0.93942975631));
#4641 = ORIENTED_EDGE('',*,*,#4642,.T.);
#4642 = EDGE_CURVE('',#4635,#4585,#4643,.T.);
#4643 = LINE('',#4644,#4645);
#4644 = CARTESIAN_POINT('',(0.624428525723,0.951,-0.156666745756));
#4645 = VECTOR('',#4646,1.);
#4646 = DIRECTION('',(-0.999974850186,0.,-7.092178509005E-03));
#4647 = FACE_BOUND('',#4648,.T.);
#4648 = EDGE_LOOP('',(#4649,#4659,#4667,#4676,#4684,#4693));
#4649 = ORIENTED_EDGE('',*,*,#4650,.F.);
#4650 = EDGE_CURVE('',#4651,#4653,#4655,.T.);
#4651 = VERTEX_POINT('',#4652);
#4652 = CARTESIAN_POINT('',(0.662097119016,0.951,-0.132817284016));
#4653 = VERTEX_POINT('',#4654);
#4654 = CARTESIAN_POINT('',(0.641619601873,0.951,-0.132962517876));
#4655 = LINE('',#4656,#4657);
#4656 = CARTESIAN_POINT('',(0.662097119016,0.951,-0.132817284016));
#4657 = VECTOR('',#4658,1.);
#4658 = DIRECTION('',(-0.999974850186,0.,-7.092178509005E-03));
#4659 = ORIENTED_EDGE('',*,*,#4660,.F.);
#4660 = EDGE_CURVE('',#4661,#4651,#4663,.T.);
#4661 = VERTEX_POINT('',#4662);
#4662 = CARTESIAN_POINT('',(0.652793617276,0.950999999999,
    -0.107522934384));
#4663 = LINE('',#4664,#4665);
#4664 = CARTESIAN_POINT('',(0.652793617276,0.951,-0.107522934384));
#4665 = VECTOR('',#4666,1.);
#4666 = DIRECTION('',(0.345199932452,0.,-0.938529171968));
#4667 = ORIENTED_EDGE('',*,*,#4668,.F.);
#4668 = EDGE_CURVE('',#4669,#4661,#4671,.T.);
#4669 = VERTEX_POINT('',#4670);
#4670 = CARTESIAN_POINT('',(0.651765167029,0.951,-0.103256716006));
#4671 = B_SPLINE_CURVE_WITH_KNOTS('',3,(#4672,#4673,#4674,#4675),
  .UNSPECIFIED.,.F.,.F.,(4,4),(3.,4.),.PIECEWISE_BEZIER_KNOTS.);
#4672 = CARTESIAN_POINT('',(0.651765167029,0.951,-0.103256716006));
#4673 = CARTESIAN_POINT('',(0.652074542826,0.951,-0.105094939601));
#4674 = CARTESIAN_POINT('',(0.652412234658,0.951,-0.106527446582));
#4675 = CARTESIAN_POINT('',(0.652793617276,0.950999999999,
    -0.107522934384));
#4676 = ORIENTED_EDGE('',*,*,#4677,.F.);
#4677 = EDGE_CURVE('',#4678,#4669,#4680,.T.);
#4678 = VERTEX_POINT('',#4679);
#4679 = CARTESIAN_POINT('',(0.651578015311,0.951,-0.103258043353));
#4680 = LINE('',#4681,#4682);
#4681 = CARTESIAN_POINT('',(0.651578015311,0.951,-0.103258043353));
#4682 = VECTOR('',#4683,1.);
#4683 = DIRECTION('',(0.999974850186,0.,7.092178509005E-03));
#4684 = ORIENTED_EDGE('',*,*,#4685,.F.);
#4685 = EDGE_CURVE('',#4686,#4678,#4688,.T.);
#4686 = VERTEX_POINT('',#4687);
#4687 = CARTESIAN_POINT('',(0.650656968496,0.951,-0.10753808826));
#4688 = B_SPLINE_CURVE_WITH_KNOTS('',3,(#4689,#4690,#4691,#4692),
  .UNSPECIFIED.,.F.,.F.,(4,4),(1.,2.),.PIECEWISE_BEZIER_KNOTS.);
#4689 = CARTESIAN_POINT('',(0.650656968496,0.951,-0.10753808826));
#4690 = CARTESIAN_POINT('',(0.650947318989,0.951,-0.106693803897));
#4691 = CARTESIAN_POINT('',(0.651249283418,0.951,-0.105287953767));
#4692 = CARTESIAN_POINT('',(0.651578015311,0.951,-0.103258043353));
#4693 = ORIENTED_EDGE('',*,*,#4694,.F.);
#4694 = EDGE_CURVE('',#4653,#4686,#4695,.T.);
#4695 = LINE('',#4696,#4697);
#4696 = CARTESIAN_POINT('',(0.641619601873,0.951,-0.132962517876));
#4697 = VECTOR('',#4698,1.);
#4698 = DIRECTION('',(0.334929697692,0.,0.942243120221));
#4699 = PLANE('',#4700);
#4700 = AXIS2_PLACEMENT_3D('',#4701,#4702,#4703);
#4701 = CARTESIAN_POINT('',(0.,0.950999999999,0.));
#4702 = DIRECTION('',(0.,-1.,0.));
#4703 = DIRECTION('',(0.,0.,-1.));
#4704 = ADVANCED_FACE('',(#4705),#4721,.F.);
#4705 = FACE_BOUND('',#4706,.T.);
#4706 = EDGE_LOOP('',(#4707,#4708,#4714,#4715));
#4707 = ORIENTED_EDGE('',*,*,#1205,.T.);
#4708 = ORIENTED_EDGE('',*,*,#4709,.F.);
#4709 = EDGE_CURVE('',#4587,#1196,#4710,.T.);
#4710 = LINE('',#4711,#4712);
#4711 = CARTESIAN_POINT('',(0.647233815658,0.951,-9.5490473467E-02));
#4712 = VECTOR('',#4713,1.);
#4713 = DIRECTION('',(0.,-1.,0.));
#4714 = ORIENTED_EDGE('',*,*,#4584,.F.);
#4715 = ORIENTED_EDGE('',*,*,#4716,.T.);
#4716 = EDGE_CURVE('',#4585,#1206,#4717,.T.);
#4717 = LINE('',#4718,#4719);
#4718 = CARTESIAN_POINT('',(0.624428525723,0.951,-0.156666745756));
#4719 = VECTOR('',#4720,1.);
#4720 = DIRECTION('',(0.,-1.,0.));
#4721 = PLANE('',#4722);
#4722 = AXIS2_PLACEMENT_3D('',#4723,#4724,#4725);
#4723 = CARTESIAN_POINT('',(0.647233815658,0.951,-9.5490473467E-02));
#4724 = DIRECTION('',(0.937011295673,0.,-0.349299057801));
#4725 = DIRECTION('',(-0.349299057801,0.,-0.937011295673));
#4726 = ADVANCED_FACE('',(#4727),#4738,.F.);
#4727 = FACE_BOUND('',#4728,.T.);
#4728 = EDGE_LOOP('',(#4729,#4730,#4736,#4737));
#4729 = ORIENTED_EDGE('',*,*,#1195,.T.);
#4730 = ORIENTED_EDGE('',*,*,#4731,.F.);
#4731 = EDGE_CURVE('',#4595,#1198,#4732,.T.);
#4732 = LINE('',#4733,#4734);
#4733 = CARTESIAN_POINT('',(0.655655642968,0.951,-9.5430742862E-02));
#4734 = VECTOR('',#4735,1.);
#4735 = DIRECTION('',(0.,-1.,0.));
#4736 = ORIENTED_EDGE('',*,*,#4594,.F.);
#4737 = ORIENTED_EDGE('',*,*,#4709,.T.);
#4738 = PLANE('',#4739);
#4739 = AXIS2_PLACEMENT_3D('',#4740,#4741,#4742);
#4740 = CARTESIAN_POINT('',(0.655655642968,0.951,-9.5430742862E-02));
#4741 = DIRECTION('',(7.092178509005E-03,0.,-0.999974850186));
#4742 = DIRECTION('',(-0.999974850186,0.,-7.092178509005E-03));
#4743 = ADVANCED_FACE('',(#4744),#4755,.F.);
#4744 = FACE_BOUND('',#4745,.T.);
#4745 = EDGE_LOOP('',(#4746,#4747,#4753,#4754));
#4746 = ORIENTED_EDGE('',*,*,#1253,.T.);
#4747 = ORIENTED_EDGE('',*,*,#4748,.F.);
#4748 = EDGE_CURVE('',#4603,#1246,#4749,.T.);
#4749 = LINE('',#4750,#4751);
#4750 = CARTESIAN_POINT('',(0.679326362999,0.951,-0.156277390702));
#4751 = VECTOR('',#4752,1.);
#4752 = DIRECTION('',(0.,-1.,0.));
#4753 = ORIENTED_EDGE('',*,*,#4602,.F.);
#4754 = ORIENTED_EDGE('',*,*,#4731,.T.);
#4755 = PLANE('',#4756);
#4756 = AXIS2_PLACEMENT_3D('',#4757,#4758,#4759);
#4757 = CARTESIAN_POINT('',(0.679326362999,0.951,-0.156277390702));
#4758 = DIRECTION('',(-0.931962576285,0.,-0.362554487497));
#4759 = DIRECTION('',(-0.362554487497,0.,0.931962576285));
#4760 = ADVANCED_FACE('',(#4761),#4772,.F.);
#4761 = FACE_BOUND('',#4762,.T.);
#4762 = EDGE_LOOP('',(#4763,#4764,#4770,#4771));
#4763 = ORIENTED_EDGE('',*,*,#1245,.T.);
#4764 = ORIENTED_EDGE('',*,*,#4765,.F.);
#4765 = EDGE_CURVE('',#4611,#1238,#4766,.T.);
#4766 = LINE('',#4767,#4768);
#4767 = CARTESIAN_POINT('',(0.670623808113,0.951,-0.156339112327));
#4768 = VECTOR('',#4769,1.);
#4769 = DIRECTION('',(0.,-1.,0.));
#4770 = ORIENTED_EDGE('',*,*,#4610,.F.);
#4771 = ORIENTED_EDGE('',*,*,#4748,.T.);
#4772 = PLANE('',#4773);
#4773 = AXIS2_PLACEMENT_3D('',#4774,#4775,#4776);
#4774 = CARTESIAN_POINT('',(0.670623808113,0.951,-0.156339112327));
#4775 = DIRECTION('',(-7.092178509005E-03,0.,0.999974850186));
#4776 = DIRECTION('',(0.999974850186,0.,7.092178509005E-03));
#4777 = ADVANCED_FACE('',(#4778),#4789,.F.);
#4778 = FACE_BOUND('',#4779,.T.);
#4779 = EDGE_LOOP('',(#4780,#4781,#4787,#4788));
#4780 = ORIENTED_EDGE('',*,*,#1237,.T.);
#4781 = ORIENTED_EDGE('',*,*,#4782,.F.);
#4782 = EDGE_CURVE('',#4619,#1230,#4783,.T.);
#4783 = LINE('',#4784,#4785);
#4784 = CARTESIAN_POINT('',(0.664641365862,0.951,-0.139693007672));
#4785 = VECTOR('',#4786,1.);
#4786 = DIRECTION('',(0.,-1.,0.));
#4787 = ORIENTED_EDGE('',*,*,#4618,.F.);
#4788 = ORIENTED_EDGE('',*,*,#4765,.T.);
#4789 = PLANE('',#4790);
#4790 = AXIS2_PLACEMENT_3D('',#4791,#4792,#4793);
#4791 = CARTESIAN_POINT('',(0.664641365862,0.951,-0.139693007672));
#4792 = DIRECTION('',(0.941070246886,0.,0.338211162479));
#4793 = DIRECTION('',(0.338211162479,0.,-0.941070246886));
#4794 = ADVANCED_FACE('',(#4795),#4806,.F.);
#4795 = FACE_BOUND('',#4796,.T.);
#4796 = EDGE_LOOP('',(#4797,#4798,#4804,#4805));
#4797 = ORIENTED_EDGE('',*,*,#1229,.T.);
#4798 = ORIENTED_EDGE('',*,*,#4799,.F.);
#4799 = EDGE_CURVE('',#4627,#1222,#4800,.T.);
#4800 = LINE('',#4801,#4802);
#4801 = CARTESIAN_POINT('',(0.639235520145,0.951,-0.139873194996));
#4802 = VECTOR('',#4803,1.);
#4803 = DIRECTION('',(0.,-1.,0.));
#4804 = ORIENTED_EDGE('',*,*,#4626,.F.);
#4805 = ORIENTED_EDGE('',*,*,#4782,.T.);
#4806 = PLANE('',#4807);
#4807 = AXIS2_PLACEMENT_3D('',#4808,#4809,#4810);
#4808 = CARTESIAN_POINT('',(0.639235520145,0.951,-0.139873194996));
#4809 = DIRECTION('',(-7.092178509005E-03,0.,0.999974850186));
#4810 = DIRECTION('',(0.999974850186,0.,7.092178509005E-03));
#4811 = ADVANCED_FACE('',(#4812),#4823,.F.);
#4812 = FACE_BOUND('',#4813,.T.);
#4813 = EDGE_LOOP('',(#4814,#4815,#4821,#4822));
#4814 = ORIENTED_EDGE('',*,*,#1221,.T.);
#4815 = ORIENTED_EDGE('',*,*,#4816,.F.);
#4816 = EDGE_CURVE('',#4635,#1214,#4817,.T.);
#4817 = LINE('',#4818,#4819);
#4818 = CARTESIAN_POINT('',(0.63313108061,0.951,-0.156605024131));
#4819 = VECTOR('',#4820,1.);
#4820 = DIRECTION('',(0.,-1.,0.));
#4821 = ORIENTED_EDGE('',*,*,#4634,.F.);
#4822 = ORIENTED_EDGE('',*,*,#4799,.T.);
#4823 = PLANE('',#4824);
#4824 = AXIS2_PLACEMENT_3D('',#4825,#4826,#4827);
#4825 = CARTESIAN_POINT('',(0.63313108061,0.951,-0.156605024131));
#4826 = DIRECTION('',(-0.93942975631,0.,0.342741495824));
#4827 = DIRECTION('',(0.342741495824,0.,0.93942975631));
#4828 = ADVANCED_FACE('',(#4829),#4835,.F.);
#4829 = FACE_BOUND('',#4830,.T.);
#4830 = EDGE_LOOP('',(#4831,#4832,#4833,#4834));
#4831 = ORIENTED_EDGE('',*,*,#1213,.T.);
#4832 = ORIENTED_EDGE('',*,*,#4716,.F.);
#4833 = ORIENTED_EDGE('',*,*,#4642,.F.);
#4834 = ORIENTED_EDGE('',*,*,#4816,.T.);
#4835 = PLANE('',#4836);
#4836 = AXIS2_PLACEMENT_3D('',#4837,#4838,#4839);
#4837 = CARTESIAN_POINT('',(0.624428525723,0.951,-0.156666745756));
#4838 = DIRECTION('',(-7.092178509005E-03,0.,0.999974850186));
#4839 = DIRECTION('',(0.999974850186,0.,7.092178509005E-03));
#4840 = ADVANCED_FACE('',(#4841),#4866,.T.);
#4841 = FACE_BOUND('',#4842,.T.);
#4842 = EDGE_LOOP('',(#4843,#4853,#4859,#4860));
#4843 = ORIENTED_EDGE('',*,*,#4844,.F.);
#4844 = EDGE_CURVE('',#4845,#4847,#4849,.T.);
#4845 = VERTEX_POINT('',#4846);
#4846 = CARTESIAN_POINT('',(0.662097119016,0.95,-0.132817284016));
#4847 = VERTEX_POINT('',#4848);
#4848 = CARTESIAN_POINT('',(0.641619601873,0.95,-0.132962517876));
#4849 = LINE('',#4850,#4851);
#4850 = CARTESIAN_POINT('',(0.662097119016,0.95,-0.132817284016));
#4851 = VECTOR('',#4852,1.);
#4852 = DIRECTION('',(-0.999974850186,0.,-7.092178509005E-03));
#4853 = ORIENTED_EDGE('',*,*,#4854,.F.);
#4854 = EDGE_CURVE('',#4651,#4845,#4855,.T.);
#4855 = LINE('',#4856,#4857);
#4856 = CARTESIAN_POINT('',(0.662097119016,0.951,-0.132817284016));
#4857 = VECTOR('',#4858,1.);
#4858 = DIRECTION('',(0.,-1.,0.));
#4859 = ORIENTED_EDGE('',*,*,#4650,.T.);
#4860 = ORIENTED_EDGE('',*,*,#4861,.T.);
#4861 = EDGE_CURVE('',#4653,#4847,#4862,.T.);
#4862 = LINE('',#4863,#4864);
#4863 = CARTESIAN_POINT('',(0.641619601873,0.951,-0.132962517876));
#4864 = VECTOR('',#4865,1.);
#4865 = DIRECTION('',(0.,-1.,0.));
#4866 = PLANE('',#4867);
#4867 = AXIS2_PLACEMENT_3D('',#4868,#4869,#4870);
#4868 = CARTESIAN_POINT('',(0.662097119016,0.951,-0.132817284016));
#4869 = DIRECTION('',(-7.092178509005E-03,0.,0.999974850186));
#4870 = DIRECTION('',(0.999974850186,0.,7.092178509005E-03));
#4871 = ADVANCED_FACE('',(#4872),#4890,.T.);
#4872 = FACE_BOUND('',#4873,.T.);
#4873 = EDGE_LOOP('',(#4874,#4882,#4883,#4884));
#4874 = ORIENTED_EDGE('',*,*,#4875,.F.);
#4875 = EDGE_CURVE('',#4847,#4876,#4878,.T.);
#4876 = VERTEX_POINT('',#4877);
#4877 = CARTESIAN_POINT('',(0.650656968496,0.95,-0.10753808826));
#4878 = LINE('',#4879,#4880);
#4879 = CARTESIAN_POINT('',(0.641619601873,0.95,-0.132962517876));
#4880 = VECTOR('',#4881,1.);
#4881 = DIRECTION('',(0.334929697692,0.,0.942243120221));
#4882 = ORIENTED_EDGE('',*,*,#4861,.F.);
#4883 = ORIENTED_EDGE('',*,*,#4694,.T.);
#4884 = ORIENTED_EDGE('',*,*,#4885,.T.);
#4885 = EDGE_CURVE('',#4686,#4876,#4886,.T.);
#4886 = LINE('',#4887,#4888);
#4887 = CARTESIAN_POINT('',(0.650656968496,0.951,-0.10753808826));
#4888 = VECTOR('',#4889,1.);
#4889 = DIRECTION('',(0.,-1.,0.));
#4890 = PLANE('',#4891);
#4891 = AXIS2_PLACEMENT_3D('',#4892,#4893,#4894);
#4892 = CARTESIAN_POINT('',(0.641619601873,0.951,-0.132962517876));
#4893 = DIRECTION('',(0.942243120221,0.,-0.334929697692));
#4894 = DIRECTION('',(-0.334929697692,0.,-0.942243120221));
#4895 = ADVANCED_FACE('',(#4896),#4915,.T.);
#4896 = FACE_BOUND('',#4897,.T.);
#4897 = EDGE_LOOP('',(#4898,#4907,#4908,#4909));
#4898 = ORIENTED_EDGE('',*,*,#4899,.F.);
#4899 = EDGE_CURVE('',#4876,#4900,#4902,.T.);
#4900 = VERTEX_POINT('',#4901);
#4901 = CARTESIAN_POINT('',(0.651578015311,0.95,-0.103258043353));
#4902 = B_SPLINE_CURVE_WITH_KNOTS('',3,(#4903,#4904,#4905,#4906),
  .UNSPECIFIED.,.F.,.F.,(4,4),(1.,2.),.PIECEWISE_BEZIER_KNOTS.);
#4903 = CARTESIAN_POINT('',(0.650656968496,0.95,-0.10753808826));
#4904 = CARTESIAN_POINT('',(0.650947318989,0.949999999999,
    -0.106693803897));
#4905 = CARTESIAN_POINT('',(0.651249283418,0.949999999999,
    -0.105287953767));
#4906 = CARTESIAN_POINT('',(0.651578015311,0.95,-0.103258043353));
#4907 = ORIENTED_EDGE('',*,*,#4885,.F.);
#4908 = ORIENTED_EDGE('',*,*,#4685,.T.);
#4909 = ORIENTED_EDGE('',*,*,#4910,.T.);
#4910 = EDGE_CURVE('',#4678,#4900,#4911,.T.);
#4911 = LINE('',#4912,#4913);
#4912 = CARTESIAN_POINT('',(0.651578015311,0.951,-0.103258043353));
#4913 = VECTOR('',#4914,1.);
#4914 = DIRECTION('',(0.,-1.,0.));
#4915 = B_SPLINE_SURFACE_WITH_KNOTS('',3,1,(
    (#4916,#4917)
    ,(#4918,#4919)
    ,(#4920,#4921)
    ,(#4922,#4923
    )),.UNSPECIFIED.,.F.,.F.,.F.,(4,4),(2,2),(1.,2.),(0.,1.),
  .PIECEWISE_BEZIER_KNOTS.);
#4916 = CARTESIAN_POINT('',(0.650656968496,0.951,-0.10753808826));
#4917 = CARTESIAN_POINT('',(0.650656968496,0.95,-0.10753808826));
#4918 = CARTESIAN_POINT('',(0.650947318989,0.951,-0.106693803897));
#4919 = CARTESIAN_POINT('',(0.650947318989,0.95,-0.106693803897));
#4920 = CARTESIAN_POINT('',(0.651249283418,0.951,-0.105287953767));
#4921 = CARTESIAN_POINT('',(0.651249283418,0.95,-0.105287953767));
#4922 = CARTESIAN_POINT('',(0.651578015311,0.951,-0.103258043353));
#4923 = CARTESIAN_POINT('',(0.651578015311,0.95,-0.103258043353));
#4924 = ADVANCED_FACE('',(#4925),#4943,.T.);
#4925 = FACE_BOUND('',#4926,.T.);
#4926 = EDGE_LOOP('',(#4927,#4935,#4936,#4937));
#4927 = ORIENTED_EDGE('',*,*,#4928,.F.);
#4928 = EDGE_CURVE('',#4900,#4929,#4931,.T.);
#4929 = VERTEX_POINT('',#4930);
#4930 = CARTESIAN_POINT('',(0.651765167029,0.95,-0.103256716006));
#4931 = LINE('',#4932,#4933);
#4932 = CARTESIAN_POINT('',(0.651578015311,0.95,-0.103258043353));
#4933 = VECTOR('',#4934,1.);
#4934 = DIRECTION('',(0.999974850186,0.,7.092178509005E-03));
#4935 = ORIENTED_EDGE('',*,*,#4910,.F.);
#4936 = ORIENTED_EDGE('',*,*,#4677,.T.);
#4937 = ORIENTED_EDGE('',*,*,#4938,.T.);
#4938 = EDGE_CURVE('',#4669,#4929,#4939,.T.);
#4939 = LINE('',#4940,#4941);
#4940 = CARTESIAN_POINT('',(0.651765167029,0.951,-0.103256716006));
#4941 = VECTOR('',#4942,1.);
#4942 = DIRECTION('',(0.,-1.,0.));
#4943 = PLANE('',#4944);
#4944 = AXIS2_PLACEMENT_3D('',#4945,#4946,#4947);
#4945 = CARTESIAN_POINT('',(0.651578015311,0.951,-0.103258043353));
#4946 = DIRECTION('',(7.092178509005E-03,0.,-0.999974850186));
#4947 = DIRECTION('',(-0.999974850186,0.,-7.092178509005E-03));
#4948 = ADVANCED_FACE('',(#4949),#4968,.T.);
#4949 = FACE_BOUND('',#4950,.T.);
#4950 = EDGE_LOOP('',(#4951,#4960,#4961,#4962));
#4951 = ORIENTED_EDGE('',*,*,#4952,.F.);
#4952 = EDGE_CURVE('',#4929,#4953,#4955,.T.);
#4953 = VERTEX_POINT('',#4954);
#4954 = CARTESIAN_POINT('',(0.652793617276,0.949999999999,
    -0.107522934384));
#4955 = B_SPLINE_CURVE_WITH_KNOTS('',3,(#4956,#4957,#4958,#4959),
  .UNSPECIFIED.,.F.,.F.,(4,4),(3.,4.),.PIECEWISE_BEZIER_KNOTS.);
#4956 = CARTESIAN_POINT('',(0.651765167029,0.95,-0.103256716006));
#4957 = CARTESIAN_POINT('',(0.652074542826,0.949999999999,
    -0.105094939601));
#4958 = CARTESIAN_POINT('',(0.652412234658,0.949999999999,
    -0.106527446582));
#4959 = CARTESIAN_POINT('',(0.652793617276,0.949999999999,
    -0.107522934384));
#4960 = ORIENTED_EDGE('',*,*,#4938,.F.);
#4961 = ORIENTED_EDGE('',*,*,#4668,.T.);
#4962 = ORIENTED_EDGE('',*,*,#4963,.T.);
#4963 = EDGE_CURVE('',#4661,#4953,#4964,.T.);
#4964 = LINE('',#4965,#4966);
#4965 = CARTESIAN_POINT('',(0.652793617276,0.951,-0.107522934384));
#4966 = VECTOR('',#4967,1.);
#4967 = DIRECTION('',(0.,-1.,0.));
#4968 = B_SPLINE_SURFACE_WITH_KNOTS('',3,1,(
    (#4969,#4970)
    ,(#4971,#4972)
    ,(#4973,#4974)
    ,(#4975,#4976
    )),.UNSPECIFIED.,.F.,.F.,.F.,(4,4),(2,2),(3.,4.),(0.,1.),
  .PIECEWISE_BEZIER_KNOTS.);
#4969 = CARTESIAN_POINT('',(0.651765167029,0.951,-0.103256716006));
#4970 = CARTESIAN_POINT('',(0.651765167029,0.95,-0.103256716006));
#4971 = CARTESIAN_POINT('',(0.652074542826,0.951,-0.105094939601));
#4972 = CARTESIAN_POINT('',(0.652074542826,0.95,-0.105094939601));
#4973 = CARTESIAN_POINT('',(0.652412234658,0.951,-0.106527446582));
#4974 = CARTESIAN_POINT('',(0.652412234658,0.95,-0.106527446582));
#4975 = CARTESIAN_POINT('',(0.652793617276,0.951,-0.107522934384));
#4976 = CARTESIAN_POINT('',(0.652793617276,0.95,-0.107522934384));
#4977 = ADVANCED_FACE('',(#4978),#4989,.T.);
#4978 = FACE_BOUND('',#4979,.T.);
#4979 = EDGE_LOOP('',(#4980,#4986,#4987,#4988));
#4980 = ORIENTED_EDGE('',*,*,#4981,.F.);
#4981 = EDGE_CURVE('',#4953,#4845,#4982,.T.);
#4982 = LINE('',#4983,#4984);
#4983 = CARTESIAN_POINT('',(0.652793617276,0.95,-0.107522934384));
#4984 = VECTOR('',#4985,1.);
#4985 = DIRECTION('',(0.345199932452,0.,-0.938529171968));
#4986 = ORIENTED_EDGE('',*,*,#4963,.F.);
#4987 = ORIENTED_EDGE('',*,*,#4660,.T.);
#4988 = ORIENTED_EDGE('',*,*,#4854,.T.);
#4989 = PLANE('',#4990);
#4990 = AXIS2_PLACEMENT_3D('',#4991,#4992,#4993);
#4991 = CARTESIAN_POINT('',(0.652793617276,0.951,-0.107522934384));
#4992 = DIRECTION('',(-0.938529171968,0.,-0.345199932452));
#4993 = DIRECTION('',(-0.345199932452,0.,0.938529171968));
#4994 = ADVANCED_FACE('',(#4995),#5003,.T.);
#4995 = FACE_BOUND('',#4996,.T.);
#4996 = EDGE_LOOP('',(#4997,#4998,#4999,#5000,#5001,#5002));
#4997 = ORIENTED_EDGE('',*,*,#4844,.T.);
#4998 = ORIENTED_EDGE('',*,*,#4875,.T.);
#4999 = ORIENTED_EDGE('',*,*,#4899,.T.);
#5000 = ORIENTED_EDGE('',*,*,#4928,.T.);
#5001 = ORIENTED_EDGE('',*,*,#4952,.T.);
#5002 = ORIENTED_EDGE('',*,*,#4981,.T.);
#5003 = PLANE('',#5004);
#5004 = AXIS2_PLACEMENT_3D('',#5005,#5006,#5007);
#5005 = CARTESIAN_POINT('',(-1.4,0.95,-0.34));
#5006 = DIRECTION('',(0.,1.,0.));
#5007 = DIRECTION('',(0.,-0.,1.));
#5008 = ADVANCED_FACE('',(#5009),#5034,.F.);
#5009 = FACE_BOUND('',#5010,.T.);
#5010 = EDGE_LOOP('',(#5011,#5012,#5020,#5028));
#5011 = ORIENTED_EDGE('',*,*,#1271,.T.);
#5012 = ORIENTED_EDGE('',*,*,#5013,.F.);
#5013 = EDGE_CURVE('',#5014,#1262,#5016,.T.);
#5014 = VERTEX_POINT('',#5015);
#5015 = CARTESIAN_POINT('',(0.837108548655,0.951,-0.244995686494));
#5016 = LINE('',#5017,#5018);
#5017 = CARTESIAN_POINT('',(0.837108548655,0.951,-0.244995686494));
#5018 = VECTOR('',#5019,1.);
#5019 = DIRECTION('',(0.,-1.,0.));
#5020 = ORIENTED_EDGE('',*,*,#5021,.F.);
#5021 = EDGE_CURVE('',#5022,#5014,#5024,.T.);
#5022 = VERTEX_POINT('',#5023);
#5023 = CARTESIAN_POINT('',(0.837157881711,0.951,-0.251951492012));
#5024 = LINE('',#5025,#5026);
#5025 = CARTESIAN_POINT('',(0.837108548655,0.951,-0.244995686494));
#5026 = VECTOR('',#5027,1.);
#5027 = DIRECTION('',(-7.092178509005E-03,0.,0.999974850186));
#5028 = ORIENTED_EDGE('',*,*,#5029,.T.);
#5029 = EDGE_CURVE('',#5022,#1272,#5030,.T.);
#5030 = LINE('',#5031,#5032);
#5031 = CARTESIAN_POINT('',(0.837157881711,0.951,-0.251951492012));
#5032 = VECTOR('',#5033,1.);
#5033 = DIRECTION('',(0.,-1.,0.));
#5034 = PLANE('',#5035);
#5035 = AXIS2_PLACEMENT_3D('',#5036,#5037,#5038);
#5036 = CARTESIAN_POINT('',(0.837108548655,0.951,-0.244995686494));
#5037 = DIRECTION('',(0.999974850186,0.,7.092178509005E-03));
#5038 = DIRECTION('',(7.092178509005E-03,0.,-0.999974850186));
#5039 = ADVANCED_FACE('',(#5040),#5058,.F.);
#5040 = FACE_BOUND('',#5041,.T.);
#5041 = EDGE_LOOP('',(#5042,#5043,#5051,#5057));
#5042 = ORIENTED_EDGE('',*,*,#1261,.T.);
#5043 = ORIENTED_EDGE('',*,*,#5044,.F.);
#5044 = EDGE_CURVE('',#5045,#1264,#5047,.T.);
#5045 = VERTEX_POINT('',#5046);
#5046 = CARTESIAN_POINT('',(0.862046515077,0.951,-0.244818817536));
#5047 = LINE('',#5048,#5049);
#5048 = CARTESIAN_POINT('',(0.862046515077,0.951,-0.244818817536));
#5049 = VECTOR('',#5050,1.);
#5050 = DIRECTION('',(0.,-1.,0.));
#5051 = ORIENTED_EDGE('',*,*,#5052,.F.);
#5052 = EDGE_CURVE('',#5014,#5045,#5053,.T.);
#5053 = LINE('',#5054,#5055);
#5054 = CARTESIAN_POINT('',(0.862046515077,0.951,-0.244818817536));
#5055 = VECTOR('',#5056,1.);
#5056 = DIRECTION('',(0.999974850186,0.,7.092178509005E-03));
#5057 = ORIENTED_EDGE('',*,*,#5013,.T.);
#5058 = PLANE('',#5059);
#5059 = AXIS2_PLACEMENT_3D('',#5060,#5061,#5062);
#5060 = CARTESIAN_POINT('',(0.862046515077,0.951,-0.244818817536));
#5061 = DIRECTION('',(7.092178509005E-03,0.,-0.999974850186));
#5062 = DIRECTION('',(-0.999974850186,0.,-7.092178509005E-03));
#5063 = ADVANCED_FACE('',(#5064),#5082,.F.);
#5064 = FACE_BOUND('',#5065,.T.);
#5065 = EDGE_LOOP('',(#5066,#5067,#5075,#5081));
#5066 = ORIENTED_EDGE('',*,*,#1351,.T.);
#5067 = ORIENTED_EDGE('',*,*,#5068,.F.);
#5068 = EDGE_CURVE('',#5069,#1344,#5071,.T.);
#5069 = VERTEX_POINT('',#5070);
#5070 = CARTESIAN_POINT('',(0.861900949381,0.951,-0.224294512463));
#5071 = LINE('',#5072,#5073);
#5072 = CARTESIAN_POINT('',(0.861900949381,0.951,-0.224294512463));
#5073 = VECTOR('',#5074,1.);
#5074 = DIRECTION('',(0.,-1.,0.));
#5075 = ORIENTED_EDGE('',*,*,#5076,.F.);
#5076 = EDGE_CURVE('',#5045,#5069,#5077,.T.);
#5077 = LINE('',#5078,#5079);
#5078 = CARTESIAN_POINT('',(0.861900949381,0.951,-0.224294512463));
#5079 = VECTOR('',#5080,1.);
#5080 = DIRECTION('',(-7.092178509005E-03,0.,0.999974850186));
#5081 = ORIENTED_EDGE('',*,*,#5044,.T.);
#5082 = PLANE('',#5083);
#5083 = AXIS2_PLACEMENT_3D('',#5084,#5085,#5086);
#5084 = CARTESIAN_POINT('',(0.861900949381,0.951,-0.224294512463));
#5085 = DIRECTION('',(0.999974850186,0.,7.092178509005E-03));
#5086 = DIRECTION('',(7.092178509005E-03,0.,-0.999974850186));
#5087 = ADVANCED_FACE('',(#5088),#5106,.F.);
#5088 = FACE_BOUND('',#5089,.T.);
#5089 = EDGE_LOOP('',(#5090,#5091,#5099,#5105));
#5090 = ORIENTED_EDGE('',*,*,#1343,.T.);
#5091 = ORIENTED_EDGE('',*,*,#5092,.F.);
#5092 = EDGE_CURVE('',#5093,#1336,#5095,.T.);
#5093 = VERTEX_POINT('',#5094);
#5094 = CARTESIAN_POINT('',(0.840082178259,0.951,-0.224449258975));
#5095 = LINE('',#5096,#5097);
#5096 = CARTESIAN_POINT('',(0.840082178259,0.951,-0.224449258975));
#5097 = VECTOR('',#5098,1.);
#5098 = DIRECTION('',(0.,-1.,0.));
#5099 = ORIENTED_EDGE('',*,*,#5100,.F.);
#5100 = EDGE_CURVE('',#5069,#5093,#5101,.T.);
#5101 = LINE('',#5102,#5103);
#5102 = CARTESIAN_POINT('',(0.840082178259,0.951,-0.224449258975));
#5103 = VECTOR('',#5104,1.);
#5104 = DIRECTION('',(-0.999974850186,0.,-7.092178509005E-03));
#5105 = ORIENTED_EDGE('',*,*,#5068,.T.);
#5106 = PLANE('',#5107);
#5107 = AXIS2_PLACEMENT_3D('',#5108,#5109,#5110);
#5108 = CARTESIAN_POINT('',(0.840082178259,0.951,-0.224449258975));
#5109 = DIRECTION('',(-7.092178509005E-03,0.,0.999974850186));
#5110 = DIRECTION('',(0.999974850186,0.,7.092178509005E-03));
#5111 = ADVANCED_FACE('',(#5112),#5130,.F.);
#5112 = FACE_BOUND('',#5113,.T.);
#5113 = EDGE_LOOP('',(#5114,#5115,#5123,#5129));
#5114 = ORIENTED_EDGE('',*,*,#1335,.T.);
#5115 = ORIENTED_EDGE('',*,*,#5116,.F.);
#5116 = EDGE_CURVE('',#5117,#1328,#5119,.T.);
#5117 = VERTEX_POINT('',#5118);
#5118 = CARTESIAN_POINT('',(0.840032623979,0.951,-0.217462261503));
#5119 = LINE('',#5120,#5121);
#5120 = CARTESIAN_POINT('',(0.840032623979,0.951,-0.217462261503));
#5121 = VECTOR('',#5122,1.);
#5122 = DIRECTION('',(0.,-1.,0.));
#5123 = ORIENTED_EDGE('',*,*,#5124,.F.);
#5124 = EDGE_CURVE('',#5093,#5117,#5125,.T.);
#5125 = LINE('',#5126,#5127);
#5126 = CARTESIAN_POINT('',(0.840032623979,0.951,-0.217462261503));
#5127 = VECTOR('',#5128,1.);
#5128 = DIRECTION('',(-7.092178509005E-03,0.,0.999974850186));
#5129 = ORIENTED_EDGE('',*,*,#5092,.T.);
#5130 = PLANE('',#5131);
#5131 = AXIS2_PLACEMENT_3D('',#5132,#5133,#5134);
#5132 = CARTESIAN_POINT('',(0.840032623979,0.951,-0.217462261503));
#5133 = DIRECTION('',(0.999974850186,0.,7.092178509005E-03));
#5134 = DIRECTION('',(7.092178509005E-03,0.,-0.999974850186));
#5135 = ADVANCED_FACE('',(#5136),#5154,.F.);
#5136 = FACE_BOUND('',#5137,.T.);
#5137 = EDGE_LOOP('',(#5138,#5139,#5147,#5153));
#5138 = ORIENTED_EDGE('',*,*,#1327,.T.);
#5139 = ORIENTED_EDGE('',*,*,#5140,.F.);
#5140 = EDGE_CURVE('',#5141,#1320,#5143,.T.);
#5141 = VERTEX_POINT('',#5142);
#5142 = CARTESIAN_POINT('',(0.861851395102,0.951,-0.217307514992));
#5143 = LINE('',#5144,#5145);
#5144 = CARTESIAN_POINT('',(0.861851395102,0.951,-0.217307514992));
#5145 = VECTOR('',#5146,1.);
#5146 = DIRECTION('',(0.,-1.,0.));
#5147 = ORIENTED_EDGE('',*,*,#5148,.F.);
#5148 = EDGE_CURVE('',#5117,#5141,#5149,.T.);
#5149 = LINE('',#5150,#5151);
#5150 = CARTESIAN_POINT('',(0.861851395102,0.951,-0.217307514992));
#5151 = VECTOR('',#5152,1.);
#5152 = DIRECTION('',(0.999974850186,0.,7.092178509005E-03));
#5153 = ORIENTED_EDGE('',*,*,#5116,.T.);
#5154 = PLANE('',#5155);
#5155 = AXIS2_PLACEMENT_3D('',#5156,#5157,#5158);
#5156 = CARTESIAN_POINT('',(0.861851395102,0.951,-0.217307514992));
#5157 = DIRECTION('',(7.092178509005E-03,0.,-0.999974850186));
#5158 = DIRECTION('',(-0.999974850186,0.,-7.092178509005E-03));
#5159 = ADVANCED_FACE('',(#5160),#5178,.F.);
#5160 = FACE_BOUND('',#5161,.T.);
#5161 = EDGE_LOOP('',(#5162,#5163,#5171,#5177));
#5162 = ORIENTED_EDGE('',*,*,#1319,.T.);
#5163 = ORIENTED_EDGE('',*,*,#5164,.F.);
#5164 = EDGE_CURVE('',#5165,#1312,#5167,.T.);
#5165 = VERTEX_POINT('',#5166);
#5166 = CARTESIAN_POINT('',(0.861712908588,0.951,-0.197781352415));
#5167 = LINE('',#5168,#5169);
#5168 = CARTESIAN_POINT('',(0.861712908588,0.951,-0.197781352415));
#5169 = VECTOR('',#5170,1.);
#5170 = DIRECTION('',(0.,-1.,0.));
#5171 = ORIENTED_EDGE('',*,*,#5172,.F.);
#5172 = EDGE_CURVE('',#5141,#5165,#5173,.T.);
#5173 = LINE('',#5174,#5175);
#5174 = CARTESIAN_POINT('',(0.861712908588,0.951,-0.197781352415));
#5175 = VECTOR('',#5176,1.);
#5176 = DIRECTION('',(-7.092178509005E-03,0.,0.999974850186));
#5177 = ORIENTED_EDGE('',*,*,#5140,.T.);
#5178 = PLANE('',#5179);
#5179 = AXIS2_PLACEMENT_3D('',#5180,#5181,#5182);
#5180 = CARTESIAN_POINT('',(0.861712908588,0.951,-0.197781352415));
#5181 = DIRECTION('',(0.999974850186,0.,7.092178509005E-03));
#5182 = DIRECTION('',(7.092178509005E-03,0.,-0.999974850186));
#5183 = ADVANCED_FACE('',(#5184),#5202,.F.);
#5184 = FACE_BOUND('',#5185,.T.);
#5185 = EDGE_LOOP('',(#5186,#5187,#5195,#5201));
#5186 = ORIENTED_EDGE('',*,*,#1311,.T.);
#5187 = ORIENTED_EDGE('',*,*,#5188,.F.);
#5188 = EDGE_CURVE('',#5189,#1304,#5191,.T.);
#5189 = VERTEX_POINT('',#5190);
#5190 = CARTESIAN_POINT('',(0.838162984075,0.951,-0.197948376884));
#5191 = LINE('',#5192,#5193);
#5192 = CARTESIAN_POINT('',(0.838162984075,0.951,-0.197948376884));
#5193 = VECTOR('',#5194,1.);
#5194 = DIRECTION('',(0.,-1.,0.));
#5195 = ORIENTED_EDGE('',*,*,#5196,.F.);
#5196 = EDGE_CURVE('',#5165,#5189,#5197,.T.);
#5197 = LINE('',#5198,#5199);
#5198 = CARTESIAN_POINT('',(0.838162984075,0.951,-0.197948376884));
#5199 = VECTOR('',#5200,1.);
#5200 = DIRECTION('',(-0.999974850186,0.,-7.092178509005E-03));
#5201 = ORIENTED_EDGE('',*,*,#5164,.T.);
#5202 = PLANE('',#5203);
#5203 = AXIS2_PLACEMENT_3D('',#5204,#5205,#5206);
#5204 = CARTESIAN_POINT('',(0.838162984075,0.951,-0.197948376884));
#5205 = DIRECTION('',(-7.092178509005E-03,0.,0.999974850186));
#5206 = DIRECTION('',(0.999974850186,0.,7.092178509005E-03));
#5207 = ADVANCED_FACE('',(#5208),#5226,.F.);
#5208 = FACE_BOUND('',#5209,.T.);
#5209 = EDGE_LOOP('',(#5210,#5211,#5219,#5225));
#5210 = ORIENTED_EDGE('',*,*,#1303,.T.);
#5211 = ORIENTED_EDGE('',*,*,#5212,.F.);
#5212 = EDGE_CURVE('',#5213,#1296,#5215,.T.);
#5213 = VERTEX_POINT('',#5214);
#5214 = CARTESIAN_POINT('',(0.83811320857,0.951,-0.19093018746));
#5215 = LINE('',#5216,#5217);
#5216 = CARTESIAN_POINT('',(0.83811320857,0.951,-0.19093018746));
#5217 = VECTOR('',#5218,1.);
#5218 = DIRECTION('',(0.,-1.,0.));
#5219 = ORIENTED_EDGE('',*,*,#5220,.F.);
#5220 = EDGE_CURVE('',#5189,#5213,#5221,.T.);
#5221 = LINE('',#5222,#5223);
#5222 = CARTESIAN_POINT('',(0.83811320857,0.951,-0.19093018746));
#5223 = VECTOR('',#5224,1.);
#5224 = DIRECTION('',(-7.092178509005E-03,0.,0.999974850186));
#5225 = ORIENTED_EDGE('',*,*,#5188,.T.);
#5226 = PLANE('',#5227);
#5227 = AXIS2_PLACEMENT_3D('',#5228,#5229,#5230);
#5228 = CARTESIAN_POINT('',(0.83811320857,0.951,-0.19093018746));
#5229 = DIRECTION('',(0.999974850186,0.,7.092178509005E-03));
#5230 = DIRECTION('',(7.092178509005E-03,0.,-0.999974850186));
#5231 = ADVANCED_FACE('',(#5232),#5250,.F.);
#5232 = FACE_BOUND('',#5233,.T.);
#5233 = EDGE_LOOP('',(#5234,#5235,#5243,#5249));
#5234 = ORIENTED_EDGE('',*,*,#1295,.T.);
#5235 = ORIENTED_EDGE('',*,*,#5236,.F.);
#5236 = EDGE_CURVE('',#5237,#1288,#5239,.T.);
#5237 = VERTEX_POINT('',#5238);
#5238 = CARTESIAN_POINT('',(0.869539101216,0.951,-0.190707303814));
#5239 = LINE('',#5240,#5241);
#5240 = CARTESIAN_POINT('',(0.869539101216,0.951,-0.190707303814));
#5241 = VECTOR('',#5242,1.);
#5242 = DIRECTION('',(0.,-1.,0.));
#5243 = ORIENTED_EDGE('',*,*,#5244,.F.);
#5244 = EDGE_CURVE('',#5213,#5237,#5245,.T.);
#5245 = LINE('',#5246,#5247);
#5246 = CARTESIAN_POINT('',(0.869539101216,0.951,-0.190707303814));
#5247 = VECTOR('',#5248,1.);
#5248 = DIRECTION('',(0.999974850186,0.,7.092178509005E-03));
#5249 = ORIENTED_EDGE('',*,*,#5212,.T.);
#5250 = PLANE('',#5251);
#5251 = AXIS2_PLACEMENT_3D('',#5252,#5253,#5254);
#5252 = CARTESIAN_POINT('',(0.869539101216,0.951,-0.190707303814));
#5253 = DIRECTION('',(7.092178509005E-03,0.,-0.999974850186));
#5254 = DIRECTION('',(-0.999974850186,0.,-7.092178509005E-03));
#5255 = ADVANCED_FACE('',(#5256),#5274,.F.);
#5256 = FACE_BOUND('',#5257,.T.);
#5257 = EDGE_LOOP('',(#5258,#5259,#5267,#5273));
#5258 = ORIENTED_EDGE('',*,*,#1287,.T.);
#5259 = ORIENTED_EDGE('',*,*,#5260,.F.);
#5260 = EDGE_CURVE('',#5261,#1280,#5263,.T.);
#5261 = VERTEX_POINT('',#5262);
#5262 = CARTESIAN_POINT('',(0.869971816265,0.951,-0.251718763878));
#5263 = LINE('',#5264,#5265);
#5264 = CARTESIAN_POINT('',(0.869971816265,0.951,-0.251718763878));
#5265 = VECTOR('',#5266,1.);
#5266 = DIRECTION('',(0.,-1.,0.));
#5267 = ORIENTED_EDGE('',*,*,#5268,.F.);
#5268 = EDGE_CURVE('',#5237,#5261,#5269,.T.);
#5269 = LINE('',#5270,#5271);
#5270 = CARTESIAN_POINT('',(0.869971816265,0.951,-0.251718763878));
#5271 = VECTOR('',#5272,1.);
#5272 = DIRECTION('',(7.092178509005E-03,0.,-0.999974850186));
#5273 = ORIENTED_EDGE('',*,*,#5236,.T.);
#5274 = PLANE('',#5275);
#5275 = AXIS2_PLACEMENT_3D('',#5276,#5277,#5278);
#5276 = CARTESIAN_POINT('',(0.869971816265,0.951,-0.251718763878));
#5277 = DIRECTION('',(-0.999974850186,0.,-7.092178509005E-03));
#5278 = DIRECTION('',(-7.092178509005E-03,0.,0.999974850186));
#5279 = ADVANCED_FACE('',(#5280),#5291,.F.);
#5280 = FACE_BOUND('',#5281,.T.);
#5281 = EDGE_LOOP('',(#5282,#5283,#5284,#5290));
#5282 = ORIENTED_EDGE('',*,*,#1279,.T.);
#5283 = ORIENTED_EDGE('',*,*,#5029,.F.);
#5284 = ORIENTED_EDGE('',*,*,#5285,.F.);
#5285 = EDGE_CURVE('',#5261,#5022,#5286,.T.);
#5286 = LINE('',#5287,#5288);
#5287 = CARTESIAN_POINT('',(0.837157881711,0.951,-0.251951492012));
#5288 = VECTOR('',#5289,1.);
#5289 = DIRECTION('',(-0.999974850186,0.,-7.092178509005E-03));
#5290 = ORIENTED_EDGE('',*,*,#5260,.T.);
#5291 = PLANE('',#5292);
#5292 = AXIS2_PLACEMENT_3D('',#5293,#5294,#5295);
#5293 = CARTESIAN_POINT('',(0.837157881711,0.951,-0.251951492012));
#5294 = DIRECTION('',(-7.092178509005E-03,0.,0.999974850186));
#5295 = DIRECTION('',(0.999974850186,0.,7.092178509005E-03));
#5296 = ADVANCED_FACE('',(#5297),#5311,.F.);
#5297 = FACE_BOUND('',#5298,.T.);
#5298 = EDGE_LOOP('',(#5299,#5300,#5301,#5302,#5303,#5304,#5305,#5306,
    #5307,#5308,#5309,#5310));
#5299 = ORIENTED_EDGE('',*,*,#5021,.T.);
#5300 = ORIENTED_EDGE('',*,*,#5052,.T.);
#5301 = ORIENTED_EDGE('',*,*,#5076,.T.);
#5302 = ORIENTED_EDGE('',*,*,#5100,.T.);
#5303 = ORIENTED_EDGE('',*,*,#5124,.T.);
#5304 = ORIENTED_EDGE('',*,*,#5148,.T.);
#5305 = ORIENTED_EDGE('',*,*,#5172,.T.);
#5306 = ORIENTED_EDGE('',*,*,#5196,.T.);
#5307 = ORIENTED_EDGE('',*,*,#5220,.T.);
#5308 = ORIENTED_EDGE('',*,*,#5244,.T.);
#5309 = ORIENTED_EDGE('',*,*,#5268,.T.);
#5310 = ORIENTED_EDGE('',*,*,#5285,.T.);
#5311 = PLANE('',#5312);
#5312 = AXIS2_PLACEMENT_3D('',#5313,#5314,#5315);
#5313 = CARTESIAN_POINT('',(0.,0.951,0.));
#5314 = DIRECTION('',(0.,-1.,0.));
#5315 = DIRECTION('',(0.,0.,-1.));
#5316 = ADVANCED_FACE('',(#5317,#5439),#5511,.T.);
#5317 = FACE_BOUND('',#5318,.T.);
#5318 = EDGE_LOOP('',(#5319,#5330,#5338,#5347,#5356,#5364,#5373,#5382,
    #5391,#5400,#5408,#5416,#5424,#5432));
#5319 = ORIENTED_EDGE('',*,*,#5320,.T.);
#5320 = EDGE_CURVE('',#5321,#5323,#5325,.T.);
#5321 = VERTEX_POINT('',#5322);
#5322 = CARTESIAN_POINT('',(0.810266207999,0.951,-0.20756667442));
#5323 = VERTEX_POINT('',#5324);
#5324 = CARTESIAN_POINT('',(0.825298296572,0.951,-0.211515219344));
#5325 = B_SPLINE_CURVE_WITH_KNOTS('',3,(#5326,#5327,#5328,#5329),
  .UNSPECIFIED.,.F.,.F.,(4,4),(0.,1.),.PIECEWISE_BEZIER_KNOTS.);
#5326 = CARTESIAN_POINT('',(0.810266207999,0.951,-0.20756667442));
#5327 = CARTESIAN_POINT('',(0.815943143445,0.951,-0.207526411568));
#5328 = CARTESIAN_POINT('',(0.820958964553,0.951,-0.208832159021));
#5329 = CARTESIAN_POINT('',(0.825298296572,0.951,-0.211515219344));
#5330 = ORIENTED_EDGE('',*,*,#5331,.T.);
#5331 = EDGE_CURVE('',#5323,#5332,#5334,.T.);
#5332 = VERTEX_POINT('',#5333);
#5333 = CARTESIAN_POINT('',(0.825350947994,0.951,-0.218938904157));
#5334 = LINE('',#5335,#5336);
#5335 = CARTESIAN_POINT('',(0.825350947994,0.951,-0.218938904157));
#5336 = VECTOR('',#5337,1.);
#5337 = DIRECTION('',(7.092178509005E-03,0.,-0.999974850186));
#5338 = ORIENTED_EDGE('',*,*,#5339,.T.);
#5339 = EDGE_CURVE('',#5332,#5340,#5342,.T.);
#5340 = VERTEX_POINT('',#5341);
#5341 = CARTESIAN_POINT('',(0.811027646586,0.951,-0.213768784904));
#5342 = B_SPLINE_CURVE_WITH_KNOTS('',3,(#5343,#5344,#5345,#5346),
  .UNSPECIFIED.,.F.,.F.,(4,4),(12.,13.),.PIECEWISE_BEZIER_KNOTS.);
#5343 = CARTESIAN_POINT('',(0.825350947994,0.951,-0.218938904157));
#5344 = CARTESIAN_POINT('',(0.82102168134,0.951,-0.215475934397));
#5345 = CARTESIAN_POINT('',(0.816252298714,0.951,-0.213731729807));
#5346 = CARTESIAN_POINT('',(0.811027646586,0.951,-0.213768784904));
#5347 = ORIENTED_EDGE('',*,*,#5348,.T.);
#5348 = EDGE_CURVE('',#5340,#5349,#5351,.T.);
#5349 = VERTEX_POINT('',#5350);
#5350 = CARTESIAN_POINT('',(0.802275982654,0.951,-0.224499039352));
#5351 = B_SPLINE_CURVE_WITH_KNOTS('',3,(#5352,#5353,#5354,#5355),
  .UNSPECIFIED.,.F.,.F.,(4,4),(11.,12.),.PIECEWISE_BEZIER_KNOTS.);
#5352 = CARTESIAN_POINT('',(0.811027646586,0.951,-0.213768784904));
#5353 = CARTESIAN_POINT('',(0.805147963446,0.951,-0.213810485715));
#5354 = CARTESIAN_POINT('',(0.802225543477,0.951,-0.217387274069));
#5355 = CARTESIAN_POINT('',(0.802275982654,0.951,-0.224499039352));
#5356 = ORIENTED_EDGE('',*,*,#5357,.T.);
#5357 = EDGE_CURVE('',#5349,#5358,#5360,.T.);
#5358 = VERTEX_POINT('',#5359);
#5359 = CARTESIAN_POINT('',(0.815202282214,0.951,-0.226216585699));
#5360 = LINE('',#5361,#5362);
#5361 = CARTESIAN_POINT('',(0.815202282214,0.951,-0.226216585699));
#5362 = VECTOR('',#5363,1.);
#5363 = DIRECTION('',(0.991287678229,0.,-0.131714611911));
#5364 = ORIENTED_EDGE('',*,*,#5365,.T.);
#5365 = EDGE_CURVE('',#5358,#5366,#5368,.T.);
#5366 = VERTEX_POINT('',#5367);
#5367 = CARTESIAN_POINT('',(0.829760630784,0.951,-0.240337578728));
#5368 = B_SPLINE_CURVE_WITH_KNOTS('',3,(#5369,#5370,#5371,#5372),
  .UNSPECIFIED.,.F.,.F.,(4,4),(9.,10.),.PIECEWISE_BEZIER_KNOTS.);
#5369 = CARTESIAN_POINT('',(0.815202282214,0.951,-0.226216585699));
#5370 = CARTESIAN_POINT('',(0.824850108342,0.951,-0.227489481319));
#5371 = CARTESIAN_POINT('',(0.829702891199,0.951,-0.232196478995));
#5372 = CARTESIAN_POINT('',(0.829760630784,0.951,-0.240337578728));
#5373 = ORIENTED_EDGE('',*,*,#5374,.T.);
#5374 = EDGE_CURVE('',#5366,#5375,#5377,.T.);
#5375 = VERTEX_POINT('',#5376);
#5376 = CARTESIAN_POINT('',(0.826083300089,0.951,-0.249628135704));
#5377 = B_SPLINE_CURVE_WITH_KNOTS('',3,(#5378,#5379,#5380,#5381),
  .UNSPECIFIED.,.F.,.F.,(4,4),(8.,9.),.PIECEWISE_BEZIER_KNOTS.);
#5378 = CARTESIAN_POINT('',(0.829760630784,0.951,-0.240337578728));
#5379 = CARTESIAN_POINT('',(0.829788283841,0.951,-0.244236572852));
#5380 = CARTESIAN_POINT('',(0.828562506943,0.951,-0.247333425178));
#5381 = CARTESIAN_POINT('',(0.826083300089,0.951,-0.249628135704));
#5382 = ORIENTED_EDGE('',*,*,#5383,.T.);
#5383 = EDGE_CURVE('',#5375,#5384,#5386,.T.);
#5384 = VERTEX_POINT('',#5385);
#5385 = CARTESIAN_POINT('',(0.816032633962,0.951,-0.253130706035));
#5386 = B_SPLINE_CURVE_WITH_KNOTS('',3,(#5387,#5388,#5389,#5390),
  .UNSPECIFIED.,.F.,.F.,(4,4),(7.,8.),.PIECEWISE_BEZIER_KNOTS.);
#5387 = CARTESIAN_POINT('',(0.826083300089,0.951,-0.249628135704));
#5388 = CARTESIAN_POINT('',(0.823604093235,0.951,-0.251922846229));
#5389 = CARTESIAN_POINT('',(0.820259143593,0.951,-0.25310073012));
#5390 = CARTESIAN_POINT('',(0.816032633962,0.951,-0.253130706035));
#5391 = ORIENTED_EDGE('',*,*,#5392,.T.);
#5392 = EDGE_CURVE('',#5384,#5393,#5395,.T.);
#5393 = VERTEX_POINT('',#5394);
#5394 = CARTESIAN_POINT('',(0.802627393187,0.951,-0.245458593808));
#5395 = B_SPLINE_CURVE_WITH_KNOTS('',3,(#5396,#5397,#5398,#5399),
  .UNSPECIFIED.,.F.,.F.,(4,4),(6.,7.),.PIECEWISE_BEZIER_KNOTS.);
#5396 = CARTESIAN_POINT('',(0.816032633962,0.951,-0.253130706035));
#5397 = CARTESIAN_POINT('',(0.810152950822,0.951,-0.253172406846));
#5398 = CARTESIAN_POINT('',(0.805674139912,0.951,-0.250615109845));
#5399 = CARTESIAN_POINT('',(0.802627393187,0.951,-0.245458593808));
#5400 = ORIENTED_EDGE('',*,*,#5401,.T.);
#5401 = EDGE_CURVE('',#5393,#5402,#5404,.T.);
#5402 = VERTEX_POINT('',#5403);
#5403 = CARTESIAN_POINT('',(0.802424645493,0.951,-0.245460031767));
#5404 = LINE('',#5405,#5406);
#5405 = CARTESIAN_POINT('',(0.802424645493,0.951,-0.245460031767));
#5406 = VECTOR('',#5407,1.);
#5407 = DIRECTION('',(-0.999974850186,0.,-7.092178509005E-03));
#5408 = ORIENTED_EDGE('',*,*,#5409,.T.);
#5409 = EDGE_CURVE('',#5402,#5410,#5412,.T.);
#5410 = VERTEX_POINT('',#5411);
#5411 = CARTESIAN_POINT('',(0.802472429977,0.951,-0.252197493615));
#5412 = LINE('',#5413,#5414);
#5413 = CARTESIAN_POINT('',(0.802472429977,0.951,-0.252197493615));
#5414 = VECTOR('',#5415,1.);
#5415 = DIRECTION('',(7.092178509005E-03,0.,-0.999974850186));
#5416 = ORIENTED_EDGE('',*,*,#5417,.T.);
#5417 = EDGE_CURVE('',#5410,#5418,#5420,.T.);
#5418 = VERTEX_POINT('',#5419);
#5419 = CARTESIAN_POINT('',(0.794830401492,0.951,-0.252251693608));
#5420 = LINE('',#5421,#5422);
#5421 = CARTESIAN_POINT('',(0.794830401492,0.951,-0.252251693608));
#5422 = VECTOR('',#5423,1.);
#5423 = DIRECTION('',(-0.999974850186,0.,-7.092178509005E-03));
#5424 = ORIENTED_EDGE('',*,*,#5425,.T.);
#5425 = EDGE_CURVE('',#5418,#5426,#5428,.T.);
#5426 = VERTEX_POINT('',#5427);
#5427 = CARTESIAN_POINT('',(0.794631520701,0.951,-0.224210127863));
#5428 = LINE('',#5429,#5430);
#5429 = CARTESIAN_POINT('',(0.794631520701,0.951,-0.224210127863));
#5430 = VECTOR('',#5431,1.);
#5431 = DIRECTION('',(-7.092178509005E-03,0.,0.999974850186));
#5432 = ORIENTED_EDGE('',*,*,#5433,.T.);
#5433 = EDGE_CURVE('',#5426,#5321,#5434,.T.);
#5434 = B_SPLINE_CURVE_WITH_KNOTS('',3,(#5435,#5436,#5437,#5438),
  .UNSPECIFIED.,.F.,.F.,(4,4),(1.,2.),.PIECEWISE_BEZIER_KNOTS.);
#5435 = CARTESIAN_POINT('',(0.794631520701,0.951,-0.224210127863));
#5436 = CARTESIAN_POINT('',(0.794553207241,0.951,-0.213168176502));
#5437 = CARTESIAN_POINT('',(0.799770115816,0.951,-0.207641116452));
#5438 = CARTESIAN_POINT('',(0.810266207999,0.951,-0.20756667442));
#5439 = FACE_BOUND('',#5440,.T.);
#5440 = EDGE_LOOP('',(#5441,#5452,#5461,#5469,#5477,#5486,#5495,#5504));
#5441 = ORIENTED_EDGE('',*,*,#5442,.F.);
#5442 = EDGE_CURVE('',#5443,#5445,#5447,.T.);
#5443 = VERTEX_POINT('',#5444);
#5444 = CARTESIAN_POINT('',(0.8199383723,0.951,-0.234262117856));
#5445 = VERTEX_POINT('',#5446);
#5446 = CARTESIAN_POINT('',(0.822005005974,0.951,-0.239768713947));
#5447 = B_SPLINE_CURVE_WITH_KNOTS('',3,(#5448,#5449,#5450,#5451),
  .UNSPECIFIED.,.F.,.F.,(4,4),(1.,2.),.PIECEWISE_BEZIER_KNOTS.);
#5448 = CARTESIAN_POINT('',(0.8199383723,0.951,-0.234262117856));
#5449 = CARTESIAN_POINT('',(0.821288917706,0.951,-0.23556266723));
#5450 = CARTESIAN_POINT('',(0.821988192915,0.951,-0.237398125519));
#5451 = CARTESIAN_POINT('',(0.822005005974,0.951,-0.239768713947));
#5452 = ORIENTED_EDGE('',*,*,#5453,.F.);
#5453 = EDGE_CURVE('',#5454,#5443,#5456,.T.);
#5454 = VERTEX_POINT('',#5455);
#5455 = CARTESIAN_POINT('',(0.812526854135,0.951,-0.231632040096));
#5456 = B_SPLINE_CURVE_WITH_KNOTS('',3,(#5457,#5458,#5459,#5460),
  .UNSPECIFIED.,.F.,.F.,(4,4),(0.,1.),.PIECEWISE_BEZIER_KNOTS.);
#5457 = CARTESIAN_POINT('',(0.812526854135,0.951,-0.231632040096));
#5458 = CARTESIAN_POINT('',(0.816101872345,0.951,-0.232105781143));
#5459 = CARTESIAN_POINT('',(0.818572230917,0.951,-0.232961679094));
#5460 = CARTESIAN_POINT('',(0.8199383723,0.951,-0.234262117856));
#5461 = ORIENTED_EDGE('',*,*,#5462,.F.);
#5462 = EDGE_CURVE('',#5463,#5454,#5465,.T.);
#5463 = VERTEX_POINT('',#5464);
#5464 = CARTESIAN_POINT('',(0.802317351629,0.951,-0.230331934563));
#5465 = LINE('',#5466,#5467);
#5466 = CARTESIAN_POINT('',(0.802317351629,0.951,-0.230331934563));
#5467 = VECTOR('',#5468,1.);
#5468 = DIRECTION('',(0.991989216912,0.,-0.126322577276));
#5469 = ORIENTED_EDGE('',*,*,#5470,.F.);
#5470 = EDGE_CURVE('',#5471,#5463,#5473,.T.);
#5471 = VERTEX_POINT('',#5472);
#5472 = CARTESIAN_POINT('',(0.802346995707,0.951,-0.234511656265));
#5473 = LINE('',#5474,#5475);
#5474 = CARTESIAN_POINT('',(0.802346995707,0.951,-0.234511656265));
#5475 = VECTOR('',#5476,1.);
#5476 = DIRECTION('',(-7.092178509005E-03,0.,0.999974850186));
#5477 = ORIENTED_EDGE('',*,*,#5478,.F.);
#5478 = EDGE_CURVE('',#5479,#5471,#5481,.T.);
#5479 = VERTEX_POINT('',#5480);
#5480 = CARTESIAN_POINT('',(0.805685199743,0.951,-0.243378134301));
#5481 = B_SPLINE_CURVE_WITH_KNOTS('',3,(#5482,#5483,#5484,#5485),
  .UNSPECIFIED.,.F.,.F.,(4,4),(5.,6.),.PIECEWISE_BEZIER_KNOTS.);
#5482 = CARTESIAN_POINT('',(0.805685199743,0.951,-0.243378134301));
#5483 = CARTESIAN_POINT('',(0.803485171199,0.951,-0.241054223538));
#5484 = CARTESIAN_POINT('',(0.80237243652,0.951,-0.23809873086));
#5485 = CARTESIAN_POINT('',(0.802346995707,0.951,-0.234511656265));
#5486 = ORIENTED_EDGE('',*,*,#5487,.F.);
#5487 = EDGE_CURVE('',#5488,#5479,#5490,.T.);
#5488 = VERTEX_POINT('',#5489);
#5489 = CARTESIAN_POINT('',(0.814007478829,0.951,-0.246875171235));
#5490 = B_SPLINE_CURVE_WITH_KNOTS('',3,(#5491,#5492,#5493,#5494),
  .UNSPECIFIED.,.F.,.F.,(4,4),(4.,5.),.PIECEWISE_BEZIER_KNOTS.);
#5491 = CARTESIAN_POINT('',(0.814007478829,0.951,-0.246875171235));
#5492 = CARTESIAN_POINT('',(0.810654343882,0.951,-0.246898952865));
#5493 = CARTESIAN_POINT('',(0.807869853536,0.951,-0.245733347629));
#5494 = CARTESIAN_POINT('',(0.805685199743,0.951,-0.243378134301));
#5495 = ORIENTED_EDGE('',*,*,#5496,.F.);
#5496 = EDGE_CURVE('',#5497,#5488,#5499,.T.);
#5497 = VERTEX_POINT('',#5498);
#5498 = CARTESIAN_POINT('',(0.819826436899,0.951,-0.244868709222));
#5499 = B_SPLINE_CURVE_WITH_KNOTS('',3,(#5500,#5501,#5502,#5503),
  .UNSPECIFIED.,.F.,.F.,(4,4),(3.,4.),.PIECEWISE_BEZIER_KNOTS.);
#5500 = CARTESIAN_POINT('',(0.819826436899,0.951,-0.244868709222));
#5501 = CARTESIAN_POINT('',(0.818369706535,0.951,-0.246189168798));
#5502 = CARTESIAN_POINT('',(0.816424855187,0.951,-0.24685802634));
#5503 = CARTESIAN_POINT('',(0.814007478829,0.951,-0.246875171235));
#5504 = ORIENTED_EDGE('',*,*,#5505,.F.);
#5505 = EDGE_CURVE('',#5445,#5497,#5506,.T.);
#5506 = B_SPLINE_CURVE_WITH_KNOTS('',3,(#5507,#5508,#5509,#5510),
  .UNSPECIFIED.,.F.,.F.,(4,4),(2.,3.),.PIECEWISE_BEZIER_KNOTS.);
#5507 = CARTESIAN_POINT('',(0.822005005974,0.951,-0.239768713947));
#5508 = CARTESIAN_POINT('',(0.822019828013,0.951,-0.241858574797));
#5509 = CARTESIAN_POINT('',(0.821298763239,0.951,-0.243548139034));
#5510 = CARTESIAN_POINT('',(0.819826436899,0.951,-0.244868709222));
#5511 = PLANE('',#5512);
#5512 = AXIS2_PLACEMENT_3D('',#5513,#5514,#5515);
#5513 = CARTESIAN_POINT('',(0.818283853571,0.951,-0.208519700691));
#5514 = DIRECTION('',(0.,1.,0.));
#5515 = DIRECTION('',(0.,-0.,1.));
#5516 = ADVANCED_FACE('',(#5517),#5533,.F.);
#5517 = FACE_BOUND('',#5518,.F.);
#5518 = EDGE_LOOP('',(#5519,#5525,#5526,#5532));
#5519 = ORIENTED_EDGE('',*,*,#5520,.F.);
#5520 = EDGE_CURVE('',#5321,#698,#5521,.T.);
#5521 = LINE('',#5522,#5523);
#5522 = CARTESIAN_POINT('',(0.810266207999,0.951,-0.20756667442));
#5523 = VECTOR('',#5524,1.);
#5524 = DIRECTION('',(0.,-1.,0.));
#5525 = ORIENTED_EDGE('',*,*,#5320,.T.);
#5526 = ORIENTED_EDGE('',*,*,#5527,.T.);
#5527 = EDGE_CURVE('',#5323,#688,#5528,.T.);
#5528 = LINE('',#5529,#5530);
#5529 = CARTESIAN_POINT('',(0.825298296572,0.951,-0.211515219344));
#5530 = VECTOR('',#5531,1.);
#5531 = DIRECTION('',(0.,-1.,0.));
#5532 = ORIENTED_EDGE('',*,*,#697,.F.);
#5533 = B_SPLINE_SURFACE_WITH_KNOTS('',3,1,(
    (#5534,#5535)
    ,(#5536,#5537)
    ,(#5538,#5539)
    ,(#5540,#5541
    )),.UNSPECIFIED.,.F.,.F.,.F.,(4,4),(2,2),(0.,1.),(0.,1.),
  .PIECEWISE_BEZIER_KNOTS.);
#5534 = CARTESIAN_POINT('',(0.810266207999,0.951,-0.20756667442));
#5535 = CARTESIAN_POINT('',(0.810266207999,0.949999999999,-0.20756667442
    ));
#5536 = CARTESIAN_POINT('',(0.815943143445,0.951,-0.207526411568));
#5537 = CARTESIAN_POINT('',(0.815943143445,0.949999999999,
    -0.207526411568));
#5538 = CARTESIAN_POINT('',(0.820958964553,0.951,-0.208832159021));
#5539 = CARTESIAN_POINT('',(0.820958964553,0.949999999999,
    -0.208832159021));
#5540 = CARTESIAN_POINT('',(0.825298296572,0.951,-0.211515219344));
#5541 = CARTESIAN_POINT('',(0.825298296572,0.949999999999,
    -0.211515219344));
#5542 = ADVANCED_FACE('',(#5543),#5554,.F.);
#5543 = FACE_BOUND('',#5544,.T.);
#5544 = EDGE_LOOP('',(#5545,#5546,#5552,#5553));
#5545 = ORIENTED_EDGE('',*,*,#687,.T.);
#5546 = ORIENTED_EDGE('',*,*,#5547,.F.);
#5547 = EDGE_CURVE('',#5332,#690,#5548,.T.);
#5548 = LINE('',#5549,#5550);
#5549 = CARTESIAN_POINT('',(0.825350947994,0.951,-0.218938904157));
#5550 = VECTOR('',#5551,1.);
#5551 = DIRECTION('',(0.,-1.,0.));
#5552 = ORIENTED_EDGE('',*,*,#5331,.F.);
#5553 = ORIENTED_EDGE('',*,*,#5527,.T.);
#5554 = PLANE('',#5555);
#5555 = AXIS2_PLACEMENT_3D('',#5556,#5557,#5558);
#5556 = CARTESIAN_POINT('',(0.825350947994,0.951,-0.218938904157));
#5557 = DIRECTION('',(-0.999974850186,0.,-7.092178509005E-03));
#5558 = DIRECTION('',(-7.092178509005E-03,0.,0.999974850186));
#5559 = ADVANCED_FACE('',(#5560),#5571,.F.);
#5560 = FACE_BOUND('',#5561,.F.);
#5561 = EDGE_LOOP('',(#5562,#5563,#5564,#5570));
#5562 = ORIENTED_EDGE('',*,*,#5547,.F.);
#5563 = ORIENTED_EDGE('',*,*,#5339,.T.);
#5564 = ORIENTED_EDGE('',*,*,#5565,.T.);
#5565 = EDGE_CURVE('',#5340,#792,#5566,.T.);
#5566 = LINE('',#5567,#5568);
#5567 = CARTESIAN_POINT('',(0.811027646586,0.951,-0.213768784904));
#5568 = VECTOR('',#5569,1.);
#5569 = DIRECTION('',(0.,-1.,0.));
#5570 = ORIENTED_EDGE('',*,*,#800,.F.);
#5571 = B_SPLINE_SURFACE_WITH_KNOTS('',3,1,(
    (#5572,#5573)
    ,(#5574,#5575)
    ,(#5576,#5577)
    ,(#5578,#5579
    )),.UNSPECIFIED.,.F.,.F.,.F.,(4,4),(2,2),(12.,13.),(0.,1.),
  .PIECEWISE_BEZIER_KNOTS.);
#5572 = CARTESIAN_POINT('',(0.825350947994,0.951,-0.218938904157));
#5573 = CARTESIAN_POINT('',(0.825350947994,0.95,-0.218938904157));
#5574 = CARTESIAN_POINT('',(0.82102168134,0.951,-0.215475934397));
#5575 = CARTESIAN_POINT('',(0.82102168134,0.95,-0.215475934397));
#5576 = CARTESIAN_POINT('',(0.816252298714,0.951,-0.213731729807));
#5577 = CARTESIAN_POINT('',(0.816252298714,0.95,-0.213731729807));
#5578 = CARTESIAN_POINT('',(0.811027646586,0.951,-0.213768784904));
#5579 = CARTESIAN_POINT('',(0.811027646586,0.95,-0.213768784904));
#5580 = ADVANCED_FACE('',(#5581),#5592,.F.);
#5581 = FACE_BOUND('',#5582,.F.);
#5582 = EDGE_LOOP('',(#5583,#5584,#5585,#5591));
#5583 = ORIENTED_EDGE('',*,*,#5565,.F.);
#5584 = ORIENTED_EDGE('',*,*,#5348,.T.);
#5585 = ORIENTED_EDGE('',*,*,#5586,.T.);
#5586 = EDGE_CURVE('',#5349,#784,#5587,.T.);
#5587 = LINE('',#5588,#5589);
#5588 = CARTESIAN_POINT('',(0.802275982654,0.951,-0.224499039352));
#5589 = VECTOR('',#5590,1.);
#5590 = DIRECTION('',(0.,-1.,0.));
#5591 = ORIENTED_EDGE('',*,*,#791,.F.);
#5592 = B_SPLINE_SURFACE_WITH_KNOTS('',3,1,(
    (#5593,#5594)
    ,(#5595,#5596)
    ,(#5597,#5598)
    ,(#5599,#5600
    )),.UNSPECIFIED.,.F.,.F.,.F.,(4,4),(2,2),(11.,12.),(0.,1.),
  .PIECEWISE_BEZIER_KNOTS.);
#5593 = CARTESIAN_POINT('',(0.811027646586,0.951,-0.213768784904));
#5594 = CARTESIAN_POINT('',(0.811027646586,0.949999999999,
    -0.213768784904));
#5595 = CARTESIAN_POINT('',(0.805147963446,0.951,-0.213810485715));
#5596 = CARTESIAN_POINT('',(0.805147963446,0.949999999999,
    -0.213810485715));
#5597 = CARTESIAN_POINT('',(0.802225543477,0.951,-0.217387274069));
#5598 = CARTESIAN_POINT('',(0.802225543477,0.949999999999,
    -0.217387274069));
#5599 = CARTESIAN_POINT('',(0.802275982654,0.951,-0.224499039352));
#5600 = CARTESIAN_POINT('',(0.802275982654,0.949999999999,
    -0.224499039352));
#5601 = ADVANCED_FACE('',(#5602),#5613,.F.);
#5602 = FACE_BOUND('',#5603,.T.);
#5603 = EDGE_LOOP('',(#5604,#5605,#5611,#5612));
#5604 = ORIENTED_EDGE('',*,*,#783,.T.);
#5605 = ORIENTED_EDGE('',*,*,#5606,.F.);
#5606 = EDGE_CURVE('',#5358,#775,#5607,.T.);
#5607 = LINE('',#5608,#5609);
#5608 = CARTESIAN_POINT('',(0.815202282214,0.951,-0.226216585699));
#5609 = VECTOR('',#5610,1.);
#5610 = DIRECTION('',(0.,-1.,0.));
#5611 = ORIENTED_EDGE('',*,*,#5357,.F.);
#5612 = ORIENTED_EDGE('',*,*,#5586,.T.);
#5613 = PLANE('',#5614);
#5614 = AXIS2_PLACEMENT_3D('',#5615,#5616,#5617);
#5615 = CARTESIAN_POINT('',(0.815202282214,0.951,-0.226216585699));
#5616 = DIRECTION('',(-0.131714611911,0.,-0.991287678229));
#5617 = DIRECTION('',(-0.991287678229,0.,0.131714611911));
#5618 = ADVANCED_FACE('',(#5619),#5630,.F.);
#5619 = FACE_BOUND('',#5620,.F.);
#5620 = EDGE_LOOP('',(#5621,#5622,#5623,#5629));
#5621 = ORIENTED_EDGE('',*,*,#5606,.F.);
#5622 = ORIENTED_EDGE('',*,*,#5365,.T.);
#5623 = ORIENTED_EDGE('',*,*,#5624,.T.);
#5624 = EDGE_CURVE('',#5366,#766,#5625,.T.);
#5625 = LINE('',#5626,#5627);
#5626 = CARTESIAN_POINT('',(0.829760630784,0.951,-0.240337578728));
#5627 = VECTOR('',#5628,1.);
#5628 = DIRECTION('',(0.,-1.,0.));
#5629 = ORIENTED_EDGE('',*,*,#774,.F.);
#5630 = B_SPLINE_SURFACE_WITH_KNOTS('',3,1,(
    (#5631,#5632)
    ,(#5633,#5634)
    ,(#5635,#5636)
    ,(#5637,#5638
    )),.UNSPECIFIED.,.F.,.F.,.F.,(4,4),(2,2),(9.,10.),(0.,1.),
  .PIECEWISE_BEZIER_KNOTS.);
#5631 = CARTESIAN_POINT('',(0.815202282214,0.951,-0.226216585699));
#5632 = CARTESIAN_POINT('',(0.815202282214,0.95,-0.226216585699));
#5633 = CARTESIAN_POINT('',(0.824850108342,0.951,-0.227489481319));
#5634 = CARTESIAN_POINT('',(0.824850108342,0.95,-0.227489481319));
#5635 = CARTESIAN_POINT('',(0.829702891199,0.951,-0.232196478995));
#5636 = CARTESIAN_POINT('',(0.829702891199,0.95,-0.232196478995));
#5637 = CARTESIAN_POINT('',(0.829760630784,0.951,-0.240337578728));
#5638 = CARTESIAN_POINT('',(0.829760630784,0.95,-0.240337578728));
#5639 = ADVANCED_FACE('',(#5640),#5651,.F.);
#5640 = FACE_BOUND('',#5641,.F.);
#5641 = EDGE_LOOP('',(#5642,#5643,#5644,#5650));
#5642 = ORIENTED_EDGE('',*,*,#5624,.F.);
#5643 = ORIENTED_EDGE('',*,*,#5374,.T.);
#5644 = ORIENTED_EDGE('',*,*,#5645,.T.);
#5645 = EDGE_CURVE('',#5375,#757,#5646,.T.);
#5646 = LINE('',#5647,#5648);
#5647 = CARTESIAN_POINT('',(0.826083300089,0.951,-0.249628135704));
#5648 = VECTOR('',#5649,1.);
#5649 = DIRECTION('',(0.,-1.,0.));
#5650 = ORIENTED_EDGE('',*,*,#765,.F.);
#5651 = B_SPLINE_SURFACE_WITH_KNOTS('',3,1,(
    (#5652,#5653)
    ,(#5654,#5655)
    ,(#5656,#5657)
    ,(#5658,#5659
    )),.UNSPECIFIED.,.F.,.F.,.F.,(4,4),(2,2),(8.,9.),(0.,1.),
  .PIECEWISE_BEZIER_KNOTS.);
#5652 = CARTESIAN_POINT('',(0.829760630784,0.951,-0.240337578728));
#5653 = CARTESIAN_POINT('',(0.829760630784,0.949999999999,
    -0.240337578728));
#5654 = CARTESIAN_POINT('',(0.829788283841,0.951,-0.244236572852));
#5655 = CARTESIAN_POINT('',(0.829788283841,0.949999999999,
    -0.244236572852));
#5656 = CARTESIAN_POINT('',(0.828562506943,0.951,-0.247333425178));
#5657 = CARTESIAN_POINT('',(0.828562506943,0.949999999999,
    -0.247333425178));
#5658 = CARTESIAN_POINT('',(0.826083300089,0.951,-0.249628135704));
#5659 = CARTESIAN_POINT('',(0.826083300089,0.949999999999,
    -0.249628135704));
#5660 = ADVANCED_FACE('',(#5661),#5672,.F.);
#5661 = FACE_BOUND('',#5662,.F.);
#5662 = EDGE_LOOP('',(#5663,#5664,#5665,#5671));
#5663 = ORIENTED_EDGE('',*,*,#5645,.F.);
#5664 = ORIENTED_EDGE('',*,*,#5383,.T.);
#5665 = ORIENTED_EDGE('',*,*,#5666,.T.);
#5666 = EDGE_CURVE('',#5384,#748,#5667,.T.);
#5667 = LINE('',#5668,#5669);
#5668 = CARTESIAN_POINT('',(0.816032633962,0.951,-0.253130706035));
#5669 = VECTOR('',#5670,1.);
#5670 = DIRECTION('',(0.,-1.,0.));
#5671 = ORIENTED_EDGE('',*,*,#756,.F.);
#5672 = B_SPLINE_SURFACE_WITH_KNOTS('',3,1,(
    (#5673,#5674)
    ,(#5675,#5676)
    ,(#5677,#5678)
    ,(#5679,#5680
    )),.UNSPECIFIED.,.F.,.F.,.F.,(4,4),(2,2),(7.,8.),(0.,1.),
  .PIECEWISE_BEZIER_KNOTS.);
#5673 = CARTESIAN_POINT('',(0.826083300089,0.951,-0.249628135704));
#5674 = CARTESIAN_POINT('',(0.826083300089,0.949999999999,
    -0.249628135704));
#5675 = CARTESIAN_POINT('',(0.823604093235,0.951,-0.251922846229));
#5676 = CARTESIAN_POINT('',(0.823604093235,0.949999999999,
    -0.251922846229));
#5677 = CARTESIAN_POINT('',(0.820259143593,0.951,-0.25310073012));
#5678 = CARTESIAN_POINT('',(0.820259143593,0.949999999999,-0.25310073012
    ));
#5679 = CARTESIAN_POINT('',(0.816032633962,0.951,-0.253130706035));
#5680 = CARTESIAN_POINT('',(0.816032633962,0.949999999999,
    -0.253130706035));
#5681 = ADVANCED_FACE('',(#5682),#5693,.F.);
#5682 = FACE_BOUND('',#5683,.F.);
#5683 = EDGE_LOOP('',(#5684,#5685,#5686,#5692));
#5684 = ORIENTED_EDGE('',*,*,#5666,.F.);
#5685 = ORIENTED_EDGE('',*,*,#5392,.T.);
#5686 = ORIENTED_EDGE('',*,*,#5687,.T.);
#5687 = EDGE_CURVE('',#5393,#740,#5688,.T.);
#5688 = LINE('',#5689,#5690);
#5689 = CARTESIAN_POINT('',(0.802627393187,0.951,-0.245458593808));
#5690 = VECTOR('',#5691,1.);
#5691 = DIRECTION('',(0.,-1.,0.));
#5692 = ORIENTED_EDGE('',*,*,#747,.F.);
#5693 = B_SPLINE_SURFACE_WITH_KNOTS('',3,1,(
    (#5694,#5695)
    ,(#5696,#5697)
    ,(#5698,#5699)
    ,(#5700,#5701
    )),.UNSPECIFIED.,.F.,.F.,.F.,(4,4),(2,2),(6.,7.),(0.,1.),
  .PIECEWISE_BEZIER_KNOTS.);
#5694 = CARTESIAN_POINT('',(0.816032633962,0.951,-0.253130706035));
#5695 = CARTESIAN_POINT('',(0.816032633962,0.949999999999,
    -0.253130706035));
#5696 = CARTESIAN_POINT('',(0.810152950822,0.951,-0.253172406846));
#5697 = CARTESIAN_POINT('',(0.810152950822,0.949999999999,
    -0.253172406846));
#5698 = CARTESIAN_POINT('',(0.805674139912,0.951,-0.250615109845));
#5699 = CARTESIAN_POINT('',(0.805674139912,0.949999999999,
    -0.250615109845));
#5700 = CARTESIAN_POINT('',(0.802627393187,0.951,-0.245458593808));
#5701 = CARTESIAN_POINT('',(0.802627393187,0.949999999999,
    -0.245458593808));
#5702 = ADVANCED_FACE('',(#5703),#5714,.F.);
#5703 = FACE_BOUND('',#5704,.T.);
#5704 = EDGE_LOOP('',(#5705,#5706,#5712,#5713));
#5705 = ORIENTED_EDGE('',*,*,#739,.T.);
#5706 = ORIENTED_EDGE('',*,*,#5707,.F.);
#5707 = EDGE_CURVE('',#5402,#732,#5708,.T.);
#5708 = LINE('',#5709,#5710);
#5709 = CARTESIAN_POINT('',(0.802424645493,0.951,-0.245460031767));
#5710 = VECTOR('',#5711,1.);
#5711 = DIRECTION('',(0.,-1.,0.));
#5712 = ORIENTED_EDGE('',*,*,#5401,.F.);
#5713 = ORIENTED_EDGE('',*,*,#5687,.T.);
#5714 = PLANE('',#5715);
#5715 = AXIS2_PLACEMENT_3D('',#5716,#5717,#5718);
#5716 = CARTESIAN_POINT('',(0.802424645493,0.951,-0.245460031767));
#5717 = DIRECTION('',(-7.092178509005E-03,0.,0.999974850186));
#5718 = DIRECTION('',(0.999974850186,0.,7.092178509005E-03));
#5719 = ADVANCED_FACE('',(#5720),#5731,.F.);
#5720 = FACE_BOUND('',#5721,.T.);
#5721 = EDGE_LOOP('',(#5722,#5723,#5729,#5730));
#5722 = ORIENTED_EDGE('',*,*,#731,.T.);
#5723 = ORIENTED_EDGE('',*,*,#5724,.F.);
#5724 = EDGE_CURVE('',#5410,#724,#5725,.T.);
#5725 = LINE('',#5726,#5727);
#5726 = CARTESIAN_POINT('',(0.802472429977,0.951,-0.252197493615));
#5727 = VECTOR('',#5728,1.);
#5728 = DIRECTION('',(0.,-1.,0.));
#5729 = ORIENTED_EDGE('',*,*,#5409,.F.);
#5730 = ORIENTED_EDGE('',*,*,#5707,.T.);
#5731 = PLANE('',#5732);
#5732 = AXIS2_PLACEMENT_3D('',#5733,#5734,#5735);
#5733 = CARTESIAN_POINT('',(0.802472429977,0.951,-0.252197493615));
#5734 = DIRECTION('',(-0.999974850186,0.,-7.092178509005E-03));
#5735 = DIRECTION('',(-7.092178509005E-03,0.,0.999974850186));
#5736 = ADVANCED_FACE('',(#5737),#5748,.F.);
#5737 = FACE_BOUND('',#5738,.T.);
#5738 = EDGE_LOOP('',(#5739,#5740,#5746,#5747));
#5739 = ORIENTED_EDGE('',*,*,#723,.T.);
#5740 = ORIENTED_EDGE('',*,*,#5741,.F.);
#5741 = EDGE_CURVE('',#5418,#716,#5742,.T.);
#5742 = LINE('',#5743,#5744);
#5743 = CARTESIAN_POINT('',(0.794830401492,0.951,-0.252251693608));
#5744 = VECTOR('',#5745,1.);
#5745 = DIRECTION('',(0.,-1.,0.));
#5746 = ORIENTED_EDGE('',*,*,#5417,.F.);
#5747 = ORIENTED_EDGE('',*,*,#5724,.T.);
#5748 = PLANE('',#5749);
#5749 = AXIS2_PLACEMENT_3D('',#5750,#5751,#5752);
#5750 = CARTESIAN_POINT('',(0.794830401492,0.951,-0.252251693608));
#5751 = DIRECTION('',(-7.092178509005E-03,0.,0.999974850186));
#5752 = DIRECTION('',(0.999974850186,0.,7.092178509005E-03));
#5753 = ADVANCED_FACE('',(#5754),#5765,.F.);
#5754 = FACE_BOUND('',#5755,.T.);
#5755 = EDGE_LOOP('',(#5756,#5757,#5763,#5764));
#5756 = ORIENTED_EDGE('',*,*,#715,.T.);
#5757 = ORIENTED_EDGE('',*,*,#5758,.F.);
#5758 = EDGE_CURVE('',#5426,#707,#5759,.T.);
#5759 = LINE('',#5760,#5761);
#5760 = CARTESIAN_POINT('',(0.794631520701,0.951,-0.224210127863));
#5761 = VECTOR('',#5762,1.);
#5762 = DIRECTION('',(0.,-1.,0.));
#5763 = ORIENTED_EDGE('',*,*,#5425,.F.);
#5764 = ORIENTED_EDGE('',*,*,#5741,.T.);
#5765 = PLANE('',#5766);
#5766 = AXIS2_PLACEMENT_3D('',#5767,#5768,#5769);
#5767 = CARTESIAN_POINT('',(0.794631520701,0.951,-0.224210127863));
#5768 = DIRECTION('',(0.999974850186,0.,7.092178509005E-03));
#5769 = DIRECTION('',(7.092178509005E-03,0.,-0.999974850186));
#5770 = ADVANCED_FACE('',(#5771),#5777,.F.);
#5771 = FACE_BOUND('',#5772,.F.);
#5772 = EDGE_LOOP('',(#5773,#5774,#5775,#5776));
#5773 = ORIENTED_EDGE('',*,*,#5758,.F.);
#5774 = ORIENTED_EDGE('',*,*,#5433,.T.);
#5775 = ORIENTED_EDGE('',*,*,#5520,.T.);
#5776 = ORIENTED_EDGE('',*,*,#706,.F.);
#5777 = B_SPLINE_SURFACE_WITH_KNOTS('',3,1,(
    (#5778,#5779)
    ,(#5780,#5781)
    ,(#5782,#5783)
    ,(#5784,#5785
    )),.UNSPECIFIED.,.F.,.F.,.F.,(4,4),(2,2),(1.,2.),(0.,1.),
  .PIECEWISE_BEZIER_KNOTS.);
#5778 = CARTESIAN_POINT('',(0.794631520701,0.951,-0.224210127863));
#5779 = CARTESIAN_POINT('',(0.794631520701,0.95,-0.224210127863));
#5780 = CARTESIAN_POINT('',(0.794553207241,0.951,-0.213168176502));
#5781 = CARTESIAN_POINT('',(0.794553207241,0.95,-0.213168176502));
#5782 = CARTESIAN_POINT('',(0.799770115816,0.951,-0.207641116452));
#5783 = CARTESIAN_POINT('',(0.799770115816,0.95,-0.207641116452));
#5784 = CARTESIAN_POINT('',(0.810266207999,0.951,-0.20756667442));
#5785 = CARTESIAN_POINT('',(0.810266207999,0.95,-0.20756667442));
#5786 = ADVANCED_FACE('',(#5787),#5813,.T.);
#5787 = FACE_BOUND('',#5788,.T.);
#5788 = EDGE_LOOP('',(#5789,#5800,#5806,#5807));
#5789 = ORIENTED_EDGE('',*,*,#5790,.F.);
#5790 = EDGE_CURVE('',#5791,#5793,#5795,.T.);
#5791 = VERTEX_POINT('',#5792);
#5792 = CARTESIAN_POINT('',(0.812526854135,0.95,-0.231632040096));
#5793 = VERTEX_POINT('',#5794);
#5794 = CARTESIAN_POINT('',(0.8199383723,0.95,-0.234262117856));
#5795 = B_SPLINE_CURVE_WITH_KNOTS('',3,(#5796,#5797,#5798,#5799),
  .UNSPECIFIED.,.F.,.F.,(4,4),(0.,1.),.PIECEWISE_BEZIER_KNOTS.);
#5796 = CARTESIAN_POINT('',(0.812526854135,0.95,-0.231632040096));
#5797 = CARTESIAN_POINT('',(0.816101872345,0.949999999999,
    -0.232105781143));
#5798 = CARTESIAN_POINT('',(0.818572230917,0.949999999999,
    -0.232961679094));
#5799 = CARTESIAN_POINT('',(0.8199383723,0.95,-0.234262117856));
#5800 = ORIENTED_EDGE('',*,*,#5801,.F.);
#5801 = EDGE_CURVE('',#5454,#5791,#5802,.T.);
#5802 = LINE('',#5803,#5804);
#5803 = CARTESIAN_POINT('',(0.812526854135,0.951,-0.231632040096));
#5804 = VECTOR('',#5805,1.);
#5805 = DIRECTION('',(0.,-1.,0.));
#5806 = ORIENTED_EDGE('',*,*,#5453,.T.);
#5807 = ORIENTED_EDGE('',*,*,#5808,.T.);
#5808 = EDGE_CURVE('',#5443,#5793,#5809,.T.);
#5809 = LINE('',#5810,#5811);
#5810 = CARTESIAN_POINT('',(0.8199383723,0.951,-0.234262117856));
#5811 = VECTOR('',#5812,1.);
#5812 = DIRECTION('',(0.,-1.,0.));
#5813 = B_SPLINE_SURFACE_WITH_KNOTS('',3,1,(
    (#5814,#5815)
    ,(#5816,#5817)
    ,(#5818,#5819)
    ,(#5820,#5821
    )),.UNSPECIFIED.,.F.,.F.,.F.,(4,4),(2,2),(0.,1.),(0.,1.),
  .PIECEWISE_BEZIER_KNOTS.);
#5814 = CARTESIAN_POINT('',(0.812526854135,0.951,-0.231632040096));
#5815 = CARTESIAN_POINT('',(0.812526854135,0.95,-0.231632040096));
#5816 = CARTESIAN_POINT('',(0.816101872345,0.951,-0.232105781143));
#5817 = CARTESIAN_POINT('',(0.816101872345,0.95,-0.232105781143));
#5818 = CARTESIAN_POINT('',(0.818572230917,0.951,-0.232961679094));
#5819 = CARTESIAN_POINT('',(0.818572230917,0.95,-0.232961679094));
#5820 = CARTESIAN_POINT('',(0.8199383723,0.951,-0.234262117856));
#5821 = CARTESIAN_POINT('',(0.8199383723,0.95,-0.234262117856));
#5822 = ADVANCED_FACE('',(#5823),#5842,.T.);
#5823 = FACE_BOUND('',#5824,.T.);
#5824 = EDGE_LOOP('',(#5825,#5834,#5835,#5836));
#5825 = ORIENTED_EDGE('',*,*,#5826,.F.);
#5826 = EDGE_CURVE('',#5793,#5827,#5829,.T.);
#5827 = VERTEX_POINT('',#5828);
#5828 = CARTESIAN_POINT('',(0.822005005974,0.95,-0.239768713947));
#5829 = B_SPLINE_CURVE_WITH_KNOTS('',3,(#5830,#5831,#5832,#5833),
  .UNSPECIFIED.,.F.,.F.,(4,4),(1.,2.),.PIECEWISE_BEZIER_KNOTS.);
#5830 = CARTESIAN_POINT('',(0.8199383723,0.95,-0.234262117856));
#5831 = CARTESIAN_POINT('',(0.821288917706,0.949999999999,-0.23556266723
    ));
#5832 = CARTESIAN_POINT('',(0.821988192915,0.949999999999,
    -0.237398125519));
#5833 = CARTESIAN_POINT('',(0.822005005974,0.95,-0.239768713947));
#5834 = ORIENTED_EDGE('',*,*,#5808,.F.);
#5835 = ORIENTED_EDGE('',*,*,#5442,.T.);
#5836 = ORIENTED_EDGE('',*,*,#5837,.T.);
#5837 = EDGE_CURVE('',#5445,#5827,#5838,.T.);
#5838 = LINE('',#5839,#5840);
#5839 = CARTESIAN_POINT('',(0.822005005974,0.951,-0.239768713947));
#5840 = VECTOR('',#5841,1.);
#5841 = DIRECTION('',(0.,-1.,0.));
#5842 = B_SPLINE_SURFACE_WITH_KNOTS('',3,1,(
    (#5843,#5844)
    ,(#5845,#5846)
    ,(#5847,#5848)
    ,(#5849,#5850
    )),.UNSPECIFIED.,.F.,.F.,.F.,(4,4),(2,2),(1.,2.),(0.,1.),
  .PIECEWISE_BEZIER_KNOTS.);
#5843 = CARTESIAN_POINT('',(0.8199383723,0.951,-0.234262117856));
#5844 = CARTESIAN_POINT('',(0.8199383723,0.949999999999,-0.234262117856)
  );
#5845 = CARTESIAN_POINT('',(0.821288917706,0.951,-0.23556266723));
#5846 = CARTESIAN_POINT('',(0.821288917706,0.949999999999,-0.23556266723
    ));
#5847 = CARTESIAN_POINT('',(0.821988192915,0.951,-0.237398125519));
#5848 = CARTESIAN_POINT('',(0.821988192915,0.949999999999,
    -0.237398125519));
#5849 = CARTESIAN_POINT('',(0.822005005974,0.951,-0.239768713947));
#5850 = CARTESIAN_POINT('',(0.822005005974,0.949999999999,
    -0.239768713947));
#5851 = ADVANCED_FACE('',(#5852),#5871,.T.);
#5852 = FACE_BOUND('',#5853,.T.);
#5853 = EDGE_LOOP('',(#5854,#5863,#5864,#5865));
#5854 = ORIENTED_EDGE('',*,*,#5855,.F.);
#5855 = EDGE_CURVE('',#5827,#5856,#5858,.T.);
#5856 = VERTEX_POINT('',#5857);
#5857 = CARTESIAN_POINT('',(0.819826436899,0.95,-0.244868709222));
#5858 = B_SPLINE_CURVE_WITH_KNOTS('',3,(#5859,#5860,#5861,#5862),
  .UNSPECIFIED.,.F.,.F.,(4,4),(2.,3.),.PIECEWISE_BEZIER_KNOTS.);
#5859 = CARTESIAN_POINT('',(0.822005005974,0.95,-0.239768713947));
#5860 = CARTESIAN_POINT('',(0.822019828013,0.949999999999,
    -0.241858574797));
#5861 = CARTESIAN_POINT('',(0.821298763239,0.949999999999,
    -0.243548139034));
#5862 = CARTESIAN_POINT('',(0.819826436899,0.95,-0.244868709222));
#5863 = ORIENTED_EDGE('',*,*,#5837,.F.);
#5864 = ORIENTED_EDGE('',*,*,#5505,.T.);
#5865 = ORIENTED_EDGE('',*,*,#5866,.T.);
#5866 = EDGE_CURVE('',#5497,#5856,#5867,.T.);
#5867 = LINE('',#5868,#5869);
#5868 = CARTESIAN_POINT('',(0.819826436899,0.951,-0.244868709222));
#5869 = VECTOR('',#5870,1.);
#5870 = DIRECTION('',(0.,-1.,0.));
#5871 = B_SPLINE_SURFACE_WITH_KNOTS('',3,1,(
    (#5872,#5873)
    ,(#5874,#5875)
    ,(#5876,#5877)
    ,(#5878,#5879
    )),.UNSPECIFIED.,.F.,.F.,.F.,(4,4),(2,2),(2.,3.),(0.,1.),
  .PIECEWISE_BEZIER_KNOTS.);
#5872 = CARTESIAN_POINT('',(0.822005005974,0.951,-0.239768713947));
#5873 = CARTESIAN_POINT('',(0.822005005974,0.949999999999,
    -0.239768713947));
#5874 = CARTESIAN_POINT('',(0.822019828013,0.951,-0.241858574797));
#5875 = CARTESIAN_POINT('',(0.822019828013,0.949999999999,
    -0.241858574797));
#5876 = CARTESIAN_POINT('',(0.821298763239,0.951,-0.243548139034));
#5877 = CARTESIAN_POINT('',(0.821298763239,0.949999999999,
    -0.243548139034));
#5878 = CARTESIAN_POINT('',(0.819826436899,0.951,-0.244868709222));
#5879 = CARTESIAN_POINT('',(0.819826436899,0.949999999999,
    -0.244868709222));
#5880 = ADVANCED_FACE('',(#5881),#5900,.T.);
#5881 = FACE_BOUND('',#5882,.T.);
#5882 = EDGE_LOOP('',(#5883,#5892,#5893,#5894));
#5883 = ORIENTED_EDGE('',*,*,#5884,.F.);
#5884 = EDGE_CURVE('',#5856,#5885,#5887,.T.);
#5885 = VERTEX_POINT('',#5886);
#5886 = CARTESIAN_POINT('',(0.814007478829,0.95,-0.246875171235));
#5887 = B_SPLINE_CURVE_WITH_KNOTS('',3,(#5888,#5889,#5890,#5891),
  .UNSPECIFIED.,.F.,.F.,(4,4),(3.,4.),.PIECEWISE_BEZIER_KNOTS.);
#5888 = CARTESIAN_POINT('',(0.819826436899,0.95,-0.244868709222));
#5889 = CARTESIAN_POINT('',(0.818369706535,0.949999999999,
    -0.246189168798));
#5890 = CARTESIAN_POINT('',(0.816424855187,0.949999999999,-0.24685802634
    ));
#5891 = CARTESIAN_POINT('',(0.814007478829,0.95,-0.246875171235));
#5892 = ORIENTED_EDGE('',*,*,#5866,.F.);
#5893 = ORIENTED_EDGE('',*,*,#5496,.T.);
#5894 = ORIENTED_EDGE('',*,*,#5895,.T.);
#5895 = EDGE_CURVE('',#5488,#5885,#5896,.T.);
#5896 = LINE('',#5897,#5898);
#5897 = CARTESIAN_POINT('',(0.814007478829,0.951,-0.246875171235));
#5898 = VECTOR('',#5899,1.);
#5899 = DIRECTION('',(0.,-1.,0.));
#5900 = B_SPLINE_SURFACE_WITH_KNOTS('',3,1,(
    (#5901,#5902)
    ,(#5903,#5904)
    ,(#5905,#5906)
    ,(#5907,#5908
    )),.UNSPECIFIED.,.F.,.F.,.F.,(4,4),(2,2),(3.,4.),(0.,1.),
  .PIECEWISE_BEZIER_KNOTS.);
#5901 = CARTESIAN_POINT('',(0.819826436899,0.951,-0.244868709222));
#5902 = CARTESIAN_POINT('',(0.819826436899,0.949999999999,
    -0.244868709222));
#5903 = CARTESIAN_POINT('',(0.818369706535,0.951,-0.246189168798));
#5904 = CARTESIAN_POINT('',(0.818369706535,0.949999999999,
    -0.246189168798));
#5905 = CARTESIAN_POINT('',(0.816424855187,0.951,-0.24685802634));
#5906 = CARTESIAN_POINT('',(0.816424855187,0.949999999999,-0.24685802634
    ));
#5907 = CARTESIAN_POINT('',(0.814007478829,0.951,-0.246875171235));
#5908 = CARTESIAN_POINT('',(0.814007478829,0.949999999999,
    -0.246875171235));
#5909 = ADVANCED_FACE('',(#5910),#5929,.T.);
#5910 = FACE_BOUND('',#5911,.T.);
#5911 = EDGE_LOOP('',(#5912,#5921,#5922,#5923));
#5912 = ORIENTED_EDGE('',*,*,#5913,.F.);
#5913 = EDGE_CURVE('',#5885,#5914,#5916,.T.);
#5914 = VERTEX_POINT('',#5915);
#5915 = CARTESIAN_POINT('',(0.805685199743,0.95,-0.243378134301));
#5916 = B_SPLINE_CURVE_WITH_KNOTS('',3,(#5917,#5918,#5919,#5920),
  .UNSPECIFIED.,.F.,.F.,(4,4),(4.,5.),.PIECEWISE_BEZIER_KNOTS.);
#5917 = CARTESIAN_POINT('',(0.814007478829,0.95,-0.246875171235));
#5918 = CARTESIAN_POINT('',(0.810654343882,0.949999999999,
    -0.246898952865));
#5919 = CARTESIAN_POINT('',(0.807869853536,0.949999999999,
    -0.245733347629));
#5920 = CARTESIAN_POINT('',(0.805685199743,0.95,-0.243378134301));
#5921 = ORIENTED_EDGE('',*,*,#5895,.F.);
#5922 = ORIENTED_EDGE('',*,*,#5487,.T.);
#5923 = ORIENTED_EDGE('',*,*,#5924,.T.);
#5924 = EDGE_CURVE('',#5479,#5914,#5925,.T.);
#5925 = LINE('',#5926,#5927);
#5926 = CARTESIAN_POINT('',(0.805685199743,0.951,-0.243378134301));
#5927 = VECTOR('',#5928,1.);
#5928 = DIRECTION('',(0.,-1.,0.));
#5929 = B_SPLINE_SURFACE_WITH_KNOTS('',3,1,(
    (#5930,#5931)
    ,(#5932,#5933)
    ,(#5934,#5935)
    ,(#5936,#5937
    )),.UNSPECIFIED.,.F.,.F.,.F.,(4,4),(2,2),(4.,5.),(0.,1.),
  .PIECEWISE_BEZIER_KNOTS.);
#5930 = CARTESIAN_POINT('',(0.814007478829,0.951,-0.246875171235));
#5931 = CARTESIAN_POINT('',(0.814007478829,0.949999999999,
    -0.246875171235));
#5932 = CARTESIAN_POINT('',(0.810654343882,0.951,-0.246898952865));
#5933 = CARTESIAN_POINT('',(0.810654343882,0.949999999999,
    -0.246898952865));
#5934 = CARTESIAN_POINT('',(0.807869853536,0.951,-0.245733347629));
#5935 = CARTESIAN_POINT('',(0.807869853536,0.949999999999,
    -0.245733347629));
#5936 = CARTESIAN_POINT('',(0.805685199743,0.951,-0.243378134301));
#5937 = CARTESIAN_POINT('',(0.805685199743,0.949999999999,
    -0.243378134301));
#5938 = ADVANCED_FACE('',(#5939),#5958,.T.);
#5939 = FACE_BOUND('',#5940,.T.);
#5940 = EDGE_LOOP('',(#5941,#5950,#5951,#5952));
#5941 = ORIENTED_EDGE('',*,*,#5942,.F.);
#5942 = EDGE_CURVE('',#5914,#5943,#5945,.T.);
#5943 = VERTEX_POINT('',#5944);
#5944 = CARTESIAN_POINT('',(0.802346995707,0.95,-0.234511656265));
#5945 = B_SPLINE_CURVE_WITH_KNOTS('',3,(#5946,#5947,#5948,#5949),
  .UNSPECIFIED.,.F.,.F.,(4,4),(5.,6.),.PIECEWISE_BEZIER_KNOTS.);
#5946 = CARTESIAN_POINT('',(0.805685199743,0.95,-0.243378134301));
#5947 = CARTESIAN_POINT('',(0.803485171199,0.949999999999,
    -0.241054223538));
#5948 = CARTESIAN_POINT('',(0.80237243652,0.949999999999,-0.23809873086)
  );
#5949 = CARTESIAN_POINT('',(0.802346995707,0.95,-0.234511656265));
#5950 = ORIENTED_EDGE('',*,*,#5924,.F.);
#5951 = ORIENTED_EDGE('',*,*,#5478,.T.);
#5952 = ORIENTED_EDGE('',*,*,#5953,.T.);
#5953 = EDGE_CURVE('',#5471,#5943,#5954,.T.);
#5954 = LINE('',#5955,#5956);
#5955 = CARTESIAN_POINT('',(0.802346995707,0.951,-0.234511656265));
#5956 = VECTOR('',#5957,1.);
#5957 = DIRECTION('',(0.,-1.,0.));
#5958 = B_SPLINE_SURFACE_WITH_KNOTS('',3,1,(
    (#5959,#5960)
    ,(#5961,#5962)
    ,(#5963,#5964)
    ,(#5965,#5966
    )),.UNSPECIFIED.,.F.,.F.,.F.,(4,4),(2,2),(5.,6.),(0.,1.),
  .PIECEWISE_BEZIER_KNOTS.);
#5959 = CARTESIAN_POINT('',(0.805685199743,0.951,-0.243378134301));
#5960 = CARTESIAN_POINT('',(0.805685199743,0.949999999999,
    -0.243378134301));
#5961 = CARTESIAN_POINT('',(0.803485171199,0.951,-0.241054223538));
#5962 = CARTESIAN_POINT('',(0.803485171199,0.949999999999,
    -0.241054223538));
#5963 = CARTESIAN_POINT('',(0.80237243652,0.951,-0.23809873086));
#5964 = CARTESIAN_POINT('',(0.80237243652,0.949999999999,-0.23809873086)
  );
#5965 = CARTESIAN_POINT('',(0.802346995707,0.951,-0.234511656265));
#5966 = CARTESIAN_POINT('',(0.802346995707,0.949999999999,
    -0.234511656265));
#5967 = ADVANCED_FACE('',(#5968),#5986,.T.);
#5968 = FACE_BOUND('',#5969,.T.);
#5969 = EDGE_LOOP('',(#5970,#5978,#5979,#5980));
#5970 = ORIENTED_EDGE('',*,*,#5971,.F.);
#5971 = EDGE_CURVE('',#5943,#5972,#5974,.T.);
#5972 = VERTEX_POINT('',#5973);
#5973 = CARTESIAN_POINT('',(0.802317351629,0.95,-0.230331934563));
#5974 = LINE('',#5975,#5976);
#5975 = CARTESIAN_POINT('',(0.802346995707,0.95,-0.234511656265));
#5976 = VECTOR('',#5977,1.);
#5977 = DIRECTION('',(-7.092178509005E-03,0.,0.999974850186));
#5978 = ORIENTED_EDGE('',*,*,#5953,.F.);
#5979 = ORIENTED_EDGE('',*,*,#5470,.T.);
#5980 = ORIENTED_EDGE('',*,*,#5981,.T.);
#5981 = EDGE_CURVE('',#5463,#5972,#5982,.T.);
#5982 = LINE('',#5983,#5984);
#5983 = CARTESIAN_POINT('',(0.802317351629,0.951,-0.230331934563));
#5984 = VECTOR('',#5985,1.);
#5985 = DIRECTION('',(0.,-1.,0.));
#5986 = PLANE('',#5987);
#5987 = AXIS2_PLACEMENT_3D('',#5988,#5989,#5990);
#5988 = CARTESIAN_POINT('',(0.802346995707,0.951,-0.234511656265));
#5989 = DIRECTION('',(0.999974850186,0.,7.092178509005E-03));
#5990 = DIRECTION('',(7.092178509005E-03,0.,-0.999974850186));
#5991 = ADVANCED_FACE('',(#5992),#6003,.T.);
#5992 = FACE_BOUND('',#5993,.T.);
#5993 = EDGE_LOOP('',(#5994,#6000,#6001,#6002));
#5994 = ORIENTED_EDGE('',*,*,#5995,.F.);
#5995 = EDGE_CURVE('',#5972,#5791,#5996,.T.);
#5996 = LINE('',#5997,#5998);
#5997 = CARTESIAN_POINT('',(0.802317351629,0.95,-0.230331934563));
#5998 = VECTOR('',#5999,1.);
#5999 = DIRECTION('',(0.991989216912,0.,-0.126322577276));
#6000 = ORIENTED_EDGE('',*,*,#5981,.F.);
#6001 = ORIENTED_EDGE('',*,*,#5462,.T.);
#6002 = ORIENTED_EDGE('',*,*,#5801,.T.);
#6003 = PLANE('',#6004);
#6004 = AXIS2_PLACEMENT_3D('',#6005,#6006,#6007);
#6005 = CARTESIAN_POINT('',(0.802317351629,0.951,-0.230331934563));
#6006 = DIRECTION('',(-0.126322577276,0.,-0.991989216912));
#6007 = DIRECTION('',(-0.991989216912,0.,0.126322577276));
#6008 = ADVANCED_FACE('',(#6009),#6019,.T.);
#6009 = FACE_BOUND('',#6010,.T.);
#6010 = EDGE_LOOP('',(#6011,#6012,#6013,#6014,#6015,#6016,#6017,#6018));
#6011 = ORIENTED_EDGE('',*,*,#5790,.T.);
#6012 = ORIENTED_EDGE('',*,*,#5826,.T.);
#6013 = ORIENTED_EDGE('',*,*,#5855,.T.);
#6014 = ORIENTED_EDGE('',*,*,#5884,.T.);
#6015 = ORIENTED_EDGE('',*,*,#5913,.T.);
#6016 = ORIENTED_EDGE('',*,*,#5942,.T.);
#6017 = ORIENTED_EDGE('',*,*,#5971,.T.);
#6018 = ORIENTED_EDGE('',*,*,#5995,.T.);
#6019 = PLANE('',#6020);
#6020 = AXIS2_PLACEMENT_3D('',#6021,#6022,#6023);
#6021 = CARTESIAN_POINT('',(-1.4,0.95,-0.34));
#6022 = DIRECTION('',(0.,1.,0.));
#6023 = DIRECTION('',(0.,-0.,1.));
#6024 = ADVANCED_FACE('',(#6025),#6051,.F.);
#6025 = FACE_BOUND('',#6026,.F.);
#6026 = EDGE_LOOP('',(#6027,#6035,#6044,#6050));
#6027 = ORIENTED_EDGE('',*,*,#6028,.F.);
#6028 = EDGE_CURVE('',#6029,#509,#6031,.T.);
#6029 = VERTEX_POINT('',#6030);
#6030 = CARTESIAN_POINT('',(0.771867371554,0.951,-0.247205237437));
#6031 = LINE('',#6032,#6033);
#6032 = CARTESIAN_POINT('',(0.771867371554,0.951,-0.247205237437));
#6033 = VECTOR('',#6034,1.);
#6034 = DIRECTION('',(0.,-1.,0.));
#6035 = ORIENTED_EDGE('',*,*,#6036,.T.);
#6036 = EDGE_CURVE('',#6029,#6037,#6039,.T.);
#6037 = VERTEX_POINT('',#6038);
#6038 = CARTESIAN_POINT('',(0.784407863309,0.951,-0.242905170324));
#6039 = B_SPLINE_CURVE_WITH_KNOTS('',3,(#6040,#6041,#6042,#6043),
  .UNSPECIFIED.,.F.,.F.,(4,4),(0.,1.),.PIECEWISE_BEZIER_KNOTS.);
#6040 = CARTESIAN_POINT('',(0.771867371554,0.951,-0.247205237437));
#6041 = CARTESIAN_POINT('',(0.776359012785,0.951,-0.247173381115));
#6042 = CARTESIAN_POINT('',(0.780528779386,0.951,-0.245740099152));
#6043 = CARTESIAN_POINT('',(0.784407863309,0.951,-0.242905170324));
#6044 = ORIENTED_EDGE('',*,*,#6045,.T.);
#6045 = EDGE_CURVE('',#6037,#499,#6046,.T.);
#6046 = LINE('',#6047,#6048);
#6047 = CARTESIAN_POINT('',(0.784407863309,0.951,-0.242905170324));
#6048 = VECTOR('',#6049,1.);
#6049 = DIRECTION('',(0.,-1.,0.));
#6050 = ORIENTED_EDGE('',*,*,#508,.F.);
#6051 = B_SPLINE_SURFACE_WITH_KNOTS('',3,1,(
    (#6052,#6053)
    ,(#6054,#6055)
    ,(#6056,#6057)
    ,(#6058,#6059
    )),.UNSPECIFIED.,.F.,.F.,.F.,(4,4),(2,2),(0.,1.),(0.,1.),
  .PIECEWISE_BEZIER_KNOTS.);
#6052 = CARTESIAN_POINT('',(0.771867371554,0.951,-0.247205237437));
#6053 = CARTESIAN_POINT('',(0.771867371554,0.949999999999,
    -0.247205237437));
#6054 = CARTESIAN_POINT('',(0.776359012785,0.951,-0.247173381115));
#6055 = CARTESIAN_POINT('',(0.776359012785,0.949999999999,
    -0.247173381115));
#6056 = CARTESIAN_POINT('',(0.780528779386,0.951,-0.245740099152));
#6057 = CARTESIAN_POINT('',(0.780528779386,0.949999999999,
    -0.245740099152));
#6058 = CARTESIAN_POINT('',(0.784407863309,0.951,-0.242905170324));
#6059 = CARTESIAN_POINT('',(0.784407863309,0.949999999999,
    -0.242905170324));
#6060 = ADVANCED_FACE('',(#6061),#6079,.F.);
#6061 = FACE_BOUND('',#6062,.T.);
#6062 = EDGE_LOOP('',(#6063,#6064,#6072,#6078));
#6063 = ORIENTED_EDGE('',*,*,#498,.T.);
#6064 = ORIENTED_EDGE('',*,*,#6065,.F.);
#6065 = EDGE_CURVE('',#6066,#501,#6068,.T.);
#6066 = VERTEX_POINT('',#6067);
#6067 = CARTESIAN_POINT('',(0.784463833098,0.951,-0.250796734433));
#6068 = LINE('',#6069,#6070);
#6069 = CARTESIAN_POINT('',(0.784463833098,0.951,-0.250796734433));
#6070 = VECTOR('',#6071,1.);
#6071 = DIRECTION('',(0.,-1.,0.));
#6072 = ORIENTED_EDGE('',*,*,#6073,.F.);
#6073 = EDGE_CURVE('',#6037,#6066,#6074,.T.);
#6074 = LINE('',#6075,#6076);
#6075 = CARTESIAN_POINT('',(0.784463833098,0.951,-0.250796734433));
#6076 = VECTOR('',#6077,1.);
#6077 = DIRECTION('',(7.092178509005E-03,0.,-0.999974850186));
#6078 = ORIENTED_EDGE('',*,*,#6045,.T.);
#6079 = PLANE('',#6080);
#6080 = AXIS2_PLACEMENT_3D('',#6081,#6082,#6083);
#6081 = CARTESIAN_POINT('',(0.784463833098,0.951,-0.250796734433));
#6082 = DIRECTION('',(-0.999974850186,0.,-7.092178509005E-03));
#6083 = DIRECTION('',(-7.092178509005E-03,0.,0.999974850186));
#6084 = ADVANCED_FACE('',(#6085),#6104,.F.);
#6085 = FACE_BOUND('',#6086,.F.);
#6086 = EDGE_LOOP('',(#6087,#6088,#6097,#6103));
#6087 = ORIENTED_EDGE('',*,*,#6065,.F.);
#6088 = ORIENTED_EDGE('',*,*,#6089,.T.);
#6089 = EDGE_CURVE('',#6066,#6090,#6092,.T.);
#6090 = VERTEX_POINT('',#6091);
#6091 = CARTESIAN_POINT('',(0.772660223318,0.951,-0.25343831865));
#6092 = B_SPLINE_CURVE_WITH_KNOTS('',3,(#6093,#6094,#6095,#6096),
  .UNSPECIFIED.,.F.,.F.,(4,4),(19.,20.),.PIECEWISE_BEZIER_KNOTS.);
#6093 = CARTESIAN_POINT('',(0.784463833098,0.951,-0.250796734433));
#6094 = CARTESIAN_POINT('',(0.781107048296,0.951,-0.252504992137));
#6095 = CARTESIAN_POINT('',(0.777183056503,0.951,-0.253406241103));
#6096 = CARTESIAN_POINT('',(0.772660223318,0.951,-0.25343831865));
#6097 = ORIENTED_EDGE('',*,*,#6098,.T.);
#6098 = EDGE_CURVE('',#6090,#670,#6099,.T.);
#6099 = LINE('',#6100,#6101);
#6100 = CARTESIAN_POINT('',(0.772660223318,0.951,-0.25343831865));
#6101 = VECTOR('',#6102,1.);
#6102 = DIRECTION('',(0.,-1.,0.));
#6103 = ORIENTED_EDGE('',*,*,#678,.F.);
#6104 = B_SPLINE_SURFACE_WITH_KNOTS('',3,1,(
    (#6105,#6106)
    ,(#6107,#6108)
    ,(#6109,#6110)
    ,(#6111,#6112
    )),.UNSPECIFIED.,.F.,.F.,.F.,(4,4),(2,2),(19.,20.),(0.,1.),
  .PIECEWISE_BEZIER_KNOTS.);
#6105 = CARTESIAN_POINT('',(0.784463833098,0.951,-0.250796734433));
#6106 = CARTESIAN_POINT('',(0.784463833098,0.95,-0.250796734433));
#6107 = CARTESIAN_POINT('',(0.781107048296,0.951,-0.252504992137));
#6108 = CARTESIAN_POINT('',(0.781107048296,0.95,-0.252504992137));
#6109 = CARTESIAN_POINT('',(0.777183056503,0.951,-0.253406241103));
#6110 = CARTESIAN_POINT('',(0.777183056503,0.95,-0.253406241103));
#6111 = CARTESIAN_POINT('',(0.772660223318,0.951,-0.25343831865));
#6112 = CARTESIAN_POINT('',(0.772660223318,0.95,-0.25343831865));
#6113 = ADVANCED_FACE('',(#6114),#6133,.F.);
#6114 = FACE_BOUND('',#6115,.F.);
#6115 = EDGE_LOOP('',(#6116,#6117,#6126,#6132));
#6116 = ORIENTED_EDGE('',*,*,#6098,.F.);
#6117 = ORIENTED_EDGE('',*,*,#6118,.T.);
#6118 = EDGE_CURVE('',#6090,#6119,#6121,.T.);
#6119 = VERTEX_POINT('',#6120);
#6120 = CARTESIAN_POINT('',(0.759940542533,0.951,-0.250066050223));
#6121 = B_SPLINE_CURVE_WITH_KNOTS('',3,(#6122,#6123,#6124,#6125),
  .UNSPECIFIED.,.F.,.F.,(4,4),(18.,19.),.PIECEWISE_BEZIER_KNOTS.);
#6122 = CARTESIAN_POINT('',(0.772660223318,0.951,-0.25343831865));
#6123 = CARTESIAN_POINT('',(0.767466763144,0.951,-0.253475152523));
#6124 = CARTESIAN_POINT('',(0.763216472231,0.951,-0.252351136789));
#6125 = CARTESIAN_POINT('',(0.759940542533,0.951,-0.250066050223));
#6126 = ORIENTED_EDGE('',*,*,#6127,.T.);
#6127 = EDGE_CURVE('',#6119,#661,#6128,.T.);
#6128 = LINE('',#6129,#6130);
#6129 = CARTESIAN_POINT('',(0.759940542533,0.951,-0.250066050223));
#6130 = VECTOR('',#6131,1.);
#6131 = DIRECTION('',(0.,-1.,0.));
#6132 = ORIENTED_EDGE('',*,*,#669,.F.);
#6133 = B_SPLINE_SURFACE_WITH_KNOTS('',3,1,(
    (#6134,#6135)
    ,(#6136,#6137)
    ,(#6138,#6139)
    ,(#6140,#6141
    )),.UNSPECIFIED.,.F.,.F.,.F.,(4,4),(2,2),(18.,19.),(0.,1.),
  .PIECEWISE_BEZIER_KNOTS.);
#6134 = CARTESIAN_POINT('',(0.772660223318,0.951,-0.25343831865));
#6135 = CARTESIAN_POINT('',(0.772660223318,0.949999999999,-0.25343831865
    ));
#6136 = CARTESIAN_POINT('',(0.767466763144,0.951,-0.253475152523));
#6137 = CARTESIAN_POINT('',(0.767466763144,0.949999999999,
    -0.253475152523));
#6138 = CARTESIAN_POINT('',(0.763216472231,0.951,-0.252351136789));
#6139 = CARTESIAN_POINT('',(0.763216472231,0.949999999999,
    -0.252351136789));
#6140 = CARTESIAN_POINT('',(0.759940542533,0.951,-0.250066050223));
#6141 = CARTESIAN_POINT('',(0.759940542533,0.949999999999,
    -0.250066050223));
#6142 = ADVANCED_FACE('',(#6143),#6162,.F.);
#6143 = FACE_BOUND('',#6144,.F.);
#6144 = EDGE_LOOP('',(#6145,#6146,#6155,#6161));
#6145 = ORIENTED_EDGE('',*,*,#6127,.F.);
#6146 = ORIENTED_EDGE('',*,*,#6147,.T.);
#6147 = EDGE_CURVE('',#6119,#6148,#6150,.T.);
#6148 = VERTEX_POINT('',#6149);
#6149 = CARTESIAN_POINT('',(0.754961000148,0.951,-0.240680923271));
#6150 = B_SPLINE_CURVE_WITH_KNOTS('',3,(#6151,#6152,#6153,#6154),
  .UNSPECIFIED.,.F.,.F.,(4,4),(17.,18.),.PIECEWISE_BEZIER_KNOTS.);
#6151 = CARTESIAN_POINT('',(0.759940542533,0.951,-0.250066050223));
#6152 = CARTESIAN_POINT('',(0.756649238082,0.951,-0.247812266223));
#6153 = CARTESIAN_POINT('',(0.754989316879,0.951,-0.244673493255));
#6154 = CARTESIAN_POINT('',(0.754961000148,0.951,-0.240680923271));
#6155 = ORIENTED_EDGE('',*,*,#6156,.T.);
#6156 = EDGE_CURVE('',#6148,#652,#6157,.T.);
#6157 = LINE('',#6158,#6159);
#6158 = CARTESIAN_POINT('',(0.754961000148,0.951,-0.240680923271));
#6159 = VECTOR('',#6160,1.);
#6160 = DIRECTION('',(0.,-1.,0.));
#6161 = ORIENTED_EDGE('',*,*,#660,.F.);
#6162 = B_SPLINE_SURFACE_WITH_KNOTS('',3,1,(
    (#6163,#6164)
    ,(#6165,#6166)
    ,(#6167,#6168)
    ,(#6169,#6170
    )),.UNSPECIFIED.,.F.,.F.,.F.,(4,4),(2,2),(17.,18.),(0.,1.),
  .PIECEWISE_BEZIER_KNOTS.);
#6163 = CARTESIAN_POINT('',(0.759940542533,0.951,-0.250066050223));
#6164 = CARTESIAN_POINT('',(0.759940542533,0.949999999999,
    -0.250066050223));
#6165 = CARTESIAN_POINT('',(0.756649238082,0.951,-0.247812266223));
#6166 = CARTESIAN_POINT('',(0.756649238082,0.949999999999,
    -0.247812266223));
#6167 = CARTESIAN_POINT('',(0.754989316879,0.951,-0.244673493255));
#6168 = CARTESIAN_POINT('',(0.754989316879,0.949999999999,
    -0.244673493255));
#6169 = CARTESIAN_POINT('',(0.754961000148,0.951,-0.240680923271));
#6170 = CARTESIAN_POINT('',(0.754961000148,0.949999999999,
    -0.240680923271));
#6171 = ADVANCED_FACE('',(#6172),#6191,.F.);
#6172 = FACE_BOUND('',#6173,.F.);
#6173 = EDGE_LOOP('',(#6174,#6175,#6184,#6190));
#6174 = ORIENTED_EDGE('',*,*,#6156,.F.);
#6175 = ORIENTED_EDGE('',*,*,#6176,.T.);
#6176 = EDGE_CURVE('',#6148,#6177,#6179,.T.);
#6177 = VERTEX_POINT('',#6178);
#6178 = CARTESIAN_POINT('',(0.757467637443,0.951,-0.233457441722));
#6179 = B_SPLINE_CURVE_WITH_KNOTS('',3,(#6180,#6181,#6182,#6183),
  .UNSPECIFIED.,.F.,.F.,(4,4),(16.,17.),.PIECEWISE_BEZIER_KNOTS.);
#6180 = CARTESIAN_POINT('',(0.754961000148,0.951,-0.240680923271));
#6181 = CARTESIAN_POINT('',(0.754940647497,0.951,-0.237811263595));
#6182 = CARTESIAN_POINT('',(0.755781391921,0.951,-0.235403399541));
#6183 = CARTESIAN_POINT('',(0.757467637443,0.951,-0.233457441722));
#6184 = ORIENTED_EDGE('',*,*,#6185,.T.);
#6185 = EDGE_CURVE('',#6177,#643,#6186,.T.);
#6186 = LINE('',#6187,#6188);
#6187 = CARTESIAN_POINT('',(0.757467637443,0.951,-0.233457441722));
#6188 = VECTOR('',#6189,1.);
#6189 = DIRECTION('',(0.,-1.,0.));
#6190 = ORIENTED_EDGE('',*,*,#651,.F.);
#6191 = B_SPLINE_SURFACE_WITH_KNOTS('',3,1,(
    (#6192,#6193)
    ,(#6194,#6195)
    ,(#6196,#6197)
    ,(#6198,#6199
    )),.UNSPECIFIED.,.F.,.F.,.F.,(4,4),(2,2),(16.,17.),(0.,1.),
  .PIECEWISE_BEZIER_KNOTS.);
#6192 = CARTESIAN_POINT('',(0.754961000148,0.951,-0.240680923271));
#6193 = CARTESIAN_POINT('',(0.754961000148,0.949999999999,
    -0.240680923271));
#6194 = CARTESIAN_POINT('',(0.754940647497,0.951,-0.237811263595));
#6195 = CARTESIAN_POINT('',(0.754940647497,0.949999999999,
    -0.237811263595));
#6196 = CARTESIAN_POINT('',(0.755781391921,0.951,-0.235403399541));
#6197 = CARTESIAN_POINT('',(0.755781391921,0.949999999999,
    -0.235403399541));
#6198 = CARTESIAN_POINT('',(0.757467637443,0.951,-0.233457441722));
#6199 = CARTESIAN_POINT('',(0.757467637443,0.949999999999,
    -0.233457441722));
#6200 = ADVANCED_FACE('',(#6201),#6220,.F.);
#6201 = FACE_BOUND('',#6202,.F.);
#6202 = EDGE_LOOP('',(#6203,#6204,#6213,#6219));
#6203 = ORIENTED_EDGE('',*,*,#6185,.F.);
#6204 = ORIENTED_EDGE('',*,*,#6205,.T.);
#6205 = EDGE_CURVE('',#6177,#6206,#6208,.T.);
#6206 = VERTEX_POINT('',#6207);
#6207 = CARTESIAN_POINT('',(0.767284252962,0.951,-0.2277417913));
#6208 = B_SPLINE_CURVE_WITH_KNOTS('',3,(#6209,#6210,#6211,#6212),
  .UNSPECIFIED.,.F.,.F.,(4,4),(15.,16.),.PIECEWISE_BEZIER_KNOTS.);
#6209 = CARTESIAN_POINT('',(0.757467637443,0.951,-0.233457441722));
#6210 = CARTESIAN_POINT('',(0.759169478941,0.951,-0.231511373291));
#6211 = CARTESIAN_POINT('',(0.762431139313,0.951,-0.22958543559));
#6212 = CARTESIAN_POINT('',(0.767284252962,0.951,-0.2277417913));
#6213 = ORIENTED_EDGE('',*,*,#6214,.T.);
#6214 = EDGE_CURVE('',#6206,#634,#6215,.T.);
#6215 = LINE('',#6216,#6217);
#6216 = CARTESIAN_POINT('',(0.767284252962,0.951,-0.2277417913));
#6217 = VECTOR('',#6218,1.);
#6218 = DIRECTION('',(0.,-1.,0.));
#6219 = ORIENTED_EDGE('',*,*,#642,.F.);
#6220 = B_SPLINE_SURFACE_WITH_KNOTS('',3,1,(
    (#6221,#6222)
    ,(#6223,#6224)
    ,(#6225,#6226)
    ,(#6227,#6228
    )),.UNSPECIFIED.,.F.,.F.,.F.,(4,4),(2,2),(15.,16.),(0.,1.),
  .PIECEWISE_BEZIER_KNOTS.);
#6221 = CARTESIAN_POINT('',(0.757467637443,0.951,-0.233457441722));
#6222 = CARTESIAN_POINT('',(0.757467637443,0.949999999999,
    -0.233457441722));
#6223 = CARTESIAN_POINT('',(0.759169478941,0.951,-0.231511373291));
#6224 = CARTESIAN_POINT('',(0.759169478941,0.949999999999,
    -0.231511373291));
#6225 = CARTESIAN_POINT('',(0.762431139313,0.951,-0.22958543559));
#6226 = CARTESIAN_POINT('',(0.762431139313,0.949999999999,-0.22958543559
    ));
#6227 = CARTESIAN_POINT('',(0.767284252962,0.951,-0.2277417913));
#6228 = CARTESIAN_POINT('',(0.767284252962,0.949999999999,-0.2277417913)
  );
#6229 = ADVANCED_FACE('',(#6230),#6249,.F.);
#6230 = FACE_BOUND('',#6231,.F.);
#6231 = EDGE_LOOP('',(#6232,#6233,#6242,#6248));
#6232 = ORIENTED_EDGE('',*,*,#6214,.F.);
#6233 = ORIENTED_EDGE('',*,*,#6234,.T.);
#6234 = EDGE_CURVE('',#6206,#6235,#6237,.T.);
#6235 = VERTEX_POINT('',#6236);
#6236 = CARTESIAN_POINT('',(0.77468139084,0.951,-0.223946105518));
#6237 = B_SPLINE_CURVE_WITH_KNOTS('',3,(#6238,#6239,#6240,#6241),
  .UNSPECIFIED.,.F.,.F.,(4,4),(14.,15.),.PIECEWISE_BEZIER_KNOTS.);
#6238 = CARTESIAN_POINT('',(0.767284252962,0.951,-0.2277417913));
#6239 = CARTESIAN_POINT('',(0.771110244407,0.951,-0.226217366947));
#6240 = CARTESIAN_POINT('',(0.773565559715,0.951,-0.224952212094));
#6241 = CARTESIAN_POINT('',(0.77468139084,0.951,-0.223946105518));
#6242 = ORIENTED_EDGE('',*,*,#6243,.T.);
#6243 = EDGE_CURVE('',#6235,#625,#6244,.T.);
#6244 = LINE('',#6245,#6246);
#6245 = CARTESIAN_POINT('',(0.77468139084,0.951,-0.223946105518));
#6246 = VECTOR('',#6247,1.);
#6247 = DIRECTION('',(0.,-1.,0.));
#6248 = ORIENTED_EDGE('',*,*,#633,.F.);
#6249 = B_SPLINE_SURFACE_WITH_KNOTS('',3,1,(
    (#6250,#6251)
    ,(#6252,#6253)
    ,(#6254,#6255)
    ,(#6256,#6257
    )),.UNSPECIFIED.,.F.,.F.,.F.,(4,4),(2,2),(14.,15.),(0.,1.),
  .PIECEWISE_BEZIER_KNOTS.);
#6250 = CARTESIAN_POINT('',(0.767284252962,0.951,-0.2277417913));
#6251 = CARTESIAN_POINT('',(0.767284252962,0.949999999999,-0.2277417913)
  );
#6252 = CARTESIAN_POINT('',(0.771110244407,0.951,-0.226217366947));
#6253 = CARTESIAN_POINT('',(0.771110244407,0.949999999999,
    -0.226217366947));
#6254 = CARTESIAN_POINT('',(0.773565559715,0.951,-0.224952212094));
#6255 = CARTESIAN_POINT('',(0.773565559715,0.949999999999,
    -0.224952212094));
#6256 = CARTESIAN_POINT('',(0.77468139084,0.951,-0.223946105518));
#6257 = CARTESIAN_POINT('',(0.77468139084,0.949999999999,-0.223946105518
    ));
#6258 = ADVANCED_FACE('',(#6259),#6278,.F.);
#6259 = FACE_BOUND('',#6260,.F.);
#6260 = EDGE_LOOP('',(#6261,#6262,#6271,#6277));
#6261 = ORIENTED_EDGE('',*,*,#6243,.F.);
#6262 = ORIENTED_EDGE('',*,*,#6263,.T.);
#6263 = EDGE_CURVE('',#6235,#6264,#6266,.T.);
#6264 = VERTEX_POINT('',#6265);
#6265 = CARTESIAN_POINT('',(0.776321401146,0.951,-0.219879316119));
#6266 = B_SPLINE_CURVE_WITH_KNOTS('',3,(#6267,#6268,#6269,#6270),
  .UNSPECIFIED.,.F.,.F.,(4,4),(13.,14.),.PIECEWISE_BEZIER_KNOTS.);
#6267 = CARTESIAN_POINT('',(0.77468139084,0.951,-0.223946105518));
#6268 = CARTESIAN_POINT('',(0.775781847214,0.951,-0.222971301506));
#6269 = CARTESIAN_POINT('',(0.776333789716,0.951,-0.221626065487));
#6270 = CARTESIAN_POINT('',(0.776321401146,0.951,-0.219879316119));
#6271 = ORIENTED_EDGE('',*,*,#6272,.T.);
#6272 = EDGE_CURVE('',#6264,#616,#6273,.T.);
#6273 = LINE('',#6274,#6275);
#6274 = CARTESIAN_POINT('',(0.776321401146,0.951,-0.219879316119));
#6275 = VECTOR('',#6276,1.);
#6276 = DIRECTION('',(0.,-1.,0.));
#6277 = ORIENTED_EDGE('',*,*,#624,.F.);
#6278 = B_SPLINE_SURFACE_WITH_KNOTS('',3,1,(
    (#6279,#6280)
    ,(#6281,#6282)
    ,(#6283,#6284)
    ,(#6285,#6286
    )),.UNSPECIFIED.,.F.,.F.,.F.,(4,4),(2,2),(13.,14.),(0.,1.),
  .PIECEWISE_BEZIER_KNOTS.);
#6279 = CARTESIAN_POINT('',(0.77468139084,0.951,-0.223946105518));
#6280 = CARTESIAN_POINT('',(0.77468139084,0.949999999999,-0.223946105518
    ));
#6281 = CARTESIAN_POINT('',(0.775781847214,0.951,-0.222971301506));
#6282 = CARTESIAN_POINT('',(0.775781847214,0.949999999999,
    -0.222971301506));
#6283 = CARTESIAN_POINT('',(0.776333789716,0.951,-0.221626065487));
#6284 = CARTESIAN_POINT('',(0.776333789716,0.949999999999,
    -0.221626065487));
#6285 = CARTESIAN_POINT('',(0.776321401146,0.951,-0.219879316119));
#6286 = CARTESIAN_POINT('',(0.776321401146,0.949999999999,
    -0.219879316119));
#6287 = ADVANCED_FACE('',(#6288),#6307,.F.);
#6288 = FACE_BOUND('',#6289,.F.);
#6289 = EDGE_LOOP('',(#6290,#6291,#6300,#6306));
#6290 = ORIENTED_EDGE('',*,*,#6272,.F.);
#6291 = ORIENTED_EDGE('',*,*,#6292,.T.);
#6292 = EDGE_CURVE('',#6264,#6293,#6295,.T.);
#6293 = VERTEX_POINT('',#6294);
#6294 = CARTESIAN_POINT('',(0.77396751412,0.951,-0.215653691734));
#6295 = B_SPLINE_CURVE_WITH_KNOTS('',3,(#6296,#6297,#6298,#6299),
  .UNSPECIFIED.,.F.,.F.,(4,4),(12.,13.),.PIECEWISE_BEZIER_KNOTS.);
#6296 = CARTESIAN_POINT('',(0.776321401146,0.951,-0.219879316119));
#6297 = CARTESIAN_POINT('',(0.776309012576,0.951,-0.218132566752));
#6298 = CARTESIAN_POINT('',(0.775519037425,0.951,-0.216703267525));
#6299 = CARTESIAN_POINT('',(0.77396751412,0.951,-0.215653691734));
#6300 = ORIENTED_EDGE('',*,*,#6301,.T.);
#6301 = EDGE_CURVE('',#6293,#607,#6302,.T.);
#6302 = LINE('',#6303,#6304);
#6303 = CARTESIAN_POINT('',(0.77396751412,0.951,-0.215653691734));
#6304 = VECTOR('',#6305,1.);
#6305 = DIRECTION('',(0.,-1.,0.));
#6306 = ORIENTED_EDGE('',*,*,#615,.F.);
#6307 = B_SPLINE_SURFACE_WITH_KNOTS('',3,1,(
    (#6308,#6309)
    ,(#6310,#6311)
    ,(#6312,#6313)
    ,(#6314,#6315
    )),.UNSPECIFIED.,.F.,.F.,.F.,(4,4),(2,2),(12.,13.),(0.,1.),
  .PIECEWISE_BEZIER_KNOTS.);
#6308 = CARTESIAN_POINT('',(0.776321401146,0.951,-0.219879316119));
#6309 = CARTESIAN_POINT('',(0.776321401146,0.949999999999,
    -0.219879316119));
#6310 = CARTESIAN_POINT('',(0.776309012576,0.951,-0.218132566752));
#6311 = CARTESIAN_POINT('',(0.776309012576,0.949999999999,
    -0.218132566752));
#6312 = CARTESIAN_POINT('',(0.775519037425,0.951,-0.216703267525));
#6313 = CARTESIAN_POINT('',(0.775519037425,0.949999999999,
    -0.216703267525));
#6314 = CARTESIAN_POINT('',(0.77396751412,0.951,-0.215653691734));
#6315 = CARTESIAN_POINT('',(0.77396751412,0.949999999999,-0.215653691734
    ));
#6316 = ADVANCED_FACE('',(#6317),#6336,.F.);
#6317 = FACE_BOUND('',#6318,.F.);
#6318 = EDGE_LOOP('',(#6319,#6320,#6329,#6335));
#6319 = ORIENTED_EDGE('',*,*,#6301,.F.);
#6320 = ORIENTED_EDGE('',*,*,#6321,.T.);
#6321 = EDGE_CURVE('',#6293,#6322,#6324,.T.);
#6322 = VERTEX_POINT('',#6323);
#6323 = CARTESIAN_POINT('',(0.76793596352,0.951,-0.214074406499));
#6324 = B_SPLINE_CURVE_WITH_KNOTS('',3,(#6325,#6326,#6327,#6328),
  .UNSPECIFIED.,.F.,.F.,(4,4),(11.,12.),.PIECEWISE_BEZIER_KNOTS.);
#6325 = CARTESIAN_POINT('',(0.77396751412,0.951,-0.215653691734));
#6326 = CARTESIAN_POINT('',(0.772415769591,0.951,-0.21457292399));
#6327 = CARTESIAN_POINT('',(0.770400127806,0.951,-0.214056929767));
#6328 = CARTESIAN_POINT('',(0.76793596352,0.951,-0.214074406499));
#6329 = ORIENTED_EDGE('',*,*,#6330,.T.);
#6330 = EDGE_CURVE('',#6322,#598,#6331,.T.);
#6331 = LINE('',#6332,#6333);
#6332 = CARTESIAN_POINT('',(0.76793596352,0.951,-0.214074406499));
#6333 = VECTOR('',#6334,1.);
#6334 = DIRECTION('',(0.,-1.,0.));
#6335 = ORIENTED_EDGE('',*,*,#606,.F.);
#6336 = B_SPLINE_SURFACE_WITH_KNOTS('',3,1,(
    (#6337,#6338)
    ,(#6339,#6340)
    ,(#6341,#6342)
    ,(#6343,#6344
    )),.UNSPECIFIED.,.F.,.F.,.F.,(4,4),(2,2),(11.,12.),(0.,1.),
  .PIECEWISE_BEZIER_KNOTS.);
#6337 = CARTESIAN_POINT('',(0.77396751412,0.951,-0.215653691734));
#6338 = CARTESIAN_POINT('',(0.77396751412,0.949999999999,-0.215653691734
    ));
#6339 = CARTESIAN_POINT('',(0.772415769591,0.951,-0.21457292399));
#6340 = CARTESIAN_POINT('',(0.772415769591,0.949999999999,-0.21457292399
    ));
#6341 = CARTESIAN_POINT('',(0.770400127806,0.951,-0.214056929767));
#6342 = CARTESIAN_POINT('',(0.770400127806,0.949999999999,
    -0.214056929767));
#6343 = CARTESIAN_POINT('',(0.76793596352,0.951,-0.214074406499));
#6344 = CARTESIAN_POINT('',(0.76793596352,0.949999999999,-0.214074406499
    ));
#6345 = ADVANCED_FACE('',(#6346),#6365,.F.);
#6346 = FACE_BOUND('',#6347,.F.);
#6347 = EDGE_LOOP('',(#6348,#6349,#6358,#6364));
#6348 = ORIENTED_EDGE('',*,*,#6330,.F.);
#6349 = ORIENTED_EDGE('',*,*,#6350,.T.);
#6350 = EDGE_CURVE('',#6322,#6351,#6353,.T.);
#6351 = VERTEX_POINT('',#6352);
#6352 = CARTESIAN_POINT('',(0.756885163876,0.951,-0.217303328436));
#6353 = B_SPLINE_CURVE_WITH_KNOTS('',3,(#6354,#6355,#6356,#6357),
  .UNSPECIFIED.,.F.,.F.,(4,4),(10.,11.),.PIECEWISE_BEZIER_KNOTS.);
#6354 = CARTESIAN_POINT('',(0.76793596352,0.951,-0.214074406499));
#6355 = CARTESIAN_POINT('',(0.763803029747,0.951,-0.21410371874));
#6356 = CARTESIAN_POINT('',(0.760129900925,0.951,-0.215190349629));
#6357 = CARTESIAN_POINT('',(0.756885163876,0.951,-0.217303328436));
#6358 = ORIENTED_EDGE('',*,*,#6359,.T.);
#6359 = EDGE_CURVE('',#6351,#590,#6360,.T.);
#6360 = LINE('',#6361,#6362);
#6361 = CARTESIAN_POINT('',(0.756885163876,0.951,-0.217303328436));
#6362 = VECTOR('',#6363,1.);
#6363 = DIRECTION('',(0.,-1.,0.));
#6364 = ORIENTED_EDGE('',*,*,#597,.F.);
#6365 = B_SPLINE_SURFACE_WITH_KNOTS('',3,1,(
    (#6366,#6367)
    ,(#6368,#6369)
    ,(#6370,#6371)
    ,(#6372,#6373
    )),.UNSPECIFIED.,.F.,.F.,.F.,(4,4),(2,2),(10.,11.),(0.,1.),
  .PIECEWISE_BEZIER_KNOTS.);
#6366 = CARTESIAN_POINT('',(0.76793596352,0.951,-0.214074406499));
#6367 = CARTESIAN_POINT('',(0.76793596352,0.949999999999,-0.214074406499
    ));
#6368 = CARTESIAN_POINT('',(0.763803029747,0.951,-0.21410371874));
#6369 = CARTESIAN_POINT('',(0.763803029747,0.949999999999,-0.21410371874
    ));
#6370 = CARTESIAN_POINT('',(0.760129900925,0.951,-0.215190349629));
#6371 = CARTESIAN_POINT('',(0.760129900925,0.949999999999,
    -0.215190349629));
#6372 = CARTESIAN_POINT('',(0.756885163876,0.951,-0.217303328436));
#6373 = CARTESIAN_POINT('',(0.756885163876,0.949999999999,
    -0.217303328436));
#6374 = ADVANCED_FACE('',(#6375),#6393,.F.);
#6375 = FACE_BOUND('',#6376,.T.);
#6376 = EDGE_LOOP('',(#6377,#6378,#6386,#6392));
#6377 = ORIENTED_EDGE('',*,*,#589,.T.);
#6378 = ORIENTED_EDGE('',*,*,#6379,.F.);
#6379 = EDGE_CURVE('',#6380,#581,#6382,.T.);
#6380 = VERTEX_POINT('',#6381);
#6381 = CARTESIAN_POINT('',(0.756832512454,0.951,-0.209879643623));
#6382 = LINE('',#6383,#6384);
#6383 = CARTESIAN_POINT('',(0.756832512454,0.951,-0.209879643623));
#6384 = VECTOR('',#6385,1.);
#6385 = DIRECTION('',(0.,-1.,0.));
#6386 = ORIENTED_EDGE('',*,*,#6387,.F.);
#6387 = EDGE_CURVE('',#6351,#6380,#6388,.T.);
#6388 = LINE('',#6389,#6390);
#6389 = CARTESIAN_POINT('',(0.756832512454,0.951,-0.209879643623));
#6390 = VECTOR('',#6391,1.);
#6391 = DIRECTION('',(-7.092178509005E-03,0.,0.999974850186));
#6392 = ORIENTED_EDGE('',*,*,#6359,.T.);
#6393 = PLANE('',#6394);
#6394 = AXIS2_PLACEMENT_3D('',#6395,#6396,#6397);
#6395 = CARTESIAN_POINT('',(0.756832512454,0.951,-0.209879643623));
#6396 = DIRECTION('',(0.999974850186,0.,7.092178509005E-03));
#6397 = DIRECTION('',(7.092178509005E-03,0.,-0.999974850186));
#6398 = ADVANCED_FACE('',(#6399),#6418,.F.);
#6399 = FACE_BOUND('',#6400,.F.);
#6400 = EDGE_LOOP('',(#6401,#6402,#6411,#6417));
#6401 = ORIENTED_EDGE('',*,*,#6379,.F.);
#6402 = ORIENTED_EDGE('',*,*,#6403,.T.);
#6403 = EDGE_CURVE('',#6380,#6404,#6406,.T.);
#6404 = VERTEX_POINT('',#6405);
#6405 = CARTESIAN_POINT('',(0.76714333298,0.951,-0.20787251724));
#6406 = B_SPLINE_CURVE_WITH_KNOTS('',3,(#6407,#6408,#6409,#6410),
  .UNSPECIFIED.,.F.,.F.,(4,4),(8.,9.),.PIECEWISE_BEZIER_KNOTS.);
#6407 = CARTESIAN_POINT('',(0.756832512454,0.951,-0.209879643623));
#6408 = CARTESIAN_POINT('',(0.760004800233,0.951,-0.208547016702));
#6409 = CARTESIAN_POINT('',(0.763431490573,0.951,-0.207898842951));
#6410 = CARTESIAN_POINT('',(0.76714333298,0.951,-0.20787251724));
#6411 = ORIENTED_EDGE('',*,*,#6412,.T.);
#6412 = EDGE_CURVE('',#6404,#572,#6413,.T.);
#6413 = LINE('',#6414,#6415);
#6414 = CARTESIAN_POINT('',(0.76714333298,0.951,-0.20787251724));
#6415 = VECTOR('',#6416,1.);
#6416 = DIRECTION('',(0.,-1.,0.));
#6417 = ORIENTED_EDGE('',*,*,#580,.F.);
#6418 = B_SPLINE_SURFACE_WITH_KNOTS('',3,1,(
    (#6419,#6420)
    ,(#6421,#6422)
    ,(#6423,#6424)
    ,(#6425,#6426
    )),.UNSPECIFIED.,.F.,.F.,.F.,(4,4),(2,2),(8.,9.),(0.,1.),
  .PIECEWISE_BEZIER_KNOTS.);
#6419 = CARTESIAN_POINT('',(0.756832512454,0.951,-0.209879643623));
#6420 = CARTESIAN_POINT('',(0.756832512454,0.95,-0.209879643623));
#6421 = CARTESIAN_POINT('',(0.760004800233,0.951,-0.208547016702));
#6422 = CARTESIAN_POINT('',(0.760004800233,0.95,-0.208547016702));
#6423 = CARTESIAN_POINT('',(0.763431490573,0.951,-0.207898842951));
#6424 = CARTESIAN_POINT('',(0.763431490573,0.95,-0.207898842951));
#6425 = CARTESIAN_POINT('',(0.76714333298,0.951,-0.20787251724));
#6426 = CARTESIAN_POINT('',(0.76714333298,0.95,-0.20787251724));
#6427 = ADVANCED_FACE('',(#6428),#6447,.F.);
#6428 = FACE_BOUND('',#6429,.F.);
#6429 = EDGE_LOOP('',(#6430,#6431,#6440,#6446));
#6430 = ORIENTED_EDGE('',*,*,#6412,.F.);
#6431 = ORIENTED_EDGE('',*,*,#6432,.T.);
#6432 = EDGE_CURVE('',#6404,#6433,#6435,.T.);
#6433 = VERTEX_POINT('',#6434);
#6434 = CARTESIAN_POINT('',(0.779239174705,0.951,-0.211249210156));
#6435 = B_SPLINE_CURVE_WITH_KNOTS('',3,(#6436,#6437,#6438,#6439),
  .UNSPECIFIED.,.F.,.F.,(4,4),(7.,8.),.PIECEWISE_BEZIER_KNOTS.);
#6436 = CARTESIAN_POINT('',(0.76714333298,0.951,-0.20787251724));
#6437 = CARTESIAN_POINT('',(0.771915701788,0.951,-0.207838669897));
#6438 = CARTESIAN_POINT('',(0.77594764903,0.951,-0.208964234202));
#6439 = CARTESIAN_POINT('',(0.779239174705,0.951,-0.211249210156));
#6440 = ORIENTED_EDGE('',*,*,#6441,.T.);
#6441 = EDGE_CURVE('',#6433,#563,#6442,.T.);
#6442 = LINE('',#6443,#6444);
#6443 = CARTESIAN_POINT('',(0.779239174705,0.951,-0.211249210156));
#6444 = VECTOR('',#6445,1.);
#6445 = DIRECTION('',(0.,-1.,0.));
#6446 = ORIENTED_EDGE('',*,*,#571,.F.);
#6447 = B_SPLINE_SURFACE_WITH_KNOTS('',3,1,(
    (#6448,#6449)
    ,(#6450,#6451)
    ,(#6452,#6453)
    ,(#6454,#6455
    )),.UNSPECIFIED.,.F.,.F.,.F.,(4,4),(2,2),(7.,8.),(0.,1.),
  .PIECEWISE_BEZIER_KNOTS.);
#6448 = CARTESIAN_POINT('',(0.76714333298,0.951,-0.20787251724));
#6449 = CARTESIAN_POINT('',(0.76714333298,0.949999999999,-0.20787251724)
  );
#6450 = CARTESIAN_POINT('',(0.771915701788,0.951,-0.207838669897));
#6451 = CARTESIAN_POINT('',(0.771915701788,0.949999999999,
    -0.207838669897));
#6452 = CARTESIAN_POINT('',(0.77594764903,0.951,-0.208964234202));
#6453 = CARTESIAN_POINT('',(0.77594764903,0.949999999999,-0.208964234202
    ));
#6454 = CARTESIAN_POINT('',(0.779239174705,0.951,-0.211249210156));
#6455 = CARTESIAN_POINT('',(0.779239174705,0.949999999999,
    -0.211249210156));
#6456 = ADVANCED_FACE('',(#6457),#6476,.F.);
#6457 = FACE_BOUND('',#6458,.F.);
#6458 = EDGE_LOOP('',(#6459,#6460,#6469,#6475));
#6459 = ORIENTED_EDGE('',*,*,#6441,.F.);
#6460 = ORIENTED_EDGE('',*,*,#6461,.T.);
#6461 = EDGE_CURVE('',#6433,#6462,#6464,.T.);
#6462 = VERTEX_POINT('',#6463);
#6463 = CARTESIAN_POINT('',(0.784202236216,0.951,-0.220509679908));
#6464 = B_SPLINE_CURVE_WITH_KNOTS('',3,(#6465,#6466,#6467,#6468),
  .UNSPECIFIED.,.F.,.F.,(4,4),(6.,7.),.PIECEWISE_BEZIER_KNOTS.);
#6465 = CARTESIAN_POINT('',(0.779239174705,0.951,-0.211249210156));
#6466 = CARTESIAN_POINT('',(0.782515325628,0.951,-0.213565488674));
#6467 = CARTESIAN_POINT('',(0.784174804382,0.951,-0.216641877737));
#6468 = CARTESIAN_POINT('',(0.784202236216,0.951,-0.220509679908));
#6469 = ORIENTED_EDGE('',*,*,#6470,.T.);
#6470 = EDGE_CURVE('',#6462,#554,#6471,.T.);
#6471 = LINE('',#6472,#6473);
#6472 = CARTESIAN_POINT('',(0.784202236216,0.951,-0.220509679908));
#6473 = VECTOR('',#6474,1.);
#6474 = DIRECTION('',(0.,-1.,0.));
#6475 = ORIENTED_EDGE('',*,*,#562,.F.);
#6476 = B_SPLINE_SURFACE_WITH_KNOTS('',3,1,(
    (#6477,#6478)
    ,(#6479,#6480)
    ,(#6481,#6482)
    ,(#6483,#6484
    )),.UNSPECIFIED.,.F.,.F.,.F.,(4,4),(2,2),(6.,7.),(0.,1.),
  .PIECEWISE_BEZIER_KNOTS.);
#6477 = CARTESIAN_POINT('',(0.779239174705,0.951,-0.211249210156));
#6478 = CARTESIAN_POINT('',(0.779239174705,0.949999999999,
    -0.211249210156));
#6479 = CARTESIAN_POINT('',(0.782515325628,0.951,-0.213565488674));
#6480 = CARTESIAN_POINT('',(0.782515325628,0.949999999999,
    -0.213565488674));
#6481 = CARTESIAN_POINT('',(0.784174804382,0.951,-0.216641877737));
#6482 = CARTESIAN_POINT('',(0.784174804382,0.949999999999,
    -0.216641877737));
#6483 = CARTESIAN_POINT('',(0.784202236216,0.951,-0.220509679908));
#6484 = CARTESIAN_POINT('',(0.784202236216,0.949999999999,
    -0.220509679908));
#6485 = ADVANCED_FACE('',(#6486),#6505,.F.);
#6486 = FACE_BOUND('',#6487,.F.);
#6487 = EDGE_LOOP('',(#6488,#6489,#6498,#6504));
#6488 = ORIENTED_EDGE('',*,*,#6470,.F.);
#6489 = ORIENTED_EDGE('',*,*,#6490,.T.);
#6490 = EDGE_CURVE('',#6462,#6491,#6493,.T.);
#6491 = VERTEX_POINT('',#6492);
#6492 = CARTESIAN_POINT('',(0.782083286089,0.951,-0.227418476621));
#6493 = B_SPLINE_CURVE_WITH_KNOTS('',3,(#6494,#6495,#6496,#6497),
  .UNSPECIFIED.,.F.,.F.,(4,4),(5.,6.),.PIECEWISE_BEZIER_KNOTS.);
#6494 = CARTESIAN_POINT('',(0.784202236216,0.951,-0.220509679908));
#6495 = CARTESIAN_POINT('',(0.78422126152,0.951,-0.223192187866));
#6496 = CARTESIAN_POINT('',(0.783520217211,0.951,-0.225505480551));
#6497 = CARTESIAN_POINT('',(0.782083286089,0.951,-0.227418476621));
#6498 = ORIENTED_EDGE('',*,*,#6499,.T.);
#6499 = EDGE_CURVE('',#6491,#545,#6500,.T.);
#6500 = LINE('',#6501,#6502);
#6501 = CARTESIAN_POINT('',(0.782083286089,0.951,-0.227418476621));
#6502 = VECTOR('',#6503,1.);
#6503 = DIRECTION('',(0.,-1.,0.));
#6504 = ORIENTED_EDGE('',*,*,#553,.F.);
#6505 = B_SPLINE_SURFACE_WITH_KNOTS('',3,1,(
    (#6506,#6507)
    ,(#6508,#6509)
    ,(#6510,#6511)
    ,(#6512,#6513
    )),.UNSPECIFIED.,.F.,.F.,.F.,(4,4),(2,2),(5.,6.),(0.,1.),
  .PIECEWISE_BEZIER_KNOTS.);
#6506 = CARTESIAN_POINT('',(0.784202236216,0.951,-0.220509679908));
#6507 = CARTESIAN_POINT('',(0.784202236216,0.949999999999,
    -0.220509679908));
#6508 = CARTESIAN_POINT('',(0.78422126152,0.951,-0.223192187866));
#6509 = CARTESIAN_POINT('',(0.78422126152,0.949999999999,-0.223192187866
    ));
#6510 = CARTESIAN_POINT('',(0.783520217211,0.951,-0.225505480551));
#6511 = CARTESIAN_POINT('',(0.783520217211,0.949999999999,
    -0.225505480551));
#6512 = CARTESIAN_POINT('',(0.782083286089,0.951,-0.227418476621));
#6513 = CARTESIAN_POINT('',(0.782083286089,0.949999999999,
    -0.227418476621));
#6514 = ADVANCED_FACE('',(#6515),#6534,.F.);
#6515 = FACE_BOUND('',#6516,.F.);
#6516 = EDGE_LOOP('',(#6517,#6518,#6527,#6533));
#6517 = ORIENTED_EDGE('',*,*,#6499,.F.);
#6518 = ORIENTED_EDGE('',*,*,#6519,.T.);
#6519 = EDGE_CURVE('',#6491,#6520,#6522,.T.);
#6520 = VERTEX_POINT('',#6521);
#6521 = CARTESIAN_POINT('',(0.772719838785,0.951,-0.233255687101));
#6522 = B_SPLINE_CURVE_WITH_KNOTS('',3,(#6523,#6524,#6525,#6526),
  .UNSPECIFIED.,.F.,.F.,(4,4),(4.,5.),.PIECEWISE_BEZIER_KNOTS.);
#6523 = CARTESIAN_POINT('',(0.782083286089,0.951,-0.227418476621));
#6524 = CARTESIAN_POINT('',(0.780661950943,0.951,-0.229331362079));
#6525 = CARTESIAN_POINT('',(0.777525279607,0.951,-0.231287606836));
#6526 = CARTESIAN_POINT('',(0.772719838785,0.951,-0.233255687101));
#6527 = ORIENTED_EDGE('',*,*,#6528,.T.);
#6528 = EDGE_CURVE('',#6520,#536,#6529,.T.);
#6529 = LINE('',#6530,#6531);
#6530 = CARTESIAN_POINT('',(0.772719838785,0.951,-0.233255687101));
#6531 = VECTOR('',#6532,1.);
#6532 = DIRECTION('',(0.,-1.,0.));
#6533 = ORIENTED_EDGE('',*,*,#544,.F.);
#6534 = B_SPLINE_SURFACE_WITH_KNOTS('',3,1,(
    (#6535,#6536)
    ,(#6537,#6538)
    ,(#6539,#6540)
    ,(#6541,#6542
    )),.UNSPECIFIED.,.F.,.F.,.F.,(4,4),(2,2),(4.,5.),(0.,1.),
  .PIECEWISE_BEZIER_KNOTS.);
#6535 = CARTESIAN_POINT('',(0.782083286089,0.951,-0.227418476621));
#6536 = CARTESIAN_POINT('',(0.782083286089,0.949999999999,
    -0.227418476621));
#6537 = CARTESIAN_POINT('',(0.780661950943,0.951,-0.229331362079));
#6538 = CARTESIAN_POINT('',(0.780661950943,0.949999999999,
    -0.229331362079));
#6539 = CARTESIAN_POINT('',(0.777525279607,0.951,-0.231287606836));
#6540 = CARTESIAN_POINT('',(0.777525279607,0.949999999999,
    -0.231287606836));
#6541 = CARTESIAN_POINT('',(0.772719838785,0.951,-0.233255687101));
#6542 = CARTESIAN_POINT('',(0.772719838785,0.949999999999,
    -0.233255687101));
#6543 = ADVANCED_FACE('',(#6544),#6563,.F.);
#6544 = FACE_BOUND('',#6545,.F.);
#6545 = EDGE_LOOP('',(#6546,#6547,#6556,#6562));
#6546 = ORIENTED_EDGE('',*,*,#6528,.F.);
#6547 = ORIENTED_EDGE('',*,*,#6548,.T.);
#6548 = EDGE_CURVE('',#6520,#6549,#6551,.T.);
#6549 = VERTEX_POINT('',#6550);
#6550 = CARTESIAN_POINT('',(0.764746755899,0.951,-0.237211425301));
#6551 = B_SPLINE_CURVE_WITH_KNOTS('',3,(#6552,#6553,#6554,#6555),
  .UNSPECIFIED.,.F.,.F.,(4,4),(3.,4.),.PIECEWISE_BEZIER_KNOTS.);
#6552 = CARTESIAN_POINT('',(0.772719838785,0.951,-0.233255687101));
#6553 = CARTESIAN_POINT('',(0.768706695623,0.951,-0.234781438801));
#6554 = CARTESIAN_POINT('',(0.766049075069,0.951,-0.236110415518));
#6555 = CARTESIAN_POINT('',(0.764746755899,0.951,-0.237211425301));
#6556 = ORIENTED_EDGE('',*,*,#6557,.T.);
#6557 = EDGE_CURVE('',#6549,#527,#6558,.T.);
#6558 = LINE('',#6559,#6560);
#6559 = CARTESIAN_POINT('',(0.764746755899,0.951,-0.237211425301));
#6560 = VECTOR('',#6561,1.);
#6561 = DIRECTION('',(0.,-1.,0.));
#6562 = ORIENTED_EDGE('',*,*,#535,.F.);
#6563 = B_SPLINE_SURFACE_WITH_KNOTS('',3,1,(
    (#6564,#6565)
    ,(#6566,#6567)
    ,(#6568,#6569)
    ,(#6570,#6571
    )),.UNSPECIFIED.,.F.,.F.,.F.,(4,4),(2,2),(3.,4.),(0.,1.),
  .PIECEWISE_BEZIER_KNOTS.);
#6564 = CARTESIAN_POINT('',(0.772719838785,0.951,-0.233255687101));
#6565 = CARTESIAN_POINT('',(0.772719838785,0.949999999999,
    -0.233255687101));
#6566 = CARTESIAN_POINT('',(0.768706695623,0.951,-0.234781438801));
#6567 = CARTESIAN_POINT('',(0.768706695623,0.949999999999,
    -0.234781438801));
#6568 = CARTESIAN_POINT('',(0.766049075069,0.951,-0.236110415518));
#6569 = CARTESIAN_POINT('',(0.766049075069,0.949999999999,
    -0.236110415518));
#6570 = CARTESIAN_POINT('',(0.764746755899,0.951,-0.237211425301));
#6571 = CARTESIAN_POINT('',(0.764746755899,0.949999999999,
    -0.237211425301));
#6572 = ADVANCED_FACE('',(#6573),#6592,.F.);
#6573 = FACE_BOUND('',#6574,.F.);
#6574 = EDGE_LOOP('',(#6575,#6576,#6585,#6591));
#6575 = ORIENTED_EDGE('',*,*,#6557,.F.);
#6576 = ORIENTED_EDGE('',*,*,#6577,.T.);
#6577 = EDGE_CURVE('',#6549,#6578,#6580,.T.);
#6578 = VERTEX_POINT('',#6579);
#6579 = CARTESIAN_POINT('',(0.762811085714,0.951,-0.24137389219));
#6580 = B_SPLINE_CURVE_WITH_KNOTS('',3,(#6581,#6582,#6583,#6584),
  .UNSPECIFIED.,.F.,.F.,(4,4),(2.,3.),.PIECEWISE_BEZIER_KNOTS.);
#6581 = CARTESIAN_POINT('',(0.764746755899,0.951,-0.237211425301));
#6582 = CARTESIAN_POINT('',(0.763444436729,0.951,-0.238312435083));
#6583 = CARTESIAN_POINT('',(0.762799139593,0.951,-0.239689526728));
#6584 = CARTESIAN_POINT('',(0.762811085714,0.951,-0.24137389219));
#6585 = ORIENTED_EDGE('',*,*,#6586,.T.);
#6586 = EDGE_CURVE('',#6578,#518,#6587,.T.);
#6587 = LINE('',#6588,#6589);
#6588 = CARTESIAN_POINT('',(0.762811085714,0.951,-0.24137389219));
#6589 = VECTOR('',#6590,1.);
#6590 = DIRECTION('',(0.,-1.,0.));
#6591 = ORIENTED_EDGE('',*,*,#526,.F.);
#6592 = B_SPLINE_SURFACE_WITH_KNOTS('',3,1,(
    (#6593,#6594)
    ,(#6595,#6596)
    ,(#6597,#6598)
    ,(#6599,#6600
    )),.UNSPECIFIED.,.F.,.F.,.F.,(4,4),(2,2),(2.,3.),(0.,1.),
  .PIECEWISE_BEZIER_KNOTS.);
#6593 = CARTESIAN_POINT('',(0.764746755899,0.951,-0.237211425301));
#6594 = CARTESIAN_POINT('',(0.764746755899,0.949999999999,
    -0.237211425301));
#6595 = CARTESIAN_POINT('',(0.763444436729,0.951,-0.238312435083));
#6596 = CARTESIAN_POINT('',(0.763444436729,0.949999999999,
    -0.238312435083));
#6597 = CARTESIAN_POINT('',(0.762799139593,0.951,-0.239689526728));
#6598 = CARTESIAN_POINT('',(0.762799139593,0.949999999999,
    -0.239689526728));
#6599 = CARTESIAN_POINT('',(0.762811085714,0.951,-0.24137389219));
#6600 = CARTESIAN_POINT('',(0.762811085714,0.949999999999,-0.24137389219
    ));
#6601 = ADVANCED_FACE('',(#6602),#6614,.F.);
#6602 = FACE_BOUND('',#6603,.F.);
#6603 = EDGE_LOOP('',(#6604,#6605,#6612,#6613));
#6604 = ORIENTED_EDGE('',*,*,#6586,.F.);
#6605 = ORIENTED_EDGE('',*,*,#6606,.T.);
#6606 = EDGE_CURVE('',#6578,#6029,#6607,.T.);
#6607 = B_SPLINE_CURVE_WITH_KNOTS('',3,(#6608,#6609,#6610,#6611),
  .UNSPECIFIED.,.F.,.F.,(4,4),(1.,2.),.PIECEWISE_BEZIER_KNOTS.);
#6608 = CARTESIAN_POINT('',(0.762811085714,0.951,-0.24137389219));
#6609 = CARTESIAN_POINT('',(0.762838959996,0.951,-0.245304078268));
#6610 = CARTESIAN_POINT('',(0.765862920601,0.951,-0.247247823146));
#6611 = CARTESIAN_POINT('',(0.771867371554,0.951,-0.247205237437));
#6612 = ORIENTED_EDGE('',*,*,#6028,.T.);
#6613 = ORIENTED_EDGE('',*,*,#517,.F.);
#6614 = B_SPLINE_SURFACE_WITH_KNOTS('',3,1,(
    (#6615,#6616)
    ,(#6617,#6618)
    ,(#6619,#6620)
    ,(#6621,#6622
    )),.UNSPECIFIED.,.F.,.F.,.F.,(4,4),(2,2),(1.,2.),(0.,1.),
  .PIECEWISE_BEZIER_KNOTS.);
#6615 = CARTESIAN_POINT('',(0.762811085714,0.951,-0.24137389219));
#6616 = CARTESIAN_POINT('',(0.762811085714,0.949999999999,-0.24137389219
    ));
#6617 = CARTESIAN_POINT('',(0.762838959996,0.951,-0.245304078268));
#6618 = CARTESIAN_POINT('',(0.762838959996,0.949999999999,
    -0.245304078268));
#6619 = CARTESIAN_POINT('',(0.765862920601,0.951,-0.247247823146));
#6620 = CARTESIAN_POINT('',(0.765862920601,0.949999999999,
    -0.247247823146));
#6621 = CARTESIAN_POINT('',(0.771867371554,0.951,-0.247205237437));
#6622 = CARTESIAN_POINT('',(0.771867371554,0.949999999999,
    -0.247205237437));
#6623 = ADVANCED_FACE('',(#6624),#6647,.F.);
#6624 = FACE_BOUND('',#6625,.T.);
#6625 = EDGE_LOOP('',(#6626,#6627,#6628,#6629,#6630,#6631,#6632,#6633,
    #6634,#6635,#6636,#6637,#6638,#6639,#6640,#6641,#6642,#6643,#6644,
    #6645,#6646));
#6626 = ORIENTED_EDGE('',*,*,#6036,.T.);
#6627 = ORIENTED_EDGE('',*,*,#6073,.T.);
#6628 = ORIENTED_EDGE('',*,*,#6089,.T.);
#6629 = ORIENTED_EDGE('',*,*,#6118,.T.);
#6630 = ORIENTED_EDGE('',*,*,#6147,.T.);
#6631 = ORIENTED_EDGE('',*,*,#6176,.T.);
#6632 = ORIENTED_EDGE('',*,*,#6205,.T.);
#6633 = ORIENTED_EDGE('',*,*,#6234,.T.);
#6634 = ORIENTED_EDGE('',*,*,#6263,.T.);
#6635 = ORIENTED_EDGE('',*,*,#6292,.T.);
#6636 = ORIENTED_EDGE('',*,*,#6321,.T.);
#6637 = ORIENTED_EDGE('',*,*,#6350,.T.);
#6638 = ORIENTED_EDGE('',*,*,#6387,.T.);
#6639 = ORIENTED_EDGE('',*,*,#6403,.T.);
#6640 = ORIENTED_EDGE('',*,*,#6432,.T.);
#6641 = ORIENTED_EDGE('',*,*,#6461,.T.);
#6642 = ORIENTED_EDGE('',*,*,#6490,.T.);
#6643 = ORIENTED_EDGE('',*,*,#6519,.T.);
#6644 = ORIENTED_EDGE('',*,*,#6548,.T.);
#6645 = ORIENTED_EDGE('',*,*,#6577,.T.);
#6646 = ORIENTED_EDGE('',*,*,#6606,.T.);
#6647 = PLANE('',#6648);
#6648 = AXIS2_PLACEMENT_3D('',#6649,#6650,#6651);
#6649 = CARTESIAN_POINT('',(0.778367326422,0.951,-0.24610635607));
#6650 = DIRECTION('',(0.,-1.,0.));
#6651 = DIRECTION('',(0.,0.,-1.));
#6652 = ADVANCED_FACE('',(#6653),#6678,.F.);
#6653 = FACE_BOUND('',#6654,.T.);
#6654 = EDGE_LOOP('',(#6655,#6656,#6664,#6672));
#6655 = ORIENTED_EDGE('',*,*,#381,.T.);
#6656 = ORIENTED_EDGE('',*,*,#6657,.F.);
#6657 = EDGE_CURVE('',#6658,#372,#6660,.T.);
#6658 = VERTEX_POINT('',#6659);
#6659 = CARTESIAN_POINT('',(0.716853387953,0.951,-0.209227384182));
#6660 = LINE('',#6661,#6662);
#6661 = CARTESIAN_POINT('',(0.716853387953,0.951,-0.209227384182));
#6662 = VECTOR('',#6663,1.);
#6663 = DIRECTION('',(0.,-1.,0.));
#6664 = ORIENTED_EDGE('',*,*,#6665,.F.);
#6665 = EDGE_CURVE('',#6666,#6658,#6668,.T.);
#6666 = VERTEX_POINT('',#6667);
#6667 = CARTESIAN_POINT('',(0.708930631892,0.951,-0.209283575195));
#6668 = LINE('',#6669,#6670);
#6669 = CARTESIAN_POINT('',(0.716853387953,0.951,-0.209227384182));
#6670 = VECTOR('',#6671,1.);
#6671 = DIRECTION('',(0.999974850186,0.,7.092178509005E-03));
#6672 = ORIENTED_EDGE('',*,*,#6673,.T.);
#6673 = EDGE_CURVE('',#6666,#382,#6674,.T.);
#6674 = LINE('',#6675,#6676);
#6675 = CARTESIAN_POINT('',(0.708930631892,0.951,-0.209283575195));
#6676 = VECTOR('',#6677,1.);
#6677 = DIRECTION('',(0.,-1.,0.));
#6678 = PLANE('',#6679);
#6679 = AXIS2_PLACEMENT_3D('',#6680,#6681,#6682);
#6680 = CARTESIAN_POINT('',(0.716853387953,0.951,-0.209227384182));
#6681 = DIRECTION('',(7.092178509005E-03,0.,-0.999974850186));
#6682 = DIRECTION('',(-0.999974850186,0.,-7.092178509005E-03));
#6683 = ADVANCED_FACE('',(#6684),#6702,.F.);
#6684 = FACE_BOUND('',#6685,.T.);
#6685 = EDGE_LOOP('',(#6686,#6687,#6695,#6701));
#6686 = ORIENTED_EDGE('',*,*,#371,.T.);
#6687 = ORIENTED_EDGE('',*,*,#6688,.F.);
#6688 = EDGE_CURVE('',#6689,#374,#6691,.T.);
#6689 = VERTEX_POINT('',#6690);
#6690 = CARTESIAN_POINT('',(0.728985846157,0.951,-0.241956921603));
#6691 = LINE('',#6692,#6693);
#6692 = CARTESIAN_POINT('',(0.728985846157,0.951,-0.241956921603));
#6693 = VECTOR('',#6694,1.);
#6694 = DIRECTION('',(0.,-1.,0.));
#6695 = ORIENTED_EDGE('',*,*,#6696,.F.);
#6696 = EDGE_CURVE('',#6658,#6689,#6697,.T.);
#6697 = LINE('',#6698,#6699);
#6698 = CARTESIAN_POINT('',(0.728985846157,0.951,-0.241956921603));
#6699 = VECTOR('',#6700,1.);
#6700 = DIRECTION('',(0.347576530354,0.,-0.937651617365));
#6701 = ORIENTED_EDGE('',*,*,#6657,.T.);
#6702 = PLANE('',#6703);
#6703 = AXIS2_PLACEMENT_3D('',#6704,#6705,#6706);
#6704 = CARTESIAN_POINT('',(0.728985846157,0.951,-0.241956921603));
#6705 = DIRECTION('',(-0.937651617365,0.,-0.347576530354));
#6706 = DIRECTION('',(-0.347576530354,0.,0.937651617365));
#6707 = ADVANCED_FACE('',(#6708),#6727,.F.);
#6708 = FACE_BOUND('',#6709,.F.);
#6709 = EDGE_LOOP('',(#6710,#6711,#6720,#6726));
#6710 = ORIENTED_EDGE('',*,*,#6688,.F.);
#6711 = ORIENTED_EDGE('',*,*,#6712,.T.);
#6712 = EDGE_CURVE('',#6689,#6713,#6715,.T.);
#6713 = VERTEX_POINT('',#6714);
#6714 = CARTESIAN_POINT('',(0.729946603111,0.951,-0.245474975558));
#6715 = B_SPLINE_CURVE_WITH_KNOTS('',3,(#6716,#6717,#6718,#6719),
  .UNSPECIFIED.,.F.,.F.,(4,4),(12.,13.),.PIECEWISE_BEZIER_KNOTS.);
#6716 = CARTESIAN_POINT('',(0.728985846157,0.951,-0.241956921603));
#6717 = CARTESIAN_POINT('',(0.72946456545,0.951,-0.243482008933));
#6718 = CARTESIAN_POINT('',(0.72978489151,0.951,-0.244665090902));
#6719 = CARTESIAN_POINT('',(0.729946603111,0.951,-0.245474975558));
#6720 = ORIENTED_EDGE('',*,*,#6721,.T.);
#6721 = EDGE_CURVE('',#6713,#482,#6722,.T.);
#6722 = LINE('',#6723,#6724);
#6723 = CARTESIAN_POINT('',(0.729946603111,0.951,-0.245474975558));
#6724 = VECTOR('',#6725,1.);
#6725 = DIRECTION('',(0.,-1.,0.));
#6726 = ORIENTED_EDGE('',*,*,#489,.F.);
#6727 = B_SPLINE_SURFACE_WITH_KNOTS('',3,1,(
    (#6728,#6729)
    ,(#6730,#6731)
    ,(#6732,#6733)
    ,(#6734,#6735
    )),.UNSPECIFIED.,.F.,.F.,.F.,(4,4),(2,2),(12.,13.),(0.,1.),
  .PIECEWISE_BEZIER_KNOTS.);
#6728 = CARTESIAN_POINT('',(0.728985846157,0.951,-0.241956921603));
#6729 = CARTESIAN_POINT('',(0.728985846157,0.949999999999,
    -0.241956921603));
#6730 = CARTESIAN_POINT('',(0.72946456545,0.951,-0.243482008933));
#6731 = CARTESIAN_POINT('',(0.72946456545,0.949999999999,-0.243482008933
    ));
#6732 = CARTESIAN_POINT('',(0.72978489151,0.951,-0.244665090902));
#6733 = CARTESIAN_POINT('',(0.72978489151,0.949999999999,-0.244665090902
    ));
#6734 = CARTESIAN_POINT('',(0.729946603111,0.951,-0.245474975558));
#6735 = CARTESIAN_POINT('',(0.729946603111,0.949999999999,
    -0.245474975558));
#6736 = ADVANCED_FACE('',(#6737),#6755,.F.);
#6737 = FACE_BOUND('',#6738,.T.);
#6738 = EDGE_LOOP('',(#6739,#6740,#6748,#6754));
#6739 = ORIENTED_EDGE('',*,*,#481,.T.);
#6740 = ORIENTED_EDGE('',*,*,#6741,.F.);
#6741 = EDGE_CURVE('',#6742,#474,#6744,.T.);
#6742 = VERTEX_POINT('',#6743);
#6743 = CARTESIAN_POINT('',(0.730149350805,0.951,-0.245473537599));
#6744 = LINE('',#6745,#6746);
#6745 = CARTESIAN_POINT('',(0.730149350805,0.951,-0.245473537599));
#6746 = VECTOR('',#6747,1.);
#6747 = DIRECTION('',(0.,-1.,0.));
#6748 = ORIENTED_EDGE('',*,*,#6749,.F.);
#6749 = EDGE_CURVE('',#6713,#6742,#6750,.T.);
#6750 = LINE('',#6751,#6752);
#6751 = CARTESIAN_POINT('',(0.730149350805,0.951,-0.245473537599));
#6752 = VECTOR('',#6753,1.);
#6753 = DIRECTION('',(0.999974850186,0.,7.092178509005E-03));
#6754 = ORIENTED_EDGE('',*,*,#6721,.T.);
#6755 = PLANE('',#6756);
#6756 = AXIS2_PLACEMENT_3D('',#6757,#6758,#6759);
#6757 = CARTESIAN_POINT('',(0.730149350805,0.951,-0.245473537599));
#6758 = DIRECTION('',(7.092178509005E-03,0.,-0.999974850186));
#6759 = DIRECTION('',(-0.999974850186,0.,-7.092178509005E-03));
#6760 = ADVANCED_FACE('',(#6761),#6779,.F.);
#6761 = FACE_BOUND('',#6762,.T.);
#6762 = EDGE_LOOP('',(#6763,#6764,#6772,#6778));
#6763 = ORIENTED_EDGE('',*,*,#473,.T.);
#6764 = ORIENTED_EDGE('',*,*,#6765,.F.);
#6765 = EDGE_CURVE('',#6766,#466,#6768,.T.);
#6766 = VERTEX_POINT('',#6767);
#6767 = CARTESIAN_POINT('',(0.731059668582,0.951,-0.24187982627));
#6768 = LINE('',#6769,#6770);
#6769 = CARTESIAN_POINT('',(0.731059668582,0.951,-0.24187982627));
#6770 = VECTOR('',#6771,1.);
#6771 = DIRECTION('',(0.,-1.,0.));
#6772 = ORIENTED_EDGE('',*,*,#6773,.F.);
#6773 = EDGE_CURVE('',#6742,#6766,#6774,.T.);
#6774 = LINE('',#6775,#6776);
#6775 = CARTESIAN_POINT('',(0.731059668582,0.951,-0.24187982627));
#6776 = VECTOR('',#6777,1.);
#6777 = DIRECTION('',(0.245553034398,0.,0.969383158146));
#6778 = ORIENTED_EDGE('',*,*,#6741,.T.);
#6779 = PLANE('',#6780);
#6780 = AXIS2_PLACEMENT_3D('',#6781,#6782,#6783);
#6781 = CARTESIAN_POINT('',(0.731059668582,0.951,-0.24187982627));
#6782 = DIRECTION('',(0.969383158146,0.,-0.245553034398));
#6783 = DIRECTION('',(-0.245553034398,0.,-0.969383158146));
#6784 = ADVANCED_FACE('',(#6785),#6803,.F.);
#6785 = FACE_BOUND('',#6786,.T.);
#6786 = EDGE_LOOP('',(#6787,#6788,#6796,#6802));
#6787 = ORIENTED_EDGE('',*,*,#465,.T.);
#6788 = ORIENTED_EDGE('',*,*,#6789,.F.);
#6789 = EDGE_CURVE('',#6790,#458,#6792,.T.);
#6790 = VERTEX_POINT('',#6791);
#6791 = CARTESIAN_POINT('',(0.742212445741,0.951,-0.209047528694));
#6792 = LINE('',#6793,#6794);
#6793 = CARTESIAN_POINT('',(0.742212445741,0.951,-0.209047528694));
#6794 = VECTOR('',#6795,1.);
#6795 = DIRECTION('',(0.,-1.,0.));
#6796 = ORIENTED_EDGE('',*,*,#6797,.F.);
#6797 = EDGE_CURVE('',#6766,#6790,#6798,.T.);
#6798 = LINE('',#6799,#6800);
#6799 = CARTESIAN_POINT('',(0.742212445741,0.951,-0.209047528694));
#6800 = VECTOR('',#6801,1.);
#6801 = DIRECTION('',(0.321638936845,0.,0.946862394599));
#6802 = ORIENTED_EDGE('',*,*,#6765,.T.);
#6803 = PLANE('',#6804);
#6804 = AXIS2_PLACEMENT_3D('',#6805,#6806,#6807);
#6805 = CARTESIAN_POINT('',(0.742212445741,0.951,-0.209047528694));
#6806 = DIRECTION('',(0.946862394599,0.,-0.321638936845));
#6807 = DIRECTION('',(-0.321638936845,0.,-0.946862394599));
#6808 = ADVANCED_FACE('',(#6809),#6827,.F.);
#6809 = FACE_BOUND('',#6810,.T.);
#6810 = EDGE_LOOP('',(#6811,#6812,#6820,#6826));
#6811 = ORIENTED_EDGE('',*,*,#457,.T.);
#6812 = ORIENTED_EDGE('',*,*,#6813,.F.);
#6813 = EDGE_CURVE('',#6814,#450,#6816,.T.);
#6814 = VERTEX_POINT('',#6815);
#6815 = CARTESIAN_POINT('',(0.750759040862,0.951,-0.208986913191));
#6816 = LINE('',#6817,#6818);
#6817 = CARTESIAN_POINT('',(0.750759040862,0.951,-0.208986913191));
#6818 = VECTOR('',#6819,1.);
#6819 = DIRECTION('',(0.,-1.,0.));
#6820 = ORIENTED_EDGE('',*,*,#6821,.F.);
#6821 = EDGE_CURVE('',#6790,#6814,#6822,.T.);
#6822 = LINE('',#6823,#6824);
#6823 = CARTESIAN_POINT('',(0.750759040862,0.951,-0.208986913191));
#6824 = VECTOR('',#6825,1.);
#6825 = DIRECTION('',(0.999974850186,0.,7.092178509005E-03));
#6826 = ORIENTED_EDGE('',*,*,#6789,.T.);
#6827 = PLANE('',#6828);
#6828 = AXIS2_PLACEMENT_3D('',#6829,#6830,#6831);
#6829 = CARTESIAN_POINT('',(0.750759040862,0.951,-0.208986913191));
#6830 = DIRECTION('',(7.092178509005E-03,0.,-0.999974850186));
#6831 = DIRECTION('',(-0.999974850186,0.,-7.092178509005E-03));
#6832 = ADVANCED_FACE('',(#6833),#6851,.F.);
#6833 = FACE_BOUND('',#6834,.T.);
#6834 = EDGE_LOOP('',(#6835,#6836,#6844,#6850));
#6835 = ORIENTED_EDGE('',*,*,#449,.T.);
#6836 = ORIENTED_EDGE('',*,*,#6837,.F.);
#6837 = EDGE_CURVE('',#6838,#442,#6840,.T.);
#6838 = VERTEX_POINT('',#6839);
#6839 = CARTESIAN_POINT('',(0.73397423752,0.951,-0.252589726675));
#6840 = LINE('',#6841,#6842);
#6841 = CARTESIAN_POINT('',(0.73397423752,0.951,-0.252589726675));
#6842 = VECTOR('',#6843,1.);
#6843 = DIRECTION('',(0.,-1.,0.));
#6844 = ORIENTED_EDGE('',*,*,#6845,.F.);
#6845 = EDGE_CURVE('',#6814,#6838,#6846,.T.);
#6846 = LINE('',#6847,#6848);
#6847 = CARTESIAN_POINT('',(0.73397423752,0.951,-0.252589726675));
#6848 = VECTOR('',#6849,1.);
#6849 = DIRECTION('',(-0.359249240323,0.,-0.933241653232));
#6850 = ORIENTED_EDGE('',*,*,#6813,.T.);
#6851 = PLANE('',#6852);
#6852 = AXIS2_PLACEMENT_3D('',#6853,#6854,#6855);
#6853 = CARTESIAN_POINT('',(0.73397423752,0.951,-0.252589726675));
#6854 = DIRECTION('',(-0.933241653232,0.,0.359249240323));
#6855 = DIRECTION('',(0.359249240323,0.,0.933241653232));
#6856 = ADVANCED_FACE('',(#6857),#6875,.F.);
#6857 = FACE_BOUND('',#6858,.T.);
#6858 = EDGE_LOOP('',(#6859,#6860,#6868,#6874));
#6859 = ORIENTED_EDGE('',*,*,#441,.T.);
#6860 = ORIENTED_EDGE('',*,*,#6861,.F.);
#6861 = EDGE_CURVE('',#6862,#433,#6864,.T.);
#6862 = VERTEX_POINT('',#6863);
#6863 = CARTESIAN_POINT('',(0.737383563481,0.951,-0.260488701107));
#6864 = LINE('',#6865,#6866);
#6865 = CARTESIAN_POINT('',(0.737383563481,0.951,-0.260488701107));
#6866 = VECTOR('',#6867,1.);
#6867 = DIRECTION('',(0.,-1.,0.));
#6868 = ORIENTED_EDGE('',*,*,#6869,.F.);
#6869 = EDGE_CURVE('',#6838,#6862,#6870,.T.);
#6870 = LINE('',#6871,#6872);
#6871 = CARTESIAN_POINT('',(0.737383563481,0.951,-0.260488701107));
#6872 = VECTOR('',#6873,1.);
#6873 = DIRECTION('',(0.396279771914,0.,-0.918129806929));
#6874 = ORIENTED_EDGE('',*,*,#6837,.T.);
#6875 = PLANE('',#6876);
#6876 = AXIS2_PLACEMENT_3D('',#6877,#6878,#6879);
#6877 = CARTESIAN_POINT('',(0.737383563481,0.951,-0.260488701107));
#6878 = DIRECTION('',(-0.918129806929,0.,-0.396279771914));
#6879 = DIRECTION('',(-0.396279771914,0.,0.918129806929));
#6880 = ADVANCED_FACE('',(#6881),#6900,.F.);
#6881 = FACE_BOUND('',#6882,.F.);
#6882 = EDGE_LOOP('',(#6883,#6884,#6893,#6899));
#6883 = ORIENTED_EDGE('',*,*,#6861,.F.);
#6884 = ORIENTED_EDGE('',*,*,#6885,.T.);
#6885 = EDGE_CURVE('',#6862,#6886,#6888,.T.);
#6886 = VERTEX_POINT('',#6887);
#6887 = CARTESIAN_POINT('',(0.745256324902,0.951,-0.266577988508));
#6888 = B_SPLINE_CURVE_WITH_KNOTS('',3,(#6889,#6890,#6891,#6892),
  .UNSPECIFIED.,.F.,.F.,(4,4),(5.,6.),.PIECEWISE_BEZIER_KNOTS.);
#6889 = CARTESIAN_POINT('',(0.737383563481,0.951,-0.260488701107));
#6890 = CARTESIAN_POINT('',(0.739143918501,0.951,-0.264593760945));
#6891 = CARTESIAN_POINT('',(0.741762826166,0.951,-0.266602765648));
#6892 = CARTESIAN_POINT('',(0.745256324902,0.951,-0.266577988508));
#6893 = ORIENTED_EDGE('',*,*,#6894,.T.);
#6894 = EDGE_CURVE('',#6886,#424,#6895,.T.);
#6895 = LINE('',#6896,#6897);
#6896 = CARTESIAN_POINT('',(0.745256324902,0.951,-0.266577988508));
#6897 = VECTOR('',#6898,1.);
#6898 = DIRECTION('',(0.,-1.,0.));
#6899 = ORIENTED_EDGE('',*,*,#432,.F.);
#6900 = B_SPLINE_SURFACE_WITH_KNOTS('',3,1,(
    (#6901,#6902)
    ,(#6903,#6904)
    ,(#6905,#6906)
    ,(#6907,#6908
    )),.UNSPECIFIED.,.F.,.F.,.F.,(4,4),(2,2),(5.,6.),(0.,1.),
  .PIECEWISE_BEZIER_KNOTS.);
#6901 = CARTESIAN_POINT('',(0.737383563481,0.951,-0.260488701107));
#6902 = CARTESIAN_POINT('',(0.737383563481,0.949999999999,
    -0.260488701107));
#6903 = CARTESIAN_POINT('',(0.739143918501,0.951,-0.264593760945));
#6904 = CARTESIAN_POINT('',(0.739143918501,0.949999999999,
    -0.264593760945));
#6905 = CARTESIAN_POINT('',(0.741762826166,0.951,-0.266602765648));
#6906 = CARTESIAN_POINT('',(0.741762826166,0.949999999999,
    -0.266602765648));
#6907 = CARTESIAN_POINT('',(0.745256324902,0.951,-0.266577988508));
#6908 = CARTESIAN_POINT('',(0.745256324902,0.949999999999,
    -0.266577988508));
#6909 = ADVANCED_FACE('',(#6910),#6929,.F.);
#6910 = FACE_BOUND('',#6911,.F.);
#6911 = EDGE_LOOP('',(#6912,#6913,#6922,#6928));
#6912 = ORIENTED_EDGE('',*,*,#6894,.F.);
#6913 = ORIENTED_EDGE('',*,*,#6914,.T.);
#6914 = EDGE_CURVE('',#6886,#6915,#6917,.T.);
#6915 = VERTEX_POINT('',#6916);
#6916 = CARTESIAN_POINT('',(0.749585812084,0.951,-0.265673863623));
#6917 = B_SPLINE_CURVE_WITH_KNOTS('',3,(#6918,#6919,#6920,#6921),
  .UNSPECIFIED.,.F.,.F.,(4,4),(4.,5.),.PIECEWISE_BEZIER_KNOTS.);
#6918 = CARTESIAN_POINT('',(0.745256324902,0.951,-0.266577988508));
#6919 = CARTESIAN_POINT('',(0.746659962787,0.951,-0.266568033407));
#6920 = CARTESIAN_POINT('',(0.748092801605,0.951,-0.266277129505));
#6921 = CARTESIAN_POINT('',(0.749585812084,0.951,-0.265673863623));
#6922 = ORIENTED_EDGE('',*,*,#6923,.T.);
#6923 = EDGE_CURVE('',#6915,#416,#6924,.T.);
#6924 = LINE('',#6925,#6926);
#6925 = CARTESIAN_POINT('',(0.749585812084,0.951,-0.265673863623));
#6926 = VECTOR('',#6927,1.);
#6927 = DIRECTION('',(0.,-1.,0.));
#6928 = ORIENTED_EDGE('',*,*,#423,.F.);
#6929 = B_SPLINE_SURFACE_WITH_KNOTS('',3,1,(
    (#6930,#6931)
    ,(#6932,#6933)
    ,(#6934,#6935)
    ,(#6936,#6937
    )),.UNSPECIFIED.,.F.,.F.,.F.,(4,4),(2,2),(4.,5.),(0.,1.),
  .PIECEWISE_BEZIER_KNOTS.);
#6930 = CARTESIAN_POINT('',(0.745256324902,0.951,-0.266577988508));
#6931 = CARTESIAN_POINT('',(0.745256324902,0.949999999999,
    -0.266577988508));
#6932 = CARTESIAN_POINT('',(0.746659962787,0.951,-0.266568033407));
#6933 = CARTESIAN_POINT('',(0.746659962787,0.949999999999,
    -0.266568033407));
#6934 = CARTESIAN_POINT('',(0.748092801605,0.951,-0.266277129505));
#6935 = CARTESIAN_POINT('',(0.748092801605,0.949999999999,
    -0.266277129505));
#6936 = CARTESIAN_POINT('',(0.749585812084,0.951,-0.265673863623));
#6937 = CARTESIAN_POINT('',(0.749585812084,0.949999999999,
    -0.265673863623));
#6938 = ADVANCED_FACE('',(#6939),#6957,.F.);
#6939 = FACE_BOUND('',#6940,.T.);
#6940 = EDGE_LOOP('',(#6941,#6942,#6950,#6956));
#6941 = ORIENTED_EDGE('',*,*,#415,.T.);
#6942 = ORIENTED_EDGE('',*,*,#6943,.F.);
#6943 = EDGE_CURVE('',#6944,#407,#6946,.T.);
#6944 = VERTEX_POINT('',#6945);
#6945 = CARTESIAN_POINT('',(0.749634039017,0.951,-0.272473709377));
#6946 = LINE('',#6947,#6948);
#6947 = CARTESIAN_POINT('',(0.749634039017,0.951,-0.272473709377));
#6948 = VECTOR('',#6949,1.);
#6949 = DIRECTION('',(0.,-1.,0.));
#6950 = ORIENTED_EDGE('',*,*,#6951,.F.);
#6951 = EDGE_CURVE('',#6915,#6944,#6952,.T.);
#6952 = LINE('',#6953,#6954);
#6953 = CARTESIAN_POINT('',(0.749634039017,0.951,-0.272473709377));
#6954 = VECTOR('',#6955,1.);
#6955 = DIRECTION('',(7.092178509005E-03,0.,-0.999974850186));
#6956 = ORIENTED_EDGE('',*,*,#6923,.T.);
#6957 = PLANE('',#6958);
#6958 = AXIS2_PLACEMENT_3D('',#6959,#6960,#6961);
#6959 = CARTESIAN_POINT('',(0.749634039017,0.951,-0.272473709377));
#6960 = DIRECTION('',(-0.999974850186,0.,-7.092178509005E-03));
#6961 = DIRECTION('',(-7.092178509005E-03,0.,0.999974850186));
#6962 = ADVANCED_FACE('',(#6963),#6982,.F.);
#6963 = FACE_BOUND('',#6964,.F.);
#6964 = EDGE_LOOP('',(#6965,#6966,#6975,#6981));
#6965 = ORIENTED_EDGE('',*,*,#6943,.F.);
#6966 = ORIENTED_EDGE('',*,*,#6967,.T.);
#6967 = EDGE_CURVE('',#6944,#6968,#6970,.T.);
#6968 = VERTEX_POINT('',#6969);
#6969 = CARTESIAN_POINT('',(0.744710134932,0.951,-0.273132501902));
#6970 = B_SPLINE_CURVE_WITH_KNOTS('',3,(#6971,#6972,#6973,#6974),
  .UNSPECIFIED.,.F.,.F.,(4,4),(2.,3.),.PIECEWISE_BEZIER_KNOTS.);
#6971 = CARTESIAN_POINT('',(0.749634039017,0.951,-0.272473709377));
#6972 = CARTESIAN_POINT('',(0.74828006498,0.951,-0.27288882803));
#6973 = CARTESIAN_POINT('',(0.746628440042,0.951,-0.273118896598));
#6974 = CARTESIAN_POINT('',(0.744710134932,0.951,-0.273132501902));
#6975 = ORIENTED_EDGE('',*,*,#6976,.T.);
#6976 = EDGE_CURVE('',#6968,#398,#6977,.T.);
#6977 = LINE('',#6978,#6979);
#6978 = CARTESIAN_POINT('',(0.744710134932,0.951,-0.273132501902));
#6979 = VECTOR('',#6980,1.);
#6980 = DIRECTION('',(0.,-1.,0.));
#6981 = ORIENTED_EDGE('',*,*,#406,.F.);
#6982 = B_SPLINE_SURFACE_WITH_KNOTS('',3,1,(
    (#6983,#6984)
    ,(#6985,#6986)
    ,(#6987,#6988)
    ,(#6989,#6990
    )),.UNSPECIFIED.,.F.,.F.,.F.,(4,4),(2,2),(2.,3.),(0.,1.),
  .PIECEWISE_BEZIER_KNOTS.);
#6983 = CARTESIAN_POINT('',(0.749634039017,0.951,-0.272473709377));
#6984 = CARTESIAN_POINT('',(0.749634039017,0.949999999999,
    -0.272473709377));
#6985 = CARTESIAN_POINT('',(0.74828006498,0.951,-0.27288882803));
#6986 = CARTESIAN_POINT('',(0.74828006498,0.949999999999,-0.27288882803)
  );
#6987 = CARTESIAN_POINT('',(0.746628440042,0.951,-0.273118896598));
#6988 = CARTESIAN_POINT('',(0.746628440042,0.949999999999,
    -0.273118896598));
#6989 = CARTESIAN_POINT('',(0.744710134932,0.951,-0.273132501902));
#6990 = CARTESIAN_POINT('',(0.744710134932,0.949999999999,
    -0.273132501902));
#6991 = ADVANCED_FACE('',(#6992),#7011,.F.);
#6992 = FACE_BOUND('',#6993,.F.);
#6993 = EDGE_LOOP('',(#6994,#6995,#7004,#7010));
#6994 = ORIENTED_EDGE('',*,*,#6976,.F.);
#6995 = ORIENTED_EDGE('',*,*,#6996,.T.);
#6996 = EDGE_CURVE('',#6968,#6997,#6999,.T.);
#6997 = VERTEX_POINT('',#6998);
#6998 = CARTESIAN_POINT('',(0.729062059028,0.951,-0.259299979306));
#6999 = B_SPLINE_CURVE_WITH_KNOTS('',3,(#7000,#7001,#7002,#7003),
  .UNSPECIFIED.,.F.,.F.,(4,4),(1.,2.),.PIECEWISE_BEZIER_KNOTS.);
#7000 = CARTESIAN_POINT('',(0.744710134932,0.951,-0.273132501902));
#7001 = CARTESIAN_POINT('',(0.738019461014,0.951,-0.273179954549));
#7002 = CARTESIAN_POINT('',(0.732808634372,0.951,-0.268569076813));
#7003 = CARTESIAN_POINT('',(0.729062059028,0.951,-0.259299979306));
#7004 = ORIENTED_EDGE('',*,*,#7005,.T.);
#7005 = EDGE_CURVE('',#6997,#390,#7006,.T.);
#7006 = LINE('',#7007,#7008);
#7007 = CARTESIAN_POINT('',(0.729062059028,0.951,-0.259299979306));
#7008 = VECTOR('',#7009,1.);
#7009 = DIRECTION('',(0.,-1.,0.));
#7010 = ORIENTED_EDGE('',*,*,#397,.F.);
#7011 = B_SPLINE_SURFACE_WITH_KNOTS('',3,1,(
    (#7012,#7013)
    ,(#7014,#7015)
    ,(#7016,#7017)
    ,(#7018,#7019
    )),.UNSPECIFIED.,.F.,.F.,.F.,(4,4),(2,2),(1.,2.),(0.,1.),
  .PIECEWISE_BEZIER_KNOTS.);
#7012 = CARTESIAN_POINT('',(0.744710134932,0.951,-0.273132501902));
#7013 = CARTESIAN_POINT('',(0.744710134932,0.949999999999,
    -0.273132501902));
#7014 = CARTESIAN_POINT('',(0.738019461014,0.951,-0.273179954549));
#7015 = CARTESIAN_POINT('',(0.738019461014,0.949999999999,
    -0.273179954549));
#7016 = CARTESIAN_POINT('',(0.732808634372,0.951,-0.268569076813));
#7017 = CARTESIAN_POINT('',(0.732808634372,0.949999999999,
    -0.268569076813));
#7018 = CARTESIAN_POINT('',(0.729062059028,0.951,-0.259299979306));
#7019 = CARTESIAN_POINT('',(0.729062059028,0.949999999999,
    -0.259299979306));
#7020 = ADVANCED_FACE('',(#7021),#7032,.F.);
#7021 = FACE_BOUND('',#7022,.T.);
#7022 = EDGE_LOOP('',(#7023,#7024,#7025,#7031));
#7023 = ORIENTED_EDGE('',*,*,#389,.T.);
#7024 = ORIENTED_EDGE('',*,*,#6673,.F.);
#7025 = ORIENTED_EDGE('',*,*,#7026,.F.);
#7026 = EDGE_CURVE('',#6997,#6666,#7027,.T.);
#7027 = LINE('',#7028,#7029);
#7028 = CARTESIAN_POINT('',(0.708930631892,0.951,-0.209283575195));
#7029 = VECTOR('',#7030,1.);
#7030 = DIRECTION('',(-0.373386312957,0.,0.927675946274));
#7031 = ORIENTED_EDGE('',*,*,#7005,.T.);
#7032 = PLANE('',#7033);
#7033 = AXIS2_PLACEMENT_3D('',#7034,#7035,#7036);
#7034 = CARTESIAN_POINT('',(0.708930631892,0.951,-0.209283575195));
#7035 = DIRECTION('',(0.927675946274,0.,0.373386312957));
#7036 = DIRECTION('',(0.373386312957,0.,-0.927675946274));
#7037 = ADVANCED_FACE('',(#7038),#7055,.T.);
#7038 = FACE_BOUND('',#7039,.T.);
#7039 = EDGE_LOOP('',(#7040,#7041,#7042,#7043,#7044,#7045,#7046,#7047,
    #7048,#7049,#7050,#7051,#7052,#7053,#7054));
#7040 = ORIENTED_EDGE('',*,*,#6665,.T.);
#7041 = ORIENTED_EDGE('',*,*,#6696,.T.);
#7042 = ORIENTED_EDGE('',*,*,#6712,.T.);
#7043 = ORIENTED_EDGE('',*,*,#6749,.T.);
#7044 = ORIENTED_EDGE('',*,*,#6773,.T.);
#7045 = ORIENTED_EDGE('',*,*,#6797,.T.);
#7046 = ORIENTED_EDGE('',*,*,#6821,.T.);
#7047 = ORIENTED_EDGE('',*,*,#6845,.T.);
#7048 = ORIENTED_EDGE('',*,*,#6869,.T.);
#7049 = ORIENTED_EDGE('',*,*,#6885,.T.);
#7050 = ORIENTED_EDGE('',*,*,#6914,.T.);
#7051 = ORIENTED_EDGE('',*,*,#6951,.T.);
#7052 = ORIENTED_EDGE('',*,*,#6967,.T.);
#7053 = ORIENTED_EDGE('',*,*,#6996,.T.);
#7054 = ORIENTED_EDGE('',*,*,#7026,.T.);
#7055 = PLANE('',#7056);
#7056 = AXIS2_PLACEMENT_3D('',#7057,#7058,#7059);
#7057 = CARTESIAN_POINT('',(0.735782060015,0.951,-0.269709946912));
#7058 = DIRECTION('',(0.,1.,0.));
#7059 = DIRECTION('',(0.,-0.,1.));
#7060 = ADVANCED_FACE('',(#7061),#7086,.F.);
#7061 = FACE_BOUND('',#7062,.T.);
#7062 = EDGE_LOOP('',(#7063,#7064,#7072,#7080));
#7063 = ORIENTED_EDGE('',*,*,#283,.T.);
#7064 = ORIENTED_EDGE('',*,*,#7065,.F.);
#7065 = EDGE_CURVE('',#7066,#274,#7068,.T.);
#7066 = VERTEX_POINT('',#7067);
#7067 = CARTESIAN_POINT('',(0.668141739265,0.951,-0.246194059407));
#7068 = LINE('',#7069,#7070);
#7069 = CARTESIAN_POINT('',(0.668141739265,0.951,-0.246194059407));
#7070 = VECTOR('',#7071,1.);
#7071 = DIRECTION('',(0.,-1.,0.));
#7072 = ORIENTED_EDGE('',*,*,#7073,.F.);
#7073 = EDGE_CURVE('',#7074,#7066,#7076,.T.);
#7074 = VERTEX_POINT('',#7075);
#7075 = CARTESIAN_POINT('',(0.668191072321,0.951,-0.253149864926));
#7076 = LINE('',#7077,#7078);
#7077 = CARTESIAN_POINT('',(0.668141739265,0.951,-0.246194059407));
#7078 = VECTOR('',#7079,1.);
#7079 = DIRECTION('',(-7.092178509005E-03,0.,0.999974850186));
#7080 = ORIENTED_EDGE('',*,*,#7081,.T.);
#7081 = EDGE_CURVE('',#7074,#284,#7082,.T.);
#7082 = LINE('',#7083,#7084);
#7083 = CARTESIAN_POINT('',(0.668191072321,0.951,-0.253149864926));
#7084 = VECTOR('',#7085,1.);
#7085 = DIRECTION('',(0.,-1.,0.));
#7086 = PLANE('',#7087);
#7087 = AXIS2_PLACEMENT_3D('',#7088,#7089,#7090);
#7088 = CARTESIAN_POINT('',(0.668141739265,0.951,-0.246194059407));
#7089 = DIRECTION('',(0.999974850186,0.,7.092178509005E-03));
#7090 = DIRECTION('',(7.092178509005E-03,0.,-0.999974850186));
#7091 = ADVANCED_FACE('',(#7092),#7110,.F.);
#7092 = FACE_BOUND('',#7093,.T.);
#7093 = EDGE_LOOP('',(#7094,#7095,#7103,#7109));
#7094 = ORIENTED_EDGE('',*,*,#273,.T.);
#7095 = ORIENTED_EDGE('',*,*,#7096,.F.);
#7096 = EDGE_CURVE('',#7097,#276,#7099,.T.);
#7097 = VERTEX_POINT('',#7098);
#7098 = CARTESIAN_POINT('',(0.693079705687,0.951,-0.246017190449));
#7099 = LINE('',#7100,#7101);
#7100 = CARTESIAN_POINT('',(0.693079705687,0.951,-0.246017190449));
#7101 = VECTOR('',#7102,1.);
#7102 = DIRECTION('',(0.,-1.,0.));
#7103 = ORIENTED_EDGE('',*,*,#7104,.F.);
#7104 = EDGE_CURVE('',#7066,#7097,#7105,.T.);
#7105 = LINE('',#7106,#7107);
#7106 = CARTESIAN_POINT('',(0.693079705687,0.951,-0.246017190449));
#7107 = VECTOR('',#7108,1.);
#7108 = DIRECTION('',(0.999974850186,0.,7.092178509005E-03));
#7109 = ORIENTED_EDGE('',*,*,#7065,.T.);
#7110 = PLANE('',#7111);
#7111 = AXIS2_PLACEMENT_3D('',#7112,#7113,#7114);
#7112 = CARTESIAN_POINT('',(0.693079705687,0.951,-0.246017190449));
#7113 = DIRECTION('',(7.092178509005E-03,0.,-0.999974850186));
#7114 = DIRECTION('',(-0.999974850186,0.,-7.092178509005E-03));
#7115 = ADVANCED_FACE('',(#7116),#7134,.F.);
#7116 = FACE_BOUND('',#7117,.T.);
#7117 = EDGE_LOOP('',(#7118,#7119,#7127,#7133));
#7118 = ORIENTED_EDGE('',*,*,#363,.T.);
#7119 = ORIENTED_EDGE('',*,*,#7120,.F.);
#7120 = EDGE_CURVE('',#7121,#356,#7123,.T.);
#7121 = VERTEX_POINT('',#7122);
#7122 = CARTESIAN_POINT('',(0.692934139991,0.951,-0.225492885377));
#7123 = LINE('',#7124,#7125);
#7124 = CARTESIAN_POINT('',(0.692934139991,0.951,-0.225492885377));
#7125 = VECTOR('',#7126,1.);
#7126 = DIRECTION('',(0.,-1.,0.));
#7127 = ORIENTED_EDGE('',*,*,#7128,.F.);
#7128 = EDGE_CURVE('',#7097,#7121,#7129,.T.);
#7129 = LINE('',#7130,#7131);
#7130 = CARTESIAN_POINT('',(0.692934139991,0.951,-0.225492885377));
#7131 = VECTOR('',#7132,1.);
#7132 = DIRECTION('',(-7.092178509005E-03,0.,0.999974850186));
#7133 = ORIENTED_EDGE('',*,*,#7096,.T.);
#7134 = PLANE('',#7135);
#7135 = AXIS2_PLACEMENT_3D('',#7136,#7137,#7138);
#7136 = CARTESIAN_POINT('',(0.692934139991,0.951,-0.225492885377));
#7137 = DIRECTION('',(0.999974850186,0.,7.092178509005E-03));
#7138 = DIRECTION('',(7.092178509005E-03,0.,-0.999974850186));
#7139 = ADVANCED_FACE('',(#7140),#7158,.F.);
#7140 = FACE_BOUND('',#7141,.T.);
#7141 = EDGE_LOOP('',(#7142,#7143,#7151,#7157));
#7142 = ORIENTED_EDGE('',*,*,#355,.T.);
#7143 = ORIENTED_EDGE('',*,*,#7144,.F.);
#7144 = EDGE_CURVE('',#7145,#348,#7147,.T.);
#7145 = VERTEX_POINT('',#7146);
#7146 = CARTESIAN_POINT('',(0.671115368869,0.951,-0.225647631888));
#7147 = LINE('',#7148,#7149);
#7148 = CARTESIAN_POINT('',(0.671115368869,0.951,-0.225647631888));
#7149 = VECTOR('',#7150,1.);
#7150 = DIRECTION('',(0.,-1.,0.));
#7151 = ORIENTED_EDGE('',*,*,#7152,.F.);
#7152 = EDGE_CURVE('',#7121,#7145,#7153,.T.);
#7153 = LINE('',#7154,#7155);
#7154 = CARTESIAN_POINT('',(0.671115368869,0.951,-0.225647631888));
#7155 = VECTOR('',#7156,1.);
#7156 = DIRECTION('',(-0.999974850186,0.,-7.092178509005E-03));
#7157 = ORIENTED_EDGE('',*,*,#7120,.T.);
#7158 = PLANE('',#7159);
#7159 = AXIS2_PLACEMENT_3D('',#7160,#7161,#7162);
#7160 = CARTESIAN_POINT('',(0.671115368869,0.951,-0.225647631888));
#7161 = DIRECTION('',(-7.092178509005E-03,0.,0.999974850186));
#7162 = DIRECTION('',(0.999974850186,0.,7.092178509005E-03));
#7163 = ADVANCED_FACE('',(#7164),#7182,.F.);
#7164 = FACE_BOUND('',#7165,.T.);
#7165 = EDGE_LOOP('',(#7166,#7167,#7175,#7181));
#7166 = ORIENTED_EDGE('',*,*,#347,.T.);
#7167 = ORIENTED_EDGE('',*,*,#7168,.F.);
#7168 = EDGE_CURVE('',#7169,#340,#7171,.T.);
#7169 = VERTEX_POINT('',#7170);
#7170 = CARTESIAN_POINT('',(0.671065814589,0.951,-0.218660634417));
#7171 = LINE('',#7172,#7173);
#7172 = CARTESIAN_POINT('',(0.671065814589,0.951,-0.218660634417));
#7173 = VECTOR('',#7174,1.);
#7174 = DIRECTION('',(0.,-1.,0.));
#7175 = ORIENTED_EDGE('',*,*,#7176,.F.);
#7176 = EDGE_CURVE('',#7145,#7169,#7177,.T.);
#7177 = LINE('',#7178,#7179);
#7178 = CARTESIAN_POINT('',(0.671065814589,0.951,-0.218660634417));
#7179 = VECTOR('',#7180,1.);
#7180 = DIRECTION('',(-7.092178509005E-03,0.,0.999974850186));
#7181 = ORIENTED_EDGE('',*,*,#7144,.T.);
#7182 = PLANE('',#7183);
#7183 = AXIS2_PLACEMENT_3D('',#7184,#7185,#7186);
#7184 = CARTESIAN_POINT('',(0.671065814589,0.951,-0.218660634417));
#7185 = DIRECTION('',(0.999974850186,0.,7.092178509005E-03));
#7186 = DIRECTION('',(7.092178509005E-03,0.,-0.999974850186));
#7187 = ADVANCED_FACE('',(#7188),#7206,.F.);
#7188 = FACE_BOUND('',#7189,.T.);
#7189 = EDGE_LOOP('',(#7190,#7191,#7199,#7205));
#7190 = ORIENTED_EDGE('',*,*,#339,.T.);
#7191 = ORIENTED_EDGE('',*,*,#7192,.F.);
#7192 = EDGE_CURVE('',#7193,#332,#7195,.T.);
#7193 = VERTEX_POINT('',#7194);
#7194 = CARTESIAN_POINT('',(0.692884585711,0.951,-0.218505887905));
#7195 = LINE('',#7196,#7197);
#7196 = CARTESIAN_POINT('',(0.692884585711,0.951,-0.218505887905));
#7197 = VECTOR('',#7198,1.);
#7198 = DIRECTION('',(0.,-1.,0.));
#7199 = ORIENTED_EDGE('',*,*,#7200,.F.);
#7200 = EDGE_CURVE('',#7169,#7193,#7201,.T.);
#7201 = LINE('',#7202,#7203);
#7202 = CARTESIAN_POINT('',(0.692884585711,0.951,-0.218505887905));
#7203 = VECTOR('',#7204,1.);
#7204 = DIRECTION('',(0.999974850186,0.,7.092178509005E-03));
#7205 = ORIENTED_EDGE('',*,*,#7168,.T.);
#7206 = PLANE('',#7207);
#7207 = AXIS2_PLACEMENT_3D('',#7208,#7209,#7210);
#7208 = CARTESIAN_POINT('',(0.692884585711,0.951,-0.218505887905));
#7209 = DIRECTION('',(7.092178509005E-03,0.,-0.999974850186));
#7210 = DIRECTION('',(-0.999974850186,0.,-7.092178509005E-03));
#7211 = ADVANCED_FACE('',(#7212),#7230,.F.);
#7212 = FACE_BOUND('',#7213,.T.);
#7213 = EDGE_LOOP('',(#7214,#7215,#7223,#7229));
#7214 = ORIENTED_EDGE('',*,*,#331,.T.);
#7215 = ORIENTED_EDGE('',*,*,#7216,.F.);
#7216 = EDGE_CURVE('',#7217,#324,#7219,.T.);
#7217 = VERTEX_POINT('',#7218);
#7218 = CARTESIAN_POINT('',(0.692746099198,0.951,-0.198979725328));
#7219 = LINE('',#7220,#7221);
#7220 = CARTESIAN_POINT('',(0.692746099198,0.951,-0.198979725328));
#7221 = VECTOR('',#7222,1.);
#7222 = DIRECTION('',(0.,-1.,0.));
#7223 = ORIENTED_EDGE('',*,*,#7224,.F.);
#7224 = EDGE_CURVE('',#7193,#7217,#7225,.T.);
#7225 = LINE('',#7226,#7227);
#7226 = CARTESIAN_POINT('',(0.692746099198,0.951,-0.198979725328));
#7227 = VECTOR('',#7228,1.);
#7228 = DIRECTION('',(-7.092178509005E-03,0.,0.999974850186));
#7229 = ORIENTED_EDGE('',*,*,#7192,.T.);
#7230 = PLANE('',#7231);
#7231 = AXIS2_PLACEMENT_3D('',#7232,#7233,#7234);
#7232 = CARTESIAN_POINT('',(0.692746099198,0.951,-0.198979725328));
#7233 = DIRECTION('',(0.999974850186,0.,7.092178509005E-03));
#7234 = DIRECTION('',(7.092178509005E-03,0.,-0.999974850186));
#7235 = ADVANCED_FACE('',(#7236),#7254,.F.);
#7236 = FACE_BOUND('',#7237,.T.);
#7237 = EDGE_LOOP('',(#7238,#7239,#7247,#7253));
#7238 = ORIENTED_EDGE('',*,*,#323,.T.);
#7239 = ORIENTED_EDGE('',*,*,#7240,.F.);
#7240 = EDGE_CURVE('',#7241,#316,#7243,.T.);
#7241 = VERTEX_POINT('',#7242);
#7242 = CARTESIAN_POINT('',(0.669196174684,0.951,-0.199146749798));
#7243 = LINE('',#7244,#7245);
#7244 = CARTESIAN_POINT('',(0.669196174684,0.951,-0.199146749798));
#7245 = VECTOR('',#7246,1.);
#7246 = DIRECTION('',(0.,-1.,0.));
#7247 = ORIENTED_EDGE('',*,*,#7248,.F.);
#7248 = EDGE_CURVE('',#7217,#7241,#7249,.T.);
#7249 = LINE('',#7250,#7251);
#7250 = CARTESIAN_POINT('',(0.669196174684,0.951,-0.199146749798));
#7251 = VECTOR('',#7252,1.);
#7252 = DIRECTION('',(-0.999974850186,0.,-7.092178509005E-03));
#7253 = ORIENTED_EDGE('',*,*,#7216,.T.);
#7254 = PLANE('',#7255);
#7255 = AXIS2_PLACEMENT_3D('',#7256,#7257,#7258);
#7256 = CARTESIAN_POINT('',(0.669196174684,0.951,-0.199146749798));
#7257 = DIRECTION('',(-7.092178509005E-03,0.,0.999974850186));
#7258 = DIRECTION('',(0.999974850186,0.,7.092178509005E-03));
#7259 = ADVANCED_FACE('',(#7260),#7278,.F.);
#7260 = FACE_BOUND('',#7261,.T.);
#7261 = EDGE_LOOP('',(#7262,#7263,#7271,#7277));
#7262 = ORIENTED_EDGE('',*,*,#315,.T.);
#7263 = ORIENTED_EDGE('',*,*,#7264,.F.);
#7264 = EDGE_CURVE('',#7265,#308,#7267,.T.);
#7265 = VERTEX_POINT('',#7266);
#7266 = CARTESIAN_POINT('',(0.66914639918,0.951,-0.192128560373));
#7267 = LINE('',#7268,#7269);
#7268 = CARTESIAN_POINT('',(0.66914639918,0.951,-0.192128560373));
#7269 = VECTOR('',#7270,1.);
#7270 = DIRECTION('',(0.,-1.,0.));
#7271 = ORIENTED_EDGE('',*,*,#7272,.F.);
#7272 = EDGE_CURVE('',#7241,#7265,#7273,.T.);
#7273 = LINE('',#7274,#7275);
#7274 = CARTESIAN_POINT('',(0.66914639918,0.951,-0.192128560373));
#7275 = VECTOR('',#7276,1.);
#7276 = DIRECTION('',(-7.092178509005E-03,0.,0.999974850186));
#7277 = ORIENTED_EDGE('',*,*,#7240,.T.);
#7278 = PLANE('',#7279);
#7279 = AXIS2_PLACEMENT_3D('',#7280,#7281,#7282);
#7280 = CARTESIAN_POINT('',(0.66914639918,0.951,-0.192128560373));
#7281 = DIRECTION('',(0.999974850186,0.,7.092178509005E-03));
#7282 = DIRECTION('',(7.092178509005E-03,0.,-0.999974850186));
#7283 = ADVANCED_FACE('',(#7284),#7302,.F.);
#7284 = FACE_BOUND('',#7285,.T.);
#7285 = EDGE_LOOP('',(#7286,#7287,#7295,#7301));
#7286 = ORIENTED_EDGE('',*,*,#307,.T.);
#7287 = ORIENTED_EDGE('',*,*,#7288,.F.);
#7288 = EDGE_CURVE('',#7289,#300,#7291,.T.);
#7289 = VERTEX_POINT('',#7290);
#7290 = CARTESIAN_POINT('',(0.700572291826,0.951,-0.191905676727));
#7291 = LINE('',#7292,#7293);
#7292 = CARTESIAN_POINT('',(0.700572291826,0.951,-0.191905676727));
#7293 = VECTOR('',#7294,1.);
#7294 = DIRECTION('',(0.,-1.,0.));
#7295 = ORIENTED_EDGE('',*,*,#7296,.F.);
#7296 = EDGE_CURVE('',#7265,#7289,#7297,.T.);
#7297 = LINE('',#7298,#7299);
#7298 = CARTESIAN_POINT('',(0.700572291826,0.951,-0.191905676727));
#7299 = VECTOR('',#7300,1.);
#7300 = DIRECTION('',(0.999974850186,0.,7.092178509005E-03));
#7301 = ORIENTED_EDGE('',*,*,#7264,.T.);
#7302 = PLANE('',#7303);
#7303 = AXIS2_PLACEMENT_3D('',#7304,#7305,#7306);
#7304 = CARTESIAN_POINT('',(0.700572291826,0.951,-0.191905676727));
#7305 = DIRECTION('',(7.092178509005E-03,0.,-0.999974850186));
#7306 = DIRECTION('',(-0.999974850186,0.,-7.092178509005E-03));
#7307 = ADVANCED_FACE('',(#7308),#7326,.F.);
#7308 = FACE_BOUND('',#7309,.T.);
#7309 = EDGE_LOOP('',(#7310,#7311,#7319,#7325));
#7310 = ORIENTED_EDGE('',*,*,#299,.T.);
#7311 = ORIENTED_EDGE('',*,*,#7312,.F.);
#7312 = EDGE_CURVE('',#7313,#292,#7315,.T.);
#7313 = VERTEX_POINT('',#7314);
#7314 = CARTESIAN_POINT('',(0.701005006874,0.951,-0.252917136791));
#7315 = LINE('',#7316,#7317);
#7316 = CARTESIAN_POINT('',(0.701005006874,0.951,-0.252917136791));
#7317 = VECTOR('',#7318,1.);
#7318 = DIRECTION('',(0.,-1.,0.));
#7319 = ORIENTED_EDGE('',*,*,#7320,.F.);
#7320 = EDGE_CURVE('',#7289,#7313,#7321,.T.);
#7321 = LINE('',#7322,#7323);
#7322 = CARTESIAN_POINT('',(0.701005006874,0.951,-0.252917136791));
#7323 = VECTOR('',#7324,1.);
#7324 = DIRECTION('',(7.092178509005E-03,0.,-0.999974850186));
#7325 = ORIENTED_EDGE('',*,*,#7288,.T.);
#7326 = PLANE('',#7327);
#7327 = AXIS2_PLACEMENT_3D('',#7328,#7329,#7330);
#7328 = CARTESIAN_POINT('',(0.701005006874,0.951,-0.252917136791));
#7329 = DIRECTION('',(-0.999974850186,0.,-7.092178509005E-03));
#7330 = DIRECTION('',(-7.092178509005E-03,0.,0.999974850186));
#7331 = ADVANCED_FACE('',(#7332),#7343,.F.);
#7332 = FACE_BOUND('',#7333,.T.);
#7333 = EDGE_LOOP('',(#7334,#7335,#7336,#7342));
#7334 = ORIENTED_EDGE('',*,*,#291,.T.);
#7335 = ORIENTED_EDGE('',*,*,#7081,.F.);
#7336 = ORIENTED_EDGE('',*,*,#7337,.F.);
#7337 = EDGE_CURVE('',#7313,#7074,#7338,.T.);
#7338 = LINE('',#7339,#7340);
#7339 = CARTESIAN_POINT('',(0.668191072321,0.951,-0.253149864926));
#7340 = VECTOR('',#7341,1.);
#7341 = DIRECTION('',(-0.999974850186,0.,-7.092178509005E-03));
#7342 = ORIENTED_EDGE('',*,*,#7312,.T.);
#7343 = PLANE('',#7344);
#7344 = AXIS2_PLACEMENT_3D('',#7345,#7346,#7347);
#7345 = CARTESIAN_POINT('',(0.668191072321,0.951,-0.253149864926));
#7346 = DIRECTION('',(-7.092178509005E-03,0.,0.999974850186));
#7347 = DIRECTION('',(0.999974850186,0.,7.092178509005E-03));
#7348 = ADVANCED_FACE('',(#7349),#7363,.F.);
#7349 = FACE_BOUND('',#7350,.T.);
#7350 = EDGE_LOOP('',(#7351,#7352,#7353,#7354,#7355,#7356,#7357,#7358,
    #7359,#7360,#7361,#7362));
#7351 = ORIENTED_EDGE('',*,*,#7073,.T.);
#7352 = ORIENTED_EDGE('',*,*,#7104,.T.);
#7353 = ORIENTED_EDGE('',*,*,#7128,.T.);
#7354 = ORIENTED_EDGE('',*,*,#7152,.T.);
#7355 = ORIENTED_EDGE('',*,*,#7176,.T.);
#7356 = ORIENTED_EDGE('',*,*,#7200,.T.);
#7357 = ORIENTED_EDGE('',*,*,#7224,.T.);
#7358 = ORIENTED_EDGE('',*,*,#7248,.T.);
#7359 = ORIENTED_EDGE('',*,*,#7272,.T.);
#7360 = ORIENTED_EDGE('',*,*,#7296,.T.);
#7361 = ORIENTED_EDGE('',*,*,#7320,.T.);
#7362 = ORIENTED_EDGE('',*,*,#7337,.T.);
#7363 = PLANE('',#7364);
#7364 = AXIS2_PLACEMENT_3D('',#7365,#7366,#7367);
#7365 = CARTESIAN_POINT('',(0.,0.951,0.));
#7366 = DIRECTION('',(0.,-1.,0.));
#7367 = DIRECTION('',(0.,0.,-1.));
#7368 = ADVANCED_FACE('',(#7369,#7431),#7493,.T.);
#7369 = FACE_BOUND('',#7370,.T.);
#7370 = EDGE_LOOP('',(#7371,#7381,#7390,#7399,#7408,#7417,#7425));
#7371 = ORIENTED_EDGE('',*,*,#7372,.T.);
#7372 = EDGE_CURVE('',#7373,#7375,#7377,.T.);
#7373 = VERTEX_POINT('',#7374);
#7374 = CARTESIAN_POINT('',(0.656665645688,0.951,-0.253231607364));
#7375 = VERTEX_POINT('',#7376);
#7376 = CARTESIAN_POINT('',(0.639884374975,0.951,-0.253350626125));
#7377 = LINE('',#7378,#7379);
#7378 = CARTESIAN_POINT('',(0.639884374975,0.951,-0.253350626125));
#7379 = VECTOR('',#7380,1.);
#7380 = DIRECTION('',(-0.999974850186,0.,-7.092178509005E-03));
#7381 = ORIENTED_EDGE('',*,*,#7382,.T.);
#7382 = EDGE_CURVE('',#7375,#7383,#7385,.T.);
#7383 = VERTEX_POINT('',#7384);
#7384 = CARTESIAN_POINT('',(0.61613347117,0.951,-0.244972050983));
#7385 = B_SPLINE_CURVE_WITH_KNOTS('',3,(#7386,#7387,#7388,#7389),
  .UNSPECIFIED.,.F.,.F.,(4,4),(5.,6.),.PIECEWISE_BEZIER_KNOTS.);
#7386 = CARTESIAN_POINT('',(0.639884374975,0.951,-0.253350626125));
#7387 = CARTESIAN_POINT('',(0.630230465522,0.951,-0.253419095096));
#7388 = CARTESIAN_POINT('',(0.622303174011,0.951,-0.250636707775));
#7389 = CARTESIAN_POINT('',(0.61613347117,0.951,-0.244972050983));
#7390 = ORIENTED_EDGE('',*,*,#7391,.T.);
#7391 = EDGE_CURVE('',#7383,#7392,#7394,.T.);
#7392 = VERTEX_POINT('',#7393);
#7393 = CARTESIAN_POINT('',(0.606770572403,0.951,-0.222298378464));
#7394 = B_SPLINE_CURVE_WITH_KNOTS('',3,(#7395,#7396,#7397,#7398),
  .UNSPECIFIED.,.F.,.F.,(4,4),(4.,5.),.PIECEWISE_BEZIER_KNOTS.);
#7395 = CARTESIAN_POINT('',(0.61613347117,0.951,-0.244972050983));
#7396 = CARTESIAN_POINT('',(0.60996376833,0.951,-0.239307394191));
#7397 = CARTESIAN_POINT('',(0.606837603415,0.951,-0.231749540223));
#7398 = CARTESIAN_POINT('',(0.606770572403,0.951,-0.222298378464));
#7399 = ORIENTED_EDGE('',*,*,#7400,.T.);
#7400 = EDGE_CURVE('',#7392,#7401,#7403,.T.);
#7401 = VERTEX_POINT('',#7402);
#7402 = CARTESIAN_POINT('',(0.61581866876,0.951,-0.200585901867));
#7403 = B_SPLINE_CURVE_WITH_KNOTS('',3,(#7404,#7405,#7406,#7407),
  .UNSPECIFIED.,.F.,.F.,(4,4),(3.,4.),.PIECEWISE_BEZIER_KNOTS.);
#7404 = CARTESIAN_POINT('',(0.606770572403,0.951,-0.222298378464));
#7405 = CARTESIAN_POINT('',(0.606706417308,0.951,-0.213252712095));
#7406 = CARTESIAN_POINT('',(0.609727721828,0.951,-0.206025580343));
#7407 = CARTESIAN_POINT('',(0.61581866876,0.951,-0.200585901867));
#7408 = ORIENTED_EDGE('',*,*,#7409,.T.);
#7409 = EDGE_CURVE('',#7401,#7410,#7412,.T.);
#7410 = VERTEX_POINT('',#7411);
#7411 = CARTESIAN_POINT('',(0.638827820866,0.951,-0.192343590551));
#7412 = B_SPLINE_CURVE_WITH_KNOTS('',3,(#7413,#7414,#7415,#7416),
  .UNSPECIFIED.,.F.,.F.,(4,4),(2.,3.),.PIECEWISE_BEZIER_KNOTS.);
#7413 = CARTESIAN_POINT('',(0.61581866876,0.951,-0.200585901867));
#7414 = CARTESIAN_POINT('',(0.621909615692,0.951,-0.195146223392));
#7415 = CARTESIAN_POINT('',(0.629579406803,0.951,-0.192409183604));
#7416 = CARTESIAN_POINT('',(0.638827820866,0.951,-0.192343590551));
#7417 = ORIENTED_EDGE('',*,*,#7418,.T.);
#7418 = EDGE_CURVE('',#7410,#7419,#7421,.T.);
#7419 = VERTEX_POINT('',#7420);
#7420 = CARTESIAN_POINT('',(0.656232930639,0.951,-0.192220147301));
#7421 = LINE('',#7422,#7423);
#7422 = CARTESIAN_POINT('',(0.656232930639,0.951,-0.192220147301));
#7423 = VECTOR('',#7424,1.);
#7424 = DIRECTION('',(0.999974850186,0.,7.092178509005E-03));
#7425 = ORIENTED_EDGE('',*,*,#7426,.T.);
#7426 = EDGE_CURVE('',#7419,#7373,#7427,.T.);
#7427 = LINE('',#7428,#7429);
#7428 = CARTESIAN_POINT('',(0.656665645688,0.951,-0.253231607364));
#7429 = VECTOR('',#7430,1.);
#7430 = DIRECTION('',(7.092178509005E-03,0.,-0.999974850186));
#7431 = FACE_BOUND('',#7432,.T.);
#7432 = EDGE_LOOP('',(#7433,#7443,#7451,#7460,#7469,#7478,#7487));
#7433 = ORIENTED_EDGE('',*,*,#7434,.F.);
#7434 = EDGE_CURVE('',#7435,#7437,#7439,.T.);
#7435 = VERTEX_POINT('',#7436);
#7436 = CARTESIAN_POINT('',(0.648406738011,0.951,-0.199294195902));
#7437 = VERTEX_POINT('',#7438);
#7438 = CARTESIAN_POINT('',(0.648740344501,0.951,-0.246331661023));
#7439 = LINE('',#7440,#7441);
#7440 = CARTESIAN_POINT('',(0.648406738011,0.951,-0.199294195902));
#7441 = VECTOR('',#7442,1.);
#7442 = DIRECTION('',(7.092178509005E-03,0.,-0.999974850186));
#7443 = ORIENTED_EDGE('',*,*,#7444,.F.);
#7444 = EDGE_CURVE('',#7445,#7435,#7447,.T.);
#7445 = VERTEX_POINT('',#7446);
#7446 = CARTESIAN_POINT('',(0.6391895159,0.951,-0.19935956773));
#7447 = LINE('',#7448,#7449);
#7448 = CARTESIAN_POINT('',(0.6391895159,0.951,-0.19935956773));
#7449 = VECTOR('',#7450,1.);
#7450 = DIRECTION('',(0.999974850186,0.,7.092178509005E-03));
#7451 = ORIENTED_EDGE('',*,*,#7452,.F.);
#7452 = EDGE_CURVE('',#7453,#7445,#7455,.T.);
#7453 = VERTEX_POINT('',#7454);
#7454 = CARTESIAN_POINT('',(0.621622363734,0.951,-0.205223768291));
#7455 = B_SPLINE_CURVE_WITH_KNOTS('',3,(#7456,#7457,#7458,#7459),
  .UNSPECIFIED.,.F.,.F.,(4,4),(5.,6.),.PIECEWISE_BEZIER_KNOTS.);
#7456 = CARTESIAN_POINT('',(0.621622363734,0.951,-0.205223768291));
#7457 = CARTESIAN_POINT('',(0.626055602404,0.951,-0.201355522975));
#7458 = CARTESIAN_POINT('',(0.631921790852,0.951,-0.19941111303));
#7459 = CARTESIAN_POINT('',(0.6391895159,0.951,-0.19935956773));
#7460 = ORIENTED_EDGE('',*,*,#7461,.F.);
#7461 = EDGE_CURVE('',#7462,#7453,#7464,.T.);
#7462 = VERTEX_POINT('',#7463);
#7463 = CARTESIAN_POINT('',(0.615053584495,0.951,-0.22245798704));
#7464 = B_SPLINE_CURVE_WITH_KNOTS('',3,(#7465,#7466,#7467,#7468),
  .UNSPECIFIED.,.F.,.F.,(4,4),(4.,5.),.PIECEWISE_BEZIER_KNOTS.);
#7465 = CARTESIAN_POINT('',(0.615053584495,0.951,-0.22245798704));
#7466 = CARTESIAN_POINT('',(0.614999605726,0.951,-0.214847150509));
#7467 = CARTESIAN_POINT('',(0.617189125065,0.951,-0.209092013608));
#7468 = CARTESIAN_POINT('',(0.621622363734,0.951,-0.205223768291));
#7469 = ORIENTED_EDGE('',*,*,#7470,.F.);
#7470 = EDGE_CURVE('',#7471,#7462,#7473,.T.);
#7471 = VERTEX_POINT('',#7472);
#7472 = CARTESIAN_POINT('',(0.621698579391,0.951,-0.240159972384));
#7473 = B_SPLINE_CURVE_WITH_KNOTS('',3,(#7474,#7475,#7476,#7477),
  .UNSPECIFIED.,.F.,.F.,(4,4),(3.,4.),.PIECEWISE_BEZIER_KNOTS.);
#7474 = CARTESIAN_POINT('',(0.621698579391,0.951,-0.240159972384));
#7475 = CARTESIAN_POINT('',(0.617317436645,0.951,-0.235979919541));
#7476 = CARTESIAN_POINT('',(0.615107563264,0.951,-0.230068823572));
#7477 = CARTESIAN_POINT('',(0.615053584495,0.951,-0.22245798704));
#7478 = ORIENTED_EDGE('',*,*,#7479,.F.);
#7479 = EDGE_CURVE('',#7480,#7471,#7482,.T.);
#7480 = VERTEX_POINT('',#7481);
#7481 = CARTESIAN_POINT('',(0.639881829849,0.951,-0.24639448877));
#7482 = B_SPLINE_CURVE_WITH_KNOTS('',3,(#7483,#7484,#7485,#7486),
  .UNSPECIFIED.,.F.,.F.,(4,4),(2.,3.),.PIECEWISE_BEZIER_KNOTS.);
#7483 = CARTESIAN_POINT('',(0.639881829849,0.951,-0.24639448877));
#7484 = CARTESIAN_POINT('',(0.63213062953,0.951,-0.246449463049));
#7485 = CARTESIAN_POINT('',(0.626064347384,0.951,-0.244371327791));
#7486 = CARTESIAN_POINT('',(0.621698579391,0.951,-0.240159972384));
#7487 = ORIENTED_EDGE('',*,*,#7488,.F.);
#7488 = EDGE_CURVE('',#7437,#7480,#7489,.T.);
#7489 = LINE('',#7490,#7491);
#7490 = CARTESIAN_POINT('',(0.648740344501,0.951,-0.246331661023));
#7491 = VECTOR('',#7492,1.);
#7492 = DIRECTION('',(-0.999974850186,0.,-7.092178509005E-03));
#7493 = PLANE('',#7494);
#7494 = AXIS2_PLACEMENT_3D('',#7495,#7496,#7497);
#7495 = CARTESIAN_POINT('',(0.626139194639,0.951,-0.194449464176));
#7496 = DIRECTION('',(0.,1.,0.));
#7497 = DIRECTION('',(0.,-0.,1.));
#7498 = ADVANCED_FACE('',(#7499),#7515,.F.);
#7499 = FACE_BOUND('',#7500,.T.);
#7500 = EDGE_LOOP('',(#7501,#7502,#7508,#7509));
#7501 = ORIENTED_EDGE('',*,*,#1370,.T.);
#7502 = ORIENTED_EDGE('',*,*,#7503,.F.);
#7503 = EDGE_CURVE('',#7375,#1360,#7504,.T.);
#7504 = LINE('',#7505,#7506);
#7505 = CARTESIAN_POINT('',(0.639884374975,0.951,-0.253350626125));
#7506 = VECTOR('',#7507,1.);
#7507 = DIRECTION('',(0.,-1.,0.));
#7508 = ORIENTED_EDGE('',*,*,#7372,.F.);
#7509 = ORIENTED_EDGE('',*,*,#7510,.T.);
#7510 = EDGE_CURVE('',#7373,#1371,#7511,.T.);
#7511 = LINE('',#7512,#7513);
#7512 = CARTESIAN_POINT('',(0.656665645688,0.951,-0.253231607364));
#7513 = VECTOR('',#7514,1.);
#7514 = DIRECTION('',(0.,-1.,0.));
#7515 = PLANE('',#7516);
#7516 = AXIS2_PLACEMENT_3D('',#7517,#7518,#7519);
#7517 = CARTESIAN_POINT('',(0.639884374975,0.951,-0.253350626125));
#7518 = DIRECTION('',(-7.092178509005E-03,0.,0.999974850186));
#7519 = DIRECTION('',(0.999974850186,0.,7.092178509005E-03));
#7520 = ADVANCED_FACE('',(#7521),#7532,.F.);
#7521 = FACE_BOUND('',#7522,.F.);
#7522 = EDGE_LOOP('',(#7523,#7524,#7525,#7531));
#7523 = ORIENTED_EDGE('',*,*,#7503,.F.);
#7524 = ORIENTED_EDGE('',*,*,#7382,.T.);
#7525 = ORIENTED_EDGE('',*,*,#7526,.T.);
#7526 = EDGE_CURVE('',#7383,#1362,#7527,.T.);
#7527 = LINE('',#7528,#7529);
#7528 = CARTESIAN_POINT('',(0.61613347117,0.951,-0.244972050983));
#7529 = VECTOR('',#7530,1.);
#7530 = DIRECTION('',(0.,-1.,0.));
#7531 = ORIENTED_EDGE('',*,*,#1359,.F.);
#7532 = B_SPLINE_SURFACE_WITH_KNOTS('',3,1,(
    (#7533,#7534)
    ,(#7535,#7536)
    ,(#7537,#7538)
    ,(#7539,#7540
    )),.UNSPECIFIED.,.F.,.F.,.F.,(4,4),(2,2),(5.,6.),(0.,1.),
  .PIECEWISE_BEZIER_KNOTS.);
#7533 = CARTESIAN_POINT('',(0.639884374975,0.951,-0.253350626125));
#7534 = CARTESIAN_POINT('',(0.639884374975,0.949999999999,
    -0.253350626125));
#7535 = CARTESIAN_POINT('',(0.630230465522,0.951,-0.253419095096));
#7536 = CARTESIAN_POINT('',(0.630230465522,0.949999999999,
    -0.253419095096));
#7537 = CARTESIAN_POINT('',(0.622303174011,0.951,-0.250636707775));
#7538 = CARTESIAN_POINT('',(0.622303174011,0.949999999999,
    -0.250636707775));
#7539 = CARTESIAN_POINT('',(0.61613347117,0.951,-0.244972050983));
#7540 = CARTESIAN_POINT('',(0.61613347117,0.949999999999,-0.244972050983
    ));
#7541 = ADVANCED_FACE('',(#7542),#7553,.F.);
#7542 = FACE_BOUND('',#7543,.F.);
#7543 = EDGE_LOOP('',(#7544,#7545,#7546,#7552));
#7544 = ORIENTED_EDGE('',*,*,#7526,.F.);
#7545 = ORIENTED_EDGE('',*,*,#7391,.T.);
#7546 = ORIENTED_EDGE('',*,*,#7547,.T.);
#7547 = EDGE_CURVE('',#7392,#1404,#7548,.T.);
#7548 = LINE('',#7549,#7550);
#7549 = CARTESIAN_POINT('',(0.606770572403,0.951,-0.222298378464));
#7550 = VECTOR('',#7551,1.);
#7551 = DIRECTION('',(0.,-1.,0.));
#7552 = ORIENTED_EDGE('',*,*,#1412,.F.);
#7553 = B_SPLINE_SURFACE_WITH_KNOTS('',3,1,(
    (#7554,#7555)
    ,(#7556,#7557)
    ,(#7558,#7559)
    ,(#7560,#7561
    )),.UNSPECIFIED.,.F.,.F.,.F.,(4,4),(2,2),(4.,5.),(0.,1.),
  .PIECEWISE_BEZIER_KNOTS.);
#7554 = CARTESIAN_POINT('',(0.61613347117,0.951,-0.244972050983));
#7555 = CARTESIAN_POINT('',(0.61613347117,0.949999999999,-0.244972050983
    ));
#7556 = CARTESIAN_POINT('',(0.60996376833,0.951,-0.239307394191));
#7557 = CARTESIAN_POINT('',(0.60996376833,0.949999999999,-0.239307394191
    ));
#7558 = CARTESIAN_POINT('',(0.606837603415,0.951,-0.231749540223));
#7559 = CARTESIAN_POINT('',(0.606837603415,0.949999999999,
    -0.231749540223));
#7560 = CARTESIAN_POINT('',(0.606770572403,0.951,-0.222298378464));
#7561 = CARTESIAN_POINT('',(0.606770572403,0.949999999999,
    -0.222298378464));
#7562 = ADVANCED_FACE('',(#7563),#7574,.F.);
#7563 = FACE_BOUND('',#7564,.F.);
#7564 = EDGE_LOOP('',(#7565,#7566,#7567,#7573));
#7565 = ORIENTED_EDGE('',*,*,#7547,.F.);
#7566 = ORIENTED_EDGE('',*,*,#7400,.T.);
#7567 = ORIENTED_EDGE('',*,*,#7568,.T.);
#7568 = EDGE_CURVE('',#7401,#1395,#7569,.T.);
#7569 = LINE('',#7570,#7571);
#7570 = CARTESIAN_POINT('',(0.61581866876,0.951,-0.200585901867));
#7571 = VECTOR('',#7572,1.);
#7572 = DIRECTION('',(0.,-1.,0.));
#7573 = ORIENTED_EDGE('',*,*,#1403,.F.);
#7574 = B_SPLINE_SURFACE_WITH_KNOTS('',3,1,(
    (#7575,#7576)
    ,(#7577,#7578)
    ,(#7579,#7580)
    ,(#7581,#7582
    )),.UNSPECIFIED.,.F.,.F.,.F.,(4,4),(2,2),(3.,4.),(0.,1.),
  .PIECEWISE_BEZIER_KNOTS.);
#7575 = CARTESIAN_POINT('',(0.606770572403,0.951,-0.222298378464));
#7576 = CARTESIAN_POINT('',(0.606770572403,0.949999999999,
    -0.222298378464));
#7577 = CARTESIAN_POINT('',(0.606706417308,0.951,-0.213252712095));
#7578 = CARTESIAN_POINT('',(0.606706417308,0.949999999999,
    -0.213252712095));
#7579 = CARTESIAN_POINT('',(0.609727721828,0.951,-0.206025580343));
#7580 = CARTESIAN_POINT('',(0.609727721828,0.949999999999,
    -0.206025580343));
#7581 = CARTESIAN_POINT('',(0.61581866876,0.951,-0.200585901867));
#7582 = CARTESIAN_POINT('',(0.61581866876,0.949999999999,-0.200585901867
    ));
#7583 = ADVANCED_FACE('',(#7584),#7595,.F.);
#7584 = FACE_BOUND('',#7585,.F.);
#7585 = EDGE_LOOP('',(#7586,#7587,#7588,#7594));
#7586 = ORIENTED_EDGE('',*,*,#7568,.F.);
#7587 = ORIENTED_EDGE('',*,*,#7409,.T.);
#7588 = ORIENTED_EDGE('',*,*,#7589,.T.);
#7589 = EDGE_CURVE('',#7410,#1387,#7590,.T.);
#7590 = LINE('',#7591,#7592);
#7591 = CARTESIAN_POINT('',(0.638827820866,0.951,-0.192343590551));
#7592 = VECTOR('',#7593,1.);
#7593 = DIRECTION('',(0.,-1.,0.));
#7594 = ORIENTED_EDGE('',*,*,#1394,.F.);
#7595 = B_SPLINE_SURFACE_WITH_KNOTS('',3,1,(
    (#7596,#7597)
    ,(#7598,#7599)
    ,(#7600,#7601)
    ,(#7602,#7603
    )),.UNSPECIFIED.,.F.,.F.,.F.,(4,4),(2,2),(2.,3.),(0.,1.),
  .PIECEWISE_BEZIER_KNOTS.);
#7596 = CARTESIAN_POINT('',(0.61581866876,0.951,-0.200585901867));
#7597 = CARTESIAN_POINT('',(0.61581866876,0.949999999999,-0.200585901867
    ));
#7598 = CARTESIAN_POINT('',(0.621909615692,0.951,-0.195146223392));
#7599 = CARTESIAN_POINT('',(0.621909615692,0.949999999999,
    -0.195146223392));
#7600 = CARTESIAN_POINT('',(0.629579406803,0.951,-0.192409183604));
#7601 = CARTESIAN_POINT('',(0.629579406803,0.949999999999,
    -0.192409183604));
#7602 = CARTESIAN_POINT('',(0.638827820866,0.951,-0.192343590551));
#7603 = CARTESIAN_POINT('',(0.638827820866,0.949999999999,
    -0.192343590551));
#7604 = ADVANCED_FACE('',(#7605),#7616,.F.);
#7605 = FACE_BOUND('',#7606,.T.);
#7606 = EDGE_LOOP('',(#7607,#7608,#7614,#7615));
#7607 = ORIENTED_EDGE('',*,*,#1386,.T.);
#7608 = ORIENTED_EDGE('',*,*,#7609,.F.);
#7609 = EDGE_CURVE('',#7419,#1379,#7610,.T.);
#7610 = LINE('',#7611,#7612);
#7611 = CARTESIAN_POINT('',(0.656232930639,0.951,-0.192220147301));
#7612 = VECTOR('',#7613,1.);
#7613 = DIRECTION('',(0.,-1.,0.));
#7614 = ORIENTED_EDGE('',*,*,#7418,.F.);
#7615 = ORIENTED_EDGE('',*,*,#7589,.T.);
#7616 = PLANE('',#7617);
#7617 = AXIS2_PLACEMENT_3D('',#7618,#7619,#7620);
#7618 = CARTESIAN_POINT('',(0.656232930639,0.951,-0.192220147301));
#7619 = DIRECTION('',(7.092178509005E-03,0.,-0.999974850186));
#7620 = DIRECTION('',(-0.999974850186,0.,-7.092178509005E-03));
#7621 = ADVANCED_FACE('',(#7622),#7628,.F.);
#7622 = FACE_BOUND('',#7623,.T.);
#7623 = EDGE_LOOP('',(#7624,#7625,#7626,#7627));
#7624 = ORIENTED_EDGE('',*,*,#1378,.T.);
#7625 = ORIENTED_EDGE('',*,*,#7510,.F.);
#7626 = ORIENTED_EDGE('',*,*,#7426,.F.);
#7627 = ORIENTED_EDGE('',*,*,#7609,.T.);
#7628 = PLANE('',#7629);
#7629 = AXIS2_PLACEMENT_3D('',#7630,#7631,#7632);
#7630 = CARTESIAN_POINT('',(0.656665645688,0.951,-0.253231607364));
#7631 = DIRECTION('',(-0.999974850186,0.,-7.092178509005E-03));
#7632 = DIRECTION('',(-7.092178509005E-03,0.,0.999974850186));
#7633 = ADVANCED_FACE('',(#7634),#7659,.T.);
#7634 = FACE_BOUND('',#7635,.T.);
#7635 = EDGE_LOOP('',(#7636,#7646,#7652,#7653));
#7636 = ORIENTED_EDGE('',*,*,#7637,.F.);
#7637 = EDGE_CURVE('',#7638,#7640,#7642,.T.);
#7638 = VERTEX_POINT('',#7639);
#7639 = CARTESIAN_POINT('',(0.6391895159,0.95,-0.19935956773));
#7640 = VERTEX_POINT('',#7641);
#7641 = CARTESIAN_POINT('',(0.648406738011,0.95,-0.199294195902));
#7642 = LINE('',#7643,#7644);
#7643 = CARTESIAN_POINT('',(0.6391895159,0.95,-0.19935956773));
#7644 = VECTOR('',#7645,1.);
#7645 = DIRECTION('',(0.999974850186,0.,7.092178509005E-03));
#7646 = ORIENTED_EDGE('',*,*,#7647,.F.);
#7647 = EDGE_CURVE('',#7445,#7638,#7648,.T.);
#7648 = LINE('',#7649,#7650);
#7649 = CARTESIAN_POINT('',(0.6391895159,0.951,-0.19935956773));
#7650 = VECTOR('',#7651,1.);
#7651 = DIRECTION('',(0.,-1.,0.));
#7652 = ORIENTED_EDGE('',*,*,#7444,.T.);
#7653 = ORIENTED_EDGE('',*,*,#7654,.T.);
#7654 = EDGE_CURVE('',#7435,#7640,#7655,.T.);
#7655 = LINE('',#7656,#7657);
#7656 = CARTESIAN_POINT('',(0.648406738011,0.951,-0.199294195902));
#7657 = VECTOR('',#7658,1.);
#7658 = DIRECTION('',(0.,-1.,0.));
#7659 = PLANE('',#7660);
#7660 = AXIS2_PLACEMENT_3D('',#7661,#7662,#7663);
#7661 = CARTESIAN_POINT('',(0.6391895159,0.951,-0.19935956773));
#7662 = DIRECTION('',(7.092178509005E-03,0.,-0.999974850186));
#7663 = DIRECTION('',(-0.999974850186,0.,-7.092178509005E-03));
#7664 = ADVANCED_FACE('',(#7665),#7683,.T.);
#7665 = FACE_BOUND('',#7666,.T.);
#7666 = EDGE_LOOP('',(#7667,#7675,#7676,#7677));
#7667 = ORIENTED_EDGE('',*,*,#7668,.F.);
#7668 = EDGE_CURVE('',#7640,#7669,#7671,.T.);
#7669 = VERTEX_POINT('',#7670);
#7670 = CARTESIAN_POINT('',(0.648740344501,0.95,-0.246331661023));
#7671 = LINE('',#7672,#7673);
#7672 = CARTESIAN_POINT('',(0.648406738011,0.95,-0.199294195902));
#7673 = VECTOR('',#7674,1.);
#7674 = DIRECTION('',(7.092178509005E-03,0.,-0.999974850186));
#7675 = ORIENTED_EDGE('',*,*,#7654,.F.);
#7676 = ORIENTED_EDGE('',*,*,#7434,.T.);
#7677 = ORIENTED_EDGE('',*,*,#7678,.T.);
#7678 = EDGE_CURVE('',#7437,#7669,#7679,.T.);
#7679 = LINE('',#7680,#7681);
#7680 = CARTESIAN_POINT('',(0.648740344501,0.951,-0.246331661023));
#7681 = VECTOR('',#7682,1.);
#7682 = DIRECTION('',(0.,-1.,0.));
#7683 = PLANE('',#7684);
#7684 = AXIS2_PLACEMENT_3D('',#7685,#7686,#7687);
#7685 = CARTESIAN_POINT('',(0.648406738011,0.951,-0.199294195902));
#7686 = DIRECTION('',(-0.999974850186,0.,-7.092178509005E-03));
#7687 = DIRECTION('',(-7.092178509005E-03,0.,0.999974850186));
#7688 = ADVANCED_FACE('',(#7689),#7707,.T.);
#7689 = FACE_BOUND('',#7690,.T.);
#7690 = EDGE_LOOP('',(#7691,#7699,#7700,#7701));
#7691 = ORIENTED_EDGE('',*,*,#7692,.F.);
#7692 = EDGE_CURVE('',#7669,#7693,#7695,.T.);
#7693 = VERTEX_POINT('',#7694);
#7694 = CARTESIAN_POINT('',(0.639881829849,0.95,-0.24639448877));
#7695 = LINE('',#7696,#7697);
#7696 = CARTESIAN_POINT('',(0.648740344501,0.95,-0.246331661023));
#7697 = VECTOR('',#7698,1.);
#7698 = DIRECTION('',(-0.999974850186,0.,-7.092178509005E-03));
#7699 = ORIENTED_EDGE('',*,*,#7678,.F.);
#7700 = ORIENTED_EDGE('',*,*,#7488,.T.);
#7701 = ORIENTED_EDGE('',*,*,#7702,.T.);
#7702 = EDGE_CURVE('',#7480,#7693,#7703,.T.);
#7703 = LINE('',#7704,#7705);
#7704 = CARTESIAN_POINT('',(0.639881829849,0.951,-0.24639448877));
#7705 = VECTOR('',#7706,1.);
#7706 = DIRECTION('',(0.,-1.,0.));
#7707 = PLANE('',#7708);
#7708 = AXIS2_PLACEMENT_3D('',#7709,#7710,#7711);
#7709 = CARTESIAN_POINT('',(0.648740344501,0.951,-0.246331661023));
#7710 = DIRECTION('',(-7.092178509005E-03,0.,0.999974850186));
#7711 = DIRECTION('',(0.999974850186,0.,7.092178509005E-03));
#7712 = ADVANCED_FACE('',(#7713),#7732,.T.);
#7713 = FACE_BOUND('',#7714,.T.);
#7714 = EDGE_LOOP('',(#7715,#7724,#7725,#7726));
#7715 = ORIENTED_EDGE('',*,*,#7716,.F.);
#7716 = EDGE_CURVE('',#7693,#7717,#7719,.T.);
#7717 = VERTEX_POINT('',#7718);
#7718 = CARTESIAN_POINT('',(0.621698579391,0.95,-0.240159972384));
#7719 = B_SPLINE_CURVE_WITH_KNOTS('',3,(#7720,#7721,#7722,#7723),
  .UNSPECIFIED.,.F.,.F.,(4,4),(2.,3.),.PIECEWISE_BEZIER_KNOTS.);
#7720 = CARTESIAN_POINT('',(0.639881829849,0.95,-0.24639448877));
#7721 = CARTESIAN_POINT('',(0.63213062953,0.949999999999,-0.246449463049
    ));
#7722 = CARTESIAN_POINT('',(0.626064347384,0.949999999999,
    -0.244371327791));
#7723 = CARTESIAN_POINT('',(0.621698579391,0.95,-0.240159972384));
#7724 = ORIENTED_EDGE('',*,*,#7702,.F.);
#7725 = ORIENTED_EDGE('',*,*,#7479,.T.);
#7726 = ORIENTED_EDGE('',*,*,#7727,.T.);
#7727 = EDGE_CURVE('',#7471,#7717,#7728,.T.);
#7728 = LINE('',#7729,#7730);
#7729 = CARTESIAN_POINT('',(0.621698579391,0.951,-0.240159972384));
#7730 = VECTOR('',#7731,1.);
#7731 = DIRECTION('',(0.,-1.,0.));
#7732 = B_SPLINE_SURFACE_WITH_KNOTS('',3,1,(
    (#7733,#7734)
    ,(#7735,#7736)
    ,(#7737,#7738)
    ,(#7739,#7740
    )),.UNSPECIFIED.,.F.,.F.,.F.,(4,4),(2,2),(2.,3.),(0.,1.),
  .PIECEWISE_BEZIER_KNOTS.);
#7733 = CARTESIAN_POINT('',(0.639881829849,0.951,-0.24639448877));
#7734 = CARTESIAN_POINT('',(0.639881829849,0.95,-0.24639448877));
#7735 = CARTESIAN_POINT('',(0.63213062953,0.951,-0.246449463049));
#7736 = CARTESIAN_POINT('',(0.63213062953,0.95,-0.246449463049));
#7737 = CARTESIAN_POINT('',(0.626064347384,0.951,-0.244371327791));
#7738 = CARTESIAN_POINT('',(0.626064347384,0.95,-0.244371327791));
#7739 = CARTESIAN_POINT('',(0.621698579391,0.951,-0.240159972384));
#7740 = CARTESIAN_POINT('',(0.621698579391,0.95,-0.240159972384));
#7741 = ADVANCED_FACE('',(#7742),#7761,.T.);
#7742 = FACE_BOUND('',#7743,.T.);
#7743 = EDGE_LOOP('',(#7744,#7753,#7754,#7755));
#7744 = ORIENTED_EDGE('',*,*,#7745,.F.);
#7745 = EDGE_CURVE('',#7717,#7746,#7748,.T.);
#7746 = VERTEX_POINT('',#7747);
#7747 = CARTESIAN_POINT('',(0.615053584495,0.95,-0.22245798704));
#7748 = B_SPLINE_CURVE_WITH_KNOTS('',3,(#7749,#7750,#7751,#7752),
  .UNSPECIFIED.,.F.,.F.,(4,4),(3.,4.),.PIECEWISE_BEZIER_KNOTS.);
#7749 = CARTESIAN_POINT('',(0.621698579391,0.95,-0.240159972384));
#7750 = CARTESIAN_POINT('',(0.617317436645,0.949999999999,
    -0.235979919541));
#7751 = CARTESIAN_POINT('',(0.615107563264,0.949999999999,
    -0.230068823572));
#7752 = CARTESIAN_POINT('',(0.615053584495,0.95,-0.22245798704));
#7753 = ORIENTED_EDGE('',*,*,#7727,.F.);
#7754 = ORIENTED_EDGE('',*,*,#7470,.T.);
#7755 = ORIENTED_EDGE('',*,*,#7756,.T.);
#7756 = EDGE_CURVE('',#7462,#7746,#7757,.T.);
#7757 = LINE('',#7758,#7759);
#7758 = CARTESIAN_POINT('',(0.615053584495,0.951,-0.22245798704));
#7759 = VECTOR('',#7760,1.);
#7760 = DIRECTION('',(0.,-1.,0.));
#7761 = B_SPLINE_SURFACE_WITH_KNOTS('',3,1,(
    (#7762,#7763)
    ,(#7764,#7765)
    ,(#7766,#7767)
    ,(#7768,#7769
    )),.UNSPECIFIED.,.F.,.F.,.F.,(4,4),(2,2),(3.,4.),(0.,1.),
  .PIECEWISE_BEZIER_KNOTS.);
#7762 = CARTESIAN_POINT('',(0.621698579391,0.951,-0.240159972384));
#7763 = CARTESIAN_POINT('',(0.621698579391,0.949999999999,
    -0.240159972384));
#7764 = CARTESIAN_POINT('',(0.617317436645,0.951,-0.235979919541));
#7765 = CARTESIAN_POINT('',(0.617317436645,0.949999999999,
    -0.235979919541));
#7766 = CARTESIAN_POINT('',(0.615107563264,0.951,-0.230068823572));
#7767 = CARTESIAN_POINT('',(0.615107563264,0.949999999999,
    -0.230068823572));
#7768 = CARTESIAN_POINT('',(0.615053584495,0.951,-0.22245798704));
#7769 = CARTESIAN_POINT('',(0.615053584495,0.949999999999,-0.22245798704
    ));
#7770 = ADVANCED_FACE('',(#7771),#7790,.T.);
#7771 = FACE_BOUND('',#7772,.T.);
#7772 = EDGE_LOOP('',(#7773,#7782,#7783,#7784));
#7773 = ORIENTED_EDGE('',*,*,#7774,.F.);
#7774 = EDGE_CURVE('',#7746,#7775,#7777,.T.);
#7775 = VERTEX_POINT('',#7776);
#7776 = CARTESIAN_POINT('',(0.621622363734,0.949999999999,
    -0.205223768291));
#7777 = B_SPLINE_CURVE_WITH_KNOTS('',3,(#7778,#7779,#7780,#7781),
  .UNSPECIFIED.,.F.,.F.,(4,4),(4.,5.),.PIECEWISE_BEZIER_KNOTS.);
#7778 = CARTESIAN_POINT('',(0.615053584495,0.95,-0.22245798704));
#7779 = CARTESIAN_POINT('',(0.614999605726,0.949999999999,
    -0.214847150509));
#7780 = CARTESIAN_POINT('',(0.617189125065,0.949999999999,
    -0.209092013608));
#7781 = CARTESIAN_POINT('',(0.621622363734,0.949999999999,
    -0.205223768291));
#7782 = ORIENTED_EDGE('',*,*,#7756,.F.);
#7783 = ORIENTED_EDGE('',*,*,#7461,.T.);
#7784 = ORIENTED_EDGE('',*,*,#7785,.T.);
#7785 = EDGE_CURVE('',#7453,#7775,#7786,.T.);
#7786 = LINE('',#7787,#7788);
#7787 = CARTESIAN_POINT('',(0.621622363734,0.951,-0.205223768291));
#7788 = VECTOR('',#7789,1.);
#7789 = DIRECTION('',(0.,-1.,0.));
#7790 = B_SPLINE_SURFACE_WITH_KNOTS('',3,1,(
    (#7791,#7792)
    ,(#7793,#7794)
    ,(#7795,#7796)
    ,(#7797,#7798
    )),.UNSPECIFIED.,.F.,.F.,.F.,(4,4),(2,2),(4.,5.),(0.,1.),
  .PIECEWISE_BEZIER_KNOTS.);
#7791 = CARTESIAN_POINT('',(0.615053584495,0.951,-0.22245798704));
#7792 = CARTESIAN_POINT('',(0.615053584495,0.949999999999,-0.22245798704
    ));
#7793 = CARTESIAN_POINT('',(0.614999605726,0.951,-0.214847150509));
#7794 = CARTESIAN_POINT('',(0.614999605726,0.949999999999,
    -0.214847150509));
#7795 = CARTESIAN_POINT('',(0.617189125065,0.951,-0.209092013608));
#7796 = CARTESIAN_POINT('',(0.617189125065,0.949999999999,
    -0.209092013608));
#7797 = CARTESIAN_POINT('',(0.621622363734,0.951,-0.205223768291));
#7798 = CARTESIAN_POINT('',(0.621622363734,0.949999999999,
    -0.205223768291));
#7799 = ADVANCED_FACE('',(#7800),#7812,.T.);
#7800 = FACE_BOUND('',#7801,.T.);
#7801 = EDGE_LOOP('',(#7802,#7809,#7810,#7811));
#7802 = ORIENTED_EDGE('',*,*,#7803,.F.);
#7803 = EDGE_CURVE('',#7775,#7638,#7804,.T.);
#7804 = B_SPLINE_CURVE_WITH_KNOTS('',3,(#7805,#7806,#7807,#7808),
  .UNSPECIFIED.,.F.,.F.,(4,4),(5.,6.),.PIECEWISE_BEZIER_KNOTS.);
#7805 = CARTESIAN_POINT('',(0.621622363734,0.949999999999,
    -0.205223768291));
#7806 = CARTESIAN_POINT('',(0.626055602404,0.949999999999,
    -0.201355522975));
#7807 = CARTESIAN_POINT('',(0.631921790852,0.949999999999,-0.19941111303
    ));
#7808 = CARTESIAN_POINT('',(0.6391895159,0.95,-0.19935956773));
#7809 = ORIENTED_EDGE('',*,*,#7785,.F.);
#7810 = ORIENTED_EDGE('',*,*,#7452,.T.);
#7811 = ORIENTED_EDGE('',*,*,#7647,.T.);
#7812 = B_SPLINE_SURFACE_WITH_KNOTS('',3,1,(
    (#7813,#7814)
    ,(#7815,#7816)
    ,(#7817,#7818)
    ,(#7819,#7820
    )),.UNSPECIFIED.,.F.,.F.,.F.,(4,4),(2,2),(5.,6.),(0.,1.),
  .PIECEWISE_BEZIER_KNOTS.);
#7813 = CARTESIAN_POINT('',(0.621622363734,0.951,-0.205223768291));
#7814 = CARTESIAN_POINT('',(0.621622363734,0.949999999999,
    -0.205223768291));
#7815 = CARTESIAN_POINT('',(0.626055602404,0.951,-0.201355522975));
#7816 = CARTESIAN_POINT('',(0.626055602404,0.949999999999,
    -0.201355522975));
#7817 = CARTESIAN_POINT('',(0.631921790852,0.951,-0.19941111303));
#7818 = CARTESIAN_POINT('',(0.631921790852,0.949999999999,-0.19941111303
    ));
#7819 = CARTESIAN_POINT('',(0.6391895159,0.951,-0.19935956773));
#7820 = CARTESIAN_POINT('',(0.6391895159,0.949999999999,-0.19935956773)
  );
#7821 = ADVANCED_FACE('',(#7822),#7831,.T.);
#7822 = FACE_BOUND('',#7823,.T.);
#7823 = EDGE_LOOP('',(#7824,#7825,#7826,#7827,#7828,#7829,#7830));
#7824 = ORIENTED_EDGE('',*,*,#7637,.T.);
#7825 = ORIENTED_EDGE('',*,*,#7668,.T.);
#7826 = ORIENTED_EDGE('',*,*,#7692,.T.);
#7827 = ORIENTED_EDGE('',*,*,#7716,.T.);
#7828 = ORIENTED_EDGE('',*,*,#7745,.T.);
#7829 = ORIENTED_EDGE('',*,*,#7774,.T.);
#7830 = ORIENTED_EDGE('',*,*,#7803,.T.);
#7831 = PLANE('',#7832);
#7832 = AXIS2_PLACEMENT_3D('',#7833,#7834,#7835);
#7833 = CARTESIAN_POINT('',(-1.4,0.95,-0.34));
#7834 = DIRECTION('',(0.,1.,0.));
#7835 = DIRECTION('',(0.,-0.,1.));
#7836 = ADVANCED_FACE('',(#7837,#7903),#7955,.F.);
#7837 = FACE_BOUND('',#7838,.T.);
#7838 = EDGE_LOOP('',(#7839,#7849,#7857,#7865,#7873,#7881,#7889,#7897));
#7839 = ORIENTED_EDGE('',*,*,#7840,.T.);
#7840 = EDGE_CURVE('',#7841,#7843,#7845,.T.);
#7841 = VERTEX_POINT('',#7842);
#7842 = CARTESIAN_POINT('',(0.548710296362,0.951,-0.253997265229));
#7843 = VERTEX_POINT('',#7844);
#7844 = CARTESIAN_POINT('',(0.571515586297,0.951,-0.192820992941));
#7845 = LINE('',#7846,#7847);
#7846 = CARTESIAN_POINT('',(0.571515586297,0.951,-0.192820992941));
#7847 = VECTOR('',#7848,1.);
#7848 = DIRECTION('',(0.349299057795,0.,0.937011295675));
#7849 = ORIENTED_EDGE('',*,*,#7850,.T.);
#7850 = EDGE_CURVE('',#7843,#7851,#7853,.T.);
#7851 = VERTEX_POINT('',#7852);
#7852 = CARTESIAN_POINT('',(0.579937413606,0.951,-0.192761262336));
#7853 = LINE('',#7854,#7855);
#7854 = CARTESIAN_POINT('',(0.579937413606,0.951,-0.192761262336));
#7855 = VECTOR('',#7856,1.);
#7856 = DIRECTION('',(0.999974850186,0.,7.092178509005E-03));
#7857 = ORIENTED_EDGE('',*,*,#7858,.T.);
#7858 = EDGE_CURVE('',#7851,#7859,#7861,.T.);
#7859 = VERTEX_POINT('',#7860);
#7860 = CARTESIAN_POINT('',(0.603608133639,0.951,-0.253607910175));
#7861 = LINE('',#7862,#7863);
#7862 = CARTESIAN_POINT('',(0.603608133639,0.951,-0.253607910175));
#7863 = VECTOR('',#7864,1.);
#7864 = DIRECTION('',(0.362554487503,0.,-0.931962576283));
#7865 = ORIENTED_EDGE('',*,*,#7866,.T.);
#7866 = EDGE_CURVE('',#7859,#7867,#7869,.T.);
#7867 = VERTEX_POINT('',#7868);
#7868 = CARTESIAN_POINT('',(0.594905578752,0.951,-0.2536696318));
#7869 = LINE('',#7870,#7871);
#7870 = CARTESIAN_POINT('',(0.594905578752,0.951,-0.2536696318));
#7871 = VECTOR('',#7872,1.);
#7872 = DIRECTION('',(-0.999974850186,0.,-7.092178509005E-03));
#7873 = ORIENTED_EDGE('',*,*,#7874,.T.);
#7874 = EDGE_CURVE('',#7867,#7875,#7877,.T.);
#7875 = VERTEX_POINT('',#7876);
#7876 = CARTESIAN_POINT('',(0.588923136501,0.951,-0.237023527146));
#7877 = LINE('',#7878,#7879);
#7878 = CARTESIAN_POINT('',(0.588923136501,0.951,-0.237023527146));
#7879 = VECTOR('',#7880,1.);
#7880 = DIRECTION('',(-0.338211162486,0.,0.941070246884));
#7881 = ORIENTED_EDGE('',*,*,#7882,.T.);
#7882 = EDGE_CURVE('',#7875,#7883,#7885,.T.);
#7883 = VERTEX_POINT('',#7884);
#7884 = CARTESIAN_POINT('',(0.563517290784,0.951,-0.23720371447));
#7885 = LINE('',#7886,#7887);
#7886 = CARTESIAN_POINT('',(0.563517290784,0.951,-0.23720371447));
#7887 = VECTOR('',#7888,1.);
#7888 = DIRECTION('',(-0.999974850186,0.,-7.092178509005E-03));
#7889 = ORIENTED_EDGE('',*,*,#7890,.T.);
#7890 = EDGE_CURVE('',#7883,#7891,#7893,.T.);
#7891 = VERTEX_POINT('',#7892);
#7892 = CARTESIAN_POINT('',(0.557412851248,0.951,-0.253935543604));
#7893 = LINE('',#7894,#7895);
#7894 = CARTESIAN_POINT('',(0.557412851248,0.951,-0.253935543604));
#7895 = VECTOR('',#7896,1.);
#7896 = DIRECTION('',(-0.342741495853,0.,-0.939429756299));
#7897 = ORIENTED_EDGE('',*,*,#7898,.T.);
#7898 = EDGE_CURVE('',#7891,#7841,#7899,.T.);
#7899 = LINE('',#7900,#7901);
#7900 = CARTESIAN_POINT('',(0.548710296362,0.951,-0.253997265229));
#7901 = VECTOR('',#7902,1.);
#7902 = DIRECTION('',(-0.999974850186,0.,-7.092178509005E-03));
#7903 = FACE_BOUND('',#7904,.T.);
#7904 = EDGE_LOOP('',(#7905,#7915,#7923,#7932,#7940,#7949));
#7905 = ORIENTED_EDGE('',*,*,#7906,.F.);
#7906 = EDGE_CURVE('',#7907,#7909,#7911,.T.);
#7907 = VERTEX_POINT('',#7908);
#7908 = CARTESIAN_POINT('',(0.586378889655,0.951,-0.23014780349));
#7909 = VERTEX_POINT('',#7910);
#7910 = CARTESIAN_POINT('',(0.565901372511,0.951,-0.23029303735));
#7911 = LINE('',#7912,#7913);
#7912 = CARTESIAN_POINT('',(0.586378889655,0.951,-0.23014780349));
#7913 = VECTOR('',#7914,1.);
#7914 = DIRECTION('',(-0.999974850186,0.,-7.092178509005E-03));
#7915 = ORIENTED_EDGE('',*,*,#7916,.F.);
#7916 = EDGE_CURVE('',#7917,#7907,#7919,.T.);
#7917 = VERTEX_POINT('',#7918);
#7918 = CARTESIAN_POINT('',(0.577075387915,0.950999999999,
    -0.204853453858));
#7919 = LINE('',#7920,#7921);
#7920 = CARTESIAN_POINT('',(0.577075387915,0.951,-0.204853453858));
#7921 = VECTOR('',#7922,1.);
#7922 = DIRECTION('',(0.345199932434,0.,-0.938529171975));
#7923 = ORIENTED_EDGE('',*,*,#7924,.F.);
#7924 = EDGE_CURVE('',#7925,#7917,#7927,.T.);
#7925 = VERTEX_POINT('',#7926);
#7926 = CARTESIAN_POINT('',(0.576046937668,0.951,-0.20058723548));
#7927 = B_SPLINE_CURVE_WITH_KNOTS('',3,(#7928,#7929,#7930,#7931),
  .UNSPECIFIED.,.F.,.F.,(4,4),(3.,4.),.PIECEWISE_BEZIER_KNOTS.);
#7928 = CARTESIAN_POINT('',(0.576046937668,0.951,-0.20058723548));
#7929 = CARTESIAN_POINT('',(0.576356313465,0.951,-0.202425459075));
#7930 = CARTESIAN_POINT('',(0.576694005296,0.951,-0.203857966056));
#7931 = CARTESIAN_POINT('',(0.577075387915,0.950999999999,
    -0.204853453858));
#7932 = ORIENTED_EDGE('',*,*,#7933,.F.);
#7933 = EDGE_CURVE('',#7934,#7925,#7936,.T.);
#7934 = VERTEX_POINT('',#7935);
#7935 = CARTESIAN_POINT('',(0.57585978595,0.951,-0.200588562827));
#7936 = LINE('',#7937,#7938);
#7937 = CARTESIAN_POINT('',(0.57585978595,0.951,-0.200588562827));
#7938 = VECTOR('',#7939,1.);
#7939 = DIRECTION('',(0.999974850186,0.,7.092178509005E-03));
#7940 = ORIENTED_EDGE('',*,*,#7941,.F.);
#7941 = EDGE_CURVE('',#7942,#7934,#7944,.T.);
#7942 = VERTEX_POINT('',#7943);
#7943 = CARTESIAN_POINT('',(0.574938739135,0.951,-0.204868607733));
#7944 = B_SPLINE_CURVE_WITH_KNOTS('',3,(#7945,#7946,#7947,#7948),
  .UNSPECIFIED.,.F.,.F.,(4,4),(1.,2.),.PIECEWISE_BEZIER_KNOTS.);
#7945 = CARTESIAN_POINT('',(0.574938739135,0.951,-0.204868607733));
#7946 = CARTESIAN_POINT('',(0.575229089627,0.951,-0.20402432337));
#7947 = CARTESIAN_POINT('',(0.575531054057,0.951,-0.202618473241));
#7948 = CARTESIAN_POINT('',(0.57585978595,0.951,-0.200588562827));
#7949 = ORIENTED_EDGE('',*,*,#7950,.F.);
#7950 = EDGE_CURVE('',#7909,#7942,#7951,.T.);
#7951 = LINE('',#7952,#7953);
#7952 = CARTESIAN_POINT('',(0.565901372511,0.951,-0.23029303735));
#7953 = VECTOR('',#7954,1.);
#7954 = DIRECTION('',(0.334929697701,0.,0.942243120218));
#7955 = PLANE('',#7956);
#7956 = AXIS2_PLACEMENT_3D('',#7957,#7958,#7959);
#7957 = CARTESIAN_POINT('',(0.,0.950999999999,0.));
#7958 = DIRECTION('',(0.,-1.,0.));
#7959 = DIRECTION('',(0.,0.,-1.));
#7960 = ADVANCED_FACE('',(#7961),#7977,.F.);
#7961 = FACE_BOUND('',#7962,.T.);
#7962 = EDGE_LOOP('',(#7963,#7964,#7970,#7971));
#7963 = ORIENTED_EDGE('',*,*,#217,.T.);
#7964 = ORIENTED_EDGE('',*,*,#7965,.F.);
#7965 = EDGE_CURVE('',#7843,#208,#7966,.T.);
#7966 = LINE('',#7967,#7968);
#7967 = CARTESIAN_POINT('',(0.571515586297,0.951,-0.192820992941));
#7968 = VECTOR('',#7969,1.);
#7969 = DIRECTION('',(0.,-1.,0.));
#7970 = ORIENTED_EDGE('',*,*,#7840,.F.);
#7971 = ORIENTED_EDGE('',*,*,#7972,.T.);
#7972 = EDGE_CURVE('',#7841,#218,#7973,.T.);
#7973 = LINE('',#7974,#7975);
#7974 = CARTESIAN_POINT('',(0.548710296362,0.951,-0.253997265229));
#7975 = VECTOR('',#7976,1.);
#7976 = DIRECTION('',(0.,-1.,0.));
#7977 = PLANE('',#7978);
#7978 = AXIS2_PLACEMENT_3D('',#7979,#7980,#7981);
#7979 = CARTESIAN_POINT('',(0.571515586297,0.951,-0.192820992941));
#7980 = DIRECTION('',(0.937011295675,0.,-0.349299057795));
#7981 = DIRECTION('',(-0.349299057795,0.,-0.937011295675));
#7982 = ADVANCED_FACE('',(#7983),#7994,.F.);
#7983 = FACE_BOUND('',#7984,.T.);
#7984 = EDGE_LOOP('',(#7985,#7986,#7992,#7993));
#7985 = ORIENTED_EDGE('',*,*,#207,.T.);
#7986 = ORIENTED_EDGE('',*,*,#7987,.F.);
#7987 = EDGE_CURVE('',#7851,#210,#7988,.T.);
#7988 = LINE('',#7989,#7990);
#7989 = CARTESIAN_POINT('',(0.579937413606,0.951,-0.192761262336));
#7990 = VECTOR('',#7991,1.);
#7991 = DIRECTION('',(0.,-1.,0.));
#7992 = ORIENTED_EDGE('',*,*,#7850,.F.);
#7993 = ORIENTED_EDGE('',*,*,#7965,.T.);
#7994 = PLANE('',#7995);
#7995 = AXIS2_PLACEMENT_3D('',#7996,#7997,#7998);
#7996 = CARTESIAN_POINT('',(0.579937413606,0.951,-0.192761262336));
#7997 = DIRECTION('',(7.092178509005E-03,0.,-0.999974850186));
#7998 = DIRECTION('',(-0.999974850186,0.,-7.092178509005E-03));
#7999 = ADVANCED_FACE('',(#8000),#8011,.F.);
#8000 = FACE_BOUND('',#8001,.T.);
#8001 = EDGE_LOOP('',(#8002,#8003,#8009,#8010));
#8002 = ORIENTED_EDGE('',*,*,#265,.T.);
#8003 = ORIENTED_EDGE('',*,*,#8004,.F.);
#8004 = EDGE_CURVE('',#7859,#258,#8005,.T.);
#8005 = LINE('',#8006,#8007);
#8006 = CARTESIAN_POINT('',(0.603608133639,0.951,-0.253607910175));
#8007 = VECTOR('',#8008,1.);
#8008 = DIRECTION('',(0.,-1.,0.));
#8009 = ORIENTED_EDGE('',*,*,#7858,.F.);
#8010 = ORIENTED_EDGE('',*,*,#7987,.T.);
#8011 = PLANE('',#8012);
#8012 = AXIS2_PLACEMENT_3D('',#8013,#8014,#8015);
#8013 = CARTESIAN_POINT('',(0.603608133639,0.951,-0.253607910175));
#8014 = DIRECTION('',(-0.931962576283,0.,-0.362554487503));
#8015 = DIRECTION('',(-0.362554487503,0.,0.931962576283));
#8016 = ADVANCED_FACE('',(#8017),#8028,.F.);
#8017 = FACE_BOUND('',#8018,.T.);
#8018 = EDGE_LOOP('',(#8019,#8020,#8026,#8027));
#8019 = ORIENTED_EDGE('',*,*,#257,.T.);
#8020 = ORIENTED_EDGE('',*,*,#8021,.F.);
#8021 = EDGE_CURVE('',#7867,#250,#8022,.T.);
#8022 = LINE('',#8023,#8024);
#8023 = CARTESIAN_POINT('',(0.594905578752,0.951,-0.2536696318));
#8024 = VECTOR('',#8025,1.);
#8025 = DIRECTION('',(0.,-1.,0.));
#8026 = ORIENTED_EDGE('',*,*,#7866,.F.);
#8027 = ORIENTED_EDGE('',*,*,#8004,.T.);
#8028 = PLANE('',#8029);
#8029 = AXIS2_PLACEMENT_3D('',#8030,#8031,#8032);
#8030 = CARTESIAN_POINT('',(0.594905578752,0.951,-0.2536696318));
#8031 = DIRECTION('',(-7.092178509005E-03,0.,0.999974850186));
#8032 = DIRECTION('',(0.999974850186,0.,7.092178509005E-03));
#8033 = ADVANCED_FACE('',(#8034),#8045,.F.);
#8034 = FACE_BOUND('',#8035,.T.);
#8035 = EDGE_LOOP('',(#8036,#8037,#8043,#8044));
#8036 = ORIENTED_EDGE('',*,*,#249,.T.);
#8037 = ORIENTED_EDGE('',*,*,#8038,.F.);
#8038 = EDGE_CURVE('',#7875,#242,#8039,.T.);
#8039 = LINE('',#8040,#8041);
#8040 = CARTESIAN_POINT('',(0.588923136501,0.951,-0.237023527146));
#8041 = VECTOR('',#8042,1.);
#8042 = DIRECTION('',(0.,-1.,0.));
#8043 = ORIENTED_EDGE('',*,*,#7874,.F.);
#8044 = ORIENTED_EDGE('',*,*,#8021,.T.);
#8045 = PLANE('',#8046);
#8046 = AXIS2_PLACEMENT_3D('',#8047,#8048,#8049);
#8047 = CARTESIAN_POINT('',(0.588923136501,0.951,-0.237023527146));
#8048 = DIRECTION('',(0.941070246884,0.,0.338211162486));
#8049 = DIRECTION('',(0.338211162486,0.,-0.941070246884));
#8050 = ADVANCED_FACE('',(#8051),#8062,.F.);
#8051 = FACE_BOUND('',#8052,.T.);
#8052 = EDGE_LOOP('',(#8053,#8054,#8060,#8061));
#8053 = ORIENTED_EDGE('',*,*,#241,.T.);
#8054 = ORIENTED_EDGE('',*,*,#8055,.F.);
#8055 = EDGE_CURVE('',#7883,#234,#8056,.T.);
#8056 = LINE('',#8057,#8058);
#8057 = CARTESIAN_POINT('',(0.563517290784,0.951,-0.23720371447));
#8058 = VECTOR('',#8059,1.);
#8059 = DIRECTION('',(0.,-1.,0.));
#8060 = ORIENTED_EDGE('',*,*,#7882,.F.);
#8061 = ORIENTED_EDGE('',*,*,#8038,.T.);
#8062 = PLANE('',#8063);
#8063 = AXIS2_PLACEMENT_3D('',#8064,#8065,#8066);
#8064 = CARTESIAN_POINT('',(0.563517290784,0.951,-0.23720371447));
#8065 = DIRECTION('',(-7.092178509005E-03,0.,0.999974850186));
#8066 = DIRECTION('',(0.999974850186,0.,7.092178509005E-03));
#8067 = ADVANCED_FACE('',(#8068),#8079,.F.);
#8068 = FACE_BOUND('',#8069,.T.);
#8069 = EDGE_LOOP('',(#8070,#8071,#8077,#8078));
#8070 = ORIENTED_EDGE('',*,*,#233,.T.);
#8071 = ORIENTED_EDGE('',*,*,#8072,.F.);
#8072 = EDGE_CURVE('',#7891,#226,#8073,.T.);
#8073 = LINE('',#8074,#8075);
#8074 = CARTESIAN_POINT('',(0.557412851248,0.951,-0.253935543604));
#8075 = VECTOR('',#8076,1.);
#8076 = DIRECTION('',(0.,-1.,0.));
#8077 = ORIENTED_EDGE('',*,*,#7890,.F.);
#8078 = ORIENTED_EDGE('',*,*,#8055,.T.);
#8079 = PLANE('',#8080);
#8080 = AXIS2_PLACEMENT_3D('',#8081,#8082,#8083);
#8081 = CARTESIAN_POINT('',(0.557412851248,0.951,-0.253935543604));
#8082 = DIRECTION('',(-0.939429756299,0.,0.342741495853));
#8083 = DIRECTION('',(0.342741495853,0.,0.939429756299));
#8084 = ADVANCED_FACE('',(#8085),#8091,.F.);
#8085 = FACE_BOUND('',#8086,.T.);
#8086 = EDGE_LOOP('',(#8087,#8088,#8089,#8090));
#8087 = ORIENTED_EDGE('',*,*,#225,.T.);
#8088 = ORIENTED_EDGE('',*,*,#7972,.F.);
#8089 = ORIENTED_EDGE('',*,*,#7898,.F.);
#8090 = ORIENTED_EDGE('',*,*,#8072,.T.);
#8091 = PLANE('',#8092);
#8092 = AXIS2_PLACEMENT_3D('',#8093,#8094,#8095);
#8093 = CARTESIAN_POINT('',(0.548710296362,0.951,-0.253997265229));
#8094 = DIRECTION('',(-7.092178509005E-03,0.,0.999974850186));
#8095 = DIRECTION('',(0.999974850186,0.,7.092178509005E-03));
#8096 = ADVANCED_FACE('',(#8097),#8122,.T.);
#8097 = FACE_BOUND('',#8098,.T.);
#8098 = EDGE_LOOP('',(#8099,#8109,#8115,#8116));
#8099 = ORIENTED_EDGE('',*,*,#8100,.F.);
#8100 = EDGE_CURVE('',#8101,#8103,#8105,.T.);
#8101 = VERTEX_POINT('',#8102);
#8102 = CARTESIAN_POINT('',(0.586378889655,0.95,-0.23014780349));
#8103 = VERTEX_POINT('',#8104);
#8104 = CARTESIAN_POINT('',(0.565901372511,0.95,-0.23029303735));
#8105 = LINE('',#8106,#8107);
#8106 = CARTESIAN_POINT('',(0.586378889655,0.95,-0.23014780349));
#8107 = VECTOR('',#8108,1.);
#8108 = DIRECTION('',(-0.999974850186,0.,-7.092178509005E-03));
#8109 = ORIENTED_EDGE('',*,*,#8110,.F.);
#8110 = EDGE_CURVE('',#7907,#8101,#8111,.T.);
#8111 = LINE('',#8112,#8113);
#8112 = CARTESIAN_POINT('',(0.586378889655,0.951,-0.23014780349));
#8113 = VECTOR('',#8114,1.);
#8114 = DIRECTION('',(0.,-1.,0.));
#8115 = ORIENTED_EDGE('',*,*,#7906,.T.);
#8116 = ORIENTED_EDGE('',*,*,#8117,.T.);
#8117 = EDGE_CURVE('',#7909,#8103,#8118,.T.);
#8118 = LINE('',#8119,#8120);
#8119 = CARTESIAN_POINT('',(0.565901372511,0.951,-0.23029303735));
#8120 = VECTOR('',#8121,1.);
#8121 = DIRECTION('',(0.,-1.,0.));
#8122 = PLANE('',#8123);
#8123 = AXIS2_PLACEMENT_3D('',#8124,#8125,#8126);
#8124 = CARTESIAN_POINT('',(0.586378889655,0.951,-0.23014780349));
#8125 = DIRECTION('',(-7.092178509005E-03,0.,0.999974850186));
#8126 = DIRECTION('',(0.999974850186,0.,7.092178509005E-03));
#8127 = ADVANCED_FACE('',(#8128),#8146,.T.);
#8128 = FACE_BOUND('',#8129,.T.);
#8129 = EDGE_LOOP('',(#8130,#8138,#8139,#8140));
#8130 = ORIENTED_EDGE('',*,*,#8131,.F.);
#8131 = EDGE_CURVE('',#8103,#8132,#8134,.T.);
#8132 = VERTEX_POINT('',#8133);
#8133 = CARTESIAN_POINT('',(0.574938739135,0.95,-0.204868607733));
#8134 = LINE('',#8135,#8136);
#8135 = CARTESIAN_POINT('',(0.565901372511,0.95,-0.23029303735));
#8136 = VECTOR('',#8137,1.);
#8137 = DIRECTION('',(0.334929697701,0.,0.942243120218));
#8138 = ORIENTED_EDGE('',*,*,#8117,.F.);
#8139 = ORIENTED_EDGE('',*,*,#7950,.T.);
#8140 = ORIENTED_EDGE('',*,*,#8141,.T.);
#8141 = EDGE_CURVE('',#7942,#8132,#8142,.T.);
#8142 = LINE('',#8143,#8144);
#8143 = CARTESIAN_POINT('',(0.574938739135,0.951,-0.204868607733));
#8144 = VECTOR('',#8145,1.);
#8145 = DIRECTION('',(0.,-1.,0.));
#8146 = PLANE('',#8147);
#8147 = AXIS2_PLACEMENT_3D('',#8148,#8149,#8150);
#8148 = CARTESIAN_POINT('',(0.565901372511,0.951,-0.23029303735));
#8149 = DIRECTION('',(0.942243120218,0.,-0.334929697701));
#8150 = DIRECTION('',(-0.334929697701,0.,-0.942243120218));
#8151 = ADVANCED_FACE('',(#8152),#8171,.T.);
#8152 = FACE_BOUND('',#8153,.T.);
#8153 = EDGE_LOOP('',(#8154,#8163,#8164,#8165));
#8154 = ORIENTED_EDGE('',*,*,#8155,.F.);
#8155 = EDGE_CURVE('',#8132,#8156,#8158,.T.);
#8156 = VERTEX_POINT('',#8157);
#8157 = CARTESIAN_POINT('',(0.57585978595,0.95,-0.200588562827));
#8158 = B_SPLINE_CURVE_WITH_KNOTS('',3,(#8159,#8160,#8161,#8162),
  .UNSPECIFIED.,.F.,.F.,(4,4),(1.,2.),.PIECEWISE_BEZIER_KNOTS.);
#8159 = CARTESIAN_POINT('',(0.574938739135,0.95,-0.204868607733));
#8160 = CARTESIAN_POINT('',(0.575229089627,0.949999999999,-0.20402432337
    ));
#8161 = CARTESIAN_POINT('',(0.575531054057,0.949999999999,
    -0.202618473241));
#8162 = CARTESIAN_POINT('',(0.57585978595,0.95,-0.200588562827));
#8163 = ORIENTED_EDGE('',*,*,#8141,.F.);
#8164 = ORIENTED_EDGE('',*,*,#7941,.T.);
#8165 = ORIENTED_EDGE('',*,*,#8166,.T.);
#8166 = EDGE_CURVE('',#7934,#8156,#8167,.T.);
#8167 = LINE('',#8168,#8169);
#8168 = CARTESIAN_POINT('',(0.57585978595,0.951,-0.200588562827));
#8169 = VECTOR('',#8170,1.);
#8170 = DIRECTION('',(0.,-1.,0.));
#8171 = B_SPLINE_SURFACE_WITH_KNOTS('',3,1,(
    (#8172,#8173)
    ,(#8174,#8175)
    ,(#8176,#8177)
    ,(#8178,#8179
    )),.UNSPECIFIED.,.F.,.F.,.F.,(4,4),(2,2),(1.,2.),(0.,1.),
  .PIECEWISE_BEZIER_KNOTS.);
#8172 = CARTESIAN_POINT('',(0.574938739135,0.951,-0.204868607733));
#8173 = CARTESIAN_POINT('',(0.574938739135,0.95,-0.204868607733));
#8174 = CARTESIAN_POINT('',(0.575229089627,0.951,-0.20402432337));
#8175 = CARTESIAN_POINT('',(0.575229089627,0.95,-0.20402432337));
#8176 = CARTESIAN_POINT('',(0.575531054057,0.951,-0.202618473241));
#8177 = CARTESIAN_POINT('',(0.575531054057,0.95,-0.202618473241));
#8178 = CARTESIAN_POINT('',(0.57585978595,0.951,-0.200588562827));
#8179 = CARTESIAN_POINT('',(0.57585978595,0.95,-0.200588562827));
#8180 = ADVANCED_FACE('',(#8181),#8199,.T.);
#8181 = FACE_BOUND('',#8182,.T.);
#8182 = EDGE_LOOP('',(#8183,#8191,#8192,#8193));
#8183 = ORIENTED_EDGE('',*,*,#8184,.F.);
#8184 = EDGE_CURVE('',#8156,#8185,#8187,.T.);
#8185 = VERTEX_POINT('',#8186);
#8186 = CARTESIAN_POINT('',(0.576046937668,0.95,-0.20058723548));
#8187 = LINE('',#8188,#8189);
#8188 = CARTESIAN_POINT('',(0.57585978595,0.95,-0.200588562827));
#8189 = VECTOR('',#8190,1.);
#8190 = DIRECTION('',(0.999974850186,0.,7.092178509005E-03));
#8191 = ORIENTED_EDGE('',*,*,#8166,.F.);
#8192 = ORIENTED_EDGE('',*,*,#7933,.T.);
#8193 = ORIENTED_EDGE('',*,*,#8194,.T.);
#8194 = EDGE_CURVE('',#7925,#8185,#8195,.T.);
#8195 = LINE('',#8196,#8197);
#8196 = CARTESIAN_POINT('',(0.576046937668,0.951,-0.20058723548));
#8197 = VECTOR('',#8198,1.);
#8198 = DIRECTION('',(0.,-1.,0.));
#8199 = PLANE('',#8200);
#8200 = AXIS2_PLACEMENT_3D('',#8201,#8202,#8203);
#8201 = CARTESIAN_POINT('',(0.57585978595,0.951,-0.200588562827));
#8202 = DIRECTION('',(7.092178509005E-03,0.,-0.999974850186));
#8203 = DIRECTION('',(-0.999974850186,0.,-7.092178509005E-03));
#8204 = ADVANCED_FACE('',(#8205),#8224,.T.);
#8205 = FACE_BOUND('',#8206,.T.);
#8206 = EDGE_LOOP('',(#8207,#8216,#8217,#8218));
#8207 = ORIENTED_EDGE('',*,*,#8208,.F.);
#8208 = EDGE_CURVE('',#8185,#8209,#8211,.T.);
#8209 = VERTEX_POINT('',#8210);
#8210 = CARTESIAN_POINT('',(0.577075387915,0.949999999999,
    -0.204853453858));
#8211 = B_SPLINE_CURVE_WITH_KNOTS('',3,(#8212,#8213,#8214,#8215),
  .UNSPECIFIED.,.F.,.F.,(4,4),(3.,4.),.PIECEWISE_BEZIER_KNOTS.);
#8212 = CARTESIAN_POINT('',(0.576046937668,0.95,-0.20058723548));
#8213 = CARTESIAN_POINT('',(0.576356313465,0.949999999999,
    -0.202425459075));
#8214 = CARTESIAN_POINT('',(0.576694005296,0.949999999999,
    -0.203857966056));
#8215 = CARTESIAN_POINT('',(0.577075387915,0.949999999999,
    -0.204853453858));
#8216 = ORIENTED_EDGE('',*,*,#8194,.F.);
#8217 = ORIENTED_EDGE('',*,*,#7924,.T.);
#8218 = ORIENTED_EDGE('',*,*,#8219,.T.);
#8219 = EDGE_CURVE('',#7917,#8209,#8220,.T.);
#8220 = LINE('',#8221,#8222);
#8221 = CARTESIAN_POINT('',(0.577075387915,0.951,-0.204853453858));
#8222 = VECTOR('',#8223,1.);
#8223 = DIRECTION('',(0.,-1.,0.));
#8224 = B_SPLINE_SURFACE_WITH_KNOTS('',3,1,(
    (#8225,#8226)
    ,(#8227,#8228)
    ,(#8229,#8230)
    ,(#8231,#8232
    )),.UNSPECIFIED.,.F.,.F.,.F.,(4,4),(2,2),(3.,4.),(0.,1.),
  .PIECEWISE_BEZIER_KNOTS.);
#8225 = CARTESIAN_POINT('',(0.576046937668,0.951,-0.20058723548));
#8226 = CARTESIAN_POINT('',(0.576046937668,0.95,-0.20058723548));
#8227 = CARTESIAN_POINT('',(0.576356313465,0.951,-0.202425459075));
#8228 = CARTESIAN_POINT('',(0.576356313465,0.95,-0.202425459075));
#8229 = CARTESIAN_POINT('',(0.576694005296,0.951,-0.203857966056));
#8230 = CARTESIAN_POINT('',(0.576694005296,0.95,-0.203857966056));
#8231 = CARTESIAN_POINT('',(0.577075387915,0.951,-0.204853453858));
#8232 = CARTESIAN_POINT('',(0.577075387915,0.95,-0.204853453858));
#8233 = ADVANCED_FACE('',(#8234),#8245,.T.);
#8234 = FACE_BOUND('',#8235,.T.);
#8235 = EDGE_LOOP('',(#8236,#8242,#8243,#8244));
#8236 = ORIENTED_EDGE('',*,*,#8237,.F.);
#8237 = EDGE_CURVE('',#8209,#8101,#8238,.T.);
#8238 = LINE('',#8239,#8240);
#8239 = CARTESIAN_POINT('',(0.577075387915,0.95,-0.204853453858));
#8240 = VECTOR('',#8241,1.);
#8241 = DIRECTION('',(0.345199932434,0.,-0.938529171975));
#8242 = ORIENTED_EDGE('',*,*,#8219,.F.);
#8243 = ORIENTED_EDGE('',*,*,#7916,.T.);
#8244 = ORIENTED_EDGE('',*,*,#8110,.T.);
#8245 = PLANE('',#8246);
#8246 = AXIS2_PLACEMENT_3D('',#8247,#8248,#8249);
#8247 = CARTESIAN_POINT('',(0.577075387915,0.951,-0.204853453858));
#8248 = DIRECTION('',(-0.938529171975,0.,-0.345199932434));
#8249 = DIRECTION('',(-0.345199932434,0.,0.938529171975));
#8250 = ADVANCED_FACE('',(#8251),#8259,.T.);
#8251 = FACE_BOUND('',#8252,.T.);
#8252 = EDGE_LOOP('',(#8253,#8254,#8255,#8256,#8257,#8258));
#8253 = ORIENTED_EDGE('',*,*,#8100,.T.);
#8254 = ORIENTED_EDGE('',*,*,#8131,.T.);
#8255 = ORIENTED_EDGE('',*,*,#8155,.T.);
#8256 = ORIENTED_EDGE('',*,*,#8184,.T.);
#8257 = ORIENTED_EDGE('',*,*,#8208,.T.);
#8258 = ORIENTED_EDGE('',*,*,#8237,.T.);
#8259 = PLANE('',#8260);
#8260 = AXIS2_PLACEMENT_3D('',#8261,#8262,#8263);
#8261 = CARTESIAN_POINT('',(-1.4,0.95,-0.34));
#8262 = DIRECTION('',(0.,1.,0.));
#8263 = DIRECTION('',(0.,-0.,1.));
#8264 = ADVANCED_FACE('',(#8265,#8559),#8584,.F.);
#8265 = FACE_BOUND('',#8266,.T.);
#8266 = EDGE_LOOP('',(#8267,#8278,#8287,#8296,#8305,#8314,#8323,#8332,
    #8341,#8350,#8359,#8368,#8377,#8386,#8394,#8402,#8410,#8419,#8428,
    #8437,#8446,#8455,#8464,#8473,#8482,#8491,#8500,#8508,#8517,#8526,
    #8535,#8543,#8552));
#8267 = ORIENTED_EDGE('',*,*,#8268,.T.);
#8268 = EDGE_CURVE('',#8269,#8271,#8273,.T.);
#8269 = VERTEX_POINT('',#8270);
#8270 = CARTESIAN_POINT('',(0.919509801018,0.951,-0.190846042578));
#8271 = VERTEX_POINT('',#8272);
#8272 = CARTESIAN_POINT('',(0.962051500756,0.951,-0.133715611519));
#8273 = B_SPLINE_CURVE_WITH_KNOTS('',3,(#8274,#8275,#8276,#8277),
  .UNSPECIFIED.,.F.,.F.,(4,4),(35.,36.),.PIECEWISE_BEZIER_KNOTS.);
#8274 = CARTESIAN_POINT('',(0.919509801018,0.951,-0.190846042578));
#8275 = CARTESIAN_POINT('',(0.919758986173,0.951,-0.164815868136));
#8276 = CARTESIAN_POINT('',(0.937381133293,0.951,-0.141699106364));
#8277 = CARTESIAN_POINT('',(0.962051500756,0.951,-0.133715611519));
#8278 = ORIENTED_EDGE('',*,*,#8279,.T.);
#8279 = EDGE_CURVE('',#8271,#8280,#8282,.T.);
#8280 = VERTEX_POINT('',#8281);
#8281 = CARTESIAN_POINT('',(0.985232862181,0.951,-9.9280442771E-02));
#8282 = B_SPLINE_CURVE_WITH_KNOTS('',3,(#8283,#8284,#8285,#8286),
  .UNSPECIFIED.,.F.,.F.,(4,4),(0.,1.),.PIECEWISE_BEZIER_KNOTS.);
#8283 = CARTESIAN_POINT('',(0.962051500756,0.951,-0.133715611519));
#8284 = CARTESIAN_POINT('',(0.966730834999,0.951,-0.120668212171));
#8285 = CARTESIAN_POINT('',(0.974889694095,0.951,-0.108897556801));
#8286 = CARTESIAN_POINT('',(0.985232862181,0.951,-9.9280442771E-02));
#8287 = ORIENTED_EDGE('',*,*,#8288,.T.);
#8288 = EDGE_CURVE('',#8280,#8289,#8291,.T.);
#8289 = VERTEX_POINT('',#8290);
#8290 = CARTESIAN_POINT('',(1.044067667261,0.951,-7.6305196906E-02));
#8291 = B_SPLINE_CURVE_WITH_KNOTS('',3,(#8292,#8293,#8294,#8295),
  .UNSPECIFIED.,.F.,.F.,(4,4),(1.,2.),.PIECEWISE_BEZIER_KNOTS.);
#8292 = CARTESIAN_POINT('',(0.985232862181,0.951,-9.9280442771E-02));
#8293 = CARTESIAN_POINT('',(1.00161517156,0.951,-8.4848619218E-02));
#8294 = CARTESIAN_POINT('',(1.022378405197,0.951,-7.6459024893E-02));
#8295 = CARTESIAN_POINT('',(1.044067667261,0.951,-7.6305196906E-02));
#8296 = ORIENTED_EDGE('',*,*,#8297,.T.);
#8297 = EDGE_CURVE('',#8289,#8298,#8300,.T.);
#8298 = VERTEX_POINT('',#8299);
#8299 = CARTESIAN_POINT('',(1.096241882048,0.951,-9.2853634561E-02));
#8300 = B_SPLINE_CURVE_WITH_KNOTS('',3,(#8301,#8302,#8303,#8304),
  .UNSPECIFIED.,.F.,.F.,(4,4),(2.,3.),.PIECEWISE_BEZIER_KNOTS.);
#8301 = CARTESIAN_POINT('',(1.044067667261,0.951,-7.6305196906E-02));
#8302 = CARTESIAN_POINT('',(1.063154216223,0.951,-7.6169828289E-02));
#8303 = CARTESIAN_POINT('',(1.080982484606,0.951,-8.2116682602E-02));
#8304 = CARTESIAN_POINT('',(1.096241882048,0.951,-9.2853634561E-02));
#8305 = ORIENTED_EDGE('',*,*,#8306,.T.);
#8306 = EDGE_CURVE('',#8298,#8307,#8309,.T.);
#8307 = VERTEX_POINT('',#8308);
#8308 = CARTESIAN_POINT('',(1.115463799641,0.951,-0.111804816973));
#8309 = B_SPLINE_CURVE_WITH_KNOTS('',3,(#8310,#8311,#8312,#8313),
  .UNSPECIFIED.,.F.,.F.,(4,4),(3.,4.),.PIECEWISE_BEZIER_KNOTS.);
#8310 = CARTESIAN_POINT('',(1.096241882048,0.951,-9.2853634561E-02));
#8311 = CARTESIAN_POINT('',(1.103653153185,0.951,-9.8006757158E-02));
#8312 = CARTESIAN_POINT('',(1.109772293304,0.951,-0.104470463952));
#8313 = CARTESIAN_POINT('',(1.115463799641,0.951,-0.111804816973));
#8314 = ORIENTED_EDGE('',*,*,#8315,.T.);
#8315 = EDGE_CURVE('',#8307,#8316,#8318,.T.);
#8316 = VERTEX_POINT('',#8317);
#8317 = CARTESIAN_POINT('',(1.125434703767,0.951,-0.110866486468));
#8318 = B_SPLINE_CURVE_WITH_KNOTS('',3,(#8319,#8320,#8321,#8322),
  .UNSPECIFIED.,.F.,.F.,(4,4),(4.,5.),.PIECEWISE_BEZIER_KNOTS.);
#8319 = CARTESIAN_POINT('',(1.115463799641,0.951,-0.111804816973));
#8320 = CARTESIAN_POINT('',(1.11893100169,0.951,-0.111346417623));
#8321 = CARTESIAN_POINT('',(1.121964425146,0.951,-0.110891098922));
#8322 = CARTESIAN_POINT('',(1.125434703767,0.951,-0.110866486468));
#8323 = ORIENTED_EDGE('',*,*,#8324,.T.);
#8324 = EDGE_CURVE('',#8316,#8325,#8327,.T.);
#8325 = VERTEX_POINT('',#8326);
#8326 = CARTESIAN_POINT('',(1.175467681387,0.951,-0.131334374506));
#8327 = B_SPLINE_CURVE_WITH_KNOTS('',3,(#8328,#8329,#8330,#8331),
  .UNSPECIFIED.,.F.,.F.,(4,4),(5.,6.),.PIECEWISE_BEZIER_KNOTS.);
#8328 = CARTESIAN_POINT('',(1.125434703767,0.951,-0.110866486468));
#8329 = CARTESIAN_POINT('',(1.144087469969,0.951,-0.110734194393));
#8330 = CARTESIAN_POINT('',(1.161924963889,0.951,-0.117982403735));
#8331 = CARTESIAN_POINT('',(1.175467681387,0.951,-0.131334374506));
#8332 = ORIENTED_EDGE('',*,*,#8333,.T.);
#8333 = EDGE_CURVE('',#8325,#8334,#8336,.T.);
#8334 = VERTEX_POINT('',#8335);
#8335 = CARTESIAN_POINT('',(1.19620632708,0.951,-0.18064128783));
#8336 = B_SPLINE_CURVE_WITH_KNOTS('',3,(#8337,#8338,#8339,#8340),
  .UNSPECIFIED.,.F.,.F.,(4,4),(6.,7.),.PIECEWISE_BEZIER_KNOTS.);
#8337 = CARTESIAN_POINT('',(1.175467681387,0.951,-0.131334374506));
#8338 = CARTESIAN_POINT('',(1.188573546765,0.951,-0.144255630735));
#8339 = CARTESIAN_POINT('',(1.196074035035,0.951,-0.161988525765));
#8340 = CARTESIAN_POINT('',(1.19620632708,0.951,-0.18064128783));
#8341 = ORIENTED_EDGE('',*,*,#8342,.T.);
#8342 = EDGE_CURVE('',#8334,#8343,#8345,.T.);
#8343 = VERTEX_POINT('',#8344);
#8344 = CARTESIAN_POINT('',(1.178322692715,0.951,-0.228053084705));
#8345 = B_SPLINE_CURVE_WITH_KNOTS('',3,(#8346,#8347,#8348,#8349),
  .UNSPECIFIED.,.F.,.F.,(4,4),(7.,8.),.PIECEWISE_BEZIER_KNOTS.);
#8346 = CARTESIAN_POINT('',(1.19620632708,0.951,-0.18064128783));
#8347 = CARTESIAN_POINT('',(1.19632938947,0.951,-0.197992697482));
#8348 = CARTESIAN_POINT('',(1.189942596728,0.951,-0.214956476907));
#8349 = CARTESIAN_POINT('',(1.178322692715,0.951,-0.228053084705));
#8350 = ORIENTED_EDGE('',*,*,#8351,.T.);
#8351 = EDGE_CURVE('',#8343,#8352,#8354,.T.);
#8352 = VERTEX_POINT('',#8353);
#8353 = CARTESIAN_POINT('',(1.143767548257,0.951,-0.249120897756));
#8354 = B_SPLINE_CURVE_WITH_KNOTS('',3,(#8355,#8356,#8357,#8358),
  .UNSPECIFIED.,.F.,.F.,(4,4),(8.,9.),.PIECEWISE_BEZIER_KNOTS.);
#8355 = CARTESIAN_POINT('',(1.178322692715,0.951,-0.228053084705));
#8356 = CARTESIAN_POINT('',(1.168853255715,0.951,-0.238531621423));
#8357 = CARTESIAN_POINT('',(1.1571902758,0.951,-0.245555245801));
#8358 = CARTESIAN_POINT('',(1.143767548257,0.951,-0.249120897756));
#8359 = ORIENTED_EDGE('',*,*,#8360,.T.);
#8360 = EDGE_CURVE('',#8352,#8361,#8363,.T.);
#8361 = VERTEX_POINT('',#8362);
#8362 = CARTESIAN_POINT('',(1.102767152238,0.951,-0.278910564058));
#8363 = B_SPLINE_CURVE_WITH_KNOTS('',3,(#8364,#8365,#8366,#8367),
  .UNSPECIFIED.,.F.,.F.,(4,4),(9.,10.),.PIECEWISE_BEZIER_KNOTS.);
#8364 = CARTESIAN_POINT('',(1.143767548257,0.951,-0.249120897756));
#8365 = CARTESIAN_POINT('',(1.138251401683,0.951,-0.26651230269));
#8366 = CARTESIAN_POINT('',(1.121853709473,0.951,-0.278775195383));
#8367 = CARTESIAN_POINT('',(1.102767152238,0.951,-0.278910564058));
#8368 = ORIENTED_EDGE('',*,*,#8369,.T.);
#8369 = EDGE_CURVE('',#8361,#8370,#8372,.T.);
#8370 = VERTEX_POINT('',#8371);
#8371 = CARTESIAN_POINT('',(1.059080972135,0.951,-0.235839695905));
#8372 = B_SPLINE_CURVE_WITH_KNOTS('',3,(#8373,#8374,#8375,#8376),
  .UNSPECIFIED.,.F.,.F.,(4,4),(10.,11.),.PIECEWISE_BEZIER_KNOTS.);
#8373 = CARTESIAN_POINT('',(1.102767152238,0.951,-0.278910564058));
#8374 = CARTESIAN_POINT('',(1.078908963967,0.951,-0.279079774844));
#8375 = CARTESIAN_POINT('',(1.059250182921,0.951,-0.259697884175));
#8376 = CARTESIAN_POINT('',(1.059080972135,0.951,-0.235839695905));
#8377 = ORIENTED_EDGE('',*,*,#8378,.T.);
#8378 = EDGE_CURVE('',#8370,#8379,#8381,.T.);
#8379 = VERTEX_POINT('',#8380);
#8380 = CARTESIAN_POINT('',(1.059050206538,0.951,-0.231501843491));
#8381 = B_SPLINE_CURVE_WITH_KNOTS('',3,(#8382,#8383,#8384,#8385),
  .UNSPECIFIED.,.F.,.F.,(4,4),(11.,12.),.PIECEWISE_BEZIER_KNOTS.);
#8382 = CARTESIAN_POINT('',(1.059080972135,0.951,-0.235839695905));
#8383 = CARTESIAN_POINT('',(1.05907174248,0.951,-0.23453834349));
#8384 = CARTESIAN_POINT('',(1.059062512824,0.951,-0.233236991076));
#8385 = CARTESIAN_POINT('',(1.059050206538,0.951,-0.231501843491));
#8386 = ORIENTED_EDGE('',*,*,#8387,.T.);
#8387 = EDGE_CURVE('',#8379,#8388,#8390,.T.);
#8388 = VERTEX_POINT('',#8389);
#8389 = CARTESIAN_POINT('',(0.99809260735,0.951,-0.199832455655));
#8390 = LINE('',#8391,#8392);
#8391 = CARTESIAN_POINT('',(1.059050206538,0.951,-0.231501843491));
#8392 = VECTOR('',#8393,1.);
#8393 = DIRECTION('',(-0.887386942263,0.,0.461025394855));
#8394 = ORIENTED_EDGE('',*,*,#8395,.T.);
#8395 = EDGE_CURVE('',#8388,#8396,#8398,.T.);
#8396 = VERTEX_POINT('',#8397);
#8397 = CARTESIAN_POINT('',(1.011376885509,0.951,-0.176746459598));
#8398 = LINE('',#8399,#8400);
#8399 = CARTESIAN_POINT('',(0.99809260735,0.951,-0.199832455655));
#8400 = VECTOR('',#8401,1.);
#8401 = DIRECTION('',(0.498748469261,0.,0.866746770637));
#8402 = ORIENTED_EDGE('',*,*,#8403,.T.);
#8403 = EDGE_CURVE('',#8396,#8404,#8406,.T.);
#8404 = VERTEX_POINT('',#8405);
#8405 = CARTESIAN_POINT('',(1.069719465368,0.951,-0.206699167494));
#8406 = LINE('',#8407,#8408);
#8407 = CARTESIAN_POINT('',(1.011376885509,0.951,-0.176746459598));
#8408 = VECTOR('',#8409,1.);
#8409 = DIRECTION('',(0.88961035806,0.,-0.456720276353));
#8410 = ORIENTED_EDGE('',*,*,#8411,.T.);
#8411 = EDGE_CURVE('',#8404,#8412,#8414,.T.);
#8412 = VERTEX_POINT('',#8413);
#8413 = CARTESIAN_POINT('',(1.102148755444,0.951,-0.191719728965));
#8414 = B_SPLINE_CURVE_WITH_KNOTS('',3,(#8415,#8416,#8417,#8418),
  .UNSPECIFIED.,.F.,.F.,(4,4),(15.,16.),.PIECEWISE_BEZIER_KNOTS.);
#8415 = CARTESIAN_POINT('',(1.069719465368,0.951,-0.206699167494));
#8416 = CARTESIAN_POINT('',(1.077462988635,0.951,-0.197534297721));
#8417 = CARTESIAN_POINT('',(1.089135198206,0.951,-0.191812025757));
#8418 = CARTESIAN_POINT('',(1.102148755444,0.951,-0.191719728965));
#8419 = ORIENTED_EDGE('',*,*,#8420,.T.);
#8420 = EDGE_CURVE('',#8412,#8421,#8423,.T.);
#8421 = VERTEX_POINT('',#8422);
#8422 = CARTESIAN_POINT('',(1.143127619424,0.951,-0.22006035994));
#8423 = B_SPLINE_CURVE_WITH_KNOTS('',3,(#8424,#8425,#8426,#8427),
  .UNSPECIFIED.,.F.,.F.,(4,4),(16.,17.),.PIECEWISE_BEZIER_KNOTS.);
#8424 = CARTESIAN_POINT('',(1.102148755444,0.951,-0.191719728965));
#8425 = CARTESIAN_POINT('',(1.120801525783,0.951,-0.191587436861));
#8426 = CARTESIAN_POINT('',(1.136937718396,0.951,-0.203619587632));
#8427 = CARTESIAN_POINT('',(1.143127619424,0.951,-0.22006035994));
#8428 = ORIENTED_EDGE('',*,*,#8429,.T.);
#8429 = EDGE_CURVE('',#8421,#8430,#8432,.T.);
#8430 = VERTEX_POINT('',#8431);
#8431 = CARTESIAN_POINT('',(1.168871690381,0.951,-0.179967520849));
#8432 = B_SPLINE_CURVE_WITH_KNOTS('',3,(#8433,#8434,#8435,#8436),
  .UNSPECIFIED.,.F.,.F.,(4,4),(17.,18.),.PIECEWISE_BEZIER_KNOTS.);
#8433 = CARTESIAN_POINT('',(1.143127619424,0.951,-0.22006035994));
#8434 = CARTESIAN_POINT('',(1.158260877901,0.951,-0.213012114834));
#8435 = CARTESIAN_POINT('',(1.168997829342,0.951,-0.197752717396));
#8436 = CARTESIAN_POINT('',(1.168871690381,0.951,-0.179967520849));
#8437 = ORIENTED_EDGE('',*,*,#8438,.T.);
#8438 = EDGE_CURVE('',#8430,#8439,#8441,.T.);
#8439 = VERTEX_POINT('',#8440);
#8440 = CARTESIAN_POINT('',(1.125185510279,0.951,-0.136896652695));
#8441 = B_SPLINE_CURVE_WITH_KNOTS('',3,(#8442,#8443,#8444,#8445),
  .UNSPECIFIED.,.F.,.F.,(4,4),(18.,19.),.PIECEWISE_BEZIER_KNOTS.);
#8442 = CARTESIAN_POINT('',(1.168871690381,0.951,-0.179967520849));
#8443 = CARTESIAN_POINT('',(1.168702479596,0.951,-0.156109332578));
#8444 = CARTESIAN_POINT('',(1.14904369855,0.951,-0.136727441909));
#8445 = CARTESIAN_POINT('',(1.125185510279,0.951,-0.136896652695));
#8446 = ORIENTED_EDGE('',*,*,#8447,.T.);
#8447 = EDGE_CURVE('',#8439,#8448,#8450,.T.);
#8448 = VERTEX_POINT('',#8449);
#8449 = CARTESIAN_POINT('',(1.102241044197,0.951,-0.143566488957));
#8450 = B_SPLINE_CURVE_WITH_KNOTS('',3,(#8451,#8452,#8453,#8454),
  .UNSPECIFIED.,.F.,.F.,(4,4),(19.,20.),.PIECEWISE_BEZIER_KNOTS.);
#8451 = CARTESIAN_POINT('',(1.125185510279,0.951,-0.136896652695));
#8452 = CARTESIAN_POINT('',(1.11694359235,0.951,-0.136955107318));
#8453 = CARTESIAN_POINT('',(1.10872013379,0.951,-0.139616275044));
#8454 = CARTESIAN_POINT('',(1.102241044197,0.951,-0.143566488957));
#8455 = ORIENTED_EDGE('',*,*,#8456,.T.);
#8456 = EDGE_CURVE('',#8448,#8457,#8459,.T.);
#8457 = VERTEX_POINT('',#8458);
#8458 = CARTESIAN_POINT('',(1.043818482223,0.951,-0.102335387895));
#8459 = B_SPLINE_CURVE_WITH_KNOTS('',3,(#8460,#8461,#8462,#8463),
  .UNSPECIFIED.,.F.,.F.,(4,4),(20.,21.),.PIECEWISE_BEZIER_KNOTS.);
#8460 = CARTESIAN_POINT('',(1.102241044197,0.951,-0.143566488957));
#8461 = CARTESIAN_POINT('',(1.09382684736,0.951,-0.119332993176));
#8462 = CARTESIAN_POINT('',(1.071146949115,0.951,-0.102141564655));
#8463 = CARTESIAN_POINT('',(1.043818482223,0.951,-0.102335387895));
#8464 = ORIENTED_EDGE('',*,*,#8465,.T.);
#8465 = EDGE_CURVE('',#8457,#8466,#8468,.T.);
#8466 = VERTEX_POINT('',#8467);
#8467 = CARTESIAN_POINT('',(0.983473118412,0.951,-0.156989261419));
#8468 = B_SPLINE_CURVE_WITH_KNOTS('',3,(#8469,#8470,#8471,#8472),
  .UNSPECIFIED.,.F.,.F.,(4,4),(21.,22.),.PIECEWISE_BEZIER_KNOTS.);
#8469 = CARTESIAN_POINT('',(1.043818482223,0.951,-0.102335387895));
#8470 = CARTESIAN_POINT('',(1.012585941542,0.951,-0.10255690022));
#8471 = CARTESIAN_POINT('',(0.986728037851,0.951,-0.126599682075));
#8472 = CARTESIAN_POINT('',(0.983473118412,0.951,-0.156989261419));
#8473 = ORIENTED_EDGE('',*,*,#8474,.T.);
#8474 = EDGE_CURVE('',#8466,#8475,#8477,.T.);
#8475 = VERTEX_POINT('',#8476);
#8476 = CARTESIAN_POINT('',(0.980002839791,0.951,-0.157013873874));
#8477 = B_SPLINE_CURVE_WITH_KNOTS('',3,(#8478,#8479,#8480,#8481),
  .UNSPECIFIED.,.F.,.F.,(4,4),(22.,23.),.PIECEWISE_BEZIER_KNOTS.);
#8478 = CARTESIAN_POINT('',(0.983473118412,0.951,-0.156989261419));
#8479 = CARTESIAN_POINT('',(0.982171765998,0.951,-0.156998491075));
#8480 = CARTESIAN_POINT('',(0.981304192206,0.951,-0.157004644218));
#8481 = CARTESIAN_POINT('',(0.980002839791,0.951,-0.157013873874));
#8482 = ORIENTED_EDGE('',*,*,#8483,.T.);
#8483 = EDGE_CURVE('',#8475,#8484,#8486,.T.);
#8484 = VERTEX_POINT('',#8485);
#8485 = CARTESIAN_POINT('',(0.946407565917,0.951,-0.19108909102));
#8486 = B_SPLINE_CURVE_WITH_KNOTS('',3,(#8487,#8488,#8489,#8490),
  .UNSPECIFIED.,.F.,.F.,(4,4),(23.,24.),.PIECEWISE_BEZIER_KNOTS.);
#8487 = CARTESIAN_POINT('',(0.980002839791,0.951,-0.157013873874));
#8488 = CARTESIAN_POINT('',(0.961350077726,0.951,-0.157146165919));
#8489 = CARTESIAN_POINT('',(0.946275273872,0.951,-0.172436328955));
#8490 = CARTESIAN_POINT('',(0.946407565917,0.951,-0.19108909102));
#8491 = ORIENTED_EDGE('',*,*,#8492,.T.);
#8492 = EDGE_CURVE('',#8484,#8493,#8495,.T.);
#8493 = VERTEX_POINT('',#8494);
#8494 = CARTESIAN_POINT('',(0.977880078235,0.951,-0.224702824205));
#8495 = B_SPLINE_CURVE_WITH_KNOTS('',3,(#8496,#8497,#8498,#8499),
  .UNSPECIFIED.,.F.,.F.,(4,4),(24.,25.),.PIECEWISE_BEZIER_KNOTS.);
#8496 = CARTESIAN_POINT('',(0.946407565917,0.951,-0.19108909102));
#8497 = CARTESIAN_POINT('',(0.946533704878,0.951,-0.208874287567));
#8498 = CARTESIAN_POINT('',(0.960085643759,0.951,-0.223527610811));
#8499 = CARTESIAN_POINT('',(0.977880078235,0.951,-0.224702824205));
#8500 = ORIENTED_EDGE('',*,*,#8501,.T.);
#8501 = EDGE_CURVE('',#8493,#8502,#8504,.T.);
#8502 = VERTEX_POINT('',#8503);
#8503 = CARTESIAN_POINT('',(0.997400414093,0.951,-0.224564379017));
#8504 = LINE('',#8505,#8506);
#8505 = CARTESIAN_POINT('',(0.977880078235,0.951,-0.224702824205));
#8506 = VECTOR('',#8507,1.);
#8507 = DIRECTION('',(0.999974850186,0.,7.092178509005E-03));
#8508 = ORIENTED_EDGE('',*,*,#8509,.T.);
#8509 = EDGE_CURVE('',#8502,#8510,#8512,.T.);
#8510 = VERTEX_POINT('',#8511);
#8511 = CARTESIAN_POINT('',(1.000000042409,0.951,-0.224112141083));
#8512 = B_SPLINE_CURVE_WITH_KNOTS('',3,(#8513,#8514,#8515,#8516),
  .UNSPECIFIED.,.F.,.F.,(4,4),(26.,27.),.PIECEWISE_BEZIER_KNOTS.);
#8513 = CARTESIAN_POINT('',(0.997400414093,0.951,-0.224564379017));
#8514 = CARTESIAN_POINT('',(0.998267987885,0.951,-0.224558225874));
#8515 = CARTESIAN_POINT('',(0.999132485164,0.951,-0.224118294109));
#8516 = CARTESIAN_POINT('',(1.000000042409,0.951,-0.224112141083));
#8517 = ORIENTED_EDGE('',*,*,#8518,.T.);
#8518 = EDGE_CURVE('',#8510,#8519,#8521,.T.);
#8519 = VERTEX_POINT('',#8520);
#8520 = CARTESIAN_POINT('',(1.013542751574,0.951,-0.237464103639));
#8521 = B_SPLINE_CURVE_WITH_KNOTS('',3,(#8522,#8523,#8524,#8525),
  .UNSPECIFIED.,.F.,.F.,(4,4),(27.,28.),.PIECEWISE_BEZIER_KNOTS.);
#8522 = CARTESIAN_POINT('',(1.000000042409,0.951,-0.224112141083));
#8523 = CARTESIAN_POINT('',(1.00737439482,0.951,-0.224059839544));
#8524 = CARTESIAN_POINT('',(1.013490450152,0.951,-0.230089767775));
#8525 = CARTESIAN_POINT('',(1.013542751574,0.951,-0.237464103639));
#8526 = ORIENTED_EDGE('',*,*,#8527,.T.);
#8527 = EDGE_CURVE('',#8519,#8528,#8530,.T.);
#8528 = VERTEX_POINT('',#8529);
#8529 = CARTESIAN_POINT('',(1.001058346263,0.951,-0.251000659779));
#8530 = B_SPLINE_CURVE_WITH_KNOTS('',3,(#8531,#8532,#8533,#8534),
  .UNSPECIFIED.,.F.,.F.,(4,4),(28.,29.),.PIECEWISE_BEZIER_KNOTS.);
#8531 = CARTESIAN_POINT('',(1.013542751574,0.951,-0.237464103639));
#8532 = CARTESIAN_POINT('',(1.013591976483,0.951,-0.24440466088));
#8533 = CARTESIAN_POINT('',(1.007995843539,0.951,-0.250517656131));
#8534 = CARTESIAN_POINT('',(1.001058346263,0.951,-0.251000659779));
#8535 = ORIENTED_EDGE('',*,*,#8536,.T.);
#8536 = EDGE_CURVE('',#8528,#8537,#8539,.T.);
#8537 = VERTEX_POINT('',#8538);
#8538 = CARTESIAN_POINT('',(0.975465026956,0.951,-0.251182176734));
#8539 = LINE('',#8540,#8541);
#8540 = CARTESIAN_POINT('',(1.001058346263,0.951,-0.251000659779));
#8541 = VECTOR('',#8542,1.);
#8542 = DIRECTION('',(-0.999974850186,0.,-7.092178509005E-03));
#8543 = ORIENTED_EDGE('',*,*,#8544,.T.);
#8544 = EDGE_CURVE('',#8537,#8545,#8547,.T.);
#8545 = VERTEX_POINT('',#8546);
#8546 = CARTESIAN_POINT('',(0.935852131431,0.951,-0.231941807765));
#8547 = B_SPLINE_CURVE_WITH_KNOTS('',3,(#8548,#8549,#8550,#8551),
  .UNSPECIFIED.,.F.,.F.,(4,4),(33.,34.),.PIECEWISE_BEZIER_KNOTS.);
#8548 = CARTESIAN_POINT('',(0.975465026956,0.951,-0.251182176734));
#8549 = CARTESIAN_POINT('',(0.960273313856,0.951,-0.24998850391));
#8550 = CARTESIAN_POINT('',(0.946342957799,0.951,-0.243146380056));
#8551 = CARTESIAN_POINT('',(0.935852131431,0.951,-0.231941807765));
#8552 = ORIENTED_EDGE('',*,*,#8553,.T.);
#8553 = EDGE_CURVE('',#8545,#8269,#8554,.T.);
#8554 = B_SPLINE_CURVE_WITH_KNOTS('',3,(#8555,#8556,#8557,#8558),
  .UNSPECIFIED.,.F.,.F.,(4,4),(34.,35.),.PIECEWISE_BEZIER_KNOTS.);
#8555 = CARTESIAN_POINT('',(0.935852131431,0.951,-0.231941807765));
#8556 = CARTESIAN_POINT('',(0.925361288514,0.951,-0.220737235592));
#8557 = CARTESIAN_POINT('',(0.919617480609,0.951,-0.206028526022));
#8558 = CARTESIAN_POINT('',(0.919509801018,0.951,-0.190846042578));
#8559 = FACE_BOUND('',#8560,.T.);
#8560 = EDGE_LOOP('',(#8561,#8575));
#8561 = ORIENTED_EDGE('',*,*,#8562,.F.);
#8562 = EDGE_CURVE('',#8563,#8565,#8567,.T.);
#8563 = VERTEX_POINT('',#8564);
#8564 = CARTESIAN_POINT('',(1.103016345784,0.951,-0.252880406105));
#8565 = VERTEX_POINT('',#8566);
#8566 = CARTESIAN_POINT('',(1.10277637403,0.951,-0.219045144047));
#8567 = B_SPLINE_CURVE_WITH_KNOTS('',3,(#8568,#8569,#8570,#8571,#8572,
    #8573,#8574),.UNSPECIFIED.,.F.,.F.,(4,3,4),(0.,1.,2.),
  .PIECEWISE_BEZIER_KNOTS.);
#8568 = CARTESIAN_POINT('',(1.103016345784,0.951,-0.252880406105));
#8569 = CARTESIAN_POINT('',(1.09347307544,0.951,-0.252948090384));
#8570 = CARTESIAN_POINT('',(1.08604334486,0.951,-0.245192244342));
#8571 = CARTESIAN_POINT('',(1.085978737152,0.951,-0.236082760894));
#8572 = CARTESIAN_POINT('',(1.085911052814,0.951,-0.226539482277));
#8573 = CARTESIAN_POINT('',(1.093666882309,0.951,-0.219109751814));
#8574 = CARTESIAN_POINT('',(1.10277637403,0.951,-0.219045144047));
#8575 = ORIENTED_EDGE('',*,*,#8576,.F.);
#8576 = EDGE_CURVE('',#8565,#8563,#8577,.T.);
#8577 = B_SPLINE_CURVE_WITH_KNOTS('',3,(#8578,#8579,#8580,#8581,#8582,
    #8583),.UNSPECIFIED.,.F.,.F.,(4,2,4),(2.,3.,4.),.UNSPECIFIED.);
#8578 = CARTESIAN_POINT('',(1.10277637403,0.951,-0.219045144047));
#8579 = CARTESIAN_POINT('',(1.111885865752,0.951,-0.218980536281));
#8580 = CARTESIAN_POINT('',(1.119746298324,0.951,-0.22629951064));
#8581 = CARTESIAN_POINT('',(1.119881667,0.951,-0.245386067876));
#8582 = CARTESIAN_POINT('',(1.112125837505,0.951,-0.252815798339));
#8583 = CARTESIAN_POINT('',(1.103016345784,0.951,-0.252880406105));
#8584 = PLANE('',#8585);
#8585 = AXIS2_PLACEMENT_3D('',#8586,#8587,#8588);
#8586 = CARTESIAN_POINT('',(0.931622707522,0.951,-0.155513322199));
#8587 = DIRECTION('',(0.,-1.,0.));
#8588 = DIRECTION('',(0.,0.,-1.));
#8589 = ADVANCED_FACE('',(#8590),#8606,.F.);
#8590 = FACE_BOUND('',#8591,.F.);
#8591 = EDGE_LOOP('',(#8592,#8598,#8599,#8605));
#8592 = ORIENTED_EDGE('',*,*,#8593,.F.);
#8593 = EDGE_CURVE('',#8269,#1433,#8594,.T.);
#8594 = LINE('',#8595,#8596);
#8595 = CARTESIAN_POINT('',(0.919509801018,0.951,-0.190846042578));
#8596 = VECTOR('',#8597,1.);
#8597 = DIRECTION('',(0.,-1.,0.));
#8598 = ORIENTED_EDGE('',*,*,#8268,.T.);
#8599 = ORIENTED_EDGE('',*,*,#8600,.T.);
#8600 = EDGE_CURVE('',#8271,#1422,#8601,.T.);
#8601 = LINE('',#8602,#8603);
#8602 = CARTESIAN_POINT('',(0.962051500756,0.951,-0.133715611519));
#8603 = VECTOR('',#8604,1.);
#8604 = DIRECTION('',(0.,-1.,0.));
#8605 = ORIENTED_EDGE('',*,*,#1432,.F.);
#8606 = B_SPLINE_SURFACE_WITH_KNOTS('',3,1,(
    (#8607,#8608)
    ,(#8609,#8610)
    ,(#8611,#8612)
    ,(#8613,#8614
    )),.UNSPECIFIED.,.F.,.F.,.F.,(4,4),(2,2),(35.,36.),(0.,1.),
  .PIECEWISE_BEZIER_KNOTS.);
#8607 = CARTESIAN_POINT('',(0.919509801018,0.951,-0.190846042578));
#8608 = CARTESIAN_POINT('',(0.919509801018,0.949999999999,
    -0.190846042578));
#8609 = CARTESIAN_POINT('',(0.919758986173,0.951,-0.164815868136));
#8610 = CARTESIAN_POINT('',(0.919758986173,0.949999999999,
    -0.164815868136));
#8611 = CARTESIAN_POINT('',(0.937381133293,0.951,-0.141699106364));
#8612 = CARTESIAN_POINT('',(0.937381133293,0.949999999999,
    -0.141699106364));
#8613 = CARTESIAN_POINT('',(0.962051500756,0.951,-0.133715611519));
#8614 = CARTESIAN_POINT('',(0.962051500756,0.949999999999,
    -0.133715611519));
#8615 = ADVANCED_FACE('',(#8616),#8627,.F.);
#8616 = FACE_BOUND('',#8617,.F.);
#8617 = EDGE_LOOP('',(#8618,#8619,#8620,#8626));
#8618 = ORIENTED_EDGE('',*,*,#8600,.F.);
#8619 = ORIENTED_EDGE('',*,*,#8279,.T.);
#8620 = ORIENTED_EDGE('',*,*,#8621,.T.);
#8621 = EDGE_CURVE('',#8280,#1424,#8622,.T.);
#8622 = LINE('',#8623,#8624);
#8623 = CARTESIAN_POINT('',(0.985232862181,0.951,-9.9280442771E-02));
#8624 = VECTOR('',#8625,1.);
#8625 = DIRECTION('',(0.,-1.,0.));
#8626 = ORIENTED_EDGE('',*,*,#1421,.F.);
#8627 = B_SPLINE_SURFACE_WITH_KNOTS('',3,1,(
    (#8628,#8629)
    ,(#8630,#8631)
    ,(#8632,#8633)
    ,(#8634,#8635
    )),.UNSPECIFIED.,.F.,.F.,.F.,(4,4),(2,2),(0.,1.),(0.,1.),
  .PIECEWISE_BEZIER_KNOTS.);
#8628 = CARTESIAN_POINT('',(0.962051500756,0.951,-0.133715611519));
#8629 = CARTESIAN_POINT('',(0.962051500756,0.949999999999,
    -0.133715611519));
#8630 = CARTESIAN_POINT('',(0.966730834999,0.951,-0.120668212171));
#8631 = CARTESIAN_POINT('',(0.966730834999,0.949999999999,
    -0.120668212171));
#8632 = CARTESIAN_POINT('',(0.974889694095,0.951,-0.108897556801));
#8633 = CARTESIAN_POINT('',(0.974889694095,0.949999999999,
    -0.108897556801));
#8634 = CARTESIAN_POINT('',(0.985232862181,0.951,-9.9280442771E-02));
#8635 = CARTESIAN_POINT('',(0.985232862181,0.949999999999,
    -9.9280442771E-02));
#8636 = ADVANCED_FACE('',(#8637),#8648,.F.);
#8637 = FACE_BOUND('',#8638,.F.);
#8638 = EDGE_LOOP('',(#8639,#8640,#8641,#8647));
#8639 = ORIENTED_EDGE('',*,*,#8621,.F.);
#8640 = ORIENTED_EDGE('',*,*,#8288,.T.);
#8641 = ORIENTED_EDGE('',*,*,#8642,.T.);
#8642 = EDGE_CURVE('',#8289,#1698,#8643,.T.);
#8643 = LINE('',#8644,#8645);
#8644 = CARTESIAN_POINT('',(1.044067667261,0.951,-7.6305196906E-02));
#8645 = VECTOR('',#8646,1.);
#8646 = DIRECTION('',(0.,-1.,0.));
#8647 = ORIENTED_EDGE('',*,*,#1706,.F.);
#8648 = B_SPLINE_SURFACE_WITH_KNOTS('',3,1,(
    (#8649,#8650)
    ,(#8651,#8652)
    ,(#8653,#8654)
    ,(#8655,#8656
    )),.UNSPECIFIED.,.F.,.F.,.F.,(4,4),(2,2),(1.,2.),(0.,1.),
  .PIECEWISE_BEZIER_KNOTS.);
#8649 = CARTESIAN_POINT('',(0.985232862181,0.951,-9.9280442771E-02));
#8650 = CARTESIAN_POINT('',(0.985232862181,0.949999999999,
    -9.9280442771E-02));
#8651 = CARTESIAN_POINT('',(1.00161517156,0.951,-8.4848619218E-02));
#8652 = CARTESIAN_POINT('',(1.00161517156,0.949999999999,
    -8.4848619218E-02));
#8653 = CARTESIAN_POINT('',(1.022378405197,0.951,-7.6459024893E-02));
#8654 = CARTESIAN_POINT('',(1.022378405197,0.949999999999,
    -7.6459024893E-02));
#8655 = CARTESIAN_POINT('',(1.044067667261,0.951,-7.6305196906E-02));
#8656 = CARTESIAN_POINT('',(1.044067667261,0.949999999999,
    -7.6305196906E-02));
#8657 = ADVANCED_FACE('',(#8658),#8669,.F.);
#8658 = FACE_BOUND('',#8659,.F.);
#8659 = EDGE_LOOP('',(#8660,#8661,#8662,#8668));
#8660 = ORIENTED_EDGE('',*,*,#8642,.F.);
#8661 = ORIENTED_EDGE('',*,*,#8297,.T.);
#8662 = ORIENTED_EDGE('',*,*,#8663,.T.);
#8663 = EDGE_CURVE('',#8298,#1689,#8664,.T.);
#8664 = LINE('',#8665,#8666);
#8665 = CARTESIAN_POINT('',(1.096241882048,0.951,-9.2853634561E-02));
#8666 = VECTOR('',#8667,1.);
#8667 = DIRECTION('',(0.,-1.,0.));
#8668 = ORIENTED_EDGE('',*,*,#1697,.F.);
#8669 = B_SPLINE_SURFACE_WITH_KNOTS('',3,1,(
    (#8670,#8671)
    ,(#8672,#8673)
    ,(#8674,#8675)
    ,(#8676,#8677
    )),.UNSPECIFIED.,.F.,.F.,.F.,(4,4),(2,2),(2.,3.),(0.,1.),
  .PIECEWISE_BEZIER_KNOTS.);
#8670 = CARTESIAN_POINT('',(1.044067667261,0.951,-7.6305196906E-02));
#8671 = CARTESIAN_POINT('',(1.044067667261,0.949999999999,
    -7.6305196906E-02));
#8672 = CARTESIAN_POINT('',(1.063154216223,0.951,-7.6169828289E-02));
#8673 = CARTESIAN_POINT('',(1.063154216223,0.949999999999,
    -7.6169828289E-02));
#8674 = CARTESIAN_POINT('',(1.080982484606,0.951,-8.2116682602E-02));
#8675 = CARTESIAN_POINT('',(1.080982484606,0.949999999999,
    -8.2116682602E-02));
#8676 = CARTESIAN_POINT('',(1.096241882048,0.951,-9.2853634561E-02));
#8677 = CARTESIAN_POINT('',(1.096241882048,0.949999999999,
    -9.2853634561E-02));
#8678 = ADVANCED_FACE('',(#8679),#8690,.F.);
#8679 = FACE_BOUND('',#8680,.F.);
#8680 = EDGE_LOOP('',(#8681,#8682,#8683,#8689));
#8681 = ORIENTED_EDGE('',*,*,#8663,.F.);
#8682 = ORIENTED_EDGE('',*,*,#8306,.T.);
#8683 = ORIENTED_EDGE('',*,*,#8684,.T.);
#8684 = EDGE_CURVE('',#8307,#1680,#8685,.T.);
#8685 = LINE('',#8686,#8687);
#8686 = CARTESIAN_POINT('',(1.115463799641,0.951,-0.111804816973));
#8687 = VECTOR('',#8688,1.);
#8688 = DIRECTION('',(0.,-1.,0.));
#8689 = ORIENTED_EDGE('',*,*,#1688,.F.);
#8690 = B_SPLINE_SURFACE_WITH_KNOTS('',3,1,(
    (#8691,#8692)
    ,(#8693,#8694)
    ,(#8695,#8696)
    ,(#8697,#8698
    )),.UNSPECIFIED.,.F.,.F.,.F.,(4,4),(2,2),(3.,4.),(0.,1.),
  .PIECEWISE_BEZIER_KNOTS.);
#8691 = CARTESIAN_POINT('',(1.096241882048,0.951,-9.2853634561E-02));
#8692 = CARTESIAN_POINT('',(1.096241882048,0.949999999999,
    -9.2853634561E-02));
#8693 = CARTESIAN_POINT('',(1.103653153185,0.951,-9.8006757158E-02));
#8694 = CARTESIAN_POINT('',(1.103653153185,0.949999999999,
    -9.8006757158E-02));
#8695 = CARTESIAN_POINT('',(1.109772293304,0.951,-0.104470463952));
#8696 = CARTESIAN_POINT('',(1.109772293304,0.949999999999,
    -0.104470463952));
#8697 = CARTESIAN_POINT('',(1.115463799641,0.951,-0.111804816973));
#8698 = CARTESIAN_POINT('',(1.115463799641,0.949999999999,
    -0.111804816973));
#8699 = ADVANCED_FACE('',(#8700),#8711,.F.);
#8700 = FACE_BOUND('',#8701,.F.);
#8701 = EDGE_LOOP('',(#8702,#8703,#8704,#8710));
#8702 = ORIENTED_EDGE('',*,*,#8684,.F.);
#8703 = ORIENTED_EDGE('',*,*,#8315,.T.);
#8704 = ORIENTED_EDGE('',*,*,#8705,.T.);
#8705 = EDGE_CURVE('',#8316,#1671,#8706,.T.);
#8706 = LINE('',#8707,#8708);
#8707 = CARTESIAN_POINT('',(1.125434703767,0.951,-0.110866486468));
#8708 = VECTOR('',#8709,1.);
#8709 = DIRECTION('',(0.,-1.,0.));
#8710 = ORIENTED_EDGE('',*,*,#1679,.F.);
#8711 = B_SPLINE_SURFACE_WITH_KNOTS('',3,1,(
    (#8712,#8713)
    ,(#8714,#8715)
    ,(#8716,#8717)
    ,(#8718,#8719
    )),.UNSPECIFIED.,.F.,.F.,.F.,(4,4),(2,2),(4.,5.),(0.,1.),
  .PIECEWISE_BEZIER_KNOTS.);
#8712 = CARTESIAN_POINT('',(1.115463799641,0.951,-0.111804816973));
#8713 = CARTESIAN_POINT('',(1.115463799641,0.949999999999,
    -0.111804816973));
#8714 = CARTESIAN_POINT('',(1.11893100169,0.951,-0.111346417623));
#8715 = CARTESIAN_POINT('',(1.11893100169,0.949999999999,-0.111346417623
    ));
#8716 = CARTESIAN_POINT('',(1.121964425146,0.951,-0.110891098922));
#8717 = CARTESIAN_POINT('',(1.121964425146,0.949999999999,
    -0.110891098922));
#8718 = CARTESIAN_POINT('',(1.125434703767,0.951,-0.110866486468));
#8719 = CARTESIAN_POINT('',(1.125434703767,0.949999999999,
    -0.110866486468));
#8720 = ADVANCED_FACE('',(#8721),#8732,.F.);
#8721 = FACE_BOUND('',#8722,.F.);
#8722 = EDGE_LOOP('',(#8723,#8724,#8725,#8731));
#8723 = ORIENTED_EDGE('',*,*,#8705,.F.);
#8724 = ORIENTED_EDGE('',*,*,#8324,.T.);
#8725 = ORIENTED_EDGE('',*,*,#8726,.T.);
#8726 = EDGE_CURVE('',#8325,#1662,#8727,.T.);
#8727 = LINE('',#8728,#8729);
#8728 = CARTESIAN_POINT('',(1.175467681387,0.951,-0.131334374506));
#8729 = VECTOR('',#8730,1.);
#8730 = DIRECTION('',(0.,-1.,0.));
#8731 = ORIENTED_EDGE('',*,*,#1670,.F.);
#8732 = B_SPLINE_SURFACE_WITH_KNOTS('',3,1,(
    (#8733,#8734)
    ,(#8735,#8736)
    ,(#8737,#8738)
    ,(#8739,#8740
    )),.UNSPECIFIED.,.F.,.F.,.F.,(4,4),(2,2),(5.,6.),(0.,1.),
  .PIECEWISE_BEZIER_KNOTS.);
#8733 = CARTESIAN_POINT('',(1.125434703767,0.951,-0.110866486468));
#8734 = CARTESIAN_POINT('',(1.125434703767,0.949999999999,
    -0.110866486468));
#8735 = CARTESIAN_POINT('',(1.144087469969,0.951,-0.110734194393));
#8736 = CARTESIAN_POINT('',(1.144087469969,0.949999999999,
    -0.110734194393));
#8737 = CARTESIAN_POINT('',(1.161924963889,0.951,-0.117982403735));
#8738 = CARTESIAN_POINT('',(1.161924963889,0.949999999999,
    -0.117982403735));
#8739 = CARTESIAN_POINT('',(1.175467681387,0.951,-0.131334374506));
#8740 = CARTESIAN_POINT('',(1.175467681387,0.949999999999,
    -0.131334374506));
#8741 = ADVANCED_FACE('',(#8742),#8753,.F.);
#8742 = FACE_BOUND('',#8743,.F.);
#8743 = EDGE_LOOP('',(#8744,#8745,#8746,#8752));
#8744 = ORIENTED_EDGE('',*,*,#8726,.F.);
#8745 = ORIENTED_EDGE('',*,*,#8333,.T.);
#8746 = ORIENTED_EDGE('',*,*,#8747,.T.);
#8747 = EDGE_CURVE('',#8334,#1653,#8748,.T.);
#8748 = LINE('',#8749,#8750);
#8749 = CARTESIAN_POINT('',(1.19620632708,0.951,-0.18064128783));
#8750 = VECTOR('',#8751,1.);
#8751 = DIRECTION('',(0.,-1.,0.));
#8752 = ORIENTED_EDGE('',*,*,#1661,.F.);
#8753 = B_SPLINE_SURFACE_WITH_KNOTS('',3,1,(
    (#8754,#8755)
    ,(#8756,#8757)
    ,(#8758,#8759)
    ,(#8760,#8761
    )),.UNSPECIFIED.,.F.,.F.,.F.,(4,4),(2,2),(6.,7.),(0.,1.),
  .PIECEWISE_BEZIER_KNOTS.);
#8754 = CARTESIAN_POINT('',(1.175467681387,0.951,-0.131334374506));
#8755 = CARTESIAN_POINT('',(1.175467681387,0.949999999999,
    -0.131334374506));
#8756 = CARTESIAN_POINT('',(1.188573546765,0.951,-0.144255630735));
#8757 = CARTESIAN_POINT('',(1.188573546765,0.949999999999,
    -0.144255630735));
#8758 = CARTESIAN_POINT('',(1.196074035035,0.951,-0.161988525765));
#8759 = CARTESIAN_POINT('',(1.196074035035,0.949999999999,
    -0.161988525765));
#8760 = CARTESIAN_POINT('',(1.19620632708,0.951,-0.18064128783));
#8761 = CARTESIAN_POINT('',(1.19620632708,0.949999999999,-0.18064128783)
  );
#8762 = ADVANCED_FACE('',(#8763),#8774,.F.);
#8763 = FACE_BOUND('',#8764,.F.);
#8764 = EDGE_LOOP('',(#8765,#8766,#8767,#8773));
#8765 = ORIENTED_EDGE('',*,*,#8747,.F.);
#8766 = ORIENTED_EDGE('',*,*,#8342,.T.);
#8767 = ORIENTED_EDGE('',*,*,#8768,.T.);
#8768 = EDGE_CURVE('',#8343,#1644,#8769,.T.);
#8769 = LINE('',#8770,#8771);
#8770 = CARTESIAN_POINT('',(1.178322692715,0.951,-0.228053084705));
#8771 = VECTOR('',#8772,1.);
#8772 = DIRECTION('',(0.,-1.,0.));
#8773 = ORIENTED_EDGE('',*,*,#1652,.F.);
#8774 = B_SPLINE_SURFACE_WITH_KNOTS('',3,1,(
    (#8775,#8776)
    ,(#8777,#8778)
    ,(#8779,#8780)
    ,(#8781,#8782
    )),.UNSPECIFIED.,.F.,.F.,.F.,(4,4),(2,2),(7.,8.),(0.,1.),
  .PIECEWISE_BEZIER_KNOTS.);
#8775 = CARTESIAN_POINT('',(1.19620632708,0.951,-0.18064128783));
#8776 = CARTESIAN_POINT('',(1.19620632708,0.949999999999,-0.18064128783)
  );
#8777 = CARTESIAN_POINT('',(1.19632938947,0.951,-0.197992697482));
#8778 = CARTESIAN_POINT('',(1.19632938947,0.949999999999,-0.197992697482
    ));
#8779 = CARTESIAN_POINT('',(1.189942596728,0.951,-0.214956476907));
#8780 = CARTESIAN_POINT('',(1.189942596728,0.949999999999,
    -0.214956476907));
#8781 = CARTESIAN_POINT('',(1.178322692715,0.951,-0.228053084705));
#8782 = CARTESIAN_POINT('',(1.178322692715,0.949999999999,
    -0.228053084705));
#8783 = ADVANCED_FACE('',(#8784),#8795,.F.);
#8784 = FACE_BOUND('',#8785,.F.);
#8785 = EDGE_LOOP('',(#8786,#8787,#8788,#8794));
#8786 = ORIENTED_EDGE('',*,*,#8768,.F.);
#8787 = ORIENTED_EDGE('',*,*,#8351,.T.);
#8788 = ORIENTED_EDGE('',*,*,#8789,.T.);
#8789 = EDGE_CURVE('',#8352,#1635,#8790,.T.);
#8790 = LINE('',#8791,#8792);
#8791 = CARTESIAN_POINT('',(1.143767548257,0.951,-0.249120897756));
#8792 = VECTOR('',#8793,1.);
#8793 = DIRECTION('',(0.,-1.,0.));
#8794 = ORIENTED_EDGE('',*,*,#1643,.F.);
#8795 = B_SPLINE_SURFACE_WITH_KNOTS('',3,1,(
    (#8796,#8797)
    ,(#8798,#8799)
    ,(#8800,#8801)
    ,(#8802,#8803
    )),.UNSPECIFIED.,.F.,.F.,.F.,(4,4),(2,2),(8.,9.),(0.,1.),
  .PIECEWISE_BEZIER_KNOTS.);
#8796 = CARTESIAN_POINT('',(1.178322692715,0.951,-0.228053084705));
#8797 = CARTESIAN_POINT('',(1.178322692715,0.949999999999,
    -0.228053084705));
#8798 = CARTESIAN_POINT('',(1.168853255715,0.951,-0.238531621423));
#8799 = CARTESIAN_POINT('',(1.168853255715,0.949999999999,
    -0.238531621423));
#8800 = CARTESIAN_POINT('',(1.1571902758,0.951,-0.245555245801));
#8801 = CARTESIAN_POINT('',(1.1571902758,0.949999999999,-0.245555245801)
  );
#8802 = CARTESIAN_POINT('',(1.143767548257,0.951,-0.249120897756));
#8803 = CARTESIAN_POINT('',(1.143767548257,0.949999999999,
    -0.249120897756));
#8804 = ADVANCED_FACE('',(#8805),#8816,.F.);
#8805 = FACE_BOUND('',#8806,.F.);
#8806 = EDGE_LOOP('',(#8807,#8808,#8809,#8815));
#8807 = ORIENTED_EDGE('',*,*,#8789,.F.);
#8808 = ORIENTED_EDGE('',*,*,#8360,.T.);
#8809 = ORIENTED_EDGE('',*,*,#8810,.T.);
#8810 = EDGE_CURVE('',#8361,#1626,#8811,.T.);
#8811 = LINE('',#8812,#8813);
#8812 = CARTESIAN_POINT('',(1.102767152238,0.951,-0.278910564058));
#8813 = VECTOR('',#8814,1.);
#8814 = DIRECTION('',(0.,-1.,0.));
#8815 = ORIENTED_EDGE('',*,*,#1634,.F.);
#8816 = B_SPLINE_SURFACE_WITH_KNOTS('',3,1,(
    (#8817,#8818)
    ,(#8819,#8820)
    ,(#8821,#8822)
    ,(#8823,#8824
    )),.UNSPECIFIED.,.F.,.F.,.F.,(4,4),(2,2),(9.,10.),(0.,1.),
  .PIECEWISE_BEZIER_KNOTS.);
#8817 = CARTESIAN_POINT('',(1.143767548257,0.951,-0.249120897756));
#8818 = CARTESIAN_POINT('',(1.143767548257,0.949999999999,
    -0.249120897756));
#8819 = CARTESIAN_POINT('',(1.138251401683,0.951,-0.26651230269));
#8820 = CARTESIAN_POINT('',(1.138251401683,0.949999999999,-0.26651230269
    ));
#8821 = CARTESIAN_POINT('',(1.121853709473,0.951,-0.278775195383));
#8822 = CARTESIAN_POINT('',(1.121853709473,0.949999999999,
    -0.278775195383));
#8823 = CARTESIAN_POINT('',(1.102767152238,0.951,-0.278910564058));
#8824 = CARTESIAN_POINT('',(1.102767152238,0.949999999999,
    -0.278910564058));
#8825 = ADVANCED_FACE('',(#8826),#8837,.F.);
#8826 = FACE_BOUND('',#8827,.F.);
#8827 = EDGE_LOOP('',(#8828,#8829,#8830,#8836));
#8828 = ORIENTED_EDGE('',*,*,#8810,.F.);
#8829 = ORIENTED_EDGE('',*,*,#8369,.T.);
#8830 = ORIENTED_EDGE('',*,*,#8831,.T.);
#8831 = EDGE_CURVE('',#8370,#1617,#8832,.T.);
#8832 = LINE('',#8833,#8834);
#8833 = CARTESIAN_POINT('',(1.059080972135,0.951,-0.235839695905));
#8834 = VECTOR('',#8835,1.);
#8835 = DIRECTION('',(0.,-1.,0.));
#8836 = ORIENTED_EDGE('',*,*,#1625,.F.);
#8837 = B_SPLINE_SURFACE_WITH_KNOTS('',3,1,(
    (#8838,#8839)
    ,(#8840,#8841)
    ,(#8842,#8843)
    ,(#8844,#8845
    )),.UNSPECIFIED.,.F.,.F.,.F.,(4,4),(2,2),(10.,11.),(0.,1.),
  .PIECEWISE_BEZIER_KNOTS.);
#8838 = CARTESIAN_POINT('',(1.102767152238,0.951,-0.278910564058));
#8839 = CARTESIAN_POINT('',(1.102767152238,0.949999999999,
    -0.278910564058));
#8840 = CARTESIAN_POINT('',(1.078908963967,0.951,-0.279079774844));
#8841 = CARTESIAN_POINT('',(1.078908963967,0.949999999999,
    -0.279079774844));
#8842 = CARTESIAN_POINT('',(1.059250182921,0.951,-0.259697884175));
#8843 = CARTESIAN_POINT('',(1.059250182921,0.949999999999,
    -0.259697884175));
#8844 = CARTESIAN_POINT('',(1.059080972135,0.951,-0.235839695905));
#8845 = CARTESIAN_POINT('',(1.059080972135,0.949999999999,
    -0.235839695905));
#8846 = ADVANCED_FACE('',(#8847),#8858,.F.);
#8847 = FACE_BOUND('',#8848,.T.);
#8848 = EDGE_LOOP('',(#8849,#8850,#8856,#8857));
#8849 = ORIENTED_EDGE('',*,*,#1616,.T.);
#8850 = ORIENTED_EDGE('',*,*,#8851,.F.);
#8851 = EDGE_CURVE('',#8379,#1609,#8852,.T.);
#8852 = LINE('',#8853,#8854);
#8853 = CARTESIAN_POINT('',(1.059050206538,0.951,-0.231501843491));
#8854 = VECTOR('',#8855,1.);
#8855 = DIRECTION('',(0.,-1.,0.));
#8856 = ORIENTED_EDGE('',*,*,#8378,.F.);
#8857 = ORIENTED_EDGE('',*,*,#8831,.T.);
#8858 = PLANE('',#8859);
#8859 = AXIS2_PLACEMENT_3D('',#8860,#8861,#8862);
#8860 = CARTESIAN_POINT('',(1.059080972135,0.951,-0.235839695905));
#8861 = DIRECTION('',(0.999974850186,0.,7.092178509005E-03));
#8862 = DIRECTION('',(7.092178509005E-03,0.,-0.999974850186));
#8863 = ADVANCED_FACE('',(#8864),#8875,.F.);
#8864 = FACE_BOUND('',#8865,.T.);
#8865 = EDGE_LOOP('',(#8866,#8867,#8873,#8874));
#8866 = ORIENTED_EDGE('',*,*,#1608,.T.);
#8867 = ORIENTED_EDGE('',*,*,#8868,.F.);
#8868 = EDGE_CURVE('',#8388,#1601,#8869,.T.);
#8869 = LINE('',#8870,#8871);
#8870 = CARTESIAN_POINT('',(0.99809260735,0.951,-0.199832455655));
#8871 = VECTOR('',#8872,1.);
#8872 = DIRECTION('',(0.,-1.,0.));
#8873 = ORIENTED_EDGE('',*,*,#8387,.F.);
#8874 = ORIENTED_EDGE('',*,*,#8851,.T.);
#8875 = PLANE('',#8876);
#8876 = AXIS2_PLACEMENT_3D('',#8877,#8878,#8879);
#8877 = CARTESIAN_POINT('',(1.059050206538,0.951,-0.231501843491));
#8878 = DIRECTION('',(0.461025394855,0.,0.887386942263));
#8879 = DIRECTION('',(0.887386942263,0.,-0.461025394855));
#8880 = ADVANCED_FACE('',(#8881),#8892,.F.);
#8881 = FACE_BOUND('',#8882,.T.);
#8882 = EDGE_LOOP('',(#8883,#8884,#8890,#8891));
#8883 = ORIENTED_EDGE('',*,*,#1600,.T.);
#8884 = ORIENTED_EDGE('',*,*,#8885,.F.);
#8885 = EDGE_CURVE('',#8396,#1593,#8886,.T.);
#8886 = LINE('',#8887,#8888);
#8887 = CARTESIAN_POINT('',(1.011376885509,0.951,-0.176746459598));
#8888 = VECTOR('',#8889,1.);
#8889 = DIRECTION('',(0.,-1.,0.));
#8890 = ORIENTED_EDGE('',*,*,#8395,.F.);
#8891 = ORIENTED_EDGE('',*,*,#8868,.T.);
#8892 = PLANE('',#8893);
#8893 = AXIS2_PLACEMENT_3D('',#8894,#8895,#8896);
#8894 = CARTESIAN_POINT('',(0.99809260735,0.951,-0.199832455655));
#8895 = DIRECTION('',(0.866746770637,0.,-0.498748469261));
#8896 = DIRECTION('',(-0.498748469261,0.,-0.866746770637));
#8897 = ADVANCED_FACE('',(#8898),#8909,.F.);
#8898 = FACE_BOUND('',#8899,.T.);
#8899 = EDGE_LOOP('',(#8900,#8901,#8907,#8908));
#8900 = ORIENTED_EDGE('',*,*,#1592,.T.);
#8901 = ORIENTED_EDGE('',*,*,#8902,.F.);
#8902 = EDGE_CURVE('',#8404,#1584,#8903,.T.);
#8903 = LINE('',#8904,#8905);
#8904 = CARTESIAN_POINT('',(1.069719465368,0.951,-0.206699167494));
#8905 = VECTOR('',#8906,1.);
#8906 = DIRECTION('',(0.,-1.,0.));
#8907 = ORIENTED_EDGE('',*,*,#8403,.F.);
#8908 = ORIENTED_EDGE('',*,*,#8885,.T.);
#8909 = PLANE('',#8910);
#8910 = AXIS2_PLACEMENT_3D('',#8911,#8912,#8913);
#8911 = CARTESIAN_POINT('',(1.011376885509,0.951,-0.176746459598));
#8912 = DIRECTION('',(-0.456720276353,0.,-0.88961035806));
#8913 = DIRECTION('',(-0.88961035806,0.,0.456720276353));
#8914 = ADVANCED_FACE('',(#8915),#8926,.F.);
#8915 = FACE_BOUND('',#8916,.F.);
#8916 = EDGE_LOOP('',(#8917,#8918,#8919,#8925));
#8917 = ORIENTED_EDGE('',*,*,#8902,.F.);
#8918 = ORIENTED_EDGE('',*,*,#8411,.T.);
#8919 = ORIENTED_EDGE('',*,*,#8920,.T.);
#8920 = EDGE_CURVE('',#8412,#1575,#8921,.T.);
#8921 = LINE('',#8922,#8923);
#8922 = CARTESIAN_POINT('',(1.102148755444,0.951,-0.191719728965));
#8923 = VECTOR('',#8924,1.);
#8924 = DIRECTION('',(0.,-1.,0.));
#8925 = ORIENTED_EDGE('',*,*,#1583,.F.);
#8926 = B_SPLINE_SURFACE_WITH_KNOTS('',3,1,(
    (#8927,#8928)
    ,(#8929,#8930)
    ,(#8931,#8932)
    ,(#8933,#8934
    )),.UNSPECIFIED.,.F.,.F.,.F.,(4,4),(2,2),(15.,16.),(0.,1.),
  .PIECEWISE_BEZIER_KNOTS.);
#8927 = CARTESIAN_POINT('',(1.069719465368,0.951,-0.206699167494));
#8928 = CARTESIAN_POINT('',(1.069719465368,0.95,-0.206699167494));
#8929 = CARTESIAN_POINT('',(1.077462988635,0.951,-0.197534297721));
#8930 = CARTESIAN_POINT('',(1.077462988635,0.95,-0.197534297721));
#8931 = CARTESIAN_POINT('',(1.089135198206,0.951,-0.191812025757));
#8932 = CARTESIAN_POINT('',(1.089135198206,0.95,-0.191812025757));
#8933 = CARTESIAN_POINT('',(1.102148755444,0.951,-0.191719728965));
#8934 = CARTESIAN_POINT('',(1.102148755444,0.95,-0.191719728965));
#8935 = ADVANCED_FACE('',(#8936),#8947,.F.);
#8936 = FACE_BOUND('',#8937,.F.);
#8937 = EDGE_LOOP('',(#8938,#8939,#8940,#8946));
#8938 = ORIENTED_EDGE('',*,*,#8920,.F.);
#8939 = ORIENTED_EDGE('',*,*,#8420,.T.);
#8940 = ORIENTED_EDGE('',*,*,#8941,.T.);
#8941 = EDGE_CURVE('',#8421,#1566,#8942,.T.);
#8942 = LINE('',#8943,#8944);
#8943 = CARTESIAN_POINT('',(1.143127619424,0.951,-0.22006035994));
#8944 = VECTOR('',#8945,1.);
#8945 = DIRECTION('',(0.,-1.,0.));
#8946 = ORIENTED_EDGE('',*,*,#1574,.F.);
#8947 = B_SPLINE_SURFACE_WITH_KNOTS('',3,1,(
    (#8948,#8949)
    ,(#8950,#8951)
    ,(#8952,#8953)
    ,(#8954,#8955
    )),.UNSPECIFIED.,.F.,.F.,.F.,(4,4),(2,2),(16.,17.),(0.,1.),
  .PIECEWISE_BEZIER_KNOTS.);
#8948 = CARTESIAN_POINT('',(1.102148755444,0.951,-0.191719728965));
#8949 = CARTESIAN_POINT('',(1.102148755444,0.949999999999,
    -0.191719728965));
#8950 = CARTESIAN_POINT('',(1.120801525783,0.951,-0.191587436861));
#8951 = CARTESIAN_POINT('',(1.120801525783,0.949999999999,
    -0.191587436861));
#8952 = CARTESIAN_POINT('',(1.136937718396,0.951,-0.203619587632));
#8953 = CARTESIAN_POINT('',(1.136937718396,0.949999999999,
    -0.203619587632));
#8954 = CARTESIAN_POINT('',(1.143127619424,0.951,-0.22006035994));
#8955 = CARTESIAN_POINT('',(1.143127619424,0.949999999999,-0.22006035994
    ));
#8956 = ADVANCED_FACE('',(#8957),#8968,.F.);
#8957 = FACE_BOUND('',#8958,.F.);
#8958 = EDGE_LOOP('',(#8959,#8960,#8961,#8967));
#8959 = ORIENTED_EDGE('',*,*,#8941,.F.);
#8960 = ORIENTED_EDGE('',*,*,#8429,.T.);
#8961 = ORIENTED_EDGE('',*,*,#8962,.T.);
#8962 = EDGE_CURVE('',#8430,#1557,#8963,.T.);
#8963 = LINE('',#8964,#8965);
#8964 = CARTESIAN_POINT('',(1.168871690381,0.951,-0.179967520849));
#8965 = VECTOR('',#8966,1.);
#8966 = DIRECTION('',(0.,-1.,0.));
#8967 = ORIENTED_EDGE('',*,*,#1565,.F.);
#8968 = B_SPLINE_SURFACE_WITH_KNOTS('',3,1,(
    (#8969,#8970)
    ,(#8971,#8972)
    ,(#8973,#8974)
    ,(#8975,#8976
    )),.UNSPECIFIED.,.F.,.F.,.F.,(4,4),(2,2),(17.,18.),(0.,1.),
  .PIECEWISE_BEZIER_KNOTS.);
#8969 = CARTESIAN_POINT('',(1.143127619424,0.951,-0.22006035994));
#8970 = CARTESIAN_POINT('',(1.143127619424,0.949999999999,-0.22006035994
    ));
#8971 = CARTESIAN_POINT('',(1.158260877901,0.951,-0.213012114834));
#8972 = CARTESIAN_POINT('',(1.158260877901,0.949999999999,
    -0.213012114834));
#8973 = CARTESIAN_POINT('',(1.168997829342,0.951,-0.197752717396));
#8974 = CARTESIAN_POINT('',(1.168997829342,0.949999999999,
    -0.197752717396));
#8975 = CARTESIAN_POINT('',(1.168871690381,0.951,-0.179967520849));
#8976 = CARTESIAN_POINT('',(1.168871690381,0.949999999999,
    -0.179967520849));
#8977 = ADVANCED_FACE('',(#8978),#8989,.F.);
#8978 = FACE_BOUND('',#8979,.F.);
#8979 = EDGE_LOOP('',(#8980,#8981,#8982,#8988));
#8980 = ORIENTED_EDGE('',*,*,#8962,.F.);
#8981 = ORIENTED_EDGE('',*,*,#8438,.T.);
#8982 = ORIENTED_EDGE('',*,*,#8983,.T.);
#8983 = EDGE_CURVE('',#8439,#1548,#8984,.T.);
#8984 = LINE('',#8985,#8986);
#8985 = CARTESIAN_POINT('',(1.125185510279,0.951,-0.136896652695));
#8986 = VECTOR('',#8987,1.);
#8987 = DIRECTION('',(0.,-1.,0.));
#8988 = ORIENTED_EDGE('',*,*,#1556,.F.);
#8989 = B_SPLINE_SURFACE_WITH_KNOTS('',3,1,(
    (#8990,#8991)
    ,(#8992,#8993)
    ,(#8994,#8995)
    ,(#8996,#8997
    )),.UNSPECIFIED.,.F.,.F.,.F.,(4,4),(2,2),(18.,19.),(0.,1.),
  .PIECEWISE_BEZIER_KNOTS.);
#8990 = CARTESIAN_POINT('',(1.168871690381,0.951,-0.179967520849));
#8991 = CARTESIAN_POINT('',(1.168871690381,0.949999999999,
    -0.179967520849));
#8992 = CARTESIAN_POINT('',(1.168702479596,0.951,-0.156109332578));
#8993 = CARTESIAN_POINT('',(1.168702479596,0.949999999999,
    -0.156109332578));
#8994 = CARTESIAN_POINT('',(1.14904369855,0.951,-0.136727441909));
#8995 = CARTESIAN_POINT('',(1.14904369855,0.949999999999,-0.136727441909
    ));
#8996 = CARTESIAN_POINT('',(1.125185510279,0.951,-0.136896652695));
#8997 = CARTESIAN_POINT('',(1.125185510279,0.949999999999,
    -0.136896652695));
#8998 = ADVANCED_FACE('',(#8999),#9010,.F.);
#8999 = FACE_BOUND('',#9000,.F.);
#9000 = EDGE_LOOP('',(#9001,#9002,#9003,#9009));
#9001 = ORIENTED_EDGE('',*,*,#8983,.F.);
#9002 = ORIENTED_EDGE('',*,*,#8447,.T.);
#9003 = ORIENTED_EDGE('',*,*,#9004,.T.);
#9004 = EDGE_CURVE('',#8448,#1539,#9005,.T.);
#9005 = LINE('',#9006,#9007);
#9006 = CARTESIAN_POINT('',(1.102241044197,0.951,-0.143566488957));
#9007 = VECTOR('',#9008,1.);
#9008 = DIRECTION('',(0.,-1.,0.));
#9009 = ORIENTED_EDGE('',*,*,#1547,.F.);
#9010 = B_SPLINE_SURFACE_WITH_KNOTS('',3,1,(
    (#9011,#9012)
    ,(#9013,#9014)
    ,(#9015,#9016)
    ,(#9017,#9018
    )),.UNSPECIFIED.,.F.,.F.,.F.,(4,4),(2,2),(19.,20.),(0.,1.),
  .PIECEWISE_BEZIER_KNOTS.);
#9011 = CARTESIAN_POINT('',(1.125185510279,0.951,-0.136896652695));
#9012 = CARTESIAN_POINT('',(1.125185510279,0.949999999999,
    -0.136896652695));
#9013 = CARTESIAN_POINT('',(1.11694359235,0.951,-0.136955107318));
#9014 = CARTESIAN_POINT('',(1.11694359235,0.949999999999,-0.136955107318
    ));
#9015 = CARTESIAN_POINT('',(1.10872013379,0.951,-0.139616275044));
#9016 = CARTESIAN_POINT('',(1.10872013379,0.949999999999,-0.139616275044
    ));
#9017 = CARTESIAN_POINT('',(1.102241044197,0.951,-0.143566488957));
#9018 = CARTESIAN_POINT('',(1.102241044197,0.949999999999,
    -0.143566488957));
#9019 = ADVANCED_FACE('',(#9020),#9031,.F.);
#9020 = FACE_BOUND('',#9021,.F.);
#9021 = EDGE_LOOP('',(#9022,#9023,#9024,#9030));
#9022 = ORIENTED_EDGE('',*,*,#9004,.F.);
#9023 = ORIENTED_EDGE('',*,*,#8456,.T.);
#9024 = ORIENTED_EDGE('',*,*,#9025,.T.);
#9025 = EDGE_CURVE('',#8457,#1530,#9026,.T.);
#9026 = LINE('',#9027,#9028);
#9027 = CARTESIAN_POINT('',(1.043818482223,0.951,-0.102335387895));
#9028 = VECTOR('',#9029,1.);
#9029 = DIRECTION('',(0.,-1.,0.));
#9030 = ORIENTED_EDGE('',*,*,#1538,.F.);
#9031 = B_SPLINE_SURFACE_WITH_KNOTS('',3,1,(
    (#9032,#9033)
    ,(#9034,#9035)
    ,(#9036,#9037)
    ,(#9038,#9039
    )),.UNSPECIFIED.,.F.,.F.,.F.,(4,4),(2,2),(20.,21.),(0.,1.),
  .PIECEWISE_BEZIER_KNOTS.);
#9032 = CARTESIAN_POINT('',(1.102241044197,0.951,-0.143566488957));
#9033 = CARTESIAN_POINT('',(1.102241044197,0.949999999999,
    -0.143566488957));
#9034 = CARTESIAN_POINT('',(1.09382684736,0.951,-0.119332993176));
#9035 = CARTESIAN_POINT('',(1.09382684736,0.949999999999,-0.119332993176
    ));
#9036 = CARTESIAN_POINT('',(1.071146949115,0.951,-0.102141564655));
#9037 = CARTESIAN_POINT('',(1.071146949115,0.949999999999,
    -0.102141564655));
#9038 = CARTESIAN_POINT('',(1.043818482223,0.951,-0.102335387895));
#9039 = CARTESIAN_POINT('',(1.043818482223,0.949999999999,
    -0.102335387895));
#9040 = ADVANCED_FACE('',(#9041),#9052,.F.);
#9041 = FACE_BOUND('',#9042,.F.);
#9042 = EDGE_LOOP('',(#9043,#9044,#9045,#9051));
#9043 = ORIENTED_EDGE('',*,*,#9025,.F.);
#9044 = ORIENTED_EDGE('',*,*,#8465,.T.);
#9045 = ORIENTED_EDGE('',*,*,#9046,.T.);
#9046 = EDGE_CURVE('',#8466,#1521,#9047,.T.);
#9047 = LINE('',#9048,#9049);
#9048 = CARTESIAN_POINT('',(0.983473118412,0.951,-0.156989261419));
#9049 = VECTOR('',#9050,1.);
#9050 = DIRECTION('',(0.,-1.,0.));
#9051 = ORIENTED_EDGE('',*,*,#1529,.F.);
#9052 = B_SPLINE_SURFACE_WITH_KNOTS('',3,1,(
    (#9053,#9054)
    ,(#9055,#9056)
    ,(#9057,#9058)
    ,(#9059,#9060
    )),.UNSPECIFIED.,.F.,.F.,.F.,(4,4),(2,2),(21.,22.),(0.,1.),
  .PIECEWISE_BEZIER_KNOTS.);
#9053 = CARTESIAN_POINT('',(1.043818482223,0.951,-0.102335387895));
#9054 = CARTESIAN_POINT('',(1.043818482223,0.949999999999,
    -0.102335387895));
#9055 = CARTESIAN_POINT('',(1.012585941542,0.951,-0.10255690022));
#9056 = CARTESIAN_POINT('',(1.012585941542,0.949999999999,-0.10255690022
    ));
#9057 = CARTESIAN_POINT('',(0.986728037851,0.951,-0.126599682075));
#9058 = CARTESIAN_POINT('',(0.986728037851,0.949999999999,
    -0.126599682075));
#9059 = CARTESIAN_POINT('',(0.983473118412,0.951,-0.156989261419));
#9060 = CARTESIAN_POINT('',(0.983473118412,0.949999999999,
    -0.156989261419));
#9061 = ADVANCED_FACE('',(#9062),#9073,.F.);
#9062 = FACE_BOUND('',#9063,.T.);
#9063 = EDGE_LOOP('',(#9064,#9065,#9071,#9072));
#9064 = ORIENTED_EDGE('',*,*,#1520,.T.);
#9065 = ORIENTED_EDGE('',*,*,#9066,.F.);
#9066 = EDGE_CURVE('',#8475,#1512,#9067,.T.);
#9067 = LINE('',#9068,#9069);
#9068 = CARTESIAN_POINT('',(0.980002839791,0.951,-0.157013873874));
#9069 = VECTOR('',#9070,1.);
#9070 = DIRECTION('',(0.,-1.,0.));
#9071 = ORIENTED_EDGE('',*,*,#8474,.F.);
#9072 = ORIENTED_EDGE('',*,*,#9046,.T.);
#9073 = PLANE('',#9074);
#9074 = AXIS2_PLACEMENT_3D('',#9075,#9076,#9077);
#9075 = CARTESIAN_POINT('',(0.983473118412,0.951,-0.156989261419));
#9076 = DIRECTION('',(-7.092178509005E-03,0.,0.999974850186));
#9077 = DIRECTION('',(0.999974850186,0.,7.092178509005E-03));
#9078 = ADVANCED_FACE('',(#9079),#9090,.F.);
#9079 = FACE_BOUND('',#9080,.F.);
#9080 = EDGE_LOOP('',(#9081,#9082,#9083,#9089));
#9081 = ORIENTED_EDGE('',*,*,#9066,.F.);
#9082 = ORIENTED_EDGE('',*,*,#8483,.T.);
#9083 = ORIENTED_EDGE('',*,*,#9084,.T.);
#9084 = EDGE_CURVE('',#8484,#1503,#9085,.T.);
#9085 = LINE('',#9086,#9087);
#9086 = CARTESIAN_POINT('',(0.946407565917,0.951,-0.19108909102));
#9087 = VECTOR('',#9088,1.);
#9088 = DIRECTION('',(0.,-1.,0.));
#9089 = ORIENTED_EDGE('',*,*,#1511,.F.);
#9090 = B_SPLINE_SURFACE_WITH_KNOTS('',3,1,(
    (#9091,#9092)
    ,(#9093,#9094)
    ,(#9095,#9096)
    ,(#9097,#9098
    )),.UNSPECIFIED.,.F.,.F.,.F.,(4,4),(2,2),(23.,24.),(0.,1.),
  .PIECEWISE_BEZIER_KNOTS.);
#9091 = CARTESIAN_POINT('',(0.980002839791,0.951,-0.157013873874));
#9092 = CARTESIAN_POINT('',(0.980002839791,0.949999999999,
    -0.157013873874));
#9093 = CARTESIAN_POINT('',(0.961350077726,0.951,-0.157146165919));
#9094 = CARTESIAN_POINT('',(0.961350077726,0.949999999999,
    -0.157146165919));
#9095 = CARTESIAN_POINT('',(0.946275273872,0.951,-0.172436328955));
#9096 = CARTESIAN_POINT('',(0.946275273872,0.949999999999,
    -0.172436328955));
#9097 = CARTESIAN_POINT('',(0.946407565917,0.951,-0.19108909102));
#9098 = CARTESIAN_POINT('',(0.946407565917,0.949999999999,-0.19108909102
    ));
#9099 = ADVANCED_FACE('',(#9100),#9111,.F.);
#9100 = FACE_BOUND('',#9101,.F.);
#9101 = EDGE_LOOP('',(#9102,#9103,#9104,#9110));
#9102 = ORIENTED_EDGE('',*,*,#9084,.F.);
#9103 = ORIENTED_EDGE('',*,*,#8492,.T.);
#9104 = ORIENTED_EDGE('',*,*,#9105,.T.);
#9105 = EDGE_CURVE('',#8493,#1495,#9106,.T.);
#9106 = LINE('',#9107,#9108);
#9107 = CARTESIAN_POINT('',(0.977880078235,0.951,-0.224702824205));
#9108 = VECTOR('',#9109,1.);
#9109 = DIRECTION('',(0.,-1.,0.));
#9110 = ORIENTED_EDGE('',*,*,#1502,.F.);
#9111 = B_SPLINE_SURFACE_WITH_KNOTS('',3,1,(
    (#9112,#9113)
    ,(#9114,#9115)
    ,(#9116,#9117)
    ,(#9118,#9119
    )),.UNSPECIFIED.,.F.,.F.,.F.,(4,4),(2,2),(24.,25.),(0.,1.),
  .PIECEWISE_BEZIER_KNOTS.);
#9112 = CARTESIAN_POINT('',(0.946407565917,0.951,-0.19108909102));
#9113 = CARTESIAN_POINT('',(0.946407565917,0.949999999999,-0.19108909102
    ));
#9114 = CARTESIAN_POINT('',(0.946533704878,0.951,-0.208874287567));
#9115 = CARTESIAN_POINT('',(0.946533704878,0.949999999999,
    -0.208874287567));
#9116 = CARTESIAN_POINT('',(0.960085643759,0.951,-0.223527610811));
#9117 = CARTESIAN_POINT('',(0.960085643759,0.949999999999,
    -0.223527610811));
#9118 = CARTESIAN_POINT('',(0.977880078235,0.951,-0.224702824205));
#9119 = CARTESIAN_POINT('',(0.977880078235,0.949999999999,
    -0.224702824205));
#9120 = ADVANCED_FACE('',(#9121),#9132,.F.);
#9121 = FACE_BOUND('',#9122,.T.);
#9122 = EDGE_LOOP('',(#9123,#9124,#9130,#9131));
#9123 = ORIENTED_EDGE('',*,*,#1494,.T.);
#9124 = ORIENTED_EDGE('',*,*,#9125,.F.);
#9125 = EDGE_CURVE('',#8502,#1486,#9126,.T.);
#9126 = LINE('',#9127,#9128);
#9127 = CARTESIAN_POINT('',(0.997400414093,0.951,-0.224564379017));
#9128 = VECTOR('',#9129,1.);
#9129 = DIRECTION('',(0.,-1.,0.));
#9130 = ORIENTED_EDGE('',*,*,#8501,.F.);
#9131 = ORIENTED_EDGE('',*,*,#9105,.T.);
#9132 = PLANE('',#9133);
#9133 = AXIS2_PLACEMENT_3D('',#9134,#9135,#9136);
#9134 = CARTESIAN_POINT('',(0.977880078235,0.951,-0.224702824205));
#9135 = DIRECTION('',(7.092178509005E-03,0.,-0.999974850186));
#9136 = DIRECTION('',(-0.999974850186,0.,-7.092178509005E-03));
#9137 = ADVANCED_FACE('',(#9138),#9149,.F.);
#9138 = FACE_BOUND('',#9139,.F.);
#9139 = EDGE_LOOP('',(#9140,#9141,#9142,#9148));
#9140 = ORIENTED_EDGE('',*,*,#9125,.F.);
#9141 = ORIENTED_EDGE('',*,*,#8509,.T.);
#9142 = ORIENTED_EDGE('',*,*,#9143,.T.);
#9143 = EDGE_CURVE('',#8510,#1477,#9144,.T.);
#9144 = LINE('',#9145,#9146);
#9145 = CARTESIAN_POINT('',(1.000000042409,0.951,-0.224112141083));
#9146 = VECTOR('',#9147,1.);
#9147 = DIRECTION('',(0.,-1.,0.));
#9148 = ORIENTED_EDGE('',*,*,#1485,.F.);
#9149 = B_SPLINE_SURFACE_WITH_KNOTS('',3,1,(
    (#9150,#9151)
    ,(#9152,#9153)
    ,(#9154,#9155)
    ,(#9156,#9157
    )),.UNSPECIFIED.,.F.,.F.,.F.,(4,4),(2,2),(26.,27.),(0.,1.),
  .PIECEWISE_BEZIER_KNOTS.);
#9150 = CARTESIAN_POINT('',(0.997400414093,0.951,-0.224564379017));
#9151 = CARTESIAN_POINT('',(0.997400414093,0.95,-0.224564379017));
#9152 = CARTESIAN_POINT('',(0.998267987885,0.951,-0.224558225874));
#9153 = CARTESIAN_POINT('',(0.998267987885,0.95,-0.224558225874));
#9154 = CARTESIAN_POINT('',(0.999132485164,0.951,-0.224118294109));
#9155 = CARTESIAN_POINT('',(0.999132485164,0.95,-0.224118294109));
#9156 = CARTESIAN_POINT('',(1.000000042409,0.951,-0.224112141083));
#9157 = CARTESIAN_POINT('',(1.000000042409,0.95,-0.224112141083));
#9158 = ADVANCED_FACE('',(#9159),#9170,.F.);
#9159 = FACE_BOUND('',#9160,.F.);
#9160 = EDGE_LOOP('',(#9161,#9162,#9163,#9169));
#9161 = ORIENTED_EDGE('',*,*,#9143,.F.);
#9162 = ORIENTED_EDGE('',*,*,#8518,.T.);
#9163 = ORIENTED_EDGE('',*,*,#9164,.T.);
#9164 = EDGE_CURVE('',#8519,#1468,#9165,.T.);
#9165 = LINE('',#9166,#9167);
#9166 = CARTESIAN_POINT('',(1.013542751574,0.951,-0.237464103639));
#9167 = VECTOR('',#9168,1.);
#9168 = DIRECTION('',(0.,-1.,0.));
#9169 = ORIENTED_EDGE('',*,*,#1476,.F.);
#9170 = B_SPLINE_SURFACE_WITH_KNOTS('',3,1,(
    (#9171,#9172)
    ,(#9173,#9174)
    ,(#9175,#9176)
    ,(#9177,#9178
    )),.UNSPECIFIED.,.F.,.F.,.F.,(4,4),(2,2),(27.,28.),(0.,1.),
  .PIECEWISE_BEZIER_KNOTS.);
#9171 = CARTESIAN_POINT('',(1.000000042409,0.951,-0.224112141083));
#9172 = CARTESIAN_POINT('',(1.000000042409,0.949999999999,
    -0.224112141083));
#9173 = CARTESIAN_POINT('',(1.00737439482,0.951,-0.224059839544));
#9174 = CARTESIAN_POINT('',(1.00737439482,0.949999999999,-0.224059839544
    ));
#9175 = CARTESIAN_POINT('',(1.013490450152,0.951,-0.230089767775));
#9176 = CARTESIAN_POINT('',(1.013490450152,0.949999999999,
    -0.230089767775));
#9177 = CARTESIAN_POINT('',(1.013542751574,0.951,-0.237464103639));
#9178 = CARTESIAN_POINT('',(1.013542751574,0.949999999999,
    -0.237464103639));
#9179 = ADVANCED_FACE('',(#9180),#9191,.F.);
#9180 = FACE_BOUND('',#9181,.F.);
#9181 = EDGE_LOOP('',(#9182,#9183,#9184,#9190));
#9182 = ORIENTED_EDGE('',*,*,#9164,.F.);
#9183 = ORIENTED_EDGE('',*,*,#8527,.T.);
#9184 = ORIENTED_EDGE('',*,*,#9185,.T.);
#9185 = EDGE_CURVE('',#8528,#1460,#9186,.T.);
#9186 = LINE('',#9187,#9188);
#9187 = CARTESIAN_POINT('',(1.001058346263,0.951,-0.251000659779));
#9188 = VECTOR('',#9189,1.);
#9189 = DIRECTION('',(0.,-1.,0.));
#9190 = ORIENTED_EDGE('',*,*,#1467,.F.);
#9191 = B_SPLINE_SURFACE_WITH_KNOTS('',3,1,(
    (#9192,#9193)
    ,(#9194,#9195)
    ,(#9196,#9197)
    ,(#9198,#9199
    )),.UNSPECIFIED.,.F.,.F.,.F.,(4,4),(2,2),(28.,29.),(0.,1.),
  .PIECEWISE_BEZIER_KNOTS.);
#9192 = CARTESIAN_POINT('',(1.013542751574,0.951,-0.237464103639));
#9193 = CARTESIAN_POINT('',(1.013542751574,0.949999999999,
    -0.237464103639));
#9194 = CARTESIAN_POINT('',(1.013591976483,0.951,-0.24440466088));
#9195 = CARTESIAN_POINT('',(1.013591976483,0.949999999999,-0.24440466088
    ));
#9196 = CARTESIAN_POINT('',(1.007995843539,0.951,-0.250517656131));
#9197 = CARTESIAN_POINT('',(1.007995843539,0.949999999999,
    -0.250517656131));
#9198 = CARTESIAN_POINT('',(1.001058346263,0.951,-0.251000659779));
#9199 = CARTESIAN_POINT('',(1.001058346263,0.949999999999,
    -0.251000659779));
#9200 = ADVANCED_FACE('',(#9201),#9212,.F.);
#9201 = FACE_BOUND('',#9202,.T.);
#9202 = EDGE_LOOP('',(#9203,#9204,#9210,#9211));
#9203 = ORIENTED_EDGE('',*,*,#1459,.T.);
#9204 = ORIENTED_EDGE('',*,*,#9205,.F.);
#9205 = EDGE_CURVE('',#8537,#1451,#9206,.T.);
#9206 = LINE('',#9207,#9208);
#9207 = CARTESIAN_POINT('',(0.975465026956,0.951,-0.251182176734));
#9208 = VECTOR('',#9209,1.);
#9209 = DIRECTION('',(0.,-1.,0.));
#9210 = ORIENTED_EDGE('',*,*,#8536,.F.);
#9211 = ORIENTED_EDGE('',*,*,#9185,.T.);
#9212 = PLANE('',#9213);
#9213 = AXIS2_PLACEMENT_3D('',#9214,#9215,#9216);
#9214 = CARTESIAN_POINT('',(0.976766379371,0.951,-0.251172947078));
#9215 = DIRECTION('',(-7.092178509005E-03,0.,0.999974850186));
#9216 = DIRECTION('',(0.999974850186,0.,7.092178509005E-03));
#9217 = ADVANCED_FACE('',(#9218),#9229,.F.);
#9218 = FACE_BOUND('',#9219,.F.);
#9219 = EDGE_LOOP('',(#9220,#9221,#9222,#9228));
#9220 = ORIENTED_EDGE('',*,*,#9205,.F.);
#9221 = ORIENTED_EDGE('',*,*,#8544,.T.);
#9222 = ORIENTED_EDGE('',*,*,#9223,.T.);
#9223 = EDGE_CURVE('',#8545,#1442,#9224,.T.);
#9224 = LINE('',#9225,#9226);
#9225 = CARTESIAN_POINT('',(0.935852131431,0.951,-0.231941807765));
#9226 = VECTOR('',#9227,1.);
#9227 = DIRECTION('',(0.,-1.,0.));
#9228 = ORIENTED_EDGE('',*,*,#1450,.F.);
#9229 = B_SPLINE_SURFACE_WITH_KNOTS('',3,1,(
    (#9230,#9231)
    ,(#9232,#9233)
    ,(#9234,#9235)
    ,(#9236,#9237
    )),.UNSPECIFIED.,.F.,.F.,.F.,(4,4),(2,2),(33.,34.),(0.,1.),
  .PIECEWISE_BEZIER_KNOTS.);
#9230 = CARTESIAN_POINT('',(0.975465026956,0.951,-0.251182176734));
#9231 = CARTESIAN_POINT('',(0.975465026956,0.95,-0.251182176734));
#9232 = CARTESIAN_POINT('',(0.960273313856,0.951,-0.24998850391));
#9233 = CARTESIAN_POINT('',(0.960273313856,0.95,-0.24998850391));
#9234 = CARTESIAN_POINT('',(0.946342957799,0.951,-0.243146380056));
#9235 = CARTESIAN_POINT('',(0.946342957799,0.95,-0.243146380056));
#9236 = CARTESIAN_POINT('',(0.935852131431,0.951,-0.231941807765));
#9237 = CARTESIAN_POINT('',(0.935852131431,0.95,-0.231941807765));
#9238 = ADVANCED_FACE('',(#9239),#9245,.F.);
#9239 = FACE_BOUND('',#9240,.F.);
#9240 = EDGE_LOOP('',(#9241,#9242,#9243,#9244));
#9241 = ORIENTED_EDGE('',*,*,#9223,.F.);
#9242 = ORIENTED_EDGE('',*,*,#8553,.T.);
#9243 = ORIENTED_EDGE('',*,*,#8593,.T.);
#9244 = ORIENTED_EDGE('',*,*,#1441,.F.);
#9245 = B_SPLINE_SURFACE_WITH_KNOTS('',3,1,(
    (#9246,#9247)
    ,(#9248,#9249)
    ,(#9250,#9251)
    ,(#9252,#9253
    )),.UNSPECIFIED.,.F.,.F.,.F.,(4,4),(2,2),(34.,35.),(0.,1.),
  .PIECEWISE_BEZIER_KNOTS.);
#9246 = CARTESIAN_POINT('',(0.935852131431,0.951,-0.231941807765));
#9247 = CARTESIAN_POINT('',(0.935852131431,0.949999999999,
    -0.231941807765));
#9248 = CARTESIAN_POINT('',(0.925361288514,0.951,-0.220737235592));
#9249 = CARTESIAN_POINT('',(0.925361288514,0.949999999999,
    -0.220737235592));
#9250 = CARTESIAN_POINT('',(0.919617480609,0.951,-0.206028526022));
#9251 = CARTESIAN_POINT('',(0.919617480609,0.949999999999,
    -0.206028526022));
#9252 = CARTESIAN_POINT('',(0.919509801018,0.951,-0.190846042578));
#9253 = CARTESIAN_POINT('',(0.919509801018,0.949999999999,
    -0.190846042578));
#9254 = ADVANCED_FACE('',(#9255),#9284,.T.);
#9255 = FACE_BOUND('',#9256,.T.);
#9256 = EDGE_LOOP('',(#9257,#9271,#9277,#9278));
#9257 = ORIENTED_EDGE('',*,*,#9258,.F.);
#9258 = EDGE_CURVE('',#9259,#9261,#9263,.T.);
#9259 = VERTEX_POINT('',#9260);
#9260 = CARTESIAN_POINT('',(1.103016345784,0.95,-0.252880406105));
#9261 = VERTEX_POINT('',#9262);
#9262 = CARTESIAN_POINT('',(1.10277637403,0.949999999999,-0.219045144047
    ));
#9263 = B_SPLINE_CURVE_WITH_KNOTS('',3,(#9264,#9265,#9266,#9267,#9268,
    #9269,#9270),.UNSPECIFIED.,.F.,.F.,(4,3,4),(0.,1.,2.),
  .PIECEWISE_BEZIER_KNOTS.);
#9264 = CARTESIAN_POINT('',(1.103016345784,0.95,-0.252880406105));
#9265 = CARTESIAN_POINT('',(1.09347307544,0.949999999999,-0.252948090384
    ));
#9266 = CARTESIAN_POINT('',(1.08604334486,0.949999999999,-0.245192244342
    ));
#9267 = CARTESIAN_POINT('',(1.085978737152,0.949999999999,
    -0.236082760894));
#9268 = CARTESIAN_POINT('',(1.085911052814,0.949999999999,
    -0.226539482277));
#9269 = CARTESIAN_POINT('',(1.093666882309,0.949999999999,
    -0.219109751814));
#9270 = CARTESIAN_POINT('',(1.10277637403,0.949999999999,-0.219045144047
    ));
#9271 = ORIENTED_EDGE('',*,*,#9272,.F.);
#9272 = EDGE_CURVE('',#8563,#9259,#9273,.T.);
#9273 = LINE('',#9274,#9275);
#9274 = CARTESIAN_POINT('',(1.103016345784,0.951,-0.252880406105));
#9275 = VECTOR('',#9276,1.);
#9276 = DIRECTION('',(0.,-1.,0.));
#9277 = ORIENTED_EDGE('',*,*,#8562,.T.);
#9278 = ORIENTED_EDGE('',*,*,#9279,.T.);
#9279 = EDGE_CURVE('',#8565,#9261,#9280,.T.);
#9280 = LINE('',#9281,#9282);
#9281 = CARTESIAN_POINT('',(1.10277637403,0.951,-0.219045144047));
#9282 = VECTOR('',#9283,1.);
#9283 = DIRECTION('',(0.,-1.,0.));
#9284 = B_SPLINE_SURFACE_WITH_KNOTS('',3,1,(
    (#9285,#9286)
    ,(#9287,#9288)
    ,(#9289,#9290)
    ,(#9291,#9292)
    ,(#9293,#9294)
    ,(#9295,#9296)
    ,(#9297,#9298
    )),.UNSPECIFIED.,.F.,.F.,.F.,(4,3,4),(2,2),(0.,1.,2.),(0.,1.),
  .PIECEWISE_BEZIER_KNOTS.);
#9285 = CARTESIAN_POINT('',(1.103016345784,0.951,-0.252880406105));
#9286 = CARTESIAN_POINT('',(1.103016345784,0.949999999999,
    -0.252880406105));
#9287 = CARTESIAN_POINT('',(1.09347307544,0.951,-0.252948090384));
#9288 = CARTESIAN_POINT('',(1.09347307544,0.949999999999,-0.252948090384
    ));
#9289 = CARTESIAN_POINT('',(1.08604334486,0.951,-0.245192244342));
#9290 = CARTESIAN_POINT('',(1.08604334486,0.949999999999,-0.245192244342
    ));
#9291 = CARTESIAN_POINT('',(1.085978737152,0.951,-0.236082760894));
#9292 = CARTESIAN_POINT('',(1.085978737152,0.949999999999,
    -0.236082760894));
#9293 = CARTESIAN_POINT('',(1.085911052814,0.951,-0.226539482277));
#9294 = CARTESIAN_POINT('',(1.085911052814,0.949999999999,
    -0.226539482277));
#9295 = CARTESIAN_POINT('',(1.093666882309,0.951,-0.219109751814));
#9296 = CARTESIAN_POINT('',(1.093666882309,0.949999999999,
    -0.219109751814));
#9297 = CARTESIAN_POINT('',(1.10277637403,0.951,-0.219045144047));
#9298 = CARTESIAN_POINT('',(1.10277637403,0.949999999999,-0.219045144047
    ));
#9299 = ADVANCED_FACE('',(#9300),#9314,.T.);
#9300 = FACE_BOUND('',#9301,.T.);
#9301 = EDGE_LOOP('',(#9302,#9311,#9312,#9313));
#9302 = ORIENTED_EDGE('',*,*,#9303,.F.);
#9303 = EDGE_CURVE('',#9261,#9259,#9304,.T.);
#9304 = B_SPLINE_CURVE_WITH_KNOTS('',3,(#9305,#9306,#9307,#9308,#9309,
    #9310),.UNSPECIFIED.,.F.,.F.,(4,2,4),(2.,3.,4.),.UNSPECIFIED.);
#9305 = CARTESIAN_POINT('',(1.10277637403,0.949999999999,-0.219045144047
    ));
#9306 = CARTESIAN_POINT('',(1.111885865752,0.949999999999,
    -0.218980536281));
#9307 = CARTESIAN_POINT('',(1.119746298324,0.949999999999,-0.22629951064
    ));
#9308 = CARTESIAN_POINT('',(1.119881667,0.949999999999,-0.245386067876)
  );
#9309 = CARTESIAN_POINT('',(1.112125837505,0.949999999999,
    -0.252815798339));
#9310 = CARTESIAN_POINT('',(1.103016345784,0.95,-0.252880406105));
#9311 = ORIENTED_EDGE('',*,*,#9279,.F.);
#9312 = ORIENTED_EDGE('',*,*,#8576,.T.);
#9313 = ORIENTED_EDGE('',*,*,#9272,.T.);
#9314 = B_SPLINE_SURFACE_WITH_KNOTS('',3,1,(
    (#9315,#9316)
    ,(#9317,#9318)
    ,(#9319,#9320)
    ,(#9321,#9322)
    ,(#9323,#9324)
    ,(#9325,#9326
    )),.UNSPECIFIED.,.F.,.F.,.F.,(4,2,4),(2,2),(2.,3.,4.),(0.,1.),
  .UNSPECIFIED.);
#9315 = CARTESIAN_POINT('',(1.10277637403,0.951,-0.219045144047));
#9316 = CARTESIAN_POINT('',(1.10277637403,0.949999999999,-0.219045144047
    ));
#9317 = CARTESIAN_POINT('',(1.111885865752,0.951,-0.218980536281));
#9318 = CARTESIAN_POINT('',(1.111885865752,0.949999999999,
    -0.218980536281));
#9319 = CARTESIAN_POINT('',(1.119746298324,0.951,-0.22629951064));
#9320 = CARTESIAN_POINT('',(1.119746298324,0.949999999999,-0.22629951064
    ));
#9321 = CARTESIAN_POINT('',(1.119881667,0.951,-0.245386067876));
#9322 = CARTESIAN_POINT('',(1.119881667,0.949999999999,-0.245386067876)
  );
#9323 = CARTESIAN_POINT('',(1.112125837505,0.951,-0.252815798339));
#9324 = CARTESIAN_POINT('',(1.112125837505,0.949999999999,
    -0.252815798339));
#9325 = CARTESIAN_POINT('',(1.103016345784,0.951,-0.252880406105));
#9326 = CARTESIAN_POINT('',(1.103016345784,0.949999999999,
    -0.252880406105));
#9327 = ADVANCED_FACE('',(#9328),#9332,.T.);
#9328 = FACE_BOUND('',#9329,.T.);
#9329 = EDGE_LOOP('',(#9330,#9331));
#9330 = ORIENTED_EDGE('',*,*,#9258,.T.);
#9331 = ORIENTED_EDGE('',*,*,#9303,.T.);
#9332 = PLANE('',#9333);
#9333 = AXIS2_PLACEMENT_3D('',#9334,#9335,#9336);
#9334 = CARTESIAN_POINT('',(-1.4,0.95,-0.34));
#9335 = DIRECTION('',(0.,1.,0.));
#9336 = DIRECTION('',(0.,-0.,1.));
#9337 = ( GEOMETRIC_REPRESENTATION_CONTEXT(3) 
GLOBAL_UNCERTAINTY_ASSIGNED_CONTEXT((#9341)) 
GLOBAL_UNIT_ASSIGNED_CONTEXT((#9338,#9339,#9340)) REPRESENTATION_CONTEXT
('Context #1','3D Context with UNIT and UNCERTAINTY') );
#9338 = ( LENGTH_UNIT() NAMED_UNIT(*) SI_UNIT(.MILLI.,.METRE.) );
#9339 = ( NAMED_UNIT(*) PLANE_ANGLE_UNIT() SI_UNIT($,.RADIAN.) );
#9340 = ( NAMED_UNIT(*) SI_UNIT($,.STERADIAN.) SOLID_ANGLE_UNIT() );
#9341 = UNCERTAINTY_MEASURE_WITH_UNIT(LENGTH_MEASURE(1.E-07),#9338,
  'distance_accuracy_value','confusion accuracy');
#9342 = PRODUCT_RELATED_PRODUCT_CATEGORY('part',$,(#7));
#9343 = MECHANICAL_DESIGN_GEOMETRIC_PRESENTATION_REPRESENTATION('',(
    #9344,#9355,#9363,#9370,#9377,#9384,#9391,#9398,#9405,#9412,#9419,
    #9426,#9433,#9440,#9447,#9454,#9461,#9468,#9475,#9482,#9489,#9496,
    #9503,#9510,#9517,#9524,#9531,#9538,#9545,#9552,#9559,#9566,#9573,
    #9580,#9587,#9594,#9601,#9608,#9615,#9622,#9629,#9636,#9643,#9650,
    #9657,#9664,#9671,#9678,#9685,#9692,#9699,#9706,#9713,#9720,#9727,
    #9734,#9741,#9748,#9755,#9762,#9769,#9776,#9783,#9790,#9797,#9804,
    #9811,#9818,#9825,#9832,#9839,#9846,#9853,#9860,#9867,#9874,#9881,
    #9888,#9895,#9902,#9909,#9916,#9923,#9930,#9937,#9944,#9951,#9958,
    #9965,#9972,#9979,#9986,#9993,#10000,#10007,#10014,#10021,#10028,
    #10035,#10042,#10049,#10056,#10063,#10070,#10077,#10084,#10091,
    #10098,#10105,#10112,#10119,#10126,#10133,#10140,#10147,#10154,
    #10161,#10168,#10175,#10182,#10189,#10196,#10203,#10210,#10217,
    #10224,#10231,#10238,#10245,#10252,#10259,#10266,#10273,#10280,
    #10287,#10294,#10301,#10308,#10315,#10322,#10329,#10336,#10343,
    #10350,#10357,#10364,#10371,#10378,#10385,#10392,#10399,#10406,
    #10413,#10420,#10427,#10434,#10441,#10448,#10455,#10462,#10469,
    #10476,#10483,#10490,#10497,#10504,#10511,#10518,#10525,#10532,
    #10539,#10546,#10553,#10560,#10567,#10574,#10581,#10588,#10595,
    #10602,#10609,#10616,#10623,#10630,#10637,#10644,#10651,#10658,
    #10665,#10672,#10679,#10686,#10693,#10700,#10707,#10714,#10721,
    #10728,#10735,#10742,#10749,#10756,#10763,#10770,#10777,#10784,
    #10791,#10798,#10805,#10812,#10819,#10826,#10833,#10840,#10847,
    #10854,#10861,#10868,#10875,#10882,#10889,#10896,#10903,#10910,
    #10917,#10924,#10931,#10938,#10945,#10952,#10959,#10966,#10973,
    #10980,#10987,#10994,#11001,#11008,#11015,#11022,#11029,#11036,
    #11043,#11050,#11057,#11064,#11071,#11078,#11085,#11092,#11099,
    #11106,#11113,#11120),#9337);
#9344 = STYLED_ITEM('color',(#9345),#15);
#9345 = PRESENTATION_STYLE_ASSIGNMENT((#9346,#9352));
#9346 = SURFACE_STYLE_USAGE(.BOTH.,#9347);
#9347 = SURFACE_SIDE_STYLE('',(#9348));
#9348 = SURFACE_STYLE_FILL_AREA(#9349);
#9349 = FILL_AREA_STYLE('',(#9350));
#9350 = FILL_AREA_STYLE_COLOUR('',#9351);
#9351 = COLOUR_RGB('',0.223529416636,0.223529416636,0.223529416636);
#9352 = CURVE_STYLE('',#9353,POSITIVE_LENGTH_MEASURE(0.1),#9354);
#9353 = DRAUGHTING_PRE_DEFINED_CURVE_FONT('continuous');
#9354 = COLOUR_RGB('',0.678431390124,0.709803936702,0.741176476869);
#9355 = OVER_RIDING_STYLED_ITEM('overriding color',(#9356),#143,#9344);
#9356 = PRESENTATION_STYLE_ASSIGNMENT((#9357));
#9357 = SURFACE_STYLE_USAGE(.BOTH.,#9358);
#9358 = SURFACE_SIDE_STYLE('',(#9359));
#9359 = SURFACE_STYLE_FILL_AREA(#9360);
#9360 = FILL_AREA_STYLE('',(#9361));
#9361 = FILL_AREA_STYLE_COLOUR('',#9362);
#9362 = DRAUGHTING_PRE_DEFINED_COLOUR('white');
#9363 = OVER_RIDING_STYLED_ITEM('overriding color',(#9364),#2139,#9344);
#9364 = PRESENTATION_STYLE_ASSIGNMENT((#9365));
#9365 = SURFACE_STYLE_USAGE(.BOTH.,#9366);
#9366 = SURFACE_SIDE_STYLE('',(#9367));
#9367 = SURFACE_STYLE_FILL_AREA(#9368);
#9368 = FILL_AREA_STYLE('',(#9369));
#9369 = FILL_AREA_STYLE_COLOUR('',#9362);
#9370 = OVER_RIDING_STYLED_ITEM('overriding color',(#9371),#2155,#9344);
#9371 = PRESENTATION_STYLE_ASSIGNMENT((#9372));
#9372 = SURFACE_STYLE_USAGE(.BOTH.,#9373);
#9373 = SURFACE_SIDE_STYLE('',(#9374));
#9374 = SURFACE_STYLE_FILL_AREA(#9375);
#9375 = FILL_AREA_STYLE('',(#9376));
#9376 = FILL_AREA_STYLE_COLOUR('',#9362);
#9377 = OVER_RIDING_STYLED_ITEM('overriding color',(#9378),#2188,#9344);
#9378 = PRESENTATION_STYLE_ASSIGNMENT((#9379));
#9379 = SURFACE_STYLE_USAGE(.BOTH.,#9380);
#9380 = SURFACE_SIDE_STYLE('',(#9381));
#9381 = SURFACE_STYLE_FILL_AREA(#9382);
#9382 = FILL_AREA_STYLE('',(#9383));
#9383 = FILL_AREA_STYLE_COLOUR('',#9362);
#9384 = OVER_RIDING_STYLED_ITEM('overriding color',(#9385),#2205,#9344);
#9385 = PRESENTATION_STYLE_ASSIGNMENT((#9386));
#9386 = SURFACE_STYLE_USAGE(.BOTH.,#9387);
#9387 = SURFACE_SIDE_STYLE('',(#9388));
#9388 = SURFACE_STYLE_FILL_AREA(#9389);
#9389 = FILL_AREA_STYLE('',(#9390));
#9390 = FILL_AREA_STYLE_COLOUR('',#9362);
#9391 = OVER_RIDING_STYLED_ITEM('overriding color',(#9392),#2230,#9344);
#9392 = PRESENTATION_STYLE_ASSIGNMENT((#9393));
#9393 = SURFACE_STYLE_USAGE(.BOTH.,#9394);
#9394 = SURFACE_SIDE_STYLE('',(#9395));
#9395 = SURFACE_STYLE_FILL_AREA(#9396);
#9396 = FILL_AREA_STYLE('',(#9397));
#9397 = FILL_AREA_STYLE_COLOUR('',#9362);
#9398 = OVER_RIDING_STYLED_ITEM('overriding color',(#9399),#2257,#9344);
#9399 = PRESENTATION_STYLE_ASSIGNMENT((#9400));
#9400 = SURFACE_STYLE_USAGE(.BOTH.,#9401);
#9401 = SURFACE_SIDE_STYLE('',(#9402));
#9402 = SURFACE_STYLE_FILL_AREA(#9403);
#9403 = FILL_AREA_STYLE('',(#9404));
#9404 = FILL_AREA_STYLE_COLOUR('',#9362);
#9405 = OVER_RIDING_STYLED_ITEM('overriding color',(#9406),#2281,#9344);
#9406 = PRESENTATION_STYLE_ASSIGNMENT((#9407));
#9407 = SURFACE_STYLE_USAGE(.BOTH.,#9408);
#9408 = SURFACE_SIDE_STYLE('',(#9409));
#9409 = SURFACE_STYLE_FILL_AREA(#9410);
#9410 = FILL_AREA_STYLE('',(#9411));
#9411 = FILL_AREA_STYLE_COLOUR('',#9362);
#9412 = OVER_RIDING_STYLED_ITEM('overriding color',(#9413),#2310,#9344);
#9413 = PRESENTATION_STYLE_ASSIGNMENT((#9414));
#9414 = SURFACE_STYLE_USAGE(.BOTH.,#9415);
#9415 = SURFACE_SIDE_STYLE('',(#9416));
#9416 = SURFACE_STYLE_FILL_AREA(#9417);
#9417 = FILL_AREA_STYLE('',(#9418));
#9418 = FILL_AREA_STYLE_COLOUR('',#9362);
#9419 = OVER_RIDING_STYLED_ITEM('overriding color',(#9420),#2327,#9344);
#9420 = PRESENTATION_STYLE_ASSIGNMENT((#9421));
#9421 = SURFACE_STYLE_USAGE(.BOTH.,#9422);
#9422 = SURFACE_SIDE_STYLE('',(#9423));
#9423 = SURFACE_STYLE_FILL_AREA(#9424);
#9424 = FILL_AREA_STYLE('',(#9425));
#9425 = FILL_AREA_STYLE_COLOUR('',#9362);
#9426 = OVER_RIDING_STYLED_ITEM('overriding color',(#9427),#2375,#9344);
#9427 = PRESENTATION_STYLE_ASSIGNMENT((#9428));
#9428 = SURFACE_STYLE_USAGE(.BOTH.,#9429);
#9429 = SURFACE_SIDE_STYLE('',(#9430));
#9430 = SURFACE_STYLE_FILL_AREA(#9431);
#9431 = FILL_AREA_STYLE('',(#9432));
#9432 = FILL_AREA_STYLE_COLOUR('',#9362);
#9433 = OVER_RIDING_STYLED_ITEM('overriding color',(#9434),#2406,#9344);
#9434 = PRESENTATION_STYLE_ASSIGNMENT((#9435));
#9435 = SURFACE_STYLE_USAGE(.BOTH.,#9436);
#9436 = SURFACE_SIDE_STYLE('',(#9437));
#9437 = SURFACE_STYLE_FILL_AREA(#9438);
#9438 = FILL_AREA_STYLE('',(#9439));
#9439 = FILL_AREA_STYLE_COLOUR('',#9362);
#9440 = OVER_RIDING_STYLED_ITEM('overriding color',(#9441),#2446,#9344);
#9441 = PRESENTATION_STYLE_ASSIGNMENT((#9442));
#9442 = SURFACE_STYLE_USAGE(.BOTH.,#9443);
#9443 = SURFACE_SIDE_STYLE('',(#9444));
#9444 = SURFACE_STYLE_FILL_AREA(#9445);
#9445 = FILL_AREA_STYLE('',(#9446));
#9446 = FILL_AREA_STYLE_COLOUR('',#9362);
#9447 = OVER_RIDING_STYLED_ITEM('overriding color',(#9448),#2470,#9344);
#9448 = PRESENTATION_STYLE_ASSIGNMENT((#9449));
#9449 = SURFACE_STYLE_USAGE(.BOTH.,#9450);
#9450 = SURFACE_SIDE_STYLE('',(#9451));
#9451 = SURFACE_STYLE_FILL_AREA(#9452);
#9452 = FILL_AREA_STYLE('',(#9453));
#9453 = FILL_AREA_STYLE_COLOUR('',#9362);
#9454 = OVER_RIDING_STYLED_ITEM('overriding color',(#9455),#2494,#9344);
#9455 = PRESENTATION_STYLE_ASSIGNMENT((#9456));
#9456 = SURFACE_STYLE_USAGE(.BOTH.,#9457);
#9457 = SURFACE_SIDE_STYLE('',(#9458));
#9458 = SURFACE_STYLE_FILL_AREA(#9459);
#9459 = FILL_AREA_STYLE('',(#9460));
#9460 = FILL_AREA_STYLE_COLOUR('',#9362);
#9461 = OVER_RIDING_STYLED_ITEM('overriding color',(#9462),#2506,#9344);
#9462 = PRESENTATION_STYLE_ASSIGNMENT((#9463));
#9463 = SURFACE_STYLE_USAGE(.BOTH.,#9464);
#9464 = SURFACE_SIDE_STYLE('',(#9465));
#9465 = SURFACE_STYLE_FILL_AREA(#9466);
#9466 = FILL_AREA_STYLE('',(#9467));
#9467 = FILL_AREA_STYLE_COLOUR('',#9362);
#9468 = OVER_RIDING_STYLED_ITEM('overriding color',(#9469),#2518,#9344);
#9469 = PRESENTATION_STYLE_ASSIGNMENT((#9470));
#9470 = SURFACE_STYLE_USAGE(.BOTH.,#9471);
#9471 = SURFACE_SIDE_STYLE('',(#9472));
#9472 = SURFACE_STYLE_FILL_AREA(#9473);
#9473 = FILL_AREA_STYLE('',(#9474));
#9474 = FILL_AREA_STYLE_COLOUR('',#9362);
#9475 = OVER_RIDING_STYLED_ITEM('overriding color',(#9476),#2549,#9344);
#9476 = PRESENTATION_STYLE_ASSIGNMENT((#9477));
#9477 = SURFACE_STYLE_USAGE(.BOTH.,#9478);
#9478 = SURFACE_SIDE_STYLE('',(#9479));
#9479 = SURFACE_STYLE_FILL_AREA(#9480);
#9480 = FILL_AREA_STYLE('',(#9481));
#9481 = FILL_AREA_STYLE_COLOUR('',#9362);
#9482 = OVER_RIDING_STYLED_ITEM('overriding color',(#9483),#2589,#9344);
#9483 = PRESENTATION_STYLE_ASSIGNMENT((#9484));
#9484 = SURFACE_STYLE_USAGE(.BOTH.,#9485);
#9485 = SURFACE_SIDE_STYLE('',(#9486));
#9486 = SURFACE_STYLE_FILL_AREA(#9487);
#9487 = FILL_AREA_STYLE('',(#9488));
#9488 = FILL_AREA_STYLE_COLOUR('',#9362);
#9489 = OVER_RIDING_STYLED_ITEM('overriding color',(#9490),#2613,#9344);
#9490 = PRESENTATION_STYLE_ASSIGNMENT((#9491));
#9491 = SURFACE_STYLE_USAGE(.BOTH.,#9492);
#9492 = SURFACE_SIDE_STYLE('',(#9493));
#9493 = SURFACE_STYLE_FILL_AREA(#9494);
#9494 = FILL_AREA_STYLE('',(#9495));
#9495 = FILL_AREA_STYLE_COLOUR('',#9362);
#9496 = OVER_RIDING_STYLED_ITEM('overriding color',(#9497),#2637,#9344);
#9497 = PRESENTATION_STYLE_ASSIGNMENT((#9498));
#9498 = SURFACE_STYLE_USAGE(.BOTH.,#9499);
#9499 = SURFACE_SIDE_STYLE('',(#9500));
#9500 = SURFACE_STYLE_FILL_AREA(#9501);
#9501 = FILL_AREA_STYLE('',(#9502));
#9502 = FILL_AREA_STYLE_COLOUR('',#9362);
#9503 = OVER_RIDING_STYLED_ITEM('overriding color',(#9504),#2649,#9344);
#9504 = PRESENTATION_STYLE_ASSIGNMENT((#9505));
#9505 = SURFACE_STYLE_USAGE(.BOTH.,#9506);
#9506 = SURFACE_SIDE_STYLE('',(#9507));
#9507 = SURFACE_STYLE_FILL_AREA(#9508);
#9508 = FILL_AREA_STYLE('',(#9509));
#9509 = FILL_AREA_STYLE_COLOUR('',#9362);
#9510 = OVER_RIDING_STYLED_ITEM('overriding color',(#9511),#2661,#9344);
#9511 = PRESENTATION_STYLE_ASSIGNMENT((#9512));
#9512 = SURFACE_STYLE_USAGE(.BOTH.,#9513);
#9513 = SURFACE_SIDE_STYLE('',(#9514));
#9514 = SURFACE_STYLE_FILL_AREA(#9515);
#9515 = FILL_AREA_STYLE('',(#9516));
#9516 = FILL_AREA_STYLE_COLOUR('',#9362);
#9517 = OVER_RIDING_STYLED_ITEM('overriding color',(#9518),#2692,#9344);
#9518 = PRESENTATION_STYLE_ASSIGNMENT((#9519));
#9519 = SURFACE_STYLE_USAGE(.BOTH.,#9520);
#9520 = SURFACE_SIDE_STYLE('',(#9521));
#9521 = SURFACE_STYLE_FILL_AREA(#9522);
#9522 = FILL_AREA_STYLE('',(#9523));
#9523 = FILL_AREA_STYLE_COLOUR('',#9362);
#9524 = OVER_RIDING_STYLED_ITEM('overriding color',(#9525),#2725,#9344);
#9525 = PRESENTATION_STYLE_ASSIGNMENT((#9526));
#9526 = SURFACE_STYLE_USAGE(.BOTH.,#9527);
#9527 = SURFACE_SIDE_STYLE('',(#9528));
#9528 = SURFACE_STYLE_FILL_AREA(#9529);
#9529 = FILL_AREA_STYLE('',(#9530));
#9530 = FILL_AREA_STYLE_COLOUR('',#9362);
#9531 = OVER_RIDING_STYLED_ITEM('overriding color',(#9532),#2758,#9344);
#9532 = PRESENTATION_STYLE_ASSIGNMENT((#9533));
#9533 = SURFACE_STYLE_USAGE(.BOTH.,#9534);
#9534 = SURFACE_SIDE_STYLE('',(#9535));
#9535 = SURFACE_STYLE_FILL_AREA(#9536);
#9536 = FILL_AREA_STYLE('',(#9537));
#9537 = FILL_AREA_STYLE_COLOUR('',#9362);
#9538 = OVER_RIDING_STYLED_ITEM('overriding color',(#9539),#2775,#9344);
#9539 = PRESENTATION_STYLE_ASSIGNMENT((#9540));
#9540 = SURFACE_STYLE_USAGE(.BOTH.,#9541);
#9541 = SURFACE_SIDE_STYLE('',(#9542));
#9542 = SURFACE_STYLE_FILL_AREA(#9543);
#9543 = FILL_AREA_STYLE('',(#9544));
#9544 = FILL_AREA_STYLE_COLOUR('',#9362);
#9545 = OVER_RIDING_STYLED_ITEM('overriding color',(#9546),#2792,#9344);
#9546 = PRESENTATION_STYLE_ASSIGNMENT((#9547));
#9547 = SURFACE_STYLE_USAGE(.BOTH.,#9548);
#9548 = SURFACE_SIDE_STYLE('',(#9549));
#9549 = SURFACE_STYLE_FILL_AREA(#9550);
#9550 = FILL_AREA_STYLE('',(#9551));
#9551 = FILL_AREA_STYLE_COLOUR('',#9362);
#9552 = OVER_RIDING_STYLED_ITEM('overriding color',(#9553),#2804,#9344);
#9553 = PRESENTATION_STYLE_ASSIGNMENT((#9554));
#9554 = SURFACE_STYLE_USAGE(.BOTH.,#9555);
#9555 = SURFACE_SIDE_STYLE('',(#9556));
#9556 = SURFACE_STYLE_FILL_AREA(#9557);
#9557 = FILL_AREA_STYLE('',(#9558));
#9558 = FILL_AREA_STYLE_COLOUR('',#9362);
#9559 = OVER_RIDING_STYLED_ITEM('overriding color',(#9560),#2835,#9344);
#9560 = PRESENTATION_STYLE_ASSIGNMENT((#9561));
#9561 = SURFACE_STYLE_USAGE(.BOTH.,#9562);
#9562 = SURFACE_SIDE_STYLE('',(#9563));
#9563 = SURFACE_STYLE_FILL_AREA(#9564);
#9564 = FILL_AREA_STYLE('',(#9565));
#9565 = FILL_AREA_STYLE_COLOUR('',#9362);
#9566 = OVER_RIDING_STYLED_ITEM('overriding color',(#9567),#2868,#9344);
#9567 = PRESENTATION_STYLE_ASSIGNMENT((#9568));
#9568 = SURFACE_STYLE_USAGE(.BOTH.,#9569);
#9569 = SURFACE_SIDE_STYLE('',(#9570));
#9570 = SURFACE_STYLE_FILL_AREA(#9571);
#9571 = FILL_AREA_STYLE('',(#9572));
#9572 = FILL_AREA_STYLE_COLOUR('',#9362);
#9573 = OVER_RIDING_STYLED_ITEM('overriding color',(#9574),#2901,#9344);
#9574 = PRESENTATION_STYLE_ASSIGNMENT((#9575));
#9575 = SURFACE_STYLE_USAGE(.BOTH.,#9576);
#9576 = SURFACE_SIDE_STYLE('',(#9577));
#9577 = SURFACE_STYLE_FILL_AREA(#9578);
#9578 = FILL_AREA_STYLE('',(#9579));
#9579 = FILL_AREA_STYLE_COLOUR('',#9362);
#9580 = OVER_RIDING_STYLED_ITEM('overriding color',(#9581),#2918,#9344);
#9581 = PRESENTATION_STYLE_ASSIGNMENT((#9582));
#9582 = SURFACE_STYLE_USAGE(.BOTH.,#9583);
#9583 = SURFACE_SIDE_STYLE('',(#9584));
#9584 = SURFACE_STYLE_FILL_AREA(#9585);
#9585 = FILL_AREA_STYLE('',(#9586));
#9586 = FILL_AREA_STYLE_COLOUR('',#9362);
#9587 = OVER_RIDING_STYLED_ITEM('overriding color',(#9588),#2935,#9344);
#9588 = PRESENTATION_STYLE_ASSIGNMENT((#9589));
#9589 = SURFACE_STYLE_USAGE(.BOTH.,#9590);
#9590 = SURFACE_SIDE_STYLE('',(#9591));
#9591 = SURFACE_STYLE_FILL_AREA(#9592);
#9592 = FILL_AREA_STYLE('',(#9593));
#9593 = FILL_AREA_STYLE_COLOUR('',#9362);
#9594 = OVER_RIDING_STYLED_ITEM('overriding color',(#9595),#3211,#9344);
#9595 = PRESENTATION_STYLE_ASSIGNMENT((#9596));
#9596 = SURFACE_STYLE_USAGE(.BOTH.,#9597);
#9597 = SURFACE_SIDE_STYLE('',(#9598));
#9598 = SURFACE_STYLE_FILL_AREA(#9599);
#9599 = FILL_AREA_STYLE('',(#9600));
#9600 = FILL_AREA_STYLE_COLOUR('',#9362);
#9601 = OVER_RIDING_STYLED_ITEM('overriding color',(#9602),#3228,#9344);
#9602 = PRESENTATION_STYLE_ASSIGNMENT((#9603));
#9603 = SURFACE_STYLE_USAGE(.BOTH.,#9604);
#9604 = SURFACE_SIDE_STYLE('',(#9605));
#9605 = SURFACE_STYLE_FILL_AREA(#9606);
#9606 = FILL_AREA_STYLE('',(#9607));
#9607 = FILL_AREA_STYLE_COLOUR('',#9362);
#9608 = OVER_RIDING_STYLED_ITEM('overriding color',(#9609),#3259,#9344);
#9609 = PRESENTATION_STYLE_ASSIGNMENT((#9610));
#9610 = SURFACE_STYLE_USAGE(.BOTH.,#9611);
#9611 = SURFACE_SIDE_STYLE('',(#9612));
#9612 = SURFACE_STYLE_FILL_AREA(#9613);
#9613 = FILL_AREA_STYLE('',(#9614));
#9614 = FILL_AREA_STYLE_COLOUR('',#9362);
#9615 = OVER_RIDING_STYLED_ITEM('overriding color',(#9616),#3283,#9344);
#9616 = PRESENTATION_STYLE_ASSIGNMENT((#9617));
#9617 = SURFACE_STYLE_USAGE(.BOTH.,#9618);
#9618 = SURFACE_SIDE_STYLE('',(#9619));
#9619 = SURFACE_STYLE_FILL_AREA(#9620);
#9620 = FILL_AREA_STYLE('',(#9621));
#9621 = FILL_AREA_STYLE_COLOUR('',#9362);
#9622 = OVER_RIDING_STYLED_ITEM('overriding color',(#9623),#3307,#9344);
#9623 = PRESENTATION_STYLE_ASSIGNMENT((#9624));
#9624 = SURFACE_STYLE_USAGE(.BOTH.,#9625);
#9625 = SURFACE_SIDE_STYLE('',(#9626));
#9626 = SURFACE_STYLE_FILL_AREA(#9627);
#9627 = FILL_AREA_STYLE('',(#9628));
#9628 = FILL_AREA_STYLE_COLOUR('',#9362);
#9629 = OVER_RIDING_STYLED_ITEM('overriding color',(#9630),#3331,#9344);
#9630 = PRESENTATION_STYLE_ASSIGNMENT((#9631));
#9631 = SURFACE_STYLE_USAGE(.BOTH.,#9632);
#9632 = SURFACE_SIDE_STYLE('',(#9633));
#9633 = SURFACE_STYLE_FILL_AREA(#9634);
#9634 = FILL_AREA_STYLE('',(#9635));
#9635 = FILL_AREA_STYLE_COLOUR('',#9362);
#9636 = OVER_RIDING_STYLED_ITEM('overriding color',(#9637),#3355,#9344);
#9637 = PRESENTATION_STYLE_ASSIGNMENT((#9638));
#9638 = SURFACE_STYLE_USAGE(.BOTH.,#9639);
#9639 = SURFACE_SIDE_STYLE('',(#9640));
#9640 = SURFACE_STYLE_FILL_AREA(#9641);
#9641 = FILL_AREA_STYLE('',(#9642));
#9642 = FILL_AREA_STYLE_COLOUR('',#9362);
#9643 = OVER_RIDING_STYLED_ITEM('overriding color',(#9644),#3372,#9344);
#9644 = PRESENTATION_STYLE_ASSIGNMENT((#9645));
#9645 = SURFACE_STYLE_USAGE(.BOTH.,#9646);
#9646 = SURFACE_SIDE_STYLE('',(#9647));
#9647 = SURFACE_STYLE_FILL_AREA(#9648);
#9648 = FILL_AREA_STYLE('',(#9649));
#9649 = FILL_AREA_STYLE_COLOUR('',#9362);
#9650 = OVER_RIDING_STYLED_ITEM('overriding color',(#9651),#3386,#9344);
#9651 = PRESENTATION_STYLE_ASSIGNMENT((#9652));
#9652 = SURFACE_STYLE_USAGE(.BOTH.,#9653);
#9653 = SURFACE_SIDE_STYLE('',(#9654));
#9654 = SURFACE_STYLE_FILL_AREA(#9655);
#9655 = FILL_AREA_STYLE('',(#9656));
#9656 = FILL_AREA_STYLE_COLOUR('',#9362);
#9657 = OVER_RIDING_STYLED_ITEM('overriding color',(#9658),#3422,#9344);
#9658 = PRESENTATION_STYLE_ASSIGNMENT((#9659));
#9659 = SURFACE_STYLE_USAGE(.BOTH.,#9660);
#9660 = SURFACE_SIDE_STYLE('',(#9661));
#9661 = SURFACE_STYLE_FILL_AREA(#9662);
#9662 = FILL_AREA_STYLE('',(#9663));
#9663 = FILL_AREA_STYLE_COLOUR('',#9362);
#9664 = OVER_RIDING_STYLED_ITEM('overriding color',(#9665),#3446,#9344);
#9665 = PRESENTATION_STYLE_ASSIGNMENT((#9666));
#9666 = SURFACE_STYLE_USAGE(.BOTH.,#9667);
#9667 = SURFACE_SIDE_STYLE('',(#9668));
#9668 = SURFACE_STYLE_FILL_AREA(#9669);
#9669 = FILL_AREA_STYLE('',(#9670));
#9670 = FILL_AREA_STYLE_COLOUR('',#9362);
#9671 = OVER_RIDING_STYLED_ITEM('overriding color',(#9672),#3475,#9344);
#9672 = PRESENTATION_STYLE_ASSIGNMENT((#9673));
#9673 = SURFACE_STYLE_USAGE(.BOTH.,#9674);
#9674 = SURFACE_SIDE_STYLE('',(#9675));
#9675 = SURFACE_STYLE_FILL_AREA(#9676);
#9676 = FILL_AREA_STYLE('',(#9677));
#9677 = FILL_AREA_STYLE_COLOUR('',#9362);
#9678 = OVER_RIDING_STYLED_ITEM('overriding color',(#9679),#3504,#9344);
#9679 = PRESENTATION_STYLE_ASSIGNMENT((#9680));
#9680 = SURFACE_STYLE_USAGE(.BOTH.,#9681);
#9681 = SURFACE_SIDE_STYLE('',(#9682));
#9682 = SURFACE_STYLE_FILL_AREA(#9683);
#9683 = FILL_AREA_STYLE('',(#9684));
#9684 = FILL_AREA_STYLE_COLOUR('',#9362);
#9685 = OVER_RIDING_STYLED_ITEM('overriding color',(#9686),#3533,#9344);
#9686 = PRESENTATION_STYLE_ASSIGNMENT((#9687));
#9687 = SURFACE_STYLE_USAGE(.BOTH.,#9688);
#9688 = SURFACE_SIDE_STYLE('',(#9689));
#9689 = SURFACE_STYLE_FILL_AREA(#9690);
#9690 = FILL_AREA_STYLE('',(#9691));
#9691 = FILL_AREA_STYLE_COLOUR('',#9362);
#9692 = OVER_RIDING_STYLED_ITEM('overriding color',(#9693),#3562,#9344);
#9693 = PRESENTATION_STYLE_ASSIGNMENT((#9694));
#9694 = SURFACE_STYLE_USAGE(.BOTH.,#9695);
#9695 = SURFACE_SIDE_STYLE('',(#9696));
#9696 = SURFACE_STYLE_FILL_AREA(#9697);
#9697 = FILL_AREA_STYLE('',(#9698));
#9698 = FILL_AREA_STYLE_COLOUR('',#9362);
#9699 = OVER_RIDING_STYLED_ITEM('overriding color',(#9700),#3591,#9344);
#9700 = PRESENTATION_STYLE_ASSIGNMENT((#9701));
#9701 = SURFACE_STYLE_USAGE(.BOTH.,#9702);
#9702 = SURFACE_SIDE_STYLE('',(#9703));
#9703 = SURFACE_STYLE_FILL_AREA(#9704);
#9704 = FILL_AREA_STYLE('',(#9705));
#9705 = FILL_AREA_STYLE_COLOUR('',#9362);
#9706 = OVER_RIDING_STYLED_ITEM('overriding color',(#9707),#3620,#9344);
#9707 = PRESENTATION_STYLE_ASSIGNMENT((#9708));
#9708 = SURFACE_STYLE_USAGE(.BOTH.,#9709);
#9709 = SURFACE_SIDE_STYLE('',(#9710));
#9710 = SURFACE_STYLE_FILL_AREA(#9711);
#9711 = FILL_AREA_STYLE('',(#9712));
#9712 = FILL_AREA_STYLE_COLOUR('',#9362);
#9713 = OVER_RIDING_STYLED_ITEM('overriding color',(#9714),#3644,#9344);
#9714 = PRESENTATION_STYLE_ASSIGNMENT((#9715));
#9715 = SURFACE_STYLE_USAGE(.BOTH.,#9716);
#9716 = SURFACE_SIDE_STYLE('',(#9717));
#9717 = SURFACE_STYLE_FILL_AREA(#9718);
#9718 = FILL_AREA_STYLE('',(#9719));
#9719 = FILL_AREA_STYLE_COLOUR('',#9362);
#9720 = OVER_RIDING_STYLED_ITEM('overriding color',(#9721),#3673,#9344);
#9721 = PRESENTATION_STYLE_ASSIGNMENT((#9722));
#9722 = SURFACE_STYLE_USAGE(.BOTH.,#9723);
#9723 = SURFACE_SIDE_STYLE('',(#9724));
#9724 = SURFACE_STYLE_FILL_AREA(#9725);
#9725 = FILL_AREA_STYLE('',(#9726));
#9726 = FILL_AREA_STYLE_COLOUR('',#9362);
#9727 = OVER_RIDING_STYLED_ITEM('overriding color',(#9728),#3702,#9344);
#9728 = PRESENTATION_STYLE_ASSIGNMENT((#9729));
#9729 = SURFACE_STYLE_USAGE(.BOTH.,#9730);
#9730 = SURFACE_SIDE_STYLE('',(#9731));
#9731 = SURFACE_STYLE_FILL_AREA(#9732);
#9732 = FILL_AREA_STYLE('',(#9733));
#9733 = FILL_AREA_STYLE_COLOUR('',#9362);
#9734 = OVER_RIDING_STYLED_ITEM('overriding color',(#9735),#3731,#9344);
#9735 = PRESENTATION_STYLE_ASSIGNMENT((#9736));
#9736 = SURFACE_STYLE_USAGE(.BOTH.,#9737);
#9737 = SURFACE_SIDE_STYLE('',(#9738));
#9738 = SURFACE_STYLE_FILL_AREA(#9739);
#9739 = FILL_AREA_STYLE('',(#9740));
#9740 = FILL_AREA_STYLE_COLOUR('',#9362);
#9741 = OVER_RIDING_STYLED_ITEM('overriding color',(#9742),#3760,#9344);
#9742 = PRESENTATION_STYLE_ASSIGNMENT((#9743));
#9743 = SURFACE_STYLE_USAGE(.BOTH.,#9744);
#9744 = SURFACE_SIDE_STYLE('',(#9745));
#9745 = SURFACE_STYLE_FILL_AREA(#9746);
#9746 = FILL_AREA_STYLE('',(#9747));
#9747 = FILL_AREA_STYLE_COLOUR('',#9362);
#9748 = OVER_RIDING_STYLED_ITEM('overriding color',(#9749),#3782,#9344);
#9749 = PRESENTATION_STYLE_ASSIGNMENT((#9750));
#9750 = SURFACE_STYLE_USAGE(.BOTH.,#9751);
#9751 = SURFACE_SIDE_STYLE('',(#9752));
#9752 = SURFACE_STYLE_FILL_AREA(#9753);
#9753 = FILL_AREA_STYLE('',(#9754));
#9754 = FILL_AREA_STYLE_COLOUR('',#9362);
#9755 = OVER_RIDING_STYLED_ITEM('overriding color',(#9756),#3804,#9344);
#9756 = PRESENTATION_STYLE_ASSIGNMENT((#9757));
#9757 = SURFACE_STYLE_USAGE(.BOTH.,#9758);
#9758 = SURFACE_SIDE_STYLE('',(#9759));
#9759 = SURFACE_STYLE_FILL_AREA(#9760);
#9760 = FILL_AREA_STYLE('',(#9761));
#9761 = FILL_AREA_STYLE_COLOUR('',#9362);
#9762 = OVER_RIDING_STYLED_ITEM('overriding color',(#9763),#3835,#9344);
#9763 = PRESENTATION_STYLE_ASSIGNMENT((#9764));
#9764 = SURFACE_STYLE_USAGE(.BOTH.,#9765);
#9765 = SURFACE_SIDE_STYLE('',(#9766));
#9766 = SURFACE_STYLE_FILL_AREA(#9767);
#9767 = FILL_AREA_STYLE('',(#9768));
#9768 = FILL_AREA_STYLE_COLOUR('',#9362);
#9769 = OVER_RIDING_STYLED_ITEM('overriding color',(#9770),#3859,#9344);
#9770 = PRESENTATION_STYLE_ASSIGNMENT((#9771));
#9771 = SURFACE_STYLE_USAGE(.BOTH.,#9772);
#9772 = SURFACE_SIDE_STYLE('',(#9773));
#9773 = SURFACE_STYLE_FILL_AREA(#9774);
#9774 = FILL_AREA_STYLE('',(#9775));
#9775 = FILL_AREA_STYLE_COLOUR('',#9362);
#9776 = OVER_RIDING_STYLED_ITEM('overriding color',(#9777),#3883,#9344);
#9777 = PRESENTATION_STYLE_ASSIGNMENT((#9778));
#9778 = SURFACE_STYLE_USAGE(.BOTH.,#9779);
#9779 = SURFACE_SIDE_STYLE('',(#9780));
#9780 = SURFACE_STYLE_FILL_AREA(#9781);
#9781 = FILL_AREA_STYLE('',(#9782));
#9782 = FILL_AREA_STYLE_COLOUR('',#9362);
#9783 = OVER_RIDING_STYLED_ITEM('overriding color',(#9784),#3907,#9344);
#9784 = PRESENTATION_STYLE_ASSIGNMENT((#9785));
#9785 = SURFACE_STYLE_USAGE(.BOTH.,#9786);
#9786 = SURFACE_SIDE_STYLE('',(#9787));
#9787 = SURFACE_STYLE_FILL_AREA(#9788);
#9788 = FILL_AREA_STYLE('',(#9789));
#9789 = FILL_AREA_STYLE_COLOUR('',#9362);
#9790 = OVER_RIDING_STYLED_ITEM('overriding color',(#9791),#3931,#9344);
#9791 = PRESENTATION_STYLE_ASSIGNMENT((#9792));
#9792 = SURFACE_STYLE_USAGE(.BOTH.,#9793);
#9793 = SURFACE_SIDE_STYLE('',(#9794));
#9794 = SURFACE_STYLE_FILL_AREA(#9795);
#9795 = FILL_AREA_STYLE('',(#9796));
#9796 = FILL_AREA_STYLE_COLOUR('',#9362);
#9797 = OVER_RIDING_STYLED_ITEM('overriding color',(#9798),#3955,#9344);
#9798 = PRESENTATION_STYLE_ASSIGNMENT((#9799));
#9799 = SURFACE_STYLE_USAGE(.BOTH.,#9800);
#9800 = SURFACE_SIDE_STYLE('',(#9801));
#9801 = SURFACE_STYLE_FILL_AREA(#9802);
#9802 = FILL_AREA_STYLE('',(#9803));
#9803 = FILL_AREA_STYLE_COLOUR('',#9362);
#9804 = OVER_RIDING_STYLED_ITEM('overriding color',(#9805),#3979,#9344);
#9805 = PRESENTATION_STYLE_ASSIGNMENT((#9806));
#9806 = SURFACE_STYLE_USAGE(.BOTH.,#9807);
#9807 = SURFACE_SIDE_STYLE('',(#9808));
#9808 = SURFACE_STYLE_FILL_AREA(#9809);
#9809 = FILL_AREA_STYLE('',(#9810));
#9810 = FILL_AREA_STYLE_COLOUR('',#9362);
#9811 = OVER_RIDING_STYLED_ITEM('overriding color',(#9812),#4003,#9344);
#9812 = PRESENTATION_STYLE_ASSIGNMENT((#9813));
#9813 = SURFACE_STYLE_USAGE(.BOTH.,#9814);
#9814 = SURFACE_SIDE_STYLE('',(#9815));
#9815 = SURFACE_STYLE_FILL_AREA(#9816);
#9816 = FILL_AREA_STYLE('',(#9817));
#9817 = FILL_AREA_STYLE_COLOUR('',#9362);
#9818 = OVER_RIDING_STYLED_ITEM('overriding color',(#9819),#4027,#9344);
#9819 = PRESENTATION_STYLE_ASSIGNMENT((#9820));
#9820 = SURFACE_STYLE_USAGE(.BOTH.,#9821);
#9821 = SURFACE_SIDE_STYLE('',(#9822));
#9822 = SURFACE_STYLE_FILL_AREA(#9823);
#9823 = FILL_AREA_STYLE('',(#9824));
#9824 = FILL_AREA_STYLE_COLOUR('',#9362);
#9825 = OVER_RIDING_STYLED_ITEM('overriding color',(#9826),#4051,#9344);
#9826 = PRESENTATION_STYLE_ASSIGNMENT((#9827));
#9827 = SURFACE_STYLE_USAGE(.BOTH.,#9828);
#9828 = SURFACE_SIDE_STYLE('',(#9829));
#9829 = SURFACE_STYLE_FILL_AREA(#9830);
#9830 = FILL_AREA_STYLE('',(#9831));
#9831 = FILL_AREA_STYLE_COLOUR('',#9362);
#9832 = OVER_RIDING_STYLED_ITEM('overriding color',(#9833),#4075,#9344);
#9833 = PRESENTATION_STYLE_ASSIGNMENT((#9834));
#9834 = SURFACE_STYLE_USAGE(.BOTH.,#9835);
#9835 = SURFACE_SIDE_STYLE('',(#9836));
#9836 = SURFACE_STYLE_FILL_AREA(#9837);
#9837 = FILL_AREA_STYLE('',(#9838));
#9838 = FILL_AREA_STYLE_COLOUR('',#9362);
#9839 = OVER_RIDING_STYLED_ITEM('overriding color',(#9840),#4092,#9344);
#9840 = PRESENTATION_STYLE_ASSIGNMENT((#9841));
#9841 = SURFACE_STYLE_USAGE(.BOTH.,#9842);
#9842 = SURFACE_SIDE_STYLE('',(#9843));
#9843 = SURFACE_STYLE_FILL_AREA(#9844);
#9844 = FILL_AREA_STYLE('',(#9845));
#9845 = FILL_AREA_STYLE_COLOUR('',#9362);
#9846 = OVER_RIDING_STYLED_ITEM('overriding color',(#9847),#4112,#9344);
#9847 = PRESENTATION_STYLE_ASSIGNMENT((#9848));
#9848 = SURFACE_STYLE_USAGE(.BOTH.,#9849);
#9849 = SURFACE_SIDE_STYLE('',(#9850));
#9850 = SURFACE_STYLE_FILL_AREA(#9851);
#9851 = FILL_AREA_STYLE('',(#9852));
#9852 = FILL_AREA_STYLE_COLOUR('',#9362);
#9853 = OVER_RIDING_STYLED_ITEM('overriding color',(#9854),#4242,#9344);
#9854 = PRESENTATION_STYLE_ASSIGNMENT((#9855));
#9855 = SURFACE_STYLE_USAGE(.BOTH.,#9856);
#9856 = SURFACE_SIDE_STYLE('',(#9857));
#9857 = SURFACE_STYLE_FILL_AREA(#9858);
#9858 = FILL_AREA_STYLE('',(#9859));
#9859 = FILL_AREA_STYLE_COLOUR('',#9362);
#9860 = OVER_RIDING_STYLED_ITEM('overriding color',(#9861),#4264,#9344);
#9861 = PRESENTATION_STYLE_ASSIGNMENT((#9862));
#9862 = SURFACE_STYLE_USAGE(.BOTH.,#9863);
#9863 = SURFACE_SIDE_STYLE('',(#9864));
#9864 = SURFACE_STYLE_FILL_AREA(#9865);
#9865 = FILL_AREA_STYLE('',(#9866));
#9866 = FILL_AREA_STYLE_COLOUR('',#9362);
#9867 = OVER_RIDING_STYLED_ITEM('overriding color',(#9868),#4285,#9344);
#9868 = PRESENTATION_STYLE_ASSIGNMENT((#9869));
#9869 = SURFACE_STYLE_USAGE(.BOTH.,#9870);
#9870 = SURFACE_SIDE_STYLE('',(#9871));
#9871 = SURFACE_STYLE_FILL_AREA(#9872);
#9872 = FILL_AREA_STYLE('',(#9873));
#9873 = FILL_AREA_STYLE_COLOUR('',#9362);
#9874 = OVER_RIDING_STYLED_ITEM('overriding color',(#9875),#4306,#9344);
#9875 = PRESENTATION_STYLE_ASSIGNMENT((#9876));
#9876 = SURFACE_STYLE_USAGE(.BOTH.,#9877);
#9877 = SURFACE_SIDE_STYLE('',(#9878));
#9878 = SURFACE_STYLE_FILL_AREA(#9879);
#9879 = FILL_AREA_STYLE('',(#9880));
#9880 = FILL_AREA_STYLE_COLOUR('',#9362);
#9881 = OVER_RIDING_STYLED_ITEM('overriding color',(#9882),#4327,#9344);
#9882 = PRESENTATION_STYLE_ASSIGNMENT((#9883));
#9883 = SURFACE_STYLE_USAGE(.BOTH.,#9884);
#9884 = SURFACE_SIDE_STYLE('',(#9885));
#9885 = SURFACE_STYLE_FILL_AREA(#9886);
#9886 = FILL_AREA_STYLE('',(#9887));
#9887 = FILL_AREA_STYLE_COLOUR('',#9362);
#9888 = OVER_RIDING_STYLED_ITEM('overriding color',(#9889),#4348,#9344);
#9889 = PRESENTATION_STYLE_ASSIGNMENT((#9890));
#9890 = SURFACE_STYLE_USAGE(.BOTH.,#9891);
#9891 = SURFACE_SIDE_STYLE('',(#9892));
#9892 = SURFACE_STYLE_FILL_AREA(#9893);
#9893 = FILL_AREA_STYLE('',(#9894));
#9894 = FILL_AREA_STYLE_COLOUR('',#9362);
#9895 = OVER_RIDING_STYLED_ITEM('overriding color',(#9896),#4365,#9344);
#9896 = PRESENTATION_STYLE_ASSIGNMENT((#9897));
#9897 = SURFACE_STYLE_USAGE(.BOTH.,#9898);
#9898 = SURFACE_SIDE_STYLE('',(#9899));
#9899 = SURFACE_STYLE_FILL_AREA(#9900);
#9900 = FILL_AREA_STYLE('',(#9901));
#9901 = FILL_AREA_STYLE_COLOUR('',#9362);
#9902 = OVER_RIDING_STYLED_ITEM('overriding color',(#9903),#4377,#9344);
#9903 = PRESENTATION_STYLE_ASSIGNMENT((#9904));
#9904 = SURFACE_STYLE_USAGE(.BOTH.,#9905);
#9905 = SURFACE_SIDE_STYLE('',(#9906));
#9906 = SURFACE_STYLE_FILL_AREA(#9907);
#9907 = FILL_AREA_STYLE('',(#9908));
#9908 = FILL_AREA_STYLE_COLOUR('',#9362);
#9909 = OVER_RIDING_STYLED_ITEM('overriding color',(#9910),#4408,#9344);
#9910 = PRESENTATION_STYLE_ASSIGNMENT((#9911));
#9911 = SURFACE_STYLE_USAGE(.BOTH.,#9912);
#9912 = SURFACE_SIDE_STYLE('',(#9913));
#9913 = SURFACE_STYLE_FILL_AREA(#9914);
#9914 = FILL_AREA_STYLE('',(#9915));
#9915 = FILL_AREA_STYLE_COLOUR('',#9362);
#9916 = OVER_RIDING_STYLED_ITEM('overriding color',(#9917),#4432,#9344);
#9917 = PRESENTATION_STYLE_ASSIGNMENT((#9918));
#9918 = SURFACE_STYLE_USAGE(.BOTH.,#9919);
#9919 = SURFACE_SIDE_STYLE('',(#9920));
#9920 = SURFACE_STYLE_FILL_AREA(#9921);
#9921 = FILL_AREA_STYLE('',(#9922));
#9922 = FILL_AREA_STYLE_COLOUR('',#9362);
#9923 = OVER_RIDING_STYLED_ITEM('overriding color',(#9924),#4456,#9344);
#9924 = PRESENTATION_STYLE_ASSIGNMENT((#9925));
#9925 = SURFACE_STYLE_USAGE(.BOTH.,#9926);
#9926 = SURFACE_SIDE_STYLE('',(#9927));
#9927 = SURFACE_STYLE_FILL_AREA(#9928);
#9928 = FILL_AREA_STYLE('',(#9929));
#9929 = FILL_AREA_STYLE_COLOUR('',#9362);
#9930 = OVER_RIDING_STYLED_ITEM('overriding color',(#9931),#4485,#9344);
#9931 = PRESENTATION_STYLE_ASSIGNMENT((#9932));
#9932 = SURFACE_STYLE_USAGE(.BOTH.,#9933);
#9933 = SURFACE_SIDE_STYLE('',(#9934));
#9934 = SURFACE_STYLE_FILL_AREA(#9935);
#9935 = FILL_AREA_STYLE('',(#9936));
#9936 = FILL_AREA_STYLE_COLOUR('',#9362);
#9937 = OVER_RIDING_STYLED_ITEM('overriding color',(#9938),#4514,#9344);
#9938 = PRESENTATION_STYLE_ASSIGNMENT((#9939));
#9939 = SURFACE_STYLE_USAGE(.BOTH.,#9940);
#9940 = SURFACE_SIDE_STYLE('',(#9941));
#9941 = SURFACE_STYLE_FILL_AREA(#9942);
#9942 = FILL_AREA_STYLE('',(#9943));
#9943 = FILL_AREA_STYLE_COLOUR('',#9362);
#9944 = OVER_RIDING_STYLED_ITEM('overriding color',(#9945),#4543,#9344);
#9945 = PRESENTATION_STYLE_ASSIGNMENT((#9946));
#9946 = SURFACE_STYLE_USAGE(.BOTH.,#9947);
#9947 = SURFACE_SIDE_STYLE('',(#9948));
#9948 = SURFACE_STYLE_FILL_AREA(#9949);
#9949 = FILL_AREA_STYLE('',(#9950));
#9950 = FILL_AREA_STYLE_COLOUR('',#9362);
#9951 = OVER_RIDING_STYLED_ITEM('overriding color',(#9952),#4580,#9344);
#9952 = PRESENTATION_STYLE_ASSIGNMENT((#9953));
#9953 = SURFACE_STYLE_USAGE(.BOTH.,#9954);
#9954 = SURFACE_SIDE_STYLE('',(#9955));
#9955 = SURFACE_STYLE_FILL_AREA(#9956);
#9956 = FILL_AREA_STYLE('',(#9957));
#9957 = FILL_AREA_STYLE_COLOUR('',#9362);
#9958 = OVER_RIDING_STYLED_ITEM('overriding color',(#9959),#4704,#9344);
#9959 = PRESENTATION_STYLE_ASSIGNMENT((#9960));
#9960 = SURFACE_STYLE_USAGE(.BOTH.,#9961);
#9961 = SURFACE_SIDE_STYLE('',(#9962));
#9962 = SURFACE_STYLE_FILL_AREA(#9963);
#9963 = FILL_AREA_STYLE('',(#9964));
#9964 = FILL_AREA_STYLE_COLOUR('',#9362);
#9965 = OVER_RIDING_STYLED_ITEM('overriding color',(#9966),#4726,#9344);
#9966 = PRESENTATION_STYLE_ASSIGNMENT((#9967));
#9967 = SURFACE_STYLE_USAGE(.BOTH.,#9968);
#9968 = SURFACE_SIDE_STYLE('',(#9969));
#9969 = SURFACE_STYLE_FILL_AREA(#9970);
#9970 = FILL_AREA_STYLE('',(#9971));
#9971 = FILL_AREA_STYLE_COLOUR('',#9362);
#9972 = OVER_RIDING_STYLED_ITEM('overriding color',(#9973),#4743,#9344);
#9973 = PRESENTATION_STYLE_ASSIGNMENT((#9974));
#9974 = SURFACE_STYLE_USAGE(.BOTH.,#9975);
#9975 = SURFACE_SIDE_STYLE('',(#9976));
#9976 = SURFACE_STYLE_FILL_AREA(#9977);
#9977 = FILL_AREA_STYLE('',(#9978));
#9978 = FILL_AREA_STYLE_COLOUR('',#9362);
#9979 = OVER_RIDING_STYLED_ITEM('overriding color',(#9980),#4760,#9344);
#9980 = PRESENTATION_STYLE_ASSIGNMENT((#9981));
#9981 = SURFACE_STYLE_USAGE(.BOTH.,#9982);
#9982 = SURFACE_SIDE_STYLE('',(#9983));
#9983 = SURFACE_STYLE_FILL_AREA(#9984);
#9984 = FILL_AREA_STYLE('',(#9985));
#9985 = FILL_AREA_STYLE_COLOUR('',#9362);
#9986 = OVER_RIDING_STYLED_ITEM('overriding color',(#9987),#4777,#9344);
#9987 = PRESENTATION_STYLE_ASSIGNMENT((#9988));
#9988 = SURFACE_STYLE_USAGE(.BOTH.,#9989);
#9989 = SURFACE_SIDE_STYLE('',(#9990));
#9990 = SURFACE_STYLE_FILL_AREA(#9991);
#9991 = FILL_AREA_STYLE('',(#9992));
#9992 = FILL_AREA_STYLE_COLOUR('',#9362);
#9993 = OVER_RIDING_STYLED_ITEM('overriding color',(#9994),#4794,#9344);
#9994 = PRESENTATION_STYLE_ASSIGNMENT((#9995));
#9995 = SURFACE_STYLE_USAGE(.BOTH.,#9996);
#9996 = SURFACE_SIDE_STYLE('',(#9997));
#9997 = SURFACE_STYLE_FILL_AREA(#9998);
#9998 = FILL_AREA_STYLE('',(#9999));
#9999 = FILL_AREA_STYLE_COLOUR('',#9362);
#10000 = OVER_RIDING_STYLED_ITEM('overriding color',(#10001),#4811,#9344
  );
#10001 = PRESENTATION_STYLE_ASSIGNMENT((#10002));
#10002 = SURFACE_STYLE_USAGE(.BOTH.,#10003);
#10003 = SURFACE_SIDE_STYLE('',(#10004));
#10004 = SURFACE_STYLE_FILL_AREA(#10005);
#10005 = FILL_AREA_STYLE('',(#10006));
#10006 = FILL_AREA_STYLE_COLOUR('',#9362);
#10007 = OVER_RIDING_STYLED_ITEM('overriding color',(#10008),#4828,#9344
  );
#10008 = PRESENTATION_STYLE_ASSIGNMENT((#10009));
#10009 = SURFACE_STYLE_USAGE(.BOTH.,#10010);
#10010 = SURFACE_SIDE_STYLE('',(#10011));
#10011 = SURFACE_STYLE_FILL_AREA(#10012);
#10012 = FILL_AREA_STYLE('',(#10013));
#10013 = FILL_AREA_STYLE_COLOUR('',#9362);
#10014 = OVER_RIDING_STYLED_ITEM('overriding color',(#10015),#4840,#9344
  );
#10015 = PRESENTATION_STYLE_ASSIGNMENT((#10016));
#10016 = SURFACE_STYLE_USAGE(.BOTH.,#10017);
#10017 = SURFACE_SIDE_STYLE('',(#10018));
#10018 = SURFACE_STYLE_FILL_AREA(#10019);
#10019 = FILL_AREA_STYLE('',(#10020));
#10020 = FILL_AREA_STYLE_COLOUR('',#9362);
#10021 = OVER_RIDING_STYLED_ITEM('overriding color',(#10022),#4871,#9344
  );
#10022 = PRESENTATION_STYLE_ASSIGNMENT((#10023));
#10023 = SURFACE_STYLE_USAGE(.BOTH.,#10024);
#10024 = SURFACE_SIDE_STYLE('',(#10025));
#10025 = SURFACE_STYLE_FILL_AREA(#10026);
#10026 = FILL_AREA_STYLE('',(#10027));
#10027 = FILL_AREA_STYLE_COLOUR('',#9362);
#10028 = OVER_RIDING_STYLED_ITEM('overriding color',(#10029),#4895,#9344
  );
#10029 = PRESENTATION_STYLE_ASSIGNMENT((#10030));
#10030 = SURFACE_STYLE_USAGE(.BOTH.,#10031);
#10031 = SURFACE_SIDE_STYLE('',(#10032));
#10032 = SURFACE_STYLE_FILL_AREA(#10033);
#10033 = FILL_AREA_STYLE('',(#10034));
#10034 = FILL_AREA_STYLE_COLOUR('',#9362);
#10035 = OVER_RIDING_STYLED_ITEM('overriding color',(#10036),#4924,#9344
  );
#10036 = PRESENTATION_STYLE_ASSIGNMENT((#10037));
#10037 = SURFACE_STYLE_USAGE(.BOTH.,#10038);
#10038 = SURFACE_SIDE_STYLE('',(#10039));
#10039 = SURFACE_STYLE_FILL_AREA(#10040);
#10040 = FILL_AREA_STYLE('',(#10041));
#10041 = FILL_AREA_STYLE_COLOUR('',#9362);
#10042 = OVER_RIDING_STYLED_ITEM('overriding color',(#10043),#4948,#9344
  );
#10043 = PRESENTATION_STYLE_ASSIGNMENT((#10044));
#10044 = SURFACE_STYLE_USAGE(.BOTH.,#10045);
#10045 = SURFACE_SIDE_STYLE('',(#10046));
#10046 = SURFACE_STYLE_FILL_AREA(#10047);
#10047 = FILL_AREA_STYLE('',(#10048));
#10048 = FILL_AREA_STYLE_COLOUR('',#9362);
#10049 = OVER_RIDING_STYLED_ITEM('overriding color',(#10050),#4977,#9344
  );
#10050 = PRESENTATION_STYLE_ASSIGNMENT((#10051));
#10051 = SURFACE_STYLE_USAGE(.BOTH.,#10052);
#10052 = SURFACE_SIDE_STYLE('',(#10053));
#10053 = SURFACE_STYLE_FILL_AREA(#10054);
#10054 = FILL_AREA_STYLE('',(#10055));
#10055 = FILL_AREA_STYLE_COLOUR('',#9362);
#10056 = OVER_RIDING_STYLED_ITEM('overriding color',(#10057),#5008,#9344
  );
#10057 = PRESENTATION_STYLE_ASSIGNMENT((#10058));
#10058 = SURFACE_STYLE_USAGE(.BOTH.,#10059);
#10059 = SURFACE_SIDE_STYLE('',(#10060));
#10060 = SURFACE_STYLE_FILL_AREA(#10061);
#10061 = FILL_AREA_STYLE('',(#10062));
#10062 = FILL_AREA_STYLE_COLOUR('',#9362);
#10063 = OVER_RIDING_STYLED_ITEM('overriding color',(#10064),#5039,#9344
  );
#10064 = PRESENTATION_STYLE_ASSIGNMENT((#10065));
#10065 = SURFACE_STYLE_USAGE(.BOTH.,#10066);
#10066 = SURFACE_SIDE_STYLE('',(#10067));
#10067 = SURFACE_STYLE_FILL_AREA(#10068);
#10068 = FILL_AREA_STYLE('',(#10069));
#10069 = FILL_AREA_STYLE_COLOUR('',#9362);
#10070 = OVER_RIDING_STYLED_ITEM('overriding color',(#10071),#5063,#9344
  );
#10071 = PRESENTATION_STYLE_ASSIGNMENT((#10072));
#10072 = SURFACE_STYLE_USAGE(.BOTH.,#10073);
#10073 = SURFACE_SIDE_STYLE('',(#10074));
#10074 = SURFACE_STYLE_FILL_AREA(#10075);
#10075 = FILL_AREA_STYLE('',(#10076));
#10076 = FILL_AREA_STYLE_COLOUR('',#9362);
#10077 = OVER_RIDING_STYLED_ITEM('overriding color',(#10078),#5087,#9344
  );
#10078 = PRESENTATION_STYLE_ASSIGNMENT((#10079));
#10079 = SURFACE_STYLE_USAGE(.BOTH.,#10080);
#10080 = SURFACE_SIDE_STYLE('',(#10081));
#10081 = SURFACE_STYLE_FILL_AREA(#10082);
#10082 = FILL_AREA_STYLE('',(#10083));
#10083 = FILL_AREA_STYLE_COLOUR('',#9362);
#10084 = OVER_RIDING_STYLED_ITEM('overriding color',(#10085),#5111,#9344
  );
#10085 = PRESENTATION_STYLE_ASSIGNMENT((#10086));
#10086 = SURFACE_STYLE_USAGE(.BOTH.,#10087);
#10087 = SURFACE_SIDE_STYLE('',(#10088));
#10088 = SURFACE_STYLE_FILL_AREA(#10089);
#10089 = FILL_AREA_STYLE('',(#10090));
#10090 = FILL_AREA_STYLE_COLOUR('',#9362);
#10091 = OVER_RIDING_STYLED_ITEM('overriding color',(#10092),#5135,#9344
  );
#10092 = PRESENTATION_STYLE_ASSIGNMENT((#10093));
#10093 = SURFACE_STYLE_USAGE(.BOTH.,#10094);
#10094 = SURFACE_SIDE_STYLE('',(#10095));
#10095 = SURFACE_STYLE_FILL_AREA(#10096);
#10096 = FILL_AREA_STYLE('',(#10097));
#10097 = FILL_AREA_STYLE_COLOUR('',#9362);
#10098 = OVER_RIDING_STYLED_ITEM('overriding color',(#10099),#5159,#9344
  );
#10099 = PRESENTATION_STYLE_ASSIGNMENT((#10100));
#10100 = SURFACE_STYLE_USAGE(.BOTH.,#10101);
#10101 = SURFACE_SIDE_STYLE('',(#10102));
#10102 = SURFACE_STYLE_FILL_AREA(#10103);
#10103 = FILL_AREA_STYLE('',(#10104));
#10104 = FILL_AREA_STYLE_COLOUR('',#9362);
#10105 = OVER_RIDING_STYLED_ITEM('overriding color',(#10106),#5183,#9344
  );
#10106 = PRESENTATION_STYLE_ASSIGNMENT((#10107));
#10107 = SURFACE_STYLE_USAGE(.BOTH.,#10108);
#10108 = SURFACE_SIDE_STYLE('',(#10109));
#10109 = SURFACE_STYLE_FILL_AREA(#10110);
#10110 = FILL_AREA_STYLE('',(#10111));
#10111 = FILL_AREA_STYLE_COLOUR('',#9362);
#10112 = OVER_RIDING_STYLED_ITEM('overriding color',(#10113),#5207,#9344
  );
#10113 = PRESENTATION_STYLE_ASSIGNMENT((#10114));
#10114 = SURFACE_STYLE_USAGE(.BOTH.,#10115);
#10115 = SURFACE_SIDE_STYLE('',(#10116));
#10116 = SURFACE_STYLE_FILL_AREA(#10117);
#10117 = FILL_AREA_STYLE('',(#10118));
#10118 = FILL_AREA_STYLE_COLOUR('',#9362);
#10119 = OVER_RIDING_STYLED_ITEM('overriding color',(#10120),#5231,#9344
  );
#10120 = PRESENTATION_STYLE_ASSIGNMENT((#10121));
#10121 = SURFACE_STYLE_USAGE(.BOTH.,#10122);
#10122 = SURFACE_SIDE_STYLE('',(#10123));
#10123 = SURFACE_STYLE_FILL_AREA(#10124);
#10124 = FILL_AREA_STYLE('',(#10125));
#10125 = FILL_AREA_STYLE_COLOUR('',#9362);
#10126 = OVER_RIDING_STYLED_ITEM('overriding color',(#10127),#5255,#9344
  );
#10127 = PRESENTATION_STYLE_ASSIGNMENT((#10128));
#10128 = SURFACE_STYLE_USAGE(.BOTH.,#10129);
#10129 = SURFACE_SIDE_STYLE('',(#10130));
#10130 = SURFACE_STYLE_FILL_AREA(#10131);
#10131 = FILL_AREA_STYLE('',(#10132));
#10132 = FILL_AREA_STYLE_COLOUR('',#9362);
#10133 = OVER_RIDING_STYLED_ITEM('overriding color',(#10134),#5279,#9344
  );
#10134 = PRESENTATION_STYLE_ASSIGNMENT((#10135));
#10135 = SURFACE_STYLE_USAGE(.BOTH.,#10136);
#10136 = SURFACE_SIDE_STYLE('',(#10137));
#10137 = SURFACE_STYLE_FILL_AREA(#10138);
#10138 = FILL_AREA_STYLE('',(#10139));
#10139 = FILL_AREA_STYLE_COLOUR('',#9362);
#10140 = OVER_RIDING_STYLED_ITEM('overriding color',(#10141),#5296,#9344
  );
#10141 = PRESENTATION_STYLE_ASSIGNMENT((#10142));
#10142 = SURFACE_STYLE_USAGE(.BOTH.,#10143);
#10143 = SURFACE_SIDE_STYLE('',(#10144));
#10144 = SURFACE_STYLE_FILL_AREA(#10145);
#10145 = FILL_AREA_STYLE('',(#10146));
#10146 = FILL_AREA_STYLE_COLOUR('',#9362);
#10147 = OVER_RIDING_STYLED_ITEM('overriding color',(#10148),#5316,#9344
  );
#10148 = PRESENTATION_STYLE_ASSIGNMENT((#10149));
#10149 = SURFACE_STYLE_USAGE(.BOTH.,#10150);
#10150 = SURFACE_SIDE_STYLE('',(#10151));
#10151 = SURFACE_STYLE_FILL_AREA(#10152);
#10152 = FILL_AREA_STYLE('',(#10153));
#10153 = FILL_AREA_STYLE_COLOUR('',#9362);
#10154 = OVER_RIDING_STYLED_ITEM('overriding color',(#10155),#5516,#9344
  );
#10155 = PRESENTATION_STYLE_ASSIGNMENT((#10156));
#10156 = SURFACE_STYLE_USAGE(.BOTH.,#10157);
#10157 = SURFACE_SIDE_STYLE('',(#10158));
#10158 = SURFACE_STYLE_FILL_AREA(#10159);
#10159 = FILL_AREA_STYLE('',(#10160));
#10160 = FILL_AREA_STYLE_COLOUR('',#9362);
#10161 = OVER_RIDING_STYLED_ITEM('overriding color',(#10162),#5542,#9344
  );
#10162 = PRESENTATION_STYLE_ASSIGNMENT((#10163));
#10163 = SURFACE_STYLE_USAGE(.BOTH.,#10164);
#10164 = SURFACE_SIDE_STYLE('',(#10165));
#10165 = SURFACE_STYLE_FILL_AREA(#10166);
#10166 = FILL_AREA_STYLE('',(#10167));
#10167 = FILL_AREA_STYLE_COLOUR('',#9362);
#10168 = OVER_RIDING_STYLED_ITEM('overriding color',(#10169),#5559,#9344
  );
#10169 = PRESENTATION_STYLE_ASSIGNMENT((#10170));
#10170 = SURFACE_STYLE_USAGE(.BOTH.,#10171);
#10171 = SURFACE_SIDE_STYLE('',(#10172));
#10172 = SURFACE_STYLE_FILL_AREA(#10173);
#10173 = FILL_AREA_STYLE('',(#10174));
#10174 = FILL_AREA_STYLE_COLOUR('',#9362);
#10175 = OVER_RIDING_STYLED_ITEM('overriding color',(#10176),#5580,#9344
  );
#10176 = PRESENTATION_STYLE_ASSIGNMENT((#10177));
#10177 = SURFACE_STYLE_USAGE(.BOTH.,#10178);
#10178 = SURFACE_SIDE_STYLE('',(#10179));
#10179 = SURFACE_STYLE_FILL_AREA(#10180);
#10180 = FILL_AREA_STYLE('',(#10181));
#10181 = FILL_AREA_STYLE_COLOUR('',#9362);
#10182 = OVER_RIDING_STYLED_ITEM('overriding color',(#10183),#5601,#9344
  );
#10183 = PRESENTATION_STYLE_ASSIGNMENT((#10184));
#10184 = SURFACE_STYLE_USAGE(.BOTH.,#10185);
#10185 = SURFACE_SIDE_STYLE('',(#10186));
#10186 = SURFACE_STYLE_FILL_AREA(#10187);
#10187 = FILL_AREA_STYLE('',(#10188));
#10188 = FILL_AREA_STYLE_COLOUR('',#9362);
#10189 = OVER_RIDING_STYLED_ITEM('overriding color',(#10190),#5618,#9344
  );
#10190 = PRESENTATION_STYLE_ASSIGNMENT((#10191));
#10191 = SURFACE_STYLE_USAGE(.BOTH.,#10192);
#10192 = SURFACE_SIDE_STYLE('',(#10193));
#10193 = SURFACE_STYLE_FILL_AREA(#10194);
#10194 = FILL_AREA_STYLE('',(#10195));
#10195 = FILL_AREA_STYLE_COLOUR('',#9362);
#10196 = OVER_RIDING_STYLED_ITEM('overriding color',(#10197),#5639,#9344
  );
#10197 = PRESENTATION_STYLE_ASSIGNMENT((#10198));
#10198 = SURFACE_STYLE_USAGE(.BOTH.,#10199);
#10199 = SURFACE_SIDE_STYLE('',(#10200));
#10200 = SURFACE_STYLE_FILL_AREA(#10201);
#10201 = FILL_AREA_STYLE('',(#10202));
#10202 = FILL_AREA_STYLE_COLOUR('',#9362);
#10203 = OVER_RIDING_STYLED_ITEM('overriding color',(#10204),#5660,#9344
  );
#10204 = PRESENTATION_STYLE_ASSIGNMENT((#10205));
#10205 = SURFACE_STYLE_USAGE(.BOTH.,#10206);
#10206 = SURFACE_SIDE_STYLE('',(#10207));
#10207 = SURFACE_STYLE_FILL_AREA(#10208);
#10208 = FILL_AREA_STYLE('',(#10209));
#10209 = FILL_AREA_STYLE_COLOUR('',#9362);
#10210 = OVER_RIDING_STYLED_ITEM('overriding color',(#10211),#5681,#9344
  );
#10211 = PRESENTATION_STYLE_ASSIGNMENT((#10212));
#10212 = SURFACE_STYLE_USAGE(.BOTH.,#10213);
#10213 = SURFACE_SIDE_STYLE('',(#10214));
#10214 = SURFACE_STYLE_FILL_AREA(#10215);
#10215 = FILL_AREA_STYLE('',(#10216));
#10216 = FILL_AREA_STYLE_COLOUR('',#9362);
#10217 = OVER_RIDING_STYLED_ITEM('overriding color',(#10218),#5702,#9344
  );
#10218 = PRESENTATION_STYLE_ASSIGNMENT((#10219));
#10219 = SURFACE_STYLE_USAGE(.BOTH.,#10220);
#10220 = SURFACE_SIDE_STYLE('',(#10221));
#10221 = SURFACE_STYLE_FILL_AREA(#10222);
#10222 = FILL_AREA_STYLE('',(#10223));
#10223 = FILL_AREA_STYLE_COLOUR('',#9362);
#10224 = OVER_RIDING_STYLED_ITEM('overriding color',(#10225),#5719,#9344
  );
#10225 = PRESENTATION_STYLE_ASSIGNMENT((#10226));
#10226 = SURFACE_STYLE_USAGE(.BOTH.,#10227);
#10227 = SURFACE_SIDE_STYLE('',(#10228));
#10228 = SURFACE_STYLE_FILL_AREA(#10229);
#10229 = FILL_AREA_STYLE('',(#10230));
#10230 = FILL_AREA_STYLE_COLOUR('',#9362);
#10231 = OVER_RIDING_STYLED_ITEM('overriding color',(#10232),#5736,#9344
  );
#10232 = PRESENTATION_STYLE_ASSIGNMENT((#10233));
#10233 = SURFACE_STYLE_USAGE(.BOTH.,#10234);
#10234 = SURFACE_SIDE_STYLE('',(#10235));
#10235 = SURFACE_STYLE_FILL_AREA(#10236);
#10236 = FILL_AREA_STYLE('',(#10237));
#10237 = FILL_AREA_STYLE_COLOUR('',#9362);
#10238 = OVER_RIDING_STYLED_ITEM('overriding color',(#10239),#5753,#9344
  );
#10239 = PRESENTATION_STYLE_ASSIGNMENT((#10240));
#10240 = SURFACE_STYLE_USAGE(.BOTH.,#10241);
#10241 = SURFACE_SIDE_STYLE('',(#10242));
#10242 = SURFACE_STYLE_FILL_AREA(#10243);
#10243 = FILL_AREA_STYLE('',(#10244));
#10244 = FILL_AREA_STYLE_COLOUR('',#9362);
#10245 = OVER_RIDING_STYLED_ITEM('overriding color',(#10246),#5770,#9344
  );
#10246 = PRESENTATION_STYLE_ASSIGNMENT((#10247));
#10247 = SURFACE_STYLE_USAGE(.BOTH.,#10248);
#10248 = SURFACE_SIDE_STYLE('',(#10249));
#10249 = SURFACE_STYLE_FILL_AREA(#10250);
#10250 = FILL_AREA_STYLE('',(#10251));
#10251 = FILL_AREA_STYLE_COLOUR('',#9362);
#10252 = OVER_RIDING_STYLED_ITEM('overriding color',(#10253),#5786,#9344
  );
#10253 = PRESENTATION_STYLE_ASSIGNMENT((#10254));
#10254 = SURFACE_STYLE_USAGE(.BOTH.,#10255);
#10255 = SURFACE_SIDE_STYLE('',(#10256));
#10256 = SURFACE_STYLE_FILL_AREA(#10257);
#10257 = FILL_AREA_STYLE('',(#10258));
#10258 = FILL_AREA_STYLE_COLOUR('',#9362);
#10259 = OVER_RIDING_STYLED_ITEM('overriding color',(#10260),#5822,#9344
  );
#10260 = PRESENTATION_STYLE_ASSIGNMENT((#10261));
#10261 = SURFACE_STYLE_USAGE(.BOTH.,#10262);
#10262 = SURFACE_SIDE_STYLE('',(#10263));
#10263 = SURFACE_STYLE_FILL_AREA(#10264);
#10264 = FILL_AREA_STYLE('',(#10265));
#10265 = FILL_AREA_STYLE_COLOUR('',#9362);
#10266 = OVER_RIDING_STYLED_ITEM('overriding color',(#10267),#5851,#9344
  );
#10267 = PRESENTATION_STYLE_ASSIGNMENT((#10268));
#10268 = SURFACE_STYLE_USAGE(.BOTH.,#10269);
#10269 = SURFACE_SIDE_STYLE('',(#10270));
#10270 = SURFACE_STYLE_FILL_AREA(#10271);
#10271 = FILL_AREA_STYLE('',(#10272));
#10272 = FILL_AREA_STYLE_COLOUR('',#9362);
#10273 = OVER_RIDING_STYLED_ITEM('overriding color',(#10274),#5880,#9344
  );
#10274 = PRESENTATION_STYLE_ASSIGNMENT((#10275));
#10275 = SURFACE_STYLE_USAGE(.BOTH.,#10276);
#10276 = SURFACE_SIDE_STYLE('',(#10277));
#10277 = SURFACE_STYLE_FILL_AREA(#10278);
#10278 = FILL_AREA_STYLE('',(#10279));
#10279 = FILL_AREA_STYLE_COLOUR('',#9362);
#10280 = OVER_RIDING_STYLED_ITEM('overriding color',(#10281),#5909,#9344
  );
#10281 = PRESENTATION_STYLE_ASSIGNMENT((#10282));
#10282 = SURFACE_STYLE_USAGE(.BOTH.,#10283);
#10283 = SURFACE_SIDE_STYLE('',(#10284));
#10284 = SURFACE_STYLE_FILL_AREA(#10285);
#10285 = FILL_AREA_STYLE('',(#10286));
#10286 = FILL_AREA_STYLE_COLOUR('',#9362);
#10287 = OVER_RIDING_STYLED_ITEM('overriding color',(#10288),#5938,#9344
  );
#10288 = PRESENTATION_STYLE_ASSIGNMENT((#10289));
#10289 = SURFACE_STYLE_USAGE(.BOTH.,#10290);
#10290 = SURFACE_SIDE_STYLE('',(#10291));
#10291 = SURFACE_STYLE_FILL_AREA(#10292);
#10292 = FILL_AREA_STYLE('',(#10293));
#10293 = FILL_AREA_STYLE_COLOUR('',#9362);
#10294 = OVER_RIDING_STYLED_ITEM('overriding color',(#10295),#5967,#9344
  );
#10295 = PRESENTATION_STYLE_ASSIGNMENT((#10296));
#10296 = SURFACE_STYLE_USAGE(.BOTH.,#10297);
#10297 = SURFACE_SIDE_STYLE('',(#10298));
#10298 = SURFACE_STYLE_FILL_AREA(#10299);
#10299 = FILL_AREA_STYLE('',(#10300));
#10300 = FILL_AREA_STYLE_COLOUR('',#9362);
#10301 = OVER_RIDING_STYLED_ITEM('overriding color',(#10302),#5991,#9344
  );
#10302 = PRESENTATION_STYLE_ASSIGNMENT((#10303));
#10303 = SURFACE_STYLE_USAGE(.BOTH.,#10304);
#10304 = SURFACE_SIDE_STYLE('',(#10305));
#10305 = SURFACE_STYLE_FILL_AREA(#10306);
#10306 = FILL_AREA_STYLE('',(#10307));
#10307 = FILL_AREA_STYLE_COLOUR('',#9362);
#10308 = OVER_RIDING_STYLED_ITEM('overriding color',(#10309),#6024,#9344
  );
#10309 = PRESENTATION_STYLE_ASSIGNMENT((#10310));
#10310 = SURFACE_STYLE_USAGE(.BOTH.,#10311);
#10311 = SURFACE_SIDE_STYLE('',(#10312));
#10312 = SURFACE_STYLE_FILL_AREA(#10313);
#10313 = FILL_AREA_STYLE('',(#10314));
#10314 = FILL_AREA_STYLE_COLOUR('',#9362);
#10315 = OVER_RIDING_STYLED_ITEM('overriding color',(#10316),#6060,#9344
  );
#10316 = PRESENTATION_STYLE_ASSIGNMENT((#10317));
#10317 = SURFACE_STYLE_USAGE(.BOTH.,#10318);
#10318 = SURFACE_SIDE_STYLE('',(#10319));
#10319 = SURFACE_STYLE_FILL_AREA(#10320);
#10320 = FILL_AREA_STYLE('',(#10321));
#10321 = FILL_AREA_STYLE_COLOUR('',#9362);
#10322 = OVER_RIDING_STYLED_ITEM('overriding color',(#10323),#6084,#9344
  );
#10323 = PRESENTATION_STYLE_ASSIGNMENT((#10324));
#10324 = SURFACE_STYLE_USAGE(.BOTH.,#10325);
#10325 = SURFACE_SIDE_STYLE('',(#10326));
#10326 = SURFACE_STYLE_FILL_AREA(#10327);
#10327 = FILL_AREA_STYLE('',(#10328));
#10328 = FILL_AREA_STYLE_COLOUR('',#9362);
#10329 = OVER_RIDING_STYLED_ITEM('overriding color',(#10330),#6113,#9344
  );
#10330 = PRESENTATION_STYLE_ASSIGNMENT((#10331));
#10331 = SURFACE_STYLE_USAGE(.BOTH.,#10332);
#10332 = SURFACE_SIDE_STYLE('',(#10333));
#10333 = SURFACE_STYLE_FILL_AREA(#10334);
#10334 = FILL_AREA_STYLE('',(#10335));
#10335 = FILL_AREA_STYLE_COLOUR('',#9362);
#10336 = OVER_RIDING_STYLED_ITEM('overriding color',(#10337),#6142,#9344
  );
#10337 = PRESENTATION_STYLE_ASSIGNMENT((#10338));
#10338 = SURFACE_STYLE_USAGE(.BOTH.,#10339);
#10339 = SURFACE_SIDE_STYLE('',(#10340));
#10340 = SURFACE_STYLE_FILL_AREA(#10341);
#10341 = FILL_AREA_STYLE('',(#10342));
#10342 = FILL_AREA_STYLE_COLOUR('',#9362);
#10343 = OVER_RIDING_STYLED_ITEM('overriding color',(#10344),#6171,#9344
  );
#10344 = PRESENTATION_STYLE_ASSIGNMENT((#10345));
#10345 = SURFACE_STYLE_USAGE(.BOTH.,#10346);
#10346 = SURFACE_SIDE_STYLE('',(#10347));
#10347 = SURFACE_STYLE_FILL_AREA(#10348);
#10348 = FILL_AREA_STYLE('',(#10349));
#10349 = FILL_AREA_STYLE_COLOUR('',#9362);
#10350 = OVER_RIDING_STYLED_ITEM('overriding color',(#10351),#6200,#9344
  );
#10351 = PRESENTATION_STYLE_ASSIGNMENT((#10352));
#10352 = SURFACE_STYLE_USAGE(.BOTH.,#10353);
#10353 = SURFACE_SIDE_STYLE('',(#10354));
#10354 = SURFACE_STYLE_FILL_AREA(#10355);
#10355 = FILL_AREA_STYLE('',(#10356));
#10356 = FILL_AREA_STYLE_COLOUR('',#9362);
#10357 = OVER_RIDING_STYLED_ITEM('overriding color',(#10358),#6229,#9344
  );
#10358 = PRESENTATION_STYLE_ASSIGNMENT((#10359));
#10359 = SURFACE_STYLE_USAGE(.BOTH.,#10360);
#10360 = SURFACE_SIDE_STYLE('',(#10361));
#10361 = SURFACE_STYLE_FILL_AREA(#10362);
#10362 = FILL_AREA_STYLE('',(#10363));
#10363 = FILL_AREA_STYLE_COLOUR('',#9362);
#10364 = OVER_RIDING_STYLED_ITEM('overriding color',(#10365),#6258,#9344
  );
#10365 = PRESENTATION_STYLE_ASSIGNMENT((#10366));
#10366 = SURFACE_STYLE_USAGE(.BOTH.,#10367);
#10367 = SURFACE_SIDE_STYLE('',(#10368));
#10368 = SURFACE_STYLE_FILL_AREA(#10369);
#10369 = FILL_AREA_STYLE('',(#10370));
#10370 = FILL_AREA_STYLE_COLOUR('',#9362);
#10371 = OVER_RIDING_STYLED_ITEM('overriding color',(#10372),#6287,#9344
  );
#10372 = PRESENTATION_STYLE_ASSIGNMENT((#10373));
#10373 = SURFACE_STYLE_USAGE(.BOTH.,#10374);
#10374 = SURFACE_SIDE_STYLE('',(#10375));
#10375 = SURFACE_STYLE_FILL_AREA(#10376);
#10376 = FILL_AREA_STYLE('',(#10377));
#10377 = FILL_AREA_STYLE_COLOUR('',#9362);
#10378 = OVER_RIDING_STYLED_ITEM('overriding color',(#10379),#6316,#9344
  );
#10379 = PRESENTATION_STYLE_ASSIGNMENT((#10380));
#10380 = SURFACE_STYLE_USAGE(.BOTH.,#10381);
#10381 = SURFACE_SIDE_STYLE('',(#10382));
#10382 = SURFACE_STYLE_FILL_AREA(#10383);
#10383 = FILL_AREA_STYLE('',(#10384));
#10384 = FILL_AREA_STYLE_COLOUR('',#9362);
#10385 = OVER_RIDING_STYLED_ITEM('overriding color',(#10386),#6345,#9344
  );
#10386 = PRESENTATION_STYLE_ASSIGNMENT((#10387));
#10387 = SURFACE_STYLE_USAGE(.BOTH.,#10388);
#10388 = SURFACE_SIDE_STYLE('',(#10389));
#10389 = SURFACE_STYLE_FILL_AREA(#10390);
#10390 = FILL_AREA_STYLE('',(#10391));
#10391 = FILL_AREA_STYLE_COLOUR('',#9362);
#10392 = OVER_RIDING_STYLED_ITEM('overriding color',(#10393),#6374,#9344
  );
#10393 = PRESENTATION_STYLE_ASSIGNMENT((#10394));
#10394 = SURFACE_STYLE_USAGE(.BOTH.,#10395);
#10395 = SURFACE_SIDE_STYLE('',(#10396));
#10396 = SURFACE_STYLE_FILL_AREA(#10397);
#10397 = FILL_AREA_STYLE('',(#10398));
#10398 = FILL_AREA_STYLE_COLOUR('',#9362);
#10399 = OVER_RIDING_STYLED_ITEM('overriding color',(#10400),#6398,#9344
  );
#10400 = PRESENTATION_STYLE_ASSIGNMENT((#10401));
#10401 = SURFACE_STYLE_USAGE(.BOTH.,#10402);
#10402 = SURFACE_SIDE_STYLE('',(#10403));
#10403 = SURFACE_STYLE_FILL_AREA(#10404);
#10404 = FILL_AREA_STYLE('',(#10405));
#10405 = FILL_AREA_STYLE_COLOUR('',#9362);
#10406 = OVER_RIDING_STYLED_ITEM('overriding color',(#10407),#6427,#9344
  );
#10407 = PRESENTATION_STYLE_ASSIGNMENT((#10408));
#10408 = SURFACE_STYLE_USAGE(.BOTH.,#10409);
#10409 = SURFACE_SIDE_STYLE('',(#10410));
#10410 = SURFACE_STYLE_FILL_AREA(#10411);
#10411 = FILL_AREA_STYLE('',(#10412));
#10412 = FILL_AREA_STYLE_COLOUR('',#9362);
#10413 = OVER_RIDING_STYLED_ITEM('overriding color',(#10414),#6456,#9344
  );
#10414 = PRESENTATION_STYLE_ASSIGNMENT((#10415));
#10415 = SURFACE_STYLE_USAGE(.BOTH.,#10416);
#10416 = SURFACE_SIDE_STYLE('',(#10417));
#10417 = SURFACE_STYLE_FILL_AREA(#10418);
#10418 = FILL_AREA_STYLE('',(#10419));
#10419 = FILL_AREA_STYLE_COLOUR('',#9362);
#10420 = OVER_RIDING_STYLED_ITEM('overriding color',(#10421),#6485,#9344
  );
#10421 = PRESENTATION_STYLE_ASSIGNMENT((#10422));
#10422 = SURFACE_STYLE_USAGE(.BOTH.,#10423);
#10423 = SURFACE_SIDE_STYLE('',(#10424));
#10424 = SURFACE_STYLE_FILL_AREA(#10425);
#10425 = FILL_AREA_STYLE('',(#10426));
#10426 = FILL_AREA_STYLE_COLOUR('',#9362);
#10427 = OVER_RIDING_STYLED_ITEM('overriding color',(#10428),#6514,#9344
  );
#10428 = PRESENTATION_STYLE_ASSIGNMENT((#10429));
#10429 = SURFACE_STYLE_USAGE(.BOTH.,#10430);
#10430 = SURFACE_SIDE_STYLE('',(#10431));
#10431 = SURFACE_STYLE_FILL_AREA(#10432);
#10432 = FILL_AREA_STYLE('',(#10433));
#10433 = FILL_AREA_STYLE_COLOUR('',#9362);
#10434 = OVER_RIDING_STYLED_ITEM('overriding color',(#10435),#6543,#9344
  );
#10435 = PRESENTATION_STYLE_ASSIGNMENT((#10436));
#10436 = SURFACE_STYLE_USAGE(.BOTH.,#10437);
#10437 = SURFACE_SIDE_STYLE('',(#10438));
#10438 = SURFACE_STYLE_FILL_AREA(#10439);
#10439 = FILL_AREA_STYLE('',(#10440));
#10440 = FILL_AREA_STYLE_COLOUR('',#9362);
#10441 = OVER_RIDING_STYLED_ITEM('overriding color',(#10442),#6572,#9344
  );
#10442 = PRESENTATION_STYLE_ASSIGNMENT((#10443));
#10443 = SURFACE_STYLE_USAGE(.BOTH.,#10444);
#10444 = SURFACE_SIDE_STYLE('',(#10445));
#10445 = SURFACE_STYLE_FILL_AREA(#10446);
#10446 = FILL_AREA_STYLE('',(#10447));
#10447 = FILL_AREA_STYLE_COLOUR('',#9362);
#10448 = OVER_RIDING_STYLED_ITEM('overriding color',(#10449),#6601,#9344
  );
#10449 = PRESENTATION_STYLE_ASSIGNMENT((#10450));
#10450 = SURFACE_STYLE_USAGE(.BOTH.,#10451);
#10451 = SURFACE_SIDE_STYLE('',(#10452));
#10452 = SURFACE_STYLE_FILL_AREA(#10453);
#10453 = FILL_AREA_STYLE('',(#10454));
#10454 = FILL_AREA_STYLE_COLOUR('',#9362);
#10455 = OVER_RIDING_STYLED_ITEM('overriding color',(#10456),#6623,#9344
  );
#10456 = PRESENTATION_STYLE_ASSIGNMENT((#10457));
#10457 = SURFACE_STYLE_USAGE(.BOTH.,#10458);
#10458 = SURFACE_SIDE_STYLE('',(#10459));
#10459 = SURFACE_STYLE_FILL_AREA(#10460);
#10460 = FILL_AREA_STYLE('',(#10461));
#10461 = FILL_AREA_STYLE_COLOUR('',#9362);
#10462 = OVER_RIDING_STYLED_ITEM('overriding color',(#10463),#6652,#9344
  );
#10463 = PRESENTATION_STYLE_ASSIGNMENT((#10464));
#10464 = SURFACE_STYLE_USAGE(.BOTH.,#10465);
#10465 = SURFACE_SIDE_STYLE('',(#10466));
#10466 = SURFACE_STYLE_FILL_AREA(#10467);
#10467 = FILL_AREA_STYLE('',(#10468));
#10468 = FILL_AREA_STYLE_COLOUR('',#9362);
#10469 = OVER_RIDING_STYLED_ITEM('overriding color',(#10470),#6683,#9344
  );
#10470 = PRESENTATION_STYLE_ASSIGNMENT((#10471));
#10471 = SURFACE_STYLE_USAGE(.BOTH.,#10472);
#10472 = SURFACE_SIDE_STYLE('',(#10473));
#10473 = SURFACE_STYLE_FILL_AREA(#10474);
#10474 = FILL_AREA_STYLE('',(#10475));
#10475 = FILL_AREA_STYLE_COLOUR('',#9362);
#10476 = OVER_RIDING_STYLED_ITEM('overriding color',(#10477),#6707,#9344
  );
#10477 = PRESENTATION_STYLE_ASSIGNMENT((#10478));
#10478 = SURFACE_STYLE_USAGE(.BOTH.,#10479);
#10479 = SURFACE_SIDE_STYLE('',(#10480));
#10480 = SURFACE_STYLE_FILL_AREA(#10481);
#10481 = FILL_AREA_STYLE('',(#10482));
#10482 = FILL_AREA_STYLE_COLOUR('',#9362);
#10483 = OVER_RIDING_STYLED_ITEM('overriding color',(#10484),#6736,#9344
  );
#10484 = PRESENTATION_STYLE_ASSIGNMENT((#10485));
#10485 = SURFACE_STYLE_USAGE(.BOTH.,#10486);
#10486 = SURFACE_SIDE_STYLE('',(#10487));
#10487 = SURFACE_STYLE_FILL_AREA(#10488);
#10488 = FILL_AREA_STYLE('',(#10489));
#10489 = FILL_AREA_STYLE_COLOUR('',#9362);
#10490 = OVER_RIDING_STYLED_ITEM('overriding color',(#10491),#6760,#9344
  );
#10491 = PRESENTATION_STYLE_ASSIGNMENT((#10492));
#10492 = SURFACE_STYLE_USAGE(.BOTH.,#10493);
#10493 = SURFACE_SIDE_STYLE('',(#10494));
#10494 = SURFACE_STYLE_FILL_AREA(#10495);
#10495 = FILL_AREA_STYLE('',(#10496));
#10496 = FILL_AREA_STYLE_COLOUR('',#9362);
#10497 = OVER_RIDING_STYLED_ITEM('overriding color',(#10498),#6784,#9344
  );
#10498 = PRESENTATION_STYLE_ASSIGNMENT((#10499));
#10499 = SURFACE_STYLE_USAGE(.BOTH.,#10500);
#10500 = SURFACE_SIDE_STYLE('',(#10501));
#10501 = SURFACE_STYLE_FILL_AREA(#10502);
#10502 = FILL_AREA_STYLE('',(#10503));
#10503 = FILL_AREA_STYLE_COLOUR('',#9362);
#10504 = OVER_RIDING_STYLED_ITEM('overriding color',(#10505),#6808,#9344
  );
#10505 = PRESENTATION_STYLE_ASSIGNMENT((#10506));
#10506 = SURFACE_STYLE_USAGE(.BOTH.,#10507);
#10507 = SURFACE_SIDE_STYLE('',(#10508));
#10508 = SURFACE_STYLE_FILL_AREA(#10509);
#10509 = FILL_AREA_STYLE('',(#10510));
#10510 = FILL_AREA_STYLE_COLOUR('',#9362);
#10511 = OVER_RIDING_STYLED_ITEM('overriding color',(#10512),#6832,#9344
  );
#10512 = PRESENTATION_STYLE_ASSIGNMENT((#10513));
#10513 = SURFACE_STYLE_USAGE(.BOTH.,#10514);
#10514 = SURFACE_SIDE_STYLE('',(#10515));
#10515 = SURFACE_STYLE_FILL_AREA(#10516);
#10516 = FILL_AREA_STYLE('',(#10517));
#10517 = FILL_AREA_STYLE_COLOUR('',#9362);
#10518 = OVER_RIDING_STYLED_ITEM('overriding color',(#10519),#6856,#9344
  );
#10519 = PRESENTATION_STYLE_ASSIGNMENT((#10520));
#10520 = SURFACE_STYLE_USAGE(.BOTH.,#10521);
#10521 = SURFACE_SIDE_STYLE('',(#10522));
#10522 = SURFACE_STYLE_FILL_AREA(#10523);
#10523 = FILL_AREA_STYLE('',(#10524));
#10524 = FILL_AREA_STYLE_COLOUR('',#9362);
#10525 = OVER_RIDING_STYLED_ITEM('overriding color',(#10526),#6880,#9344
  );
#10526 = PRESENTATION_STYLE_ASSIGNMENT((#10527));
#10527 = SURFACE_STYLE_USAGE(.BOTH.,#10528);
#10528 = SURFACE_SIDE_STYLE('',(#10529));
#10529 = SURFACE_STYLE_FILL_AREA(#10530);
#10530 = FILL_AREA_STYLE('',(#10531));
#10531 = FILL_AREA_STYLE_COLOUR('',#9362);
#10532 = OVER_RIDING_STYLED_ITEM('overriding color',(#10533),#6909,#9344
  );
#10533 = PRESENTATION_STYLE_ASSIGNMENT((#10534));
#10534 = SURFACE_STYLE_USAGE(.BOTH.,#10535);
#10535 = SURFACE_SIDE_STYLE('',(#10536));
#10536 = SURFACE_STYLE_FILL_AREA(#10537);
#10537 = FILL_AREA_STYLE('',(#10538));
#10538 = FILL_AREA_STYLE_COLOUR('',#9362);
#10539 = OVER_RIDING_STYLED_ITEM('overriding color',(#10540),#6938,#9344
  );
#10540 = PRESENTATION_STYLE_ASSIGNMENT((#10541));
#10541 = SURFACE_STYLE_USAGE(.BOTH.,#10542);
#10542 = SURFACE_SIDE_STYLE('',(#10543));
#10543 = SURFACE_STYLE_FILL_AREA(#10544);
#10544 = FILL_AREA_STYLE('',(#10545));
#10545 = FILL_AREA_STYLE_COLOUR('',#9362);
#10546 = OVER_RIDING_STYLED_ITEM('overriding color',(#10547),#6962,#9344
  );
#10547 = PRESENTATION_STYLE_ASSIGNMENT((#10548));
#10548 = SURFACE_STYLE_USAGE(.BOTH.,#10549);
#10549 = SURFACE_SIDE_STYLE('',(#10550));
#10550 = SURFACE_STYLE_FILL_AREA(#10551);
#10551 = FILL_AREA_STYLE('',(#10552));
#10552 = FILL_AREA_STYLE_COLOUR('',#9362);
#10553 = OVER_RIDING_STYLED_ITEM('overriding color',(#10554),#6991,#9344
  );
#10554 = PRESENTATION_STYLE_ASSIGNMENT((#10555));
#10555 = SURFACE_STYLE_USAGE(.BOTH.,#10556);
#10556 = SURFACE_SIDE_STYLE('',(#10557));
#10557 = SURFACE_STYLE_FILL_AREA(#10558);
#10558 = FILL_AREA_STYLE('',(#10559));
#10559 = FILL_AREA_STYLE_COLOUR('',#9362);
#10560 = OVER_RIDING_STYLED_ITEM('overriding color',(#10561),#7020,#9344
  );
#10561 = PRESENTATION_STYLE_ASSIGNMENT((#10562));
#10562 = SURFACE_STYLE_USAGE(.BOTH.,#10563);
#10563 = SURFACE_SIDE_STYLE('',(#10564));
#10564 = SURFACE_STYLE_FILL_AREA(#10565);
#10565 = FILL_AREA_STYLE('',(#10566));
#10566 = FILL_AREA_STYLE_COLOUR('',#9362);
#10567 = OVER_RIDING_STYLED_ITEM('overriding color',(#10568),#7037,#9344
  );
#10568 = PRESENTATION_STYLE_ASSIGNMENT((#10569));
#10569 = SURFACE_STYLE_USAGE(.BOTH.,#10570);
#10570 = SURFACE_SIDE_STYLE('',(#10571));
#10571 = SURFACE_STYLE_FILL_AREA(#10572);
#10572 = FILL_AREA_STYLE('',(#10573));
#10573 = FILL_AREA_STYLE_COLOUR('',#9362);
#10574 = OVER_RIDING_STYLED_ITEM('overriding color',(#10575),#7060,#9344
  );
#10575 = PRESENTATION_STYLE_ASSIGNMENT((#10576));
#10576 = SURFACE_STYLE_USAGE(.BOTH.,#10577);
#10577 = SURFACE_SIDE_STYLE('',(#10578));
#10578 = SURFACE_STYLE_FILL_AREA(#10579);
#10579 = FILL_AREA_STYLE('',(#10580));
#10580 = FILL_AREA_STYLE_COLOUR('',#9362);
#10581 = OVER_RIDING_STYLED_ITEM('overriding color',(#10582),#7091,#9344
  );
#10582 = PRESENTATION_STYLE_ASSIGNMENT((#10583));
#10583 = SURFACE_STYLE_USAGE(.BOTH.,#10584);
#10584 = SURFACE_SIDE_STYLE('',(#10585));
#10585 = SURFACE_STYLE_FILL_AREA(#10586);
#10586 = FILL_AREA_STYLE('',(#10587));
#10587 = FILL_AREA_STYLE_COLOUR('',#9362);
#10588 = OVER_RIDING_STYLED_ITEM('overriding color',(#10589),#7115,#9344
  );
#10589 = PRESENTATION_STYLE_ASSIGNMENT((#10590));
#10590 = SURFACE_STYLE_USAGE(.BOTH.,#10591);
#10591 = SURFACE_SIDE_STYLE('',(#10592));
#10592 = SURFACE_STYLE_FILL_AREA(#10593);
#10593 = FILL_AREA_STYLE('',(#10594));
#10594 = FILL_AREA_STYLE_COLOUR('',#9362);
#10595 = OVER_RIDING_STYLED_ITEM('overriding color',(#10596),#7139,#9344
  );
#10596 = PRESENTATION_STYLE_ASSIGNMENT((#10597));
#10597 = SURFACE_STYLE_USAGE(.BOTH.,#10598);
#10598 = SURFACE_SIDE_STYLE('',(#10599));
#10599 = SURFACE_STYLE_FILL_AREA(#10600);
#10600 = FILL_AREA_STYLE('',(#10601));
#10601 = FILL_AREA_STYLE_COLOUR('',#9362);
#10602 = OVER_RIDING_STYLED_ITEM('overriding color',(#10603),#7163,#9344
  );
#10603 = PRESENTATION_STYLE_ASSIGNMENT((#10604));
#10604 = SURFACE_STYLE_USAGE(.BOTH.,#10605);
#10605 = SURFACE_SIDE_STYLE('',(#10606));
#10606 = SURFACE_STYLE_FILL_AREA(#10607);
#10607 = FILL_AREA_STYLE('',(#10608));
#10608 = FILL_AREA_STYLE_COLOUR('',#9362);
#10609 = OVER_RIDING_STYLED_ITEM('overriding color',(#10610),#7187,#9344
  );
#10610 = PRESENTATION_STYLE_ASSIGNMENT((#10611));
#10611 = SURFACE_STYLE_USAGE(.BOTH.,#10612);
#10612 = SURFACE_SIDE_STYLE('',(#10613));
#10613 = SURFACE_STYLE_FILL_AREA(#10614);
#10614 = FILL_AREA_STYLE('',(#10615));
#10615 = FILL_AREA_STYLE_COLOUR('',#9362);
#10616 = OVER_RIDING_STYLED_ITEM('overriding color',(#10617),#7211,#9344
  );
#10617 = PRESENTATION_STYLE_ASSIGNMENT((#10618));
#10618 = SURFACE_STYLE_USAGE(.BOTH.,#10619);
#10619 = SURFACE_SIDE_STYLE('',(#10620));
#10620 = SURFACE_STYLE_FILL_AREA(#10621);
#10621 = FILL_AREA_STYLE('',(#10622));
#10622 = FILL_AREA_STYLE_COLOUR('',#9362);
#10623 = OVER_RIDING_STYLED_ITEM('overriding color',(#10624),#7235,#9344
  );
#10624 = PRESENTATION_STYLE_ASSIGNMENT((#10625));
#10625 = SURFACE_STYLE_USAGE(.BOTH.,#10626);
#10626 = SURFACE_SIDE_STYLE('',(#10627));
#10627 = SURFACE_STYLE_FILL_AREA(#10628);
#10628 = FILL_AREA_STYLE('',(#10629));
#10629 = FILL_AREA_STYLE_COLOUR('',#9362);
#10630 = OVER_RIDING_STYLED_ITEM('overriding color',(#10631),#7259,#9344
  );
#10631 = PRESENTATION_STYLE_ASSIGNMENT((#10632));
#10632 = SURFACE_STYLE_USAGE(.BOTH.,#10633);
#10633 = SURFACE_SIDE_STYLE('',(#10634));
#10634 = SURFACE_STYLE_FILL_AREA(#10635);
#10635 = FILL_AREA_STYLE('',(#10636));
#10636 = FILL_AREA_STYLE_COLOUR('',#9362);
#10637 = OVER_RIDING_STYLED_ITEM('overriding color',(#10638),#7283,#9344
  );
#10638 = PRESENTATION_STYLE_ASSIGNMENT((#10639));
#10639 = SURFACE_STYLE_USAGE(.BOTH.,#10640);
#10640 = SURFACE_SIDE_STYLE('',(#10641));
#10641 = SURFACE_STYLE_FILL_AREA(#10642);
#10642 = FILL_AREA_STYLE('',(#10643));
#10643 = FILL_AREA_STYLE_COLOUR('',#9362);
#10644 = OVER_RIDING_STYLED_ITEM('overriding color',(#10645),#7307,#9344
  );
#10645 = PRESENTATION_STYLE_ASSIGNMENT((#10646));
#10646 = SURFACE_STYLE_USAGE(.BOTH.,#10647);
#10647 = SURFACE_SIDE_STYLE('',(#10648));
#10648 = SURFACE_STYLE_FILL_AREA(#10649);
#10649 = FILL_AREA_STYLE('',(#10650));
#10650 = FILL_AREA_STYLE_COLOUR('',#9362);
#10651 = OVER_RIDING_STYLED_ITEM('overriding color',(#10652),#7331,#9344
  );
#10652 = PRESENTATION_STYLE_ASSIGNMENT((#10653));
#10653 = SURFACE_STYLE_USAGE(.BOTH.,#10654);
#10654 = SURFACE_SIDE_STYLE('',(#10655));
#10655 = SURFACE_STYLE_FILL_AREA(#10656);
#10656 = FILL_AREA_STYLE('',(#10657));
#10657 = FILL_AREA_STYLE_COLOUR('',#9362);
#10658 = OVER_RIDING_STYLED_ITEM('overriding color',(#10659),#7348,#9344
  );
#10659 = PRESENTATION_STYLE_ASSIGNMENT((#10660));
#10660 = SURFACE_STYLE_USAGE(.BOTH.,#10661);
#10661 = SURFACE_SIDE_STYLE('',(#10662));
#10662 = SURFACE_STYLE_FILL_AREA(#10663);
#10663 = FILL_AREA_STYLE('',(#10664));
#10664 = FILL_AREA_STYLE_COLOUR('',#9362);
#10665 = OVER_RIDING_STYLED_ITEM('overriding color',(#10666),#7368,#9344
  );
#10666 = PRESENTATION_STYLE_ASSIGNMENT((#10667));
#10667 = SURFACE_STYLE_USAGE(.BOTH.,#10668);
#10668 = SURFACE_SIDE_STYLE('',(#10669));
#10669 = SURFACE_STYLE_FILL_AREA(#10670);
#10670 = FILL_AREA_STYLE('',(#10671));
#10671 = FILL_AREA_STYLE_COLOUR('',#9362);
#10672 = OVER_RIDING_STYLED_ITEM('overriding color',(#10673),#7498,#9344
  );
#10673 = PRESENTATION_STYLE_ASSIGNMENT((#10674));
#10674 = SURFACE_STYLE_USAGE(.BOTH.,#10675);
#10675 = SURFACE_SIDE_STYLE('',(#10676));
#10676 = SURFACE_STYLE_FILL_AREA(#10677);
#10677 = FILL_AREA_STYLE('',(#10678));
#10678 = FILL_AREA_STYLE_COLOUR('',#9362);
#10679 = OVER_RIDING_STYLED_ITEM('overriding color',(#10680),#7520,#9344
  );
#10680 = PRESENTATION_STYLE_ASSIGNMENT((#10681));
#10681 = SURFACE_STYLE_USAGE(.BOTH.,#10682);
#10682 = SURFACE_SIDE_STYLE('',(#10683));
#10683 = SURFACE_STYLE_FILL_AREA(#10684);
#10684 = FILL_AREA_STYLE('',(#10685));
#10685 = FILL_AREA_STYLE_COLOUR('',#9362);
#10686 = OVER_RIDING_STYLED_ITEM('overriding color',(#10687),#7541,#9344
  );
#10687 = PRESENTATION_STYLE_ASSIGNMENT((#10688));
#10688 = SURFACE_STYLE_USAGE(.BOTH.,#10689);
#10689 = SURFACE_SIDE_STYLE('',(#10690));
#10690 = SURFACE_STYLE_FILL_AREA(#10691);
#10691 = FILL_AREA_STYLE('',(#10692));
#10692 = FILL_AREA_STYLE_COLOUR('',#9362);
#10693 = OVER_RIDING_STYLED_ITEM('overriding color',(#10694),#7562,#9344
  );
#10694 = PRESENTATION_STYLE_ASSIGNMENT((#10695));
#10695 = SURFACE_STYLE_USAGE(.BOTH.,#10696);
#10696 = SURFACE_SIDE_STYLE('',(#10697));
#10697 = SURFACE_STYLE_FILL_AREA(#10698);
#10698 = FILL_AREA_STYLE('',(#10699));
#10699 = FILL_AREA_STYLE_COLOUR('',#9362);
#10700 = OVER_RIDING_STYLED_ITEM('overriding color',(#10701),#7583,#9344
  );
#10701 = PRESENTATION_STYLE_ASSIGNMENT((#10702));
#10702 = SURFACE_STYLE_USAGE(.BOTH.,#10703);
#10703 = SURFACE_SIDE_STYLE('',(#10704));
#10704 = SURFACE_STYLE_FILL_AREA(#10705);
#10705 = FILL_AREA_STYLE('',(#10706));
#10706 = FILL_AREA_STYLE_COLOUR('',#9362);
#10707 = OVER_RIDING_STYLED_ITEM('overriding color',(#10708),#7604,#9344
  );
#10708 = PRESENTATION_STYLE_ASSIGNMENT((#10709));
#10709 = SURFACE_STYLE_USAGE(.BOTH.,#10710);
#10710 = SURFACE_SIDE_STYLE('',(#10711));
#10711 = SURFACE_STYLE_FILL_AREA(#10712);
#10712 = FILL_AREA_STYLE('',(#10713));
#10713 = FILL_AREA_STYLE_COLOUR('',#9362);
#10714 = OVER_RIDING_STYLED_ITEM('overriding color',(#10715),#7621,#9344
  );
#10715 = PRESENTATION_STYLE_ASSIGNMENT((#10716));
#10716 = SURFACE_STYLE_USAGE(.BOTH.,#10717);
#10717 = SURFACE_SIDE_STYLE('',(#10718));
#10718 = SURFACE_STYLE_FILL_AREA(#10719);
#10719 = FILL_AREA_STYLE('',(#10720));
#10720 = FILL_AREA_STYLE_COLOUR('',#9362);
#10721 = OVER_RIDING_STYLED_ITEM('overriding color',(#10722),#7633,#9344
  );
#10722 = PRESENTATION_STYLE_ASSIGNMENT((#10723));
#10723 = SURFACE_STYLE_USAGE(.BOTH.,#10724);
#10724 = SURFACE_SIDE_STYLE('',(#10725));
#10725 = SURFACE_STYLE_FILL_AREA(#10726);
#10726 = FILL_AREA_STYLE('',(#10727));
#10727 = FILL_AREA_STYLE_COLOUR('',#9362);
#10728 = OVER_RIDING_STYLED_ITEM('overriding color',(#10729),#7664,#9344
  );
#10729 = PRESENTATION_STYLE_ASSIGNMENT((#10730));
#10730 = SURFACE_STYLE_USAGE(.BOTH.,#10731);
#10731 = SURFACE_SIDE_STYLE('',(#10732));
#10732 = SURFACE_STYLE_FILL_AREA(#10733);
#10733 = FILL_AREA_STYLE('',(#10734));
#10734 = FILL_AREA_STYLE_COLOUR('',#9362);
#10735 = OVER_RIDING_STYLED_ITEM('overriding color',(#10736),#7688,#9344
  );
#10736 = PRESENTATION_STYLE_ASSIGNMENT((#10737));
#10737 = SURFACE_STYLE_USAGE(.BOTH.,#10738);
#10738 = SURFACE_SIDE_STYLE('',(#10739));
#10739 = SURFACE_STYLE_FILL_AREA(#10740);
#10740 = FILL_AREA_STYLE('',(#10741));
#10741 = FILL_AREA_STYLE_COLOUR('',#9362);
#10742 = OVER_RIDING_STYLED_ITEM('overriding color',(#10743),#7712,#9344
  );
#10743 = PRESENTATION_STYLE_ASSIGNMENT((#10744));
#10744 = SURFACE_STYLE_USAGE(.BOTH.,#10745);
#10745 = SURFACE_SIDE_STYLE('',(#10746));
#10746 = SURFACE_STYLE_FILL_AREA(#10747);
#10747 = FILL_AREA_STYLE('',(#10748));
#10748 = FILL_AREA_STYLE_COLOUR('',#9362);
#10749 = OVER_RIDING_STYLED_ITEM('overriding color',(#10750),#7741,#9344
  );
#10750 = PRESENTATION_STYLE_ASSIGNMENT((#10751));
#10751 = SURFACE_STYLE_USAGE(.BOTH.,#10752);
#10752 = SURFACE_SIDE_STYLE('',(#10753));
#10753 = SURFACE_STYLE_FILL_AREA(#10754);
#10754 = FILL_AREA_STYLE('',(#10755));
#10755 = FILL_AREA_STYLE_COLOUR('',#9362);
#10756 = OVER_RIDING_STYLED_ITEM('overriding color',(#10757),#7770,#9344
  );
#10757 = PRESENTATION_STYLE_ASSIGNMENT((#10758));
#10758 = SURFACE_STYLE_USAGE(.BOTH.,#10759);
#10759 = SURFACE_SIDE_STYLE('',(#10760));
#10760 = SURFACE_STYLE_FILL_AREA(#10761);
#10761 = FILL_AREA_STYLE('',(#10762));
#10762 = FILL_AREA_STYLE_COLOUR('',#9362);
#10763 = OVER_RIDING_STYLED_ITEM('overriding color',(#10764),#7799,#9344
  );
#10764 = PRESENTATION_STYLE_ASSIGNMENT((#10765));
#10765 = SURFACE_STYLE_USAGE(.BOTH.,#10766);
#10766 = SURFACE_SIDE_STYLE('',(#10767));
#10767 = SURFACE_STYLE_FILL_AREA(#10768);
#10768 = FILL_AREA_STYLE('',(#10769));
#10769 = FILL_AREA_STYLE_COLOUR('',#9362);
#10770 = OVER_RIDING_STYLED_ITEM('overriding color',(#10771),#7836,#9344
  );
#10771 = PRESENTATION_STYLE_ASSIGNMENT((#10772));
#10772 = SURFACE_STYLE_USAGE(.BOTH.,#10773);
#10773 = SURFACE_SIDE_STYLE('',(#10774));
#10774 = SURFACE_STYLE_FILL_AREA(#10775);
#10775 = FILL_AREA_STYLE('',(#10776));
#10776 = FILL_AREA_STYLE_COLOUR('',#9362);
#10777 = OVER_RIDING_STYLED_ITEM('overriding color',(#10778),#7960,#9344
  );
#10778 = PRESENTATION_STYLE_ASSIGNMENT((#10779));
#10779 = SURFACE_STYLE_USAGE(.BOTH.,#10780);
#10780 = SURFACE_SIDE_STYLE('',(#10781));
#10781 = SURFACE_STYLE_FILL_AREA(#10782);
#10782 = FILL_AREA_STYLE('',(#10783));
#10783 = FILL_AREA_STYLE_COLOUR('',#9362);
#10784 = OVER_RIDING_STYLED_ITEM('overriding color',(#10785),#7982,#9344
  );
#10785 = PRESENTATION_STYLE_ASSIGNMENT((#10786));
#10786 = SURFACE_STYLE_USAGE(.BOTH.,#10787);
#10787 = SURFACE_SIDE_STYLE('',(#10788));
#10788 = SURFACE_STYLE_FILL_AREA(#10789);
#10789 = FILL_AREA_STYLE('',(#10790));
#10790 = FILL_AREA_STYLE_COLOUR('',#9362);
#10791 = OVER_RIDING_STYLED_ITEM('overriding color',(#10792),#7999,#9344
  );
#10792 = PRESENTATION_STYLE_ASSIGNMENT((#10793));
#10793 = SURFACE_STYLE_USAGE(.BOTH.,#10794);
#10794 = SURFACE_SIDE_STYLE('',(#10795));
#10795 = SURFACE_STYLE_FILL_AREA(#10796);
#10796 = FILL_AREA_STYLE('',(#10797));
#10797 = FILL_AREA_STYLE_COLOUR('',#9362);
#10798 = OVER_RIDING_STYLED_ITEM('overriding color',(#10799),#8016,#9344
  );
#10799 = PRESENTATION_STYLE_ASSIGNMENT((#10800));
#10800 = SURFACE_STYLE_USAGE(.BOTH.,#10801);
#10801 = SURFACE_SIDE_STYLE('',(#10802));
#10802 = SURFACE_STYLE_FILL_AREA(#10803);
#10803 = FILL_AREA_STYLE('',(#10804));
#10804 = FILL_AREA_STYLE_COLOUR('',#9362);
#10805 = OVER_RIDING_STYLED_ITEM('overriding color',(#10806),#8033,#9344
  );
#10806 = PRESENTATION_STYLE_ASSIGNMENT((#10807));
#10807 = SURFACE_STYLE_USAGE(.BOTH.,#10808);
#10808 = SURFACE_SIDE_STYLE('',(#10809));
#10809 = SURFACE_STYLE_FILL_AREA(#10810);
#10810 = FILL_AREA_STYLE('',(#10811));
#10811 = FILL_AREA_STYLE_COLOUR('',#9362);
#10812 = OVER_RIDING_STYLED_ITEM('overriding color',(#10813),#8050,#9344
  );
#10813 = PRESENTATION_STYLE_ASSIGNMENT((#10814));
#10814 = SURFACE_STYLE_USAGE(.BOTH.,#10815);
#10815 = SURFACE_SIDE_STYLE('',(#10816));
#10816 = SURFACE_STYLE_FILL_AREA(#10817);
#10817 = FILL_AREA_STYLE('',(#10818));
#10818 = FILL_AREA_STYLE_COLOUR('',#9362);
#10819 = OVER_RIDING_STYLED_ITEM('overriding color',(#10820),#8067,#9344
  );
#10820 = PRESENTATION_STYLE_ASSIGNMENT((#10821));
#10821 = SURFACE_STYLE_USAGE(.BOTH.,#10822);
#10822 = SURFACE_SIDE_STYLE('',(#10823));
#10823 = SURFACE_STYLE_FILL_AREA(#10824);
#10824 = FILL_AREA_STYLE('',(#10825));
#10825 = FILL_AREA_STYLE_COLOUR('',#9362);
#10826 = OVER_RIDING_STYLED_ITEM('overriding color',(#10827),#8084,#9344
  );
#10827 = PRESENTATION_STYLE_ASSIGNMENT((#10828));
#10828 = SURFACE_STYLE_USAGE(.BOTH.,#10829);
#10829 = SURFACE_SIDE_STYLE('',(#10830));
#10830 = SURFACE_STYLE_FILL_AREA(#10831);
#10831 = FILL_AREA_STYLE('',(#10832));
#10832 = FILL_AREA_STYLE_COLOUR('',#9362);
#10833 = OVER_RIDING_STYLED_ITEM('overriding color',(#10834),#8096,#9344
  );
#10834 = PRESENTATION_STYLE_ASSIGNMENT((#10835));
#10835 = SURFACE_STYLE_USAGE(.BOTH.,#10836);
#10836 = SURFACE_SIDE_STYLE('',(#10837));
#10837 = SURFACE_STYLE_FILL_AREA(#10838);
#10838 = FILL_AREA_STYLE('',(#10839));
#10839 = FILL_AREA_STYLE_COLOUR('',#9362);
#10840 = OVER_RIDING_STYLED_ITEM('overriding color',(#10841),#8127,#9344
  );
#10841 = PRESENTATION_STYLE_ASSIGNMENT((#10842));
#10842 = SURFACE_STYLE_USAGE(.BOTH.,#10843);
#10843 = SURFACE_SIDE_STYLE('',(#10844));
#10844 = SURFACE_STYLE_FILL_AREA(#10845);
#10845 = FILL_AREA_STYLE('',(#10846));
#10846 = FILL_AREA_STYLE_COLOUR('',#9362);
#10847 = OVER_RIDING_STYLED_ITEM('overriding color',(#10848),#8151,#9344
  );
#10848 = PRESENTATION_STYLE_ASSIGNMENT((#10849));
#10849 = SURFACE_STYLE_USAGE(.BOTH.,#10850);
#10850 = SURFACE_SIDE_STYLE('',(#10851));
#10851 = SURFACE_STYLE_FILL_AREA(#10852);
#10852 = FILL_AREA_STYLE('',(#10853));
#10853 = FILL_AREA_STYLE_COLOUR('',#9362);
#10854 = OVER_RIDING_STYLED_ITEM('overriding color',(#10855),#8180,#9344
  );
#10855 = PRESENTATION_STYLE_ASSIGNMENT((#10856));
#10856 = SURFACE_STYLE_USAGE(.BOTH.,#10857);
#10857 = SURFACE_SIDE_STYLE('',(#10858));
#10858 = SURFACE_STYLE_FILL_AREA(#10859);
#10859 = FILL_AREA_STYLE('',(#10860));
#10860 = FILL_AREA_STYLE_COLOUR('',#9362);
#10861 = OVER_RIDING_STYLED_ITEM('overriding color',(#10862),#8204,#9344
  );
#10862 = PRESENTATION_STYLE_ASSIGNMENT((#10863));
#10863 = SURFACE_STYLE_USAGE(.BOTH.,#10864);
#10864 = SURFACE_SIDE_STYLE('',(#10865));
#10865 = SURFACE_STYLE_FILL_AREA(#10866);
#10866 = FILL_AREA_STYLE('',(#10867));
#10867 = FILL_AREA_STYLE_COLOUR('',#9362);
#10868 = OVER_RIDING_STYLED_ITEM('overriding color',(#10869),#8233,#9344
  );
#10869 = PRESENTATION_STYLE_ASSIGNMENT((#10870));
#10870 = SURFACE_STYLE_USAGE(.BOTH.,#10871);
#10871 = SURFACE_SIDE_STYLE('',(#10872));
#10872 = SURFACE_STYLE_FILL_AREA(#10873);
#10873 = FILL_AREA_STYLE('',(#10874));
#10874 = FILL_AREA_STYLE_COLOUR('',#9362);
#10875 = OVER_RIDING_STYLED_ITEM('overriding color',(#10876),#8264,#9344
  );
#10876 = PRESENTATION_STYLE_ASSIGNMENT((#10877));
#10877 = SURFACE_STYLE_USAGE(.BOTH.,#10878);
#10878 = SURFACE_SIDE_STYLE('',(#10879));
#10879 = SURFACE_STYLE_FILL_AREA(#10880);
#10880 = FILL_AREA_STYLE('',(#10881));
#10881 = FILL_AREA_STYLE_COLOUR('',#9362);
#10882 = OVER_RIDING_STYLED_ITEM('overriding color',(#10883),#8589,#9344
  );
#10883 = PRESENTATION_STYLE_ASSIGNMENT((#10884));
#10884 = SURFACE_STYLE_USAGE(.BOTH.,#10885);
#10885 = SURFACE_SIDE_STYLE('',(#10886));
#10886 = SURFACE_STYLE_FILL_AREA(#10887);
#10887 = FILL_AREA_STYLE('',(#10888));
#10888 = FILL_AREA_STYLE_COLOUR('',#9362);
#10889 = OVER_RIDING_STYLED_ITEM('overriding color',(#10890),#8615,#9344
  );
#10890 = PRESENTATION_STYLE_ASSIGNMENT((#10891));
#10891 = SURFACE_STYLE_USAGE(.BOTH.,#10892);
#10892 = SURFACE_SIDE_STYLE('',(#10893));
#10893 = SURFACE_STYLE_FILL_AREA(#10894);
#10894 = FILL_AREA_STYLE('',(#10895));
#10895 = FILL_AREA_STYLE_COLOUR('',#9362);
#10896 = OVER_RIDING_STYLED_ITEM('overriding color',(#10897),#8636,#9344
  );
#10897 = PRESENTATION_STYLE_ASSIGNMENT((#10898));
#10898 = SURFACE_STYLE_USAGE(.BOTH.,#10899);
#10899 = SURFACE_SIDE_STYLE('',(#10900));
#10900 = SURFACE_STYLE_FILL_AREA(#10901);
#10901 = FILL_AREA_STYLE('',(#10902));
#10902 = FILL_AREA_STYLE_COLOUR('',#9362);
#10903 = OVER_RIDING_STYLED_ITEM('overriding color',(#10904),#8657,#9344
  );
#10904 = PRESENTATION_STYLE_ASSIGNMENT((#10905));
#10905 = SURFACE_STYLE_USAGE(.BOTH.,#10906);
#10906 = SURFACE_SIDE_STYLE('',(#10907));
#10907 = SURFACE_STYLE_FILL_AREA(#10908);
#10908 = FILL_AREA_STYLE('',(#10909));
#10909 = FILL_AREA_STYLE_COLOUR('',#9362);
#10910 = OVER_RIDING_STYLED_ITEM('overriding color',(#10911),#8678,#9344
  );
#10911 = PRESENTATION_STYLE_ASSIGNMENT((#10912));
#10912 = SURFACE_STYLE_USAGE(.BOTH.,#10913);
#10913 = SURFACE_SIDE_STYLE('',(#10914));
#10914 = SURFACE_STYLE_FILL_AREA(#10915);
#10915 = FILL_AREA_STYLE('',(#10916));
#10916 = FILL_AREA_STYLE_COLOUR('',#9362);
#10917 = OVER_RIDING_STYLED_ITEM('overriding color',(#10918),#8699,#9344
  );
#10918 = PRESENTATION_STYLE_ASSIGNMENT((#10919));
#10919 = SURFACE_STYLE_USAGE(.BOTH.,#10920);
#10920 = SURFACE_SIDE_STYLE('',(#10921));
#10921 = SURFACE_STYLE_FILL_AREA(#10922);
#10922 = FILL_AREA_STYLE('',(#10923));
#10923 = FILL_AREA_STYLE_COLOUR('',#9362);
#10924 = OVER_RIDING_STYLED_ITEM('overriding color',(#10925),#8720,#9344
  );
#10925 = PRESENTATION_STYLE_ASSIGNMENT((#10926));
#10926 = SURFACE_STYLE_USAGE(.BOTH.,#10927);
#10927 = SURFACE_SIDE_STYLE('',(#10928));
#10928 = SURFACE_STYLE_FILL_AREA(#10929);
#10929 = FILL_AREA_STYLE('',(#10930));
#10930 = FILL_AREA_STYLE_COLOUR('',#9362);
#10931 = OVER_RIDING_STYLED_ITEM('overriding color',(#10932),#8741,#9344
  );
#10932 = PRESENTATION_STYLE_ASSIGNMENT((#10933));
#10933 = SURFACE_STYLE_USAGE(.BOTH.,#10934);
#10934 = SURFACE_SIDE_STYLE('',(#10935));
#10935 = SURFACE_STYLE_FILL_AREA(#10936);
#10936 = FILL_AREA_STYLE('',(#10937));
#10937 = FILL_AREA_STYLE_COLOUR('',#9362);
#10938 = OVER_RIDING_STYLED_ITEM('overriding color',(#10939),#8762,#9344
  );
#10939 = PRESENTATION_STYLE_ASSIGNMENT((#10940));
#10940 = SURFACE_STYLE_USAGE(.BOTH.,#10941);
#10941 = SURFACE_SIDE_STYLE('',(#10942));
#10942 = SURFACE_STYLE_FILL_AREA(#10943);
#10943 = FILL_AREA_STYLE('',(#10944));
#10944 = FILL_AREA_STYLE_COLOUR('',#9362);
#10945 = OVER_RIDING_STYLED_ITEM('overriding color',(#10946),#8783,#9344
  );
#10946 = PRESENTATION_STYLE_ASSIGNMENT((#10947));
#10947 = SURFACE_STYLE_USAGE(.BOTH.,#10948);
#10948 = SURFACE_SIDE_STYLE('',(#10949));
#10949 = SURFACE_STYLE_FILL_AREA(#10950);
#10950 = FILL_AREA_STYLE('',(#10951));
#10951 = FILL_AREA_STYLE_COLOUR('',#9362);
#10952 = OVER_RIDING_STYLED_ITEM('overriding color',(#10953),#8804,#9344
  );
#10953 = PRESENTATION_STYLE_ASSIGNMENT((#10954));
#10954 = SURFACE_STYLE_USAGE(.BOTH.,#10955);
#10955 = SURFACE_SIDE_STYLE('',(#10956));
#10956 = SURFACE_STYLE_FILL_AREA(#10957);
#10957 = FILL_AREA_STYLE('',(#10958));
#10958 = FILL_AREA_STYLE_COLOUR('',#9362);
#10959 = OVER_RIDING_STYLED_ITEM('overriding color',(#10960),#8825,#9344
  );
#10960 = PRESENTATION_STYLE_ASSIGNMENT((#10961));
#10961 = SURFACE_STYLE_USAGE(.BOTH.,#10962);
#10962 = SURFACE_SIDE_STYLE('',(#10963));
#10963 = SURFACE_STYLE_FILL_AREA(#10964);
#10964 = FILL_AREA_STYLE('',(#10965));
#10965 = FILL_AREA_STYLE_COLOUR('',#9362);
#10966 = OVER_RIDING_STYLED_ITEM('overriding color',(#10967),#8846,#9344
  );
#10967 = PRESENTATION_STYLE_ASSIGNMENT((#10968));
#10968 = SURFACE_STYLE_USAGE(.BOTH.,#10969);
#10969 = SURFACE_SIDE_STYLE('',(#10970));
#10970 = SURFACE_STYLE_FILL_AREA(#10971);
#10971 = FILL_AREA_STYLE('',(#10972));
#10972 = FILL_AREA_STYLE_COLOUR('',#9362);
#10973 = OVER_RIDING_STYLED_ITEM('overriding color',(#10974),#8863,#9344
  );
#10974 = PRESENTATION_STYLE_ASSIGNMENT((#10975));
#10975 = SURFACE_STYLE_USAGE(.BOTH.,#10976);
#10976 = SURFACE_SIDE_STYLE('',(#10977));
#10977 = SURFACE_STYLE_FILL_AREA(#10978);
#10978 = FILL_AREA_STYLE('',(#10979));
#10979 = FILL_AREA_STYLE_COLOUR('',#9362);
#10980 = OVER_RIDING_STYLED_ITEM('overriding color',(#10981),#8880,#9344
  );
#10981 = PRESENTATION_STYLE_ASSIGNMENT((#10982));
#10982 = SURFACE_STYLE_USAGE(.BOTH.,#10983);
#10983 = SURFACE_SIDE_STYLE('',(#10984));
#10984 = SURFACE_STYLE_FILL_AREA(#10985);
#10985 = FILL_AREA_STYLE('',(#10986));
#10986 = FILL_AREA_STYLE_COLOUR('',#9362);
#10987 = OVER_RIDING_STYLED_ITEM('overriding color',(#10988),#8897,#9344
  );
#10988 = PRESENTATION_STYLE_ASSIGNMENT((#10989));
#10989 = SURFACE_STYLE_USAGE(.BOTH.,#10990);
#10990 = SURFACE_SIDE_STYLE('',(#10991));
#10991 = SURFACE_STYLE_FILL_AREA(#10992);
#10992 = FILL_AREA_STYLE('',(#10993));
#10993 = FILL_AREA_STYLE_COLOUR('',#9362);
#10994 = OVER_RIDING_STYLED_ITEM('overriding color',(#10995),#8914,#9344
  );
#10995 = PRESENTATION_STYLE_ASSIGNMENT((#10996));
#10996 = SURFACE_STYLE_USAGE(.BOTH.,#10997);
#10997 = SURFACE_SIDE_STYLE('',(#10998));
#10998 = SURFACE_STYLE_FILL_AREA(#10999);
#10999 = FILL_AREA_STYLE('',(#11000));
#11000 = FILL_AREA_STYLE_COLOUR('',#9362);
#11001 = OVER_RIDING_STYLED_ITEM('overriding color',(#11002),#8935,#9344
  );
#11002 = PRESENTATION_STYLE_ASSIGNMENT((#11003));
#11003 = SURFACE_STYLE_USAGE(.BOTH.,#11004);
#11004 = SURFACE_SIDE_STYLE('',(#11005));
#11005 = SURFACE_STYLE_FILL_AREA(#11006);
#11006 = FILL_AREA_STYLE('',(#11007));
#11007 = FILL_AREA_STYLE_COLOUR('',#9362);
#11008 = OVER_RIDING_STYLED_ITEM('overriding color',(#11009),#8956,#9344
  );
#11009 = PRESENTATION_STYLE_ASSIGNMENT((#11010));
#11010 = SURFACE_STYLE_USAGE(.BOTH.,#11011);
#11011 = SURFACE_SIDE_STYLE('',(#11012));
#11012 = SURFACE_STYLE_FILL_AREA(#11013);
#11013 = FILL_AREA_STYLE('',(#11014));
#11014 = FILL_AREA_STYLE_COLOUR('',#9362);
#11015 = OVER_RIDING_STYLED_ITEM('overriding color',(#11016),#8977,#9344
  );
#11016 = PRESENTATION_STYLE_ASSIGNMENT((#11017));
#11017 = SURFACE_STYLE_USAGE(.BOTH.,#11018);
#11018 = SURFACE_SIDE_STYLE('',(#11019));
#11019 = SURFACE_STYLE_FILL_AREA(#11020);
#11020 = FILL_AREA_STYLE('',(#11021));
#11021 = FILL_AREA_STYLE_COLOUR('',#9362);
#11022 = OVER_RIDING_STYLED_ITEM('overriding color',(#11023),#8998,#9344
  );
#11023 = PRESENTATION_STYLE_ASSIGNMENT((#11024));
#11024 = SURFACE_STYLE_USAGE(.BOTH.,#11025);
#11025 = SURFACE_SIDE_STYLE('',(#11026));
#11026 = SURFACE_STYLE_FILL_AREA(#11027);
#11027 = FILL_AREA_STYLE('',(#11028));
#11028 = FILL_AREA_STYLE_COLOUR('',#9362);
#11029 = OVER_RIDING_STYLED_ITEM('overriding color',(#11030),#9019,#9344
  );
#11030 = PRESENTATION_STYLE_ASSIGNMENT((#11031));
#11031 = SURFACE_STYLE_USAGE(.BOTH.,#11032);
#11032 = SURFACE_SIDE_STYLE('',(#11033));
#11033 = SURFACE_STYLE_FILL_AREA(#11034);
#11034 = FILL_AREA_STYLE('',(#11035));
#11035 = FILL_AREA_STYLE_COLOUR('',#9362);
#11036 = OVER_RIDING_STYLED_ITEM('overriding color',(#11037),#9040,#9344
  );
#11037 = PRESENTATION_STYLE_ASSIGNMENT((#11038));
#11038 = SURFACE_STYLE_USAGE(.BOTH.,#11039);
#11039 = SURFACE_SIDE_STYLE('',(#11040));
#11040 = SURFACE_STYLE_FILL_AREA(#11041);
#11041 = FILL_AREA_STYLE('',(#11042));
#11042 = FILL_AREA_STYLE_COLOUR('',#9362);
#11043 = OVER_RIDING_STYLED_ITEM('overriding color',(#11044),#9061,#9344
  );
#11044 = PRESENTATION_STYLE_ASSIGNMENT((#11045));
#11045 = SURFACE_STYLE_USAGE(.BOTH.,#11046);
#11046 = SURFACE_SIDE_STYLE('',(#11047));
#11047 = SURFACE_STYLE_FILL_AREA(#11048);
#11048 = FILL_AREA_STYLE('',(#11049));
#11049 = FILL_AREA_STYLE_COLOUR('',#9362);
#11050 = OVER_RIDING_STYLED_ITEM('overriding color',(#11051),#9078,#9344
  );
#11051 = PRESENTATION_STYLE_ASSIGNMENT((#11052));
#11052 = SURFACE_STYLE_USAGE(.BOTH.,#11053);
#11053 = SURFACE_SIDE_STYLE('',(#11054));
#11054 = SURFACE_STYLE_FILL_AREA(#11055);
#11055 = FILL_AREA_STYLE('',(#11056));
#11056 = FILL_AREA_STYLE_COLOUR('',#9362);
#11057 = OVER_RIDING_STYLED_ITEM('overriding color',(#11058),#9099,#9344
  );
#11058 = PRESENTATION_STYLE_ASSIGNMENT((#11059));
#11059 = SURFACE_STYLE_USAGE(.BOTH.,#11060);
#11060 = SURFACE_SIDE_STYLE('',(#11061));
#11061 = SURFACE_STYLE_FILL_AREA(#11062);
#11062 = FILL_AREA_STYLE('',(#11063));
#11063 = FILL_AREA_STYLE_COLOUR('',#9362);
#11064 = OVER_RIDING_STYLED_ITEM('overriding color',(#11065),#9120,#9344
  );
#11065 = PRESENTATION_STYLE_ASSIGNMENT((#11066));
#11066 = SURFACE_STYLE_USAGE(.BOTH.,#11067);
#11067 = SURFACE_SIDE_STYLE('',(#11068));
#11068 = SURFACE_STYLE_FILL_AREA(#11069);
#11069 = FILL_AREA_STYLE('',(#11070));
#11070 = FILL_AREA_STYLE_COLOUR('',#9362);
#11071 = OVER_RIDING_STYLED_ITEM('overriding color',(#11072),#9137,#9344
  );
#11072 = PRESENTATION_STYLE_ASSIGNMENT((#11073));
#11073 = SURFACE_STYLE_USAGE(.BOTH.,#11074);
#11074 = SURFACE_SIDE_STYLE('',(#11075));
#11075 = SURFACE_STYLE_FILL_AREA(#11076);
#11076 = FILL_AREA_STYLE('',(#11077));
#11077 = FILL_AREA_STYLE_COLOUR('',#9362);
#11078 = OVER_RIDING_STYLED_ITEM('overriding color',(#11079),#9158,#9344
  );
#11079 = PRESENTATION_STYLE_ASSIGNMENT((#11080));
#11080 = SURFACE_STYLE_USAGE(.BOTH.,#11081);
#11081 = SURFACE_SIDE_STYLE('',(#11082));
#11082 = SURFACE_STYLE_FILL_AREA(#11083);
#11083 = FILL_AREA_STYLE('',(#11084));
#11084 = FILL_AREA_STYLE_COLOUR('',#9362);
#11085 = OVER_RIDING_STYLED_ITEM('overriding color',(#11086),#9179,#9344
  );
#11086 = PRESENTATION_STYLE_ASSIGNMENT((#11087));
#11087 = SURFACE_STYLE_USAGE(.BOTH.,#11088);
#11088 = SURFACE_SIDE_STYLE('',(#11089));
#11089 = SURFACE_STYLE_FILL_AREA(#11090);
#11090 = FILL_AREA_STYLE('',(#11091));
#11091 = FILL_AREA_STYLE_COLOUR('',#9362);
#11092 = OVER_RIDING_STYLED_ITEM('overriding color',(#11093),#9200,#9344
  );
#11093 = PRESENTATION_STYLE_ASSIGNMENT((#11094));
#11094 = SURFACE_STYLE_USAGE(.BOTH.,#11095);
#11095 = SURFACE_SIDE_STYLE('',(#11096));
#11096 = SURFACE_STYLE_FILL_AREA(#11097);
#11097 = FILL_AREA_STYLE('',(#11098));
#11098 = FILL_AREA_STYLE_COLOUR('',#9362);
#11099 = OVER_RIDING_STYLED_ITEM('overriding color',(#11100),#9217,#9344
  );
#11100 = PRESENTATION_STYLE_ASSIGNMENT((#11101));
#11101 = SURFACE_STYLE_USAGE(.BOTH.,#11102);
#11102 = SURFACE_SIDE_STYLE('',(#11103));
#11103 = SURFACE_STYLE_FILL_AREA(#11104);
#11104 = FILL_AREA_STYLE('',(#11105));
#11105 = FILL_AREA_STYLE_COLOUR('',#9362);
#11106 = OVER_RIDING_STYLED_ITEM('overriding color',(#11107),#9238,#9344
  );
#11107 = PRESENTATION_STYLE_ASSIGNMENT((#11108));
#11108 = SURFACE_STYLE_USAGE(.BOTH.,#11109);
#11109 = SURFACE_SIDE_STYLE('',(#11110));
#11110 = SURFACE_STYLE_FILL_AREA(#11111);
#11111 = FILL_AREA_STYLE('',(#11112));
#11112 = FILL_AREA_STYLE_COLOUR('',#9362);
#11113 = OVER_RIDING_STYLED_ITEM('overriding color',(#11114),#9254,#9344
  );
#11114 = PRESENTATION_STYLE_ASSIGNMENT((#11115));
#11115 = SURFACE_STYLE_USAGE(.BOTH.,#11116);
#11116 = SURFACE_SIDE_STYLE('',(#11117));
#11117 = SURFACE_STYLE_FILL_AREA(#11118);
#11118 = FILL_AREA_STYLE('',(#11119));
#11119 = FILL_AREA_STYLE_COLOUR('',#9362);
#11120 = OVER_RIDING_STYLED_ITEM('overriding color',(#11121),#9299,#9344
  );
#11121 = PRESENTATION_STYLE_ASSIGNMENT((#11122));
#11122 = SURFACE_STYLE_USAGE(.BOTH.,#11123);
#11123 = SURFACE_SIDE_STYLE('',(#11124));
#11124 = SURFACE_STYLE_FILL_AREA(#11125);
#11125 = FILL_AREA_STYLE('',(#11126));
#11126 = FILL_AREA_STYLE_COLOUR('',#9362);
ENDSEC;
END-ISO-10303-21;
