ISO-10303-21;
HEADER;
FILE_DESCRIPTION(('FreeCAD Model'),'2;1');
FILE_NAME('Open CASCADE Shape Model','2026-06-05T18:18:52',(''),(''),
  'Open CASCADE STEP processor 7.9','FreeCAD','Unknown');
FILE_SCHEMA(('AUTOMOTIVE_DESIGN { 1 0 10303 214 1 1 1 1 }'));
ENDSEC;
DATA;
#1 = APPLICATION_PROTOCOL_DEFINITION('international standard',
  'automotive_design',2000,#2);
#2 = APPLICATION_CONTEXT(
  'core data for automotive mechanical design processes');
#3 = SHAPE_DEFINITION_REPRESENTATION(#4,#10);
#4 = PRODUCT_DEFINITION_SHAPE('','',#5);
#5 = PRODUCT_DEFINITION('design','',#6,#9);
#6 = PRODUCT_DEFINITION_FORMATION('','',#7);
#7 = PRODUCT('Unnamed','Unnamed','',(#8));
#8 = PRODUCT_CONTEXT('',#2,'mechanical');
#9 = PRODUCT_DEFINITION_CONTEXT('part definition',#2,'design');
#10 = SHAPE_REPRESENTATION('',(#11,#15,#19,#23),#27);
#11 = AXIS2_PLACEMENT_3D('',#12,#13,#14);
#12 = CARTESIAN_POINT('',(0.,0.,0.));
#13 = DIRECTION('',(0.,0.,1.));
#14 = DIRECTION('',(1.,0.,-0.));
#15 = AXIS2_PLACEMENT_3D('',#16,#17,#18);
#16 = CARTESIAN_POINT('',(0.,0.,0.));
#17 = DIRECTION('',(0.,0.,1.));
#18 = DIRECTION('',(1.,0.,0.));
#19 = AXIS2_PLACEMENT_3D('',#20,#21,#22);
#20 = CARTESIAN_POINT('',(0.,0.,0.));
#21 = DIRECTION('',(0.,0.,1.));
#22 = DIRECTION('',(1.,0.,0.));
#23 = AXIS2_PLACEMENT_3D('',#24,#25,#26);
#24 = CARTESIAN_POINT('',(0.,0.,0.));
#25 = DIRECTION('',(0.,0.,1.));
#26 = DIRECTION('',(1.,0.,0.));
#27 = ( GEOMETRIC_REPRESENTATION_CONTEXT(3) 
GLOBAL_UNCERTAINTY_ASSIGNED_CONTEXT((#31)) GLOBAL_UNIT_ASSIGNED_CONTEXT(
(#28,#29,#30)) REPRESENTATION_CONTEXT('Context #1',
  '3D Context with UNIT and UNCERTAINTY') );
#28 = ( LENGTH_UNIT() NAMED_UNIT(*) SI_UNIT(.MILLI.,.METRE.) );
#29 = ( NAMED_UNIT(*) PLANE_ANGLE_UNIT() SI_UNIT($,.RADIAN.) );
#30 = ( NAMED_UNIT(*) SI_UNIT($,.STERADIAN.) SOLID_ANGLE_UNIT() );
#31 = UNCERTAINTY_MEASURE_WITH_UNIT(LENGTH_MEASURE(1.E-05),#28,
  'distance_accuracy_value','confusion accuracy');
#32 = PRODUCT_RELATED_PRODUCT_CATEGORY('part',$,(#7));
#33 = SHAPE_DEFINITION_REPRESENTATION(#34,#40);
#34 = PRODUCT_DEFINITION_SHAPE('','',#35);
#35 = PRODUCT_DEFINITION('design','',#36,#39);
#36 = PRODUCT_DEFINITION_FORMATION('','',#37);
#37 = PRODUCT('OLED_0_69_X069_9616TSWIG02_H14',
  'OLED_0_69_X069_9616TSWIG02_H14','',(#38));
#38 = PRODUCT_CONTEXT('',#2,'mechanical');
#39 = PRODUCT_DEFINITION_CONTEXT('part definition',#2,'design');
#40 = SHAPE_REPRESENTATION('',(#11,#41,#45),#49);
#41 = AXIS2_PLACEMENT_3D('',#42,#43,#44);
#42 = CARTESIAN_POINT('',(0.,0.,0.));
#43 = DIRECTION('',(0.,0.,1.));
#44 = DIRECTION('',(1.,0.,0.));
#45 = AXIS2_PLACEMENT_3D('',#46,#47,#48);
#46 = CARTESIAN_POINT('',(0.,0.,0.));
#47 = DIRECTION('',(0.,0.,1.));
#48 = DIRECTION('',(1.,0.,0.));
#49 = ( GEOMETRIC_REPRESENTATION_CONTEXT(3) 
GLOBAL_UNCERTAINTY_ASSIGNED_CONTEXT((#53)) GLOBAL_UNIT_ASSIGNED_CONTEXT(
(#50,#51,#52)) REPRESENTATION_CONTEXT('Context #1',
  '3D Context with UNIT and UNCERTAINTY') );
#50 = ( LENGTH_UNIT() NAMED_UNIT(*) SI_UNIT(.MILLI.,.METRE.) );
#51 = ( NAMED_UNIT(*) PLANE_ANGLE_UNIT() SI_UNIT($,.RADIAN.) );
#52 = ( NAMED_UNIT(*) SI_UNIT($,.STERADIAN.) SOLID_ANGLE_UNIT() );
#53 = UNCERTAINTY_MEASURE_WITH_UNIT(LENGTH_MEASURE(2.E-05),#50,
  'distance_accuracy_value','confusion accuracy');
#54 = CONTEXT_DEPENDENT_SHAPE_REPRESENTATION(#55,#57);
#55 = ( REPRESENTATION_RELATIONSHIP('','',#40,#10) 
REPRESENTATION_RELATIONSHIP_WITH_TRANSFORMATION(#56) 
SHAPE_REPRESENTATION_RELATIONSHIP() );
#56 = ITEM_DEFINED_TRANSFORMATION('','',#11,#15);
#57 = PRODUCT_DEFINITION_SHAPE('Placement','Placement of an item',#58);
#58 = NEXT_ASSEMBLY_USAGE_OCCURRENCE('5',
  'OLED_0_69_X069_9616TSWIG02_H14','',#5,#35,$);
#59 = PRODUCT_RELATED_PRODUCT_CATEGORY('part',$,(#37));
#60 = SHAPE_DEFINITION_REPRESENTATION(#61,#67);
#61 = PRODUCT_DEFINITION_SHAPE('','',#62);
#62 = PRODUCT_DEFINITION('design','',#63,#66);
#63 = PRODUCT_DEFINITION_FORMATION('','',#64);
#64 = PRODUCT('Screen','Screen','',(#65));
#65 = PRODUCT_CONTEXT('',#2,'mechanical');
#66 = PRODUCT_DEFINITION_CONTEXT('part definition',#2,'design');
#67 = ADVANCED_BREP_SHAPE_REPRESENTATION('',(#11,#68),#218);
#68 = MANIFOLD_SOLID_BREP('',#69);
#69 = CLOSED_SHELL('',(#70,#110,#141,#172,#194,#206));
#70 = ADVANCED_FACE('',(#71),#105,.F.);
#71 = FACE_BOUND('',#72,.F.);
#72 = EDGE_LOOP('',(#73,#83,#91,#99));
#73 = ORIENTED_EDGE('',*,*,#74,.T.);
#74 = EDGE_CURVE('',#75,#77,#79,.T.);
#75 = VERTEX_POINT('',#76);
#76 = CARTESIAN_POINT('',(12.,-3.45,0.));
#77 = VERTEX_POINT('',#78);
#78 = CARTESIAN_POINT('',(12.,-3.45,1.25));
#79 = LINE('',#80,#81);
#80 = CARTESIAN_POINT('',(12.,-3.45,0.));
#81 = VECTOR('',#82,1.);
#82 = DIRECTION('',(0.,0.,1.));
#83 = ORIENTED_EDGE('',*,*,#84,.T.);
#84 = EDGE_CURVE('',#77,#85,#87,.T.);
#85 = VERTEX_POINT('',#86);
#86 = CARTESIAN_POINT('',(12.,3.45,1.25));
#87 = LINE('',#88,#89);
#88 = CARTESIAN_POINT('',(12.,-3.45,1.25));
#89 = VECTOR('',#90,1.);
#90 = DIRECTION('',(0.,1.,0.));
#91 = ORIENTED_EDGE('',*,*,#92,.F.);
#92 = EDGE_CURVE('',#93,#85,#95,.T.);
#93 = VERTEX_POINT('',#94);
#94 = CARTESIAN_POINT('',(12.,3.45,0.));
#95 = LINE('',#96,#97);
#96 = CARTESIAN_POINT('',(12.,3.45,0.));
#97 = VECTOR('',#98,1.);
#98 = DIRECTION('',(0.,0.,1.));
#99 = ORIENTED_EDGE('',*,*,#100,.F.);
#100 = EDGE_CURVE('',#75,#93,#101,.T.);
#101 = LINE('',#102,#103);
#102 = CARTESIAN_POINT('',(12.,-3.45,0.));
#103 = VECTOR('',#104,1.);
#104 = DIRECTION('',(0.,1.,0.));
#105 = PLANE('',#106);
#106 = AXIS2_PLACEMENT_3D('',#107,#108,#109);
#107 = CARTESIAN_POINT('',(12.,-3.45,0.));
#108 = DIRECTION('',(-1.,0.,0.));
#109 = DIRECTION('',(0.,1.,0.));
#110 = ADVANCED_FACE('',(#111),#136,.F.);
#111 = FACE_BOUND('',#112,.F.);
#112 = EDGE_LOOP('',(#113,#114,#122,#130));
#113 = ORIENTED_EDGE('',*,*,#92,.T.);
#114 = ORIENTED_EDGE('',*,*,#115,.T.);
#115 = EDGE_CURVE('',#85,#116,#118,.T.);
#116 = VERTEX_POINT('',#117);
#117 = CARTESIAN_POINT('',(-12.,3.45,1.25));
#118 = LINE('',#119,#120);
#119 = CARTESIAN_POINT('',(12.,3.45,1.25));
#120 = VECTOR('',#121,1.);
#121 = DIRECTION('',(-1.,0.,0.));
#122 = ORIENTED_EDGE('',*,*,#123,.F.);
#123 = EDGE_CURVE('',#124,#116,#126,.T.);
#124 = VERTEX_POINT('',#125);
#125 = CARTESIAN_POINT('',(-12.,3.45,0.));
#126 = LINE('',#127,#128);
#127 = CARTESIAN_POINT('',(-12.,3.45,0.));
#128 = VECTOR('',#129,1.);
#129 = DIRECTION('',(0.,0.,1.));
#130 = ORIENTED_EDGE('',*,*,#131,.F.);
#131 = EDGE_CURVE('',#93,#124,#132,.T.);
#132 = LINE('',#133,#134);
#133 = CARTESIAN_POINT('',(12.,3.45,0.));
#134 = VECTOR('',#135,1.);
#135 = DIRECTION('',(-1.,0.,0.));
#136 = PLANE('',#137);
#137 = AXIS2_PLACEMENT_3D('',#138,#139,#140);
#138 = CARTESIAN_POINT('',(12.,3.45,0.));
#139 = DIRECTION('',(0.,-1.,0.));
#140 = DIRECTION('',(-1.,0.,0.));
#141 = ADVANCED_FACE('',(#142),#167,.F.);
#142 = FACE_BOUND('',#143,.F.);
#143 = EDGE_LOOP('',(#144,#145,#153,#161));
#144 = ORIENTED_EDGE('',*,*,#123,.T.);
#145 = ORIENTED_EDGE('',*,*,#146,.T.);
#146 = EDGE_CURVE('',#116,#147,#149,.T.);
#147 = VERTEX_POINT('',#148);
#148 = CARTESIAN_POINT('',(-12.,-3.45,1.25));
#149 = LINE('',#150,#151);
#150 = CARTESIAN_POINT('',(-12.,3.45,1.25));
#151 = VECTOR('',#152,1.);
#152 = DIRECTION('',(0.,-1.,0.));
#153 = ORIENTED_EDGE('',*,*,#154,.F.);
#154 = EDGE_CURVE('',#155,#147,#157,.T.);
#155 = VERTEX_POINT('',#156);
#156 = CARTESIAN_POINT('',(-12.,-3.45,0.));
#157 = LINE('',#158,#159);
#158 = CARTESIAN_POINT('',(-12.,-3.45,0.));
#159 = VECTOR('',#160,1.);
#160 = DIRECTION('',(0.,0.,1.));
#161 = ORIENTED_EDGE('',*,*,#162,.F.);
#162 = EDGE_CURVE('',#124,#155,#163,.T.);
#163 = LINE('',#164,#165);
#164 = CARTESIAN_POINT('',(-12.,3.45,0.));
#165 = VECTOR('',#166,1.);
#166 = DIRECTION('',(0.,-1.,0.));
#167 = PLANE('',#168);
#168 = AXIS2_PLACEMENT_3D('',#169,#170,#171);
#169 = CARTESIAN_POINT('',(-12.,3.45,0.));
#170 = DIRECTION('',(1.,0.,0.));
#171 = DIRECTION('',(0.,-1.,0.));
#172 = ADVANCED_FACE('',(#173),#189,.F.);
#173 = FACE_BOUND('',#174,.F.);
#174 = EDGE_LOOP('',(#175,#176,#182,#183));
#175 = ORIENTED_EDGE('',*,*,#154,.T.);
#176 = ORIENTED_EDGE('',*,*,#177,.T.);
#177 = EDGE_CURVE('',#147,#77,#178,.T.);
#178 = LINE('',#179,#180);
#179 = CARTESIAN_POINT('',(-12.,-3.45,1.25));
#180 = VECTOR('',#181,1.);
#181 = DIRECTION('',(1.,0.,0.));
#182 = ORIENTED_EDGE('',*,*,#74,.F.);
#183 = ORIENTED_EDGE('',*,*,#184,.F.);
#184 = EDGE_CURVE('',#155,#75,#185,.T.);
#185 = LINE('',#186,#187);
#186 = CARTESIAN_POINT('',(-12.,-3.45,0.));
#187 = VECTOR('',#188,1.);
#188 = DIRECTION('',(1.,0.,0.));
#189 = PLANE('',#190);
#190 = AXIS2_PLACEMENT_3D('',#191,#192,#193);
#191 = CARTESIAN_POINT('',(-12.,-3.45,0.));
#192 = DIRECTION('',(0.,1.,0.));
#193 = DIRECTION('',(1.,0.,0.));
#194 = ADVANCED_FACE('',(#195),#201,.F.);
#195 = FACE_BOUND('',#196,.F.);
#196 = EDGE_LOOP('',(#197,#198,#199,#200));
#197 = ORIENTED_EDGE('',*,*,#100,.T.);
#198 = ORIENTED_EDGE('',*,*,#131,.T.);
#199 = ORIENTED_EDGE('',*,*,#162,.T.);
#200 = ORIENTED_EDGE('',*,*,#184,.T.);
#201 = PLANE('',#202);
#202 = AXIS2_PLACEMENT_3D('',#203,#204,#205);
#203 = CARTESIAN_POINT('',(0.,0.,0.));
#204 = DIRECTION('',(0.,0.,1.));
#205 = DIRECTION('',(1.,0.,-0.));
#206 = ADVANCED_FACE('',(#207),#213,.T.);
#207 = FACE_BOUND('',#208,.T.);
#208 = EDGE_LOOP('',(#209,#210,#211,#212));
#209 = ORIENTED_EDGE('',*,*,#84,.T.);
#210 = ORIENTED_EDGE('',*,*,#115,.T.);
#211 = ORIENTED_EDGE('',*,*,#146,.T.);
#212 = ORIENTED_EDGE('',*,*,#177,.T.);
#213 = PLANE('',#214);
#214 = AXIS2_PLACEMENT_3D('',#215,#216,#217);
#215 = CARTESIAN_POINT('',(0.,0.,1.25));
#216 = DIRECTION('',(0.,0.,1.));
#217 = DIRECTION('',(1.,0.,-0.));
#218 = ( GEOMETRIC_REPRESENTATION_CONTEXT(3) 
GLOBAL_UNCERTAINTY_ASSIGNED_CONTEXT((#222)) GLOBAL_UNIT_ASSIGNED_CONTEXT
((#219,#220,#221)) REPRESENTATION_CONTEXT('Context #1',
  '3D Context with UNIT and UNCERTAINTY') );
#219 = ( LENGTH_UNIT() NAMED_UNIT(*) SI_UNIT(.MILLI.,.METRE.) );
#220 = ( NAMED_UNIT(*) PLANE_ANGLE_UNIT() SI_UNIT($,.RADIAN.) );
#221 = ( NAMED_UNIT(*) SI_UNIT($,.STERADIAN.) SOLID_ANGLE_UNIT() );
#222 = UNCERTAINTY_MEASURE_WITH_UNIT(LENGTH_MEASURE(1.E-07),#219,
  'distance_accuracy_value','confusion accuracy');
#223 = CONTEXT_DEPENDENT_SHAPE_REPRESENTATION(#224,#226);
#224 = ( REPRESENTATION_RELATIONSHIP('','',#67,#40) 
REPRESENTATION_RELATIONSHIP_WITH_TRANSFORMATION(#225) 
SHAPE_REPRESENTATION_RELATIONSHIP() );
#225 = ITEM_DEFINED_TRANSFORMATION('','',#11,#41);
#226 = PRODUCT_DEFINITION_SHAPE('Placement','Placement of an item',#227
  );
#227 = NEXT_ASSEMBLY_USAGE_OCCURRENCE('3','Screen','',#35,#62,$);
#228 = PRODUCT_RELATED_PRODUCT_CATEGORY('part',$,(#64));
#229 = SHAPE_DEFINITION_REPRESENTATION(#230,#236);
#230 = PRODUCT_DEFINITION_SHAPE('','',#231);
#231 = PRODUCT_DEFINITION('design','',#232,#235);
#232 = PRODUCT_DEFINITION_FORMATION('','',#233);
#233 = PRODUCT('Cable','Cable','',(#234));
#234 = PRODUCT_CONTEXT('',#2,'mechanical');
#235 = PRODUCT_DEFINITION_CONTEXT('part definition',#2,'design');
#236 = ADVANCED_BREP_SHAPE_REPRESENTATION('',(#11,#237),#1507);
#237 = MANIFOLD_SOLID_BREP('',#238);
#238 = CLOSED_SHELL('',(#239,#395,#426,#468,#790,#859,#1187,#1223,#1247,
    #1271,#1288,#1312,#1336,#1360,#1384,#1408,#1425,#1450,#1475,#1487));
#239 = ADVANCED_FACE('',(#240),#390,.F.);
#240 = FACE_BOUND('',#241,.F.);
#241 = EDGE_LOOP('',(#242,#253,#310,#318,#375,#384));
#242 = ORIENTED_EDGE('',*,*,#243,.T.);
#243 = EDGE_CURVE('',#244,#246,#248,.T.);
#244 = VERTEX_POINT('',#245);
#245 = CARTESIAN_POINT('',(13.536062020263,-2.79,0.625));
#246 = VERTEX_POINT('',#247);
#247 = CARTESIAN_POINT('',(14.003366841037,-2.79,0.302837578934));
#248 = CIRCLE('',#249,0.5);
#249 = AXIS2_PLACEMENT_3D('',#250,#251,#252);
#250 = CARTESIAN_POINT('',(13.536062020263,-2.79,0.125));
#251 = DIRECTION('',(0.,1.,0.));
#252 = DIRECTION('',(0.,-0.,1.));
#253 = ORIENTED_EDGE('',*,*,#254,.T.);
#254 = EDGE_CURVE('',#246,#255,#257,.T.);
#255 = VERTEX_POINT('',#256);
#256 = CARTESIAN_POINT('',(13.536062020263,-3.616969975159,-0.375));
#257 = B_SPLINE_CURVE_WITH_KNOTS('',3,(#258,#259,#260,#261,#262,#263,
    #264,#265,#266,#267,#268,#269,#270,#271,#272,#273,#274,#275,#276,
    #277,#278,#279,#280,#281,#282,#283,#284,#285,#286,#287,#288,#289,
    #290,#291,#292,#293,#294,#295,#296,#297,#298,#299,#300,#301,#302,
    #303,#304,#305,#306,#307,#308,#309),.UNSPECIFIED.,.F.,.F.,(4,1,1,1,1
    ,1,1,1,1,1,1,1,1,1,1,1,1,1,1,1,1,1,1,1,1,1,1,1,1,1,1,1,1,1,1,1,1,1,1
    ,1,1,1,1,1,1,1,1,1,1,4),(0.,2.750065967587E-02,5.500131935175E-02,
    8.250197902762E-02,0.110002638703,0.137503298379,0.165003958055,
    0.192504617731,0.220005277407,0.247505937083,0.275006596759,
    0.302507256435,0.33000791611,0.357508575786,0.385009235462,
    0.412509895138,0.440010554814,0.46751121449,0.495011874166,
    0.522512533842,0.550013193517,0.577513853193,0.605014512869,
    0.632515172545,0.660015832221,0.687516491897,0.715017151573,
    0.742517811249,0.770018470924,0.7975191306,0.825019790276,
    0.852520449952,0.880021109628,0.907521769304,0.93502242898,
    0.962523088656,0.990023748331,1.017524408007,1.045025067683,
    1.072525727359,1.100026387035,1.127527046711,1.155027706387,
    1.182528366063,1.210029025738,1.237529685414,1.26503034509,
    1.292531004766,1.320031664442,1.347532324118),.UNSPECIFIED.);
#258 = CARTESIAN_POINT('',(14.003366841037,-2.79,0.302837578934));
#259 = CARTESIAN_POINT('',(14.005666549411,-2.79562564609,0.296672904685
    ));
#260 = CARTESIAN_POINT('',(14.010021621325,-2.806876938269,
    0.284255444369));
#261 = CARTESIAN_POINT('',(14.015937817426,-2.823753876537,
    0.265425137698));
#262 = CARTESIAN_POINT('',(14.02110620997,-2.840630814806,0.2463760027)
  );
#263 = CARTESIAN_POINT('',(14.025518744911,-2.857507753074,
    0.227137724163));
#264 = CARTESIAN_POINT('',(14.029168546074,-2.874384691343,
    0.207740281622));
#265 = CARTESIAN_POINT('',(14.032049925874,-2.891261629611,
    0.188213902641));
#266 = CARTESIAN_POINT('',(14.03415839418,-2.90813856788,0.168589015709)
  );
#267 = CARTESIAN_POINT('',(14.035490665307,-2.925015506148,
    0.148896202825));
#268 = CARTESIAN_POINT('',(14.03604466314,-2.941892444417,0.129166151835
    ));
#269 = CARTESIAN_POINT('',(14.035819524371,-2.958769382686,
    0.109429608617));
#270 = CARTESIAN_POINT('',(14.034815599838,-2.975646320954,
    8.971732916488E-02));
#271 = CARTESIAN_POINT('',(14.033034453984,-2.992523259223,
    7.006003166212E-02));
#272 = CARTESIAN_POINT('',(14.030478862419,-3.009400197491,
    5.048834861203E-02));
#273 = CARTESIAN_POINT('',(14.027152807589,-3.02627713576,
    3.103277910267E-02));
#274 = CARTESIAN_POINT('',(14.023061472578,-3.043154074028,
    1.172364127918E-02));
#275 = CARTESIAN_POINT('',(14.018211233023,-3.060031012297,
    -7.408974901768E-03));
#276 = CARTESIAN_POINT('',(14.012609647187,-3.076907950565,
    -2.633525456201E-02));
#277 = CARTESIAN_POINT('',(14.006265444172,-3.093784888834,
    -4.502570436322E-02));
#278 = CARTESIAN_POINT('',(13.999188510324,-3.110661827103,
    -6.345119846716E-02));
#279 = CARTESIAN_POINT('',(13.991389873822,-3.127538765371,
    -8.158302392331E-02));
#280 = CARTESIAN_POINT('',(13.982881687494,-3.14441570364,
    -9.939292541302E-02));
#281 = CARTESIAN_POINT('',(13.973677209879,-3.161292641908,
    -0.116853149281));
#282 = CARTESIAN_POINT('',(13.963790784567,-3.178169580177,
    -0.133936486782));
#283 = CARTESIAN_POINT('',(13.953237817842,-3.195046518445,
    -0.150616316487));
#284 = CARTESIAN_POINT('',(13.942034754683,-3.211923456714,
    -0.166866645761));
#285 = CARTESIAN_POINT('',(13.930199053127,-3.228800394983,
    -0.182662151272));
#286 = CARTESIAN_POINT('',(13.917749157072,-3.245677333251,
    -0.197978218452));
#287 = CARTESIAN_POINT('',(13.90470446753,-3.26255427152,-0.212790979857
    ));
#288 = CARTESIAN_POINT('',(13.891085312398,-3.279431209788,
    -0.227077352355));
#289 = CARTESIAN_POINT('',(13.876912914777,-3.296308148057,
    -0.240815073102));
#290 = CARTESIAN_POINT('',(13.862209359901,-3.313185086325,
    -0.253982734233));
#291 = CARTESIAN_POINT('',(13.846997560721,-3.330062024594,
    -0.266559816223));
#292 = CARTESIAN_POINT('',(13.831301222198,-3.346938962862,
    -0.278526719859));
#293 = CARTESIAN_POINT('',(13.815144804367,-3.363815901131,
    -0.289864796791));
#294 = CARTESIAN_POINT('',(13.798553484213,-3.3806928394,-0.300556378584
    ));
#295 = CARTESIAN_POINT('',(13.781553116444,-3.397569777668,
    -0.310584804252));
#296 = CARTESIAN_POINT('',(13.764170193198,-3.414446715937,
    -0.319934446228));
#297 = CARTESIAN_POINT('',(13.746431802758,-3.431323654205,
    -0.328590734708));
#298 = CARTESIAN_POINT('',(13.728365587342,-3.448200592474,
    -0.336540180362));
#299 = CARTESIAN_POINT('',(13.709999700027,-3.465077530742,
    -0.343770395352));
#300 = CARTESIAN_POINT('',(13.691362760876,-3.481954469011,
    -0.350270112636));
#301 = CARTESIAN_POINT('',(13.672483812342,-3.498831407279,
    -0.356029203527));
#302 = CARTESIAN_POINT('',(13.653392274004,-3.515708345548,
    -0.361038693477));
#303 = CARTESIAN_POINT('',(13.634117896729,-3.532585283817,
    -0.365290776061));
#304 = CARTESIAN_POINT('',(13.614690716303,-3.549462222085,
    -0.368778825142));
#305 = CARTESIAN_POINT('',(13.595141006635,-3.566339160354,
    -0.371497405199));
#306 = CARTESIAN_POINT('',(13.575499232568,-3.583216098622,
    -0.373442279793));
#307 = CARTESIAN_POINT('',(13.555796002417,-3.600093036891,
    -0.374610418174));
#308 = CARTESIAN_POINT('',(13.542641533392,-3.61134432907,
    -0.374956708133));
#309 = CARTESIAN_POINT('',(13.536062020263,-3.616969975159,-0.375));
#310 = ORIENTED_EDGE('',*,*,#311,.T.);
#311 = EDGE_CURVE('',#255,#312,#314,.T.);
#312 = VERTEX_POINT('',#313);
#313 = CARTESIAN_POINT('',(13.536062020263,3.616969975159,-0.375));
#314 = LINE('',#315,#316);
#315 = CARTESIAN_POINT('',(13.536062020263,-3.616969975159,-0.375));
#316 = VECTOR('',#317,1.);
#317 = DIRECTION('',(0.,1.,0.));
#318 = ORIENTED_EDGE('',*,*,#319,.T.);
#319 = EDGE_CURVE('',#312,#320,#322,.T.);
#320 = VERTEX_POINT('',#321);
#321 = CARTESIAN_POINT('',(14.003366841037,2.79,0.302837578934));
#322 = B_SPLINE_CURVE_WITH_KNOTS('',3,(#323,#324,#325,#326,#327,#328,
    #329,#330,#331,#332,#333,#334,#335,#336,#337,#338,#339,#340,#341,
    #342,#343,#344,#345,#346,#347,#348,#349,#350,#351,#352,#353,#354,
    #355,#356,#357,#358,#359,#360,#361,#362,#363,#364,#365,#366,#367,
    #368,#369,#370,#371,#372,#373,#374),.UNSPECIFIED.,.F.,.F.,(4,1,1,1,1
    ,1,1,1,1,1,1,1,1,1,1,1,1,1,1,1,1,1,1,1,1,1,1,1,1,1,1,1,1,1,1,1,1,1,1
    ,1,1,1,1,1,1,1,1,1,1,4),(0.,2.750065967587E-02,5.500131935175E-02,
    8.250197902762E-02,0.110002638703,0.137503298379,0.165003958055,
    0.192504617731,0.220005277407,0.247505937083,0.275006596759,
    0.302507256435,0.33000791611,0.357508575786,0.385009235462,
    0.412509895138,0.440010554814,0.46751121449,0.495011874166,
    0.522512533842,0.550013193517,0.577513853193,0.605014512869,
    0.632515172545,0.660015832221,0.687516491897,0.715017151573,
    0.742517811249,0.770018470924,0.7975191306,0.825019790276,
    0.852520449952,0.880021109628,0.907521769304,0.93502242898,
    0.962523088656,0.990023748331,1.017524408007,1.045025067683,
    1.072525727359,1.100026387035,1.127527046711,1.155027706387,
    1.182528366063,1.210029025738,1.237529685414,1.26503034509,
    1.292531004766,1.320031664442,1.347532324118),.UNSPECIFIED.);
#323 = CARTESIAN_POINT('',(13.536062020263,3.616969975159,-0.375));
#324 = CARTESIAN_POINT('',(13.542641533392,3.61134432907,-0.374956708133
    ));
#325 = CARTESIAN_POINT('',(13.555796002417,3.600093036891,
    -0.374610418174));
#326 = CARTESIAN_POINT('',(13.575499232568,3.583216098622,
    -0.373442279793));
#327 = CARTESIAN_POINT('',(13.595141006635,3.566339160354,
    -0.371497405199));
#328 = CARTESIAN_POINT('',(13.614690716303,3.549462222085,
    -0.368778825142));
#329 = CARTESIAN_POINT('',(13.634117896729,3.532585283817,
    -0.365290776061));
#330 = CARTESIAN_POINT('',(13.653392274004,3.515708345548,
    -0.361038693477));
#331 = CARTESIAN_POINT('',(13.672483812342,3.498831407279,
    -0.356029203527));
#332 = CARTESIAN_POINT('',(13.691362760876,3.481954469011,
    -0.350270112636));
#333 = CARTESIAN_POINT('',(13.709999700027,3.465077530742,
    -0.343770395352));
#334 = CARTESIAN_POINT('',(13.728365587342,3.448200592474,
    -0.336540180362));
#335 = CARTESIAN_POINT('',(13.746431802758,3.431323654205,
    -0.328590734708));
#336 = CARTESIAN_POINT('',(13.764170193198,3.414446715937,
    -0.319934446228));
#337 = CARTESIAN_POINT('',(13.781553116444,3.397569777668,
    -0.310584804252));
#338 = CARTESIAN_POINT('',(13.798553484213,3.3806928394,-0.300556378584)
  );
#339 = CARTESIAN_POINT('',(13.815144804367,3.363815901131,
    -0.289864796791));
#340 = CARTESIAN_POINT('',(13.831301222198,3.346938962862,
    -0.278526719859));
#341 = CARTESIAN_POINT('',(13.846997560721,3.330062024594,
    -0.266559816223));
#342 = CARTESIAN_POINT('',(13.862209359901,3.313185086325,
    -0.253982734233));
#343 = CARTESIAN_POINT('',(13.876912914777,3.296308148057,
    -0.240815073102));
#344 = CARTESIAN_POINT('',(13.891085312398,3.279431209788,
    -0.227077352355));
#345 = CARTESIAN_POINT('',(13.90470446753,3.26255427152,-0.212790979857)
  );
#346 = CARTESIAN_POINT('',(13.917749157072,3.245677333251,
    -0.197978218452));
#347 = CARTESIAN_POINT('',(13.930199053127,3.228800394983,
    -0.182662151272));
#348 = CARTESIAN_POINT('',(13.942034754683,3.211923456714,
    -0.166866645761));
#349 = CARTESIAN_POINT('',(13.953237817842,3.195046518445,
    -0.150616316487));
#350 = CARTESIAN_POINT('',(13.963790784567,3.178169580177,
    -0.133936486782));
#351 = CARTESIAN_POINT('',(13.973677209879,3.161292641908,
    -0.116853149281));
#352 = CARTESIAN_POINT('',(13.982881687494,3.14441570364,
    -9.939292541302E-02));
#353 = CARTESIAN_POINT('',(13.991389873822,3.127538765371,
    -8.158302392331E-02));
#354 = CARTESIAN_POINT('',(13.999188510324,3.110661827103,
    -6.345119846716E-02));
#355 = CARTESIAN_POINT('',(14.006265444172,3.093784888834,
    -4.502570436322E-02));
#356 = CARTESIAN_POINT('',(14.012609647187,3.076907950565,
    -2.633525456201E-02));
#357 = CARTESIAN_POINT('',(14.018211233023,3.060031012297,
    -7.408974901767E-03));
#358 = CARTESIAN_POINT('',(14.023061472578,3.043154074028,
    1.172364127918E-02));
#359 = CARTESIAN_POINT('',(14.027152807589,3.02627713576,
    3.103277910267E-02));
#360 = CARTESIAN_POINT('',(14.030478862419,3.009400197491,
    5.048834861203E-02));
#361 = CARTESIAN_POINT('',(14.033034453984,2.992523259223,
    7.006003166212E-02));
#362 = CARTESIAN_POINT('',(14.034815599838,2.975646320954,
    8.971732916488E-02));
#363 = CARTESIAN_POINT('',(14.035819524371,2.958769382686,0.109429608617
    ));
#364 = CARTESIAN_POINT('',(14.03604466314,2.941892444417,0.129166151835)
  );
#365 = CARTESIAN_POINT('',(14.035490665307,2.925015506148,0.148896202825
    ));
#366 = CARTESIAN_POINT('',(14.03415839418,2.90813856788,0.168589015709)
  );
#367 = CARTESIAN_POINT('',(14.032049925874,2.891261629611,0.188213902641
    ));
#368 = CARTESIAN_POINT('',(14.029168546074,2.874384691343,0.207740281622
    ));
#369 = CARTESIAN_POINT('',(14.025518744911,2.857507753074,0.227137724163
    ));
#370 = CARTESIAN_POINT('',(14.02110620997,2.840630814806,0.2463760027));
#371 = CARTESIAN_POINT('',(14.015937817426,2.823753876537,0.265425137698
    ));
#372 = CARTESIAN_POINT('',(14.010021621325,2.806876938269,0.284255444369
    ));
#373 = CARTESIAN_POINT('',(14.005666549411,2.79562564609,0.296672904685)
  );
#374 = CARTESIAN_POINT('',(14.003366841037,2.79,0.302837578934));
#375 = ORIENTED_EDGE('',*,*,#376,.T.);
#376 = EDGE_CURVE('',#320,#377,#379,.T.);
#377 = VERTEX_POINT('',#378);
#378 = CARTESIAN_POINT('',(13.536062020263,2.79,0.625));
#379 = CIRCLE('',#380,0.5);
#380 = AXIS2_PLACEMENT_3D('',#381,#382,#383);
#381 = CARTESIAN_POINT('',(13.536062020263,2.79,0.125));
#382 = DIRECTION('',(0.,-1.,0.));
#383 = DIRECTION('',(0.934609641548,0.,0.355675157869));
#384 = ORIENTED_EDGE('',*,*,#385,.T.);
#385 = EDGE_CURVE('',#377,#244,#386,.T.);
#386 = LINE('',#387,#388);
#387 = CARTESIAN_POINT('',(13.536062020263,-2.79,0.625));
#388 = VECTOR('',#389,1.);
#389 = DIRECTION('',(-0.,-1.,-0.));
#390 = CYLINDRICAL_SURFACE('',#391,0.5);
#391 = AXIS2_PLACEMENT_3D('',#392,#393,#394);
#392 = CARTESIAN_POINT('',(13.536062020263,-2.79,0.125));
#393 = DIRECTION('',(0.,1.,0.));
#394 = DIRECTION('',(0.,-0.,1.));
#395 = ADVANCED_FACE('',(#396),#421,.F.);
#396 = FACE_BOUND('',#397,.F.);
#397 = EDGE_LOOP('',(#398,#406,#414,#420));
#398 = ORIENTED_EDGE('',*,*,#399,.T.);
#399 = EDGE_CURVE('',#377,#400,#402,.T.);
#400 = VERTEX_POINT('',#401);
#401 = CARTESIAN_POINT('',(12.,2.79,0.625));
#402 = LINE('',#403,#404);
#403 = CARTESIAN_POINT('',(14.2,2.79,0.625));
#404 = VECTOR('',#405,1.);
#405 = DIRECTION('',(-1.,0.,0.));
#406 = ORIENTED_EDGE('',*,*,#407,.T.);
#407 = EDGE_CURVE('',#400,#408,#410,.T.);
#408 = VERTEX_POINT('',#409);
#409 = CARTESIAN_POINT('',(12.,-2.79,0.625));
#410 = LINE('',#411,#412);
#411 = CARTESIAN_POINT('',(12.,2.79,0.625));
#412 = VECTOR('',#413,1.);
#413 = DIRECTION('',(0.,-1.,0.));
#414 = ORIENTED_EDGE('',*,*,#415,.T.);
#415 = EDGE_CURVE('',#408,#244,#416,.T.);
#416 = LINE('',#417,#418);
#417 = CARTESIAN_POINT('',(12.,-2.79,0.625));
#418 = VECTOR('',#419,1.);
#419 = DIRECTION('',(1.,0.,0.));
#420 = ORIENTED_EDGE('',*,*,#385,.F.);
#421 = PLANE('',#422);
#422 = AXIS2_PLACEMENT_3D('',#423,#424,#425);
#423 = CARTESIAN_POINT('',(17.546618878705,9.1E-16,0.625));
#424 = DIRECTION('',(0.,0.,1.));
#425 = DIRECTION('',(1.,0.,-0.));
#426 = ADVANCED_FACE('',(#427),#451,.T.);
#427 = FACE_BOUND('',#428,.T.);
#428 = EDGE_LOOP('',(#429,#430,#437,#446));
#429 = ORIENTED_EDGE('',*,*,#376,.T.);
#430 = ORIENTED_EDGE('',*,*,#431,.T.);
#431 = EDGE_CURVE('',#377,#432,#434,.T.);
#432 = VERTEX_POINT('',#433);
#433 = CARTESIAN_POINT('',(13.536062020263,2.79,0.725));
#434 = B_SPLINE_CURVE_WITH_KNOTS('',1,(#435,#436),.UNSPECIFIED.,.F.,.F.,
  (2,2),(0.,1.),.PIECEWISE_BEZIER_KNOTS.);
#435 = CARTESIAN_POINT('',(13.536062020263,2.79,0.625));
#436 = CARTESIAN_POINT('',(13.536062020263,2.79,0.725));
#437 = ORIENTED_EDGE('',*,*,#438,.F.);
#438 = EDGE_CURVE('',#439,#432,#441,.T.);
#439 = VERTEX_POINT('',#440);
#440 = CARTESIAN_POINT('',(14.096827805192,2.79,0.338405094721));
#441 = CIRCLE('',#442,0.6);
#442 = AXIS2_PLACEMENT_3D('',#443,#444,#445);
#443 = CARTESIAN_POINT('',(13.536062020263,2.79,0.125));
#444 = DIRECTION('',(0.,-1.,0.));
#445 = DIRECTION('',(0.934609641548,0.,0.355675157869));
#446 = ORIENTED_EDGE('',*,*,#447,.F.);
#447 = EDGE_CURVE('',#320,#439,#448,.T.);
#448 = B_SPLINE_CURVE_WITH_KNOTS('',1,(#449,#450),.UNSPECIFIED.,.F.,.F.,
  (2,2),(0.,1.),.PIECEWISE_BEZIER_KNOTS.);
#449 = CARTESIAN_POINT('',(14.003366841037,2.79,0.302837578934));
#450 = CARTESIAN_POINT('',(14.096827805192,2.79,0.338405094721));
#451 = B_SPLINE_SURFACE_WITH_KNOTS('',7,1,(
    (#452,#453)
    ,(#454,#455)
    ,(#456,#457)
    ,(#458,#459)
    ,(#460,#461)
    ,(#462,#463)
    ,(#464,#465)
    ,(#466,#467
    )),.UNSPECIFIED.,.F.,.F.,.F.,(8,8),(2,2),(0.,1.207159963159),(0.,1.)
  ,.PIECEWISE_BEZIER_KNOTS.);
#452 = CARTESIAN_POINT('',(14.003366841037,2.79,0.302837578934));
#453 = CARTESIAN_POINT('',(14.096827805192,2.79,0.338405094721));
#454 = CARTESIAN_POINT('',(13.972698497432,2.79,0.383424960396));
#455 = CARTESIAN_POINT('',(14.060025792866,2.79,0.435109952475));
#456 = CARTESIAN_POINT('',(13.9258164488,2.79,0.45784199553));
#457 = CARTESIAN_POINT('',(14.003767334507,2.79,0.524410394637));
#458 = CARTESIAN_POINT('',(13.864210861838,2.79,0.522174781863));
#459 = CARTESIAN_POINT('',(13.929840630153,2.79,0.601609738235));
#460 = CARTESIAN_POINT('',(13.79055100974,2.79,0.572956274439));
#461 = CARTESIAN_POINT('',(13.841448807635,2.79,0.662547529327));
#462 = CARTESIAN_POINT('',(13.708513390498,2.79,0.607651876052));
#463 = CARTESIAN_POINT('',(13.743003664545,2.79,0.704182251263));
#464 = CARTESIAN_POINT('',(13.622287731917,2.79,0.625));
#465 = CARTESIAN_POINT('',(13.639532874248,2.79,0.725));
#466 = CARTESIAN_POINT('',(13.536062020263,2.79,0.625));
#467 = CARTESIAN_POINT('',(13.536062020263,2.79,0.725));
#468 = ADVANCED_FACE('',(#469),#489,.T.);
#469 = FACE_BOUND('',#470,.T.);
#470 = EDGE_LOOP('',(#471,#472,#473,#484));
#471 = ORIENTED_EDGE('',*,*,#319,.T.);
#472 = ORIENTED_EDGE('',*,*,#447,.T.);
#473 = ORIENTED_EDGE('',*,*,#474,.F.);
#474 = EDGE_CURVE('',#475,#439,#477,.T.);
#475 = VERTEX_POINT('',#476);
#476 = CARTESIAN_POINT('',(13.536062020263,3.616969975159,-0.475));
#477 = B_SPLINE_CURVE_WITH_KNOTS('',5,(#478,#479,#480,#481,#482,#483),
  .UNSPECIFIED.,.F.,.F.,(6,6),(0.,1.347532324118),
  .PIECEWISE_BEZIER_KNOTS.);
#478 = CARTESIAN_POINT('',(13.536062020263,3.616969975159,-0.475));
#479 = CARTESIAN_POINT('',(13.76818633007,3.451575980127,-0.475));
#480 = CARTESIAN_POINT('',(14.001048017859,3.286181985096,
    -0.363360326854));
#481 = CARTESIAN_POINT('',(14.157872258392,3.120787990064,
    -0.135882760188));
#482 = CARTESIAN_POINT('',(14.179388655728,2.955393995032,0.121459476738
    ));
#483 = CARTESIAN_POINT('',(14.096827805192,2.79,0.338405094721));
#484 = ORIENTED_EDGE('',*,*,#485,.F.);
#485 = EDGE_CURVE('',#312,#475,#486,.T.);
#486 = B_SPLINE_CURVE_WITH_KNOTS('',1,(#487,#488),.UNSPECIFIED.,.F.,.F.,
  (2,2),(0.,1.),.PIECEWISE_BEZIER_KNOTS.);
#487 = CARTESIAN_POINT('',(13.536062020263,3.616969975159,-0.375));
#488 = CARTESIAN_POINT('',(13.536062020263,3.616969975159,-0.475));
#489 = B_SPLINE_SURFACE_WITH_KNOTS('',5,1,(
    (#490,#491)
    ,(#492,#493)
    ,(#494,#495)
    ,(#496,#497)
    ,(#498,#499)
    ,(#500,#501)
    ,(#502,#503)
    ,(#504,#505)
    ,(#506,#507)
    ,(#508,#509)
    ,(#510,#511)
    ,(#512,#513)
    ,(#514,#515)
    ,(#516,#517)
    ,(#518,#519)
    ,(#520,#521)
    ,(#522,#523)
    ,(#524,#525)
    ,(#526,#527)
    ,(#528,#529)
    ,(#530,#531)
    ,(#532,#533)
    ,(#534,#535)
    ,(#536,#537)
    ,(#538,#539)
    ,(#540,#541)
    ,(#542,#543)
    ,(#544,#545)
    ,(#546,#547)
    ,(#548,#549)
    ,(#550,#551)
    ,(#552,#553)
    ,(#554,#555)
    ,(#556,#557)
    ,(#558,#559)
    ,(#560,#561)
    ,(#562,#563)
    ,(#564,#565)
    ,(#566,#567)
    ,(#568,#569)
    ,(#570,#571)
    ,(#572,#573)
    ,(#574,#575)
    ,(#576,#577)
    ,(#578,#579)
    ,(#580,#581)
    ,(#582,#583)
    ,(#584,#585)
    ,(#586,#587)
    ,(#588,#589)
    ,(#590,#591)
    ,(#592,#593)
    ,(#594,#595)
    ,(#596,#597)
    ,(#598,#599)
    ,(#600,#601)
    ,(#602,#603)
    ,(#604,#605)
    ,(#606,#607)
    ,(#608,#609)
    ,(#610,#611)
    ,(#612,#613)
    ,(#614,#615)
    ,(#616,#617)
    ,(#618,#619)
    ,(#620,#621)
    ,(#622,#623)
    ,(#624,#625)
    ,(#626,#627)
    ,(#628,#629)
    ,(#630,#631)
    ,(#632,#633)
    ,(#634,#635)
    ,(#636,#637)
    ,(#638,#639)
    ,(#640,#641)
    ,(#642,#643)
    ,(#644,#645)
    ,(#646,#647)
    ,(#648,#649)
    ,(#650,#651)
    ,(#652,#653)
    ,(#654,#655)
    ,(#656,#657)
    ,(#658,#659)
    ,(#660,#661)
    ,(#662,#663)
    ,(#664,#665)
    ,(#666,#667)
    ,(#668,#669)
    ,(#670,#671)
    ,(#672,#673)
    ,(#674,#675)
    ,(#676,#677)
    ,(#678,#679)
    ,(#680,#681)
    ,(#682,#683)
    ,(#684,#685)
    ,(#686,#687)
    ,(#688,#689)
    ,(#690,#691)
    ,(#692,#693)
    ,(#694,#695)
    ,(#696,#697)
    ,(#698,#699)
    ,(#700,#701)
    ,(#702,#703)
    ,(#704,#705)
    ,(#706,#707)
    ,(#708,#709)
    ,(#710,#711)
    ,(#712,#713)
    ,(#714,#715)
    ,(#716,#717)
    ,(#718,#719)
    ,(#720,#721)
    ,(#722,#723)
    ,(#724,#725)
    ,(#726,#727)
    ,(#728,#729)
    ,(#730,#731)
    ,(#732,#733)
    ,(#734,#735)
    ,(#736,#737)
    ,(#738,#739)
    ,(#740,#741)
    ,(#742,#743)
    ,(#744,#745)
    ,(#746,#747)
    ,(#748,#749)
    ,(#750,#751)
    ,(#752,#753)
    ,(#754,#755)
    ,(#756,#757)
    ,(#758,#759)
    ,(#760,#761)
    ,(#762,#763)
    ,(#764,#765)
    ,(#766,#767)
    ,(#768,#769)
    ,(#770,#771)
    ,(#772,#773)
    ,(#774,#775)
    ,(#776,#777)
    ,(#778,#779)
    ,(#780,#781)
    ,(#782,#783)
    ,(#784,#785)
    ,(#786,#787)
    ,(#788,#789
    )),.UNSPECIFIED.,.F.,.F.,.F.,(6,3,3,3,3,3,3,3,3,3,3,3,3,3,3,3,3,3,3,
    3,3,3,3,3,3,3,3,3,3,3,3,3,3,3,3,3,3,3,3,3,3,3,3,3,3,3,3,3,3,6),(2,2)
  ,(0.,2.750065967587E-02,5.500131935175E-02,8.250197902762E-02,
    0.110002638703,0.137503298379,0.165003958055,0.192504617731,
    0.220005277407,0.247505937083,0.275006596759,0.302507256435,
    0.33000791611,0.357508575786,0.385009235462,0.412509895138,
    0.440010554814,0.46751121449,0.495011874166,0.522512533842,
    0.550013193517,0.577513853193,0.605014512869,0.632515172545,
    0.660015832221,0.687516491897,0.715017151573,0.742517811249,
    0.770018470924,0.7975191306,0.825019790276,0.852520449952,
    0.880021109628,0.907521769304,0.93502242898,0.962523088656,
    0.990023748331,1.017524408007,1.045025067683,1.072525727359,
    1.100026387035,1.127527046711,1.155027706387,1.182528366063,
    1.210029025738,1.237529685414,1.26503034509,1.292531004766,
    1.320031664442,1.347532324118),(0.,1.),.UNSPECIFIED.);
#490 = CARTESIAN_POINT('',(13.536062020263,3.616969975159,-0.375));
#491 = CARTESIAN_POINT('',(13.536062020263,3.616969975159,-0.475));
#492 = CARTESIAN_POINT('',(13.54000972814,3.613594587506,-0.37497402488)
  );
#493 = CARTESIAN_POINT('',(13.540799251075,3.613594587506,-0.475));
#494 = CARTESIAN_POINT('',(13.543956752433,3.610219199852,
    -0.374909093826));
#495 = CARTESIAN_POINT('',(13.545536789,3.610219199852,-0.474953502843)
  );
#496 = CARTESIAN_POINT('',(13.547902846446,3.606843812198,
    -0.374807380425));
#497 = CARTESIAN_POINT('',(13.550273981463,3.606843812198,
    -0.474860472846));
#498 = CARTESIAN_POINT('',(13.555792680522,3.600093036891,
    -0.374534736106));
#499 = CARTESIAN_POINT('',(13.559746376387,3.600093036891,
    -0.474581307084));
#500 = CARTESIAN_POINT('',(13.563676819921,3.593342261583,
    -0.374132351098));
#501 = CARTESIAN_POINT('',(13.569212206329,3.593342261583,
    -0.474115910685));
#502 = CARTESIAN_POINT('',(13.56761691624,3.58996687393,-0.373896589542)
  );
#503 = CARTESIAN_POINT('',(13.573942833812,3.58996687393,-0.47383665005)
  );
#504 = CARTESIAN_POINT('',(13.575492062692,3.583216098622,
    -0.373351660568));
#505 = CARTESIAN_POINT('',(13.583398227899,3.583216098622,
    -0.473185024894));
#506 = CARTESIAN_POINT('',(13.583354917927,3.576465323315,
    -0.372651384352));
#507 = CARTESIAN_POINT('',(13.592839342651,3.576465323315,
    -0.472347293497));
#508 = CARTESIAN_POINT('',(13.587282762601,3.573089935661,
    -0.372262459946));
#509 = CARTESIAN_POINT('',(13.597555690797,3.573089935661,
    -0.471881926621));
#510 = CARTESIAN_POINT('',(13.595130265788,3.566339160354,
    -0.371407139562));
#511 = CARTESIAN_POINT('',(13.606978696944,3.566339160354,
    -0.470858271066));
#512 = CARTESIAN_POINT('',(13.602959356095,3.559588385046,
    -0.370397078085));
#513 = CARTESIAN_POINT('',(13.616379794677,3.559588385046,
    -0.469648991073));
#514 = CARTESIAN_POINT('',(13.606868790282,3.556212997393,
    -0.369853432681));
#515 = CARTESIAN_POINT('',(13.621074234409,3.556212997393,-0.46899799976
    ));
#516 = CARTESIAN_POINT('',(13.614676421225,3.549462222085,
    -0.368689053756));
#517 = CARTESIAN_POINT('',(13.630449639166,3.549462222085,-0.46760345312
    ));
#518 = CARTESIAN_POINT('',(13.622459546319,3.542711446778,
    -0.367370781026));
#519 = CARTESIAN_POINT('',(13.639795597913,3.542711446778,-0.46602411226
    ));
#520 = CARTESIAN_POINT('',(13.626344477839,3.539336059124,
    -0.366673261802));
#521 = CARTESIAN_POINT('',(13.644460591635,3.539336059124,
    -0.465188326727));
#522 = CARTESIAN_POINT('',(13.634100069694,3.532585283817,
    -0.365201638819));
#523 = CARTESIAN_POINT('',(13.653773367617,3.532585283817,
    -0.463424720644));
#524 = CARTESIAN_POINT('',(13.64182510092,3.525834508509,-0.363577209136
    ));
#525 = CARTESIAN_POINT('',(13.663049257674,3.525834508509,
    -0.461477489974));
#526 = CARTESIAN_POINT('',(13.645679475778,3.522459120855,
    -0.362726903055));
#527 = CARTESIAN_POINT('',(13.667677365471,3.522459120855,
    -0.460458079855));
#528 = CARTESIAN_POINT('',(13.653370942795,3.515708345548,
    -0.360950329284));
#529 = CARTESIAN_POINT('',(13.676912683758,3.515708345548,
    -0.458327920306));
#530 = CARTESIAN_POINT('',(13.661025842024,3.508957570241,
    -0.359022274041));
#531 = CARTESIAN_POINT('',(13.686103780089,3.508957570241,
    -0.456015636225));
#532 = CARTESIAN_POINT('',(13.664843653843,3.505582182587,
    -0.358020506158));
#533 = CARTESIAN_POINT('',(13.690687665932,3.505582182587,
    -0.454814101574));
#534 = CARTESIAN_POINT('',(13.672459010198,3.498831407279,
    -0.355941750084));
#535 = CARTESIAN_POINT('',(13.699830908472,3.498831407279,
    -0.452320550879));
#536 = CARTESIAN_POINT('',(13.680031848592,3.492080631972,
    -0.353713073822));
#537 = CARTESIAN_POINT('',(13.708922703115,3.492080631972,
    -0.449646697132));
#538 = CARTESIAN_POINT('',(13.683807147973,3.488705244318,
    -0.352561405219));
#539 = CARTESIAN_POINT('',(13.713455141059,3.488705244318,
    -0.448264859427));
#540 = CARTESIAN_POINT('',(13.691334526448,3.481954469011,
    -0.350183706223));
#541 = CARTESIAN_POINT('',(13.722491913078,3.481954469011,
    -0.445411718258));
#542 = CARTESIAN_POINT('',(13.698813503047,3.475203693703,
    -0.347657881949));
#543 = CARTESIAN_POINT('',(13.731470127544,3.475203693703,
    -0.442380407942));
#544 = CARTESIAN_POINT('',(13.702540406836,3.47182830605,-0.346358107304
    ));
#545 = CARTESIAN_POINT('',(13.735944007935,3.47182830605,-0.440820401091
    ));
#546 = CARTESIAN_POINT('',(13.709968077313,3.465077530742,-0.34368517062
    ));
#547 = CARTESIAN_POINT('',(13.744860150334,3.465077530742,
    -0.437612090476));
#548 = CARTESIAN_POINT('',(13.717341537422,3.458326755435,
    -0.340866134394));
#549 = CARTESIAN_POINT('',(13.753710748016,3.458326755435,
    -0.434228048053));
#550 = CARTESIAN_POINT('',(13.721014237884,3.454951367781,-0.33942027918
    ));
#551 = CARTESIAN_POINT('',(13.75811908369,3.454951367781,-0.432492309394
    ));
#552 = CARTESIAN_POINT('',(13.72833062562,3.448200592474,-0.336456270118
    ));
#553 = CARTESIAN_POINT('',(13.766900685453,3.448200592474,
    -0.428933852728));
#554 = CARTESIAN_POINT('',(13.735587078976,3.441449817166,
    -0.333348414923));
#555 = CARTESIAN_POINT('',(13.775609884027,3.441449817166,
    -0.425202396028));
#556 = CARTESIAN_POINT('',(13.739199852842,3.438074429513,
    -0.331758732256));
#557 = CARTESIAN_POINT('',(13.779945816512,3.438074429513,
    -0.423293657336));
#558 = CARTESIAN_POINT('',(13.746393556511,3.431323654205,
    -0.328508269712));
#559 = CARTESIAN_POINT('',(13.788579227109,3.431323654205,
    -0.419390662386));
#560 = CARTESIAN_POINT('',(13.753521695184,3.424572878898,
    -0.325116438602));
#561 = CARTESIAN_POINT('',(13.797133510941,3.424572878898,
    -0.415317684617));
#562 = CARTESIAN_POINT('',(13.757068912569,3.421197491244,
    -0.323385405728));
#563 = CARTESIAN_POINT('',(13.801390316659,3.421197491244,
    -0.413238963105));
#564 = CARTESIAN_POINT('',(13.764128722025,3.414446715937,
    -0.319853554987));
#565 = CARTESIAN_POINT('',(13.809862158451,3.414446715937,
    -0.408997604021));
#566 = CARTESIAN_POINT('',(13.771117438043,3.407695940629,
    -0.316183033546));
#567 = CARTESIAN_POINT('',(13.818248290997,3.407695940629,
    -0.404589555775));
#568 = CARTESIAN_POINT('',(13.774593571221,3.404320552976,
    -0.314313347981));
#569 = CARTESIAN_POINT('',(13.822419387469,3.404320552976,
    -0.402344145102));
#570 = CARTESIAN_POINT('',(13.781508484972,3.397569777668,
    -0.310505612822));
#571 = CARTESIAN_POINT('',(13.83071656811,3.397569777668,-0.397771144421
    ));
#572 = CARTESIAN_POINT('',(13.788346887627,3.390819002361,
    -0.306562120923));
#573 = CARTESIAN_POINT('',(13.838921604323,3.390819002361,
    -0.393035015682));
#574 = CARTESIAN_POINT('',(13.791746519645,3.387443614707,
    -0.304556696249));
#575 = CARTESIAN_POINT('',(13.843000556367,3.387443614707,
    -0.390626476951));
#576 = CARTESIAN_POINT('',(13.798505761991,3.3806928394,-0.300479010369)
  );
#577 = CARTESIAN_POINT('',(13.85111028121,3.3806928394,-0.385729087607)
  );
#578 = CARTESIAN_POINT('',(13.805183194814,3.373942064092,
    -0.296268693265));
#579 = CARTESIAN_POINT('',(13.859121579944,3.373942064092,
    -0.380672389762));
#580 = CARTESIAN_POINT('',(13.808501027933,3.370566676438,
    -0.294130654589));
#581 = CARTESIAN_POINT('',(13.863102105878,3.370566676438,
    -0.378104542528));
#582 = CARTESIAN_POINT('',(13.815094065763,3.363815901131,
    -0.289789372358));
#583 = CARTESIAN_POINT('',(13.871011890379,3.363815901131,
    -0.372890529859));
#584 = CARTESIAN_POINT('',(13.821600123127,3.357065125824,-0.2853187911)
  );
#585 = CARTESIAN_POINT('',(13.878817126791,3.357065125824,
    -0.367521277699));
#586 = CARTESIAN_POINT('',(13.824830987077,3.35368973817,-0.283051470187
    ));
#587 = CARTESIAN_POINT('',(13.882693104637,3.35368973817,-0.364798190974
    ));
#588 = CARTESIAN_POINT('',(13.831247546279,3.346938962862,
    -0.278453356744));
#589 = CARTESIAN_POINT('',(13.890390786757,3.346938962862,
    -0.359275814729));
#590 = CARTESIAN_POINT('',(13.837572089619,3.340188187555,-0.27372947796
    ));
#591 = CARTESIAN_POINT('',(13.897977964714,3.340188187555,
    -0.353602508461));
#592 = CARTESIAN_POINT('',(13.840710949656,3.336812799901,
    -0.271336408038));
#593 = CARTESIAN_POINT('',(13.901743438398,3.336812799901,
    -0.350728491713));
#594 = CARTESIAN_POINT('',(13.846941031131,3.330062024594,
    -0.266488628748));
#595 = CARTESIAN_POINT('',(13.909217191009,3.330062024594,-0.34490648806
    ));
#596 = CARTESIAN_POINT('',(13.853074204737,3.323311249286,
    -0.261518813788));
#597 = CARTESIAN_POINT('',(13.91657465549,3.323311249286,-0.338938095316
    ));
#598 = CARTESIAN_POINT('',(13.85611616949,3.319935861633,-0.259003724043
    ));
#599 = CARTESIAN_POINT('',(13.920223841045,3.319935861633,
    -0.335917689476));
#600 = CARTESIAN_POINT('',(13.862150064732,3.313185086325,
    -0.253913833333));
#601 = CARTESIAN_POINT('',(13.927462184333,3.313185086325,
    -0.329805253011));
#602 = CARTESIAN_POINT('',(13.868082311113,3.306434311018,
    -0.248705826795));
#603 = CARTESIAN_POINT('',(13.934578633833,3.306434311018,
    -0.323551190851));
#604 = CARTESIAN_POINT('',(13.871022640206,3.303058923364,
    -0.246072636561));
#605 = CARTESIAN_POINT('',(13.9381059256,3.303058923364,-0.320389159317)
  );
#606 = CARTESIAN_POINT('',(13.876850946431,3.296308148057,
    -0.240748566147));
#607 = CARTESIAN_POINT('',(13.945097739471,3.296308148057,
    -0.313995925068));
#608 = CARTESIAN_POINT('',(13.882573021205,3.289557372749,-0.23531048381
    ));
#609 = CARTESIAN_POINT('',(13.951962238406,3.289557372749,
    -0.307466041993));
#610 = CARTESIAN_POINT('',(13.885407132642,3.286181985096,
    -0.232563296458));
#611 = CARTESIAN_POINT('',(13.955362215238,3.286181985096,
    -0.304167361632));
#612 = CARTESIAN_POINT('',(13.891020767441,3.279431209788,
    -0.227013342984));
#613 = CARTESIAN_POINT('',(13.962096751718,3.279431209788,
    -0.297503387071));
#614 = CARTESIAN_POINT('',(13.896523753743,3.272680434481,-0.22135365916
    ));
#615 = CARTESIAN_POINT('',(13.968698742828,3.272680434481,
    -0.290707945025));
#616 = CARTESIAN_POINT('',(13.899247231051,3.269305046827,
    -0.218496755708));
#617 = CARTESIAN_POINT('',(13.97196617429,3.269305046827,-0.287277797179
    ));
#618 = CARTESIAN_POINT('',(13.904637446545,3.26255427152,-0.212729567818
    ));
#619 = CARTESIAN_POINT('',(13.978433069934,3.26255427152,-0.280353544226
    ));
#620 = CARTESIAN_POINT('',(13.90991276892,3.255803496212,-0.206857102147
    ));
#621 = CARTESIAN_POINT('',(13.984762386688,3.255803496212,
    -0.273303200608));
#622 = CARTESIAN_POINT('',(13.91252136803,3.252428108559,-0.203894934584
    ));
#623 = CARTESIAN_POINT('',(13.987892239259,3.252428108559,
    -0.269746962095));
#624 = CARTESIAN_POINT('',(13.917679764498,3.245677333251,
    -0.197919499445));
#625 = CARTESIAN_POINT('',(13.994081527552,3.245677333251,-0.26257327913
    ));
#626 = CARTESIAN_POINT('',(13.922719202269,3.238926557944,-0.19184340315
    ));
#627 = CARTESIAN_POINT('',(14.000128406552,3.238926557944,
    -0.255279068799));
#628 = CARTESIAN_POINT('',(13.92520885813,3.23555117029,-0.188780587505)
  );
#629 = CARTESIAN_POINT('',(14.00311584983,3.23555117029,-0.25160230292)
  );
#630 = CARTESIAN_POINT('',(13.930127397102,3.228800394983,-0.1826062168)
  );
#631 = CARTESIAN_POINT('',(14.00901797359,3.228800394983,-0.244190406785
    ));
#632 = CARTESIAN_POINT('',(13.934923097174,3.222049619675,
    -0.176335958428));
#633 = CARTESIAN_POINT('',(14.014773066973,3.222049619675,
    -0.236663724069));
#634 = CARTESIAN_POINT('',(13.937289930087,3.218674232021,
    -0.173177267569));
#635 = CARTESIAN_POINT('',(14.017613479874,3.218674232021,-0.23287217161
    ));
#636 = CARTESIAN_POINT('',(13.94196094687,3.211923456714,-0.166813582988
    ));
#637 = CARTESIAN_POINT('',(14.023219303661,3.211923456714,
    -0.225233629619));
#638 = CARTESIAN_POINT('',(13.946505435973,3.205172681407,
    -0.160358933655));
#639 = CARTESIAN_POINT('',(14.028673691506,3.205172681407,
    -0.217486210323));
#640 = CARTESIAN_POINT('',(13.948745757638,3.201797293753,
    -0.157109289856));
#641 = CARTESIAN_POINT('',(14.031362668465,3.201797293753,
    -0.213585780559));
#642 = CARTESIAN_POINT('',(13.953161973258,3.195046518445,
    -0.150566208103));
#643 = CARTESIAN_POINT('',(14.036663490979,3.195046518445,
    -0.205732492508));
#644 = CARTESIAN_POINT('',(13.957448169591,3.188295743138,
    -0.143937226265));
#645 = CARTESIAN_POINT('',(14.04180869371,3.188295743138,-0.19777639592)
  );
#646 = CARTESIAN_POINT('',(13.959558488853,3.184920355484,
    -0.140601693534));
#647 = CARTESIAN_POINT('',(14.044342050888,3.184920355484,
    -0.193773157618));
#648 = CARTESIAN_POINT('',(13.963713021402,3.178169580177,
    -0.133889410873));
#649 = CARTESIAN_POINT('',(14.049329617376,3.178169580177,
    -0.185717337791));
#650 = CARTESIAN_POINT('',(13.967734245668,3.171418804869,
    -0.127096426652));
#651 = CARTESIAN_POINT('',(14.054157608166,3.171418804869,
    -0.177564928691));
#652 = CARTESIAN_POINT('',(13.969711273959,3.168043417216,
    -0.123680202842));
#653 = CARTESIAN_POINT('',(14.056531389646,3.168043417216,
    -0.173465101115));
#654 = CARTESIAN_POINT('',(13.973597649315,3.161292641908,
    -0.116809179205));
#655 = CARTESIAN_POINT('',(14.061197904306,3.161292641908,-0.16521926029
    ));
#656 = CARTESIAN_POINT('',(13.97734763513,3.154541866601,-0.109862778294
    ));
#657 = CARTESIAN_POINT('',(14.06570112148,3.154541866601,-0.156883190956
    ));
#658 = CARTESIAN_POINT('',(13.979188291593,3.151166478947,-0.106371187)
  );
#659 = CARTESIAN_POINT('',(14.067911605475,3.151166478947,
    -0.152693134871));
#660 = CARTESIAN_POINT('',(13.982800453511,3.14441570364,
    -9.935212969043E-02));
#661 = CARTESIAN_POINT('',(14.072249743861,3.14441570364,-0.144270062329
    ));
#662 = CARTESIAN_POINT('',(13.98627335717,3.137664928332,
    -9.226313685677E-02));
#663 = CARTESIAN_POINT('',(14.076421103301,3.137664928332,
    -0.135763254547));
#664 = CARTESIAN_POINT('',(13.98797477346,3.134289540679,
    -8.870161911976E-02));
#665 = CARTESIAN_POINT('',(14.078464808349,3.134289540679,
    -0.131489463224));
#666 = CARTESIAN_POINT('',(13.991307093009,3.127538765371,
    -8.154546612723E-02));
#667 = CARTESIAN_POINT('',(14.082467729774,3.127538765371,
    -0.122902208756));
#668 = CARTESIAN_POINT('',(13.994497502592,3.120787990064,
    -7.432492834141E-02));
#669 = CARTESIAN_POINT('',(14.086300637324,3.120787990064,
    -0.114237835826));
#670 = CARTESIAN_POINT('',(13.996057027346,3.11741260241,
    -7.069903417216E-02));
#671 = CARTESIAN_POINT('',(14.088174328497,3.11741260241,-0.10988692604)
  );
#672 = CARTESIAN_POINT('',(13.999104311681,3.110661827103,
    -6.341693712492E-02));
#673 = CARTESIAN_POINT('',(14.091835688435,3.110661827103,
    -0.101148781957));
#674 = CARTESIAN_POINT('',(14.002007255486,3.103911051795,
    -5.607610634812E-02));
#675 = CARTESIAN_POINT('',(14.095324052302,3.103911051795,
    -9.23402507012E-02));
#676 = CARTESIAN_POINT('',(14.003422458452,3.100535664141,
    -5.239148607651E-02));
#677 = CARTESIAN_POINT('',(14.097024747405,3.100535664141,
    -8.79189537422E-02));
#678 = CARTESIAN_POINT('',(14.006179958908,3.093784888834,
    -4.49947928652E-02));
#679 = CARTESIAN_POINT('',(14.100338709899,3.093784888834,
    -7.904343687954E-02));
#680 = CARTESIAN_POINT('',(14.008790913197,3.087034113527,
    -3.754510851445E-02));
#681 = CARTESIAN_POINT('',(14.103476953061,3.087034113527,
    -7.010436964889E-02));
#682 = CARTESIAN_POINT('',(14.010059589028,3.083658725873,
    -3.380750398485E-02));
#683 = CARTESIAN_POINT('',(14.105001928832,3.083658725873,
    -6.561952232191E-02));
#684 = CARTESIAN_POINT('',(14.012523008516,3.076907950565,
    -2.630774107846E-02));
#685 = CARTESIAN_POINT('',(14.107963178894,3.076907950565,
    -5.662035604864E-02));
#686 = CARTESIAN_POINT('',(14.014837904568,3.070157175258,
    -1.876081220026E-02));
#687 = CARTESIAN_POINT('',(14.110746251502,3.070157175258,
    -4.75645727319E-02));
#688 = CARTESIAN_POINT('',(14.01595807625,3.066781787604,
    -1.497604782385E-02));
#689 = CARTESIAN_POINT('',(14.112093049817,3.066781787604,
    -4.302310836147E-02));
#690 = CARTESIAN_POINT('',(14.018123575957,3.060031012297,
    -7.384902307686E-03));
#691 = CARTESIAN_POINT('',(14.114696805837,3.060031012297,
    -3.391420458767E-02));
#692 = CARTESIAN_POINT('',(14.020138806407,3.05328023699,
    2.475105126217E-04));
#693 = CARTESIAN_POINT('',(14.117120197617,3.05328023699,
    -2.47557046183E-02));
#694 = CARTESIAN_POINT('',(14.021108728347,3.049904849336,
    4.073536834174E-03));
#695 = CARTESIAN_POINT('',(14.118286631692,3.049904849336,
    -2.01646440523E-02));
#696 = CARTESIAN_POINT('',(14.022972933714,3.043154074028,
    1.174423547081E-02));
#697 = CARTESIAN_POINT('',(14.120528657837,3.043154074028,
    -1.096008523671E-02));
#698 = CARTESIAN_POINT('',(14.024685358173,3.036403298721,
    1.945023843595E-02));
#699 = CARTESIAN_POINT('',(14.122588410497,3.036403298721,
    -1.7130296006E-03));
#700 = CARTESIAN_POINT('',(14.025503518915,3.033027911067,
    2.331156450137E-02));
#701 = CARTESIAN_POINT('',(14.123572571089,3.033027911067,
    2.920527785922E-03));
#702 = CARTESIAN_POINT('',(14.027063524901,3.02627713576,
    3.104986279935E-02));
#703 = CARTESIAN_POINT('',(14.125449189709,3.02627713576,
    1.220650662834E-02));
#704 = CARTESIAN_POINT('',(14.028470474851,3.019526360452,
    3.881744743451E-02));
#705 = CARTESIAN_POINT('',(14.127141909344,3.019526360452,
    2.152781338523E-02));
#706 = CARTESIAN_POINT('',(14.029135599433,3.016150972799,
    4.270805603396E-02));
#707 = CARTESIAN_POINT('',(14.127942170952,3.016150972799,
    2.619669868622E-02));
#708 = CARTESIAN_POINT('',(14.030388975038,3.009400197491,
    5.050189519178E-02));
#709 = CARTESIAN_POINT('',(14.129450274984,3.009400197491,
    3.554972797662E-02));
#710 = CARTESIAN_POINT('',(14.031488257991,3.002649422184,
    5.831895705775E-02));
#711 = CARTESIAN_POINT('',(14.130773144477,3.002649422184,
    4.493085574066E-02));
#712 = CARTESIAN_POINT('',(14.03199930993,2.99927403453,
    6.223278534963E-02));
#713 = CARTESIAN_POINT('',(14.131388171545,2.99927403453,
    4.96278395153E-02));
#714 = CARTESIAN_POINT('',(14.032944101985,2.992523259223,
    7.007002001493E-02));
#715 = CARTESIAN_POINT('',(14.13252523692,2.992523259223,
    5.903343310335E-02));
#716 = CARTESIAN_POINT('',(14.033734004897,2.985772483915,
    7.792437757077E-02));
#717 = CARTESIAN_POINT('',(14.133476028346,2.985772483915,
    6.845984418561E-02));
#718 = CARTESIAN_POINT('',(14.034090187808,2.982397096262,
    8.18553265296E-02));
#719 = CARTESIAN_POINT('',(14.133904781467,2.982397096262,
    7.317764545446E-02));
#720 = CARTESIAN_POINT('',(14.034724924017,2.975646320954,
    8.972374372563E-02));
#721 = CARTESIAN_POINT('',(14.134668879508,2.975646320954,
    8.262121861072E-02));
#722 = CARTESIAN_POINT('',(14.035204215962,2.968895545647,
    9.760315731151E-02));
#723 = CARTESIAN_POINT('',(14.135245966541,2.968895545647,
    9.207828573934E-02));
#724 = CARTESIAN_POINT('',(14.035404974795,2.965520157993,0.101545101232
    ));
#725 = CARTESIAN_POINT('',(14.135487708655,2.965520157993,
    9.680958098055E-02));
#726 = CARTESIAN_POINT('',(14.035728666032,2.958769382686,0.10943243939)
  );
#727 = CARTESIAN_POINT('',(14.135877518486,2.958769382686,0.106276468389
    ));
#728 = CARTESIAN_POINT('',(14.035896600116,2.952018607378,0.1173246303)
  );
#729 = CARTESIAN_POINT('',(14.136079888802,2.952018607378,0.115749492701
    ));
#730 = CARTESIAN_POINT('',(14.035941622022,2.948643219724,0.121271426344
    ));
#731 = CARTESIAN_POINT('',(14.136134191401,2.948643219724,0.120486924847
    ));
#732 = CARTESIAN_POINT('',(14.03595376387,2.941892444417,0.129165394408)
  );
#733 = CARTESIAN_POINT('',(14.136149012349,2.941892444417,0.129962398597
    ));
#734 = CARTESIAN_POINT('',(14.035810078397,2.93514166911,0.137058064027)
  );
#735 = CARTESIAN_POINT('',(14.135976280028,2.93514166911,0.139436627633)
  );
#736 = CARTESIAN_POINT('',(14.035699293219,2.931766281456,0.141003561794
    ));
#737 = CARTESIAN_POINT('',(14.135843029357,2.931766281456,0.144172815065
    ));
#738 = CARTESIAN_POINT('',(14.035399866756,2.925015506148,0.148891858379
    ));
#739 = CARTESIAN_POINT('',(14.135482793357,2.925015506148,0.153642102643
    ));
#740 = CARTESIAN_POINT('',(14.034944785635,2.918264730841,0.156772707344
    ));
#741 = CARTESIAN_POINT('',(14.134935211288,2.918264730841,0.163102748337
    ));
#742 = CARTESIAN_POINT('',(14.034678366011,2.914889343187,0.160710758456
    ));
#743 = CARTESIAN_POINT('',(14.134614614549,2.914889343187,0.167830293883
    ));
#744 = CARTESIAN_POINT('',(14.034067837842,2.90813856788,0.168581091015)
  );
#745 = CARTESIAN_POINT('',(14.133879898547,2.90813856788,0.177278596168)
  );
#746 = CARTESIAN_POINT('',(14.033302070238,2.901387792572,0.176437838383
    ));
#747 = CARTESIAN_POINT('',(14.132958370833,2.901387792572,0.186710852839
    ));
#748 = CARTESIAN_POINT('',(14.032880431338,2.898012404919,0.180362306069
    ));
#749 = CARTESIAN_POINT('',(14.132450962382,2.898012404919,0.19142235277)
  );
#750 = CARTESIAN_POINT('',(14.031959752867,2.891261629611,0.188202410047
    ));
#751 = CARTESIAN_POINT('',(14.131343000739,2.891261629611,0.200834862023
    ));
#752 = CARTESIAN_POINT('',(14.030884492096,2.884510854304,0.196022812434
    ));
#753 = CARTESIAN_POINT('',(14.130049095102,2.884510854304,0.21022392437)
  );
#754 = CARTESIAN_POINT('',(14.030308290971,2.88113546665,0.199927581089)
  );
#755 = CARTESIAN_POINT('',(14.129355742657,2.88113546665,0.214911977395)
  );
#756 = CARTESIAN_POINT('',(14.029078896915,2.874384691343,0.207725239037
    ));
#757 = CARTESIAN_POINT('',(14.127876439555,2.874384691343,0.224273895252
    ));
#758 = CARTESIAN_POINT('',(14.027695818586,2.867633916035,0.215497109697
    ));
#759 = CARTESIAN_POINT('',(14.126212399736,2.867633916035,0.233604976346
    ));
#760 = CARTESIAN_POINT('',(14.026965953146,2.864258528382,0.219376094413
    ));
#761 = CARTESIAN_POINT('',(14.125334310576,2.864258528382,0.238262192608
    ));
#762 = CARTESIAN_POINT('',(14.025429759303,2.857507753074,0.227119155029
    ));
#763 = CARTESIAN_POINT('',(14.123486252418,2.857507753074,0.247558748072
    ));
#764 = CARTESIAN_POINT('',(14.023741018705,2.850756977767,0.234830382844
    ));
#765 = CARTESIAN_POINT('',(14.121455010587,2.850756977767,0.256817097348
    ));
#766 = CARTESIAN_POINT('',(14.022858626319,2.847381590113,0.238677538893
    ));
#767 = CARTESIAN_POINT('',(14.120393737751,2.847381590113,0.261436107422
    ));
#768 = CARTESIAN_POINT('',(14.021018026583,2.840630814806,0.246353935953
    ));
#769 = CARTESIAN_POINT('',(14.118180205571,2.840630814806,0.270652574856
    ));
#770 = CARTESIAN_POINT('',(14.019026255325,2.833880039498,0.253992504306
    ));
#771 = CARTESIAN_POINT('',(14.115785394724,2.833880039498,0.279823496104
    ));
#772 = CARTESIAN_POINT('',(14.017992711051,2.830504651845,0.25780183656)
  );
#773 = CARTESIAN_POINT('',(14.114542843222,2.830504651845,0.284396959992
    ));
#774 = CARTESIAN_POINT('',(14.015850573677,2.823753876537,0.265399607726
    ));
#775 = CARTESIAN_POINT('',(14.111967825083,2.823753876537,0.293518677112
    ));
#776 = CARTESIAN_POINT('',(14.013558875593,2.81700310123,0.272953613228)
  );
#777 = CARTESIAN_POINT('',(14.109213791451,2.81700310123,0.302587546472)
  );
#778 = CARTESIAN_POINT('',(14.012377826236,2.813627713576,0.276719919764
    ));
#779 = CARTESIAN_POINT('',(14.107792224456,2.813627713576,0.307108162597
    ));
#780 = CARTESIAN_POINT('',(14.009949706618,2.806876938269,0.284231630813
    ));
#781 = CARTESIAN_POINT('',(14.104860427859,2.806876938269,0.316120548465
    ));
#782 = CARTESIAN_POINT('',(14.007398304647,2.800126162961,0.291702518622
    ));
#783 = CARTESIAN_POINT('',(14.101752243312,2.800126162961,0.325072832415
    ));
#784 = CARTESIAN_POINT('',(14.006089839361,2.796750775307,0.295426753063
    ));
#785 = CARTESIAN_POINT('',(14.100154288367,2.796750775307,0.329533346624
    ));
#786 = CARTESIAN_POINT('',(14.004746666062,2.793375387654,0.299138774385
    ));
#787 = CARTESIAN_POINT('',(14.098512720509,2.793375387654,0.33397763313)
  );
#788 = CARTESIAN_POINT('',(14.003366841037,2.79,0.302837578934));
#789 = CARTESIAN_POINT('',(14.096827805192,2.79,0.338405094721));
#790 = ADVANCED_FACE('',(#791,#832,#843),#854,.F.);
#791 = FACE_BOUND('',#792,.F.);
#792 = EDGE_LOOP('',(#793,#801,#802,#810,#818,#826));
#793 = ORIENTED_EDGE('',*,*,#794,.T.);
#794 = EDGE_CURVE('',#795,#312,#797,.T.);
#795 = VERTEX_POINT('',#796);
#796 = CARTESIAN_POINT('',(12.4,4.5,-0.375));
#797 = LINE('',#798,#799);
#798 = CARTESIAN_POINT('',(12.4,4.5,-0.375));
#799 = VECTOR('',#800,1.);
#800 = DIRECTION('',(0.789545423657,-0.613692124752,0.));
#801 = ORIENTED_EDGE('',*,*,#311,.F.);
#802 = ORIENTED_EDGE('',*,*,#803,.T.);
#803 = EDGE_CURVE('',#255,#804,#806,.T.);
#804 = VERTEX_POINT('',#805);
#805 = CARTESIAN_POINT('',(12.4,-4.5,-0.375));
#806 = LINE('',#807,#808);
#807 = CARTESIAN_POINT('',(14.6,-2.79,-0.375));
#808 = VECTOR('',#809,1.);
#809 = DIRECTION('',(-0.789545423657,-0.613692124752,0.));
#810 = ORIENTED_EDGE('',*,*,#811,.T.);
#811 = EDGE_CURVE('',#804,#812,#814,.T.);
#812 = VERTEX_POINT('',#813);
#813 = CARTESIAN_POINT('',(6.3,-4.5,-0.375));
#814 = LINE('',#815,#816);
#815 = CARTESIAN_POINT('',(12.4,-4.5,-0.375));
#816 = VECTOR('',#817,1.);
#817 = DIRECTION('',(-1.,0.,0.));
#818 = ORIENTED_EDGE('',*,*,#819,.T.);
#819 = EDGE_CURVE('',#812,#820,#822,.T.);
#820 = VERTEX_POINT('',#821);
#821 = CARTESIAN_POINT('',(6.3,4.5,-0.375));
#822 = LINE('',#823,#824);
#823 = CARTESIAN_POINT('',(6.3,-4.5,-0.375));
#824 = VECTOR('',#825,1.);
#825 = DIRECTION('',(0.,1.,0.));
#826 = ORIENTED_EDGE('',*,*,#827,.T.);
#827 = EDGE_CURVE('',#820,#795,#828,.T.);
#828 = LINE('',#829,#830);
#829 = CARTESIAN_POINT('',(6.3,4.5,-0.375));
#830 = VECTOR('',#831,1.);
#831 = DIRECTION('',(1.,0.,0.));
#832 = FACE_BOUND('',#833,.F.);
#833 = EDGE_LOOP('',(#834));
#834 = ORIENTED_EDGE('',*,*,#835,.F.);
#835 = EDGE_CURVE('',#836,#836,#838,.T.);
#836 = VERTEX_POINT('',#837);
#837 = CARTESIAN_POINT('',(12.4,-3.5,-0.375));
#838 = CIRCLE('',#839,0.4);
#839 = AXIS2_PLACEMENT_3D('',#840,#841,#842);
#840 = CARTESIAN_POINT('',(12.4,-3.1,-0.375));
#841 = DIRECTION('',(-0.,0.,-1.));
#842 = DIRECTION('',(-0.,-1.,0.));
#843 = FACE_BOUND('',#844,.F.);
#844 = EDGE_LOOP('',(#845));
#845 = ORIENTED_EDGE('',*,*,#846,.F.);
#846 = EDGE_CURVE('',#847,#847,#849,.T.);
#847 = VERTEX_POINT('',#848);
#848 = CARTESIAN_POINT('',(12.4,2.7,-0.375));
#849 = CIRCLE('',#850,0.4);
#850 = AXIS2_PLACEMENT_3D('',#851,#852,#853);
#851 = CARTESIAN_POINT('',(12.4,3.1,-0.375));
#852 = DIRECTION('',(-0.,0.,-1.));
#853 = DIRECTION('',(-0.,-1.,0.));
#854 = PLANE('',#855);
#855 = AXIS2_PLACEMENT_3D('',#856,#857,#858);
#856 = CARTESIAN_POINT('',(11.253381121295,9.1E-16,-0.375));
#857 = DIRECTION('',(0.,0.,-1.));
#858 = DIRECTION('',(-1.,0.,0.));
#859 = ADVANCED_FACE('',(#860),#886,.T.);
#860 = FACE_BOUND('',#861,.T.);
#861 = EDGE_LOOP('',(#862,#863,#870,#881));
#862 = ORIENTED_EDGE('',*,*,#254,.T.);
#863 = ORIENTED_EDGE('',*,*,#864,.T.);
#864 = EDGE_CURVE('',#255,#865,#867,.T.);
#865 = VERTEX_POINT('',#866);
#866 = CARTESIAN_POINT('',(13.536062020263,-3.616969975159,-0.475));
#867 = B_SPLINE_CURVE_WITH_KNOTS('',1,(#868,#869),.UNSPECIFIED.,.F.,.F.,
  (2,2),(0.,1.),.PIECEWISE_BEZIER_KNOTS.);
#868 = CARTESIAN_POINT('',(13.536062020263,-3.616969975159,-0.375));
#869 = CARTESIAN_POINT('',(13.536062020263,-3.616969975159,-0.475));
#870 = ORIENTED_EDGE('',*,*,#871,.F.);
#871 = EDGE_CURVE('',#872,#865,#874,.T.);
#872 = VERTEX_POINT('',#873);
#873 = CARTESIAN_POINT('',(14.096827805192,-2.79,0.338405094721));
#874 = B_SPLINE_CURVE_WITH_KNOTS('',5,(#875,#876,#877,#878,#879,#880),
  .UNSPECIFIED.,.F.,.F.,(6,6),(0.,1.347532324118),
  .PIECEWISE_BEZIER_KNOTS.);
#875 = CARTESIAN_POINT('',(14.096827805192,-2.79,0.338405094721));
#876 = CARTESIAN_POINT('',(14.179388655728,-2.955393995032,
    0.121459476738));
#877 = CARTESIAN_POINT('',(14.157872258392,-3.120787990064,
    -0.135882760188));
#878 = CARTESIAN_POINT('',(14.001048017859,-3.286181985096,
    -0.363360326854));
#879 = CARTESIAN_POINT('',(13.76818633007,-3.451575980127,-0.475));
#880 = CARTESIAN_POINT('',(13.536062020263,-3.616969975159,-0.475));
#881 = ORIENTED_EDGE('',*,*,#882,.F.);
#882 = EDGE_CURVE('',#246,#872,#883,.T.);
#883 = B_SPLINE_CURVE_WITH_KNOTS('',1,(#884,#885),.UNSPECIFIED.,.F.,.F.,
  (2,2),(0.,1.),.PIECEWISE_BEZIER_KNOTS.);
#884 = CARTESIAN_POINT('',(14.003366841037,-2.79,0.302837578934));
#885 = CARTESIAN_POINT('',(14.096827805192,-2.79,0.338405094721));
#886 = B_SPLINE_SURFACE_WITH_KNOTS('',5,1,(
    (#887,#888)
    ,(#889,#890)
    ,(#891,#892)
    ,(#893,#894)
    ,(#895,#896)
    ,(#897,#898)
    ,(#899,#900)
    ,(#901,#902)
    ,(#903,#904)
    ,(#905,#906)
    ,(#907,#908)
    ,(#909,#910)
    ,(#911,#912)
    ,(#913,#914)
    ,(#915,#916)
    ,(#917,#918)
    ,(#919,#920)
    ,(#921,#922)
    ,(#923,#924)
    ,(#925,#926)
    ,(#927,#928)
    ,(#929,#930)
    ,(#931,#932)
    ,(#933,#934)
    ,(#935,#936)
    ,(#937,#938)
    ,(#939,#940)
    ,(#941,#942)
    ,(#943,#944)
    ,(#945,#946)
    ,(#947,#948)
    ,(#949,#950)
    ,(#951,#952)
    ,(#953,#954)
    ,(#955,#956)
    ,(#957,#958)
    ,(#959,#960)
    ,(#961,#962)
    ,(#963,#964)
    ,(#965,#966)
    ,(#967,#968)
    ,(#969,#970)
    ,(#971,#972)
    ,(#973,#974)
    ,(#975,#976)
    ,(#977,#978)
    ,(#979,#980)
    ,(#981,#982)
    ,(#983,#984)
    ,(#985,#986)
    ,(#987,#988)
    ,(#989,#990)
    ,(#991,#992)
    ,(#993,#994)
    ,(#995,#996)
    ,(#997,#998)
    ,(#999,#1000)
    ,(#1001,#1002)
    ,(#1003,#1004)
    ,(#1005,#1006)
    ,(#1007,#1008)
    ,(#1009,#1010)
    ,(#1011,#1012)
    ,(#1013,#1014)
    ,(#1015,#1016)
    ,(#1017,#1018)
    ,(#1019,#1020)
    ,(#1021,#1022)
    ,(#1023,#1024)
    ,(#1025,#1026)
    ,(#1027,#1028)
    ,(#1029,#1030)
    ,(#1031,#1032)
    ,(#1033,#1034)
    ,(#1035,#1036)
    ,(#1037,#1038)
    ,(#1039,#1040)
    ,(#1041,#1042)
    ,(#1043,#1044)
    ,(#1045,#1046)
    ,(#1047,#1048)
    ,(#1049,#1050)
    ,(#1051,#1052)
    ,(#1053,#1054)
    ,(#1055,#1056)
    ,(#1057,#1058)
    ,(#1059,#1060)
    ,(#1061,#1062)
    ,(#1063,#1064)
    ,(#1065,#1066)
    ,(#1067,#1068)
    ,(#1069,#1070)
    ,(#1071,#1072)
    ,(#1073,#1074)
    ,(#1075,#1076)
    ,(#1077,#1078)
    ,(#1079,#1080)
    ,(#1081,#1082)
    ,(#1083,#1084)
    ,(#1085,#1086)
    ,(#1087,#1088)
    ,(#1089,#1090)
    ,(#1091,#1092)
    ,(#1093,#1094)
    ,(#1095,#1096)
    ,(#1097,#1098)
    ,(#1099,#1100)
    ,(#1101,#1102)
    ,(#1103,#1104)
    ,(#1105,#1106)
    ,(#1107,#1108)
    ,(#1109,#1110)
    ,(#1111,#1112)
    ,(#1113,#1114)
    ,(#1115,#1116)
    ,(#1117,#1118)
    ,(#1119,#1120)
    ,(#1121,#1122)
    ,(#1123,#1124)
    ,(#1125,#1126)
    ,(#1127,#1128)
    ,(#1129,#1130)
    ,(#1131,#1132)
    ,(#1133,#1134)
    ,(#1135,#1136)
    ,(#1137,#1138)
    ,(#1139,#1140)
    ,(#1141,#1142)
    ,(#1143,#1144)
    ,(#1145,#1146)
    ,(#1147,#1148)
    ,(#1149,#1150)
    ,(#1151,#1152)
    ,(#1153,#1154)
    ,(#1155,#1156)
    ,(#1157,#1158)
    ,(#1159,#1160)
    ,(#1161,#1162)
    ,(#1163,#1164)
    ,(#1165,#1166)
    ,(#1167,#1168)
    ,(#1169,#1170)
    ,(#1171,#1172)
    ,(#1173,#1174)
    ,(#1175,#1176)
    ,(#1177,#1178)
    ,(#1179,#1180)
    ,(#1181,#1182)
    ,(#1183,#1184)
    ,(#1185,#1186
    )),.UNSPECIFIED.,.F.,.F.,.F.,(6,3,3,3,3,3,3,3,3,3,3,3,3,3,3,3,3,3,3,
    3,3,3,3,3,3,3,3,3,3,3,3,3,3,3,3,3,3,3,3,3,3,3,3,3,3,3,3,3,3,6),(2,2)
  ,(0.,2.750065967587E-02,5.500131935175E-02,8.250197902762E-02,
    0.110002638703,0.137503298379,0.165003958055,0.192504617731,
    0.220005277407,0.247505937083,0.275006596759,0.302507256435,
    0.33000791611,0.357508575786,0.385009235462,0.412509895138,
    0.440010554814,0.46751121449,0.495011874166,0.522512533842,
    0.550013193517,0.577513853193,0.605014512869,0.632515172545,
    0.660015832221,0.687516491897,0.715017151573,0.742517811249,
    0.770018470924,0.7975191306,0.825019790276,0.852520449952,
    0.880021109628,0.907521769304,0.93502242898,0.962523088656,
    0.990023748331,1.017524408007,1.045025067683,1.072525727359,
    1.100026387035,1.127527046711,1.155027706387,1.182528366063,
    1.210029025738,1.237529685414,1.26503034509,1.292531004766,
    1.320031664442,1.347532324118),(0.,1.),.UNSPECIFIED.);
#887 = CARTESIAN_POINT('',(14.003366841037,-2.79,0.302837578934));
#888 = CARTESIAN_POINT('',(14.096827805192,-2.79,0.338405094721));
#889 = CARTESIAN_POINT('',(14.004746666062,-2.793375387654,
    0.299138774385));
#890 = CARTESIAN_POINT('',(14.098512720509,-2.793375387654,0.33397763313
    ));
#891 = CARTESIAN_POINT('',(14.006089839361,-2.796750775307,
    0.295426753063));
#892 = CARTESIAN_POINT('',(14.100154288367,-2.796750775307,
    0.329533346624));
#893 = CARTESIAN_POINT('',(14.007398304647,-2.800126162961,
    0.291702518622));
#894 = CARTESIAN_POINT('',(14.101752243312,-2.800126162961,
    0.325072832415));
#895 = CARTESIAN_POINT('',(14.009949706618,-2.806876938269,
    0.284231630813));
#896 = CARTESIAN_POINT('',(14.104860427859,-2.806876938269,
    0.316120548465));
#897 = CARTESIAN_POINT('',(14.012377826236,-2.813627713576,
    0.276719919764));
#898 = CARTESIAN_POINT('',(14.107792224456,-2.813627713576,
    0.307108162597));
#899 = CARTESIAN_POINT('',(14.013558875593,-2.81700310123,0.272953613228
    ));
#900 = CARTESIAN_POINT('',(14.109213791451,-2.81700310123,0.302587546472
    ));
#901 = CARTESIAN_POINT('',(14.015850573677,-2.823753876537,
    0.265399607726));
#902 = CARTESIAN_POINT('',(14.111967825083,-2.823753876537,
    0.293518677112));
#903 = CARTESIAN_POINT('',(14.017992711051,-2.830504651845,0.25780183656
    ));
#904 = CARTESIAN_POINT('',(14.114542843222,-2.830504651845,
    0.284396959992));
#905 = CARTESIAN_POINT('',(14.019026255325,-2.833880039498,
    0.253992504306));
#906 = CARTESIAN_POINT('',(14.115785394724,-2.833880039498,
    0.279823496105));
#907 = CARTESIAN_POINT('',(14.021018026583,-2.840630814806,
    0.246353935953));
#908 = CARTESIAN_POINT('',(14.118180205571,-2.840630814806,
    0.270652574856));
#909 = CARTESIAN_POINT('',(14.022858626319,-2.847381590113,
    0.238677538893));
#910 = CARTESIAN_POINT('',(14.120393737751,-2.847381590113,
    0.261436107422));
#911 = CARTESIAN_POINT('',(14.023741018705,-2.850756977767,
    0.234830382844));
#912 = CARTESIAN_POINT('',(14.121455010586,-2.850756977767,
    0.256817097348));
#913 = CARTESIAN_POINT('',(14.025429759303,-2.857507753074,
    0.227119155029));
#914 = CARTESIAN_POINT('',(14.123486252418,-2.857507753074,
    0.247558748072));
#915 = CARTESIAN_POINT('',(14.026965953146,-2.864258528382,
    0.219376094413));
#916 = CARTESIAN_POINT('',(14.125334310576,-2.864258528382,
    0.238262192608));
#917 = CARTESIAN_POINT('',(14.027695818586,-2.867633916035,
    0.215497109697));
#918 = CARTESIAN_POINT('',(14.126212399736,-2.867633916035,
    0.233604976346));
#919 = CARTESIAN_POINT('',(14.029078896915,-2.874384691343,
    0.207725239037));
#920 = CARTESIAN_POINT('',(14.127876439555,-2.874384691343,
    0.224273895252));
#921 = CARTESIAN_POINT('',(14.030308290971,-2.88113546665,0.199927581089
    ));
#922 = CARTESIAN_POINT('',(14.129355742657,-2.88113546665,0.214911977395
    ));
#923 = CARTESIAN_POINT('',(14.030884492096,-2.884510854304,
    0.196022812434));
#924 = CARTESIAN_POINT('',(14.130049095102,-2.884510854304,0.21022392437
    ));
#925 = CARTESIAN_POINT('',(14.031959752867,-2.891261629611,
    0.188202410047));
#926 = CARTESIAN_POINT('',(14.131343000739,-2.891261629611,
    0.200834862023));
#927 = CARTESIAN_POINT('',(14.032880431338,-2.898012404919,
    0.180362306069));
#928 = CARTESIAN_POINT('',(14.132450962382,-2.898012404919,0.19142235277
    ));
#929 = CARTESIAN_POINT('',(14.033302070238,-2.901387792572,
    0.176437838383));
#930 = CARTESIAN_POINT('',(14.132958370833,-2.901387792572,
    0.186710852839));
#931 = CARTESIAN_POINT('',(14.034067837842,-2.90813856788,0.168581091015
    ));
#932 = CARTESIAN_POINT('',(14.133879898547,-2.90813856788,0.177278596168
    ));
#933 = CARTESIAN_POINT('',(14.034678366011,-2.914889343187,
    0.160710758456));
#934 = CARTESIAN_POINT('',(14.134614614549,-2.914889343187,
    0.167830293883));
#935 = CARTESIAN_POINT('',(14.034944785635,-2.918264730841,
    0.156772707344));
#936 = CARTESIAN_POINT('',(14.134935211288,-2.918264730841,
    0.163102748337));
#937 = CARTESIAN_POINT('',(14.035399866756,-2.925015506148,
    0.148891858379));
#938 = CARTESIAN_POINT('',(14.135482793357,-2.925015506148,
    0.153642102643));
#939 = CARTESIAN_POINT('',(14.035699293219,-2.931766281456,
    0.141003561794));
#940 = CARTESIAN_POINT('',(14.135843029357,-2.931766281456,
    0.144172815065));
#941 = CARTESIAN_POINT('',(14.035810078397,-2.93514166911,0.137058064027
    ));
#942 = CARTESIAN_POINT('',(14.135976280028,-2.93514166911,0.139436627633
    ));
#943 = CARTESIAN_POINT('',(14.03595376387,-2.941892444417,0.129165394408
    ));
#944 = CARTESIAN_POINT('',(14.136149012349,-2.941892444417,
    0.129962398597));
#945 = CARTESIAN_POINT('',(14.035941622022,-2.948643219724,
    0.121271426344));
#946 = CARTESIAN_POINT('',(14.136134191401,-2.948643219724,
    0.120486924847));
#947 = CARTESIAN_POINT('',(14.035896600116,-2.952018607378,0.1173246303)
  );
#948 = CARTESIAN_POINT('',(14.136079888802,-2.952018607378,
    0.115749492701));
#949 = CARTESIAN_POINT('',(14.035728666032,-2.958769382686,0.10943243939
    ));
#950 = CARTESIAN_POINT('',(14.135877518486,-2.958769382686,
    0.106276468389));
#951 = CARTESIAN_POINT('',(14.035404974795,-2.965520157993,
    0.101545101232));
#952 = CARTESIAN_POINT('',(14.135487708655,-2.965520157993,
    9.680958098057E-02));
#953 = CARTESIAN_POINT('',(14.035204215962,-2.968895545647,
    9.760315731151E-02));
#954 = CARTESIAN_POINT('',(14.135245966541,-2.968895545647,
    9.207828573936E-02));
#955 = CARTESIAN_POINT('',(14.034724924017,-2.975646320954,
    8.972374372562E-02));
#956 = CARTESIAN_POINT('',(14.134668879507,-2.975646320954,
    8.262121861073E-02));
#957 = CARTESIAN_POINT('',(14.034090187808,-2.982397096262,
    8.18553265296E-02));
#958 = CARTESIAN_POINT('',(14.133904781467,-2.982397096262,
    7.317764545447E-02));
#959 = CARTESIAN_POINT('',(14.033734004897,-2.985772483915,
    7.792437757077E-02));
#960 = CARTESIAN_POINT('',(14.133476028346,-2.985772483915,
    6.845984418562E-02));
#961 = CARTESIAN_POINT('',(14.032944101985,-2.992523259223,
    7.007002001493E-02));
#962 = CARTESIAN_POINT('',(14.13252523692,-2.992523259223,
    5.903343310336E-02));
#963 = CARTESIAN_POINT('',(14.03199930993,-2.99927403453,
    6.223278534963E-02));
#964 = CARTESIAN_POINT('',(14.131388171545,-2.99927403453,
    4.962783951531E-02));
#965 = CARTESIAN_POINT('',(14.031488257991,-3.002649422184,
    5.831895705775E-02));
#966 = CARTESIAN_POINT('',(14.130773144477,-3.002649422184,
    4.493085574067E-02));
#967 = CARTESIAN_POINT('',(14.030388975038,-3.009400197491,
    5.050189519178E-02));
#968 = CARTESIAN_POINT('',(14.129450274984,-3.009400197491,
    3.554972797663E-02));
#969 = CARTESIAN_POINT('',(14.029135599433,-3.016150972799,
    4.270805603396E-02));
#970 = CARTESIAN_POINT('',(14.127942170952,-3.016150972799,
    2.619669868623E-02));
#971 = CARTESIAN_POINT('',(14.028470474851,-3.019526360452,
    3.881744743451E-02));
#972 = CARTESIAN_POINT('',(14.127141909344,-3.019526360452,
    2.152781338523E-02));
#973 = CARTESIAN_POINT('',(14.027063524901,-3.02627713576,
    3.104986279935E-02));
#974 = CARTESIAN_POINT('',(14.125449189709,-3.02627713576,
    1.220650662834E-02));
#975 = CARTESIAN_POINT('',(14.025503518915,-3.033027911067,
    2.331156450137E-02));
#976 = CARTESIAN_POINT('',(14.123572571089,-3.033027911067,
    2.920527785923E-03));
#977 = CARTESIAN_POINT('',(14.024685358173,-3.036403298721,
    1.945023843595E-02));
#978 = CARTESIAN_POINT('',(14.122588410497,-3.036403298721,
    -1.7130296006E-03));
#979 = CARTESIAN_POINT('',(14.022972933714,-3.043154074028,
    1.174423547081E-02));
#980 = CARTESIAN_POINT('',(14.120528657836,-3.043154074028,
    -1.096008523671E-02));
#981 = CARTESIAN_POINT('',(14.021108728347,-3.049904849336,
    4.073536834174E-03));
#982 = CARTESIAN_POINT('',(14.118286631692,-3.049904849336,
    -2.01646440523E-02));
#983 = CARTESIAN_POINT('',(14.020138806407,-3.05328023699,
    2.475105126215E-04));
#984 = CARTESIAN_POINT('',(14.117120197617,-3.05328023699,
    -2.475570461831E-02));
#985 = CARTESIAN_POINT('',(14.018123575957,-3.060031012297,
    -7.384902307686E-03));
#986 = CARTESIAN_POINT('',(14.114696805837,-3.060031012297,
    -3.391420458768E-02));
#987 = CARTESIAN_POINT('',(14.015958076251,-3.066781787604,
    -1.497604782385E-02));
#988 = CARTESIAN_POINT('',(14.112093049817,-3.066781787604,
    -4.302310836147E-02));
#989 = CARTESIAN_POINT('',(14.014837904568,-3.070157175258,
    -1.876081220026E-02));
#990 = CARTESIAN_POINT('',(14.110746251502,-3.070157175258,
    -4.756457273191E-02));
#991 = CARTESIAN_POINT('',(14.012523008516,-3.076907950565,
    -2.630774107846E-02));
#992 = CARTESIAN_POINT('',(14.107963178894,-3.076907950565,
    -5.662035604864E-02));
#993 = CARTESIAN_POINT('',(14.010059589028,-3.083658725873,
    -3.380750398484E-02));
#994 = CARTESIAN_POINT('',(14.105001928832,-3.083658725873,
    -6.561952232192E-02));
#995 = CARTESIAN_POINT('',(14.008790913197,-3.087034113527,
    -3.754510851445E-02));
#996 = CARTESIAN_POINT('',(14.103476953061,-3.087034113527,
    -7.01043696489E-02));
#997 = CARTESIAN_POINT('',(14.006179958908,-3.093784888834,
    -4.49947928652E-02));
#998 = CARTESIAN_POINT('',(14.100338709899,-3.093784888834,
    -7.904343687955E-02));
#999 = CARTESIAN_POINT('',(14.003422458452,-3.100535664141,
    -5.239148607651E-02));
#1000 = CARTESIAN_POINT('',(14.097024747405,-3.100535664141,
    -8.791895374221E-02));
#1001 = CARTESIAN_POINT('',(14.002007255486,-3.103911051795,
    -5.607610634812E-02));
#1002 = CARTESIAN_POINT('',(14.095324052302,-3.103911051795,
    -9.234025070121E-02));
#1003 = CARTESIAN_POINT('',(13.999104311681,-3.110661827103,
    -6.341693712492E-02));
#1004 = CARTESIAN_POINT('',(14.091835688435,-3.110661827103,
    -0.101148781957));
#1005 = CARTESIAN_POINT('',(13.996057027346,-3.11741260241,
    -7.069903417216E-02));
#1006 = CARTESIAN_POINT('',(14.088174328497,-3.11741260241,
    -0.10988692604));
#1007 = CARTESIAN_POINT('',(13.994497502592,-3.120787990064,
    -7.432492834141E-02));
#1008 = CARTESIAN_POINT('',(14.086300637324,-3.120787990064,
    -0.114237835826));
#1009 = CARTESIAN_POINT('',(13.991307093009,-3.127538765371,
    -8.154546612723E-02));
#1010 = CARTESIAN_POINT('',(14.082467729774,-3.127538765371,
    -0.122902208756));
#1011 = CARTESIAN_POINT('',(13.98797477346,-3.134289540679,
    -8.870161911975E-02));
#1012 = CARTESIAN_POINT('',(14.078464808349,-3.134289540679,
    -0.131489463224));
#1013 = CARTESIAN_POINT('',(13.98627335717,-3.137664928332,
    -9.226313685677E-02));
#1014 = CARTESIAN_POINT('',(14.076421103301,-3.137664928332,
    -0.135763254547));
#1015 = CARTESIAN_POINT('',(13.982800453511,-3.14441570364,
    -9.935212969043E-02));
#1016 = CARTESIAN_POINT('',(14.072249743861,-3.14441570364,
    -0.144270062329));
#1017 = CARTESIAN_POINT('',(13.979188291593,-3.151166478947,-0.106371187
    ));
#1018 = CARTESIAN_POINT('',(14.067911605475,-3.151166478947,
    -0.152693134871));
#1019 = CARTESIAN_POINT('',(13.97734763513,-3.154541866601,
    -0.109862778294));
#1020 = CARTESIAN_POINT('',(14.065701121481,-3.154541866601,
    -0.156883190956));
#1021 = CARTESIAN_POINT('',(13.973597649315,-3.161292641908,
    -0.116809179205));
#1022 = CARTESIAN_POINT('',(14.061197904306,-3.161292641908,
    -0.16521926029));
#1023 = CARTESIAN_POINT('',(13.969711273959,-3.168043417216,
    -0.123680202842));
#1024 = CARTESIAN_POINT('',(14.056531389646,-3.168043417216,
    -0.173465101115));
#1025 = CARTESIAN_POINT('',(13.967734245668,-3.171418804869,
    -0.127096426652));
#1026 = CARTESIAN_POINT('',(14.054157608166,-3.171418804869,
    -0.177564928691));
#1027 = CARTESIAN_POINT('',(13.963713021402,-3.178169580177,
    -0.133889410873));
#1028 = CARTESIAN_POINT('',(14.049329617376,-3.178169580177,
    -0.185717337791));
#1029 = CARTESIAN_POINT('',(13.959558488853,-3.184920355484,
    -0.140601693534));
#1030 = CARTESIAN_POINT('',(14.044342050888,-3.184920355484,
    -0.193773157618));
#1031 = CARTESIAN_POINT('',(13.957448169591,-3.188295743138,
    -0.143937226265));
#1032 = CARTESIAN_POINT('',(14.04180869371,-3.188295743138,
    -0.19777639592));
#1033 = CARTESIAN_POINT('',(13.953161973258,-3.195046518445,
    -0.150566208103));
#1034 = CARTESIAN_POINT('',(14.036663490979,-3.195046518445,
    -0.205732492508));
#1035 = CARTESIAN_POINT('',(13.948745757638,-3.201797293753,
    -0.157109289856));
#1036 = CARTESIAN_POINT('',(14.031362668465,-3.201797293753,
    -0.213585780559));
#1037 = CARTESIAN_POINT('',(13.946505435973,-3.205172681407,
    -0.160358933655));
#1038 = CARTESIAN_POINT('',(14.028673691506,-3.205172681407,
    -0.217486210323));
#1039 = CARTESIAN_POINT('',(13.94196094687,-3.211923456714,
    -0.166813582988));
#1040 = CARTESIAN_POINT('',(14.023219303661,-3.211923456714,
    -0.225233629619));
#1041 = CARTESIAN_POINT('',(13.937289930087,-3.218674232021,
    -0.173177267569));
#1042 = CARTESIAN_POINT('',(14.017613479874,-3.218674232021,
    -0.23287217161));
#1043 = CARTESIAN_POINT('',(13.934923097174,-3.222049619675,
    -0.176335958428));
#1044 = CARTESIAN_POINT('',(14.014773066973,-3.222049619675,
    -0.236663724069));
#1045 = CARTESIAN_POINT('',(13.930127397102,-3.228800394983,
    -0.1826062168));
#1046 = CARTESIAN_POINT('',(14.00901797359,-3.228800394983,
    -0.244190406785));
#1047 = CARTESIAN_POINT('',(13.92520885813,-3.23555117029,
    -0.188780587505));
#1048 = CARTESIAN_POINT('',(14.00311584983,-3.23555117029,-0.25160230292
    ));
#1049 = CARTESIAN_POINT('',(13.922719202269,-3.238926557944,
    -0.19184340315));
#1050 = CARTESIAN_POINT('',(14.000128406552,-3.238926557944,
    -0.255279068799));
#1051 = CARTESIAN_POINT('',(13.917679764498,-3.245677333251,
    -0.197919499445));
#1052 = CARTESIAN_POINT('',(13.994081527552,-3.245677333251,
    -0.26257327913));
#1053 = CARTESIAN_POINT('',(13.91252136803,-3.252428108559,
    -0.203894934584));
#1054 = CARTESIAN_POINT('',(13.98789223926,-3.252428108559,
    -0.269746962095));
#1055 = CARTESIAN_POINT('',(13.90991276892,-3.255803496212,
    -0.206857102147));
#1056 = CARTESIAN_POINT('',(13.984762386688,-3.255803496212,
    -0.273303200608));
#1057 = CARTESIAN_POINT('',(13.904637446545,-3.26255427152,
    -0.212729567818));
#1058 = CARTESIAN_POINT('',(13.978433069934,-3.26255427152,
    -0.280353544226));
#1059 = CARTESIAN_POINT('',(13.899247231051,-3.269305046827,
    -0.218496755708));
#1060 = CARTESIAN_POINT('',(13.97196617429,-3.269305046827,
    -0.287277797179));
#1061 = CARTESIAN_POINT('',(13.896523753743,-3.272680434481,
    -0.22135365916));
#1062 = CARTESIAN_POINT('',(13.968698742828,-3.272680434481,
    -0.290707945025));
#1063 = CARTESIAN_POINT('',(13.891020767441,-3.279431209788,
    -0.227013342984));
#1064 = CARTESIAN_POINT('',(13.962096751718,-3.279431209788,
    -0.297503387071));
#1065 = CARTESIAN_POINT('',(13.885407132642,-3.286181985096,
    -0.232563296458));
#1066 = CARTESIAN_POINT('',(13.955362215238,-3.286181985096,
    -0.304167361632));
#1067 = CARTESIAN_POINT('',(13.882573021205,-3.289557372749,
    -0.23531048381));
#1068 = CARTESIAN_POINT('',(13.951962238406,-3.289557372749,
    -0.307466041993));
#1069 = CARTESIAN_POINT('',(13.876850946431,-3.296308148057,
    -0.240748566147));
#1070 = CARTESIAN_POINT('',(13.945097739471,-3.296308148057,
    -0.313995925068));
#1071 = CARTESIAN_POINT('',(13.871022640206,-3.303058923364,
    -0.246072636561));
#1072 = CARTESIAN_POINT('',(13.9381059256,-3.303058923364,
    -0.320389159317));
#1073 = CARTESIAN_POINT('',(13.868082311113,-3.306434311018,
    -0.248705826795));
#1074 = CARTESIAN_POINT('',(13.934578633833,-3.306434311018,
    -0.323551190851));
#1075 = CARTESIAN_POINT('',(13.862150064732,-3.313185086325,
    -0.253913833333));
#1076 = CARTESIAN_POINT('',(13.927462184333,-3.313185086325,
    -0.329805253011));
#1077 = CARTESIAN_POINT('',(13.85611616949,-3.319935861633,
    -0.259003724043));
#1078 = CARTESIAN_POINT('',(13.920223841045,-3.319935861633,
    -0.335917689476));
#1079 = CARTESIAN_POINT('',(13.853074204737,-3.323311249286,
    -0.261518813788));
#1080 = CARTESIAN_POINT('',(13.91657465549,-3.323311249286,
    -0.338938095316));
#1081 = CARTESIAN_POINT('',(13.846941031131,-3.330062024594,
    -0.266488628748));
#1082 = CARTESIAN_POINT('',(13.909217191009,-3.330062024594,
    -0.34490648806));
#1083 = CARTESIAN_POINT('',(13.840710949656,-3.336812799901,
    -0.271336408038));
#1084 = CARTESIAN_POINT('',(13.901743438398,-3.336812799901,
    -0.350728491713));
#1085 = CARTESIAN_POINT('',(13.837572089619,-3.340188187555,
    -0.27372947796));
#1086 = CARTESIAN_POINT('',(13.897977964714,-3.340188187555,
    -0.353602508461));
#1087 = CARTESIAN_POINT('',(13.831247546279,-3.346938962862,
    -0.278453356744));
#1088 = CARTESIAN_POINT('',(13.890390786757,-3.346938962862,
    -0.359275814729));
#1089 = CARTESIAN_POINT('',(13.824830987077,-3.35368973817,
    -0.283051470187));
#1090 = CARTESIAN_POINT('',(13.882693104637,-3.35368973817,
    -0.364798190974));
#1091 = CARTESIAN_POINT('',(13.821600123127,-3.357065125824,
    -0.2853187911));
#1092 = CARTESIAN_POINT('',(13.878817126791,-3.357065125824,
    -0.367521277699));
#1093 = CARTESIAN_POINT('',(13.815094065763,-3.363815901131,
    -0.289789372358));
#1094 = CARTESIAN_POINT('',(13.871011890379,-3.363815901131,
    -0.372890529859));
#1095 = CARTESIAN_POINT('',(13.808501027933,-3.370566676438,
    -0.294130654589));
#1096 = CARTESIAN_POINT('',(13.863102105878,-3.370566676438,
    -0.378104542528));
#1097 = CARTESIAN_POINT('',(13.805183194814,-3.373942064092,
    -0.296268693265));
#1098 = CARTESIAN_POINT('',(13.859121579944,-3.373942064092,
    -0.380672389762));
#1099 = CARTESIAN_POINT('',(13.798505761991,-3.3806928394,
    -0.300479010369));
#1100 = CARTESIAN_POINT('',(13.85111028121,-3.3806928394,-0.385729087607
    ));
#1101 = CARTESIAN_POINT('',(13.791746519645,-3.387443614707,
    -0.304556696249));
#1102 = CARTESIAN_POINT('',(13.843000556367,-3.387443614707,
    -0.390626476951));
#1103 = CARTESIAN_POINT('',(13.788346887627,-3.390819002361,
    -0.306562120923));
#1104 = CARTESIAN_POINT('',(13.838921604323,-3.390819002361,
    -0.393035015682));
#1105 = CARTESIAN_POINT('',(13.781508484972,-3.397569777668,
    -0.310505612822));
#1106 = CARTESIAN_POINT('',(13.83071656811,-3.397569777668,
    -0.397771144421));
#1107 = CARTESIAN_POINT('',(13.774593571221,-3.404320552976,
    -0.314313347981));
#1108 = CARTESIAN_POINT('',(13.822419387469,-3.404320552976,
    -0.402344145102));
#1109 = CARTESIAN_POINT('',(13.771117438043,-3.407695940629,
    -0.316183033546));
#1110 = CARTESIAN_POINT('',(13.818248290997,-3.407695940629,
    -0.404589555775));
#1111 = CARTESIAN_POINT('',(13.764128722025,-3.414446715937,
    -0.319853554987));
#1112 = CARTESIAN_POINT('',(13.809862158451,-3.414446715937,
    -0.408997604021));
#1113 = CARTESIAN_POINT('',(13.757068912569,-3.421197491244,
    -0.323385405728));
#1114 = CARTESIAN_POINT('',(13.801390316659,-3.421197491244,
    -0.413238963105));
#1115 = CARTESIAN_POINT('',(13.753521695184,-3.424572878898,
    -0.325116438602));
#1116 = CARTESIAN_POINT('',(13.797133510941,-3.424572878898,
    -0.415317684617));
#1117 = CARTESIAN_POINT('',(13.746393556511,-3.431323654205,
    -0.328508269712));
#1118 = CARTESIAN_POINT('',(13.788579227109,-3.431323654205,
    -0.419390662386));
#1119 = CARTESIAN_POINT('',(13.739199852842,-3.438074429513,
    -0.331758732256));
#1120 = CARTESIAN_POINT('',(13.779945816512,-3.438074429513,
    -0.423293657336));
#1121 = CARTESIAN_POINT('',(13.735587078976,-3.441449817166,
    -0.333348414923));
#1122 = CARTESIAN_POINT('',(13.775609884027,-3.441449817166,
    -0.425202396028));
#1123 = CARTESIAN_POINT('',(13.72833062562,-3.448200592474,
    -0.336456270118));
#1124 = CARTESIAN_POINT('',(13.766900685453,-3.448200592474,
    -0.428933852728));
#1125 = CARTESIAN_POINT('',(13.721014237884,-3.454951367781,
    -0.33942027918));
#1126 = CARTESIAN_POINT('',(13.75811908369,-3.454951367781,
    -0.432492309394));
#1127 = CARTESIAN_POINT('',(13.717341537422,-3.458326755435,
    -0.340866134394));
#1128 = CARTESIAN_POINT('',(13.753710748016,-3.458326755435,
    -0.434228048053));
#1129 = CARTESIAN_POINT('',(13.709968077313,-3.465077530742,
    -0.34368517062));
#1130 = CARTESIAN_POINT('',(13.744860150334,-3.465077530742,
    -0.437612090476));
#1131 = CARTESIAN_POINT('',(13.702540406836,-3.47182830605,
    -0.346358107304));
#1132 = CARTESIAN_POINT('',(13.735944007935,-3.47182830605,
    -0.440820401091));
#1133 = CARTESIAN_POINT('',(13.698813503047,-3.475203693703,
    -0.347657881949));
#1134 = CARTESIAN_POINT('',(13.731470127544,-3.475203693703,
    -0.442380407942));
#1135 = CARTESIAN_POINT('',(13.691334526448,-3.481954469011,
    -0.350183706223));
#1136 = CARTESIAN_POINT('',(13.722491913078,-3.481954469011,
    -0.445411718258));
#1137 = CARTESIAN_POINT('',(13.683807147973,-3.488705244318,
    -0.352561405219));
#1138 = CARTESIAN_POINT('',(13.713455141059,-3.488705244318,
    -0.448264859427));
#1139 = CARTESIAN_POINT('',(13.680031848592,-3.492080631972,
    -0.353713073822));
#1140 = CARTESIAN_POINT('',(13.708922703115,-3.492080631972,
    -0.449646697132));
#1141 = CARTESIAN_POINT('',(13.672459010198,-3.498831407279,
    -0.355941750084));
#1142 = CARTESIAN_POINT('',(13.699830908472,-3.498831407279,
    -0.452320550879));
#1143 = CARTESIAN_POINT('',(13.664843653843,-3.505582182587,
    -0.358020506158));
#1144 = CARTESIAN_POINT('',(13.690687665932,-3.505582182587,
    -0.454814101574));
#1145 = CARTESIAN_POINT('',(13.661025842024,-3.508957570241,
    -0.359022274041));
#1146 = CARTESIAN_POINT('',(13.686103780089,-3.508957570241,
    -0.456015636225));
#1147 = CARTESIAN_POINT('',(13.653370942795,-3.515708345548,
    -0.360950329284));
#1148 = CARTESIAN_POINT('',(13.676912683758,-3.515708345548,
    -0.458327920306));
#1149 = CARTESIAN_POINT('',(13.645679475778,-3.522459120855,
    -0.362726903055));
#1150 = CARTESIAN_POINT('',(13.667677365471,-3.522459120855,
    -0.460458079855));
#1151 = CARTESIAN_POINT('',(13.64182510092,-3.525834508509,
    -0.363577209136));
#1152 = CARTESIAN_POINT('',(13.663049257674,-3.525834508509,
    -0.461477489974));
#1153 = CARTESIAN_POINT('',(13.634100069694,-3.532585283817,
    -0.365201638819));
#1154 = CARTESIAN_POINT('',(13.653773367617,-3.532585283817,
    -0.463424720644));
#1155 = CARTESIAN_POINT('',(13.626344477839,-3.539336059124,
    -0.366673261802));
#1156 = CARTESIAN_POINT('',(13.644460591635,-3.539336059124,
    -0.465188326727));
#1157 = CARTESIAN_POINT('',(13.622459546319,-3.542711446778,
    -0.367370781026));
#1158 = CARTESIAN_POINT('',(13.639795597913,-3.542711446778,
    -0.46602411226));
#1159 = CARTESIAN_POINT('',(13.614676421225,-3.549462222085,
    -0.368689053756));
#1160 = CARTESIAN_POINT('',(13.630449639166,-3.549462222085,
    -0.46760345312));
#1161 = CARTESIAN_POINT('',(13.606868790282,-3.556212997393,
    -0.369853432681));
#1162 = CARTESIAN_POINT('',(13.621074234409,-3.556212997393,
    -0.46899799976));
#1163 = CARTESIAN_POINT('',(13.602959356095,-3.559588385046,
    -0.370397078085));
#1164 = CARTESIAN_POINT('',(13.616379794677,-3.559588385046,
    -0.469648991073));
#1165 = CARTESIAN_POINT('',(13.595130265788,-3.566339160354,
    -0.371407139562));
#1166 = CARTESIAN_POINT('',(13.606978696944,-3.566339160354,
    -0.470858271066));
#1167 = CARTESIAN_POINT('',(13.587282762601,-3.573089935661,
    -0.372262459946));
#1168 = CARTESIAN_POINT('',(13.597555690797,-3.573089935661,
    -0.471881926621));
#1169 = CARTESIAN_POINT('',(13.583354917927,-3.576465323315,
    -0.372651384352));
#1170 = CARTESIAN_POINT('',(13.592839342651,-3.576465323315,
    -0.472347293497));
#1171 = CARTESIAN_POINT('',(13.575492062692,-3.583216098622,
    -0.373351660568));
#1172 = CARTESIAN_POINT('',(13.583398227899,-3.583216098622,
    -0.473185024894));
#1173 = CARTESIAN_POINT('',(13.56761691624,-3.58996687393,
    -0.373896589542));
#1174 = CARTESIAN_POINT('',(13.573942833812,-3.58996687393,
    -0.47383665005));
#1175 = CARTESIAN_POINT('',(13.563676819921,-3.593342261583,
    -0.374132351098));
#1176 = CARTESIAN_POINT('',(13.569212206329,-3.593342261583,
    -0.474115910685));
#1177 = CARTESIAN_POINT('',(13.555792680522,-3.600093036891,
    -0.374534736106));
#1178 = CARTESIAN_POINT('',(13.559746376387,-3.600093036891,
    -0.474581307084));
#1179 = CARTESIAN_POINT('',(13.547902846446,-3.606843812198,
    -0.374807380425));
#1180 = CARTESIAN_POINT('',(13.550273981463,-3.606843812198,
    -0.474860472846));
#1181 = CARTESIAN_POINT('',(13.543956752433,-3.610219199852,
    -0.374909093826));
#1182 = CARTESIAN_POINT('',(13.545536789,-3.610219199852,-0.474953502843
    ));
#1183 = CARTESIAN_POINT('',(13.54000972814,-3.613594587506,
    -0.37497402488));
#1184 = CARTESIAN_POINT('',(13.540799251075,-3.613594587506,-0.475));
#1185 = CARTESIAN_POINT('',(13.536062020263,-3.616969975159,-0.375));
#1186 = CARTESIAN_POINT('',(13.536062020263,-3.616969975159,-0.475));
#1187 = ADVANCED_FACE('',(#1188),#1206,.T.);
#1188 = FACE_BOUND('',#1189,.T.);
#1189 = EDGE_LOOP('',(#1190,#1191,#1192,#1201));
#1190 = ORIENTED_EDGE('',*,*,#243,.T.);
#1191 = ORIENTED_EDGE('',*,*,#882,.T.);
#1192 = ORIENTED_EDGE('',*,*,#1193,.F.);
#1193 = EDGE_CURVE('',#1194,#872,#1196,.T.);
#1194 = VERTEX_POINT('',#1195);
#1195 = CARTESIAN_POINT('',(13.536062020263,-2.79,0.725));
#1196 = CIRCLE('',#1197,0.6);
#1197 = AXIS2_PLACEMENT_3D('',#1198,#1199,#1200);
#1198 = CARTESIAN_POINT('',(13.536062020263,-2.79,0.125));
#1199 = DIRECTION('',(0.,1.,0.));
#1200 = DIRECTION('',(0.,-0.,1.));
#1201 = ORIENTED_EDGE('',*,*,#1202,.F.);
#1202 = EDGE_CURVE('',#244,#1194,#1203,.T.);
#1203 = B_SPLINE_CURVE_WITH_KNOTS('',1,(#1204,#1205),.UNSPECIFIED.,.F.,
  .F.,(2,2),(0.,1.),.PIECEWISE_BEZIER_KNOTS.);
#1204 = CARTESIAN_POINT('',(13.536062020263,-2.79,0.625));
#1205 = CARTESIAN_POINT('',(13.536062020263,-2.79,0.725));
#1206 = B_SPLINE_SURFACE_WITH_KNOTS('',7,1,(
    (#1207,#1208)
    ,(#1209,#1210)
    ,(#1211,#1212)
    ,(#1213,#1214)
    ,(#1215,#1216)
    ,(#1217,#1218)
    ,(#1219,#1220)
    ,(#1221,#1222
    )),.UNSPECIFIED.,.F.,.F.,.F.,(8,8),(2,2),(0.,1.207159963159),(0.,1.)
  ,.PIECEWISE_BEZIER_KNOTS.);
#1207 = CARTESIAN_POINT('',(13.536062020263,-2.79,0.625));
#1208 = CARTESIAN_POINT('',(13.536062020263,-2.79,0.725));
#1209 = CARTESIAN_POINT('',(13.622287731917,-2.79,0.625));
#1210 = CARTESIAN_POINT('',(13.639532874248,-2.79,0.725));
#1211 = CARTESIAN_POINT('',(13.708513390498,-2.79,0.607651876052));
#1212 = CARTESIAN_POINT('',(13.743003664545,-2.79,0.704182251263));
#1213 = CARTESIAN_POINT('',(13.79055100974,-2.79,0.572956274439));
#1214 = CARTESIAN_POINT('',(13.841448807635,-2.79,0.662547529327));
#1215 = CARTESIAN_POINT('',(13.864210861838,-2.79,0.522174781863));
#1216 = CARTESIAN_POINT('',(13.929840630153,-2.79,0.601609738235));
#1217 = CARTESIAN_POINT('',(13.9258164488,-2.79,0.45784199553));
#1218 = CARTESIAN_POINT('',(14.003767334507,-2.79,0.524410394637));
#1219 = CARTESIAN_POINT('',(13.972698497432,-2.79,0.383424960396));
#1220 = CARTESIAN_POINT('',(14.060025792866,-2.79,0.435109952475));
#1221 = CARTESIAN_POINT('',(14.003366841037,-2.79,0.302837578934));
#1222 = CARTESIAN_POINT('',(14.096827805192,-2.79,0.338405094721));
#1223 = ADVANCED_FACE('',(#1224),#1242,.F.);
#1224 = FACE_BOUND('',#1225,.F.);
#1225 = EDGE_LOOP('',(#1226,#1227,#1228,#1236));
#1226 = ORIENTED_EDGE('',*,*,#399,.F.);
#1227 = ORIENTED_EDGE('',*,*,#431,.T.);
#1228 = ORIENTED_EDGE('',*,*,#1229,.T.);
#1229 = EDGE_CURVE('',#432,#1230,#1232,.T.);
#1230 = VERTEX_POINT('',#1231);
#1231 = CARTESIAN_POINT('',(12.,2.79,0.725));
#1232 = LINE('',#1233,#1234);
#1233 = CARTESIAN_POINT('',(14.2,2.79,0.725));
#1234 = VECTOR('',#1235,1.);
#1235 = DIRECTION('',(-1.,0.,0.));
#1236 = ORIENTED_EDGE('',*,*,#1237,.F.);
#1237 = EDGE_CURVE('',#400,#1230,#1238,.T.);
#1238 = LINE('',#1239,#1240);
#1239 = CARTESIAN_POINT('',(12.,2.79,0.625));
#1240 = VECTOR('',#1241,1.);
#1241 = DIRECTION('',(0.,0.,1.));
#1242 = PLANE('',#1243);
#1243 = AXIS2_PLACEMENT_3D('',#1244,#1245,#1246);
#1244 = CARTESIAN_POINT('',(14.2,2.79,0.625));
#1245 = DIRECTION('',(2.2E-16,-1.,0.));
#1246 = DIRECTION('',(-1.,-2.2E-16,0.));
#1247 = ADVANCED_FACE('',(#1248),#1266,.F.);
#1248 = FACE_BOUND('',#1249,.F.);
#1249 = EDGE_LOOP('',(#1250,#1251,#1259,#1265));
#1250 = ORIENTED_EDGE('',*,*,#415,.F.);
#1251 = ORIENTED_EDGE('',*,*,#1252,.T.);
#1252 = EDGE_CURVE('',#408,#1253,#1255,.T.);
#1253 = VERTEX_POINT('',#1254);
#1254 = CARTESIAN_POINT('',(12.,-2.79,0.725));
#1255 = LINE('',#1256,#1257);
#1256 = CARTESIAN_POINT('',(12.,-2.79,0.625));
#1257 = VECTOR('',#1258,1.);
#1258 = DIRECTION('',(0.,0.,1.));
#1259 = ORIENTED_EDGE('',*,*,#1260,.T.);
#1260 = EDGE_CURVE('',#1253,#1194,#1261,.T.);
#1261 = LINE('',#1262,#1263);
#1262 = CARTESIAN_POINT('',(12.,-2.79,0.725));
#1263 = VECTOR('',#1264,1.);
#1264 = DIRECTION('',(1.,0.,0.));
#1265 = ORIENTED_EDGE('',*,*,#1202,.F.);
#1266 = PLANE('',#1267);
#1267 = AXIS2_PLACEMENT_3D('',#1268,#1269,#1270);
#1268 = CARTESIAN_POINT('',(12.,-2.79,0.625));
#1269 = DIRECTION('',(-2.2E-16,1.,0.));
#1270 = DIRECTION('',(1.,2.2E-16,0.));
#1271 = ADVANCED_FACE('',(#1272),#1283,.F.);
#1272 = FACE_BOUND('',#1273,.F.);
#1273 = EDGE_LOOP('',(#1274,#1275,#1281,#1282));
#1274 = ORIENTED_EDGE('',*,*,#1237,.T.);
#1275 = ORIENTED_EDGE('',*,*,#1276,.T.);
#1276 = EDGE_CURVE('',#1230,#1253,#1277,.T.);
#1277 = LINE('',#1278,#1279);
#1278 = CARTESIAN_POINT('',(12.,2.79,0.725));
#1279 = VECTOR('',#1280,1.);
#1280 = DIRECTION('',(0.,-1.,0.));
#1281 = ORIENTED_EDGE('',*,*,#1252,.F.);
#1282 = ORIENTED_EDGE('',*,*,#407,.F.);
#1283 = PLANE('',#1284);
#1284 = AXIS2_PLACEMENT_3D('',#1285,#1286,#1287);
#1285 = CARTESIAN_POINT('',(12.,2.79,0.625));
#1286 = DIRECTION('',(1.,2.2E-16,0.));
#1287 = DIRECTION('',(2.2E-16,-1.,0.));
#1288 = ADVANCED_FACE('',(#1289),#1307,.T.);
#1289 = FACE_BOUND('',#1290,.T.);
#1290 = EDGE_LOOP('',(#1291,#1292,#1293,#1299,#1300,#1301));
#1291 = ORIENTED_EDGE('',*,*,#1193,.T.);
#1292 = ORIENTED_EDGE('',*,*,#871,.T.);
#1293 = ORIENTED_EDGE('',*,*,#1294,.T.);
#1294 = EDGE_CURVE('',#865,#475,#1295,.T.);
#1295 = LINE('',#1296,#1297);
#1296 = CARTESIAN_POINT('',(13.536062020263,-3.616969975159,-0.475));
#1297 = VECTOR('',#1298,1.);
#1298 = DIRECTION('',(0.,1.,0.));
#1299 = ORIENTED_EDGE('',*,*,#474,.T.);
#1300 = ORIENTED_EDGE('',*,*,#438,.T.);
#1301 = ORIENTED_EDGE('',*,*,#1302,.T.);
#1302 = EDGE_CURVE('',#432,#1194,#1303,.T.);
#1303 = LINE('',#1304,#1305);
#1304 = CARTESIAN_POINT('',(13.536062020263,-2.79,0.725));
#1305 = VECTOR('',#1306,1.);
#1306 = DIRECTION('',(-0.,-1.,-0.));
#1307 = CYLINDRICAL_SURFACE('',#1308,0.6);
#1308 = AXIS2_PLACEMENT_3D('',#1309,#1310,#1311);
#1309 = CARTESIAN_POINT('',(13.536062020263,-2.79,0.125));
#1310 = DIRECTION('',(0.,1.,0.));
#1311 = DIRECTION('',(0.,-0.,1.));
#1312 = ADVANCED_FACE('',(#1313),#1331,.F.);
#1313 = FACE_BOUND('',#1314,.F.);
#1314 = EDGE_LOOP('',(#1315,#1316,#1324,#1330));
#1315 = ORIENTED_EDGE('',*,*,#794,.F.);
#1316 = ORIENTED_EDGE('',*,*,#1317,.T.);
#1317 = EDGE_CURVE('',#795,#1318,#1320,.T.);
#1318 = VERTEX_POINT('',#1319);
#1319 = CARTESIAN_POINT('',(12.4,4.5,-0.475));
#1320 = LINE('',#1321,#1322);
#1321 = CARTESIAN_POINT('',(12.4,4.5,-0.375));
#1322 = VECTOR('',#1323,1.);
#1323 = DIRECTION('',(0.,0.,-1.));
#1324 = ORIENTED_EDGE('',*,*,#1325,.T.);
#1325 = EDGE_CURVE('',#1318,#475,#1326,.T.);
#1326 = LINE('',#1327,#1328);
#1327 = CARTESIAN_POINT('',(12.4,4.5,-0.475));
#1328 = VECTOR('',#1329,1.);
#1329 = DIRECTION('',(0.789545423657,-0.613692124752,0.));
#1330 = ORIENTED_EDGE('',*,*,#485,.F.);
#1331 = PLANE('',#1332);
#1332 = AXIS2_PLACEMENT_3D('',#1333,#1334,#1335);
#1333 = CARTESIAN_POINT('',(12.4,4.5,-0.375));
#1334 = DIRECTION('',(-0.613692124752,-0.789545423657,0.));
#1335 = DIRECTION('',(0.789545423657,-0.613692124752,-0.));
#1336 = ADVANCED_FACE('',(#1337),#1355,.F.);
#1337 = FACE_BOUND('',#1338,.F.);
#1338 = EDGE_LOOP('',(#1339,#1347,#1353,#1354));
#1339 = ORIENTED_EDGE('',*,*,#1340,.T.);
#1340 = EDGE_CURVE('',#820,#1341,#1343,.T.);
#1341 = VERTEX_POINT('',#1342);
#1342 = CARTESIAN_POINT('',(6.3,4.5,-0.475));
#1343 = LINE('',#1344,#1345);
#1344 = CARTESIAN_POINT('',(6.3,4.5,-0.375));
#1345 = VECTOR('',#1346,1.);
#1346 = DIRECTION('',(0.,0.,-1.));
#1347 = ORIENTED_EDGE('',*,*,#1348,.T.);
#1348 = EDGE_CURVE('',#1341,#1318,#1349,.T.);
#1349 = LINE('',#1350,#1351);
#1350 = CARTESIAN_POINT('',(6.3,4.5,-0.475));
#1351 = VECTOR('',#1352,1.);
#1352 = DIRECTION('',(1.,0.,0.));
#1353 = ORIENTED_EDGE('',*,*,#1317,.F.);
#1354 = ORIENTED_EDGE('',*,*,#827,.F.);
#1355 = PLANE('',#1356);
#1356 = AXIS2_PLACEMENT_3D('',#1357,#1358,#1359);
#1357 = CARTESIAN_POINT('',(6.3,4.5,-0.375));
#1358 = DIRECTION('',(-2.2E-16,-1.,0.));
#1359 = DIRECTION('',(1.,-2.2E-16,-0.));
#1360 = ADVANCED_FACE('',(#1361),#1379,.F.);
#1361 = FACE_BOUND('',#1362,.F.);
#1362 = EDGE_LOOP('',(#1363,#1371,#1377,#1378));
#1363 = ORIENTED_EDGE('',*,*,#1364,.T.);
#1364 = EDGE_CURVE('',#812,#1365,#1367,.T.);
#1365 = VERTEX_POINT('',#1366);
#1366 = CARTESIAN_POINT('',(6.3,-4.5,-0.475));
#1367 = LINE('',#1368,#1369);
#1368 = CARTESIAN_POINT('',(6.3,-4.5,-0.375));
#1369 = VECTOR('',#1370,1.);
#1370 = DIRECTION('',(0.,0.,-1.));
#1371 = ORIENTED_EDGE('',*,*,#1372,.T.);
#1372 = EDGE_CURVE('',#1365,#1341,#1373,.T.);
#1373 = LINE('',#1374,#1375);
#1374 = CARTESIAN_POINT('',(6.3,-4.5,-0.475));
#1375 = VECTOR('',#1376,1.);
#1376 = DIRECTION('',(0.,1.,0.));
#1377 = ORIENTED_EDGE('',*,*,#1340,.F.);
#1378 = ORIENTED_EDGE('',*,*,#819,.F.);
#1379 = PLANE('',#1380);
#1380 = AXIS2_PLACEMENT_3D('',#1381,#1382,#1383);
#1381 = CARTESIAN_POINT('',(6.3,-4.5,-0.375));
#1382 = DIRECTION('',(1.,-2.2E-16,-0.));
#1383 = DIRECTION('',(2.2E-16,1.,0.));
#1384 = ADVANCED_FACE('',(#1385),#1403,.F.);
#1385 = FACE_BOUND('',#1386,.F.);
#1386 = EDGE_LOOP('',(#1387,#1395,#1401,#1402));
#1387 = ORIENTED_EDGE('',*,*,#1388,.T.);
#1388 = EDGE_CURVE('',#804,#1389,#1391,.T.);
#1389 = VERTEX_POINT('',#1390);
#1390 = CARTESIAN_POINT('',(12.4,-4.5,-0.475));
#1391 = LINE('',#1392,#1393);
#1392 = CARTESIAN_POINT('',(12.4,-4.5,-0.375));
#1393 = VECTOR('',#1394,1.);
#1394 = DIRECTION('',(0.,0.,-1.));
#1395 = ORIENTED_EDGE('',*,*,#1396,.T.);
#1396 = EDGE_CURVE('',#1389,#1365,#1397,.T.);
#1397 = LINE('',#1398,#1399);
#1398 = CARTESIAN_POINT('',(12.4,-4.5,-0.475));
#1399 = VECTOR('',#1400,1.);
#1400 = DIRECTION('',(-1.,0.,0.));
#1401 = ORIENTED_EDGE('',*,*,#1364,.F.);
#1402 = ORIENTED_EDGE('',*,*,#811,.F.);
#1403 = PLANE('',#1404);
#1404 = AXIS2_PLACEMENT_3D('',#1405,#1406,#1407);
#1405 = CARTESIAN_POINT('',(12.4,-4.5,-0.375));
#1406 = DIRECTION('',(2.2E-16,1.,0.));
#1407 = DIRECTION('',(-1.,2.2E-16,0.));
#1408 = ADVANCED_FACE('',(#1409),#1420,.F.);
#1409 = FACE_BOUND('',#1410,.F.);
#1410 = EDGE_LOOP('',(#1411,#1412,#1413,#1419));
#1411 = ORIENTED_EDGE('',*,*,#803,.F.);
#1412 = ORIENTED_EDGE('',*,*,#864,.T.);
#1413 = ORIENTED_EDGE('',*,*,#1414,.T.);
#1414 = EDGE_CURVE('',#865,#1389,#1415,.T.);
#1415 = LINE('',#1416,#1417);
#1416 = CARTESIAN_POINT('',(14.6,-2.79,-0.475));
#1417 = VECTOR('',#1418,1.);
#1418 = DIRECTION('',(-0.789545423657,-0.613692124752,0.));
#1419 = ORIENTED_EDGE('',*,*,#1388,.F.);
#1420 = PLANE('',#1421);
#1421 = AXIS2_PLACEMENT_3D('',#1422,#1423,#1424);
#1422 = CARTESIAN_POINT('',(14.6,-2.79,-0.375));
#1423 = DIRECTION('',(-0.613692124752,0.789545423657,0.));
#1424 = DIRECTION('',(-0.789545423657,-0.613692124752,0.));
#1425 = ADVANCED_FACE('',(#1426),#1445,.F.);
#1426 = FACE_BOUND('',#1427,.F.);
#1427 = EDGE_LOOP('',(#1428,#1429,#1437,#1444));
#1428 = ORIENTED_EDGE('',*,*,#835,.T.);
#1429 = ORIENTED_EDGE('',*,*,#1430,.T.);
#1430 = EDGE_CURVE('',#836,#1431,#1433,.T.);
#1431 = VERTEX_POINT('',#1432);
#1432 = CARTESIAN_POINT('',(12.4,-3.5,-0.475));
#1433 = LINE('',#1434,#1435);
#1434 = CARTESIAN_POINT('',(12.4,-3.5,-0.375));
#1435 = VECTOR('',#1436,1.);
#1436 = DIRECTION('',(0.,0.,-1.));
#1437 = ORIENTED_EDGE('',*,*,#1438,.F.);
#1438 = EDGE_CURVE('',#1431,#1431,#1439,.T.);
#1439 = CIRCLE('',#1440,0.4);
#1440 = AXIS2_PLACEMENT_3D('',#1441,#1442,#1443);
#1441 = CARTESIAN_POINT('',(12.4,-3.1,-0.475));
#1442 = DIRECTION('',(-0.,0.,-1.));
#1443 = DIRECTION('',(-0.,-1.,0.));
#1444 = ORIENTED_EDGE('',*,*,#1430,.F.);
#1445 = CYLINDRICAL_SURFACE('',#1446,0.4);
#1446 = AXIS2_PLACEMENT_3D('',#1447,#1448,#1449);
#1447 = CARTESIAN_POINT('',(12.4,-3.1,-0.375));
#1448 = DIRECTION('',(0.,0.,1.));
#1449 = DIRECTION('',(-2.2E-16,-1.,0.));
#1450 = ADVANCED_FACE('',(#1451),#1470,.F.);
#1451 = FACE_BOUND('',#1452,.F.);
#1452 = EDGE_LOOP('',(#1453,#1454,#1462,#1469));
#1453 = ORIENTED_EDGE('',*,*,#846,.T.);
#1454 = ORIENTED_EDGE('',*,*,#1455,.T.);
#1455 = EDGE_CURVE('',#847,#1456,#1458,.T.);
#1456 = VERTEX_POINT('',#1457);
#1457 = CARTESIAN_POINT('',(12.4,2.7,-0.475));
#1458 = LINE('',#1459,#1460);
#1459 = CARTESIAN_POINT('',(12.4,2.7,-0.375));
#1460 = VECTOR('',#1461,1.);
#1461 = DIRECTION('',(0.,0.,-1.));
#1462 = ORIENTED_EDGE('',*,*,#1463,.F.);
#1463 = EDGE_CURVE('',#1456,#1456,#1464,.T.);
#1464 = CIRCLE('',#1465,0.4);
#1465 = AXIS2_PLACEMENT_3D('',#1466,#1467,#1468);
#1466 = CARTESIAN_POINT('',(12.4,3.1,-0.475));
#1467 = DIRECTION('',(-0.,0.,-1.));
#1468 = DIRECTION('',(-0.,-1.,0.));
#1469 = ORIENTED_EDGE('',*,*,#1455,.F.);
#1470 = CYLINDRICAL_SURFACE('',#1471,0.4);
#1471 = AXIS2_PLACEMENT_3D('',#1472,#1473,#1474);
#1472 = CARTESIAN_POINT('',(12.4,3.1,-0.375));
#1473 = DIRECTION('',(0.,0.,1.));
#1474 = DIRECTION('',(-2.2E-16,-1.,0.));
#1475 = ADVANCED_FACE('',(#1476),#1482,.T.);
#1476 = FACE_BOUND('',#1477,.T.);
#1477 = EDGE_LOOP('',(#1478,#1479,#1480,#1481));
#1478 = ORIENTED_EDGE('',*,*,#1229,.T.);
#1479 = ORIENTED_EDGE('',*,*,#1276,.T.);
#1480 = ORIENTED_EDGE('',*,*,#1260,.T.);
#1481 = ORIENTED_EDGE('',*,*,#1302,.F.);
#1482 = PLANE('',#1483);
#1483 = AXIS2_PLACEMENT_3D('',#1484,#1485,#1486);
#1484 = CARTESIAN_POINT('',(17.546618878705,9.1E-16,0.725));
#1485 = DIRECTION('',(0.,0.,1.));
#1486 = DIRECTION('',(1.,0.,-0.));
#1487 = ADVANCED_FACE('',(#1488,#1496,#1499),#1502,.T.);
#1488 = FACE_BOUND('',#1489,.T.);
#1489 = EDGE_LOOP('',(#1490,#1491,#1492,#1493,#1494,#1495));
#1490 = ORIENTED_EDGE('',*,*,#1325,.T.);
#1491 = ORIENTED_EDGE('',*,*,#1294,.F.);
#1492 = ORIENTED_EDGE('',*,*,#1414,.T.);
#1493 = ORIENTED_EDGE('',*,*,#1396,.T.);
#1494 = ORIENTED_EDGE('',*,*,#1372,.T.);
#1495 = ORIENTED_EDGE('',*,*,#1348,.T.);
#1496 = FACE_BOUND('',#1497,.T.);
#1497 = EDGE_LOOP('',(#1498));
#1498 = ORIENTED_EDGE('',*,*,#1438,.F.);
#1499 = FACE_BOUND('',#1500,.T.);
#1500 = EDGE_LOOP('',(#1501));
#1501 = ORIENTED_EDGE('',*,*,#1463,.F.);
#1502 = PLANE('',#1503);
#1503 = AXIS2_PLACEMENT_3D('',#1504,#1505,#1506);
#1504 = CARTESIAN_POINT('',(11.253381121295,9.1E-16,-0.475));
#1505 = DIRECTION('',(0.,0.,-1.));
#1506 = DIRECTION('',(-1.,0.,0.));
#1507 = ( GEOMETRIC_REPRESENTATION_CONTEXT(3) 
GLOBAL_UNCERTAINTY_ASSIGNED_CONTEXT((#1511)) 
GLOBAL_UNIT_ASSIGNED_CONTEXT((#1508,#1509,#1510)) REPRESENTATION_CONTEXT
('Context #1','3D Context with UNIT and UNCERTAINTY') );
#1508 = ( LENGTH_UNIT() NAMED_UNIT(*) SI_UNIT(.MILLI.,.METRE.) );
#1509 = ( NAMED_UNIT(*) PLANE_ANGLE_UNIT() SI_UNIT($,.RADIAN.) );
#1510 = ( NAMED_UNIT(*) SI_UNIT($,.STERADIAN.) SOLID_ANGLE_UNIT() );
#1511 = UNCERTAINTY_MEASURE_WITH_UNIT(LENGTH_MEASURE(2.E-05),#1508,
  'distance_accuracy_value','confusion accuracy');
#1512 = CONTEXT_DEPENDENT_SHAPE_REPRESENTATION(#1513,#1515);
#1513 = ( REPRESENTATION_RELATIONSHIP('','',#236,#40) 
REPRESENTATION_RELATIONSHIP_WITH_TRANSFORMATION(#1514) 
SHAPE_REPRESENTATION_RELATIONSHIP() );
#1514 = ITEM_DEFINED_TRANSFORMATION('','',#11,#45);
#1515 = PRODUCT_DEFINITION_SHAPE('Placement','Placement of an item',
  #1516);
#1516 = NEXT_ASSEMBLY_USAGE_OCCURRENCE('4','Cable','',#35,#231,$);
#1517 = PRODUCT_RELATED_PRODUCT_CATEGORY('part',$,(#233));
#1518 = SHAPE_DEFINITION_REPRESENTATION(#1519,#1525);
#1519 = PRODUCT_DEFINITION_SHAPE('','',#1520);
#1520 = PRODUCT_DEFINITION('design','',#1521,#1524);
#1521 = PRODUCT_DEFINITION_FORMATION('','',#1522);
#1522 = PRODUCT('PCB','PCB','',(#1523));
#1523 = PRODUCT_CONTEXT('',#2,'mechanical');
#1524 = PRODUCT_DEFINITION_CONTEXT('part definition',#2,'design');
#1525 = ADVANCED_BREP_SHAPE_REPRESENTATION('',(#11,#1526),#1676);
#1526 = MANIFOLD_SOLID_BREP('',#1527);
#1527 = CLOSED_SHELL('',(#1528,#1568,#1599,#1630,#1652,#1664));
#1528 = ADVANCED_FACE('',(#1529),#1563,.F.);
#1529 = FACE_BOUND('',#1530,.F.);
#1530 = EDGE_LOOP('',(#1531,#1541,#1549,#1557));
#1531 = ORIENTED_EDGE('',*,*,#1532,.T.);
#1532 = EDGE_CURVE('',#1533,#1535,#1537,.T.);
#1533 = VERTEX_POINT('',#1534);
#1534 = CARTESIAN_POINT('',(-12.,-4.5,-0.475));
#1535 = VERTEX_POINT('',#1536);
#1536 = CARTESIAN_POINT('',(-12.,-4.5,-1.475));
#1537 = LINE('',#1538,#1539);
#1538 = CARTESIAN_POINT('',(-12.,-4.5,-0.475));
#1539 = VECTOR('',#1540,1.);
#1540 = DIRECTION('',(0.,0.,-1.));
#1541 = ORIENTED_EDGE('',*,*,#1542,.T.);
#1542 = EDGE_CURVE('',#1535,#1543,#1545,.T.);
#1543 = VERTEX_POINT('',#1544);
#1544 = CARTESIAN_POINT('',(-12.,4.5,-1.475));
#1545 = LINE('',#1546,#1547);
#1546 = CARTESIAN_POINT('',(-12.,-4.5,-1.475));
#1547 = VECTOR('',#1548,1.);
#1548 = DIRECTION('',(0.,1.,0.));
#1549 = ORIENTED_EDGE('',*,*,#1550,.F.);
#1550 = EDGE_CURVE('',#1551,#1543,#1553,.T.);
#1551 = VERTEX_POINT('',#1552);
#1552 = CARTESIAN_POINT('',(-12.,4.5,-0.475));
#1553 = LINE('',#1554,#1555);
#1554 = CARTESIAN_POINT('',(-12.,4.5,-0.475));
#1555 = VECTOR('',#1556,1.);
#1556 = DIRECTION('',(0.,0.,-1.));
#1557 = ORIENTED_EDGE('',*,*,#1558,.F.);
#1558 = EDGE_CURVE('',#1533,#1551,#1559,.T.);
#1559 = LINE('',#1560,#1561);
#1560 = CARTESIAN_POINT('',(-12.,-4.5,-0.475));
#1561 = VECTOR('',#1562,1.);
#1562 = DIRECTION('',(0.,1.,0.));
#1563 = PLANE('',#1564);
#1564 = AXIS2_PLACEMENT_3D('',#1565,#1566,#1567);
#1565 = CARTESIAN_POINT('',(-12.,-4.5,-0.475));
#1566 = DIRECTION('',(1.,0.,0.));
#1567 = DIRECTION('',(0.,1.,0.));
#1568 = ADVANCED_FACE('',(#1569),#1594,.F.);
#1569 = FACE_BOUND('',#1570,.F.);
#1570 = EDGE_LOOP('',(#1571,#1572,#1580,#1588));
#1571 = ORIENTED_EDGE('',*,*,#1550,.T.);
#1572 = ORIENTED_EDGE('',*,*,#1573,.T.);
#1573 = EDGE_CURVE('',#1543,#1574,#1576,.T.);
#1574 = VERTEX_POINT('',#1575);
#1575 = CARTESIAN_POINT('',(13.,4.5,-1.475));
#1576 = LINE('',#1577,#1578);
#1577 = CARTESIAN_POINT('',(-12.,4.5,-1.475));
#1578 = VECTOR('',#1579,1.);
#1579 = DIRECTION('',(1.,0.,0.));
#1580 = ORIENTED_EDGE('',*,*,#1581,.F.);
#1581 = EDGE_CURVE('',#1582,#1574,#1584,.T.);
#1582 = VERTEX_POINT('',#1583);
#1583 = CARTESIAN_POINT('',(13.,4.5,-0.475));
#1584 = LINE('',#1585,#1586);
#1585 = CARTESIAN_POINT('',(13.,4.5,-0.475));
#1586 = VECTOR('',#1587,1.);
#1587 = DIRECTION('',(0.,0.,-1.));
#1588 = ORIENTED_EDGE('',*,*,#1589,.F.);
#1589 = EDGE_CURVE('',#1551,#1582,#1590,.T.);
#1590 = LINE('',#1591,#1592);
#1591 = CARTESIAN_POINT('',(-12.,4.5,-0.475));
#1592 = VECTOR('',#1593,1.);
#1593 = DIRECTION('',(1.,0.,0.));
#1594 = PLANE('',#1595);
#1595 = AXIS2_PLACEMENT_3D('',#1596,#1597,#1598);
#1596 = CARTESIAN_POINT('',(-12.,4.5,-0.475));
#1597 = DIRECTION('',(0.,-1.,0.));
#1598 = DIRECTION('',(1.,0.,0.));
#1599 = ADVANCED_FACE('',(#1600),#1625,.F.);
#1600 = FACE_BOUND('',#1601,.F.);
#1601 = EDGE_LOOP('',(#1602,#1603,#1611,#1619));
#1602 = ORIENTED_EDGE('',*,*,#1581,.T.);
#1603 = ORIENTED_EDGE('',*,*,#1604,.T.);
#1604 = EDGE_CURVE('',#1574,#1605,#1607,.T.);
#1605 = VERTEX_POINT('',#1606);
#1606 = CARTESIAN_POINT('',(13.,-4.5,-1.475));
#1607 = LINE('',#1608,#1609);
#1608 = CARTESIAN_POINT('',(13.,4.5,-1.475));
#1609 = VECTOR('',#1610,1.);
#1610 = DIRECTION('',(0.,-1.,0.));
#1611 = ORIENTED_EDGE('',*,*,#1612,.F.);
#1612 = EDGE_CURVE('',#1613,#1605,#1615,.T.);
#1613 = VERTEX_POINT('',#1614);
#1614 = CARTESIAN_POINT('',(13.,-4.5,-0.475));
#1615 = LINE('',#1616,#1617);
#1616 = CARTESIAN_POINT('',(13.,-4.5,-0.475));
#1617 = VECTOR('',#1618,1.);
#1618 = DIRECTION('',(0.,0.,-1.));
#1619 = ORIENTED_EDGE('',*,*,#1620,.F.);
#1620 = EDGE_CURVE('',#1582,#1613,#1621,.T.);
#1621 = LINE('',#1622,#1623);
#1622 = CARTESIAN_POINT('',(13.,4.5,-0.475));
#1623 = VECTOR('',#1624,1.);
#1624 = DIRECTION('',(0.,-1.,0.));
#1625 = PLANE('',#1626);
#1626 = AXIS2_PLACEMENT_3D('',#1627,#1628,#1629);
#1627 = CARTESIAN_POINT('',(13.,4.5,-0.475));
#1628 = DIRECTION('',(-1.,-0.,-0.));
#1629 = DIRECTION('',(0.,-1.,0.));
#1630 = ADVANCED_FACE('',(#1631),#1647,.F.);
#1631 = FACE_BOUND('',#1632,.F.);
#1632 = EDGE_LOOP('',(#1633,#1634,#1640,#1641));
#1633 = ORIENTED_EDGE('',*,*,#1612,.T.);
#1634 = ORIENTED_EDGE('',*,*,#1635,.T.);
#1635 = EDGE_CURVE('',#1605,#1535,#1636,.T.);
#1636 = LINE('',#1637,#1638);
#1637 = CARTESIAN_POINT('',(13.,-4.5,-1.475));
#1638 = VECTOR('',#1639,1.);
#1639 = DIRECTION('',(-1.,0.,0.));
#1640 = ORIENTED_EDGE('',*,*,#1532,.F.);
#1641 = ORIENTED_EDGE('',*,*,#1642,.F.);
#1642 = EDGE_CURVE('',#1613,#1533,#1643,.T.);
#1643 = LINE('',#1644,#1645);
#1644 = CARTESIAN_POINT('',(13.,-4.5,-0.475));
#1645 = VECTOR('',#1646,1.);
#1646 = DIRECTION('',(-1.,0.,0.));
#1647 = PLANE('',#1648);
#1648 = AXIS2_PLACEMENT_3D('',#1649,#1650,#1651);
#1649 = CARTESIAN_POINT('',(13.,-4.5,-0.475));
#1650 = DIRECTION('',(0.,1.,0.));
#1651 = DIRECTION('',(-1.,0.,0.));
#1652 = ADVANCED_FACE('',(#1653),#1659,.T.);
#1653 = FACE_BOUND('',#1654,.F.);
#1654 = EDGE_LOOP('',(#1655,#1656,#1657,#1658));
#1655 = ORIENTED_EDGE('',*,*,#1558,.T.);
#1656 = ORIENTED_EDGE('',*,*,#1589,.T.);
#1657 = ORIENTED_EDGE('',*,*,#1620,.T.);
#1658 = ORIENTED_EDGE('',*,*,#1642,.T.);
#1659 = PLANE('',#1660);
#1660 = AXIS2_PLACEMENT_3D('',#1661,#1662,#1663);
#1661 = CARTESIAN_POINT('',(0.5,0.,-0.475));
#1662 = DIRECTION('',(0.,0.,1.));
#1663 = DIRECTION('',(1.,0.,0.));
#1664 = ADVANCED_FACE('',(#1665),#1671,.F.);
#1665 = FACE_BOUND('',#1666,.T.);
#1666 = EDGE_LOOP('',(#1667,#1668,#1669,#1670));
#1667 = ORIENTED_EDGE('',*,*,#1542,.T.);
#1668 = ORIENTED_EDGE('',*,*,#1573,.T.);
#1669 = ORIENTED_EDGE('',*,*,#1604,.T.);
#1670 = ORIENTED_EDGE('',*,*,#1635,.T.);
#1671 = PLANE('',#1672);
#1672 = AXIS2_PLACEMENT_3D('',#1673,#1674,#1675);
#1673 = CARTESIAN_POINT('',(0.5,0.,-1.475));
#1674 = DIRECTION('',(0.,0.,1.));
#1675 = DIRECTION('',(1.,0.,0.));
#1676 = ( GEOMETRIC_REPRESENTATION_CONTEXT(3) 
GLOBAL_UNCERTAINTY_ASSIGNED_CONTEXT((#1680)) 
GLOBAL_UNIT_ASSIGNED_CONTEXT((#1677,#1678,#1679)) REPRESENTATION_CONTEXT
('Context #1','3D Context with UNIT and UNCERTAINTY') );
#1677 = ( LENGTH_UNIT() NAMED_UNIT(*) SI_UNIT(.MILLI.,.METRE.) );
#1678 = ( NAMED_UNIT(*) PLANE_ANGLE_UNIT() SI_UNIT($,.RADIAN.) );
#1679 = ( NAMED_UNIT(*) SI_UNIT($,.STERADIAN.) SOLID_ANGLE_UNIT() );
#1680 = UNCERTAINTY_MEASURE_WITH_UNIT(LENGTH_MEASURE(1.E-07),#1677,
  'distance_accuracy_value','confusion accuracy');
#1681 = CONTEXT_DEPENDENT_SHAPE_REPRESENTATION(#1682,#1684);
#1682 = ( REPRESENTATION_RELATIONSHIP('','',#1525,#10) 
REPRESENTATION_RELATIONSHIP_WITH_TRANSFORMATION(#1683) 
SHAPE_REPRESENTATION_RELATIONSHIP() );
#1683 = ITEM_DEFINED_TRANSFORMATION('','',#11,#19);
#1684 = PRODUCT_DEFINITION_SHAPE('Placement','Placement of an item',
  #1685);
#1685 = NEXT_ASSEMBLY_USAGE_OCCURRENCE('6','PCB','',#5,#1520,$);
#1686 = PRODUCT_RELATED_PRODUCT_CATEGORY('part',$,(#1522));
#1687 = SHAPE_DEFINITION_REPRESENTATION(#1688,#1694);
#1688 = PRODUCT_DEFINITION_SHAPE('','',#1689);
#1689 = PRODUCT_DEFINITION('design','',#1690,#1693);
#1690 = PRODUCT_DEFINITION_FORMATION('','',#1691);
#1691 = PRODUCT('Components','Components','',(#1692));
#1692 = PRODUCT_CONTEXT('',#2,'mechanical');
#1693 = PRODUCT_DEFINITION_CONTEXT('part definition',#2,'design');
#1694 = ADVANCED_BREP_SHAPE_REPRESENTATION('',(#11,#1695),#1845);
#1695 = MANIFOLD_SOLID_BREP('',#1696);
#1696 = CLOSED_SHELL('',(#1697,#1737,#1768,#1799,#1821,#1833));
#1697 = ADVANCED_FACE('',(#1698),#1732,.F.);
#1698 = FACE_BOUND('',#1699,.F.);
#1699 = EDGE_LOOP('',(#1700,#1710,#1718,#1726));
#1700 = ORIENTED_EDGE('',*,*,#1701,.T.);
#1701 = EDGE_CURVE('',#1702,#1704,#1706,.T.);
#1702 = VERTEX_POINT('',#1703);
#1703 = CARTESIAN_POINT('',(-11.8,-4.3,-1.475));
#1704 = VERTEX_POINT('',#1705);
#1705 = CARTESIAN_POINT('',(-11.8,-4.3,-2.475));
#1706 = LINE('',#1707,#1708);
#1707 = CARTESIAN_POINT('',(-11.8,-4.3,-1.475));
#1708 = VECTOR('',#1709,1.);
#1709 = DIRECTION('',(0.,0.,-1.));
#1710 = ORIENTED_EDGE('',*,*,#1711,.T.);
#1711 = EDGE_CURVE('',#1704,#1712,#1714,.T.);
#1712 = VERTEX_POINT('',#1713);
#1713 = CARTESIAN_POINT('',(-11.8,4.3,-2.475));
#1714 = LINE('',#1715,#1716);
#1715 = CARTESIAN_POINT('',(-11.8,-4.3,-2.475));
#1716 = VECTOR('',#1717,1.);
#1717 = DIRECTION('',(0.,1.,0.));
#1718 = ORIENTED_EDGE('',*,*,#1719,.F.);
#1719 = EDGE_CURVE('',#1720,#1712,#1722,.T.);
#1720 = VERTEX_POINT('',#1721);
#1721 = CARTESIAN_POINT('',(-11.8,4.3,-1.475));
#1722 = LINE('',#1723,#1724);
#1723 = CARTESIAN_POINT('',(-11.8,4.3,-1.475));
#1724 = VECTOR('',#1725,1.);
#1725 = DIRECTION('',(0.,0.,-1.));
#1726 = ORIENTED_EDGE('',*,*,#1727,.F.);
#1727 = EDGE_CURVE('',#1702,#1720,#1728,.T.);
#1728 = LINE('',#1729,#1730);
#1729 = CARTESIAN_POINT('',(-11.8,-4.3,-1.475));
#1730 = VECTOR('',#1731,1.);
#1731 = DIRECTION('',(0.,1.,0.));
#1732 = PLANE('',#1733);
#1733 = AXIS2_PLACEMENT_3D('',#1734,#1735,#1736);
#1734 = CARTESIAN_POINT('',(-11.8,-4.3,-1.475));
#1735 = DIRECTION('',(1.,0.,0.));
#1736 = DIRECTION('',(0.,1.,0.));
#1737 = ADVANCED_FACE('',(#1738),#1763,.F.);
#1738 = FACE_BOUND('',#1739,.F.);
#1739 = EDGE_LOOP('',(#1740,#1741,#1749,#1757));
#1740 = ORIENTED_EDGE('',*,*,#1719,.T.);
#1741 = ORIENTED_EDGE('',*,*,#1742,.T.);
#1742 = EDGE_CURVE('',#1712,#1743,#1745,.T.);
#1743 = VERTEX_POINT('',#1744);
#1744 = CARTESIAN_POINT('',(12.8,4.3,-2.475));
#1745 = LINE('',#1746,#1747);
#1746 = CARTESIAN_POINT('',(-11.8,4.3,-2.475));
#1747 = VECTOR('',#1748,1.);
#1748 = DIRECTION('',(1.,0.,0.));
#1749 = ORIENTED_EDGE('',*,*,#1750,.F.);
#1750 = EDGE_CURVE('',#1751,#1743,#1753,.T.);
#1751 = VERTEX_POINT('',#1752);
#1752 = CARTESIAN_POINT('',(12.8,4.3,-1.475));
#1753 = LINE('',#1754,#1755);
#1754 = CARTESIAN_POINT('',(12.8,4.3,-1.475));
#1755 = VECTOR('',#1756,1.);
#1756 = DIRECTION('',(0.,0.,-1.));
#1757 = ORIENTED_EDGE('',*,*,#1758,.F.);
#1758 = EDGE_CURVE('',#1720,#1751,#1759,.T.);
#1759 = LINE('',#1760,#1761);
#1760 = CARTESIAN_POINT('',(-11.8,4.3,-1.475));
#1761 = VECTOR('',#1762,1.);
#1762 = DIRECTION('',(1.,0.,0.));
#1763 = PLANE('',#1764);
#1764 = AXIS2_PLACEMENT_3D('',#1765,#1766,#1767);
#1765 = CARTESIAN_POINT('',(-11.8,4.3,-1.475));
#1766 = DIRECTION('',(0.,-1.,0.));
#1767 = DIRECTION('',(1.,0.,0.));
#1768 = ADVANCED_FACE('',(#1769),#1794,.F.);
#1769 = FACE_BOUND('',#1770,.F.);
#1770 = EDGE_LOOP('',(#1771,#1772,#1780,#1788));
#1771 = ORIENTED_EDGE('',*,*,#1750,.T.);
#1772 = ORIENTED_EDGE('',*,*,#1773,.T.);
#1773 = EDGE_CURVE('',#1743,#1774,#1776,.T.);
#1774 = VERTEX_POINT('',#1775);
#1775 = CARTESIAN_POINT('',(12.8,-4.3,-2.475));
#1776 = LINE('',#1777,#1778);
#1777 = CARTESIAN_POINT('',(12.8,4.3,-2.475));
#1778 = VECTOR('',#1779,1.);
#1779 = DIRECTION('',(0.,-1.,0.));
#1780 = ORIENTED_EDGE('',*,*,#1781,.F.);
#1781 = EDGE_CURVE('',#1782,#1774,#1784,.T.);
#1782 = VERTEX_POINT('',#1783);
#1783 = CARTESIAN_POINT('',(12.8,-4.3,-1.475));
#1784 = LINE('',#1785,#1786);
#1785 = CARTESIAN_POINT('',(12.8,-4.3,-1.475));
#1786 = VECTOR('',#1787,1.);
#1787 = DIRECTION('',(0.,0.,-1.));
#1788 = ORIENTED_EDGE('',*,*,#1789,.F.);
#1789 = EDGE_CURVE('',#1751,#1782,#1790,.T.);
#1790 = LINE('',#1791,#1792);
#1791 = CARTESIAN_POINT('',(12.8,4.3,-1.475));
#1792 = VECTOR('',#1793,1.);
#1793 = DIRECTION('',(0.,-1.,0.));
#1794 = PLANE('',#1795);
#1795 = AXIS2_PLACEMENT_3D('',#1796,#1797,#1798);
#1796 = CARTESIAN_POINT('',(12.8,4.3,-1.475));
#1797 = DIRECTION('',(-1.,-0.,-0.));
#1798 = DIRECTION('',(0.,-1.,0.));
#1799 = ADVANCED_FACE('',(#1800),#1816,.F.);
#1800 = FACE_BOUND('',#1801,.F.);
#1801 = EDGE_LOOP('',(#1802,#1803,#1809,#1810));
#1802 = ORIENTED_EDGE('',*,*,#1781,.T.);
#1803 = ORIENTED_EDGE('',*,*,#1804,.T.);
#1804 = EDGE_CURVE('',#1774,#1704,#1805,.T.);
#1805 = LINE('',#1806,#1807);
#1806 = CARTESIAN_POINT('',(12.8,-4.3,-2.475));
#1807 = VECTOR('',#1808,1.);
#1808 = DIRECTION('',(-1.,0.,0.));
#1809 = ORIENTED_EDGE('',*,*,#1701,.F.);
#1810 = ORIENTED_EDGE('',*,*,#1811,.F.);
#1811 = EDGE_CURVE('',#1782,#1702,#1812,.T.);
#1812 = LINE('',#1813,#1814);
#1813 = CARTESIAN_POINT('',(12.8,-4.3,-1.475));
#1814 = VECTOR('',#1815,1.);
#1815 = DIRECTION('',(-1.,0.,0.));
#1816 = PLANE('',#1817);
#1817 = AXIS2_PLACEMENT_3D('',#1818,#1819,#1820);
#1818 = CARTESIAN_POINT('',(12.8,-4.3,-1.475));
#1819 = DIRECTION('',(0.,1.,0.));
#1820 = DIRECTION('',(-1.,0.,0.));
#1821 = ADVANCED_FACE('',(#1822),#1828,.T.);
#1822 = FACE_BOUND('',#1823,.F.);
#1823 = EDGE_LOOP('',(#1824,#1825,#1826,#1827));
#1824 = ORIENTED_EDGE('',*,*,#1727,.T.);
#1825 = ORIENTED_EDGE('',*,*,#1758,.T.);
#1826 = ORIENTED_EDGE('',*,*,#1789,.T.);
#1827 = ORIENTED_EDGE('',*,*,#1811,.T.);
#1828 = PLANE('',#1829);
#1829 = AXIS2_PLACEMENT_3D('',#1830,#1831,#1832);
#1830 = CARTESIAN_POINT('',(0.5,0.,-1.475));
#1831 = DIRECTION('',(0.,0.,1.));
#1832 = DIRECTION('',(1.,0.,0.));
#1833 = ADVANCED_FACE('',(#1834),#1840,.F.);
#1834 = FACE_BOUND('',#1835,.T.);
#1835 = EDGE_LOOP('',(#1836,#1837,#1838,#1839));
#1836 = ORIENTED_EDGE('',*,*,#1711,.T.);
#1837 = ORIENTED_EDGE('',*,*,#1742,.T.);
#1838 = ORIENTED_EDGE('',*,*,#1773,.T.);
#1839 = ORIENTED_EDGE('',*,*,#1804,.T.);
#1840 = PLANE('',#1841);
#1841 = AXIS2_PLACEMENT_3D('',#1842,#1843,#1844);
#1842 = CARTESIAN_POINT('',(0.5,0.,-2.475));
#1843 = DIRECTION('',(0.,0.,1.));
#1844 = DIRECTION('',(1.,0.,0.));
#1845 = ( GEOMETRIC_REPRESENTATION_CONTEXT(3) 
GLOBAL_UNCERTAINTY_ASSIGNED_CONTEXT((#1849)) 
GLOBAL_UNIT_ASSIGNED_CONTEXT((#1846,#1847,#1848)) REPRESENTATION_CONTEXT
('Context #1','3D Context with UNIT and UNCERTAINTY') );
#1846 = ( LENGTH_UNIT() NAMED_UNIT(*) SI_UNIT(.MILLI.,.METRE.) );
#1847 = ( NAMED_UNIT(*) PLANE_ANGLE_UNIT() SI_UNIT($,.RADIAN.) );
#1848 = ( NAMED_UNIT(*) SI_UNIT($,.STERADIAN.) SOLID_ANGLE_UNIT() );
#1849 = UNCERTAINTY_MEASURE_WITH_UNIT(LENGTH_MEASURE(1.E-07),#1846,
  'distance_accuracy_value','confusion accuracy');
#1850 = CONTEXT_DEPENDENT_SHAPE_REPRESENTATION(#1851,#1853);
#1851 = ( REPRESENTATION_RELATIONSHIP('','',#1694,#10) 
REPRESENTATION_RELATIONSHIP_WITH_TRANSFORMATION(#1852) 
SHAPE_REPRESENTATION_RELATIONSHIP() );
#1852 = ITEM_DEFINED_TRANSFORMATION('','',#11,#23);
#1853 = PRODUCT_DEFINITION_SHAPE('Placement','Placement of an item',
  #1854);
#1854 = NEXT_ASSEMBLY_USAGE_OCCURRENCE('7','Components','',#5,#1689,$);
#1855 = PRODUCT_RELATED_PRODUCT_CATEGORY('part',$,(#1691));
#1856 = MECHANICAL_DESIGN_GEOMETRIC_PRESENTATION_REPRESENTATION('',(
    #1857),#1845);
#1857 = STYLED_ITEM('color',(#1858),#1695);
#1858 = PRESENTATION_STYLE_ASSIGNMENT((#1859,#1865));
#1859 = SURFACE_STYLE_USAGE(.BOTH.,#1860);
#1860 = SURFACE_SIDE_STYLE('',(#1861));
#1861 = SURFACE_STYLE_FILL_AREA(#1862);
#1862 = FILL_AREA_STYLE('',(#1863));
#1863 = FILL_AREA_STYLE_COLOUR('',#1864);
#1864 = COLOUR_RGB('',0.203921572143,0.215686275495,0.227450982423);
#1865 = CURVE_STYLE('',#1866,POSITIVE_LENGTH_MEASURE(0.1),#1867);
#1866 = DRAUGHTING_PRE_DEFINED_CURVE_FONT('continuous');
#1867 = COLOUR_RGB('',0.678431390124,0.709803936702,0.741176476869);
#1868 = MECHANICAL_DESIGN_GEOMETRIC_PRESENTATION_REPRESENTATION('',(
    #1869),#1507);
#1869 = STYLED_ITEM('color',(#1870),#237);
#1870 = PRESENTATION_STYLE_ASSIGNMENT((#1871,#1877));
#1871 = SURFACE_STYLE_USAGE(.BOTH.,#1872);
#1872 = SURFACE_SIDE_STYLE('',(#1873));
#1873 = SURFACE_STYLE_FILL_AREA(#1874);
#1874 = FILL_AREA_STYLE('',(#1875));
#1875 = FILL_AREA_STYLE_COLOUR('',#1876);
#1876 = COLOUR_RGB('',0.796078452645,0.572549045538,7.843137448654E-03);
#1877 = CURVE_STYLE('',#1878,POSITIVE_LENGTH_MEASURE(0.1),#1867);
#1878 = DRAUGHTING_PRE_DEFINED_CURVE_FONT('continuous');
#1879 = MECHANICAL_DESIGN_GEOMETRIC_PRESENTATION_REPRESENTATION('',(
    #1880),#1676);
#1880 = STYLED_ITEM('color',(#1881),#1526);
#1881 = PRESENTATION_STYLE_ASSIGNMENT((#1882,#1888));
#1882 = SURFACE_STYLE_USAGE(.BOTH.,#1883);
#1883 = SURFACE_SIDE_STYLE('',(#1884));
#1884 = SURFACE_STYLE_FILL_AREA(#1885);
#1885 = FILL_AREA_STYLE('',(#1886));
#1886 = FILL_AREA_STYLE_COLOUR('',#1887);
#1887 = COLOUR_RGB('',0.,0.415686275537,0.215686275495);
#1888 = CURVE_STYLE('',#1889,POSITIVE_LENGTH_MEASURE(0.1),#1867);
#1889 = DRAUGHTING_PRE_DEFINED_CURVE_FONT('continuous');
#1890 = MECHANICAL_DESIGN_GEOMETRIC_PRESENTATION_REPRESENTATION('',(
    #1891),#218);
#1891 = STYLED_ITEM('color',(#1892),#68);
#1892 = PRESENTATION_STYLE_ASSIGNMENT((#1893,#1899));
#1893 = SURFACE_STYLE_USAGE(.BOTH.,#1894);
#1894 = SURFACE_SIDE_STYLE('',(#1895));
#1895 = SURFACE_STYLE_FILL_AREA(#1896);
#1896 = FILL_AREA_STYLE('',(#1897));
#1897 = FILL_AREA_STYLE_COLOUR('',#1898);
#1898 = COLOUR_RGB('',6.666667149455E-02,6.666667149455E-02,
  6.666667149455E-02);
#1899 = CURVE_STYLE('',#1900,POSITIVE_LENGTH_MEASURE(0.1),#1867);
#1900 = DRAUGHTING_PRE_DEFINED_CURVE_FONT('continuous');
ENDSEC;
END-ISO-10303-21;
