ISO-10303-21;
HEADER;
FILE_DESCRIPTION(('FreeCAD Model'),'2;1');
FILE_NAME('Open CASCADE Shape Model','2026-03-21T17:49:02',(''),(''),
  'Open CASCADE STEP processor 7.8','FreeCAD','Unknown');
FILE_SCHEMA(('AUTOMOTIVE_DESIGN { 1 0 10303 214 1 1 1 1 }'));
ENDSEC;
DATA;
#1 = APPLICATION_PROTOCOL_DEFINITION('international standard',
  'automotive_design',2000,#2);
#2 = APPLICATION_CONTEXT(
  'core data for automotive mechanical design processes');
#3 = SHAPE_DEFINITION_REPRESENTATION(#4,#10);
#4 = PRODUCT_DEFINITION_SHAPE('','',#5);
#5 = PRODUCT_DEFINITION('design','',#6,#9);
#6 = PRODUCT_DEFINITION_FORMATION('','',#7);
#7 = PRODUCT('RPC1-12RB-6P','RPC1-12RB-6P','',(#8));
#8 = PRODUCT_CONTEXT('',#2,'mechanical');
#9 = PRODUCT_DEFINITION_CONTEXT('part definition',#2,'design');
#10 = ADVANCED_BREP_SHAPE_REPRESENTATION('',(#11,#15),#5952);
#11 = AXIS2_PLACEMENT_3D('',#12,#13,#14);
#12 = CARTESIAN_POINT('',(0.,0.,0.));
#13 = DIRECTION('',(0.,0.,1.));
#14 = DIRECTION('',(1.,0.,-0.));
#15 = MANIFOLD_SOLID_BREP('',#16);
#16 = CLOSED_SHELL('',(#17,#59,#90,#123,#154,#187,#282,#315,#337,#368,
    #410,#434,#476,#500,#542,#566,#608,#839,#870,#902,#926,#951,#975,
    #1000,#1024,#1049,#1073,#1091,#1236,#1388,#1404,#1639,#1670,#1701,
    #1713,#1858,#2010,#2026,#2261,#2292,#2323,#2335,#2480,#2632,#2648,
    #2883,#2914,#2945,#2957,#3102,#3254,#3270,#3505,#3536,#3567,#3579,
    #3724,#3876,#3892,#4127,#4158,#4189,#4201,#4346,#4498,#4514,#4749,
    #4780,#4811,#4823,#4837,#4851,#4865,#4879,#4893,#4907,#4931,#4945,
    #4970,#4988,#5002,#5016,#5030,#5044,#5058,#5127,#5237,#5314,#5339,
    #5488,#5510,#5577,#5601,#5666,#5683,#5700,#5717,#5734,#5756,#5773,
    #5790,#5802,#5819,#5831,#5848,#5865,#5882,#5894,#5911,#5923,#5940));
#17 = ADVANCED_FACE('',(#18),#54,.T.);
#18 = FACE_BOUND('',#19,.T.);
#19 = EDGE_LOOP('',(#20,#31,#39,#48));
#20 = ORIENTED_EDGE('',*,*,#21,.T.);
#21 = EDGE_CURVE('',#22,#24,#26,.T.);
#22 = VERTEX_POINT('',#23);
#23 = CARTESIAN_POINT('',(-10.1,-7.25,0.));
#24 = VERTEX_POINT('',#25);
#25 = CARTESIAN_POINT('',(-7.25,-10.1,0.));
#26 = CIRCLE('',#27,2.85);
#27 = AXIS2_PLACEMENT_3D('',#28,#29,#30);
#28 = CARTESIAN_POINT('',(-7.25,-7.25,0.));
#29 = DIRECTION('',(0.,0.,1.));
#30 = DIRECTION('',(1.,0.,-0.));
#31 = ORIENTED_EDGE('',*,*,#32,.T.);
#32 = EDGE_CURVE('',#24,#33,#35,.T.);
#33 = VERTEX_POINT('',#34);
#34 = CARTESIAN_POINT('',(-7.25,-10.1,2.));
#35 = LINE('',#36,#37);
#36 = CARTESIAN_POINT('',(-7.25,-10.1,0.));
#37 = VECTOR('',#38,1.);
#38 = DIRECTION('',(0.,0.,1.));
#39 = ORIENTED_EDGE('',*,*,#40,.F.);
#40 = EDGE_CURVE('',#41,#33,#43,.T.);
#41 = VERTEX_POINT('',#42);
#42 = CARTESIAN_POINT('',(-10.1,-7.25,2.));
#43 = CIRCLE('',#44,2.85);
#44 = AXIS2_PLACEMENT_3D('',#45,#46,#47);
#45 = CARTESIAN_POINT('',(-7.25,-7.25,2.));
#46 = DIRECTION('',(0.,0.,1.));
#47 = DIRECTION('',(1.,0.,-0.));
#48 = ORIENTED_EDGE('',*,*,#49,.F.);
#49 = EDGE_CURVE('',#22,#41,#50,.T.);
#50 = LINE('',#51,#52);
#51 = CARTESIAN_POINT('',(-10.1,-7.25,0.));
#52 = VECTOR('',#53,1.);
#53 = DIRECTION('',(0.,0.,1.));
#54 = CYLINDRICAL_SURFACE('',#55,2.85);
#55 = AXIS2_PLACEMENT_3D('',#56,#57,#58);
#56 = CARTESIAN_POINT('',(-7.25,-7.25,0.));
#57 = DIRECTION('',(0.,0.,1.));
#58 = DIRECTION('',(1.,0.,-0.));
#59 = ADVANCED_FACE('',(#60),#85,.T.);
#60 = FACE_BOUND('',#61,.T.);
#61 = EDGE_LOOP('',(#62,#70,#78,#84));
#62 = ORIENTED_EDGE('',*,*,#63,.F.);
#63 = EDGE_CURVE('',#64,#24,#66,.T.);
#64 = VERTEX_POINT('',#65);
#65 = CARTESIAN_POINT('',(7.25,-10.1,0.));
#66 = LINE('',#67,#68);
#67 = CARTESIAN_POINT('',(10.1,-10.1,0.));
#68 = VECTOR('',#69,1.);
#69 = DIRECTION('',(-1.,0.,0.));
#70 = ORIENTED_EDGE('',*,*,#71,.T.);
#71 = EDGE_CURVE('',#64,#72,#74,.T.);
#72 = VERTEX_POINT('',#73);
#73 = CARTESIAN_POINT('',(7.25,-10.1,2.));
#74 = LINE('',#75,#76);
#75 = CARTESIAN_POINT('',(7.25,-10.1,0.));
#76 = VECTOR('',#77,1.);
#77 = DIRECTION('',(0.,0.,1.));
#78 = ORIENTED_EDGE('',*,*,#79,.T.);
#79 = EDGE_CURVE('',#72,#33,#80,.T.);
#80 = LINE('',#81,#82);
#81 = CARTESIAN_POINT('',(10.1,-10.1,2.));
#82 = VECTOR('',#83,1.);
#83 = DIRECTION('',(-1.,0.,0.));
#84 = ORIENTED_EDGE('',*,*,#32,.F.);
#85 = PLANE('',#86);
#86 = AXIS2_PLACEMENT_3D('',#87,#88,#89);
#87 = CARTESIAN_POINT('',(7.25,-10.1,0.));
#88 = DIRECTION('',(0.,-1.,0.));
#89 = DIRECTION('',(-1.,0.,0.));
#90 = ADVANCED_FACE('',(#91),#118,.T.);
#91 = FACE_BOUND('',#92,.T.);
#92 = EDGE_LOOP('',(#93,#102,#110,#117));
#93 = ORIENTED_EDGE('',*,*,#94,.T.);
#94 = EDGE_CURVE('',#64,#95,#97,.T.);
#95 = VERTEX_POINT('',#96);
#96 = CARTESIAN_POINT('',(10.1,-7.25,0.));
#97 = CIRCLE('',#98,2.85);
#98 = AXIS2_PLACEMENT_3D('',#99,#100,#101);
#99 = CARTESIAN_POINT('',(7.25,-7.25,0.));
#100 = DIRECTION('',(0.,0.,1.));
#101 = DIRECTION('',(1.,0.,-0.));
#102 = ORIENTED_EDGE('',*,*,#103,.T.);
#103 = EDGE_CURVE('',#95,#104,#106,.T.);
#104 = VERTEX_POINT('',#105);
#105 = CARTESIAN_POINT('',(10.1,-7.25,2.));
#106 = LINE('',#107,#108);
#107 = CARTESIAN_POINT('',(10.1,-7.25,0.));
#108 = VECTOR('',#109,1.);
#109 = DIRECTION('',(0.,0.,1.));
#110 = ORIENTED_EDGE('',*,*,#111,.F.);
#111 = EDGE_CURVE('',#72,#104,#112,.T.);
#112 = CIRCLE('',#113,2.85);
#113 = AXIS2_PLACEMENT_3D('',#114,#115,#116);
#114 = CARTESIAN_POINT('',(7.25,-7.25,2.));
#115 = DIRECTION('',(0.,0.,1.));
#116 = DIRECTION('',(1.,0.,-0.));
#117 = ORIENTED_EDGE('',*,*,#71,.F.);
#118 = CYLINDRICAL_SURFACE('',#119,2.85);
#119 = AXIS2_PLACEMENT_3D('',#120,#121,#122);
#120 = CARTESIAN_POINT('',(7.25,-7.25,0.));
#121 = DIRECTION('',(0.,0.,1.));
#122 = DIRECTION('',(1.,0.,-0.));
#123 = ADVANCED_FACE('',(#124),#149,.T.);
#124 = FACE_BOUND('',#125,.T.);
#125 = EDGE_LOOP('',(#126,#134,#142,#148));
#126 = ORIENTED_EDGE('',*,*,#127,.F.);
#127 = EDGE_CURVE('',#128,#95,#130,.T.);
#128 = VERTEX_POINT('',#129);
#129 = CARTESIAN_POINT('',(10.1,7.25,0.));
#130 = LINE('',#131,#132);
#131 = CARTESIAN_POINT('',(10.1,10.1,0.));
#132 = VECTOR('',#133,1.);
#133 = DIRECTION('',(0.,-1.,0.));
#134 = ORIENTED_EDGE('',*,*,#135,.T.);
#135 = EDGE_CURVE('',#128,#136,#138,.T.);
#136 = VERTEX_POINT('',#137);
#137 = CARTESIAN_POINT('',(10.1,7.25,2.));
#138 = LINE('',#139,#140);
#139 = CARTESIAN_POINT('',(10.1,7.25,0.));
#140 = VECTOR('',#141,1.);
#141 = DIRECTION('',(0.,0.,1.));
#142 = ORIENTED_EDGE('',*,*,#143,.T.);
#143 = EDGE_CURVE('',#136,#104,#144,.T.);
#144 = LINE('',#145,#146);
#145 = CARTESIAN_POINT('',(10.1,10.1,2.));
#146 = VECTOR('',#147,1.);
#147 = DIRECTION('',(0.,-1.,0.));
#148 = ORIENTED_EDGE('',*,*,#103,.F.);
#149 = PLANE('',#150);
#150 = AXIS2_PLACEMENT_3D('',#151,#152,#153);
#151 = CARTESIAN_POINT('',(10.1,7.25,0.));
#152 = DIRECTION('',(1.,0.,0.));
#153 = DIRECTION('',(0.,-1.,0.));
#154 = ADVANCED_FACE('',(#155),#182,.T.);
#155 = FACE_BOUND('',#156,.T.);
#156 = EDGE_LOOP('',(#157,#166,#174,#181));
#157 = ORIENTED_EDGE('',*,*,#158,.T.);
#158 = EDGE_CURVE('',#128,#159,#161,.T.);
#159 = VERTEX_POINT('',#160);
#160 = CARTESIAN_POINT('',(7.25,10.1,0.));
#161 = CIRCLE('',#162,2.85);
#162 = AXIS2_PLACEMENT_3D('',#163,#164,#165);
#163 = CARTESIAN_POINT('',(7.25,7.25,0.));
#164 = DIRECTION('',(0.,0.,1.));
#165 = DIRECTION('',(1.,0.,-0.));
#166 = ORIENTED_EDGE('',*,*,#167,.T.);
#167 = EDGE_CURVE('',#159,#168,#170,.T.);
#168 = VERTEX_POINT('',#169);
#169 = CARTESIAN_POINT('',(7.25,10.1,2.));
#170 = LINE('',#171,#172);
#171 = CARTESIAN_POINT('',(7.25,10.1,0.));
#172 = VECTOR('',#173,1.);
#173 = DIRECTION('',(0.,0.,1.));
#174 = ORIENTED_EDGE('',*,*,#175,.F.);
#175 = EDGE_CURVE('',#136,#168,#176,.T.);
#176 = CIRCLE('',#177,2.85);
#177 = AXIS2_PLACEMENT_3D('',#178,#179,#180);
#178 = CARTESIAN_POINT('',(7.25,7.25,2.));
#179 = DIRECTION('',(0.,0.,1.));
#180 = DIRECTION('',(1.,0.,-0.));
#181 = ORIENTED_EDGE('',*,*,#135,.F.);
#182 = CYLINDRICAL_SURFACE('',#183,2.85);
#183 = AXIS2_PLACEMENT_3D('',#184,#185,#186);
#184 = CARTESIAN_POINT('',(7.25,7.25,0.));
#185 = DIRECTION('',(0.,0.,1.));
#186 = DIRECTION('',(1.,0.,-0.));
#187 = ADVANCED_FACE('',(#188),#277,.T.);
#188 = FACE_BOUND('',#189,.T.);
#189 = EDGE_LOOP('',(#190,#198,#206,#214,#222,#230,#238,#246,#254,#262,
    #270,#276));
#190 = ORIENTED_EDGE('',*,*,#191,.F.);
#191 = EDGE_CURVE('',#192,#159,#194,.T.);
#192 = VERTEX_POINT('',#193);
#193 = CARTESIAN_POINT('',(2.25,10.1,0.));
#194 = LINE('',#195,#196);
#195 = CARTESIAN_POINT('',(-10.1,10.1,0.));
#196 = VECTOR('',#197,1.);
#197 = DIRECTION('',(1.,0.,0.));
#198 = ORIENTED_EDGE('',*,*,#199,.T.);
#199 = EDGE_CURVE('',#192,#200,#202,.T.);
#200 = VERTEX_POINT('',#201);
#201 = CARTESIAN_POINT('',(2.25,10.1,-9.5));
#202 = LINE('',#203,#204);
#203 = CARTESIAN_POINT('',(2.25,10.1,0.));
#204 = VECTOR('',#205,1.);
#205 = DIRECTION('',(0.,0.,-1.));
#206 = ORIENTED_EDGE('',*,*,#207,.F.);
#207 = EDGE_CURVE('',#208,#200,#210,.T.);
#208 = VERTEX_POINT('',#209);
#209 = CARTESIAN_POINT('',(-2.25,10.1,-9.5));
#210 = LINE('',#211,#212);
#211 = CARTESIAN_POINT('',(-10.1,10.1,-9.5));
#212 = VECTOR('',#213,1.);
#213 = DIRECTION('',(1.,0.,0.));
#214 = ORIENTED_EDGE('',*,*,#215,.F.);
#215 = EDGE_CURVE('',#216,#208,#218,.T.);
#216 = VERTEX_POINT('',#217);
#217 = CARTESIAN_POINT('',(-2.25,10.1,-0.));
#218 = LINE('',#219,#220);
#219 = CARTESIAN_POINT('',(-2.25,10.1,0.));
#220 = VECTOR('',#221,1.);
#221 = DIRECTION('',(0.,0.,-1.));
#222 = ORIENTED_EDGE('',*,*,#223,.F.);
#223 = EDGE_CURVE('',#224,#216,#226,.T.);
#224 = VERTEX_POINT('',#225);
#225 = CARTESIAN_POINT('',(-7.25,10.1,0.));
#226 = LINE('',#227,#228);
#227 = CARTESIAN_POINT('',(-10.1,10.1,0.));
#228 = VECTOR('',#229,1.);
#229 = DIRECTION('',(1.,0.,0.));
#230 = ORIENTED_EDGE('',*,*,#231,.T.);
#231 = EDGE_CURVE('',#224,#232,#234,.T.);
#232 = VERTEX_POINT('',#233);
#233 = CARTESIAN_POINT('',(-7.25,10.1,2.));
#234 = LINE('',#235,#236);
#235 = CARTESIAN_POINT('',(-7.25,10.1,0.));
#236 = VECTOR('',#237,1.);
#237 = DIRECTION('',(0.,0.,1.));
#238 = ORIENTED_EDGE('',*,*,#239,.T.);
#239 = EDGE_CURVE('',#232,#240,#242,.T.);
#240 = VERTEX_POINT('',#241);
#241 = CARTESIAN_POINT('',(-1.85,10.1,2.));
#242 = LINE('',#243,#244);
#243 = CARTESIAN_POINT('',(-10.1,10.1,2.));
#244 = VECTOR('',#245,1.);
#245 = DIRECTION('',(1.,0.,0.));
#246 = ORIENTED_EDGE('',*,*,#247,.T.);
#247 = EDGE_CURVE('',#240,#248,#250,.T.);
#248 = VERTEX_POINT('',#249);
#249 = CARTESIAN_POINT('',(-1.85,10.1,-8.));
#250 = LINE('',#251,#252);
#251 = CARTESIAN_POINT('',(-1.85,10.1,0.));
#252 = VECTOR('',#253,1.);
#253 = DIRECTION('',(0.,0.,-1.));
#254 = ORIENTED_EDGE('',*,*,#255,.T.);
#255 = EDGE_CURVE('',#248,#256,#258,.T.);
#256 = VERTEX_POINT('',#257);
#257 = CARTESIAN_POINT('',(1.85,10.1,-8.));
#258 = LINE('',#259,#260);
#259 = CARTESIAN_POINT('',(0.,10.1,-8.));
#260 = VECTOR('',#261,1.);
#261 = DIRECTION('',(1.,0.,-0.));
#262 = ORIENTED_EDGE('',*,*,#263,.T.);
#263 = EDGE_CURVE('',#256,#264,#266,.T.);
#264 = VERTEX_POINT('',#265);
#265 = CARTESIAN_POINT('',(1.85,10.1,2.));
#266 = LINE('',#267,#268);
#267 = CARTESIAN_POINT('',(1.85,10.1,0.));
#268 = VECTOR('',#269,1.);
#269 = DIRECTION('',(0.,0.,1.));
#270 = ORIENTED_EDGE('',*,*,#271,.T.);
#271 = EDGE_CURVE('',#264,#168,#272,.T.);
#272 = LINE('',#273,#274);
#273 = CARTESIAN_POINT('',(-10.1,10.1,2.));
#274 = VECTOR('',#275,1.);
#275 = DIRECTION('',(1.,0.,0.));
#276 = ORIENTED_EDGE('',*,*,#167,.F.);
#277 = PLANE('',#278);
#278 = AXIS2_PLACEMENT_3D('',#279,#280,#281);
#279 = CARTESIAN_POINT('',(-7.25,10.1,0.));
#280 = DIRECTION('',(0.,1.,0.));
#281 = DIRECTION('',(1.,-0.,0.));
#282 = ADVANCED_FACE('',(#283),#310,.T.);
#283 = FACE_BOUND('',#284,.T.);
#284 = EDGE_LOOP('',(#285,#294,#302,#309));
#285 = ORIENTED_EDGE('',*,*,#286,.T.);
#286 = EDGE_CURVE('',#224,#287,#289,.T.);
#287 = VERTEX_POINT('',#288);
#288 = CARTESIAN_POINT('',(-10.1,7.25,0.));
#289 = CIRCLE('',#290,2.85);
#290 = AXIS2_PLACEMENT_3D('',#291,#292,#293);
#291 = CARTESIAN_POINT('',(-7.25,7.25,0.));
#292 = DIRECTION('',(0.,0.,1.));
#293 = DIRECTION('',(1.,0.,-0.));
#294 = ORIENTED_EDGE('',*,*,#295,.T.);
#295 = EDGE_CURVE('',#287,#296,#298,.T.);
#296 = VERTEX_POINT('',#297);
#297 = CARTESIAN_POINT('',(-10.1,7.25,2.));
#298 = LINE('',#299,#300);
#299 = CARTESIAN_POINT('',(-10.1,7.25,0.));
#300 = VECTOR('',#301,1.);
#301 = DIRECTION('',(0.,0.,1.));
#302 = ORIENTED_EDGE('',*,*,#303,.F.);
#303 = EDGE_CURVE('',#232,#296,#304,.T.);
#304 = CIRCLE('',#305,2.85);
#305 = AXIS2_PLACEMENT_3D('',#306,#307,#308);
#306 = CARTESIAN_POINT('',(-7.25,7.25,2.));
#307 = DIRECTION('',(0.,0.,1.));
#308 = DIRECTION('',(1.,0.,-0.));
#309 = ORIENTED_EDGE('',*,*,#231,.F.);
#310 = CYLINDRICAL_SURFACE('',#311,2.85);
#311 = AXIS2_PLACEMENT_3D('',#312,#313,#314);
#312 = CARTESIAN_POINT('',(-7.25,7.25,0.));
#313 = DIRECTION('',(0.,0.,1.));
#314 = DIRECTION('',(1.,0.,-0.));
#315 = ADVANCED_FACE('',(#316),#332,.T.);
#316 = FACE_BOUND('',#317,.T.);
#317 = EDGE_LOOP('',(#318,#324,#325,#331));
#318 = ORIENTED_EDGE('',*,*,#319,.F.);
#319 = EDGE_CURVE('',#22,#287,#320,.T.);
#320 = LINE('',#321,#322);
#321 = CARTESIAN_POINT('',(-10.1,-10.1,0.));
#322 = VECTOR('',#323,1.);
#323 = DIRECTION('',(0.,1.,0.));
#324 = ORIENTED_EDGE('',*,*,#49,.T.);
#325 = ORIENTED_EDGE('',*,*,#326,.T.);
#326 = EDGE_CURVE('',#41,#296,#327,.T.);
#327 = LINE('',#328,#329);
#328 = CARTESIAN_POINT('',(-10.1,-10.1,2.));
#329 = VECTOR('',#330,1.);
#330 = DIRECTION('',(0.,1.,0.));
#331 = ORIENTED_EDGE('',*,*,#295,.F.);
#332 = PLANE('',#333);
#333 = AXIS2_PLACEMENT_3D('',#334,#335,#336);
#334 = CARTESIAN_POINT('',(-10.1,-7.25,0.));
#335 = DIRECTION('',(-1.,0.,0.));
#336 = DIRECTION('',(0.,1.,0.));
#337 = ADVANCED_FACE('',(#338),#363,.T.);
#338 = FACE_BOUND('',#339,.T.);
#339 = EDGE_LOOP('',(#340,#350,#356,#357));
#340 = ORIENTED_EDGE('',*,*,#341,.F.);
#341 = EDGE_CURVE('',#342,#344,#346,.T.);
#342 = VERTEX_POINT('',#343);
#343 = CARTESIAN_POINT('',(1.85,9.,-8.));
#344 = VERTEX_POINT('',#345);
#345 = CARTESIAN_POINT('',(-1.85,9.,-8.));
#346 = LINE('',#347,#348);
#347 = CARTESIAN_POINT('',(0.,9.,-8.));
#348 = VECTOR('',#349,1.);
#349 = DIRECTION('',(-1.,9.E-17,0.));
#350 = ORIENTED_EDGE('',*,*,#351,.F.);
#351 = EDGE_CURVE('',#256,#342,#352,.T.);
#352 = LINE('',#353,#354);
#353 = CARTESIAN_POINT('',(1.85,10.1,-8.));
#354 = VECTOR('',#355,1.);
#355 = DIRECTION('',(0.,-1.,0.));
#356 = ORIENTED_EDGE('',*,*,#255,.F.);
#357 = ORIENTED_EDGE('',*,*,#358,.F.);
#358 = EDGE_CURVE('',#344,#248,#359,.T.);
#359 = LINE('',#360,#361);
#360 = CARTESIAN_POINT('',(-1.85,9.,-8.));
#361 = VECTOR('',#362,1.);
#362 = DIRECTION('',(0.,1.,0.));
#363 = PLANE('',#364);
#364 = AXIS2_PLACEMENT_3D('',#365,#366,#367);
#365 = CARTESIAN_POINT('',(-1.33E-15,-8.175,-8.));
#366 = DIRECTION('',(0.,0.,1.));
#367 = DIRECTION('',(1.,0.,-0.));
#368 = ADVANCED_FACE('',(#369),#405,.F.);
#369 = FACE_BOUND('',#370,.F.);
#370 = EDGE_LOOP('',(#371,#381,#390,#398));
#371 = ORIENTED_EDGE('',*,*,#372,.F.);
#372 = EDGE_CURVE('',#373,#375,#377,.T.);
#373 = VERTEX_POINT('',#374);
#374 = CARTESIAN_POINT('',(8.5,-7.25,0.));
#375 = VERTEX_POINT('',#376);
#376 = CARTESIAN_POINT('',(8.5,-7.25,2.));
#377 = LINE('',#378,#379);
#378 = CARTESIAN_POINT('',(8.5,-7.25,0.));
#379 = VECTOR('',#380,1.);
#380 = DIRECTION('',(0.,0.,1.));
#381 = ORIENTED_EDGE('',*,*,#382,.T.);
#382 = EDGE_CURVE('',#373,#383,#385,.T.);
#383 = VERTEX_POINT('',#384);
#384 = CARTESIAN_POINT('',(6.,-7.25,0.));
#385 = CIRCLE('',#386,1.25);
#386 = AXIS2_PLACEMENT_3D('',#387,#388,#389);
#387 = CARTESIAN_POINT('',(7.25,-7.25,0.));
#388 = DIRECTION('',(0.,0.,1.));
#389 = DIRECTION('',(-1.,0.,0.));
#390 = ORIENTED_EDGE('',*,*,#391,.T.);
#391 = EDGE_CURVE('',#383,#392,#394,.T.);
#392 = VERTEX_POINT('',#393);
#393 = CARTESIAN_POINT('',(6.,-7.25,2.));
#394 = LINE('',#395,#396);
#395 = CARTESIAN_POINT('',(6.,-7.25,0.));
#396 = VECTOR('',#397,1.);
#397 = DIRECTION('',(0.,0.,1.));
#398 = ORIENTED_EDGE('',*,*,#399,.F.);
#399 = EDGE_CURVE('',#375,#392,#400,.T.);
#400 = CIRCLE('',#401,1.25);
#401 = AXIS2_PLACEMENT_3D('',#402,#403,#404);
#402 = CARTESIAN_POINT('',(7.25,-7.25,2.));
#403 = DIRECTION('',(0.,0.,1.));
#404 = DIRECTION('',(-1.,0.,0.));
#405 = CYLINDRICAL_SURFACE('',#406,1.25);
#406 = AXIS2_PLACEMENT_3D('',#407,#408,#409);
#407 = CARTESIAN_POINT('',(7.25,-7.25,0.));
#408 = DIRECTION('',(0.,0.,1.));
#409 = DIRECTION('',(-1.,0.,0.));
#410 = ADVANCED_FACE('',(#411),#429,.F.);
#411 = FACE_BOUND('',#412,.F.);
#412 = EDGE_LOOP('',(#413,#420,#421,#428));
#413 = ORIENTED_EDGE('',*,*,#414,.T.);
#414 = EDGE_CURVE('',#383,#373,#415,.T.);
#415 = CIRCLE('',#416,1.25);
#416 = AXIS2_PLACEMENT_3D('',#417,#418,#419);
#417 = CARTESIAN_POINT('',(7.25,-7.25,0.));
#418 = DIRECTION('',(0.,0.,1.));
#419 = DIRECTION('',(-1.,0.,0.));
#420 = ORIENTED_EDGE('',*,*,#372,.T.);
#421 = ORIENTED_EDGE('',*,*,#422,.F.);
#422 = EDGE_CURVE('',#392,#375,#423,.T.);
#423 = CIRCLE('',#424,1.25);
#424 = AXIS2_PLACEMENT_3D('',#425,#426,#427);
#425 = CARTESIAN_POINT('',(7.25,-7.25,2.));
#426 = DIRECTION('',(0.,0.,1.));
#427 = DIRECTION('',(-1.,0.,0.));
#428 = ORIENTED_EDGE('',*,*,#391,.F.);
#429 = CYLINDRICAL_SURFACE('',#430,1.25);
#430 = AXIS2_PLACEMENT_3D('',#431,#432,#433);
#431 = CARTESIAN_POINT('',(7.25,-7.25,0.));
#432 = DIRECTION('',(0.,0.,1.));
#433 = DIRECTION('',(-1.,0.,0.));
#434 = ADVANCED_FACE('',(#435),#471,.F.);
#435 = FACE_BOUND('',#436,.F.);
#436 = EDGE_LOOP('',(#437,#447,#456,#464));
#437 = ORIENTED_EDGE('',*,*,#438,.F.);
#438 = EDGE_CURVE('',#439,#441,#443,.T.);
#439 = VERTEX_POINT('',#440);
#440 = CARTESIAN_POINT('',(-8.5,7.25,0.));
#441 = VERTEX_POINT('',#442);
#442 = CARTESIAN_POINT('',(-8.5,7.25,2.));
#443 = LINE('',#444,#445);
#444 = CARTESIAN_POINT('',(-8.5,7.25,0.));
#445 = VECTOR('',#446,1.);
#446 = DIRECTION('',(0.,0.,1.));
#447 = ORIENTED_EDGE('',*,*,#448,.T.);
#448 = EDGE_CURVE('',#439,#449,#451,.T.);
#449 = VERTEX_POINT('',#450);
#450 = CARTESIAN_POINT('',(-6.,7.25,0.));
#451 = CIRCLE('',#452,1.25);
#452 = AXIS2_PLACEMENT_3D('',#453,#454,#455);
#453 = CARTESIAN_POINT('',(-7.25,7.25,0.));
#454 = DIRECTION('',(0.,0.,1.));
#455 = DIRECTION('',(1.,0.,-0.));
#456 = ORIENTED_EDGE('',*,*,#457,.T.);
#457 = EDGE_CURVE('',#449,#458,#460,.T.);
#458 = VERTEX_POINT('',#459);
#459 = CARTESIAN_POINT('',(-6.,7.25,2.));
#460 = LINE('',#461,#462);
#461 = CARTESIAN_POINT('',(-6.,7.25,0.));
#462 = VECTOR('',#463,1.);
#463 = DIRECTION('',(0.,0.,1.));
#464 = ORIENTED_EDGE('',*,*,#465,.F.);
#465 = EDGE_CURVE('',#441,#458,#466,.T.);
#466 = CIRCLE('',#467,1.25);
#467 = AXIS2_PLACEMENT_3D('',#468,#469,#470);
#468 = CARTESIAN_POINT('',(-7.25,7.25,2.));
#469 = DIRECTION('',(0.,0.,1.));
#470 = DIRECTION('',(1.,0.,-0.));
#471 = CYLINDRICAL_SURFACE('',#472,1.25);
#472 = AXIS2_PLACEMENT_3D('',#473,#474,#475);
#473 = CARTESIAN_POINT('',(-7.25,7.25,0.));
#474 = DIRECTION('',(0.,0.,1.));
#475 = DIRECTION('',(1.,0.,-0.));
#476 = ADVANCED_FACE('',(#477),#495,.F.);
#477 = FACE_BOUND('',#478,.F.);
#478 = EDGE_LOOP('',(#479,#486,#487,#494));
#479 = ORIENTED_EDGE('',*,*,#480,.T.);
#480 = EDGE_CURVE('',#449,#439,#481,.T.);
#481 = CIRCLE('',#482,1.25);
#482 = AXIS2_PLACEMENT_3D('',#483,#484,#485);
#483 = CARTESIAN_POINT('',(-7.25,7.25,0.));
#484 = DIRECTION('',(0.,0.,1.));
#485 = DIRECTION('',(1.,0.,-0.));
#486 = ORIENTED_EDGE('',*,*,#438,.T.);
#487 = ORIENTED_EDGE('',*,*,#488,.F.);
#488 = EDGE_CURVE('',#458,#441,#489,.T.);
#489 = CIRCLE('',#490,1.25);
#490 = AXIS2_PLACEMENT_3D('',#491,#492,#493);
#491 = CARTESIAN_POINT('',(-7.25,7.25,2.));
#492 = DIRECTION('',(0.,0.,1.));
#493 = DIRECTION('',(1.,0.,-0.));
#494 = ORIENTED_EDGE('',*,*,#457,.F.);
#495 = CYLINDRICAL_SURFACE('',#496,1.25);
#496 = AXIS2_PLACEMENT_3D('',#497,#498,#499);
#497 = CARTESIAN_POINT('',(-7.25,7.25,0.));
#498 = DIRECTION('',(0.,0.,1.));
#499 = DIRECTION('',(1.,0.,-0.));
#500 = ADVANCED_FACE('',(#501),#537,.F.);
#501 = FACE_BOUND('',#502,.F.);
#502 = EDGE_LOOP('',(#503,#513,#522,#530));
#503 = ORIENTED_EDGE('',*,*,#504,.T.);
#504 = EDGE_CURVE('',#505,#507,#509,.T.);
#505 = VERTEX_POINT('',#506);
#506 = CARTESIAN_POINT('',(-6.,-7.25,2.));
#507 = VERTEX_POINT('',#508);
#508 = CARTESIAN_POINT('',(-6.,-7.25,0.));
#509 = LINE('',#510,#511);
#510 = CARTESIAN_POINT('',(-6.,-7.25,0.));
#511 = VECTOR('',#512,1.);
#512 = DIRECTION('',(-0.,-0.,-1.));
#513 = ORIENTED_EDGE('',*,*,#514,.F.);
#514 = EDGE_CURVE('',#515,#507,#517,.T.);
#515 = VERTEX_POINT('',#516);
#516 = CARTESIAN_POINT('',(-8.5,-7.25,0.));
#517 = CIRCLE('',#518,1.25);
#518 = AXIS2_PLACEMENT_3D('',#519,#520,#521);
#519 = CARTESIAN_POINT('',(-7.25,-7.25,0.));
#520 = DIRECTION('',(0.,0.,-1.));
#521 = DIRECTION('',(1.,0.,0.));
#522 = ORIENTED_EDGE('',*,*,#523,.F.);
#523 = EDGE_CURVE('',#524,#515,#526,.T.);
#524 = VERTEX_POINT('',#525);
#525 = CARTESIAN_POINT('',(-8.5,-7.25,2.));
#526 = LINE('',#527,#528);
#527 = CARTESIAN_POINT('',(-8.5,-7.25,0.));
#528 = VECTOR('',#529,1.);
#529 = DIRECTION('',(-0.,-0.,-1.));
#530 = ORIENTED_EDGE('',*,*,#531,.T.);
#531 = EDGE_CURVE('',#524,#505,#532,.T.);
#532 = CIRCLE('',#533,1.25);
#533 = AXIS2_PLACEMENT_3D('',#534,#535,#536);
#534 = CARTESIAN_POINT('',(-7.25,-7.25,2.));
#535 = DIRECTION('',(0.,0.,-1.));
#536 = DIRECTION('',(1.,0.,0.));
#537 = CYLINDRICAL_SURFACE('',#538,1.25);
#538 = AXIS2_PLACEMENT_3D('',#539,#540,#541);
#539 = CARTESIAN_POINT('',(-7.25,-7.25,0.));
#540 = DIRECTION('',(-0.,-0.,-1.));
#541 = DIRECTION('',(1.,0.,0.));
#542 = ADVANCED_FACE('',(#543),#561,.F.);
#543 = FACE_BOUND('',#544,.F.);
#544 = EDGE_LOOP('',(#545,#552,#553,#560));
#545 = ORIENTED_EDGE('',*,*,#546,.T.);
#546 = EDGE_CURVE('',#505,#524,#547,.T.);
#547 = CIRCLE('',#548,1.25);
#548 = AXIS2_PLACEMENT_3D('',#549,#550,#551);
#549 = CARTESIAN_POINT('',(-7.25,-7.25,2.));
#550 = DIRECTION('',(0.,0.,-1.));
#551 = DIRECTION('',(1.,0.,0.));
#552 = ORIENTED_EDGE('',*,*,#523,.T.);
#553 = ORIENTED_EDGE('',*,*,#554,.F.);
#554 = EDGE_CURVE('',#507,#515,#555,.T.);
#555 = CIRCLE('',#556,1.25);
#556 = AXIS2_PLACEMENT_3D('',#557,#558,#559);
#557 = CARTESIAN_POINT('',(-7.25,-7.25,0.));
#558 = DIRECTION('',(0.,0.,-1.));
#559 = DIRECTION('',(1.,0.,0.));
#560 = ORIENTED_EDGE('',*,*,#504,.F.);
#561 = CYLINDRICAL_SURFACE('',#562,1.25);
#562 = AXIS2_PLACEMENT_3D('',#563,#564,#565);
#563 = CARTESIAN_POINT('',(-7.25,-7.25,0.));
#564 = DIRECTION('',(-0.,-0.,-1.));
#565 = DIRECTION('',(1.,0.,0.));
#566 = ADVANCED_FACE('',(#567),#603,.F.);
#567 = FACE_BOUND('',#568,.F.);
#568 = EDGE_LOOP('',(#569,#579,#588,#596));
#569 = ORIENTED_EDGE('',*,*,#570,.T.);
#570 = EDGE_CURVE('',#571,#573,#575,.T.);
#571 = VERTEX_POINT('',#572);
#572 = CARTESIAN_POINT('',(6.,7.25,2.));
#573 = VERTEX_POINT('',#574);
#574 = CARTESIAN_POINT('',(6.,7.25,0.));
#575 = LINE('',#576,#577);
#576 = CARTESIAN_POINT('',(6.,7.25,0.));
#577 = VECTOR('',#578,1.);
#578 = DIRECTION('',(-0.,-0.,-1.));
#579 = ORIENTED_EDGE('',*,*,#580,.F.);
#580 = EDGE_CURVE('',#581,#573,#583,.T.);
#581 = VERTEX_POINT('',#582);
#582 = CARTESIAN_POINT('',(8.5,7.25,0.));
#583 = CIRCLE('',#584,1.25);
#584 = AXIS2_PLACEMENT_3D('',#585,#586,#587);
#585 = CARTESIAN_POINT('',(7.25,7.25,0.));
#586 = DIRECTION('',(-0.,0.,-1.));
#587 = DIRECTION('',(-1.,0.,0.));
#588 = ORIENTED_EDGE('',*,*,#589,.F.);
#589 = EDGE_CURVE('',#590,#581,#592,.T.);
#590 = VERTEX_POINT('',#591);
#591 = CARTESIAN_POINT('',(8.5,7.25,2.));
#592 = LINE('',#593,#594);
#593 = CARTESIAN_POINT('',(8.5,7.25,0.));
#594 = VECTOR('',#595,1.);
#595 = DIRECTION('',(-0.,-0.,-1.));
#596 = ORIENTED_EDGE('',*,*,#597,.T.);
#597 = EDGE_CURVE('',#590,#571,#598,.T.);
#598 = CIRCLE('',#599,1.25);
#599 = AXIS2_PLACEMENT_3D('',#600,#601,#602);
#600 = CARTESIAN_POINT('',(7.25,7.25,2.));
#601 = DIRECTION('',(-0.,0.,-1.));
#602 = DIRECTION('',(-1.,0.,0.));
#603 = CYLINDRICAL_SURFACE('',#604,1.25);
#604 = AXIS2_PLACEMENT_3D('',#605,#606,#607);
#605 = CARTESIAN_POINT('',(7.25,7.25,0.));
#606 = DIRECTION('',(-0.,-0.,-1.));
#607 = DIRECTION('',(-1.,0.,0.));
#608 = ADVANCED_FACE('',(#609,#714,#734,#754,#774,#794,#814),#834,.T.);
#609 = FACE_BOUND('',#610,.T.);
#610 = EDGE_LOOP('',(#611,#622,#630,#639,#647,#656,#664,#673,#681,#690,
    #698,#707));
#611 = ORIENTED_EDGE('',*,*,#612,.T.);
#612 = EDGE_CURVE('',#613,#615,#617,.T.);
#613 = VERTEX_POINT('',#614);
#614 = CARTESIAN_POINT('',(6.25,0.,6.2));
#615 = VERTEX_POINT('',#616);
#616 = CARTESIAN_POINT('',(3.75,5.,6.2));
#617 = CIRCLE('',#618,6.25);
#618 = AXIS2_PLACEMENT_3D('',#619,#620,#621);
#619 = CARTESIAN_POINT('',(0.,0.,6.2));
#620 = DIRECTION('',(0.,0.,1.));
#621 = DIRECTION('',(1.,0.,-0.));
#622 = ORIENTED_EDGE('',*,*,#623,.F.);
#623 = EDGE_CURVE('',#624,#615,#626,.T.);
#624 = VERTEX_POINT('',#625);
#625 = CARTESIAN_POINT('',(1.2,5.,6.2));
#626 = LINE('',#627,#628);
#627 = CARTESIAN_POINT('',(0.,5.,6.2));
#628 = VECTOR('',#629,1.);
#629 = DIRECTION('',(1.,0.,0.));
#630 = ORIENTED_EDGE('',*,*,#631,.T.);
#631 = EDGE_CURVE('',#624,#632,#634,.T.);
#632 = VERTEX_POINT('',#633);
#633 = CARTESIAN_POINT('',(1.,4.8,6.2));
#634 = CIRCLE('',#635,0.2);
#635 = AXIS2_PLACEMENT_3D('',#636,#637,#638);
#636 = CARTESIAN_POINT('',(1.2,4.8,6.2));
#637 = DIRECTION('',(0.,0.,1.));
#638 = DIRECTION('',(1.,0.,-0.));
#639 = ORIENTED_EDGE('',*,*,#640,.F.);
#640 = EDGE_CURVE('',#641,#632,#643,.T.);
#641 = VERTEX_POINT('',#642);
#642 = CARTESIAN_POINT('',(1.,2.7,6.2));
#643 = LINE('',#644,#645);
#644 = CARTESIAN_POINT('',(1.,0.,6.2));
#645 = VECTOR('',#646,1.);
#646 = DIRECTION('',(0.,1.,0.));
#647 = ORIENTED_EDGE('',*,*,#648,.F.);
#648 = EDGE_CURVE('',#649,#641,#651,.T.);
#649 = VERTEX_POINT('',#650);
#650 = CARTESIAN_POINT('',(0.8,2.5,6.2));
#651 = CIRCLE('',#652,0.2);
#652 = AXIS2_PLACEMENT_3D('',#653,#654,#655);
#653 = CARTESIAN_POINT('',(0.8,2.7,6.2));
#654 = DIRECTION('',(0.,0.,1.));
#655 = DIRECTION('',(1.,0.,-0.));
#656 = ORIENTED_EDGE('',*,*,#657,.F.);
#657 = EDGE_CURVE('',#658,#649,#660,.T.);
#658 = VERTEX_POINT('',#659);
#659 = CARTESIAN_POINT('',(-0.8,2.5,6.2));
#660 = LINE('',#661,#662);
#661 = CARTESIAN_POINT('',(0.,2.5,6.2));
#662 = VECTOR('',#663,1.);
#663 = DIRECTION('',(1.,0.,0.));
#664 = ORIENTED_EDGE('',*,*,#665,.F.);
#665 = EDGE_CURVE('',#666,#658,#668,.T.);
#666 = VERTEX_POINT('',#667);
#667 = CARTESIAN_POINT('',(-1.,2.7,6.2));
#668 = CIRCLE('',#669,0.2);
#669 = AXIS2_PLACEMENT_3D('',#670,#671,#672);
#670 = CARTESIAN_POINT('',(-0.8,2.7,6.2));
#671 = DIRECTION('',(0.,0.,1.));
#672 = DIRECTION('',(1.,0.,-0.));
#673 = ORIENTED_EDGE('',*,*,#674,.T.);
#674 = EDGE_CURVE('',#666,#675,#677,.T.);
#675 = VERTEX_POINT('',#676);
#676 = CARTESIAN_POINT('',(-1.,4.8,6.2));
#677 = LINE('',#678,#679);
#678 = CARTESIAN_POINT('',(-1.,0.,6.2));
#679 = VECTOR('',#680,1.);
#680 = DIRECTION('',(0.,1.,0.));
#681 = ORIENTED_EDGE('',*,*,#682,.T.);
#682 = EDGE_CURVE('',#675,#683,#685,.T.);
#683 = VERTEX_POINT('',#684);
#684 = CARTESIAN_POINT('',(-1.2,5.,6.2));
#685 = CIRCLE('',#686,0.2);
#686 = AXIS2_PLACEMENT_3D('',#687,#688,#689);
#687 = CARTESIAN_POINT('',(-1.2,4.8,6.2));
#688 = DIRECTION('',(0.,0.,1.));
#689 = DIRECTION('',(1.,0.,-0.));
#690 = ORIENTED_EDGE('',*,*,#691,.F.);
#691 = EDGE_CURVE('',#692,#683,#694,.T.);
#692 = VERTEX_POINT('',#693);
#693 = CARTESIAN_POINT('',(-3.75,5.,6.2));
#694 = LINE('',#695,#696);
#695 = CARTESIAN_POINT('',(0.,5.,6.2));
#696 = VECTOR('',#697,1.);
#697 = DIRECTION('',(1.,0.,0.));
#698 = ORIENTED_EDGE('',*,*,#699,.T.);
#699 = EDGE_CURVE('',#692,#700,#702,.T.);
#700 = VERTEX_POINT('',#701);
#701 = CARTESIAN_POINT('',(-6.25,1.E-15,6.2));
#702 = CIRCLE('',#703,6.25);
#703 = AXIS2_PLACEMENT_3D('',#704,#705,#706);
#704 = CARTESIAN_POINT('',(0.,0.,6.2));
#705 = DIRECTION('',(0.,0.,1.));
#706 = DIRECTION('',(1.,0.,-0.));
#707 = ORIENTED_EDGE('',*,*,#708,.T.);
#708 = EDGE_CURVE('',#700,#613,#709,.T.);
#709 = CIRCLE('',#710,6.25);
#710 = AXIS2_PLACEMENT_3D('',#711,#712,#713);
#711 = CARTESIAN_POINT('',(0.,0.,6.2));
#712 = DIRECTION('',(0.,0.,1.));
#713 = DIRECTION('',(1.,0.,-0.));
#714 = FACE_BOUND('',#715,.T.);
#715 = EDGE_LOOP('',(#716,#727));
#716 = ORIENTED_EDGE('',*,*,#717,.T.);
#717 = EDGE_CURVE('',#718,#720,#722,.T.);
#718 = VERTEX_POINT('',#719);
#719 = CARTESIAN_POINT('',(-2.12,1.8,6.2));
#720 = VERTEX_POINT('',#721);
#721 = CARTESIAN_POINT('',(-4.12,1.8,6.2));
#722 = CIRCLE('',#723,1.);
#723 = AXIS2_PLACEMENT_3D('',#724,#725,#726);
#724 = CARTESIAN_POINT('',(-3.12,1.8,6.2));
#725 = DIRECTION('',(0.,0.,-1.));
#726 = DIRECTION('',(1.,0.,0.));
#727 = ORIENTED_EDGE('',*,*,#728,.T.);
#728 = EDGE_CURVE('',#720,#718,#729,.T.);
#729 = CIRCLE('',#730,1.);
#730 = AXIS2_PLACEMENT_3D('',#731,#732,#733);
#731 = CARTESIAN_POINT('',(-3.12,1.8,6.2));
#732 = DIRECTION('',(0.,0.,-1.));
#733 = DIRECTION('',(1.,0.,0.));
#734 = FACE_BOUND('',#735,.T.);
#735 = EDGE_LOOP('',(#736,#747));
#736 = ORIENTED_EDGE('',*,*,#737,.T.);
#737 = EDGE_CURVE('',#738,#740,#742,.T.);
#738 = VERTEX_POINT('',#739);
#739 = CARTESIAN_POINT('',(0.,-1.,6.2));
#740 = VERTEX_POINT('',#741);
#741 = CARTESIAN_POINT('',(-0.,1.,6.2));
#742 = CIRCLE('',#743,1.);
#743 = AXIS2_PLACEMENT_3D('',#744,#745,#746);
#744 = CARTESIAN_POINT('',(0.,0.,6.2));
#745 = DIRECTION('',(0.,0.,-1.));
#746 = DIRECTION('',(0.,-1.,0.));
#747 = ORIENTED_EDGE('',*,*,#748,.T.);
#748 = EDGE_CURVE('',#740,#738,#749,.T.);
#749 = CIRCLE('',#750,1.);
#750 = AXIS2_PLACEMENT_3D('',#751,#752,#753);
#751 = CARTESIAN_POINT('',(0.,0.,6.2));
#752 = DIRECTION('',(0.,0.,-1.));
#753 = DIRECTION('',(0.,-1.,0.));
#754 = FACE_BOUND('',#755,.T.);
#755 = EDGE_LOOP('',(#756,#767));
#756 = ORIENTED_EDGE('',*,*,#757,.T.);
#757 = EDGE_CURVE('',#758,#760,#762,.T.);
#758 = VERTEX_POINT('',#759);
#759 = CARTESIAN_POINT('',(2.12,1.8,6.2));
#760 = VERTEX_POINT('',#761);
#761 = CARTESIAN_POINT('',(4.12,1.8,6.2));
#762 = CIRCLE('',#763,1.);
#763 = AXIS2_PLACEMENT_3D('',#764,#765,#766);
#764 = CARTESIAN_POINT('',(3.12,1.8,6.2));
#765 = DIRECTION('',(0.,0.,-1.));
#766 = DIRECTION('',(-1.,0.,0.));
#767 = ORIENTED_EDGE('',*,*,#768,.T.);
#768 = EDGE_CURVE('',#760,#758,#769,.T.);
#769 = CIRCLE('',#770,1.);
#770 = AXIS2_PLACEMENT_3D('',#771,#772,#773);
#771 = CARTESIAN_POINT('',(3.12,1.8,6.2));
#772 = DIRECTION('',(0.,0.,-1.));
#773 = DIRECTION('',(-1.,0.,0.));
#774 = FACE_BOUND('',#775,.T.);
#775 = EDGE_LOOP('',(#776,#787));
#776 = ORIENTED_EDGE('',*,*,#777,.T.);
#777 = EDGE_CURVE('',#778,#780,#782,.T.);
#778 = VERTEX_POINT('',#779);
#779 = CARTESIAN_POINT('',(0.,-2.6,6.2));
#780 = VERTEX_POINT('',#781);
#781 = CARTESIAN_POINT('',(0.,-4.6,6.2));
#782 = CIRCLE('',#783,1.);
#783 = AXIS2_PLACEMENT_3D('',#784,#785,#786);
#784 = CARTESIAN_POINT('',(0.,-3.6,6.2));
#785 = DIRECTION('',(0.,0.,-1.));
#786 = DIRECTION('',(0.,1.,0.));
#787 = ORIENTED_EDGE('',*,*,#788,.T.);
#788 = EDGE_CURVE('',#780,#778,#789,.T.);
#789 = CIRCLE('',#790,1.);
#790 = AXIS2_PLACEMENT_3D('',#791,#792,#793);
#791 = CARTESIAN_POINT('',(0.,-3.6,6.2));
#792 = DIRECTION('',(0.,0.,-1.));
#793 = DIRECTION('',(0.,1.,0.));
#794 = FACE_BOUND('',#795,.T.);
#795 = EDGE_LOOP('',(#796,#807));
#796 = ORIENTED_EDGE('',*,*,#797,.T.);
#797 = EDGE_CURVE('',#798,#800,#802,.T.);
#798 = VERTEX_POINT('',#799);
#799 = CARTESIAN_POINT('',(2.12,-1.8,6.2));
#800 = VERTEX_POINT('',#801);
#801 = CARTESIAN_POINT('',(4.12,-1.8,6.2));
#802 = CIRCLE('',#803,1.);
#803 = AXIS2_PLACEMENT_3D('',#804,#805,#806);
#804 = CARTESIAN_POINT('',(3.12,-1.8,6.2));
#805 = DIRECTION('',(0.,0.,-1.));
#806 = DIRECTION('',(-1.,0.,0.));
#807 = ORIENTED_EDGE('',*,*,#808,.T.);
#808 = EDGE_CURVE('',#800,#798,#809,.T.);
#809 = CIRCLE('',#810,1.);
#810 = AXIS2_PLACEMENT_3D('',#811,#812,#813);
#811 = CARTESIAN_POINT('',(3.12,-1.8,6.2));
#812 = DIRECTION('',(0.,0.,-1.));
#813 = DIRECTION('',(-1.,0.,0.));
#814 = FACE_BOUND('',#815,.T.);
#815 = EDGE_LOOP('',(#816,#827));
#816 = ORIENTED_EDGE('',*,*,#817,.T.);
#817 = EDGE_CURVE('',#818,#820,#822,.T.);
#818 = VERTEX_POINT('',#819);
#819 = CARTESIAN_POINT('',(-2.12,-1.8,6.2));
#820 = VERTEX_POINT('',#821);
#821 = CARTESIAN_POINT('',(-4.12,-1.8,6.2));
#822 = CIRCLE('',#823,1.);
#823 = AXIS2_PLACEMENT_3D('',#824,#825,#826);
#824 = CARTESIAN_POINT('',(-3.12,-1.8,6.2));
#825 = DIRECTION('',(0.,0.,-1.));
#826 = DIRECTION('',(1.,0.,0.));
#827 = ORIENTED_EDGE('',*,*,#828,.T.);
#828 = EDGE_CURVE('',#820,#818,#829,.T.);
#829 = CIRCLE('',#830,1.);
#830 = AXIS2_PLACEMENT_3D('',#831,#832,#833);
#831 = CARTESIAN_POINT('',(-3.12,-1.8,6.2));
#832 = DIRECTION('',(0.,0.,-1.));
#833 = DIRECTION('',(1.,0.,0.));
#834 = PLANE('',#835);
#835 = AXIS2_PLACEMENT_3D('',#836,#837,#838);
#836 = CARTESIAN_POINT('',(0.,0.,6.2));
#837 = DIRECTION('',(0.,0.,1.));
#838 = DIRECTION('',(1.,0.,-0.));
#839 = ADVANCED_FACE('',(#840),#865,.T.);
#840 = FACE_BOUND('',#841,.T.);
#841 = EDGE_LOOP('',(#842,#852,#858,#859));
#842 = ORIENTED_EDGE('',*,*,#843,.T.);
#843 = EDGE_CURVE('',#844,#846,#848,.T.);
#844 = VERTEX_POINT('',#845);
#845 = CARTESIAN_POINT('',(-1.2,5.,2.));
#846 = VERTEX_POINT('',#847);
#847 = CARTESIAN_POINT('',(-3.75,5.,2.));
#848 = LINE('',#849,#850);
#849 = CARTESIAN_POINT('',(0.,5.,2.));
#850 = VECTOR('',#851,1.);
#851 = DIRECTION('',(-1.,0.,0.));
#852 = ORIENTED_EDGE('',*,*,#853,.T.);
#853 = EDGE_CURVE('',#846,#692,#854,.T.);
#854 = LINE('',#855,#856);
#855 = CARTESIAN_POINT('',(-3.75,5.,2.));
#856 = VECTOR('',#857,1.);
#857 = DIRECTION('',(0.,0.,1.));
#858 = ORIENTED_EDGE('',*,*,#691,.T.);
#859 = ORIENTED_EDGE('',*,*,#860,.F.);
#860 = EDGE_CURVE('',#844,#683,#861,.T.);
#861 = LINE('',#862,#863);
#862 = CARTESIAN_POINT('',(-1.2,5.,2.));
#863 = VECTOR('',#864,1.);
#864 = DIRECTION('',(0.,0.,1.));
#865 = PLANE('',#866);
#866 = AXIS2_PLACEMENT_3D('',#867,#868,#869);
#867 = CARTESIAN_POINT('',(-3.75,5.,2.));
#868 = DIRECTION('',(0.,1.,0.));
#869 = DIRECTION('',(1.,-0.,0.));
#870 = ADVANCED_FACE('',(#871),#897,.T.);
#871 = FACE_BOUND('',#872,.T.);
#872 = EDGE_LOOP('',(#873,#884,#890,#891));
#873 = ORIENTED_EDGE('',*,*,#874,.T.);
#874 = EDGE_CURVE('',#875,#877,#879,.T.);
#875 = VERTEX_POINT('',#876);
#876 = CARTESIAN_POINT('',(6.25,0.,2.));
#877 = VERTEX_POINT('',#878);
#878 = CARTESIAN_POINT('',(3.75,5.,2.));
#879 = CIRCLE('',#880,6.25);
#880 = AXIS2_PLACEMENT_3D('',#881,#882,#883);
#881 = CARTESIAN_POINT('',(0.,0.,2.));
#882 = DIRECTION('',(0.,0.,1.));
#883 = DIRECTION('',(1.,0.,-0.));
#884 = ORIENTED_EDGE('',*,*,#885,.T.);
#885 = EDGE_CURVE('',#877,#615,#886,.T.);
#886 = LINE('',#887,#888);
#887 = CARTESIAN_POINT('',(3.75,5.,2.));
#888 = VECTOR('',#889,1.);
#889 = DIRECTION('',(0.,0.,1.));
#890 = ORIENTED_EDGE('',*,*,#612,.F.);
#891 = ORIENTED_EDGE('',*,*,#892,.F.);
#892 = EDGE_CURVE('',#875,#613,#893,.T.);
#893 = LINE('',#894,#895);
#894 = CARTESIAN_POINT('',(6.25,0.,2.));
#895 = VECTOR('',#896,1.);
#896 = DIRECTION('',(0.,0.,1.));
#897 = CYLINDRICAL_SURFACE('',#898,6.25);
#898 = AXIS2_PLACEMENT_3D('',#899,#900,#901);
#899 = CARTESIAN_POINT('',(0.,0.,2.));
#900 = DIRECTION('',(0.,0.,1.));
#901 = DIRECTION('',(1.,0.,-0.));
#902 = ADVANCED_FACE('',(#903),#921,.T.);
#903 = FACE_BOUND('',#904,.T.);
#904 = EDGE_LOOP('',(#905,#913,#919,#920));
#905 = ORIENTED_EDGE('',*,*,#906,.T.);
#906 = EDGE_CURVE('',#877,#907,#909,.T.);
#907 = VERTEX_POINT('',#908);
#908 = CARTESIAN_POINT('',(1.2,5.,2.));
#909 = LINE('',#910,#911);
#910 = CARTESIAN_POINT('',(0.,5.,2.));
#911 = VECTOR('',#912,1.);
#912 = DIRECTION('',(-1.,0.,0.));
#913 = ORIENTED_EDGE('',*,*,#914,.T.);
#914 = EDGE_CURVE('',#907,#624,#915,.T.);
#915 = LINE('',#916,#917);
#916 = CARTESIAN_POINT('',(1.2,5.,2.));
#917 = VECTOR('',#918,1.);
#918 = DIRECTION('',(0.,0.,1.));
#919 = ORIENTED_EDGE('',*,*,#623,.T.);
#920 = ORIENTED_EDGE('',*,*,#885,.F.);
#921 = PLANE('',#922);
#922 = AXIS2_PLACEMENT_3D('',#923,#924,#925);
#923 = CARTESIAN_POINT('',(1.2,5.,2.));
#924 = DIRECTION('',(0.,1.,0.));
#925 = DIRECTION('',(1.,-0.,0.));
#926 = ADVANCED_FACE('',(#927),#946,.T.);
#927 = FACE_BOUND('',#928,.T.);
#928 = EDGE_LOOP('',(#929,#938,#944,#945));
#929 = ORIENTED_EDGE('',*,*,#930,.T.);
#930 = EDGE_CURVE('',#907,#931,#933,.T.);
#931 = VERTEX_POINT('',#932);
#932 = CARTESIAN_POINT('',(1.,4.8,2.));
#933 = CIRCLE('',#934,0.2);
#934 = AXIS2_PLACEMENT_3D('',#935,#936,#937);
#935 = CARTESIAN_POINT('',(1.2,4.8,2.));
#936 = DIRECTION('',(0.,0.,1.));
#937 = DIRECTION('',(1.,0.,-0.));
#938 = ORIENTED_EDGE('',*,*,#939,.T.);
#939 = EDGE_CURVE('',#931,#632,#940,.T.);
#940 = LINE('',#941,#942);
#941 = CARTESIAN_POINT('',(1.,4.8,2.));
#942 = VECTOR('',#943,1.);
#943 = DIRECTION('',(0.,0.,1.));
#944 = ORIENTED_EDGE('',*,*,#631,.F.);
#945 = ORIENTED_EDGE('',*,*,#914,.F.);
#946 = CYLINDRICAL_SURFACE('',#947,0.2);
#947 = AXIS2_PLACEMENT_3D('',#948,#949,#950);
#948 = CARTESIAN_POINT('',(1.2,4.8,2.));
#949 = DIRECTION('',(0.,0.,1.));
#950 = DIRECTION('',(1.,0.,-0.));
#951 = ADVANCED_FACE('',(#952),#970,.T.);
#952 = FACE_BOUND('',#953,.T.);
#953 = EDGE_LOOP('',(#954,#962,#968,#969));
#954 = ORIENTED_EDGE('',*,*,#955,.T.);
#955 = EDGE_CURVE('',#931,#956,#958,.T.);
#956 = VERTEX_POINT('',#957);
#957 = CARTESIAN_POINT('',(1.,2.7,2.));
#958 = LINE('',#959,#960);
#959 = CARTESIAN_POINT('',(1.,0.,2.));
#960 = VECTOR('',#961,1.);
#961 = DIRECTION('',(-0.,-1.,0.));
#962 = ORIENTED_EDGE('',*,*,#963,.T.);
#963 = EDGE_CURVE('',#956,#641,#964,.T.);
#964 = LINE('',#965,#966);
#965 = CARTESIAN_POINT('',(1.,2.7,2.));
#966 = VECTOR('',#967,1.);
#967 = DIRECTION('',(0.,0.,1.));
#968 = ORIENTED_EDGE('',*,*,#640,.T.);
#969 = ORIENTED_EDGE('',*,*,#939,.F.);
#970 = PLANE('',#971);
#971 = AXIS2_PLACEMENT_3D('',#972,#973,#974);
#972 = CARTESIAN_POINT('',(1.,2.7,2.));
#973 = DIRECTION('',(-1.,0.,0.));
#974 = DIRECTION('',(0.,1.,0.));
#975 = ADVANCED_FACE('',(#976),#995,.F.);
#976 = FACE_BOUND('',#977,.F.);
#977 = EDGE_LOOP('',(#978,#979,#980,#988));
#978 = ORIENTED_EDGE('',*,*,#963,.T.);
#979 = ORIENTED_EDGE('',*,*,#648,.F.);
#980 = ORIENTED_EDGE('',*,*,#981,.F.);
#981 = EDGE_CURVE('',#982,#649,#984,.T.);
#982 = VERTEX_POINT('',#983);
#983 = CARTESIAN_POINT('',(0.8,2.5,2.));
#984 = LINE('',#985,#986);
#985 = CARTESIAN_POINT('',(0.8,2.5,2.));
#986 = VECTOR('',#987,1.);
#987 = DIRECTION('',(0.,0.,1.));
#988 = ORIENTED_EDGE('',*,*,#989,.T.);
#989 = EDGE_CURVE('',#982,#956,#990,.T.);
#990 = CIRCLE('',#991,0.2);
#991 = AXIS2_PLACEMENT_3D('',#992,#993,#994);
#992 = CARTESIAN_POINT('',(0.8,2.7,2.));
#993 = DIRECTION('',(0.,0.,1.));
#994 = DIRECTION('',(1.,0.,-0.));
#995 = CYLINDRICAL_SURFACE('',#996,0.2);
#996 = AXIS2_PLACEMENT_3D('',#997,#998,#999);
#997 = CARTESIAN_POINT('',(0.8,2.7,2.));
#998 = DIRECTION('',(0.,0.,1.));
#999 = DIRECTION('',(1.,0.,-0.));
#1000 = ADVANCED_FACE('',(#1001),#1019,.T.);
#1001 = FACE_BOUND('',#1002,.T.);
#1002 = EDGE_LOOP('',(#1003,#1011,#1017,#1018));
#1003 = ORIENTED_EDGE('',*,*,#1004,.T.);
#1004 = EDGE_CURVE('',#982,#1005,#1007,.T.);
#1005 = VERTEX_POINT('',#1006);
#1006 = CARTESIAN_POINT('',(-0.8,2.5,2.));
#1007 = LINE('',#1008,#1009);
#1008 = CARTESIAN_POINT('',(0.,2.5,2.));
#1009 = VECTOR('',#1010,1.);
#1010 = DIRECTION('',(-1.,0.,0.));
#1011 = ORIENTED_EDGE('',*,*,#1012,.T.);
#1012 = EDGE_CURVE('',#1005,#658,#1013,.T.);
#1013 = LINE('',#1014,#1015);
#1014 = CARTESIAN_POINT('',(-0.8,2.5,2.));
#1015 = VECTOR('',#1016,1.);
#1016 = DIRECTION('',(0.,0.,1.));
#1017 = ORIENTED_EDGE('',*,*,#657,.T.);
#1018 = ORIENTED_EDGE('',*,*,#981,.F.);
#1019 = PLANE('',#1020);
#1020 = AXIS2_PLACEMENT_3D('',#1021,#1022,#1023);
#1021 = CARTESIAN_POINT('',(-0.8,2.5,2.));
#1022 = DIRECTION('',(0.,1.,0.));
#1023 = DIRECTION('',(1.,-0.,0.));
#1024 = ADVANCED_FACE('',(#1025),#1044,.F.);
#1025 = FACE_BOUND('',#1026,.F.);
#1026 = EDGE_LOOP('',(#1027,#1028,#1029,#1037));
#1027 = ORIENTED_EDGE('',*,*,#1012,.T.);
#1028 = ORIENTED_EDGE('',*,*,#665,.F.);
#1029 = ORIENTED_EDGE('',*,*,#1030,.F.);
#1030 = EDGE_CURVE('',#1031,#666,#1033,.T.);
#1031 = VERTEX_POINT('',#1032);
#1032 = CARTESIAN_POINT('',(-1.,2.7,2.));
#1033 = LINE('',#1034,#1035);
#1034 = CARTESIAN_POINT('',(-1.,2.7,2.));
#1035 = VECTOR('',#1036,1.);
#1036 = DIRECTION('',(0.,0.,1.));
#1037 = ORIENTED_EDGE('',*,*,#1038,.T.);
#1038 = EDGE_CURVE('',#1031,#1005,#1039,.T.);
#1039 = CIRCLE('',#1040,0.2);
#1040 = AXIS2_PLACEMENT_3D('',#1041,#1042,#1043);
#1041 = CARTESIAN_POINT('',(-0.8,2.7,2.));
#1042 = DIRECTION('',(0.,0.,1.));
#1043 = DIRECTION('',(1.,0.,-0.));
#1044 = CYLINDRICAL_SURFACE('',#1045,0.2);
#1045 = AXIS2_PLACEMENT_3D('',#1046,#1047,#1048);
#1046 = CARTESIAN_POINT('',(-0.8,2.7,2.));
#1047 = DIRECTION('',(0.,0.,1.));
#1048 = DIRECTION('',(1.,0.,-0.));
#1049 = ADVANCED_FACE('',(#1050),#1068,.T.);
#1050 = FACE_BOUND('',#1051,.T.);
#1051 = EDGE_LOOP('',(#1052,#1060,#1066,#1067));
#1052 = ORIENTED_EDGE('',*,*,#1053,.T.);
#1053 = EDGE_CURVE('',#1031,#1054,#1056,.T.);
#1054 = VERTEX_POINT('',#1055);
#1055 = CARTESIAN_POINT('',(-1.,4.8,2.));
#1056 = LINE('',#1057,#1058);
#1057 = CARTESIAN_POINT('',(-1.,0.,2.));
#1058 = VECTOR('',#1059,1.);
#1059 = DIRECTION('',(-0.,1.,0.));
#1060 = ORIENTED_EDGE('',*,*,#1061,.T.);
#1061 = EDGE_CURVE('',#1054,#675,#1062,.T.);
#1062 = LINE('',#1063,#1064);
#1063 = CARTESIAN_POINT('',(-1.,4.8,2.));
#1064 = VECTOR('',#1065,1.);
#1065 = DIRECTION('',(0.,0.,1.));
#1066 = ORIENTED_EDGE('',*,*,#674,.F.);
#1067 = ORIENTED_EDGE('',*,*,#1030,.F.);
#1068 = PLANE('',#1069);
#1069 = AXIS2_PLACEMENT_3D('',#1070,#1071,#1072);
#1070 = CARTESIAN_POINT('',(-1.,4.8,2.));
#1071 = DIRECTION('',(1.,0.,0.));
#1072 = DIRECTION('',(0.,-1.,0.));
#1073 = ADVANCED_FACE('',(#1074),#1086,.T.);
#1074 = FACE_BOUND('',#1075,.T.);
#1075 = EDGE_LOOP('',(#1076,#1083,#1084,#1085));
#1076 = ORIENTED_EDGE('',*,*,#1077,.T.);
#1077 = EDGE_CURVE('',#1054,#844,#1078,.T.);
#1078 = CIRCLE('',#1079,0.2);
#1079 = AXIS2_PLACEMENT_3D('',#1080,#1081,#1082);
#1080 = CARTESIAN_POINT('',(-1.2,4.8,2.));
#1081 = DIRECTION('',(0.,0.,1.));
#1082 = DIRECTION('',(1.,0.,-0.));
#1083 = ORIENTED_EDGE('',*,*,#860,.T.);
#1084 = ORIENTED_EDGE('',*,*,#682,.F.);
#1085 = ORIENTED_EDGE('',*,*,#1061,.F.);
#1086 = CYLINDRICAL_SURFACE('',#1087,0.2);
#1087 = AXIS2_PLACEMENT_3D('',#1088,#1089,#1090);
#1088 = CARTESIAN_POINT('',(-1.2,4.8,2.));
#1089 = DIRECTION('',(0.,0.,1.));
#1090 = DIRECTION('',(1.,0.,-0.));
#1091 = ADVANCED_FACE('',(#1092),#1231,.T.);
#1092 = FACE_BOUND('',#1093,.T.);
#1093 = EDGE_LOOP('',(#1094,#1104,#1209,#1215,#1216,#1224));
#1094 = ORIENTED_EDGE('',*,*,#1095,.T.);
#1095 = EDGE_CURVE('',#1096,#1098,#1100,.T.);
#1096 = VERTEX_POINT('',#1097);
#1097 = CARTESIAN_POINT('',(-3.12,0.8,12.7));
#1098 = VERTEX_POINT('',#1099);
#1099 = CARTESIAN_POINT('',(-3.12,0.8,11.614213562373));
#1100 = LINE('',#1101,#1102);
#1101 = CARTESIAN_POINT('',(-3.12,0.8,9.45));
#1102 = VECTOR('',#1103,1.);
#1103 = DIRECTION('',(0.,0.,-1.));
#1104 = ORIENTED_EDGE('',*,*,#1105,.F.);
#1105 = EDGE_CURVE('',#1106,#1098,#1108,.T.);
#1106 = VERTEX_POINT('',#1107);
#1107 = CARTESIAN_POINT('',(-4.12,1.8,10.2));
#1108 = B_SPLINE_CURVE_WITH_KNOTS('',3,(#1109,#1110,#1111,#1112,#1113,
    #1114,#1115,#1116,#1117,#1118,#1119,#1120,#1121,#1122,#1123,#1124,
    #1125,#1126,#1127,#1128,#1129,#1130,#1131,#1132,#1133,#1134,#1135,
    #1136,#1137,#1138,#1139,#1140,#1141,#1142,#1143,#1144,#1145,#1146,
    #1147,#1148,#1149,#1150,#1151,#1152,#1153,#1154,#1155,#1156,#1157,
    #1158,#1159,#1160,#1161,#1162,#1163,#1164,#1165,#1166,#1167,#1168,
    #1169,#1170,#1171,#1172,#1173,#1174,#1175,#1176,#1177,#1178,#1179,
    #1180,#1181,#1182,#1183,#1184,#1185,#1186,#1187,#1188,#1189,#1190,
    #1191,#1192,#1193,#1194,#1195,#1196,#1197,#1198,#1199,#1200,#1201,
    #1202,#1203,#1204,#1205,#1206,#1207,#1208),.UNSPECIFIED.,.F.,.F.,(4,
    3,3,3,3,3,3,3,3,3,3,3,3,3,3,3,3,3,3,3,3,3,3,3,3,3,3,3,3,3,3,3,3,4),(
    0.,7.4891524458E-02,0.149521205541,0.186672701815,0.223867731678,
    0.298571968874,0.373484136787,0.448341623888,0.52289970707,
    0.597271544447,0.67202784125,0.74694763287,0.821749006642,
    0.896173170558,0.9706197082,1.045393427806,1.120307081168,
    1.195113779305,1.269546957795,1.343900165185,1.418462169377,
    1.493126106818,1.567737806209,1.642113974434,1.716425970731,
    1.790885880451,1.865405440788,1.93988063287,2.014199477649,
    2.088507458136,2.162953182684,2.237445709259,2.311891239045,
    2.38619739165),.UNSPECIFIED.);
#1109 = CARTESIAN_POINT('',(-4.12,1.8,10.2));
#1110 = CARTESIAN_POINT('',(-4.12,1.775018894149,10.2));
#1111 = CARTESIAN_POINT('',(-4.11906227761,1.750042002543,
    10.200330499512));
#1112 = CARTESIAN_POINT('',(-4.117197599037,1.725187243902,
    10.200993924247));
#1113 = CARTESIAN_POINT('',(-4.115332906705,1.700332301862,
    10.201657353877));
#1114 = CARTESIAN_POINT('',(-4.112541502634,1.675601428802,
    10.202653693026));
#1115 = CARTESIAN_POINT('',(-4.108853135099,1.651105818765,
    10.203990572027));
#1116 = CARTESIAN_POINT('',(-4.107008685589,1.63885624887,
    10.204659107847));
#1117 = CARTESIAN_POINT('',(-4.104941658829,1.626673164037,
    10.205412352495));
#1118 = CARTESIAN_POINT('',(-4.102653269531,1.614547709961,
    10.20625320765));
#1119 = CARTESIAN_POINT('',(-4.100363411998,1.602414476174,
    10.207094602298));
#1120 = CARTESIAN_POINT('',(-4.0978454442,1.590306245507,10.20802609109)
  );
#1121 = CARTESIAN_POINT('',(-4.095100752197,1.578237687906,
    10.209051372569));
#1122 = CARTESIAN_POINT('',(-4.08961135431,1.554100511677,
    10.211101940711));
#1123 = CARTESIAN_POINT('',(-4.083213764342,1.530122664131,
    10.21352747164));
#1124 = CARTESIAN_POINT('',(-4.075936116225,1.506425236616,
    10.216360032717));
#1125 = CARTESIAN_POINT('',(-4.068658515864,1.4827279646,10.219192575207
    ));
#1126 = CARTESIAN_POINT('',(-4.060501451637,1.459313485815,
    10.222432099647));
#1127 = CARTESIAN_POINT('',(-4.051516686924,1.43630141328,
    10.226111720737));
#1128 = CARTESIAN_POINT('',(-4.042531902853,1.413289291165,
    10.229791349754));
#1129 = CARTESIAN_POINT('',(-4.032720380954,1.390682023528,
    10.23391093591));
#1130 = CARTESIAN_POINT('',(-4.022155666243,1.368589344284,
    10.238502054609));
#1131 = CARTESIAN_POINT('',(-4.011590832309,1.346496415725,
    10.243093225119));
#1132 = CARTESIAN_POINT('',(-4.000274120531,1.324920470958,
    10.248155641989));
#1133 = CARTESIAN_POINT('',(-3.988295999316,1.303953573169,
    10.253717308972));
#1134 = CARTESIAN_POINT('',(-3.976329318399,1.283006700854,
    10.259273664008));
#1135 = CARTESIAN_POINT('',(-3.963673150964,1.262608096222,
    10.265340740897));
#1136 = CARTESIAN_POINT('',(-3.950316208502,1.24270744317,
    10.272005076554));
#1137 = CARTESIAN_POINT('',(-3.936967345056,1.222818827131,
    10.278665381252));
#1138 = CARTESIAN_POINT('',(-3.922951148906,1.203484408078,
    10.285907468439));
#1139 = CARTESIAN_POINT('',(-3.90837480006,1.184804767061,
    10.293763042735));
#1140 = CARTESIAN_POINT('',(-3.893798547589,1.166125249548,
    10.301618565093));
#1141 = CARTESIAN_POINT('',(-3.87866459669,1.148103691292,
    10.310086769051));
#1142 = CARTESIAN_POINT('',(-3.863103286639,1.130823262965,
    10.319181761487));
#1143 = CARTESIAN_POINT('',(-3.847541875945,1.113542722875,
    10.328276812745));
#1144 = CARTESIAN_POINT('',(-3.831556076503,1.097006243026,
    10.337997380163));
#1145 = CARTESIAN_POINT('',(-3.815288736247,1.081269471047,
    10.348338457163));
#1146 = CARTESIAN_POINT('',(-3.799020051647,1.06553139857,
    10.358680388757));
#1147 = CARTESIAN_POINT('',(-3.782477493445,1.050599370461,
    10.369638047372));
#1148 = CARTESIAN_POINT('',(-3.765789253258,1.036484289372,
    10.381199369368));
#1149 = CARTESIAN_POINT('',(-3.749086493259,1.022356927279,
    10.392770750438));
#1150 = CARTESIAN_POINT('',(-3.732131331149,1.008958188776,
    10.40502037251));
#1151 = CARTESIAN_POINT('',(-3.715046248043,0.996308540115,
    10.417944902406));
#1152 = CARTESIAN_POINT('',(-3.69796145546,0.983659106554,
    10.430869212527));
#1153 = CARTESIAN_POINT('',(-3.680749356822,0.971760685137,
    10.444466951106));
#1154 = CARTESIAN_POINT('',(-3.663542984344,0.960618665812,
    10.45870935329));
#1155 = CARTESIAN_POINT('',(-3.64633669936,0.949476703144,
    10.472951683051));
#1156 = CARTESIAN_POINT('',(-3.629138811175,0.939092578416,
    10.487836818357));
#1157 = CARTESIAN_POINT('',(-3.612081432097,0.929450826088,
    10.50331295454));
#1158 = CARTESIAN_POINT('',(-3.595023962234,0.919809022443,
    10.518789173092));
#1159 = CARTESIAN_POINT('',(-3.578109382787,0.910910489492,
    10.534854380798));
#1160 = CARTESIAN_POINT('',(-3.561458477329,0.90271832026,
    10.551438965019));
#1161 = CARTESIAN_POINT('',(-3.54480640952,0.894525579156,10.56802470696
    ));
#1162 = CARTESIAN_POINT('',(-3.528423754197,0.887041345347,
    10.585123743674));
#1163 = CARTESIAN_POINT('',(-3.512400626836,0.88020559468,
    10.602668393552));
#1164 = CARTESIAN_POINT('',(-3.496365274686,0.8733646287,10.620226429057
    ));
#1165 = CARTESIAN_POINT('',(-3.480599523715,0.867134506762,
    10.638329041402));
#1166 = CARTESIAN_POINT('',(-3.465176489641,0.861462205876,
    10.656934783791));
#1167 = CARTESIAN_POINT('',(-3.449753546981,0.85578993861,
    10.675540415903));
#1168 = CARTESIAN_POINT('',(-3.434674101711,0.850675685776,
    10.694648349823));
#1169 = CARTESIAN_POINT('',(-3.420005662374,0.846062579335,
    10.714206012591));
#1170 = CARTESIAN_POINT('',(-3.405337251674,0.841449481901,
    10.733763637174));
#1171 = CARTESIAN_POINT('',(-3.391080501375,0.8373376005,10.753770157754
    ));
#1172 = CARTESIAN_POINT('',(-3.37729428948,0.833666905979,
    10.774164446522));
#1173 = CARTESIAN_POINT('',(-3.363508056159,0.829996205752,
    10.794558766987));
#1174 = CARTESIAN_POINT('',(-3.350192874774,0.826766678443,
    10.815340062006));
#1175 = CARTESIAN_POINT('',(-3.337396955876,0.823916723032,
    10.836441467732));
#1176 = CARTESIAN_POINT('',(-3.324600896106,0.821066736247,
    10.857543105764));
#1177 = CARTESIAN_POINT('',(-3.31232479749,0.818596322436,
    10.878963546531));
#1178 = CARTESIAN_POINT('',(-3.300604126337,0.816444129929,
    10.900634885165));
#1179 = CARTESIAN_POINT('',(-3.288880409579,0.814291378177,
    10.922311855076));
#1180 = CARTESIAN_POINT('',(-3.277661326966,0.81244768332,
    10.944333429216));
#1181 = CARTESIAN_POINT('',(-3.266977141675,0.810860111094,
    10.96665727536));
#1182 = CARTESIAN_POINT('',(-3.256292974446,0.809272541552,
    10.988981083766));
#1183 = CARTESIAN_POINT('',(-3.246143851686,0.807941062133,
    11.011606879462));
#1184 = CARTESIAN_POINT('',(-3.236555249876,0.806815790638,
    11.034488952445));
#1185 = CARTESIAN_POINT('',(-3.226966654084,0.805690519849,
    11.05737101107));
#1186 = CARTESIAN_POINT('',(-3.217938708246,0.804771413575,
    11.080509043326));
#1187 = CARTESIAN_POINT('',(-3.209491593771,0.804012422445,
    11.103854829758));
#1188 = CARTESIAN_POINT('',(-3.201044474116,0.803253430849,
    11.127200630505));
#1189 = CARTESIAN_POINT('',(-3.193178295123,0.802654507694,
    11.150753859154));
#1190 = CARTESIAN_POINT('',(-3.185907581907,0.802174268398,
    11.174464842798));
#1191 = CARTESIAN_POINT('',(-3.178636845797,0.80169402759,
    11.198175901104));
#1192 = CARTESIAN_POINT('',(-3.171961688635,0.801332428983,
    11.222044260035));
#1193 = CARTESIAN_POINT('',(-3.165890716374,0.801053533891,
    11.246020418388));
#1194 = CARTESIAN_POINT('',(-3.159819158018,0.800774611875,
    11.269998891417));
#1195 = CARTESIAN_POINT('',(-3.15433172077,0.800577539137,
    11.294164537866));
#1196 = CARTESIAN_POINT('',(-3.149442795438,0.800433533077,
    11.318474643541));
#1197 = CARTESIAN_POINT('',(-3.144553877819,0.800289527244,
    11.342784710867));
#1198 = CARTESIAN_POINT('',(-3.14026354231,0.800198546553,
    11.367238958092));
#1199 = CARTESIAN_POINT('',(-3.136582002753,0.80013749086,
    11.391792687808));
#1200 = CARTESIAN_POINT('',(-3.132900465206,0.800076435199,
    11.416346404111));
#1201 = CARTESIAN_POINT('',(-3.129827774886,0.800045272238,
    11.440999295674));
#1202 = CARTESIAN_POINT('',(-3.127369644562,0.800027156199,
    11.465705575972));
#1203 = CARTESIAN_POINT('',(-3.124911512759,0.80000904015,
    11.490411871143));
#1204 = CARTESIAN_POINT('',(-3.123067968683,0.80000395238,
    11.515171226457));
#1205 = CARTESIAN_POINT('',(-3.121840091764,0.80000169297,
    11.539937796773));
#1206 = CARTESIAN_POINT('',(-3.120612212469,0.799999433556,
    11.564704415036));
#1207 = CARTESIAN_POINT('',(-3.12,0.8,11.589477908678));
#1208 = CARTESIAN_POINT('',(-3.12,0.8,11.614213562373));
#1209 = ORIENTED_EDGE('',*,*,#1210,.T.);
#1210 = EDGE_CURVE('',#1106,#720,#1211,.T.);
#1211 = LINE('',#1212,#1213);
#1212 = CARTESIAN_POINT('',(-4.12,1.8,9.45));
#1213 = VECTOR('',#1214,1.);
#1214 = DIRECTION('',(0.,0.,-1.));
#1215 = ORIENTED_EDGE('',*,*,#717,.F.);
#1216 = ORIENTED_EDGE('',*,*,#1217,.F.);
#1217 = EDGE_CURVE('',#1218,#718,#1220,.T.);
#1218 = VERTEX_POINT('',#1219);
#1219 = CARTESIAN_POINT('',(-2.12,1.8,12.7));
#1220 = LINE('',#1221,#1222);
#1221 = CARTESIAN_POINT('',(-2.12,1.8,9.45));
#1222 = VECTOR('',#1223,1.);
#1223 = DIRECTION('',(0.,0.,-1.));
#1224 = ORIENTED_EDGE('',*,*,#1225,.F.);
#1225 = EDGE_CURVE('',#1096,#1218,#1226,.T.);
#1226 = CIRCLE('',#1227,1.);
#1227 = AXIS2_PLACEMENT_3D('',#1228,#1229,#1230);
#1228 = CARTESIAN_POINT('',(-3.12,1.8,12.7));
#1229 = DIRECTION('',(0.,0.,1.));
#1230 = DIRECTION('',(-1.,0.,0.));
#1231 = CYLINDRICAL_SURFACE('',#1232,1.);
#1232 = AXIS2_PLACEMENT_3D('',#1233,#1234,#1235);
#1233 = CARTESIAN_POINT('',(-3.12,1.8,9.45));
#1234 = DIRECTION('',(0.,0.,-1.));
#1235 = DIRECTION('',(1.,0.,0.));
#1236 = ADVANCED_FACE('',(#1237),#1383,.F.);
#1237 = FACE_BOUND('',#1238,.F.);
#1238 = EDGE_LOOP('',(#1239,#1249,#1258,#1266,#1368,#1376));
#1239 = ORIENTED_EDGE('',*,*,#1240,.F.);
#1240 = EDGE_CURVE('',#1241,#1243,#1245,.T.);
#1241 = VERTEX_POINT('',#1242);
#1242 = CARTESIAN_POINT('',(-2.42,1.8,12.7));
#1243 = VERTEX_POINT('',#1244);
#1244 = CARTESIAN_POINT('',(-2.42,1.8,9.2));
#1245 = LINE('',#1246,#1247);
#1246 = CARTESIAN_POINT('',(-2.42,1.8,9.45));
#1247 = VECTOR('',#1248,1.);
#1248 = DIRECTION('',(0.,0.,-1.));
#1249 = ORIENTED_EDGE('',*,*,#1250,.F.);
#1250 = EDGE_CURVE('',#1251,#1241,#1253,.T.);
#1251 = VERTEX_POINT('',#1252);
#1252 = CARTESIAN_POINT('',(-3.12,1.1,12.7));
#1253 = CIRCLE('',#1254,0.7);
#1254 = AXIS2_PLACEMENT_3D('',#1255,#1256,#1257);
#1255 = CARTESIAN_POINT('',(-3.12,1.8,12.7));
#1256 = DIRECTION('',(0.,0.,1.));
#1257 = DIRECTION('',(-1.,0.,0.));
#1258 = ORIENTED_EDGE('',*,*,#1259,.T.);
#1259 = EDGE_CURVE('',#1251,#1260,#1262,.T.);
#1260 = VERTEX_POINT('',#1261);
#1261 = CARTESIAN_POINT('',(-3.12,1.1,11.614213562373));
#1262 = LINE('',#1263,#1264);
#1263 = CARTESIAN_POINT('',(-3.12,1.1,9.45));
#1264 = VECTOR('',#1265,1.);
#1265 = DIRECTION('',(0.,0.,-1.));
#1266 = ORIENTED_EDGE('',*,*,#1267,.F.);
#1267 = EDGE_CURVE('',#1268,#1260,#1270,.T.);
#1268 = VERTEX_POINT('',#1269);
#1269 = CARTESIAN_POINT('',(-3.82,1.8,10.345355808281));
#1270 = B_SPLINE_CURVE_WITH_KNOTS('',3,(#1271,#1272,#1273,#1274,#1275,
    #1276,#1277,#1278,#1279,#1280,#1281,#1282,#1283,#1284,#1285,#1286,
    #1287,#1288,#1289,#1290,#1291,#1292,#1293,#1294,#1295,#1296,#1297,
    #1298,#1299,#1300,#1301,#1302,#1303,#1304,#1305,#1306,#1307,#1308,
    #1309,#1310,#1311,#1312,#1313,#1314,#1315,#1316,#1317,#1318,#1319,
    #1320,#1321,#1322,#1323,#1324,#1325,#1326,#1327,#1328,#1329,#1330,
    #1331,#1332,#1333,#1334,#1335,#1336,#1337,#1338,#1339,#1340,#1341,
    #1342,#1343,#1344,#1345,#1346,#1347,#1348,#1349,#1350,#1351,#1352,
    #1353,#1354,#1355,#1356,#1357,#1358,#1359,#1360,#1361,#1362,#1363,
    #1364,#1365,#1366,#1367),.UNSPECIFIED.,.F.,.F.,(4,3,3,3,3,3,3,3,3,3,
    3,3,3,3,3,3,3,3,3,3,3,3,3,3,3,3,3,3,3,3,3,3,4),(0.,
    5.841212887687E-02,0.117141024582,0.175907787006,0.234415764113,
    0.292809144615,0.351511628048,0.410283090463,0.468838490564,
    0.527169278542,0.585767105546,0.644532833987,0.703263639879,
    0.761713835428,0.82002621253,0.878527435777,0.9371835845,
    0.995908941636,1.054578917842,1.113041903958,1.171312209065,
    1.229685094955,1.288141462054,1.346635874997,1.4051115176,
    1.463503792538,1.521769923462,1.580097797144,1.638506630166,
    1.696952766311,1.75539087777,1.813775283551,1.87206140745),
  .UNSPECIFIED.);
#1271 = CARTESIAN_POINT('',(-3.820000000037,1.8,10.345355808281));
#1272 = CARTESIAN_POINT('',(-3.820000000037,1.780599438448,
    10.345355808281));
#1273 = CARTESIAN_POINT('',(-3.819192218015,1.761128183475,
    10.345864005395));
#1274 = CARTESIAN_POINT('',(-3.817566537303,1.74168254091,
    10.346893343192));
#1275 = CARTESIAN_POINT('',(-3.815941114645,1.722239985054,
    10.347922517597));
#1276 = CARTESIAN_POINT('',(-3.813498099623,1.702839166031,
    10.349472679096));
#1277 = CARTESIAN_POINT('',(-3.810257850227,1.683620877303,
    10.351550641843));
#1278 = CARTESIAN_POINT('',(-3.807017604574,1.664402610772,
    10.35362860219));
#1279 = CARTESIAN_POINT('',(-3.802980838264,1.645371253112,
    10.356234087371));
#1280 = CARTESIAN_POINT('',(-3.798199212709,1.62666267603,
    10.359365577154));
#1281 = CARTESIAN_POINT('',(-3.793417504683,1.607953776272,
    10.362497120948));
#1282 = CARTESIAN_POINT('',(-3.787892279062,1.589571886309,
    10.366154080024));
#1283 = CARTESIAN_POINT('',(-3.781701616099,1.571634128532,
    10.370326180192));
#1284 = CARTESIAN_POINT('',(-3.775519336636,1.553720662366,
    10.374492630432));
#1285 = CARTESIAN_POINT('',(-3.768628492987,1.536116138037,
    10.379202872908));
#1286 = CARTESIAN_POINT('',(-3.761076935852,1.518894392944,
    10.384477342741));
#1287 = CARTESIAN_POINT('',(-3.753526669355,1.501675591221,
    10.389750911114));
#1288 = CARTESIAN_POINT('',(-3.745321486527,1.484855357278,
    10.395585117521));
#1289 = CARTESIAN_POINT('',(-3.736550517924,1.468540411441,
    10.401977194076));
#1290 = CARTESIAN_POINT('',(-3.727779568872,1.452225501968,
    10.408369256384));
#1291 = CARTESIAN_POINT('',(-3.718445064204,1.436419876178,
    10.415318039902));
#1292 = CARTESIAN_POINT('',(-3.708659816734,1.421212961991,
    10.422803024244));
#1293 = CARTESIAN_POINT('',(-3.698874414694,1.406005807593,
    10.43028812682));
#1294 = CARTESIAN_POINT('',(-3.688640959799,1.391400847062,
    10.438307823415));
#1295 = CARTESIAN_POINT('',(-3.67808503855,1.377458771542,
    10.446824935824));
#1296 = CARTESIAN_POINT('',(-3.667538904131,1.363529622296,
    10.455334151666));
#1297 = CARTESIAN_POINT('',(-3.656647578064,1.350224879902,
    10.464357089934));
#1298 = CARTESIAN_POINT('',(-3.645428925353,1.337480330793,
    10.473945514736));
#1299 = CARTESIAN_POINT('',(-3.634216677383,1.324743057562,
    10.483528465496));
#1300 = CARTESIAN_POINT('',(-3.622704780012,1.312601125317,
    10.493654535269));
#1301 = CARTESIAN_POINT('',(-3.610998465895,1.301080661332,
    10.504296491513));
#1302 = CARTESIAN_POINT('',(-3.599292243073,1.289560287192,
    10.514938364763));
#1303 = CARTESIAN_POINT('',(-3.587393584112,1.278663164482,
    10.526094700688));
#1304 = CARTESIAN_POINT('',(-3.575413406794,1.268399935172,
    10.537719786585));
#1305 = CARTESIAN_POINT('',(-3.563433187968,1.258136670304,
    10.549344912758));
#1306 = CARTESIAN_POINT('',(-3.55137337083,1.24850856941,10.56143718784)
  );
#1307 = CARTESIAN_POINT('',(-3.539341925431,1.239507047699,
    10.573935654373));
#1308 = CARTESIAN_POINT('',(-3.527310311066,1.230505399572,
    10.586434296432));
#1309 = CARTESIAN_POINT('',(-3.515308697632,1.222131085789,
    10.599337535352));
#1310 = CARTESIAN_POINT('',(-3.503434146806,1.214356546118,
    10.612574557786));
#1311 = CARTESIAN_POINT('',(-3.491559867198,1.206582184021,
    10.625811277883));
#1312 = CARTESIAN_POINT('',(-3.479740284552,1.199359542747,
    10.63946136992));
#1313 = CARTESIAN_POINT('',(-3.468034167319,1.192651485241,
    10.653497829007));
#1314 = CARTESIAN_POINT('',(-3.456328117905,1.185943466597,
    10.667534206774));
#1315 = CARTESIAN_POINT('',(-3.444735949356,1.179750279297,
    10.681956548621));
#1316 = CARTESIAN_POINT('',(-3.433313727267,1.1740331412,10.696730216411
    ));
#1317 = CARTESIAN_POINT('',(-3.421891539212,1.168316020137,
    10.711503840183));
#1318 = CARTESIAN_POINT('',(-3.410639702476,1.163075105462,
    10.726628329666));
#1319 = CARTESIAN_POINT('',(-3.399609689641,1.158269198595,
    10.742062491518));
#1320 = CARTESIAN_POINT('',(-3.388579681397,1.153463293728,
    10.757496646946));
#1321 = CARTESIAN_POINT('',(-3.377771847194,1.14909247404,
    10.773240010984));
#1322 = CARTESIAN_POINT('',(-3.367231506952,1.145113306001,
    10.78924622797));
#1323 = CARTESIAN_POINT('',(-3.356691146074,1.141134130171,
    10.805252476294));
#1324 = CARTESIAN_POINT('',(-3.346418560246,1.137546624714,
    10.821521137513));
#1325 = CARTESIAN_POINT('',(-3.336451785289,1.134305907607,
    10.838002263491));
#1326 = CARTESIAN_POINT('',(-3.326484966689,1.13106517631,
    10.854483461636));
#1327 = CARTESIAN_POINT('',(-3.316824173458,1.128171214996,
    10.871176714739));
#1328 = CARTESIAN_POINT('',(-3.307499423622,1.125578791747,
    10.888030226701));
#1329 = CARTESIAN_POINT('',(-3.298181033655,1.122988136639,
    10.904872243864));
#1330 = CARTESIAN_POINT('',(-3.289175890908,1.120691940075,
    10.921912262727));
#1331 = CARTESIAN_POINT('',(-3.280474050322,1.118642473313,
    10.939180059398));
#1332 = CARTESIAN_POINT('',(-3.271774411122,1.116593525024,
    10.956443487671));
#1333 = CARTESIAN_POINT('',(-3.263388092417,1.114793985495,
    10.973916102402));
#1334 = CARTESIAN_POINT('',(-3.255331595641,1.113206465361,
    10.991573902423));
#1335 = CARTESIAN_POINT('',(-3.247275102531,1.11161894595,
    11.009231694407));
#1336 = CARTESIAN_POINT('',(-3.239548460137,1.1102434435,11.027074607164
    ));
#1337 = CARTESIAN_POINT('',(-3.232165695669,1.109044967661,
    11.045077424246));
#1338 = CARTESIAN_POINT('',(-3.224782932904,1.107846492098,
    11.063080237175));
#1339 = CARTESIAN_POINT('',(-3.21774407961,1.10682503472,11.081242874817
    ));
#1340 = CARTESIAN_POINT('',(-3.2110606171,1.105948154665,11.099539087279
    ));
#1341 = CARTESIAN_POINT('',(-3.204377153298,1.10507127444,
    11.117835303277));
#1342 = CARTESIAN_POINT('',(-3.198049111937,1.104338959052,
    11.136264999469));
#1343 = CARTESIAN_POINT('',(-3.192085342014,1.103721533101,
    11.154801188238));
#1344 = CARTESIAN_POINT('',(-3.186121567024,1.103104106626,
    11.173337392755));
#1345 = CARTESIAN_POINT('',(-3.180522092748,1.102601555247,
    11.191979979511));
#1346 = CARTESIAN_POINT('',(-3.17529306029,1.102187218888,
    11.210701656287));
#1347 = CARTESIAN_POINT('',(-3.170062199259,1.101772737637,
    11.229429879959));
#1348 = CARTESIAN_POINT('',(-3.16520934144,1.101446934619,
    11.248206211063));
#1349 = CARTESIAN_POINT('',(-3.160714774326,1.101185069456,
    11.267101721422));
#1350 = CARTESIAN_POINT('',(-3.156220198491,1.100923203785,
    11.285997268439));
#1351 = CARTESIAN_POINT('',(-3.152087853266,1.100725693002,
    11.305000789093));
#1352 = CARTESIAN_POINT('',(-3.148324407038,1.100573286208,
    11.324091262161));
#1353 = CARTESIAN_POINT('',(-3.144560963153,1.100420879509,
    11.343181723348));
#1354 = CARTESIAN_POINT('',(-3.141166435417,1.100313561663,
    11.362359065777));
#1355 = CARTESIAN_POINT('',(-3.138145864916,1.100235234106,
    11.381601605811));
#1356 = CARTESIAN_POINT('',(-3.135125295398,1.100156906575,
    11.400844139587));
#1357 = CARTESIAN_POINT('',(-3.132478697766,1.100107556202,
    11.420151789004));
#1358 = CARTESIAN_POINT('',(-3.130209405451,1.100074455359,
    11.439502416779));
#1359 = CARTESIAN_POINT('',(-3.127940113016,1.100041354515,
    11.458853045583));
#1360 = CARTESIAN_POINT('',(-3.126048136554,1.100024493593,
    11.478246560783));
#1361 = CARTESIAN_POINT('',(-3.124535050303,1.100014690641,
    11.497660637792));
#1362 = CARTESIAN_POINT('',(-3.123021963246,1.100004887684,
    11.517074725149));
#1363 = CARTESIAN_POINT('',(-3.12188777147,1.100002137799,11.53650927413
    ));
#1364 = CARTESIAN_POINT('',(-3.121132281599,1.100000915759,
    11.555942105075));
#1365 = CARTESIAN_POINT('',(-3.120376790871,1.099999693717,
    11.575374958069));
#1366 = CARTESIAN_POINT('',(-3.12,1.1,11.594805987469));
#1367 = CARTESIAN_POINT('',(-3.12,1.1,11.614213562373));
#1368 = ORIENTED_EDGE('',*,*,#1369,.T.);
#1369 = EDGE_CURVE('',#1268,#1370,#1372,.T.);
#1370 = VERTEX_POINT('',#1371);
#1371 = CARTESIAN_POINT('',(-3.82,1.8,9.2));
#1372 = LINE('',#1373,#1374);
#1373 = CARTESIAN_POINT('',(-3.82,1.8,9.45));
#1374 = VECTOR('',#1375,1.);
#1375 = DIRECTION('',(0.,0.,-1.));
#1376 = ORIENTED_EDGE('',*,*,#1377,.F.);
#1377 = EDGE_CURVE('',#1243,#1370,#1378,.T.);
#1378 = CIRCLE('',#1379,0.7);
#1379 = AXIS2_PLACEMENT_3D('',#1380,#1381,#1382);
#1380 = CARTESIAN_POINT('',(-3.12,1.8,9.2));
#1381 = DIRECTION('',(0.,0.,-1.));
#1382 = DIRECTION('',(1.,0.,0.));
#1383 = CYLINDRICAL_SURFACE('',#1384,0.7);
#1384 = AXIS2_PLACEMENT_3D('',#1385,#1386,#1387);
#1385 = CARTESIAN_POINT('',(-3.12,1.8,9.45));
#1386 = DIRECTION('',(0.,0.,-1.));
#1387 = DIRECTION('',(1.,0.,0.));
#1388 = ADVANCED_FACE('',(#1389),#1399,.F.);
#1389 = FACE_BOUND('',#1390,.T.);
#1390 = EDGE_LOOP('',(#1391,#1392));
#1391 = ORIENTED_EDGE('',*,*,#1377,.F.);
#1392 = ORIENTED_EDGE('',*,*,#1393,.F.);
#1393 = EDGE_CURVE('',#1370,#1243,#1394,.T.);
#1394 = CIRCLE('',#1395,0.7);
#1395 = AXIS2_PLACEMENT_3D('',#1396,#1397,#1398);
#1396 = CARTESIAN_POINT('',(-3.12,1.8,9.2));
#1397 = DIRECTION('',(0.,0.,-1.));
#1398 = DIRECTION('',(1.,0.,0.));
#1399 = PLANE('',#1400);
#1400 = AXIS2_PLACEMENT_3D('',#1401,#1402,#1403);
#1401 = CARTESIAN_POINT('',(-3.97,1.8,9.2));
#1402 = DIRECTION('',(-0.,-0.,-1.));
#1403 = DIRECTION('',(0.,-1.,0.));
#1404 = ADVANCED_FACE('',(#1405),#1634,.F.);
#1405 = FACE_BOUND('',#1406,.F.);
#1406 = EDGE_LOOP('',(#1407,#1515,#1523,#1626,#1627,#1633));
#1407 = ORIENTED_EDGE('',*,*,#1408,.F.);
#1408 = EDGE_CURVE('',#1409,#1106,#1411,.T.);
#1409 = VERTEX_POINT('',#1410);
#1410 = CARTESIAN_POINT('',(-3.12,2.8,11.614213562373));
#1411 = B_SPLINE_CURVE_WITH_KNOTS('',3,(#1412,#1413,#1414,#1415,#1416,
    #1417,#1418,#1419,#1420,#1421,#1422,#1423,#1424,#1425,#1426,#1427,
    #1428,#1429,#1430,#1431,#1432,#1433,#1434,#1435,#1436,#1437,#1438,
    #1439,#1440,#1441,#1442,#1443,#1444,#1445,#1446,#1447,#1448,#1449,
    #1450,#1451,#1452,#1453,#1454,#1455,#1456,#1457,#1458,#1459,#1460,
    #1461,#1462,#1463,#1464,#1465,#1466,#1467,#1468,#1469,#1470,#1471,
    #1472,#1473,#1474,#1475,#1476,#1477,#1478,#1479,#1480,#1481,#1482,
    #1483,#1484,#1485,#1486,#1487,#1488,#1489,#1490,#1491,#1492,#1493,
    #1494,#1495,#1496,#1497,#1498,#1499,#1500,#1501,#1502,#1503,#1504,
    #1505,#1506,#1507,#1508,#1509,#1510,#1511,#1512,#1513,#1514),
  .UNSPECIFIED.,.F.,.F.,(4,3,3,3,3,3,3,3,3,3,3,3,3,3,3,3,3,3,3,3,3,3,3,3
    ,3,3,3,3,3,3,3,3,3,3,4),(0.,7.434104627602E-02,0.148802286872,
    0.223290837984,0.297713204721,0.371988729081,0.44634703896,
    0.520837971049,0.595351899195,0.669788062139,0.74407008298,
    0.818514695075,0.893174990653,0.967869776703,1.042448394886,
    1.116808356346,1.191222784703,1.265991969082,1.340853181359,
    1.415564641227,1.489948657705,1.564435758919,1.639269696491,
    1.714181454705,1.788890186956,1.826088456284,1.863234287038,
    1.937845557464,2.0127230762,2.087616930498,2.162263773275,
    2.199419359625,2.236605543449,2.311288707033,2.386197397529),
  .UNSPECIFIED.);
#1412 = CARTESIAN_POINT('',(-3.12,2.8,11.614213562373));
#1413 = CARTESIAN_POINT('',(-3.12,2.8,11.589463211712));
#1414 = CARTESIAN_POINT('',(-3.120612944292,2.80000056722,
    11.564678008909));
#1415 = CARTESIAN_POINT('',(-3.121841820006,2.799998303848,
    11.539902945928));
#1416 = CARTESIAN_POINT('',(-3.123070693711,2.79999604048,11.51512792343
    ));
#1417 = CARTESIAN_POINT('',(-3.124915496463,2.799990942802,
    11.490363379219));
#1418 = CARTESIAN_POINT('',(-3.127374655523,2.799972806858,
    11.465655220214));
#1419 = CARTESIAN_POINT('',(-3.129833813726,2.79995467092,
    11.440947069826));
#1420 = CARTESIAN_POINT('',(-3.132907298417,2.799923476921,
    11.416295631375));
#1421 = CARTESIAN_POINT('',(-3.136588917626,2.799862394438,
    11.391746574506));
#1422 = CARTESIAN_POINT('',(-3.140270539696,2.799801311908,
    11.367197498566));
#1423 = CARTESIAN_POINT('',(-3.144560243303,2.799710307699,
    11.342751109186));
#1424 = CARTESIAN_POINT('',(-3.149447383672,2.799566331763,
    11.318451829534));
#1425 = CARTESIAN_POINT('',(-3.154335315147,2.799422332522,
    11.29414861644));
#1426 = CARTESIAN_POINT('',(-3.159816630474,2.799225490504,
    11.270009490641));
#1427 = CARTESIAN_POINT('',(-3.165888461996,2.79894656967,
    11.246029321748));
#1428 = CARTESIAN_POINT('',(-3.171963509548,2.798667501102,
    11.222036451428));
#1429 = CARTESIAN_POINT('',(-3.178642583131,2.798305658397,
    11.198155483727));
#1430 = CARTESIAN_POINT('',(-3.185916457648,2.797825145309,
    11.174435898597));
#1431 = CARTESIAN_POINT('',(-3.193190319099,2.797344633085,
    11.150716356075));
#1432 = CARTESIAN_POINT('',(-3.201058894847,2.796745407125,
    11.12715853936));
#1433 = CARTESIAN_POINT('',(-3.20950724499,2.795986171136,
    11.103811575637));
#1434 = CARTESIAN_POINT('',(-3.217955592252,2.795226935406,
    11.080464619876));
#1435 = CARTESIAN_POINT('',(-3.226983605362,2.794307643308,
    11.057328833925));
#1436 = CARTESIAN_POINT('',(-3.23657084362,2.793182379232,
    11.034451741211));
#1437 = CARTESIAN_POINT('',(-3.246158089827,2.792057114224,
    11.011574629528));
#1438 = CARTESIAN_POINT('',(-3.256304434301,2.79072583471,
    10.988956504992));
#1439 = CARTESIAN_POINT('',(-3.266984311106,2.789138823568,
    10.966642295556));
#1440 = CARTESIAN_POINT('',(-3.277665686086,2.787551589798,
    10.944324955878));
#1441 = CARTESIAN_POINT('',(-3.288873580395,2.785709797935,
    10.92232494105));
#1442 = CARTESIAN_POINT('',(-3.300597807101,2.783557030411,
    10.900646569461));
#1443 = CARTESIAN_POINT('',(-3.312330501444,2.781402708084,
    10.878952541012));
#1444 = CARTESIAN_POINT('',(-3.324618600446,2.77892971108,
    10.857512173543));
#1445 = CARTESIAN_POINT('',(-3.337425343185,2.776076954006,
    10.83639465691));
#1446 = CARTESIAN_POINT('',(-3.350232027164,2.773224210021,
    10.815277237169));
#1447 = CARTESIAN_POINT('',(-3.363556970998,2.769991646658,
    10.794483404989));
#1448 = CARTESIAN_POINT('',(-3.377351735723,2.766317796649,
    10.774079471118));
#1449 = CARTESIAN_POINT('',(-3.391146483168,2.762643951242,
    10.753675562804));
#1450 = CARTESIAN_POINT('',(-3.405410539475,2.758528807261,
    10.73366233851));
#1451 = CARTESIAN_POINT('',(-3.420084999789,2.753912466059,
    10.714100240469));
#1452 = CARTESIAN_POINT('',(-3.434759492348,2.749296114713,
    10.694538099443));
#1453 = CARTESIAN_POINT('',(-3.449843739015,2.744178637898,
    10.675427907336));
#1454 = CARTESIAN_POINT('',(-3.465270415334,2.738503244691,
    10.656821486838));
#1455 = CARTESIAN_POINT('',(-3.480697186166,2.732827816713,
    10.638214952346));
#1456 = CARTESIAN_POINT('',(-3.496465615123,2.726594667054,
    10.620113004298));
#1457 = CARTESIAN_POINT('',(-3.512502976718,2.719750734312,
    10.602556336124));
#1458 = CARTESIAN_POINT('',(-3.528526790842,2.712912582944,
    10.585014498846));
#1459 = CARTESIAN_POINT('',(-3.544904766605,2.70542816941,
    10.567923844767));
#1460 = CARTESIAN_POINT('',(-3.561551590599,2.697235862436,
    10.551346230747));
#1461 = CARTESIAN_POINT('',(-3.578196850558,2.689044325162,
    10.53477017426));
#1462 = CARTESIAN_POINT('',(-3.595103454424,2.680147835253,
    10.518715111016));
#1463 = CARTESIAN_POINT('',(-3.612150881357,2.67050991378,
    10.503249947282));
#1464 = CARTESIAN_POINT('',(-3.629198229382,2.66087203692,
    10.487784855133));
#1465 = CARTESIAN_POINT('',(-3.646384032265,2.650493631728,
    10.472911653909));
#1466 = CARTESIAN_POINT('',(-3.663576911523,2.639359363603,
    10.458681271248));
#1467 = CARTESIAN_POINT('',(-3.680769890323,2.628225031014,
    10.444450806196));
#1468 = CARTESIAN_POINT('',(-3.697967302356,2.616336269866,
    10.430864990462));
#1469 = CARTESIAN_POINT('',(-3.715037291482,2.603698091168,
    10.417951677921));
#1470 = CARTESIAN_POINT('',(-3.73210800226,2.591059378178,
    10.405037819457));
#1471 = CARTESIAN_POINT('',(-3.74904691199,2.577674635686,
    10.392799194986));
#1472 = CARTESIAN_POINT('',(-3.765738253703,2.563558843643,
    10.381234702533));
#1473 = CARTESIAN_POINT('',(-3.782439811188,2.549434412167,
    10.369663132145));
#1474 = CARTESIAN_POINT('',(-3.79900151232,2.534486174092,
    10.358692323206));
#1475 = CARTESIAN_POINT('',(-3.815280482136,2.51873851376,
    10.348343704303));
#1476 = CARTESIAN_POINT('',(-3.831559149185,2.502991146314,
    10.337995277871));
#1477 = CARTESIAN_POINT('',(-3.84755190924,2.486446780528,
    10.328270748411));
#1478 = CARTESIAN_POINT('',(-3.863115711846,2.46916293891,
    10.319174499507));
#1479 = CARTESIAN_POINT('',(-3.878679443174,2.451879176447,
    10.310078292261));
#1480 = CARTESIAN_POINT('',(-3.893811253156,2.433858903143,
    10.301611618774));
#1481 = CARTESIAN_POINT('',(-3.908381751364,2.415186324716,
    10.29375929652));
#1482 = CARTESIAN_POINT('',(-3.922952374518,2.396513586166,
    10.285906906931));
#1483 = CARTESIAN_POINT('',(-3.936959266707,2.377191732437,
    10.278669649688));
#1484 = CARTESIAN_POINT('',(-3.950297061231,2.357321083497,
    10.272014630096));
#1485 = CARTESIAN_POINT('',(-3.956965921915,2.347385813522,
    10.268687138552));
#1486 = CARTESIAN_POINT('',(-3.963467756205,2.337313775788,
    10.265505045362));
#1487 = CARTESIAN_POINT('',(-3.969792061709,2.327118062541,
    10.262462979986));
#1488 = CARTESIAN_POINT('',(-3.976112751607,2.316928178183,
    10.25942265376));
#1489 = CARTESIAN_POINT('',(-3.982268999517,2.306594776384,
    10.256515922979));
#1490 = CARTESIAN_POINT('',(-3.988265349175,2.296100073999,
    10.253731540828));
#1491 = CARTESIAN_POINT('',(-4.000255461228,2.275115197411,
    10.248163977912));
#1492 = CARTESIAN_POINT('',(-4.01158094467,2.253523690675,
    10.243097561579));
#1493 = CARTESIAN_POINT('',(-4.022151334306,2.231419714443,
    10.238503937151));
#1494 = CARTESIAN_POINT('',(-4.032721617911,2.209315959935,
    10.233910358802));
#1495 = CARTESIAN_POINT('',(-4.042535492444,2.186702174373,
    10.229789852991));
#1496 = CARTESIAN_POINT('',(-4.051520217799,2.163689543198,
    10.226110274707));
#1497 = CARTESIAN_POINT('',(-4.060504935097,2.140676932661,
    10.222430699723));
#1498 = CARTESIAN_POINT('',(-4.068659552142,2.117267948372,
    10.219192186728));
#1499 = CARTESIAN_POINT('',(-4.075933637478,2.093582834543,
    10.216360997482));
#1500 = CARTESIAN_POINT('',(-4.083207780863,2.069897531699,
    10.213529785642));
#1501 = CARTESIAN_POINT('',(-4.08960081954,2.045938478108,
    10.211105940858));
#1502 = CARTESIAN_POINT('',(-4.095086187503,2.02182634411,
    10.209056813306));
#1503 = CARTESIAN_POINT('',(-4.09782913154,2.009769133978,
    10.208032152382));
#1504 = CARTESIAN_POINT('',(-4.100344478682,1.997678824289,
    10.207101595365));
#1505 = CARTESIAN_POINT('',(-4.102633774511,1.98555555823,
    10.206260371133));
#1506 = CARTESIAN_POINT('',(-4.104924503304,1.97342470372,
    10.205418620344));
#1507 = CARTESIAN_POINT('',(-4.1069958455,1.961223135567,10.204663777454
    ));
#1508 = CARTESIAN_POINT('',(-4.108842628775,1.948963940324,
    10.203994380174));
#1509 = CARTESIAN_POINT('',(-4.112536203716,1.924445494139,
    10.202655582573));
#1510 = CARTESIAN_POINT('',(-4.115330302751,1.899696685118,
    10.201658282235));
#1511 = CARTESIAN_POINT('',(-4.117196315106,1.874829867955,
    10.200994381051));
#1512 = CARTESIAN_POINT('',(-4.119062315715,1.849963207335,
    10.200330484046));
#1513 = CARTESIAN_POINT('',(-4.12,1.824980487771,10.2));
#1514 = CARTESIAN_POINT('',(-4.12,1.8,10.2));
#1515 = ORIENTED_EDGE('',*,*,#1516,.F.);
#1516 = EDGE_CURVE('',#1517,#1409,#1519,.T.);
#1517 = VERTEX_POINT('',#1518);
#1518 = CARTESIAN_POINT('',(-3.12,2.5,11.614213562373));
#1519 = LINE('',#1520,#1521);
#1520 = CARTESIAN_POINT('',(-3.12,0.5999976,11.614213562373));
#1521 = VECTOR('',#1522,1.);
#1522 = DIRECTION('',(0.,1.,0.));
#1523 = ORIENTED_EDGE('',*,*,#1524,.T.);
#1524 = EDGE_CURVE('',#1517,#1268,#1525,.T.);
#1525 = B_SPLINE_CURVE_WITH_KNOTS('',3,(#1526,#1527,#1528,#1529,#1530,
    #1531,#1532,#1533,#1534,#1535,#1536,#1537,#1538,#1539,#1540,#1541,
    #1542,#1543,#1544,#1545,#1546,#1547,#1548,#1549,#1550,#1551,#1552,
    #1553,#1554,#1555,#1556,#1557,#1558,#1559,#1560,#1561,#1562,#1563,
    #1564,#1565,#1566,#1567,#1568,#1569,#1570,#1571,#1572,#1573,#1574,
    #1575,#1576,#1577,#1578,#1579,#1580,#1581,#1582,#1583,#1584,#1585,
    #1586,#1587,#1588,#1589,#1590,#1591,#1592,#1593,#1594,#1595,#1596,
    #1597,#1598,#1599,#1600,#1601,#1602,#1603,#1604,#1605,#1606,#1607,
    #1608,#1609,#1610,#1611,#1612,#1613,#1614,#1615,#1616,#1617,#1618,
    #1619,#1620,#1621,#1622,#1623,#1624,#1625),.UNSPECIFIED.,.F.,.F.,(4,
    3,3,3,3,3,3,3,3,3,3,3,3,3,3,3,3,3,3,3,3,3,3,3,3,3,3,3,3,3,3,3,3,4),(
    0.,5.838423750401E-02,0.116669309142,0.175009263131,0.23343818887,
    0.291908892497,0.350374253273,0.408788983301,0.467111239415,
    0.525437108192,0.583924705715,0.642491300803,0.70105907277,
    0.759564087814,0.817961325903,0.876253832826,0.934725742216,
    0.993323681014,1.05189734228,1.110339208823,1.139492843315,
    1.168656100408,1.227247608104,1.285985554736,1.344639503505,
    1.403041288456,1.461523066135,1.520290542318,1.579055717543,
    1.637554608225,1.695994362453,1.754751078426,1.813537913206,
    1.872061411872),.UNSPECIFIED.);
#1526 = CARTESIAN_POINT('',(-3.12,2.5,11.614213562373));
#1527 = CARTESIAN_POINT('',(-3.12,2.5,11.594738820428));
#1528 = CARTESIAN_POINT('',(-3.120379405985,2.500000306166,
    11.575275032918));
#1529 = CARTESIAN_POINT('',(-3.121136096287,2.49999907806,
    11.555844065656));
#1530 = CARTESIAN_POINT('',(-3.121892941145,2.499997849703,
    11.536409129581));
#1531 = CARTESIAN_POINT('',(-3.123025923382,2.499995086455,
    11.517024116903));
#1532 = CARTESIAN_POINT('',(-3.124534955466,2.499985309974,
    11.49766185464));
#1533 = CARTESIAN_POINT('',(-3.12604443224,2.499975530611,11.47829388659
    ));
#1534 = CARTESIAN_POINT('',(-3.127932054795,2.499958725462,
    11.458932859027));
#1535 = CARTESIAN_POINT('',(-3.130197833774,2.499925713334,
    11.439601118635));
#1536 = CARTESIAN_POINT('',(-3.132463610553,2.499892701238,
    11.42026939702));
#1537 = CARTESIAN_POINT('',(-3.13510753678,2.49984347563,11.400967066521
    ));
#1538 = CARTESIAN_POINT('',(-3.138127789632,2.499765234377,
    11.381716783599));
#1539 = CARTESIAN_POINT('',(-3.141148041362,2.499686993154,
    11.362466507831));
#1540 = CARTESIAN_POINT('',(-3.144544607059,2.499579725657,
    11.343268372504));
#1541 = CARTESIAN_POINT('',(-3.148313825104,2.499427142244,
    11.324144945284));
#1542 = CARTESIAN_POINT('',(-3.152083043392,2.499274558821,
    11.305021516833));
#1543 = CARTESIAN_POINT('',(-3.156224897897,2.499076646161,
    11.285972876863));
#1544 = CARTESIAN_POINT('',(-3.160733928271,2.498813814322,
    11.26702120661));
#1545 = CARTESIAN_POINT('',(-3.165242960281,2.498550982388,
    11.248069529481));
#1546 = CARTESIAN_POINT('',(-3.170119150509,2.498223216873,
    11.229214889737));
#1547 = CARTESIAN_POINT('',(-3.175355303243,2.497807846332,
    11.210478872098));
#1548 = CARTESIAN_POINT('',(-3.180591458838,2.497392475565,
    11.191742844222));
#1549 = CARTESIAN_POINT('',(-3.186187559397,2.496889485925,
    11.173125494013));
#1550 = CARTESIAN_POINT('',(-3.192134742742,2.496273350696,
    11.154647672521));
#1551 = CARTESIAN_POINT('',(-3.198078747013,2.495657544823,
    11.136179728369));
#1552 = CARTESIAN_POINT('',(-3.204389045293,2.494927204122,
    11.117802311524));
#1553 = CARTESIAN_POINT('',(-3.211064584948,2.494051324736,
    11.099528225287));
#1554 = CARTESIAN_POINT('',(-3.217739551183,2.493175520587,
    11.08125570877));
#1555 = CARTESIAN_POINT('',(-3.22477748382,2.492154412263,11.06309336215
    ));
#1556 = CARTESIAN_POINT('',(-3.232167498439,2.490954739686,
    11.045073028225));
#1557 = CARTESIAN_POINT('',(-3.23955750609,2.48975506824,11.027052711292
    ));
#1558 = CARTESIAN_POINT('',(-3.247299546848,2.488376817063,
    11.009174547075));
#1559 = CARTESIAN_POINT('',(-3.255379171527,2.486784158173,
    10.991469638678));
#1560 = CARTESIAN_POINT('',(-3.263458794987,2.485191499523,
    10.973764732954));
#1561 = CARTESIAN_POINT('',(-3.271875948483,2.48338442319,
    10.956233210092));
#1562 = CARTESIAN_POINT('',(-3.280612751225,2.481324844802,
    10.938904893823));
#1563 = CARTESIAN_POINT('',(-3.289349557564,2.479265265566,
    10.921576570419));
#1564 = CARTESIAN_POINT('',(-3.298405956785,2.476953182999,
    10.904451567393));
#1565 = CARTESIAN_POINT('',(-3.307760792894,2.474348489026,
    10.887558029583));
#1566 = CARTESIAN_POINT('',(-3.317115636297,2.471743793022,
    10.870664478601));
#1567 = CARTESIAN_POINT('',(-3.326768861854,2.468846495849,
    10.854002490181));
#1568 = CARTESIAN_POINT('',(-3.336696193636,2.465614572905,
    10.837598251828));
#1569 = CARTESIAN_POINT('',(-3.346627999374,2.462381193429,
    10.82118662057));
#1570 = CARTESIAN_POINT('',(-3.356813233238,2.458820774546,
    10.805064793982));
#1571 = CARTESIAN_POINT('',(-3.367286094795,2.454866083502,
    10.789163338625));
#1572 = CARTESIAN_POINT('',(-3.377760911719,2.450910654085,
    10.77325891434));
#1573 = CARTESIAN_POINT('',(-3.38852252865,2.446559853371,
    10.757579831378));
#1574 = CARTESIAN_POINT('',(-3.399523977184,2.441768140515,
    10.742182440375));
#1575 = CARTESIAN_POINT('',(-3.410525385944,2.436976444984,
    10.726785105039));
#1576 = CARTESIAN_POINT('',(-3.421766206773,2.431743890613,
    10.711670063381));
#1577 = CARTESIAN_POINT('',(-3.433190743716,2.426028400358,
    10.69688930716));
#1578 = CARTESIAN_POINT('',(-3.444615279173,2.420312910846,
    10.68210855286));
#1579 = CARTESIAN_POINT('',(-3.456222999131,2.414114637165,
    10.667662727286));
#1580 = CARTESIAN_POINT('',(-3.467951284171,2.407396002495,
    10.653597220456));
#1581 = CARTESIAN_POINT('',(-3.479679612673,2.400677342927,
    10.639531661501));
#1582 = CARTESIAN_POINT('',(-3.491527888031,2.393438604872,
    10.625847062693));
#1583 = CARTESIAN_POINT('',(-3.503429029868,2.385646804016,
    10.612580261878));
#1584 = CARTESIAN_POINT('',(-3.509379589598,2.381750910913,
    10.605946873944));
#1585 = CARTESIAN_POINT('',(-3.515343260999,2.377716854488,
    10.599417850645));
#1586 = CARTESIAN_POINT('',(-3.521311437708,2.373540870352,
    10.592996913914));
#1587 = CARTESIAN_POINT('',(-3.52727659719,2.369366997397,
    10.586579223306));
#1588 = CARTESIAN_POINT('',(-3.533258869208,2.365042624347,
    10.580255887667));
#1589 = CARTESIAN_POINT('',(-3.539254714286,2.360558190154,
    10.574026258371));
#1590 = CARTESIAN_POINT('',(-3.551244993856,2.351590376779,
    10.561568465366));
#1591 = CARTESIAN_POINT('',(-3.563276912385,2.341990459493,
    10.54950029082));
#1592 = CARTESIAN_POINT('',(-3.57524162731,2.33174717749,10.537886501159
    ));
#1593 = CARTESIAN_POINT('',(-3.587206239212,2.321503983689,10.5262728115
    ));
#1594 = CARTESIAN_POINT('',(-3.599101669901,2.310618662915,
    10.515115199206));
#1595 = CARTESIAN_POINT('',(-3.610813769402,2.299101035635,
    10.504464423162));
#1596 = CARTESIAN_POINT('',(-3.622525905629,2.287583372238,
    10.493813613719));
#1597 = CARTESIAN_POINT('',(-3.634052594076,2.275435210507,
    10.483671199239));
#1598 = CARTESIAN_POINT('',(-3.645283562501,2.262684751172,
    10.474069770358));
#1599 = CARTESIAN_POINT('',(-3.656514716631,2.249934081008,
    10.464468182717));
#1600 = CARTESIAN_POINT('',(-3.667448227712,2.236583365574,
    10.455408790737));
#1601 = CARTESIAN_POINT('',(-3.677986458162,2.222671400202,
    10.446904482868));
#1602 = CARTESIAN_POINT('',(-3.688525460973,2.208758415201,
    10.438399551706));
#1603 = CARTESIAN_POINT('',(-3.698749267595,2.194177355577,
    10.430385527514));
#1604 = CARTESIAN_POINT('',(-3.708532166271,2.178985341754,
    10.422900678166));
#1605 = CARTESIAN_POINT('',(-3.718314864351,2.163793639442,
    10.415415982294));
#1606 = CARTESIAN_POINT('',(-3.727653936087,2.147994397732,
    10.408462110524));
#1607 = CARTESIAN_POINT('',(-3.736434445904,2.13167540443,
    10.402061793156));
#1608 = CARTESIAN_POINT('',(-3.745214937527,2.11535644494,
    10.395661489049));
#1609 = CARTESIAN_POINT('',(-3.753434556325,2.098521737609,
    10.389815947947));
#1610 = CARTESIAN_POINT('',(-3.761000917049,2.081278908457,
    10.384530442424));
#1611 = CARTESIAN_POINT('',(-3.768567403862,2.064035791961,
    10.379244848819));
#1612 = CARTESIAN_POINT('',(-3.775479048852,2.046388667124,
    10.374519992321));
#1613 = CARTESIAN_POINT('',(-3.781672603412,2.028449919881,
    10.370345733329));
#1614 = CARTESIAN_POINT('',(-3.787858211865,2.010534187404,
    10.366176829761));
#1615 = CARTESIAN_POINT('',(-3.793377470217,1.992185289287,
    10.36252355252));
#1616 = CARTESIAN_POINT('',(-3.79816026733,1.973489630281,
    10.359391083373));
#1617 = CARTESIAN_POINT('',(-3.802942403515,1.954796554802,
    10.356259047097));
#1618 = CARTESIAN_POINT('',(-3.806983681958,1.935770261751,
    10.353650458733));
#1619 = CARTESIAN_POINT('',(-3.810229840539,1.916545129583,
    10.351568604815));
#1620 = CARTESIAN_POINT('',(-3.81347598997,1.897320051603,
    10.349486756765));
#1621 = CARTESIAN_POINT('',(-3.815926244429,1.877900514812,
    10.347931949791));
#1622 = CARTESIAN_POINT('',(-3.817557263115,1.858428286607,
    10.346899215409));
#1623 = CARTESIAN_POINT('',(-3.819188307174,1.838955755473,
    10.345866464962));
#1624 = CARTESIAN_POINT('',(-3.820000000037,1.819434762414,
    10.345355808281));
#1625 = CARTESIAN_POINT('',(-3.820000000037,1.8,10.345355808281));
#1626 = ORIENTED_EDGE('',*,*,#1267,.T.);
#1627 = ORIENTED_EDGE('',*,*,#1628,.F.);
#1628 = EDGE_CURVE('',#1098,#1260,#1629,.T.);
#1629 = LINE('',#1630,#1631);
#1630 = CARTESIAN_POINT('',(-3.12,0.5999976,11.614213562373));
#1631 = VECTOR('',#1632,1.);
#1632 = DIRECTION('',(0.,1.,0.));
#1633 = ORIENTED_EDGE('',*,*,#1105,.F.);
#1634 = CYLINDRICAL_SURFACE('',#1635,1.5);
#1635 = AXIS2_PLACEMENT_3D('',#1636,#1637,#1638);
#1636 = CARTESIAN_POINT('',(-4.62,0.5999976,11.614213562373));
#1637 = DIRECTION('',(0.,1.,0.));
#1638 = DIRECTION('',(0.,0.,-1.));
#1639 = ADVANCED_FACE('',(#1640),#1665,.F.);
#1640 = FACE_BOUND('',#1641,.T.);
#1641 = EDGE_LOOP('',(#1642,#1650,#1651,#1659));
#1642 = ORIENTED_EDGE('',*,*,#1643,.T.);
#1643 = EDGE_CURVE('',#1644,#1409,#1646,.T.);
#1644 = VERTEX_POINT('',#1645);
#1645 = CARTESIAN_POINT('',(-3.12,2.8,12.7));
#1646 = LINE('',#1647,#1648);
#1647 = CARTESIAN_POINT('',(-3.12,2.8,9.45));
#1648 = VECTOR('',#1649,1.);
#1649 = DIRECTION('',(0.,0.,-1.));
#1650 = ORIENTED_EDGE('',*,*,#1516,.F.);
#1651 = ORIENTED_EDGE('',*,*,#1652,.F.);
#1652 = EDGE_CURVE('',#1653,#1517,#1655,.T.);
#1653 = VERTEX_POINT('',#1654);
#1654 = CARTESIAN_POINT('',(-3.12,2.5,12.7));
#1655 = LINE('',#1656,#1657);
#1656 = CARTESIAN_POINT('',(-3.12,2.5,9.45));
#1657 = VECTOR('',#1658,1.);
#1658 = DIRECTION('',(0.,0.,-1.));
#1659 = ORIENTED_EDGE('',*,*,#1660,.F.);
#1660 = EDGE_CURVE('',#1644,#1653,#1661,.T.);
#1661 = LINE('',#1662,#1663);
#1662 = CARTESIAN_POINT('',(-3.12,1.8,12.7));
#1663 = VECTOR('',#1664,1.);
#1664 = DIRECTION('',(0.,-1.,-0.));
#1665 = PLANE('',#1666);
#1666 = AXIS2_PLACEMENT_3D('',#1667,#1668,#1669);
#1667 = CARTESIAN_POINT('',(-3.12,0.5999976,11.614213562373));
#1668 = DIRECTION('',(1.,0.,-0.));
#1669 = DIRECTION('',(0.,0.,1.));
#1670 = ADVANCED_FACE('',(#1671),#1696,.F.);
#1671 = FACE_BOUND('',#1672,.T.);
#1672 = EDGE_LOOP('',(#1673,#1674,#1681,#1682,#1688,#1689));
#1673 = ORIENTED_EDGE('',*,*,#1660,.T.);
#1674 = ORIENTED_EDGE('',*,*,#1675,.F.);
#1675 = EDGE_CURVE('',#1241,#1653,#1676,.T.);
#1676 = CIRCLE('',#1677,0.7);
#1677 = AXIS2_PLACEMENT_3D('',#1678,#1679,#1680);
#1678 = CARTESIAN_POINT('',(-3.12,1.8,12.7));
#1679 = DIRECTION('',(0.,0.,1.));
#1680 = DIRECTION('',(-1.,0.,0.));
#1681 = ORIENTED_EDGE('',*,*,#1250,.F.);
#1682 = ORIENTED_EDGE('',*,*,#1683,.T.);
#1683 = EDGE_CURVE('',#1251,#1096,#1684,.T.);
#1684 = LINE('',#1685,#1686);
#1685 = CARTESIAN_POINT('',(-3.12,1.8,12.7));
#1686 = VECTOR('',#1687,1.);
#1687 = DIRECTION('',(0.,-1.,-0.));
#1688 = ORIENTED_EDGE('',*,*,#1225,.T.);
#1689 = ORIENTED_EDGE('',*,*,#1690,.T.);
#1690 = EDGE_CURVE('',#1218,#1644,#1691,.T.);
#1691 = CIRCLE('',#1692,1.);
#1692 = AXIS2_PLACEMENT_3D('',#1693,#1694,#1695);
#1693 = CARTESIAN_POINT('',(-3.12,1.8,12.7));
#1694 = DIRECTION('',(0.,0.,1.));
#1695 = DIRECTION('',(-1.,0.,0.));
#1696 = PLANE('',#1697);
#1697 = AXIS2_PLACEMENT_3D('',#1698,#1699,#1700);
#1698 = CARTESIAN_POINT('',(-3.97,1.8,12.7));
#1699 = DIRECTION('',(0.,-0.,-1.));
#1700 = DIRECTION('',(1.,0.,0.));
#1701 = ADVANCED_FACE('',(#1702),#1708,.F.);
#1702 = FACE_BOUND('',#1703,.T.);
#1703 = EDGE_LOOP('',(#1704,#1705,#1706,#1707));
#1704 = ORIENTED_EDGE('',*,*,#1095,.F.);
#1705 = ORIENTED_EDGE('',*,*,#1683,.F.);
#1706 = ORIENTED_EDGE('',*,*,#1259,.T.);
#1707 = ORIENTED_EDGE('',*,*,#1628,.F.);
#1708 = PLANE('',#1709);
#1709 = AXIS2_PLACEMENT_3D('',#1710,#1711,#1712);
#1710 = CARTESIAN_POINT('',(-3.12,0.5999976,11.614213562373));
#1711 = DIRECTION('',(1.,0.,-0.));
#1712 = DIRECTION('',(0.,0.,1.));
#1713 = ADVANCED_FACE('',(#1714),#1853,.T.);
#1714 = FACE_BOUND('',#1715,.T.);
#1715 = EDGE_LOOP('',(#1716,#1726,#1831,#1837,#1838,#1846));
#1716 = ORIENTED_EDGE('',*,*,#1717,.T.);
#1717 = EDGE_CURVE('',#1718,#1720,#1722,.T.);
#1718 = VERTEX_POINT('',#1719);
#1719 = CARTESIAN_POINT('',(-1.,-0.,12.7));
#1720 = VERTEX_POINT('',#1721);
#1721 = CARTESIAN_POINT('',(-1.,-0.,11.614213562373));
#1722 = LINE('',#1723,#1724);
#1723 = CARTESIAN_POINT('',(-1.,-6.E-17,9.45));
#1724 = VECTOR('',#1725,1.);
#1725 = DIRECTION('',(0.,0.,-1.));
#1726 = ORIENTED_EDGE('',*,*,#1727,.F.);
#1727 = EDGE_CURVE('',#1728,#1720,#1730,.T.);
#1728 = VERTEX_POINT('',#1729);
#1729 = CARTESIAN_POINT('',(-0.,1.,10.2));
#1730 = B_SPLINE_CURVE_WITH_KNOTS('',3,(#1731,#1732,#1733,#1734,#1735,
    #1736,#1737,#1738,#1739,#1740,#1741,#1742,#1743,#1744,#1745,#1746,
    #1747,#1748,#1749,#1750,#1751,#1752,#1753,#1754,#1755,#1756,#1757,
    #1758,#1759,#1760,#1761,#1762,#1763,#1764,#1765,#1766,#1767,#1768,
    #1769,#1770,#1771,#1772,#1773,#1774,#1775,#1776,#1777,#1778,#1779,
    #1780,#1781,#1782,#1783,#1784,#1785,#1786,#1787,#1788,#1789,#1790,
    #1791,#1792,#1793,#1794,#1795,#1796,#1797,#1798,#1799,#1800,#1801,
    #1802,#1803,#1804,#1805,#1806,#1807,#1808,#1809,#1810,#1811,#1812,
    #1813,#1814,#1815,#1816,#1817,#1818,#1819,#1820,#1821,#1822,#1823,
    #1824,#1825,#1826,#1827,#1828,#1829,#1830),.UNSPECIFIED.,.F.,.F.,(4,
    3,3,3,3,3,3,3,3,3,3,3,3,3,3,3,3,3,3,3,3,3,3,3,3,3,3,3,3,3,3,3,3,4),(
    0.,7.4891524458E-02,0.149521205541,0.186672701815,0.223867731678,
    0.298571968874,0.373484136787,0.448341623888,0.52289970707,
    0.597271544447,0.67202784125,0.74694763287,0.821749006642,
    0.896173170558,0.9706197082,1.045393427806,1.120307081168,
    1.195113779305,1.269546957795,1.343900165185,1.418462169377,
    1.493126106818,1.567737806209,1.642113974434,1.716425970731,
    1.790885880451,1.865405440788,1.93988063287,2.014199477649,
    2.088507458136,2.162953182684,2.237445709259,2.311891239045,
    2.38619739165),.UNSPECIFIED.);
#1731 = CARTESIAN_POINT('',(-1.7E-16,1.,10.2));
#1732 = CARTESIAN_POINT('',(-2.498110585129E-02,1.,10.2));
#1733 = CARTESIAN_POINT('',(-4.995799745712E-02,0.99906227761,
    10.200330499512));
#1734 = CARTESIAN_POINT('',(-7.481275609817E-02,0.997197599037,
    10.200993924247));
#1735 = CARTESIAN_POINT('',(-9.966769813825E-02,0.995332906705,
    10.201657353877));
#1736 = CARTESIAN_POINT('',(-0.124398571198,0.992541502634,
    10.202653693026));
#1737 = CARTESIAN_POINT('',(-0.148894181235,0.988853135099,
    10.203990572027));
#1738 = CARTESIAN_POINT('',(-0.16114375113,0.987008685589,
    10.204659107847));
#1739 = CARTESIAN_POINT('',(-0.173326835963,0.984941658829,
    10.205412352495));
#1740 = CARTESIAN_POINT('',(-0.185452290039,0.982653269531,
    10.20625320765));
#1741 = CARTESIAN_POINT('',(-0.197585523826,0.980363411998,
    10.207094602298));
#1742 = CARTESIAN_POINT('',(-0.209693754493,0.9778454442,10.20802609109)
  );
#1743 = CARTESIAN_POINT('',(-0.221762312094,0.975100752197,
    10.209051372569));
#1744 = CARTESIAN_POINT('',(-0.245899488323,0.96961135431,
    10.211101940711));
#1745 = CARTESIAN_POINT('',(-0.269877335869,0.963213764342,
    10.21352747164));
#1746 = CARTESIAN_POINT('',(-0.293574763384,0.955936116225,
    10.216360032717));
#1747 = CARTESIAN_POINT('',(-0.3172720354,0.948658515864,10.219192575207
    ));
#1748 = CARTESIAN_POINT('',(-0.340686514185,0.940501451637,
    10.222432099647));
#1749 = CARTESIAN_POINT('',(-0.36369858672,0.931516686924,
    10.226111720737));
#1750 = CARTESIAN_POINT('',(-0.386710708835,0.922531902853,
    10.229791349754));
#1751 = CARTESIAN_POINT('',(-0.409317976472,0.912720380954,
    10.23391093591));
#1752 = CARTESIAN_POINT('',(-0.431410655716,0.902155666243,
    10.238502054609));
#1753 = CARTESIAN_POINT('',(-0.453503584275,0.891590832309,
    10.243093225119));
#1754 = CARTESIAN_POINT('',(-0.475079529042,0.880274120531,
    10.248155641989));
#1755 = CARTESIAN_POINT('',(-0.496046426831,0.868295999316,
    10.253717308972));
#1756 = CARTESIAN_POINT('',(-0.516993299146,0.856329318399,
    10.259273664008));
#1757 = CARTESIAN_POINT('',(-0.537391903778,0.843673150964,
    10.265340740897));
#1758 = CARTESIAN_POINT('',(-0.55729255683,0.830316208502,
    10.272005076554));
#1759 = CARTESIAN_POINT('',(-0.577181172869,0.816967345056,
    10.278665381252));
#1760 = CARTESIAN_POINT('',(-0.596515591922,0.802951148906,
    10.285907468439));
#1761 = CARTESIAN_POINT('',(-0.615195232939,0.78837480006,
    10.293763042735));
#1762 = CARTESIAN_POINT('',(-0.633874750446,0.773798547594,
    10.30161856509));
#1763 = CARTESIAN_POINT('',(-0.651896308701,0.758664596695,
    10.310086769048));
#1764 = CARTESIAN_POINT('',(-0.669176737035,0.743103286639,
    10.319181761487));
#1765 = CARTESIAN_POINT('',(-0.686457277114,0.727541875955,
    10.328276812739));
#1766 = CARTESIAN_POINT('',(-0.702993756964,0.711556076513,
    10.337997380157));
#1767 = CARTESIAN_POINT('',(-0.718730528953,0.695288736247,
    10.348338457163));
#1768 = CARTESIAN_POINT('',(-0.73446860143,0.679020051647,
    10.358680388757));
#1769 = CARTESIAN_POINT('',(-0.749400629539,0.662477493445,
    10.369638047372));
#1770 = CARTESIAN_POINT('',(-0.763515710628,0.645789253258,
    10.381199369368));
#1771 = CARTESIAN_POINT('',(-0.777643072721,0.629086493259,
    10.392770750438));
#1772 = CARTESIAN_POINT('',(-0.791041811224,0.612131331149,
    10.40502037251));
#1773 = CARTESIAN_POINT('',(-0.803691459885,0.595046248043,
    10.417944902406));
#1774 = CARTESIAN_POINT('',(-0.816340893446,0.57796145546,
    10.430869212527));
#1775 = CARTESIAN_POINT('',(-0.828239314863,0.560749356822,
    10.444466951106));
#1776 = CARTESIAN_POINT('',(-0.839381334188,0.543542984344,
    10.45870935329));
#1777 = CARTESIAN_POINT('',(-0.850523296856,0.52633669936,
    10.472951683051));
#1778 = CARTESIAN_POINT('',(-0.860907421584,0.509138811175,
    10.487836818357));
#1779 = CARTESIAN_POINT('',(-0.870549173912,0.492081432097,
    10.50331295454));
#1780 = CARTESIAN_POINT('',(-0.880190977557,0.475023962234,
    10.518789173092));
#1781 = CARTESIAN_POINT('',(-0.889089510507,0.458109382787,
    10.534854380798));
#1782 = CARTESIAN_POINT('',(-0.89728167974,0.441458477329,
    10.551438965019));
#1783 = CARTESIAN_POINT('',(-0.905474420844,0.42480640952,10.56802470696
    ));
#1784 = CARTESIAN_POINT('',(-0.912958654653,0.408423754197,
    10.585123743674));
#1785 = CARTESIAN_POINT('',(-0.91979440532,0.392400626836,
    10.602668393552));
#1786 = CARTESIAN_POINT('',(-0.9266353713,0.376365274686,10.620226429057
    ));
#1787 = CARTESIAN_POINT('',(-0.932865493238,0.360599523715,
    10.638329041402));
#1788 = CARTESIAN_POINT('',(-0.938537794124,0.345176489641,
    10.656934783791));
#1789 = CARTESIAN_POINT('',(-0.94421006139,0.329753546981,
    10.675540415903));
#1790 = CARTESIAN_POINT('',(-0.949324314224,0.314674101711,
    10.694648349823));
#1791 = CARTESIAN_POINT('',(-0.953937420665,0.300005662374,
    10.714206012591));
#1792 = CARTESIAN_POINT('',(-0.958550518099,0.285337251674,
    10.733763637174));
#1793 = CARTESIAN_POINT('',(-0.9626623995,0.271080501375,10.753770157754
    ));
#1794 = CARTESIAN_POINT('',(-0.966333094021,0.25729428948,
    10.774164446522));
#1795 = CARTESIAN_POINT('',(-0.970003794249,0.243508056156,
    10.794558766991));
#1796 = CARTESIAN_POINT('',(-0.973233321558,0.230192874771,
    10.81534006201));
#1797 = CARTESIAN_POINT('',(-0.976083276968,0.217396955876,
    10.836441467732));
#1798 = CARTESIAN_POINT('',(-0.978933263753,0.204600896106,
    10.857543105764));
#1799 = CARTESIAN_POINT('',(-0.981403677564,0.19232479749,
    10.878963546531));
#1800 = CARTESIAN_POINT('',(-0.983555870071,0.180604126337,
    10.900634885165));
#1801 = CARTESIAN_POINT('',(-0.985708621823,0.168880409579,
    10.922311855076));
#1802 = CARTESIAN_POINT('',(-0.98755231668,0.157661326966,
    10.944333429216));
#1803 = CARTESIAN_POINT('',(-0.989139888906,0.146977141675,
    10.96665727536));
#1804 = CARTESIAN_POINT('',(-0.990727458448,0.136292974446,
    10.988981083766));
#1805 = CARTESIAN_POINT('',(-0.992058937867,0.126143851686,
    11.011606879462));
#1806 = CARTESIAN_POINT('',(-0.993184209362,0.116555249876,
    11.034488952445));
#1807 = CARTESIAN_POINT('',(-0.994309480151,0.106966654084,
    11.05737101107));
#1808 = CARTESIAN_POINT('',(-0.995228586425,9.793870824558E-02,
    11.080509043326));
#1809 = CARTESIAN_POINT('',(-0.995987577555,8.949159377068E-02,
    11.103854829758));
#1810 = CARTESIAN_POINT('',(-0.996746569151,8.104447411622E-02,
    11.127200630505));
#1811 = CARTESIAN_POINT('',(-0.997345492306,7.317829512312E-02,
    11.150753859154));
#1812 = CARTESIAN_POINT('',(-0.997825731602,6.59075819068E-02,
    11.174464842798));
#1813 = CARTESIAN_POINT('',(-0.99830597241,5.863684579661E-02,
    11.198175901104));
#1814 = CARTESIAN_POINT('',(-0.998667571017,5.196168863496E-02,
    11.222044260035));
#1815 = CARTESIAN_POINT('',(-0.998946466109,4.589071637428E-02,
    11.246020418388));
#1816 = CARTESIAN_POINT('',(-0.999225388125,3.981915801778E-02,
    11.269998891417));
#1817 = CARTESIAN_POINT('',(-0.999422460863,3.433172077003E-02,
    11.294164537866));
#1818 = CARTESIAN_POINT('',(-0.999566466923,2.944279543838E-02,
    11.318474643541));
#1819 = CARTESIAN_POINT('',(-0.999710472756,2.455387781891E-02,
    11.342784710867));
#1820 = CARTESIAN_POINT('',(-0.999801453447,2.026354231012E-02,
    11.367238958092));
#1821 = CARTESIAN_POINT('',(-0.99986250914,1.658200275254E-02,
    11.391792687808));
#1822 = CARTESIAN_POINT('',(-0.999923564801,1.290046520604E-02,
    11.416346404111));
#1823 = CARTESIAN_POINT('',(-0.999954727762,9.827774885508E-03,
    11.440999295674));
#1824 = CARTESIAN_POINT('',(-0.999972843801,7.369644561948E-03,
    11.465705575972));
#1825 = CARTESIAN_POINT('',(-0.99999095985,4.911512758663E-03,
    11.490411871143));
#1826 = CARTESIAN_POINT('',(-0.99999604762,3.067968682891E-03,
    11.515171226457));
#1827 = CARTESIAN_POINT('',(-0.99999830703,1.840091764379E-03,
    11.539937796773));
#1828 = CARTESIAN_POINT('',(-1.000000566444,6.122124688846E-04,
    11.564704415034));
#1829 = CARTESIAN_POINT('',(-1.,-3.E-17,11.589477908676));
#1830 = CARTESIAN_POINT('',(-1.,-3.E-17,11.614213562373));
#1831 = ORIENTED_EDGE('',*,*,#1832,.T.);
#1832 = EDGE_CURVE('',#1728,#740,#1833,.T.);
#1833 = LINE('',#1834,#1835);
#1834 = CARTESIAN_POINT('',(-1.2E-16,1.,9.45));
#1835 = VECTOR('',#1836,1.);
#1836 = DIRECTION('',(0.,0.,-1.));
#1837 = ORIENTED_EDGE('',*,*,#737,.F.);
#1838 = ORIENTED_EDGE('',*,*,#1839,.F.);
#1839 = EDGE_CURVE('',#1840,#738,#1842,.T.);
#1840 = VERTEX_POINT('',#1841);
#1841 = CARTESIAN_POINT('',(0.,-1.,12.7));
#1842 = LINE('',#1843,#1844);
#1843 = CARTESIAN_POINT('',(0.,-1.,9.45));
#1844 = VECTOR('',#1845,1.);
#1845 = DIRECTION('',(0.,0.,-1.));
#1846 = ORIENTED_EDGE('',*,*,#1847,.F.);
#1847 = EDGE_CURVE('',#1718,#1840,#1848,.T.);
#1848 = CIRCLE('',#1849,1.);
#1849 = AXIS2_PLACEMENT_3D('',#1850,#1851,#1852);
#1850 = CARTESIAN_POINT('',(0.,0.,12.7));
#1851 = DIRECTION('',(0.,-0.,1.));
#1852 = DIRECTION('',(0.,1.,0.));
#1853 = CYLINDRICAL_SURFACE('',#1854,1.);
#1854 = AXIS2_PLACEMENT_3D('',#1855,#1856,#1857);
#1855 = CARTESIAN_POINT('',(0.,0.,9.45));
#1856 = DIRECTION('',(0.,0.,-1.));
#1857 = DIRECTION('',(0.,-1.,0.));
#1858 = ADVANCED_FACE('',(#1859),#2005,.F.);
#1859 = FACE_BOUND('',#1860,.F.);
#1860 = EDGE_LOOP('',(#1861,#1871,#1880,#1888,#1990,#1998));
#1861 = ORIENTED_EDGE('',*,*,#1862,.F.);
#1862 = EDGE_CURVE('',#1863,#1865,#1867,.T.);
#1863 = VERTEX_POINT('',#1864);
#1864 = CARTESIAN_POINT('',(0.,-0.7,12.7));
#1865 = VERTEX_POINT('',#1866);
#1866 = CARTESIAN_POINT('',(0.,-0.7,9.2));
#1867 = LINE('',#1868,#1869);
#1868 = CARTESIAN_POINT('',(0.,-0.7,9.45));
#1869 = VECTOR('',#1870,1.);
#1870 = DIRECTION('',(0.,0.,-1.));
#1871 = ORIENTED_EDGE('',*,*,#1872,.F.);
#1872 = EDGE_CURVE('',#1873,#1863,#1875,.T.);
#1873 = VERTEX_POINT('',#1874);
#1874 = CARTESIAN_POINT('',(-0.7,-0.,12.7));
#1875 = CIRCLE('',#1876,0.7);
#1876 = AXIS2_PLACEMENT_3D('',#1877,#1878,#1879);
#1877 = CARTESIAN_POINT('',(0.,0.,12.7));
#1878 = DIRECTION('',(0.,-0.,1.));
#1879 = DIRECTION('',(0.,1.,0.));
#1880 = ORIENTED_EDGE('',*,*,#1881,.T.);
#1881 = EDGE_CURVE('',#1873,#1882,#1884,.T.);
#1882 = VERTEX_POINT('',#1883);
#1883 = CARTESIAN_POINT('',(-0.7,-0.,11.614213562373));
#1884 = LINE('',#1885,#1886);
#1885 = CARTESIAN_POINT('',(-0.7,-4.E-17,9.45));
#1886 = VECTOR('',#1887,1.);
#1887 = DIRECTION('',(0.,0.,-1.));
#1888 = ORIENTED_EDGE('',*,*,#1889,.F.);
#1889 = EDGE_CURVE('',#1890,#1882,#1892,.T.);
#1890 = VERTEX_POINT('',#1891);
#1891 = CARTESIAN_POINT('',(-0.,0.7,10.345355808281));
#1892 = B_SPLINE_CURVE_WITH_KNOTS('',3,(#1893,#1894,#1895,#1896,#1897,
    #1898,#1899,#1900,#1901,#1902,#1903,#1904,#1905,#1906,#1907,#1908,
    #1909,#1910,#1911,#1912,#1913,#1914,#1915,#1916,#1917,#1918,#1919,
    #1920,#1921,#1922,#1923,#1924,#1925,#1926,#1927,#1928,#1929,#1930,
    #1931,#1932,#1933,#1934,#1935,#1936,#1937,#1938,#1939,#1940,#1941,
    #1942,#1943,#1944,#1945,#1946,#1947,#1948,#1949,#1950,#1951,#1952,
    #1953,#1954,#1955,#1956,#1957,#1958,#1959,#1960,#1961,#1962,#1963,
    #1964,#1965,#1966,#1967,#1968,#1969,#1970,#1971,#1972,#1973,#1974,
    #1975,#1976,#1977,#1978,#1979,#1980,#1981,#1982,#1983,#1984,#1985,
    #1986,#1987,#1988,#1989),.UNSPECIFIED.,.F.,.F.,(4,3,3,3,3,3,3,3,3,3,
    3,3,3,3,3,3,3,3,3,3,3,3,3,3,3,3,3,3,3,3,3,3,4),(0.,
    5.841212887687E-02,0.117141024582,0.175907787006,0.234415764113,
    0.292809144615,0.351511628048,0.410283090463,0.468838490564,
    0.527169278542,0.585767105546,0.644532833987,0.703263639879,
    0.761713835428,0.82002621253,0.878527435777,0.9371835845,
    0.995908941636,1.054578917842,1.113041903958,1.171312209065,
    1.229685094955,1.288141462054,1.346635874997,1.4051115176,
    1.463503792538,1.521769923462,1.580097797144,1.638506630166,
    1.696952766311,1.75539087777,1.813775283551,1.87206140745),
  .UNSPECIFIED.);
#1893 = CARTESIAN_POINT('',(2.9E-16,0.700000000037,10.345355808281));
#1894 = CARTESIAN_POINT('',(-1.940056155212E-02,0.700000000037,
    10.345355808281));
#1895 = CARTESIAN_POINT('',(-3.887181652495E-02,0.699192218015,
    10.345864005395));
#1896 = CARTESIAN_POINT('',(-5.831745909033E-02,0.697566537303,
    10.346893343192));
#1897 = CARTESIAN_POINT('',(-7.776001495945E-02,0.695941114643,
    10.347922517598));
#1898 = CARTESIAN_POINT('',(-9.716083398258E-02,0.69349809962,
    10.349472679097));
#1899 = CARTESIAN_POINT('',(-0.116379122697,0.690257850227,
    10.351550641843));
#1900 = CARTESIAN_POINT('',(-0.135597389228,0.687017604574,
    10.35362860219));
#1901 = CARTESIAN_POINT('',(-0.154628746888,0.682980838264,
    10.356234087371));
#1902 = CARTESIAN_POINT('',(-0.17333732397,0.678199212709,
    10.359365577154));
#1903 = CARTESIAN_POINT('',(-0.192046223728,0.673417504683,
    10.362497120948));
#1904 = CARTESIAN_POINT('',(-0.210428113691,0.667892279062,
    10.366154080024));
#1905 = CARTESIAN_POINT('',(-0.228365871468,0.661701616099,
    10.370326180192));
#1906 = CARTESIAN_POINT('',(-0.246279337634,0.655519336636,
    10.374492630432));
#1907 = CARTESIAN_POINT('',(-0.263883861963,0.648628492987,
    10.379202872908));
#1908 = CARTESIAN_POINT('',(-0.281105607056,0.641076935852,
    10.384477342741));
#1909 = CARTESIAN_POINT('',(-0.298324408779,0.633526669355,
    10.389750911114));
#1910 = CARTESIAN_POINT('',(-0.315144642722,0.625321486527,
    10.395585117521));
#1911 = CARTESIAN_POINT('',(-0.331459588559,0.616550517924,
    10.401977194076));
#1912 = CARTESIAN_POINT('',(-0.347774498032,0.607779568872,
    10.408369256384));
#1913 = CARTESIAN_POINT('',(-0.363580123822,0.598445064204,
    10.415318039902));
#1914 = CARTESIAN_POINT('',(-0.378787038009,0.588659816734,
    10.422803024244));
#1915 = CARTESIAN_POINT('',(-0.393994192407,0.578874414694,
    10.43028812682));
#1916 = CARTESIAN_POINT('',(-0.408599152938,0.568640959799,
    10.438307823415));
#1917 = CARTESIAN_POINT('',(-0.422541228458,0.55808503855,
    10.446824935824));
#1918 = CARTESIAN_POINT('',(-0.436470377704,0.547538904131,
    10.455334151666));
#1919 = CARTESIAN_POINT('',(-0.449775120098,0.536647578064,
    10.464357089934));
#1920 = CARTESIAN_POINT('',(-0.462519669207,0.525428925353,
    10.473945514736));
#1921 = CARTESIAN_POINT('',(-0.475256942438,0.514216677383,
    10.483528465496));
#1922 = CARTESIAN_POINT('',(-0.487398874683,0.502704780012,
    10.493654535269));
#1923 = CARTESIAN_POINT('',(-0.498919338668,0.490998465895,
    10.504296491513));
#1924 = CARTESIAN_POINT('',(-0.510439712808,0.479292243073,
    10.514938364763));
#1925 = CARTESIAN_POINT('',(-0.521336835518,0.467393584112,
    10.526094700688));
#1926 = CARTESIAN_POINT('',(-0.531600064828,0.455413406794,
    10.537719786585));
#1927 = CARTESIAN_POINT('',(-0.541863329696,0.443433187968,
    10.549344912758));
#1928 = CARTESIAN_POINT('',(-0.55149143059,0.43137337083,10.56143718784)
  );
#1929 = CARTESIAN_POINT('',(-0.560492952301,0.419341925431,
    10.573935654373));
#1930 = CARTESIAN_POINT('',(-0.569494600428,0.407310311066,
    10.586434296432));
#1931 = CARTESIAN_POINT('',(-0.577868914211,0.395308697632,
    10.599337535352));
#1932 = CARTESIAN_POINT('',(-0.585643453882,0.383434146806,
    10.612574557786));
#1933 = CARTESIAN_POINT('',(-0.593417815979,0.371559867198,
    10.625811277883));
#1934 = CARTESIAN_POINT('',(-0.600640457253,0.359740284552,
    10.63946136992));
#1935 = CARTESIAN_POINT('',(-0.607348514759,0.348034167319,
    10.653497829007));
#1936 = CARTESIAN_POINT('',(-0.614056533403,0.336328117905,
    10.667534206774));
#1937 = CARTESIAN_POINT('',(-0.620249720703,0.324735949356,
    10.681956548621));
#1938 = CARTESIAN_POINT('',(-0.6259668588,0.313313727267,10.696730216411
    ));
#1939 = CARTESIAN_POINT('',(-0.631683979863,0.301891539212,
    10.711503840183));
#1940 = CARTESIAN_POINT('',(-0.636924894538,0.290639702476,
    10.726628329666));
#1941 = CARTESIAN_POINT('',(-0.641730801405,0.279609689641,
    10.742062491518));
#1942 = CARTESIAN_POINT('',(-0.646536706272,0.268579681398,
    10.757496646945));
#1943 = CARTESIAN_POINT('',(-0.65090752596,0.257771847195,
    10.773240010983));
#1944 = CARTESIAN_POINT('',(-0.654886693999,0.247231506952,
    10.78924622797));
#1945 = CARTESIAN_POINT('',(-0.658865869829,0.236691146074,
    10.805252476294));
#1946 = CARTESIAN_POINT('',(-0.662453375286,0.226418560246,
    10.821521137513));
#1947 = CARTESIAN_POINT('',(-0.665694092393,0.216451785289,
    10.838002263491));
#1948 = CARTESIAN_POINT('',(-0.668934823689,0.206484966693,
    10.854483461631));
#1949 = CARTESIAN_POINT('',(-0.671828785003,0.196824173461,
    10.871176714734));
#1950 = CARTESIAN_POINT('',(-0.674421208253,0.187499423622,
    10.888030226701));
#1951 = CARTESIAN_POINT('',(-0.677011863361,0.178181033655,
    10.904872243864));
#1952 = CARTESIAN_POINT('',(-0.679308059925,0.169175890908,
    10.921912262727));
#1953 = CARTESIAN_POINT('',(-0.681357526687,0.160474050322,
    10.939180059398));
#1954 = CARTESIAN_POINT('',(-0.683406474976,0.151774411122,
    10.956443487671));
#1955 = CARTESIAN_POINT('',(-0.685206014505,0.143388092417,
    10.973916102402));
#1956 = CARTESIAN_POINT('',(-0.686793534639,0.135331595641,
    10.991573902423));
#1957 = CARTESIAN_POINT('',(-0.68838105405,0.127275102531,
    11.009231694407));
#1958 = CARTESIAN_POINT('',(-0.6897565565,0.119548460137,11.027074607164
    ));
#1959 = CARTESIAN_POINT('',(-0.690955032339,0.112165695669,
    11.045077424246));
#1960 = CARTESIAN_POINT('',(-0.692153507902,0.104782932904,
    11.063080237175));
#1961 = CARTESIAN_POINT('',(-0.69317496528,9.774407961027E-02,
    11.081242874817));
#1962 = CARTESIAN_POINT('',(-0.694051845335,9.106061709994E-02,
    11.099539087279));
#1963 = CARTESIAN_POINT('',(-0.69492872556,8.437715329793E-02,
    11.117835303277));
#1964 = CARTESIAN_POINT('',(-0.695661040948,7.804911193688E-02,
    11.136264999469));
#1965 = CARTESIAN_POINT('',(-0.696278466899,7.208534201402E-02,
    11.154801188238));
#1966 = CARTESIAN_POINT('',(-0.696895893374,6.612156702434E-02,
    11.173337392755));
#1967 = CARTESIAN_POINT('',(-0.697398444753,6.052209274849E-02,
    11.191979979511));
#1968 = CARTESIAN_POINT('',(-0.697812781112,5.529306028976E-02,
    11.210701656287));
#1969 = CARTESIAN_POINT('',(-0.698227262363,5.006219925934E-02,
    11.229429879959));
#1970 = CARTESIAN_POINT('',(-0.698553065381,4.520934144045E-02,
    11.248206211063));
#1971 = CARTESIAN_POINT('',(-0.698814930544,4.071477432562E-02,
    11.267101721422));
#1972 = CARTESIAN_POINT('',(-0.699076796215,3.622019849116E-02,
    11.285997268439));
#1973 = CARTESIAN_POINT('',(-0.699274306998,3.208785326569E-02,
    11.305000789093));
#1974 = CARTESIAN_POINT('',(-0.699426713792,2.83244070382E-02,
    11.324091262161));
#1975 = CARTESIAN_POINT('',(-0.699579120491,2.456096315264E-02,
    11.343181723348));
#1976 = CARTESIAN_POINT('',(-0.699686438337,2.116643541692E-02,
    11.362359065777));
#1977 = CARTESIAN_POINT('',(-0.699764765894,1.81458649164E-02,
    11.381601605811));
#1978 = CARTESIAN_POINT('',(-0.699843093425,1.512529539821E-02,
    11.400844139587));
#1979 = CARTESIAN_POINT('',(-0.699892443798,1.247869776601E-02,
    11.420151789004));
#1980 = CARTESIAN_POINT('',(-0.699925544641,1.020940545145E-02,
    11.439502416779));
#1981 = CARTESIAN_POINT('',(-0.699958645485,7.940113016252E-03,
    11.458853045583));
#1982 = CARTESIAN_POINT('',(-0.699975506407,6.048136553697E-03,
    11.478246560783));
#1983 = CARTESIAN_POINT('',(-0.699985309359,4.535050303189E-03,
    11.497660637792));
#1984 = CARTESIAN_POINT('',(-0.699995112316,3.021963246426E-03,
    11.517074725147));
#1985 = CARTESIAN_POINT('',(-0.699997862201,1.887771469761E-03,
    11.536509274128));
#1986 = CARTESIAN_POINT('',(-0.699999084241,1.132281599089E-03,
    11.555942105075));
#1987 = CARTESIAN_POINT('',(-0.700000306283,3.767908712897E-04,
    11.575374958069));
#1988 = CARTESIAN_POINT('',(-0.7,-2.E-17,11.594805987469));
#1989 = CARTESIAN_POINT('',(-0.7,-2.E-17,11.614213562373));
#1990 = ORIENTED_EDGE('',*,*,#1991,.T.);
#1991 = EDGE_CURVE('',#1890,#1992,#1994,.T.);
#1992 = VERTEX_POINT('',#1993);
#1993 = CARTESIAN_POINT('',(-0.,0.7,9.2));
#1994 = LINE('',#1995,#1996);
#1995 = CARTESIAN_POINT('',(-9.E-17,0.7,9.45));
#1996 = VECTOR('',#1997,1.);
#1997 = DIRECTION('',(0.,0.,-1.));
#1998 = ORIENTED_EDGE('',*,*,#1999,.F.);
#1999 = EDGE_CURVE('',#1865,#1992,#2000,.T.);
#2000 = CIRCLE('',#2001,0.7);
#2001 = AXIS2_PLACEMENT_3D('',#2002,#2003,#2004);
#2002 = CARTESIAN_POINT('',(0.,0.,9.2));
#2003 = DIRECTION('',(0.,0.,-1.));
#2004 = DIRECTION('',(0.,-1.,0.));
#2005 = CYLINDRICAL_SURFACE('',#2006,0.7);
#2006 = AXIS2_PLACEMENT_3D('',#2007,#2008,#2009);
#2007 = CARTESIAN_POINT('',(0.,0.,9.45));
#2008 = DIRECTION('',(0.,0.,-1.));
#2009 = DIRECTION('',(0.,-1.,0.));
#2010 = ADVANCED_FACE('',(#2011),#2021,.F.);
#2011 = FACE_BOUND('',#2012,.T.);
#2012 = EDGE_LOOP('',(#2013,#2014));
#2013 = ORIENTED_EDGE('',*,*,#1999,.F.);
#2014 = ORIENTED_EDGE('',*,*,#2015,.F.);
#2015 = EDGE_CURVE('',#1992,#1865,#2016,.T.);
#2016 = CIRCLE('',#2017,0.7);
#2017 = AXIS2_PLACEMENT_3D('',#2018,#2019,#2020);
#2018 = CARTESIAN_POINT('',(0.,0.,9.2));
#2019 = DIRECTION('',(0.,0.,-1.));
#2020 = DIRECTION('',(0.,-1.,0.));
#2021 = PLANE('',#2022);
#2022 = AXIS2_PLACEMENT_3D('',#2023,#2024,#2025);
#2023 = CARTESIAN_POINT('',(0.,0.85,9.2));
#2024 = DIRECTION('',(0.,0.,-1.));
#2025 = DIRECTION('',(-1.,0.,0.));
#2026 = ADVANCED_FACE('',(#2027),#2256,.F.);
#2027 = FACE_BOUND('',#2028,.F.);
#2028 = EDGE_LOOP('',(#2029,#2137,#2145,#2248,#2249,#2255));
#2029 = ORIENTED_EDGE('',*,*,#2030,.F.);
#2030 = EDGE_CURVE('',#2031,#1728,#2033,.T.);
#2031 = VERTEX_POINT('',#2032);
#2032 = CARTESIAN_POINT('',(1.,0.,11.614213562373));
#2033 = B_SPLINE_CURVE_WITH_KNOTS('',3,(#2034,#2035,#2036,#2037,#2038,
    #2039,#2040,#2041,#2042,#2043,#2044,#2045,#2046,#2047,#2048,#2049,
    #2050,#2051,#2052,#2053,#2054,#2055,#2056,#2057,#2058,#2059,#2060,
    #2061,#2062,#2063,#2064,#2065,#2066,#2067,#2068,#2069,#2070,#2071,
    #2072,#2073,#2074,#2075,#2076,#2077,#2078,#2079,#2080,#2081,#2082,
    #2083,#2084,#2085,#2086,#2087,#2088,#2089,#2090,#2091,#2092,#2093,
    #2094,#2095,#2096,#2097,#2098,#2099,#2100,#2101,#2102,#2103,#2104,
    #2105,#2106,#2107,#2108,#2109,#2110,#2111,#2112,#2113,#2114,#2115,
    #2116,#2117,#2118,#2119,#2120,#2121,#2122,#2123,#2124,#2125,#2126,
    #2127,#2128,#2129,#2130,#2131,#2132,#2133,#2134,#2135,#2136),
  .UNSPECIFIED.,.F.,.F.,(4,3,3,3,3,3,3,3,3,3,3,3,3,3,3,3,3,3,3,3,3,3,3,3
    ,3,3,3,3,3,3,3,3,3,3,4),(0.,7.434104627602E-02,0.148802286872,
    0.223290837984,0.297713204721,0.371988729081,0.44634703896,
    0.520837971049,0.595351899195,0.669788062139,0.74407008298,
    0.818514695075,0.893174990653,0.967869776703,1.042448394886,
    1.116808356346,1.191222784703,1.265991969082,1.340853181358,
    1.415564641227,1.489948657705,1.564435758919,1.639269696491,
    1.714181454705,1.788890186956,1.826088456284,1.863234287038,
    1.937845557464,2.0127230762,2.087616930498,2.162263773275,
    2.199419359625,2.236605543449,2.311288707033,2.386197397529),
  .UNSPECIFIED.);
#2034 = CARTESIAN_POINT('',(1.,9.E-17,11.614213562373));
#2035 = CARTESIAN_POINT('',(1.,1.3E-16,11.58946321171));
#2036 = CARTESIAN_POINT('',(1.00000056722,6.1294429221E-04,
    11.564678008908));
#2037 = CARTESIAN_POINT('',(0.999998303848,1.841820005776E-03,
    11.539902945928));
#2038 = CARTESIAN_POINT('',(0.99999604048,3.070693711431E-03,
    11.51512792343));
#2039 = CARTESIAN_POINT('',(0.999990942802,4.915496462711E-03,
    11.490363379219));
#2040 = CARTESIAN_POINT('',(0.999972806858,7.374655523011E-03,
    11.465655220214));
#2041 = CARTESIAN_POINT('',(0.99995467092,9.833813725751E-03,
    11.440947069826));
#2042 = CARTESIAN_POINT('',(0.999923476921,1.290729841657E-02,
    11.416295631375));
#2043 = CARTESIAN_POINT('',(0.999862394438,1.65889176262E-02,
    11.391746574506));
#2044 = CARTESIAN_POINT('',(0.999801311908,2.027053969586E-02,
    11.367197498566));
#2045 = CARTESIAN_POINT('',(0.999710307699,2.456024330302E-02,
    11.342751109186));
#2046 = CARTESIAN_POINT('',(0.999566331763,2.944738367236E-02,
    11.318451829534));
#2047 = CARTESIAN_POINT('',(0.999422332522,3.433531514693E-02,
    11.29414861644));
#2048 = CARTESIAN_POINT('',(0.999225490504,3.981663047358E-02,
    11.270009490641));
#2049 = CARTESIAN_POINT('',(0.99894656967,4.588846199625E-02,
    11.246029321748));
#2050 = CARTESIAN_POINT('',(0.998667501102,5.19635095482E-02,
    11.222036451428));
#2051 = CARTESIAN_POINT('',(0.998305658397,5.864258313139E-02,
    11.198155483727));
#2052 = CARTESIAN_POINT('',(0.997825145309,6.591645764834E-02,
    11.174435898597));
#2053 = CARTESIAN_POINT('',(0.997344633085,7.319031909931E-02,
    11.150716356075));
#2054 = CARTESIAN_POINT('',(0.996745407125,8.105889484682E-02,
    11.12715853936));
#2055 = CARTESIAN_POINT('',(0.995986171136,8.950724498996E-02,
    11.103811575637));
#2056 = CARTESIAN_POINT('',(0.995226935406,9.795559225172E-02,
    11.080464619876));
#2057 = CARTESIAN_POINT('',(0.994307643308,0.106983605362,
    11.057328833925));
#2058 = CARTESIAN_POINT('',(0.993182379232,0.11657084362,11.034451741211
    ));
#2059 = CARTESIAN_POINT('',(0.992057114224,0.126158089827,
    11.011574629528));
#2060 = CARTESIAN_POINT('',(0.99072583471,0.136304434301,10.988956504992
    ));
#2061 = CARTESIAN_POINT('',(0.989138823568,0.146984311106,
    10.966642295556));
#2062 = CARTESIAN_POINT('',(0.987551589798,0.157665686086,
    10.944324955878));
#2063 = CARTESIAN_POINT('',(0.985709797935,0.168873580395,10.92232494105
    ));
#2064 = CARTESIAN_POINT('',(0.983557030411,0.180597807101,
    10.900646569461));
#2065 = CARTESIAN_POINT('',(0.981402708084,0.192330501444,
    10.878952541012));
#2066 = CARTESIAN_POINT('',(0.97892971108,0.204618600446,10.857512173543
    ));
#2067 = CARTESIAN_POINT('',(0.976076954006,0.217425343185,10.83639465691
    ));
#2068 = CARTESIAN_POINT('',(0.973224210021,0.230232027164,
    10.815277237169));
#2069 = CARTESIAN_POINT('',(0.969991646658,0.243556970998,
    10.794483404989));
#2070 = CARTESIAN_POINT('',(0.966317796649,0.257351735723,
    10.774079471118));
#2071 = CARTESIAN_POINT('',(0.962643951243,0.271146483167,
    10.753675562806));
#2072 = CARTESIAN_POINT('',(0.958528807261,0.285410539474,
    10.733662338512));
#2073 = CARTESIAN_POINT('',(0.953912466059,0.300084999789,
    10.714100240469));
#2074 = CARTESIAN_POINT('',(0.949296114714,0.314759492344,10.69453809945
    ));
#2075 = CARTESIAN_POINT('',(0.9441786379,0.32984373901,10.675427907342)
  );
#2076 = CARTESIAN_POINT('',(0.938503244691,0.345270415334,
    10.656821486838));
#2077 = CARTESIAN_POINT('',(0.932827816713,0.360697186166,
    10.638214952346));
#2078 = CARTESIAN_POINT('',(0.926594667054,0.376465615123,
    10.620113004298));
#2079 = CARTESIAN_POINT('',(0.919750734312,0.392502976718,
    10.602556336124));
#2080 = CARTESIAN_POINT('',(0.912912582946,0.408526790837,
    10.585014498852));
#2081 = CARTESIAN_POINT('',(0.905428169412,0.4249047666,10.567923844772)
  );
#2082 = CARTESIAN_POINT('',(0.897235862436,0.441551590599,
    10.551346230747));
#2083 = CARTESIAN_POINT('',(0.889044325162,0.458196850558,10.53477017426
    ));
#2084 = CARTESIAN_POINT('',(0.880147835253,0.475103454424,
    10.518715111016));
#2085 = CARTESIAN_POINT('',(0.87050991378,0.492150881357,10.503249947282
    ));
#2086 = CARTESIAN_POINT('',(0.86087203692,0.509198229382,10.487784855133
    ));
#2087 = CARTESIAN_POINT('',(0.850493631728,0.526384032265,
    10.472911653909));
#2088 = CARTESIAN_POINT('',(0.839359363603,0.543576911523,
    10.458681271248));
#2089 = CARTESIAN_POINT('',(0.828225031014,0.560769890323,
    10.444450806196));
#2090 = CARTESIAN_POINT('',(0.816336269866,0.577967302356,
    10.430864990462));
#2091 = CARTESIAN_POINT('',(0.803698091168,0.595037291482,
    10.417951677921));
#2092 = CARTESIAN_POINT('',(0.791059378178,0.61210800226,10.405037819457
    ));
#2093 = CARTESIAN_POINT('',(0.777674635686,0.62904691199,10.392799194986
    ));
#2094 = CARTESIAN_POINT('',(0.763558843643,0.645738253703,
    10.381234702533));
#2095 = CARTESIAN_POINT('',(0.749434412167,0.662439811188,
    10.369663132145));
#2096 = CARTESIAN_POINT('',(0.734486174092,0.67900151232,10.358692323206
    ));
#2097 = CARTESIAN_POINT('',(0.71873851376,0.695280482136,10.348343704303
    ));
#2098 = CARTESIAN_POINT('',(0.702991146323,0.711559149175,
    10.337995277877));
#2099 = CARTESIAN_POINT('',(0.686446780539,0.72755190923,10.328270748417
    ));
#2100 = CARTESIAN_POINT('',(0.66916293891,0.743115711846,10.319174499507
    ));
#2101 = CARTESIAN_POINT('',(0.651879176441,0.75867944318,10.310078292258
    ));
#2102 = CARTESIAN_POINT('',(0.633858903136,0.773811253161,
    10.301611618771));
#2103 = CARTESIAN_POINT('',(0.615186324716,0.788381751364,10.29375929652
    ));
#2104 = CARTESIAN_POINT('',(0.59651358616,0.802952374523,10.285906906928
    ));
#2105 = CARTESIAN_POINT('',(0.57719173243,0.816959266712,10.278669649685
    ));
#2106 = CARTESIAN_POINT('',(0.557321083497,0.830297061231,
    10.272014630096));
#2107 = CARTESIAN_POINT('',(0.547385813522,0.836965921915,
    10.268687138552));
#2108 = CARTESIAN_POINT('',(0.537313775788,0.843467756205,
    10.265505045362));
#2109 = CARTESIAN_POINT('',(0.527118062541,0.849792061709,
    10.262462979986));
#2110 = CARTESIAN_POINT('',(0.516928178184,0.856112751607,10.25942265376
    ));
#2111 = CARTESIAN_POINT('',(0.506594776384,0.862268999517,
    10.256515922979));
#2112 = CARTESIAN_POINT('',(0.496100073999,0.868265349175,
    10.253731540828));
#2113 = CARTESIAN_POINT('',(0.475115197411,0.880255461228,
    10.248163977912));
#2114 = CARTESIAN_POINT('',(0.453523690675,0.89158094467,10.243097561579
    ));
#2115 = CARTESIAN_POINT('',(0.431419714443,0.902151334306,
    10.238503937151));
#2116 = CARTESIAN_POINT('',(0.409315959935,0.912721617911,
    10.233910358802));
#2117 = CARTESIAN_POINT('',(0.386702174373,0.922535492444,
    10.229789852991));
#2118 = CARTESIAN_POINT('',(0.363689543198,0.931520217799,
    10.226110274707));
#2119 = CARTESIAN_POINT('',(0.340676932661,0.940504935097,
    10.222430699723));
#2120 = CARTESIAN_POINT('',(0.317267948372,0.948659552142,
    10.219192186728));
#2121 = CARTESIAN_POINT('',(0.293582834543,0.955933637478,
    10.216360997482));
#2122 = CARTESIAN_POINT('',(0.269897531699,0.963207780863,
    10.213529785642));
#2123 = CARTESIAN_POINT('',(0.245938478108,0.96960081954,10.211105940858
    ));
#2124 = CARTESIAN_POINT('',(0.22182634411,0.975086187503,10.209056813306
    ));
#2125 = CARTESIAN_POINT('',(0.209769133979,0.97782913154,10.208032152382
    ));
#2126 = CARTESIAN_POINT('',(0.19767882429,0.980344478682,10.207101595365
    ));
#2127 = CARTESIAN_POINT('',(0.18555555823,0.982633774511,10.206260371133
    ));
#2128 = CARTESIAN_POINT('',(0.17342470372,0.984924503304,10.205418620344
    ));
#2129 = CARTESIAN_POINT('',(0.161223135567,0.9869958455,10.204663777454)
  );
#2130 = CARTESIAN_POINT('',(0.148963940324,0.988842628775,
    10.203994380174));
#2131 = CARTESIAN_POINT('',(0.124445494123,0.992536203719,
    10.202655582573));
#2132 = CARTESIAN_POINT('',(9.969668510151E-02,0.995330302752,
    10.201658282235));
#2133 = CARTESIAN_POINT('',(7.482986795523E-02,0.997196315106,
    10.200994381051));
#2134 = CARTESIAN_POINT('',(4.996320734066E-02,0.999062315714,
    10.200330484046));
#2135 = CARTESIAN_POINT('',(2.498048777701E-02,1.,10.2));
#2136 = CARTESIAN_POINT('',(-1.7E-16,1.,10.2));
#2137 = ORIENTED_EDGE('',*,*,#2138,.F.);
#2138 = EDGE_CURVE('',#2139,#2031,#2141,.T.);
#2139 = VERTEX_POINT('',#2140);
#2140 = CARTESIAN_POINT('',(0.7,0.,11.614213562373));
#2141 = LINE('',#2142,#2143);
#2142 = CARTESIAN_POINT('',(-1.2000024,0.,11.614213562373));
#2143 = VECTOR('',#2144,1.);
#2144 = DIRECTION('',(1.,0.,0.));
#2145 = ORIENTED_EDGE('',*,*,#2146,.T.);
#2146 = EDGE_CURVE('',#2139,#1890,#2147,.T.);
#2147 = B_SPLINE_CURVE_WITH_KNOTS('',3,(#2148,#2149,#2150,#2151,#2152,
    #2153,#2154,#2155,#2156,#2157,#2158,#2159,#2160,#2161,#2162,#2163,
    #2164,#2165,#2166,#2167,#2168,#2169,#2170,#2171,#2172,#2173,#2174,
    #2175,#2176,#2177,#2178,#2179,#2180,#2181,#2182,#2183,#2184,#2185,
    #2186,#2187,#2188,#2189,#2190,#2191,#2192,#2193,#2194,#2195,#2196,
    #2197,#2198,#2199,#2200,#2201,#2202,#2203,#2204,#2205,#2206,#2207,
    #2208,#2209,#2210,#2211,#2212,#2213,#2214,#2215,#2216,#2217,#2218,
    #2219,#2220,#2221,#2222,#2223,#2224,#2225,#2226,#2227,#2228,#2229,
    #2230,#2231,#2232,#2233,#2234,#2235,#2236,#2237,#2238,#2239,#2240,
    #2241,#2242,#2243,#2244,#2245,#2246,#2247),.UNSPECIFIED.,.F.,.F.,(4,
    3,3,3,3,3,3,3,3,3,3,3,3,3,3,3,3,3,3,3,3,3,3,3,3,3,3,3,3,3,3,3,3,4),(
    0.,5.838423750401E-02,0.116669309142,0.175009263131,0.23343818887,
    0.291908892497,0.350374253273,0.408788983301,0.467111239415,
    0.525437108192,0.583924705715,0.642491300803,0.70105907277,
    0.759564087814,0.817961325903,0.876253832826,0.934725742216,
    0.993323681014,1.05189734228,1.110339208823,1.139492843315,
    1.168656100408,1.227247608104,1.285985554736,1.344639503505,
    1.403041288456,1.461523066135,1.520290542318,1.579055717543,
    1.637554608225,1.695994362453,1.754751078426,1.813537913206,
    1.872061411872),.UNSPECIFIED.);
#2148 = CARTESIAN_POINT('',(0.7,6.E-17,11.614213562373));
#2149 = CARTESIAN_POINT('',(0.7,4.E-17,11.594738820429));
#2150 = CARTESIAN_POINT('',(0.700000306166,3.794059853386E-04,
    11.575275032919));
#2151 = CARTESIAN_POINT('',(0.69999907806,1.136096287255E-03,
    11.555844065656));
#2152 = CARTESIAN_POINT('',(0.699997849703,1.892941144625E-03,
    11.536409129581));
#2153 = CARTESIAN_POINT('',(0.699995086455,3.025923381776E-03,
    11.517024116903));
#2154 = CARTESIAN_POINT('',(0.699985309974,4.534955465498E-03,
    11.49766185464));
#2155 = CARTESIAN_POINT('',(0.699975530611,6.044432240086E-03,
    11.478293886587));
#2156 = CARTESIAN_POINT('',(0.699958725462,7.932054795061E-03,
    11.458932859024));
#2157 = CARTESIAN_POINT('',(0.699925713334,1.019783377397E-02,
    11.439601118635));
#2158 = CARTESIAN_POINT('',(0.699892701238,1.246361055254E-02,
    11.42026939702));
#2159 = CARTESIAN_POINT('',(0.69984347563,1.510753678038E-02,
    11.400967066521));
#2160 = CARTESIAN_POINT('',(0.699765234377,1.812778963248E-02,
    11.381716783599));
#2161 = CARTESIAN_POINT('',(0.699686993154,2.114804136215E-02,
    11.362466507831));
#2162 = CARTESIAN_POINT('',(0.699579725657,2.454460705858E-02,
    11.343268372504));
#2163 = CARTESIAN_POINT('',(0.699427142244,2.831382510404E-02,
    11.324144945284));
#2164 = CARTESIAN_POINT('',(0.699274558821,3.208304339216E-02,
    11.305021516833));
#2165 = CARTESIAN_POINT('',(0.699076646161,3.622489789712E-02,
    11.285972876863));
#2166 = CARTESIAN_POINT('',(0.698813814322,4.0733928271E-02,
    11.26702120661));
#2167 = CARTESIAN_POINT('',(0.698550982388,4.524296028065E-02,
    11.248069529481));
#2168 = CARTESIAN_POINT('',(0.698223216873,5.011915050895E-02,
    11.229214889737));
#2169 = CARTESIAN_POINT('',(0.697807846332,5.53553032429E-02,
    11.210478872098));
#2170 = CARTESIAN_POINT('',(0.697392475565,6.059145883767E-02,
    11.191742844222));
#2171 = CARTESIAN_POINT('',(0.696889485925,6.61875593971E-02,
    11.173125494013));
#2172 = CARTESIAN_POINT('',(0.696273350696,7.213474274195E-02,
    11.154647672521));
#2173 = CARTESIAN_POINT('',(0.695657544823,7.807874701333E-02,
    11.136179728369));
#2174 = CARTESIAN_POINT('',(0.694927204122,8.438904529264E-02,
    11.117802311524));
#2175 = CARTESIAN_POINT('',(0.694051324736,9.106458494783E-02,
    11.099528225287));
#2176 = CARTESIAN_POINT('',(0.693175520587,9.773955118276E-02,
    11.08125570877));
#2177 = CARTESIAN_POINT('',(0.692154412263,0.10477748382,11.06309336215)
  );
#2178 = CARTESIAN_POINT('',(0.690954739686,0.112167498439,
    11.045073028225));
#2179 = CARTESIAN_POINT('',(0.68975506824,0.11955750609,11.027052711292)
  );
#2180 = CARTESIAN_POINT('',(0.688376817063,0.127299546848,
    11.009174547075));
#2181 = CARTESIAN_POINT('',(0.686784158173,0.135379171527,
    10.991469638678));
#2182 = CARTESIAN_POINT('',(0.685191499523,0.143458794987,
    10.973764732954));
#2183 = CARTESIAN_POINT('',(0.68338442319,0.151875948483,10.956233210092
    ));
#2184 = CARTESIAN_POINT('',(0.681324844802,0.160612751225,
    10.938904893823));
#2185 = CARTESIAN_POINT('',(0.679265265566,0.169349557564,
    10.921576570419));
#2186 = CARTESIAN_POINT('',(0.676953182999,0.178405956785,
    10.904451567393));
#2187 = CARTESIAN_POINT('',(0.674348489026,0.187760792894,
    10.887558029583));
#2188 = CARTESIAN_POINT('',(0.671743793022,0.197115636297,
    10.870664478601));
#2189 = CARTESIAN_POINT('',(0.668846495849,0.206768861854,
    10.854002490181));
#2190 = CARTESIAN_POINT('',(0.665614572905,0.216696193636,
    10.837598251828));
#2191 = CARTESIAN_POINT('',(0.662381193429,0.226627999374,10.82118662057
    ));
#2192 = CARTESIAN_POINT('',(0.658820774546,0.236813233238,
    10.805064793982));
#2193 = CARTESIAN_POINT('',(0.654866083502,0.247286094795,
    10.789163338625));
#2194 = CARTESIAN_POINT('',(0.650910654085,0.257760911718,
    10.773258914342));
#2195 = CARTESIAN_POINT('',(0.646559853371,0.268522528649,10.75757983138
    ));
#2196 = CARTESIAN_POINT('',(0.641768140515,0.279523977184,
    10.742182440375));
#2197 = CARTESIAN_POINT('',(0.636976444982,0.290525385949,
    10.726785105032));
#2198 = CARTESIAN_POINT('',(0.631743890611,0.301766206778,
    10.711670063375));
#2199 = CARTESIAN_POINT('',(0.626028400358,0.313190743716,10.69688930716
    ));
#2200 = CARTESIAN_POINT('',(0.620312910846,0.324615279173,10.68210855286
    ));
#2201 = CARTESIAN_POINT('',(0.614114637165,0.336222999131,
    10.667662727286));
#2202 = CARTESIAN_POINT('',(0.607396002495,0.347951284171,
    10.653597220456));
#2203 = CARTESIAN_POINT('',(0.600677342927,0.359679612673,
    10.639531661501));
#2204 = CARTESIAN_POINT('',(0.593438604872,0.371527888031,
    10.625847062693));
#2205 = CARTESIAN_POINT('',(0.585646804016,0.383429029868,
    10.612580261878));
#2206 = CARTESIAN_POINT('',(0.581750910913,0.389379589598,
    10.605946873944));
#2207 = CARTESIAN_POINT('',(0.577716854488,0.395343260999,
    10.599417850645));
#2208 = CARTESIAN_POINT('',(0.573540870352,0.401311437709,
    10.592996913914));
#2209 = CARTESIAN_POINT('',(0.569366997398,0.407276597189,
    10.586579223307));
#2210 = CARTESIAN_POINT('',(0.565042624348,0.413258869207,
    10.580255887668));
#2211 = CARTESIAN_POINT('',(0.560558190154,0.419254714286,
    10.574026258371));
#2212 = CARTESIAN_POINT('',(0.551590376779,0.431244993856,
    10.561568465366));
#2213 = CARTESIAN_POINT('',(0.541990459493,0.443276912385,10.54950029082
    ));
#2214 = CARTESIAN_POINT('',(0.53174717749,0.45524162731,10.537886501159)
  );
#2215 = CARTESIAN_POINT('',(0.521503983689,0.467206239212,10.5262728115)
  );
#2216 = CARTESIAN_POINT('',(0.510618662915,0.479101669901,
    10.515115199206));
#2217 = CARTESIAN_POINT('',(0.499101035635,0.490813769402,
    10.504464423162));
#2218 = CARTESIAN_POINT('',(0.487583372238,0.502525905629,
    10.493813613719));
#2219 = CARTESIAN_POINT('',(0.475435210507,0.514052594076,
    10.483671199239));
#2220 = CARTESIAN_POINT('',(0.462684751172,0.525283562501,
    10.474069770358));
#2221 = CARTESIAN_POINT('',(0.449934081008,0.536514716631,
    10.464468182717));
#2222 = CARTESIAN_POINT('',(0.436583365574,0.547448227712,
    10.455408790737));
#2223 = CARTESIAN_POINT('',(0.422671400202,0.557986458162,
    10.446904482868));
#2224 = CARTESIAN_POINT('',(0.408758415201,0.568525460973,
    10.438399551706));
#2225 = CARTESIAN_POINT('',(0.394177355577,0.578749267595,
    10.430385527514));
#2226 = CARTESIAN_POINT('',(0.378985341754,0.588532166271,
    10.422900678166));
#2227 = CARTESIAN_POINT('',(0.363793639442,0.598314864351,
    10.415415982294));
#2228 = CARTESIAN_POINT('',(0.347994397732,0.607653936087,
    10.408462110524));
#2229 = CARTESIAN_POINT('',(0.33167540443,0.616434445904,10.402061793156
    ));
#2230 = CARTESIAN_POINT('',(0.31535644494,0.625214937527,10.395661489049
    ));
#2231 = CARTESIAN_POINT('',(0.298521737609,0.633434556325,
    10.389815947947));
#2232 = CARTESIAN_POINT('',(0.281278908457,0.641000917049,
    10.384530442424));
#2233 = CARTESIAN_POINT('',(0.264035791961,0.648567403862,
    10.379244848819));
#2234 = CARTESIAN_POINT('',(0.246388667124,0.655479048852,
    10.374519992321));
#2235 = CARTESIAN_POINT('',(0.228449919881,0.661672603412,
    10.370345733329));
#2236 = CARTESIAN_POINT('',(0.210534187404,0.667858211865,
    10.366176829761));
#2237 = CARTESIAN_POINT('',(0.192185289287,0.673377470217,10.36252355252
    ));
#2238 = CARTESIAN_POINT('',(0.173489630281,0.67816026733,10.359391083373
    ));
#2239 = CARTESIAN_POINT('',(0.154796554802,0.682942403515,
    10.356259047097));
#2240 = CARTESIAN_POINT('',(0.135770261751,0.686983681958,
    10.353650458733));
#2241 = CARTESIAN_POINT('',(0.116545129583,0.690229840539,
    10.351568604815));
#2242 = CARTESIAN_POINT('',(9.732005160268E-02,0.69347598997,
    10.349486756765));
#2243 = CARTESIAN_POINT('',(7.790051481233E-02,0.695926244429,
    10.347931949791));
#2244 = CARTESIAN_POINT('',(5.842828660703E-02,0.697557263115,
    10.346899215409));
#2245 = CARTESIAN_POINT('',(3.895575546358E-02,0.699188307175,
    10.345866464961));
#2246 = CARTESIAN_POINT('',(1.943476240543E-02,0.700000000037,
    10.345355808281));
#2247 = CARTESIAN_POINT('',(2.9E-16,0.700000000037,10.345355808281));
#2248 = ORIENTED_EDGE('',*,*,#1889,.T.);
#2249 = ORIENTED_EDGE('',*,*,#2250,.F.);
#2250 = EDGE_CURVE('',#1720,#1882,#2251,.T.);
#2251 = LINE('',#2252,#2253);
#2252 = CARTESIAN_POINT('',(-1.2000024,0.,11.614213562373));
#2253 = VECTOR('',#2254,1.);
#2254 = DIRECTION('',(1.,0.,0.));
#2255 = ORIENTED_EDGE('',*,*,#1727,.F.);
#2256 = CYLINDRICAL_SURFACE('',#2257,1.5);
#2257 = AXIS2_PLACEMENT_3D('',#2258,#2259,#2260);
#2258 = CARTESIAN_POINT('',(-1.2000024,1.5,11.614213562373));
#2259 = DIRECTION('',(1.,0.,0.));
#2260 = DIRECTION('',(0.,0.,-1.));
#2261 = ADVANCED_FACE('',(#2262),#2287,.F.);
#2262 = FACE_BOUND('',#2263,.T.);
#2263 = EDGE_LOOP('',(#2264,#2272,#2273,#2281));
#2264 = ORIENTED_EDGE('',*,*,#2265,.T.);
#2265 = EDGE_CURVE('',#2266,#2031,#2268,.T.);
#2266 = VERTEX_POINT('',#2267);
#2267 = CARTESIAN_POINT('',(1.,0.,12.7));
#2268 = LINE('',#2269,#2270);
#2269 = CARTESIAN_POINT('',(1.,1.8E-16,9.45));
#2270 = VECTOR('',#2271,1.);
#2271 = DIRECTION('',(0.,0.,-1.));
#2272 = ORIENTED_EDGE('',*,*,#2138,.F.);
#2273 = ORIENTED_EDGE('',*,*,#2274,.F.);
#2274 = EDGE_CURVE('',#2275,#2139,#2277,.T.);
#2275 = VERTEX_POINT('',#2276);
#2276 = CARTESIAN_POINT('',(0.7,0.,12.7));
#2277 = LINE('',#2278,#2279);
#2278 = CARTESIAN_POINT('',(0.7,1.3E-16,9.45));
#2279 = VECTOR('',#2280,1.);
#2280 = DIRECTION('',(0.,0.,-1.));
#2281 = ORIENTED_EDGE('',*,*,#2282,.F.);
#2282 = EDGE_CURVE('',#2266,#2275,#2283,.T.);
#2283 = LINE('',#2284,#2285);
#2284 = CARTESIAN_POINT('',(0.,0.,12.7));
#2285 = VECTOR('',#2286,1.);
#2286 = DIRECTION('',(-1.,0.,-0.));
#2287 = PLANE('',#2288);
#2288 = AXIS2_PLACEMENT_3D('',#2289,#2290,#2291);
#2289 = CARTESIAN_POINT('',(-1.2000024,0.,11.614213562373));
#2290 = DIRECTION('',(-0.,-1.,0.));
#2291 = DIRECTION('',(0.,0.,1.));
#2292 = ADVANCED_FACE('',(#2293),#2318,.F.);
#2293 = FACE_BOUND('',#2294,.T.);
#2294 = EDGE_LOOP('',(#2295,#2296,#2303,#2304,#2310,#2311));
#2295 = ORIENTED_EDGE('',*,*,#2282,.T.);
#2296 = ORIENTED_EDGE('',*,*,#2297,.F.);
#2297 = EDGE_CURVE('',#1863,#2275,#2298,.T.);
#2298 = CIRCLE('',#2299,0.7);
#2299 = AXIS2_PLACEMENT_3D('',#2300,#2301,#2302);
#2300 = CARTESIAN_POINT('',(0.,0.,12.7));
#2301 = DIRECTION('',(0.,-0.,1.));
#2302 = DIRECTION('',(0.,1.,0.));
#2303 = ORIENTED_EDGE('',*,*,#1872,.F.);
#2304 = ORIENTED_EDGE('',*,*,#2305,.T.);
#2305 = EDGE_CURVE('',#1873,#1718,#2306,.T.);
#2306 = LINE('',#2307,#2308);
#2307 = CARTESIAN_POINT('',(0.,0.,12.7));
#2308 = VECTOR('',#2309,1.);
#2309 = DIRECTION('',(-1.,0.,-0.));
#2310 = ORIENTED_EDGE('',*,*,#1847,.T.);
#2311 = ORIENTED_EDGE('',*,*,#2312,.T.);
#2312 = EDGE_CURVE('',#1840,#2266,#2313,.T.);
#2313 = CIRCLE('',#2314,1.);
#2314 = AXIS2_PLACEMENT_3D('',#2315,#2316,#2317);
#2315 = CARTESIAN_POINT('',(0.,0.,12.7));
#2316 = DIRECTION('',(0.,-0.,1.));
#2317 = DIRECTION('',(0.,1.,0.));
#2318 = PLANE('',#2319);
#2319 = AXIS2_PLACEMENT_3D('',#2320,#2321,#2322);
#2320 = CARTESIAN_POINT('',(0.,0.85,12.7));
#2321 = DIRECTION('',(-0.,-0.,-1.));
#2322 = DIRECTION('',(0.,-1.,0.));
#2323 = ADVANCED_FACE('',(#2324),#2330,.F.);
#2324 = FACE_BOUND('',#2325,.T.);
#2325 = EDGE_LOOP('',(#2326,#2327,#2328,#2329));
#2326 = ORIENTED_EDGE('',*,*,#1717,.F.);
#2327 = ORIENTED_EDGE('',*,*,#2305,.F.);
#2328 = ORIENTED_EDGE('',*,*,#1881,.T.);
#2329 = ORIENTED_EDGE('',*,*,#2250,.F.);
#2330 = PLANE('',#2331);
#2331 = AXIS2_PLACEMENT_3D('',#2332,#2333,#2334);
#2332 = CARTESIAN_POINT('',(-1.2000024,0.,11.614213562373));
#2333 = DIRECTION('',(-0.,-1.,0.));
#2334 = DIRECTION('',(0.,0.,1.));
#2335 = ADVANCED_FACE('',(#2336),#2475,.T.);
#2336 = FACE_BOUND('',#2337,.T.);
#2337 = EDGE_LOOP('',(#2338,#2348,#2453,#2459,#2460,#2468));
#2338 = ORIENTED_EDGE('',*,*,#2339,.T.);
#2339 = EDGE_CURVE('',#2340,#2342,#2344,.T.);
#2340 = VERTEX_POINT('',#2341);
#2341 = CARTESIAN_POINT('',(3.12,2.8,12.7));
#2342 = VERTEX_POINT('',#2343);
#2343 = CARTESIAN_POINT('',(3.12,2.8,11.614213562373));
#2344 = LINE('',#2345,#2346);
#2345 = CARTESIAN_POINT('',(3.12,2.8,9.45));
#2346 = VECTOR('',#2347,1.);
#2347 = DIRECTION('',(0.,0.,-1.));
#2348 = ORIENTED_EDGE('',*,*,#2349,.F.);
#2349 = EDGE_CURVE('',#2350,#2342,#2352,.T.);
#2350 = VERTEX_POINT('',#2351);
#2351 = CARTESIAN_POINT('',(4.12,1.8,10.2));
#2352 = B_SPLINE_CURVE_WITH_KNOTS('',3,(#2353,#2354,#2355,#2356,#2357,
    #2358,#2359,#2360,#2361,#2362,#2363,#2364,#2365,#2366,#2367,#2368,
    #2369,#2370,#2371,#2372,#2373,#2374,#2375,#2376,#2377,#2378,#2379,
    #2380,#2381,#2382,#2383,#2384,#2385,#2386,#2387,#2388,#2389,#2390,
    #2391,#2392,#2393,#2394,#2395,#2396,#2397,#2398,#2399,#2400,#2401,
    #2402,#2403,#2404,#2405,#2406,#2407,#2408,#2409,#2410,#2411,#2412,
    #2413,#2414,#2415,#2416,#2417,#2418,#2419,#2420,#2421,#2422,#2423,
    #2424,#2425,#2426,#2427,#2428,#2429,#2430,#2431,#2432,#2433,#2434,
    #2435,#2436,#2437,#2438,#2439,#2440,#2441,#2442,#2443,#2444,#2445,
    #2446,#2447,#2448,#2449,#2450,#2451,#2452),.UNSPECIFIED.,.F.,.F.,(4,
    3,3,3,3,3,3,3,3,3,3,3,3,3,3,3,3,3,3,3,3,3,3,3,3,3,3,3,3,3,3,3,3,4),(
    0.,7.4891524458E-02,0.149521205541,0.186672701815,0.223867731678,
    0.298571968874,0.373484136787,0.448341623888,0.52289970707,
    0.597271544447,0.67202784125,0.74694763287,0.821749006642,
    0.896173170558,0.9706197082,1.045393427806,1.120307081168,
    1.195113779305,1.269546957795,1.343900165185,1.418462169377,
    1.493126106818,1.567737806209,1.642113974434,1.716425970731,
    1.790885880451,1.865405440788,1.93988063287,2.014199477649,
    2.088507458136,2.162953182684,2.237445709259,2.311891239045,
    2.38619739165),.UNSPECIFIED.);
#2353 = CARTESIAN_POINT('',(4.12,1.8,10.2));
#2354 = CARTESIAN_POINT('',(4.12,1.824981105851,10.2));
#2355 = CARTESIAN_POINT('',(4.11906227761,1.849957997457,10.200330499512
    ));
#2356 = CARTESIAN_POINT('',(4.117197599037,1.874812756098,
    10.200993924247));
#2357 = CARTESIAN_POINT('',(4.115332906705,1.899667698138,
    10.201657353877));
#2358 = CARTESIAN_POINT('',(4.112541502634,1.924398571198,
    10.202653693026));
#2359 = CARTESIAN_POINT('',(4.108853135099,1.948894181235,
    10.203990572027));
#2360 = CARTESIAN_POINT('',(4.107008685589,1.96114375113,10.204659107847
    ));
#2361 = CARTESIAN_POINT('',(4.104941658829,1.973326835963,
    10.205412352495));
#2362 = CARTESIAN_POINT('',(4.102653269531,1.985452290039,10.20625320765
    ));
#2363 = CARTESIAN_POINT('',(4.100363411998,1.997585523826,
    10.207094602298));
#2364 = CARTESIAN_POINT('',(4.0978454442,2.009693754493,10.20802609109)
  );
#2365 = CARTESIAN_POINT('',(4.095100752197,2.021762312094,
    10.209051372569));
#2366 = CARTESIAN_POINT('',(4.08961135431,2.045899488323,10.211101940711
    ));
#2367 = CARTESIAN_POINT('',(4.083213764342,2.069877335869,10.21352747164
    ));
#2368 = CARTESIAN_POINT('',(4.075936116225,2.093574763384,
    10.216360032717));
#2369 = CARTESIAN_POINT('',(4.068658515864,2.1172720354,10.219192575207)
  );
#2370 = CARTESIAN_POINT('',(4.060501451637,2.140686514185,
    10.222432099647));
#2371 = CARTESIAN_POINT('',(4.051516686924,2.16369858672,10.226111720737
    ));
#2372 = CARTESIAN_POINT('',(4.042531902853,2.186710708835,
    10.229791349754));
#2373 = CARTESIAN_POINT('',(4.032720380954,2.209317976472,10.23391093591
    ));
#2374 = CARTESIAN_POINT('',(4.022155666243,2.231410655716,
    10.238502054609));
#2375 = CARTESIAN_POINT('',(4.011590832309,2.253503584275,
    10.243093225119));
#2376 = CARTESIAN_POINT('',(4.000274120531,2.275079529042,
    10.248155641989));
#2377 = CARTESIAN_POINT('',(3.988295999316,2.296046426831,
    10.253717308972));
#2378 = CARTESIAN_POINT('',(3.976329318399,2.316993299146,
    10.259273664008));
#2379 = CARTESIAN_POINT('',(3.963673150964,2.337391903778,
    10.265340740897));
#2380 = CARTESIAN_POINT('',(3.950316208502,2.35729255683,10.272005076554
    ));
#2381 = CARTESIAN_POINT('',(3.936967345061,2.377181172863,10.27866538125
    ));
#2382 = CARTESIAN_POINT('',(3.922951148911,2.396515591916,
    10.285907468436));
#2383 = CARTESIAN_POINT('',(3.90837480006,2.415195232939,10.293763042735
    ));
#2384 = CARTESIAN_POINT('',(3.893798547594,2.433874750446,10.30161856509
    ));
#2385 = CARTESIAN_POINT('',(3.878664596695,2.451896308701,
    10.310086769048));
#2386 = CARTESIAN_POINT('',(3.863103286639,2.469176737035,
    10.319181761487));
#2387 = CARTESIAN_POINT('',(3.847541875955,2.486457277114,
    10.328276812739));
#2388 = CARTESIAN_POINT('',(3.831556076513,2.502993756964,
    10.337997380157));
#2389 = CARTESIAN_POINT('',(3.815288736247,2.518730528953,
    10.348338457163));
#2390 = CARTESIAN_POINT('',(3.799020051654,2.534468601423,
    10.358680388752));
#2391 = CARTESIAN_POINT('',(3.782477493452,2.549400629533,
    10.369638047367));
#2392 = CARTESIAN_POINT('',(3.765789253258,2.563515710628,
    10.381199369368));
#2393 = CARTESIAN_POINT('',(3.749086493259,2.577643072721,
    10.392770750438));
#2394 = CARTESIAN_POINT('',(3.732131331149,2.591041811224,10.40502037251
    ));
#2395 = CARTESIAN_POINT('',(3.715046248043,2.603691459885,
    10.417944902406));
#2396 = CARTESIAN_POINT('',(3.69796145546,2.616340893446,10.430869212527
    ));
#2397 = CARTESIAN_POINT('',(3.680749356822,2.628239314863,
    10.444466951106));
#2398 = CARTESIAN_POINT('',(3.663542984344,2.639381334188,10.45870935329
    ));
#2399 = CARTESIAN_POINT('',(3.64633669936,2.650523296856,10.472951683051
    ));
#2400 = CARTESIAN_POINT('',(3.629138811175,2.660907421584,
    10.487836818357));
#2401 = CARTESIAN_POINT('',(3.612081432097,2.670549173912,10.50331295454
    ));
#2402 = CARTESIAN_POINT('',(3.595023962234,2.680190977557,
    10.518789173092));
#2403 = CARTESIAN_POINT('',(3.578109382787,2.689089510507,
    10.534854380798));
#2404 = CARTESIAN_POINT('',(3.561458477329,2.69728167974,10.551438965019
    ));
#2405 = CARTESIAN_POINT('',(3.54480640952,2.705474420844,10.56802470696)
  );
#2406 = CARTESIAN_POINT('',(3.528423754197,2.712958654653,
    10.585123743674));
#2407 = CARTESIAN_POINT('',(3.512400626836,2.71979440532,10.602668393552
    ));
#2408 = CARTESIAN_POINT('',(3.49636527468,2.726635371303,10.620226429064
    ));
#2409 = CARTESIAN_POINT('',(3.480599523709,2.73286549324,10.638329041409
    ));
#2410 = CARTESIAN_POINT('',(3.465176489641,2.738537794124,
    10.656934783791));
#2411 = CARTESIAN_POINT('',(3.449753546981,2.74421006139,10.675540415903
    ));
#2412 = CARTESIAN_POINT('',(3.434674101711,2.749324314224,
    10.694648349823));
#2413 = CARTESIAN_POINT('',(3.420005662374,2.753937420665,
    10.714206012591));
#2414 = CARTESIAN_POINT('',(3.405337251673,2.758550518099,
    10.733763637176));
#2415 = CARTESIAN_POINT('',(3.391080501374,2.7626623995,10.753770157756)
  );
#2416 = CARTESIAN_POINT('',(3.37729428948,2.766333094021,10.774164446522
    ));
#2417 = CARTESIAN_POINT('',(3.363508056159,2.770003794248,
    10.794558766987));
#2418 = CARTESIAN_POINT('',(3.350192874774,2.773233321557,
    10.815340062006));
#2419 = CARTESIAN_POINT('',(3.337396955876,2.776083276968,
    10.836441467732));
#2420 = CARTESIAN_POINT('',(3.324600896106,2.778933263753,
    10.857543105764));
#2421 = CARTESIAN_POINT('',(3.31232479749,2.781403677564,10.878963546531
    ));
#2422 = CARTESIAN_POINT('',(3.300604126337,2.783555870071,
    10.900634885165));
#2423 = CARTESIAN_POINT('',(3.288880409579,2.785708621823,
    10.922311855076));
#2424 = CARTESIAN_POINT('',(3.277661326966,2.78755231668,10.944333429216
    ));
#2425 = CARTESIAN_POINT('',(3.266977141675,2.789139888906,10.96665727536
    ));
#2426 = CARTESIAN_POINT('',(3.256292974446,2.790727458448,
    10.988981083766));
#2427 = CARTESIAN_POINT('',(3.246143851686,2.792058937867,
    11.011606879462));
#2428 = CARTESIAN_POINT('',(3.236555249876,2.793184209362,
    11.034488952445));
#2429 = CARTESIAN_POINT('',(3.226966654084,2.794309480151,11.05737101107
    ));
#2430 = CARTESIAN_POINT('',(3.217938708246,2.795228586425,
    11.080509043326));
#2431 = CARTESIAN_POINT('',(3.209491593771,2.795987577555,
    11.103854829758));
#2432 = CARTESIAN_POINT('',(3.201044474116,2.796746569151,
    11.127200630505));
#2433 = CARTESIAN_POINT('',(3.193178295123,2.797345492306,
    11.150753859154));
#2434 = CARTESIAN_POINT('',(3.185907581907,2.797825731602,
    11.174464842798));
#2435 = CARTESIAN_POINT('',(3.178636845797,2.79830597241,11.198175901104
    ));
#2436 = CARTESIAN_POINT('',(3.171961688635,2.798667571017,
    11.222044260035));
#2437 = CARTESIAN_POINT('',(3.165890716374,2.798946466109,
    11.246020418388));
#2438 = CARTESIAN_POINT('',(3.159819158018,2.799225388125,
    11.269998891417));
#2439 = CARTESIAN_POINT('',(3.15433172077,2.799422460863,11.294164537866
    ));
#2440 = CARTESIAN_POINT('',(3.149442795438,2.799566466923,
    11.318474643541));
#2441 = CARTESIAN_POINT('',(3.144553877819,2.799710472756,
    11.342784710867));
#2442 = CARTESIAN_POINT('',(3.14026354231,2.799801453447,11.367238958092
    ));
#2443 = CARTESIAN_POINT('',(3.136582002753,2.79986250914,11.391792687808
    ));
#2444 = CARTESIAN_POINT('',(3.132900465206,2.799923564801,
    11.416346404111));
#2445 = CARTESIAN_POINT('',(3.129827774886,2.799954727762,
    11.440999295674));
#2446 = CARTESIAN_POINT('',(3.127369644562,2.799972843801,
    11.465705575972));
#2447 = CARTESIAN_POINT('',(3.124911512759,2.79999095985,11.490411871143
    ));
#2448 = CARTESIAN_POINT('',(3.123067968683,2.79999604762,11.515171226457
    ));
#2449 = CARTESIAN_POINT('',(3.121840091764,2.79999830703,11.539937796773
    ));
#2450 = CARTESIAN_POINT('',(3.120612212469,2.800000566444,
    11.564704415036));
#2451 = CARTESIAN_POINT('',(3.12,2.8,11.589477908678));
#2452 = CARTESIAN_POINT('',(3.12,2.8,11.614213562373));
#2453 = ORIENTED_EDGE('',*,*,#2454,.T.);
#2454 = EDGE_CURVE('',#2350,#760,#2455,.T.);
#2455 = LINE('',#2456,#2457);
#2456 = CARTESIAN_POINT('',(4.12,1.8,9.45));
#2457 = VECTOR('',#2458,1.);
#2458 = DIRECTION('',(0.,0.,-1.));
#2459 = ORIENTED_EDGE('',*,*,#757,.F.);
#2460 = ORIENTED_EDGE('',*,*,#2461,.F.);
#2461 = EDGE_CURVE('',#2462,#758,#2464,.T.);
#2462 = VERTEX_POINT('',#2463);
#2463 = CARTESIAN_POINT('',(2.12,1.8,12.7));
#2464 = LINE('',#2465,#2466);
#2465 = CARTESIAN_POINT('',(2.12,1.8,9.45));
#2466 = VECTOR('',#2467,1.);
#2467 = DIRECTION('',(0.,0.,-1.));
#2468 = ORIENTED_EDGE('',*,*,#2469,.F.);
#2469 = EDGE_CURVE('',#2340,#2462,#2470,.T.);
#2470 = CIRCLE('',#2471,1.);
#2471 = AXIS2_PLACEMENT_3D('',#2472,#2473,#2474);
#2472 = CARTESIAN_POINT('',(3.12,1.8,12.7));
#2473 = DIRECTION('',(0.,0.,1.));
#2474 = DIRECTION('',(1.,0.,-0.));
#2475 = CYLINDRICAL_SURFACE('',#2476,1.);
#2476 = AXIS2_PLACEMENT_3D('',#2477,#2478,#2479);
#2477 = CARTESIAN_POINT('',(3.12,1.8,9.45));
#2478 = DIRECTION('',(0.,0.,-1.));
#2479 = DIRECTION('',(-1.,-0.,-0.));
#2480 = ADVANCED_FACE('',(#2481),#2627,.F.);
#2481 = FACE_BOUND('',#2482,.F.);
#2482 = EDGE_LOOP('',(#2483,#2493,#2502,#2510,#2612,#2620));
#2483 = ORIENTED_EDGE('',*,*,#2484,.F.);
#2484 = EDGE_CURVE('',#2485,#2487,#2489,.T.);
#2485 = VERTEX_POINT('',#2486);
#2486 = CARTESIAN_POINT('',(2.42,1.8,12.7));
#2487 = VERTEX_POINT('',#2488);
#2488 = CARTESIAN_POINT('',(2.42,1.8,9.2));
#2489 = LINE('',#2490,#2491);
#2490 = CARTESIAN_POINT('',(2.42,1.8,9.45));
#2491 = VECTOR('',#2492,1.);
#2492 = DIRECTION('',(0.,0.,-1.));
#2493 = ORIENTED_EDGE('',*,*,#2494,.F.);
#2494 = EDGE_CURVE('',#2495,#2485,#2497,.T.);
#2495 = VERTEX_POINT('',#2496);
#2496 = CARTESIAN_POINT('',(3.12,2.5,12.7));
#2497 = CIRCLE('',#2498,0.7);
#2498 = AXIS2_PLACEMENT_3D('',#2499,#2500,#2501);
#2499 = CARTESIAN_POINT('',(3.12,1.8,12.7));
#2500 = DIRECTION('',(0.,0.,1.));
#2501 = DIRECTION('',(1.,0.,-0.));
#2502 = ORIENTED_EDGE('',*,*,#2503,.T.);
#2503 = EDGE_CURVE('',#2495,#2504,#2506,.T.);
#2504 = VERTEX_POINT('',#2505);
#2505 = CARTESIAN_POINT('',(3.12,2.5,11.614213562373));
#2506 = LINE('',#2507,#2508);
#2507 = CARTESIAN_POINT('',(3.12,2.5,9.45));
#2508 = VECTOR('',#2509,1.);
#2509 = DIRECTION('',(0.,0.,-1.));
#2510 = ORIENTED_EDGE('',*,*,#2511,.F.);
#2511 = EDGE_CURVE('',#2512,#2504,#2514,.T.);
#2512 = VERTEX_POINT('',#2513);
#2513 = CARTESIAN_POINT('',(3.82,1.8,10.345355808281));
#2514 = B_SPLINE_CURVE_WITH_KNOTS('',3,(#2515,#2516,#2517,#2518,#2519,
    #2520,#2521,#2522,#2523,#2524,#2525,#2526,#2527,#2528,#2529,#2530,
    #2531,#2532,#2533,#2534,#2535,#2536,#2537,#2538,#2539,#2540,#2541,
    #2542,#2543,#2544,#2545,#2546,#2547,#2548,#2549,#2550,#2551,#2552,
    #2553,#2554,#2555,#2556,#2557,#2558,#2559,#2560,#2561,#2562,#2563,
    #2564,#2565,#2566,#2567,#2568,#2569,#2570,#2571,#2572,#2573,#2574,
    #2575,#2576,#2577,#2578,#2579,#2580,#2581,#2582,#2583,#2584,#2585,
    #2586,#2587,#2588,#2589,#2590,#2591,#2592,#2593,#2594,#2595,#2596,
    #2597,#2598,#2599,#2600,#2601,#2602,#2603,#2604,#2605,#2606,#2607,
    #2608,#2609,#2610,#2611),.UNSPECIFIED.,.F.,.F.,(4,3,3,3,3,3,3,3,3,3,
    3,3,3,3,3,3,3,3,3,3,3,3,3,3,3,3,3,3,3,3,3,3,4),(0.,
    5.841212887687E-02,0.117141024582,0.175907787006,0.234415764113,
    0.292809144615,0.351511628048,0.410283090463,0.468838490564,
    0.527169278542,0.585767105546,0.644532833987,0.703263639879,
    0.761713835428,0.82002621253,0.878527435777,0.9371835845,
    0.995908941636,1.054578917842,1.113041903958,1.171312209065,
    1.229685094955,1.288141462054,1.346635874997,1.4051115176,
    1.463503792538,1.521769923462,1.580097797144,1.638506630166,
    1.696952766311,1.75539087777,1.813775283551,1.87206140745),
  .UNSPECIFIED.);
#2515 = CARTESIAN_POINT('',(3.820000000037,1.8,10.345355808281));
#2516 = CARTESIAN_POINT('',(3.820000000037,1.819400561552,
    10.345355808281));
#2517 = CARTESIAN_POINT('',(3.819192218015,1.838871816525,
    10.345864005395));
#2518 = CARTESIAN_POINT('',(3.817566537303,1.85831745909,10.346893343192
    ));
#2519 = CARTESIAN_POINT('',(3.815941114645,1.877760014946,
    10.347922517597));
#2520 = CARTESIAN_POINT('',(3.813498099623,1.897160833969,
    10.349472679096));
#2521 = CARTESIAN_POINT('',(3.810257850227,1.916379122697,
    10.351550641843));
#2522 = CARTESIAN_POINT('',(3.807017604574,1.935597389228,10.35362860219
    ));
#2523 = CARTESIAN_POINT('',(3.802980838264,1.954628746888,
    10.356234087371));
#2524 = CARTESIAN_POINT('',(3.798199212709,1.97333732397,10.359365577154
    ));
#2525 = CARTESIAN_POINT('',(3.793417504683,1.992046223728,
    10.362497120948));
#2526 = CARTESIAN_POINT('',(3.787892279062,2.010428113691,
    10.366154080024));
#2527 = CARTESIAN_POINT('',(3.781701616099,2.028365871468,
    10.370326180192));
#2528 = CARTESIAN_POINT('',(3.775519336636,2.046279337634,
    10.374492630432));
#2529 = CARTESIAN_POINT('',(3.768628492987,2.063883861963,
    10.379202872908));
#2530 = CARTESIAN_POINT('',(3.761076935852,2.081105607056,
    10.384477342741));
#2531 = CARTESIAN_POINT('',(3.753526669355,2.098324408779,
    10.389750911114));
#2532 = CARTESIAN_POINT('',(3.745321486527,2.115144642722,
    10.395585117521));
#2533 = CARTESIAN_POINT('',(3.736550517924,2.131459588559,
    10.401977194076));
#2534 = CARTESIAN_POINT('',(3.727779568872,2.147774498032,
    10.408369256384));
#2535 = CARTESIAN_POINT('',(3.718445064204,2.163580123822,
    10.415318039902));
#2536 = CARTESIAN_POINT('',(3.708659816734,2.178787038009,
    10.422803024244));
#2537 = CARTESIAN_POINT('',(3.698874414694,2.193994192407,10.43028812682
    ));
#2538 = CARTESIAN_POINT('',(3.688640959799,2.208599152938,
    10.438307823415));
#2539 = CARTESIAN_POINT('',(3.67808503855,2.222541228458,10.446824935824
    ));
#2540 = CARTESIAN_POINT('',(3.667538904131,2.236470377704,
    10.455334151666));
#2541 = CARTESIAN_POINT('',(3.656647578064,2.249775120098,
    10.464357089934));
#2542 = CARTESIAN_POINT('',(3.645428925353,2.262519669207,
    10.473945514736));
#2543 = CARTESIAN_POINT('',(3.634216677383,2.275256942438,
    10.483528465496));
#2544 = CARTESIAN_POINT('',(3.622704780012,2.287398874683,
    10.493654535269));
#2545 = CARTESIAN_POINT('',(3.610998465895,2.298919338668,
    10.504296491513));
#2546 = CARTESIAN_POINT('',(3.599292243073,2.310439712808,
    10.514938364763));
#2547 = CARTESIAN_POINT('',(3.587393584112,2.321336835518,
    10.526094700688));
#2548 = CARTESIAN_POINT('',(3.575413406794,2.331600064828,
    10.537719786585));
#2549 = CARTESIAN_POINT('',(3.563433187968,2.341863329696,
    10.549344912758));
#2550 = CARTESIAN_POINT('',(3.55137337083,2.35149143059,10.56143718784)
  );
#2551 = CARTESIAN_POINT('',(3.539341925431,2.360492952301,
    10.573935654373));
#2552 = CARTESIAN_POINT('',(3.527310311066,2.369494600428,
    10.586434296432));
#2553 = CARTESIAN_POINT('',(3.515308697632,2.377868914211,
    10.599337535352));
#2554 = CARTESIAN_POINT('',(3.503434146806,2.385643453882,
    10.612574557786));
#2555 = CARTESIAN_POINT('',(3.491559867198,2.393417815979,
    10.625811277883));
#2556 = CARTESIAN_POINT('',(3.479740284552,2.400640457253,10.63946136992
    ));
#2557 = CARTESIAN_POINT('',(3.468034167319,2.407348514759,
    10.653497829007));
#2558 = CARTESIAN_POINT('',(3.456328117905,2.414056533403,
    10.667534206774));
#2559 = CARTESIAN_POINT('',(3.444735949356,2.420249720703,
    10.681956548621));
#2560 = CARTESIAN_POINT('',(3.433313727267,2.4259668588,10.696730216411)
  );
#2561 = CARTESIAN_POINT('',(3.421891539209,2.431683979864,
    10.711503840186));
#2562 = CARTESIAN_POINT('',(3.410639702474,2.436924894539,
    10.726628329669));
#2563 = CARTESIAN_POINT('',(3.399609689641,2.441730801405,
    10.742062491518));
#2564 = CARTESIAN_POINT('',(3.388579681398,2.446536706272,
    10.757496646945));
#2565 = CARTESIAN_POINT('',(3.377771847195,2.45090752596,10.773240010983
    ));
#2566 = CARTESIAN_POINT('',(3.367231506952,2.454886693999,10.78924622797
    ));
#2567 = CARTESIAN_POINT('',(3.356691146074,2.458865869829,
    10.805252476294));
#2568 = CARTESIAN_POINT('',(3.346418560246,2.462453375286,
    10.821521137513));
#2569 = CARTESIAN_POINT('',(3.336451785289,2.465694092393,
    10.838002263491));
#2570 = CARTESIAN_POINT('',(3.326484966689,2.46893482369,10.854483461636
    ));
#2571 = CARTESIAN_POINT('',(3.316824173458,2.471828785004,
    10.871176714739));
#2572 = CARTESIAN_POINT('',(3.307499423622,2.474421208253,
    10.888030226701));
#2573 = CARTESIAN_POINT('',(3.298181033655,2.477011863361,
    10.904872243864));
#2574 = CARTESIAN_POINT('',(3.289175890908,2.479308059925,
    10.921912262727));
#2575 = CARTESIAN_POINT('',(3.280474050322,2.481357526687,
    10.939180059398));
#2576 = CARTESIAN_POINT('',(3.271774411122,2.483406474976,
    10.956443487671));
#2577 = CARTESIAN_POINT('',(3.263388092417,2.485206014505,
    10.973916102402));
#2578 = CARTESIAN_POINT('',(3.255331595641,2.486793534639,
    10.991573902423));
#2579 = CARTESIAN_POINT('',(3.247275102531,2.48838105405,11.009231694407
    ));
#2580 = CARTESIAN_POINT('',(3.239548460137,2.4897565565,11.027074607164)
  );
#2581 = CARTESIAN_POINT('',(3.232165695669,2.490955032339,
    11.045077424246));
#2582 = CARTESIAN_POINT('',(3.224782932904,2.492153507902,
    11.063080237175));
#2583 = CARTESIAN_POINT('',(3.21774407961,2.49317496528,11.081242874817)
  );
#2584 = CARTESIAN_POINT('',(3.2110606171,2.494051845335,11.099539087279)
  );
#2585 = CARTESIAN_POINT('',(3.204377153298,2.49492872556,11.117835303277
    ));
#2586 = CARTESIAN_POINT('',(3.198049111937,2.495661040948,
    11.136264999469));
#2587 = CARTESIAN_POINT('',(3.192085342014,2.496278466899,
    11.154801188238));
#2588 = CARTESIAN_POINT('',(3.186121567024,2.496895893374,
    11.173337392755));
#2589 = CARTESIAN_POINT('',(3.180522092748,2.497398444753,
    11.191979979511));
#2590 = CARTESIAN_POINT('',(3.17529306029,2.497812781112,11.210701656287
    ));
#2591 = CARTESIAN_POINT('',(3.170062199259,2.498227262363,
    11.229429879959));
#2592 = CARTESIAN_POINT('',(3.16520934144,2.498553065381,11.248206211063
    ));
#2593 = CARTESIAN_POINT('',(3.160714774326,2.498814930544,
    11.267101721422));
#2594 = CARTESIAN_POINT('',(3.156220198491,2.499076796215,
    11.285997268439));
#2595 = CARTESIAN_POINT('',(3.152087853266,2.499274306998,
    11.305000789093));
#2596 = CARTESIAN_POINT('',(3.148324407038,2.499426713792,
    11.324091262161));
#2597 = CARTESIAN_POINT('',(3.144560963153,2.499579120491,
    11.343181723348));
#2598 = CARTESIAN_POINT('',(3.141166435417,2.499686438337,
    11.362359065777));
#2599 = CARTESIAN_POINT('',(3.138145864916,2.499764765894,
    11.381601605811));
#2600 = CARTESIAN_POINT('',(3.135125295398,2.499843093425,
    11.400844139587));
#2601 = CARTESIAN_POINT('',(3.132478697766,2.499892443798,
    11.420151789004));
#2602 = CARTESIAN_POINT('',(3.130209405451,2.499925544641,
    11.439502416779));
#2603 = CARTESIAN_POINT('',(3.127940113016,2.499958645485,
    11.458853045583));
#2604 = CARTESIAN_POINT('',(3.126048136554,2.499975506407,
    11.478246560783));
#2605 = CARTESIAN_POINT('',(3.124535050303,2.499985309359,
    11.497660637792));
#2606 = CARTESIAN_POINT('',(3.123021963246,2.499995112316,
    11.517074725147));
#2607 = CARTESIAN_POINT('',(3.12188777147,2.499997862201,11.536509274128
    ));
#2608 = CARTESIAN_POINT('',(3.121132281599,2.499999084241,
    11.555942105075));
#2609 = CARTESIAN_POINT('',(3.120376790871,2.500000306283,
    11.575374958069));
#2610 = CARTESIAN_POINT('',(3.12,2.5,11.594805987469));
#2611 = CARTESIAN_POINT('',(3.12,2.5,11.614213562373));
#2612 = ORIENTED_EDGE('',*,*,#2613,.T.);
#2613 = EDGE_CURVE('',#2512,#2614,#2616,.T.);
#2614 = VERTEX_POINT('',#2615);
#2615 = CARTESIAN_POINT('',(3.82,1.8,9.2));
#2616 = LINE('',#2617,#2618);
#2617 = CARTESIAN_POINT('',(3.82,1.8,9.45));
#2618 = VECTOR('',#2619,1.);
#2619 = DIRECTION('',(0.,0.,-1.));
#2620 = ORIENTED_EDGE('',*,*,#2621,.F.);
#2621 = EDGE_CURVE('',#2487,#2614,#2622,.T.);
#2622 = CIRCLE('',#2623,0.7);
#2623 = AXIS2_PLACEMENT_3D('',#2624,#2625,#2626);
#2624 = CARTESIAN_POINT('',(3.12,1.8,9.2));
#2625 = DIRECTION('',(0.,0.,-1.));
#2626 = DIRECTION('',(-1.,-0.,-0.));
#2627 = CYLINDRICAL_SURFACE('',#2628,0.7);
#2628 = AXIS2_PLACEMENT_3D('',#2629,#2630,#2631);
#2629 = CARTESIAN_POINT('',(3.12,1.8,9.45));
#2630 = DIRECTION('',(0.,0.,-1.));
#2631 = DIRECTION('',(-1.,-0.,-0.));
#2632 = ADVANCED_FACE('',(#2633),#2643,.F.);
#2633 = FACE_BOUND('',#2634,.T.);
#2634 = EDGE_LOOP('',(#2635,#2636));
#2635 = ORIENTED_EDGE('',*,*,#2621,.F.);
#2636 = ORIENTED_EDGE('',*,*,#2637,.F.);
#2637 = EDGE_CURVE('',#2614,#2487,#2638,.T.);
#2638 = CIRCLE('',#2639,0.7);
#2639 = AXIS2_PLACEMENT_3D('',#2640,#2641,#2642);
#2640 = CARTESIAN_POINT('',(3.12,1.8,9.2));
#2641 = DIRECTION('',(0.,0.,-1.));
#2642 = DIRECTION('',(-1.,-0.,-0.));
#2643 = PLANE('',#2644);
#2644 = AXIS2_PLACEMENT_3D('',#2645,#2646,#2647);
#2645 = CARTESIAN_POINT('',(3.97,1.8,9.2));
#2646 = DIRECTION('',(0.,0.,-1.));
#2647 = DIRECTION('',(0.,1.,0.));
#2648 = ADVANCED_FACE('',(#2649),#2878,.F.);
#2649 = FACE_BOUND('',#2650,.F.);
#2650 = EDGE_LOOP('',(#2651,#2759,#2767,#2870,#2871,#2877));
#2651 = ORIENTED_EDGE('',*,*,#2652,.F.);
#2652 = EDGE_CURVE('',#2653,#2350,#2655,.T.);
#2653 = VERTEX_POINT('',#2654);
#2654 = CARTESIAN_POINT('',(3.12,0.8,11.614213562373));
#2655 = B_SPLINE_CURVE_WITH_KNOTS('',3,(#2656,#2657,#2658,#2659,#2660,
    #2661,#2662,#2663,#2664,#2665,#2666,#2667,#2668,#2669,#2670,#2671,
    #2672,#2673,#2674,#2675,#2676,#2677,#2678,#2679,#2680,#2681,#2682,
    #2683,#2684,#2685,#2686,#2687,#2688,#2689,#2690,#2691,#2692,#2693,
    #2694,#2695,#2696,#2697,#2698,#2699,#2700,#2701,#2702,#2703,#2704,
    #2705,#2706,#2707,#2708,#2709,#2710,#2711,#2712,#2713,#2714,#2715,
    #2716,#2717,#2718,#2719,#2720,#2721,#2722,#2723,#2724,#2725,#2726,
    #2727,#2728,#2729,#2730,#2731,#2732,#2733,#2734,#2735,#2736,#2737,
    #2738,#2739,#2740,#2741,#2742,#2743,#2744,#2745,#2746,#2747,#2748,
    #2749,#2750,#2751,#2752,#2753,#2754,#2755,#2756,#2757,#2758),
  .UNSPECIFIED.,.F.,.F.,(4,3,3,3,3,3,3,3,3,3,3,3,3,3,3,3,3,3,3,3,3,3,3,3
    ,3,3,3,3,3,3,3,3,3,3,4),(0.,7.434104627602E-02,0.148802286872,
    0.223290837984,0.297713204721,0.371988729081,0.44634703896,
    0.520837971049,0.595351899195,0.669788062139,0.74407008298,
    0.818514695075,0.893174990653,0.967869776703,1.042448394886,
    1.116808356346,1.191222784703,1.265991969082,1.340853181359,
    1.415564641227,1.489948657705,1.564435758919,1.639269696491,
    1.714181454705,1.788890186956,1.826088456284,1.863234287038,
    1.937845557464,2.0127230762,2.087616930498,2.162263773275,
    2.199419359625,2.236605543449,2.311288707033,2.386197397529),
  .UNSPECIFIED.);
#2656 = CARTESIAN_POINT('',(3.12,0.8,11.614213562373));
#2657 = CARTESIAN_POINT('',(3.12,0.8,11.589463211712));
#2658 = CARTESIAN_POINT('',(3.120612944292,0.79999943278,11.564678008909
    ));
#2659 = CARTESIAN_POINT('',(3.121841820006,0.800001696152,
    11.539902945928));
#2660 = CARTESIAN_POINT('',(3.123070693711,0.80000395952,11.51512792343)
  );
#2661 = CARTESIAN_POINT('',(3.124915496463,0.800009057198,
    11.490363379219));
#2662 = CARTESIAN_POINT('',(3.127374655523,0.800027193142,
    11.465655220214));
#2663 = CARTESIAN_POINT('',(3.129833813726,0.80004532908,11.440947069826
    ));
#2664 = CARTESIAN_POINT('',(3.132907298417,0.800076523079,
    11.416295631375));
#2665 = CARTESIAN_POINT('',(3.136588917626,0.800137605562,
    11.391746574506));
#2666 = CARTESIAN_POINT('',(3.140270539696,0.800198688092,
    11.367197498566));
#2667 = CARTESIAN_POINT('',(3.144560243303,0.800289692301,
    11.342751109186));
#2668 = CARTESIAN_POINT('',(3.149447383672,0.800433668237,
    11.318451829534));
#2669 = CARTESIAN_POINT('',(3.154335315147,0.800577667478,11.29414861644
    ));
#2670 = CARTESIAN_POINT('',(3.159816630474,0.800774509496,
    11.270009490642));
#2671 = CARTESIAN_POINT('',(3.165888461996,0.80105343033,11.246029321748
    ));
#2672 = CARTESIAN_POINT('',(3.171963509548,0.801332498898,
    11.222036451428));
#2673 = CARTESIAN_POINT('',(3.178642583131,0.801694341603,
    11.198155483727));
#2674 = CARTESIAN_POINT('',(3.185916457648,0.802174854691,
    11.174435898597));
#2675 = CARTESIAN_POINT('',(3.193190319099,0.802655366915,
    11.150716356075));
#2676 = CARTESIAN_POINT('',(3.201058894847,0.803254592875,11.12715853936
    ));
#2677 = CARTESIAN_POINT('',(3.20950724499,0.804013828864,11.103811575637
    ));
#2678 = CARTESIAN_POINT('',(3.217955592252,0.804773064594,
    11.080464619876));
#2679 = CARTESIAN_POINT('',(3.226983605362,0.805692356692,
    11.057328833925));
#2680 = CARTESIAN_POINT('',(3.23657084362,0.806817620768,11.034451741211
    ));
#2681 = CARTESIAN_POINT('',(3.246158089827,0.807942885776,
    11.011574629528));
#2682 = CARTESIAN_POINT('',(3.256304434301,0.80927416529,10.988956504992
    ));
#2683 = CARTESIAN_POINT('',(3.266984311106,0.810861176432,
    10.966642295556));
#2684 = CARTESIAN_POINT('',(3.277665686086,0.812448410202,
    10.944324955878));
#2685 = CARTESIAN_POINT('',(3.288873580395,0.814290202065,10.92232494105
    ));
#2686 = CARTESIAN_POINT('',(3.300597807101,0.816442969589,
    10.900646569461));
#2687 = CARTESIAN_POINT('',(3.312330501444,0.818597291916,
    10.878952541012));
#2688 = CARTESIAN_POINT('',(3.324618600446,0.82107028892,10.857512173543
    ));
#2689 = CARTESIAN_POINT('',(3.337425343185,0.823923045994,10.83639465691
    ));
#2690 = CARTESIAN_POINT('',(3.350232027161,0.826775789978,
    10.815277237173));
#2691 = CARTESIAN_POINT('',(3.363556970996,0.830008353341,
    10.794483404993));
#2692 = CARTESIAN_POINT('',(3.377351735723,0.833682203351,
    10.774079471118));
#2693 = CARTESIAN_POINT('',(3.391146483168,0.837356048758,
    10.753675562804));
#2694 = CARTESIAN_POINT('',(3.405410539475,0.841471192739,10.73366233851
    ));
#2695 = CARTESIAN_POINT('',(3.420084999789,0.846087533941,
    10.714100240469));
#2696 = CARTESIAN_POINT('',(3.434759492348,0.850703885287,
    10.694538099443));
#2697 = CARTESIAN_POINT('',(3.449843739015,0.855821362102,
    10.675427907336));
#2698 = CARTESIAN_POINT('',(3.465270415334,0.861496755309,
    10.656821486838));
#2699 = CARTESIAN_POINT('',(3.48069718616,0.867172183285,10.638214952353
    ));
#2700 = CARTESIAN_POINT('',(3.496465615117,0.873405332944,
    10.620113004305));
#2701 = CARTESIAN_POINT('',(3.512502976718,0.880249265688,
    10.602556336124));
#2702 = CARTESIAN_POINT('',(3.528526790837,0.887087417054,
    10.585014498852));
#2703 = CARTESIAN_POINT('',(3.5449047666,0.894571830588,10.567923844772)
  );
#2704 = CARTESIAN_POINT('',(3.561551590599,0.902764137564,
    10.551346230747));
#2705 = CARTESIAN_POINT('',(3.578196850558,0.910955674838,10.53477017426
    ));
#2706 = CARTESIAN_POINT('',(3.595103454424,0.919852164747,
    10.518715111016));
#2707 = CARTESIAN_POINT('',(3.612150881357,0.92949008622,10.503249947282
    ));
#2708 = CARTESIAN_POINT('',(3.629198229382,0.93912796308,10.487784855133
    ));
#2709 = CARTESIAN_POINT('',(3.646384032265,0.949506368272,
    10.472911653909));
#2710 = CARTESIAN_POINT('',(3.663576911523,0.960640636397,
    10.458681271248));
#2711 = CARTESIAN_POINT('',(3.680769890323,0.971774968986,
    10.444450806196));
#2712 = CARTESIAN_POINT('',(3.697967302356,0.983663730134,
    10.430864990462));
#2713 = CARTESIAN_POINT('',(3.715037291482,0.996301908832,
    10.417951677921));
#2714 = CARTESIAN_POINT('',(3.73210800226,1.008940621822,10.405037819457
    ));
#2715 = CARTESIAN_POINT('',(3.74904691199,1.022325364314,10.392799194986
    ));
#2716 = CARTESIAN_POINT('',(3.765738253703,1.036441156357,
    10.381234702533));
#2717 = CARTESIAN_POINT('',(3.782439811188,1.050565587833,
    10.369663132145));
#2718 = CARTESIAN_POINT('',(3.79900151232,1.065513825908,10.358692323206
    ));
#2719 = CARTESIAN_POINT('',(3.815280482136,1.08126148624,10.348343704303
    ));
#2720 = CARTESIAN_POINT('',(3.831559149185,1.097008853686,
    10.337995277871));
#2721 = CARTESIAN_POINT('',(3.84755190924,1.113553219472,10.328270748411
    ));
#2722 = CARTESIAN_POINT('',(3.863115711846,1.13083706109,10.319174499507
    ));
#2723 = CARTESIAN_POINT('',(3.878679443174,1.148120823553,
    10.310078292261));
#2724 = CARTESIAN_POINT('',(3.893811253156,1.166141096857,
    10.301611618774));
#2725 = CARTESIAN_POINT('',(3.908381751364,1.184813675284,10.29375929652
    ));
#2726 = CARTESIAN_POINT('',(3.922952374518,1.203486413834,
    10.285906906931));
#2727 = CARTESIAN_POINT('',(3.936959266707,1.222808267563,
    10.278669649688));
#2728 = CARTESIAN_POINT('',(3.950297061231,1.242678916503,
    10.272014630096));
#2729 = CARTESIAN_POINT('',(3.956965921915,1.252614186478,
    10.268687138552));
#2730 = CARTESIAN_POINT('',(3.963467756205,1.262686224212,
    10.265505045362));
#2731 = CARTESIAN_POINT('',(3.969792061709,1.272881937459,
    10.262462979986));
#2732 = CARTESIAN_POINT('',(3.976112751607,1.283071821817,10.25942265376
    ));
#2733 = CARTESIAN_POINT('',(3.982268999517,1.293405223616,
    10.256515922979));
#2734 = CARTESIAN_POINT('',(3.988265349175,1.303899926001,
    10.253731540828));
#2735 = CARTESIAN_POINT('',(4.000255461228,1.324884802589,
    10.248163977912));
#2736 = CARTESIAN_POINT('',(4.01158094467,1.346476309326,10.243097561579
    ));
#2737 = CARTESIAN_POINT('',(4.022151334306,1.368580285557,
    10.238503937151));
#2738 = CARTESIAN_POINT('',(4.032721617919,1.390684040083,
    10.233910358799));
#2739 = CARTESIAN_POINT('',(4.042535492451,1.413297825645,
    10.229789852988));
#2740 = CARTESIAN_POINT('',(4.051520217799,1.436310456802,
    10.226110274707));
#2741 = CARTESIAN_POINT('',(4.060504935097,1.459323067339,
    10.222430699723));
#2742 = CARTESIAN_POINT('',(4.068659552142,1.482732051628,
    10.219192186728));
#2743 = CARTESIAN_POINT('',(4.075933637478,1.506417165457,
    10.216360997482));
#2744 = CARTESIAN_POINT('',(4.083207780863,1.530102468301,
    10.213529785642));
#2745 = CARTESIAN_POINT('',(4.08960081954,1.554061521892,10.211105940858
    ));
#2746 = CARTESIAN_POINT('',(4.095086187503,1.57817365589,10.209056813306
    ));
#2747 = CARTESIAN_POINT('',(4.09782913154,1.590230866022,10.208032152382
    ));
#2748 = CARTESIAN_POINT('',(4.100344478682,1.602321175711,
    10.207101595365));
#2749 = CARTESIAN_POINT('',(4.102633774511,1.61444444177,10.206260371133
    ));
#2750 = CARTESIAN_POINT('',(4.104924503304,1.62657529628,10.205418620344
    ));
#2751 = CARTESIAN_POINT('',(4.1069958455,1.638776864433,10.204663777454)
  );
#2752 = CARTESIAN_POINT('',(4.108842628775,1.651036059676,
    10.203994380174));
#2753 = CARTESIAN_POINT('',(4.112536203719,1.675554505877,
    10.202655582573));
#2754 = CARTESIAN_POINT('',(4.115330302752,1.700303314898,
    10.201658282235));
#2755 = CARTESIAN_POINT('',(4.117196315106,1.725170132045,
    10.200994381051));
#2756 = CARTESIAN_POINT('',(4.119062315714,1.750036792659,
    10.200330484046));
#2757 = CARTESIAN_POINT('',(4.12,1.775019512223,10.2));
#2758 = CARTESIAN_POINT('',(4.12,1.8,10.2));
#2759 = ORIENTED_EDGE('',*,*,#2760,.F.);
#2760 = EDGE_CURVE('',#2761,#2653,#2763,.T.);
#2761 = VERTEX_POINT('',#2762);
#2762 = CARTESIAN_POINT('',(3.12,1.1,11.614213562373));
#2763 = LINE('',#2764,#2765);
#2764 = CARTESIAN_POINT('',(3.12,3.0000024,11.614213562373));
#2765 = VECTOR('',#2766,1.);
#2766 = DIRECTION('',(0.,-1.,0.));
#2767 = ORIENTED_EDGE('',*,*,#2768,.T.);
#2768 = EDGE_CURVE('',#2761,#2512,#2769,.T.);
#2769 = B_SPLINE_CURVE_WITH_KNOTS('',3,(#2770,#2771,#2772,#2773,#2774,
    #2775,#2776,#2777,#2778,#2779,#2780,#2781,#2782,#2783,#2784,#2785,
    #2786,#2787,#2788,#2789,#2790,#2791,#2792,#2793,#2794,#2795,#2796,
    #2797,#2798,#2799,#2800,#2801,#2802,#2803,#2804,#2805,#2806,#2807,
    #2808,#2809,#2810,#2811,#2812,#2813,#2814,#2815,#2816,#2817,#2818,
    #2819,#2820,#2821,#2822,#2823,#2824,#2825,#2826,#2827,#2828,#2829,
    #2830,#2831,#2832,#2833,#2834,#2835,#2836,#2837,#2838,#2839,#2840,
    #2841,#2842,#2843,#2844,#2845,#2846,#2847,#2848,#2849,#2850,#2851,
    #2852,#2853,#2854,#2855,#2856,#2857,#2858,#2859,#2860,#2861,#2862,
    #2863,#2864,#2865,#2866,#2867,#2868,#2869),.UNSPECIFIED.,.F.,.F.,(4,
    3,3,3,3,3,3,3,3,3,3,3,3,3,3,3,3,3,3,3,3,3,3,3,3,3,3,3,3,3,3,3,3,4),(
    0.,5.838423750401E-02,0.116669309142,0.175009263131,0.23343818887,
    0.291908892497,0.350374253273,0.408788983301,0.467111239415,
    0.525437108192,0.583924705715,0.642491300803,0.70105907277,
    0.759564087814,0.817961325903,0.876253832826,0.934725742216,
    0.993323681014,1.05189734228,1.110339208823,1.139492843315,
    1.168656100408,1.227247608104,1.285985554736,1.344639503505,
    1.403041288456,1.461523066135,1.520290542318,1.579055717543,
    1.637554608225,1.695994362453,1.754751078426,1.813537913206,
    1.872061411872),.UNSPECIFIED.);
#2770 = CARTESIAN_POINT('',(3.12,1.1,11.614213562373));
#2771 = CARTESIAN_POINT('',(3.12,1.1,11.594738820428));
#2772 = CARTESIAN_POINT('',(3.120379405985,1.099999693834,
    11.575275032918));
#2773 = CARTESIAN_POINT('',(3.121136096287,1.10000092194,11.555844065656
    ));
#2774 = CARTESIAN_POINT('',(3.121892941145,1.100002150297,
    11.536409129581));
#2775 = CARTESIAN_POINT('',(3.123025923382,1.100004913545,
    11.517024116903));
#2776 = CARTESIAN_POINT('',(3.124534955466,1.100014690026,11.49766185464
    ));
#2777 = CARTESIAN_POINT('',(3.12604443224,1.100024469389,11.478293886587
    ));
#2778 = CARTESIAN_POINT('',(3.127932054795,1.100041274538,
    11.458932859024));
#2779 = CARTESIAN_POINT('',(3.130197833774,1.100074286666,
    11.439601118635));
#2780 = CARTESIAN_POINT('',(3.132463610553,1.100107298762,11.42026939702
    ));
#2781 = CARTESIAN_POINT('',(3.13510753678,1.10015652437,11.400967066521)
  );
#2782 = CARTESIAN_POINT('',(3.138127789632,1.100234765623,
    11.381716783599));
#2783 = CARTESIAN_POINT('',(3.141148041362,1.100313006846,
    11.362466507831));
#2784 = CARTESIAN_POINT('',(3.144544607059,1.100420274343,
    11.343268372504));
#2785 = CARTESIAN_POINT('',(3.148313825104,1.100572857756,
    11.324144945284));
#2786 = CARTESIAN_POINT('',(3.152083043392,1.100725441179,
    11.305021516833));
#2787 = CARTESIAN_POINT('',(3.156224897897,1.100923353839,
    11.285972876863));
#2788 = CARTESIAN_POINT('',(3.160733928271,1.101186185678,11.26702120661
    ));
#2789 = CARTESIAN_POINT('',(3.165242960281,1.101449017612,
    11.248069529481));
#2790 = CARTESIAN_POINT('',(3.170119150509,1.101776783127,
    11.229214889737));
#2791 = CARTESIAN_POINT('',(3.175355303243,1.102192153668,
    11.210478872098));
#2792 = CARTESIAN_POINT('',(3.180591458838,1.102607524435,
    11.191742844222));
#2793 = CARTESIAN_POINT('',(3.186187559397,1.103110514075,
    11.173125494013));
#2794 = CARTESIAN_POINT('',(3.192134742742,1.103726649304,
    11.154647672521));
#2795 = CARTESIAN_POINT('',(3.198078747013,1.104342455177,
    11.136179728369));
#2796 = CARTESIAN_POINT('',(3.204389045293,1.105072795878,
    11.117802311524));
#2797 = CARTESIAN_POINT('',(3.211064584948,1.105948675264,
    11.099528225287));
#2798 = CARTESIAN_POINT('',(3.217739551183,1.106824479413,11.08125570877
    ));
#2799 = CARTESIAN_POINT('',(3.22477748382,1.107845587737,11.06309336215)
  );
#2800 = CARTESIAN_POINT('',(3.232167498439,1.109045260314,
    11.045073028225));
#2801 = CARTESIAN_POINT('',(3.23955750609,1.11024493176,11.027052711292)
  );
#2802 = CARTESIAN_POINT('',(3.247299546848,1.111623182937,
    11.009174547075));
#2803 = CARTESIAN_POINT('',(3.255379171527,1.113215841827,
    10.991469638678));
#2804 = CARTESIAN_POINT('',(3.263458794983,1.114808500477,
    10.973764732963));
#2805 = CARTESIAN_POINT('',(3.271875948479,1.116615576809,10.9562332101)
  );
#2806 = CARTESIAN_POINT('',(3.280612751225,1.118675155198,
    10.938904893823));
#2807 = CARTESIAN_POINT('',(3.289349557564,1.120734734434,
    10.921576570419));
#2808 = CARTESIAN_POINT('',(3.298405956785,1.123046817001,
    10.904451567393));
#2809 = CARTESIAN_POINT('',(3.307760792894,1.125651510974,
    10.887558029583));
#2810 = CARTESIAN_POINT('',(3.317115636297,1.128256206978,
    10.870664478601));
#2811 = CARTESIAN_POINT('',(3.326768861854,1.131153504151,
    10.854002490181));
#2812 = CARTESIAN_POINT('',(3.336696193636,1.134385427095,
    10.837598251828));
#2813 = CARTESIAN_POINT('',(3.346627999374,1.137618806571,10.82118662057
    ));
#2814 = CARTESIAN_POINT('',(3.356813233238,1.141179225454,
    10.805064793982));
#2815 = CARTESIAN_POINT('',(3.367286094795,1.145133916498,
    10.789163338625));
#2816 = CARTESIAN_POINT('',(3.377760911719,1.149089345915,10.77325891434
    ));
#2817 = CARTESIAN_POINT('',(3.38852252865,1.153440146629,10.757579831378
    ));
#2818 = CARTESIAN_POINT('',(3.399523977184,1.158231859485,
    10.742182440375));
#2819 = CARTESIAN_POINT('',(3.410525385944,1.163023555016,
    10.726785105039));
#2820 = CARTESIAN_POINT('',(3.421766206773,1.168256109387,
    10.711670063381));
#2821 = CARTESIAN_POINT('',(3.433190743716,1.173971599642,10.69688930716
    ));
#2822 = CARTESIAN_POINT('',(3.444615279173,1.179687089154,10.68210855286
    ));
#2823 = CARTESIAN_POINT('',(3.456222999131,1.185885362835,
    10.667662727286));
#2824 = CARTESIAN_POINT('',(3.467951284171,1.192603997505,
    10.653597220456));
#2825 = CARTESIAN_POINT('',(3.479679612673,1.199322657073,
    10.639531661501));
#2826 = CARTESIAN_POINT('',(3.491527888031,1.206561395128,
    10.625847062693));
#2827 = CARTESIAN_POINT('',(3.503429029868,1.214353195984,
    10.612580261878));
#2828 = CARTESIAN_POINT('',(3.509379589598,1.218249089087,
    10.605946873944));
#2829 = CARTESIAN_POINT('',(3.515343260999,1.222283145512,
    10.599417850645));
#2830 = CARTESIAN_POINT('',(3.521311437708,1.226459129648,
    10.592996913914));
#2831 = CARTESIAN_POINT('',(3.527276597189,1.230633002602,
    10.586579223307));
#2832 = CARTESIAN_POINT('',(3.533258869207,1.234957375652,
    10.580255887668));
#2833 = CARTESIAN_POINT('',(3.539254714286,1.239441809846,
    10.574026258371));
#2834 = CARTESIAN_POINT('',(3.551244993856,1.248409623221,
    10.561568465366));
#2835 = CARTESIAN_POINT('',(3.563276912385,1.258009540507,10.54950029082
    ));
#2836 = CARTESIAN_POINT('',(3.57524162731,1.26825282251,10.537886501159)
  );
#2837 = CARTESIAN_POINT('',(3.587206239212,1.278496016311,10.5262728115)
  );
#2838 = CARTESIAN_POINT('',(3.599101669901,1.289381337085,
    10.515115199206));
#2839 = CARTESIAN_POINT('',(3.610813769402,1.300898964365,
    10.504464423162));
#2840 = CARTESIAN_POINT('',(3.622525905629,1.312416627762,
    10.493813613719));
#2841 = CARTESIAN_POINT('',(3.634052594076,1.324564789493,
    10.483671199239));
#2842 = CARTESIAN_POINT('',(3.645283562501,1.337315248828,
    10.474069770358));
#2843 = CARTESIAN_POINT('',(3.656514716631,1.350065918992,
    10.464468182717));
#2844 = CARTESIAN_POINT('',(3.667448227712,1.363416634426,
    10.455408790737));
#2845 = CARTESIAN_POINT('',(3.677986458162,1.377328599798,
    10.446904482868));
#2846 = CARTESIAN_POINT('',(3.688525460973,1.391241584799,
    10.438399551706));
#2847 = CARTESIAN_POINT('',(3.698749267595,1.405822644423,
    10.430385527514));
#2848 = CARTESIAN_POINT('',(3.708532166271,1.421014658246,
    10.422900678166));
#2849 = CARTESIAN_POINT('',(3.718314864351,1.436206360558,
    10.415415982294));
#2850 = CARTESIAN_POINT('',(3.727653936087,1.452005602268,
    10.408462110524));
#2851 = CARTESIAN_POINT('',(3.736434445904,1.46832459557,10.402061793156
    ));
#2852 = CARTESIAN_POINT('',(3.745214937527,1.48464355506,10.395661489049
    ));
#2853 = CARTESIAN_POINT('',(3.753434556325,1.501478262391,
    10.389815947947));
#2854 = CARTESIAN_POINT('',(3.761000917049,1.518721091543,
    10.384530442424));
#2855 = CARTESIAN_POINT('',(3.768567403862,1.535964208039,
    10.379244848819));
#2856 = CARTESIAN_POINT('',(3.775479048852,1.553611332876,
    10.374519992321));
#2857 = CARTESIAN_POINT('',(3.781672603412,1.571550080119,
    10.370345733329));
#2858 = CARTESIAN_POINT('',(3.787858211865,1.589465812596,
    10.366176829761));
#2859 = CARTESIAN_POINT('',(3.793377470217,1.607814710713,10.36252355252
    ));
#2860 = CARTESIAN_POINT('',(3.79816026733,1.626510369719,10.359391083373
    ));
#2861 = CARTESIAN_POINT('',(3.802942403515,1.645203445198,
    10.356259047097));
#2862 = CARTESIAN_POINT('',(3.806983681958,1.664229738249,
    10.353650458733));
#2863 = CARTESIAN_POINT('',(3.810229840539,1.683454870417,
    10.351568604815));
#2864 = CARTESIAN_POINT('',(3.81347598997,1.702679948397,10.349486756765
    ));
#2865 = CARTESIAN_POINT('',(3.815926244429,1.722099485188,
    10.347931949791));
#2866 = CARTESIAN_POINT('',(3.817557263115,1.741571713393,
    10.346899215409));
#2867 = CARTESIAN_POINT('',(3.819188307174,1.761044244527,
    10.345866464962));
#2868 = CARTESIAN_POINT('',(3.820000000037,1.780565237586,
    10.345355808281));
#2869 = CARTESIAN_POINT('',(3.820000000037,1.8,10.345355808281));
#2870 = ORIENTED_EDGE('',*,*,#2511,.T.);
#2871 = ORIENTED_EDGE('',*,*,#2872,.F.);
#2872 = EDGE_CURVE('',#2342,#2504,#2873,.T.);
#2873 = LINE('',#2874,#2875);
#2874 = CARTESIAN_POINT('',(3.12,3.0000024,11.614213562373));
#2875 = VECTOR('',#2876,1.);
#2876 = DIRECTION('',(0.,-1.,0.));
#2877 = ORIENTED_EDGE('',*,*,#2349,.F.);
#2878 = CYLINDRICAL_SURFACE('',#2879,1.5);
#2879 = AXIS2_PLACEMENT_3D('',#2880,#2881,#2882);
#2880 = CARTESIAN_POINT('',(4.62,3.0000024,11.614213562373));
#2881 = DIRECTION('',(0.,-1.,0.));
#2882 = DIRECTION('',(0.,0.,-1.));
#2883 = ADVANCED_FACE('',(#2884),#2909,.F.);
#2884 = FACE_BOUND('',#2885,.T.);
#2885 = EDGE_LOOP('',(#2886,#2894,#2895,#2903));
#2886 = ORIENTED_EDGE('',*,*,#2887,.T.);
#2887 = EDGE_CURVE('',#2888,#2653,#2890,.T.);
#2888 = VERTEX_POINT('',#2889);
#2889 = CARTESIAN_POINT('',(3.12,0.8,12.7));
#2890 = LINE('',#2891,#2892);
#2891 = CARTESIAN_POINT('',(3.12,0.8,9.45));
#2892 = VECTOR('',#2893,1.);
#2893 = DIRECTION('',(0.,0.,-1.));
#2894 = ORIENTED_EDGE('',*,*,#2760,.F.);
#2895 = ORIENTED_EDGE('',*,*,#2896,.F.);
#2896 = EDGE_CURVE('',#2897,#2761,#2899,.T.);
#2897 = VERTEX_POINT('',#2898);
#2898 = CARTESIAN_POINT('',(3.12,1.1,12.7));
#2899 = LINE('',#2900,#2901);
#2900 = CARTESIAN_POINT('',(3.12,1.1,9.45));
#2901 = VECTOR('',#2902,1.);
#2902 = DIRECTION('',(0.,0.,-1.));
#2903 = ORIENTED_EDGE('',*,*,#2904,.F.);
#2904 = EDGE_CURVE('',#2888,#2897,#2905,.T.);
#2905 = LINE('',#2906,#2907);
#2906 = CARTESIAN_POINT('',(3.12,1.8,12.7));
#2907 = VECTOR('',#2908,1.);
#2908 = DIRECTION('',(0.,1.,-0.));
#2909 = PLANE('',#2910);
#2910 = AXIS2_PLACEMENT_3D('',#2911,#2912,#2913);
#2911 = CARTESIAN_POINT('',(3.12,3.0000024,11.614213562373));
#2912 = DIRECTION('',(-1.,0.,0.));
#2913 = DIRECTION('',(0.,0.,1.));
#2914 = ADVANCED_FACE('',(#2915),#2940,.F.);
#2915 = FACE_BOUND('',#2916,.T.);
#2916 = EDGE_LOOP('',(#2917,#2918,#2925,#2926,#2932,#2933));
#2917 = ORIENTED_EDGE('',*,*,#2904,.T.);
#2918 = ORIENTED_EDGE('',*,*,#2919,.F.);
#2919 = EDGE_CURVE('',#2485,#2897,#2920,.T.);
#2920 = CIRCLE('',#2921,0.7);
#2921 = AXIS2_PLACEMENT_3D('',#2922,#2923,#2924);
#2922 = CARTESIAN_POINT('',(3.12,1.8,12.7));
#2923 = DIRECTION('',(0.,0.,1.));
#2924 = DIRECTION('',(1.,0.,-0.));
#2925 = ORIENTED_EDGE('',*,*,#2494,.F.);
#2926 = ORIENTED_EDGE('',*,*,#2927,.T.);
#2927 = EDGE_CURVE('',#2495,#2340,#2928,.T.);
#2928 = LINE('',#2929,#2930);
#2929 = CARTESIAN_POINT('',(3.12,1.8,12.7));
#2930 = VECTOR('',#2931,1.);
#2931 = DIRECTION('',(0.,1.,-0.));
#2932 = ORIENTED_EDGE('',*,*,#2469,.T.);
#2933 = ORIENTED_EDGE('',*,*,#2934,.T.);
#2934 = EDGE_CURVE('',#2462,#2888,#2935,.T.);
#2935 = CIRCLE('',#2936,1.);
#2936 = AXIS2_PLACEMENT_3D('',#2937,#2938,#2939);
#2937 = CARTESIAN_POINT('',(3.12,1.8,12.7));
#2938 = DIRECTION('',(0.,0.,1.));
#2939 = DIRECTION('',(1.,0.,-0.));
#2940 = PLANE('',#2941);
#2941 = AXIS2_PLACEMENT_3D('',#2942,#2943,#2944);
#2942 = CARTESIAN_POINT('',(3.97,1.8,12.7));
#2943 = DIRECTION('',(-0.,0.,-1.));
#2944 = DIRECTION('',(-1.,-0.,0.));
#2945 = ADVANCED_FACE('',(#2946),#2952,.F.);
#2946 = FACE_BOUND('',#2947,.T.);
#2947 = EDGE_LOOP('',(#2948,#2949,#2950,#2951));
#2948 = ORIENTED_EDGE('',*,*,#2339,.F.);
#2949 = ORIENTED_EDGE('',*,*,#2927,.F.);
#2950 = ORIENTED_EDGE('',*,*,#2503,.T.);
#2951 = ORIENTED_EDGE('',*,*,#2872,.F.);
#2952 = PLANE('',#2953);
#2953 = AXIS2_PLACEMENT_3D('',#2954,#2955,#2956);
#2954 = CARTESIAN_POINT('',(3.12,3.0000024,11.614213562373));
#2955 = DIRECTION('',(-1.,0.,0.));
#2956 = DIRECTION('',(0.,0.,1.));
#2957 = ADVANCED_FACE('',(#2958),#3097,.T.);
#2958 = FACE_BOUND('',#2959,.T.);
#2959 = EDGE_LOOP('',(#2960,#2970,#3075,#3081,#3082,#3090));
#2960 = ORIENTED_EDGE('',*,*,#2961,.T.);
#2961 = EDGE_CURVE('',#2962,#2964,#2966,.T.);
#2962 = VERTEX_POINT('',#2963);
#2963 = CARTESIAN_POINT('',(1.,-3.6,12.7));
#2964 = VERTEX_POINT('',#2965);
#2965 = CARTESIAN_POINT('',(1.,-3.6,11.614213562373));
#2966 = LINE('',#2967,#2968);
#2967 = CARTESIAN_POINT('',(1.,-3.6,9.45));
#2968 = VECTOR('',#2969,1.);
#2969 = DIRECTION('',(0.,0.,-1.));
#2970 = ORIENTED_EDGE('',*,*,#2971,.F.);
#2971 = EDGE_CURVE('',#2972,#2964,#2974,.T.);
#2972 = VERTEX_POINT('',#2973);
#2973 = CARTESIAN_POINT('',(0.,-4.6,10.2));
#2974 = B_SPLINE_CURVE_WITH_KNOTS('',3,(#2975,#2976,#2977,#2978,#2979,
    #2980,#2981,#2982,#2983,#2984,#2985,#2986,#2987,#2988,#2989,#2990,
    #2991,#2992,#2993,#2994,#2995,#2996,#2997,#2998,#2999,#3000,#3001,
    #3002,#3003,#3004,#3005,#3006,#3007,#3008,#3009,#3010,#3011,#3012,
    #3013,#3014,#3015,#3016,#3017,#3018,#3019,#3020,#3021,#3022,#3023,
    #3024,#3025,#3026,#3027,#3028,#3029,#3030,#3031,#3032,#3033,#3034,
    #3035,#3036,#3037,#3038,#3039,#3040,#3041,#3042,#3043,#3044,#3045,
    #3046,#3047,#3048,#3049,#3050,#3051,#3052,#3053,#3054,#3055,#3056,
    #3057,#3058,#3059,#3060,#3061,#3062,#3063,#3064,#3065,#3066,#3067,
    #3068,#3069,#3070,#3071,#3072,#3073,#3074),.UNSPECIFIED.,.F.,.F.,(4,
    3,3,3,3,3,3,3,3,3,3,3,3,3,3,3,3,3,3,3,3,3,3,3,3,3,3,3,3,3,3,3,3,4),(
    0.,7.4891524458E-02,0.149521205541,0.186672701815,0.223867731678,
    0.298571968874,0.373484136787,0.448341623888,0.52289970707,
    0.597271544447,0.67202784125,0.74694763287,0.821749006642,
    0.896173170558,0.9706197082,1.045393427806,1.120307081168,
    1.195113779305,1.269546957795,1.343900165185,1.418462169377,
    1.493126106818,1.567737806209,1.642113974434,1.716425970731,
    1.790885880451,1.865405440788,1.93988063287,2.014199477649,
    2.088507458136,2.162953182684,2.237445709259,2.311891239045,
    2.38619739165),.UNSPECIFIED.);
#2975 = CARTESIAN_POINT('',(1.7E-16,-4.6,10.2));
#2976 = CARTESIAN_POINT('',(2.498110585129E-02,-4.6,10.2));
#2977 = CARTESIAN_POINT('',(4.995799745712E-02,-4.59906227761,
    10.200330499512));
#2978 = CARTESIAN_POINT('',(7.481275609817E-02,-4.597197599037,
    10.200993924247));
#2979 = CARTESIAN_POINT('',(9.966769813825E-02,-4.595332906705,
    10.201657353877));
#2980 = CARTESIAN_POINT('',(0.124398571198,-4.592541502634,
    10.202653693026));
#2981 = CARTESIAN_POINT('',(0.148894181235,-4.588853135099,
    10.203990572027));
#2982 = CARTESIAN_POINT('',(0.16114375113,-4.587008685589,
    10.204659107847));
#2983 = CARTESIAN_POINT('',(0.173326835963,-4.584941658829,
    10.205412352495));
#2984 = CARTESIAN_POINT('',(0.185452290039,-4.582653269531,
    10.20625320765));
#2985 = CARTESIAN_POINT('',(0.197585523826,-4.580363411998,
    10.207094602298));
#2986 = CARTESIAN_POINT('',(0.209693754493,-4.5778454442,10.20802609109)
  );
#2987 = CARTESIAN_POINT('',(0.221762312094,-4.575100752197,
    10.209051372569));
#2988 = CARTESIAN_POINT('',(0.245899488323,-4.56961135431,
    10.211101940711));
#2989 = CARTESIAN_POINT('',(0.269877335869,-4.563213764342,
    10.21352747164));
#2990 = CARTESIAN_POINT('',(0.293574763384,-4.555936116225,
    10.216360032717));
#2991 = CARTESIAN_POINT('',(0.3172720354,-4.548658515864,10.219192575207
    ));
#2992 = CARTESIAN_POINT('',(0.340686514185,-4.540501451637,
    10.222432099647));
#2993 = CARTESIAN_POINT('',(0.36369858672,-4.531516686924,
    10.226111720737));
#2994 = CARTESIAN_POINT('',(0.386710708835,-4.522531902853,
    10.229791349754));
#2995 = CARTESIAN_POINT('',(0.409317976472,-4.512720380954,
    10.23391093591));
#2996 = CARTESIAN_POINT('',(0.431410655716,-4.502155666243,
    10.238502054609));
#2997 = CARTESIAN_POINT('',(0.453503584275,-4.491590832309,
    10.243093225119));
#2998 = CARTESIAN_POINT('',(0.475079529042,-4.480274120531,
    10.248155641989));
#2999 = CARTESIAN_POINT('',(0.496046426831,-4.468295999316,
    10.253717308972));
#3000 = CARTESIAN_POINT('',(0.516993299146,-4.456329318399,
    10.259273664008));
#3001 = CARTESIAN_POINT('',(0.537391903778,-4.443673150964,
    10.265340740897));
#3002 = CARTESIAN_POINT('',(0.55729255683,-4.430316208502,
    10.272005076554));
#3003 = CARTESIAN_POINT('',(0.577181172863,-4.416967345061,
    10.27866538125));
#3004 = CARTESIAN_POINT('',(0.596515591916,-4.402951148911,
    10.285907468436));
#3005 = CARTESIAN_POINT('',(0.615195232939,-4.38837480006,
    10.293763042735));
#3006 = CARTESIAN_POINT('',(0.633874750452,-4.373798547589,
    10.301618565093));
#3007 = CARTESIAN_POINT('',(0.651896308708,-4.35866459669,
    10.310086769051));
#3008 = CARTESIAN_POINT('',(0.669176737035,-4.343103286639,
    10.319181761487));
#3009 = CARTESIAN_POINT('',(0.686457277125,-4.327541875945,
    10.328276812745));
#3010 = CARTESIAN_POINT('',(0.702993756974,-4.311556076503,
    10.337997380163));
#3011 = CARTESIAN_POINT('',(0.718730528953,-4.295288736247,
    10.348338457163));
#3012 = CARTESIAN_POINT('',(0.73446860143,-4.279020051647,
    10.358680388757));
#3013 = CARTESIAN_POINT('',(0.749400629539,-4.262477493445,
    10.369638047372));
#3014 = CARTESIAN_POINT('',(0.763515710628,-4.245789253258,
    10.381199369368));
#3015 = CARTESIAN_POINT('',(0.777643072721,-4.229086493259,
    10.392770750438));
#3016 = CARTESIAN_POINT('',(0.791041811224,-4.212131331149,
    10.40502037251));
#3017 = CARTESIAN_POINT('',(0.803691459885,-4.195046248043,
    10.417944902406));
#3018 = CARTESIAN_POINT('',(0.816340893446,-4.17796145546,
    10.430869212527));
#3019 = CARTESIAN_POINT('',(0.828239314863,-4.160749356822,
    10.444466951106));
#3020 = CARTESIAN_POINT('',(0.839381334188,-4.143542984344,
    10.45870935329));
#3021 = CARTESIAN_POINT('',(0.850523296856,-4.12633669936,
    10.472951683051));
#3022 = CARTESIAN_POINT('',(0.860907421584,-4.109138811175,
    10.487836818357));
#3023 = CARTESIAN_POINT('',(0.870549173912,-4.092081432097,
    10.50331295454));
#3024 = CARTESIAN_POINT('',(0.880190977557,-4.075023962234,
    10.518789173092));
#3025 = CARTESIAN_POINT('',(0.889089510508,-4.058109382787,
    10.534854380798));
#3026 = CARTESIAN_POINT('',(0.89728167974,-4.041458477329,
    10.551438965019));
#3027 = CARTESIAN_POINT('',(0.905474420844,-4.02480640952,10.56802470696
    ));
#3028 = CARTESIAN_POINT('',(0.912958654653,-4.008423754197,
    10.585123743674));
#3029 = CARTESIAN_POINT('',(0.91979440532,-3.992400626836,
    10.602668393552));
#3030 = CARTESIAN_POINT('',(0.926635371303,-3.97636527468,
    10.620226429064));
#3031 = CARTESIAN_POINT('',(0.93286549324,-3.960599523709,
    10.638329041409));
#3032 = CARTESIAN_POINT('',(0.938537794124,-3.945176489641,
    10.656934783791));
#3033 = CARTESIAN_POINT('',(0.94421006139,-3.929753546981,
    10.675540415903));
#3034 = CARTESIAN_POINT('',(0.949324314224,-3.914674101711,
    10.694648349823));
#3035 = CARTESIAN_POINT('',(0.953937420665,-3.900005662374,
    10.714206012591));
#3036 = CARTESIAN_POINT('',(0.958550518099,-3.885337251673,
    10.733763637176));
#3037 = CARTESIAN_POINT('',(0.9626623995,-3.871080501374,10.753770157756
    ));
#3038 = CARTESIAN_POINT('',(0.966333094021,-3.857294289481,
    10.774164446522));
#3039 = CARTESIAN_POINT('',(0.970003794248,-3.843508056159,
    10.794558766987));
#3040 = CARTESIAN_POINT('',(0.973233321557,-3.830192874774,
    10.815340062006));
#3041 = CARTESIAN_POINT('',(0.976083276968,-3.817396955876,
    10.836441467732));
#3042 = CARTESIAN_POINT('',(0.978933263753,-3.804600896106,
    10.857543105764));
#3043 = CARTESIAN_POINT('',(0.981403677564,-3.79232479749,
    10.878963546531));
#3044 = CARTESIAN_POINT('',(0.983555870071,-3.780604126337,
    10.900634885165));
#3045 = CARTESIAN_POINT('',(0.985708621823,-3.768880409579,
    10.922311855076));
#3046 = CARTESIAN_POINT('',(0.98755231668,-3.757661326966,
    10.944333429216));
#3047 = CARTESIAN_POINT('',(0.989139888906,-3.746977141675,
    10.96665727536));
#3048 = CARTESIAN_POINT('',(0.990727458448,-3.736292974446,
    10.988981083766));
#3049 = CARTESIAN_POINT('',(0.992058937867,-3.726143851686,
    11.011606879462));
#3050 = CARTESIAN_POINT('',(0.993184209362,-3.716555249876,
    11.034488952445));
#3051 = CARTESIAN_POINT('',(0.994309480151,-3.706966654084,
    11.05737101107));
#3052 = CARTESIAN_POINT('',(0.995228586425,-3.697938708246,
    11.080509043326));
#3053 = CARTESIAN_POINT('',(0.995987577555,-3.689491593771,
    11.103854829758));
#3054 = CARTESIAN_POINT('',(0.996746569151,-3.681044474116,
    11.127200630505));
#3055 = CARTESIAN_POINT('',(0.997345492306,-3.673178295123,
    11.150753859154));
#3056 = CARTESIAN_POINT('',(0.997825731602,-3.665907581907,
    11.174464842798));
#3057 = CARTESIAN_POINT('',(0.99830597241,-3.658636845797,
    11.198175901104));
#3058 = CARTESIAN_POINT('',(0.998667571017,-3.651961688635,
    11.222044260035));
#3059 = CARTESIAN_POINT('',(0.998946466109,-3.645890716374,
    11.246020418388));
#3060 = CARTESIAN_POINT('',(0.999225388125,-3.639819158018,
    11.269998891417));
#3061 = CARTESIAN_POINT('',(0.999422460863,-3.63433172077,
    11.294164537866));
#3062 = CARTESIAN_POINT('',(0.999566466923,-3.629442795438,
    11.318474643541));
#3063 = CARTESIAN_POINT('',(0.999710472756,-3.624553877819,
    11.342784710867));
#3064 = CARTESIAN_POINT('',(0.999801453447,-3.62026354231,
    11.367238958092));
#3065 = CARTESIAN_POINT('',(0.99986250914,-3.616582002753,
    11.391792687808));
#3066 = CARTESIAN_POINT('',(0.999923564801,-3.612900465206,
    11.416346404111));
#3067 = CARTESIAN_POINT('',(0.999954727762,-3.609827774886,
    11.440999295674));
#3068 = CARTESIAN_POINT('',(0.999972843801,-3.607369644562,
    11.465705575972));
#3069 = CARTESIAN_POINT('',(0.99999095985,-3.604911512759,
    11.490411871143));
#3070 = CARTESIAN_POINT('',(0.99999604762,-3.603067968683,
    11.515171226457));
#3071 = CARTESIAN_POINT('',(0.99999830703,-3.601840091764,
    11.539937796773));
#3072 = CARTESIAN_POINT('',(1.000000566444,-3.600612212469,
    11.564704415036));
#3073 = CARTESIAN_POINT('',(1.,-3.6,11.589477908678));
#3074 = CARTESIAN_POINT('',(1.,-3.6,11.614213562373));
#3075 = ORIENTED_EDGE('',*,*,#3076,.T.);
#3076 = EDGE_CURVE('',#2972,#780,#3077,.T.);
#3077 = LINE('',#3078,#3079);
#3078 = CARTESIAN_POINT('',(1.2E-16,-4.6,9.45));
#3079 = VECTOR('',#3080,1.);
#3080 = DIRECTION('',(0.,0.,-1.));
#3081 = ORIENTED_EDGE('',*,*,#777,.F.);
#3082 = ORIENTED_EDGE('',*,*,#3083,.F.);
#3083 = EDGE_CURVE('',#3084,#778,#3086,.T.);
#3084 = VERTEX_POINT('',#3085);
#3085 = CARTESIAN_POINT('',(0.,-2.6,12.7));
#3086 = LINE('',#3087,#3088);
#3087 = CARTESIAN_POINT('',(0.,-2.6,9.45));
#3088 = VECTOR('',#3089,1.);
#3089 = DIRECTION('',(0.,0.,-1.));
#3090 = ORIENTED_EDGE('',*,*,#3091,.F.);
#3091 = EDGE_CURVE('',#2962,#3084,#3092,.T.);
#3092 = CIRCLE('',#3093,1.);
#3093 = AXIS2_PLACEMENT_3D('',#3094,#3095,#3096);
#3094 = CARTESIAN_POINT('',(0.,-3.6,12.7));
#3095 = DIRECTION('',(0.,0.,1.));
#3096 = DIRECTION('',(0.,-1.,0.));
#3097 = CYLINDRICAL_SURFACE('',#3098,1.);
#3098 = AXIS2_PLACEMENT_3D('',#3099,#3100,#3101);
#3099 = CARTESIAN_POINT('',(0.,-3.6,9.45));
#3100 = DIRECTION('',(0.,0.,-1.));
#3101 = DIRECTION('',(0.,1.,0.));
#3102 = ADVANCED_FACE('',(#3103),#3249,.F.);
#3103 = FACE_BOUND('',#3104,.F.);
#3104 = EDGE_LOOP('',(#3105,#3115,#3124,#3132,#3234,#3242));
#3105 = ORIENTED_EDGE('',*,*,#3106,.F.);
#3106 = EDGE_CURVE('',#3107,#3109,#3111,.T.);
#3107 = VERTEX_POINT('',#3108);
#3108 = CARTESIAN_POINT('',(0.,-2.9,12.7));
#3109 = VERTEX_POINT('',#3110);
#3110 = CARTESIAN_POINT('',(0.,-2.9,9.2));
#3111 = LINE('',#3112,#3113);
#3112 = CARTESIAN_POINT('',(0.,-2.9,9.45));
#3113 = VECTOR('',#3114,1.);
#3114 = DIRECTION('',(0.,0.,-1.));
#3115 = ORIENTED_EDGE('',*,*,#3116,.F.);
#3116 = EDGE_CURVE('',#3117,#3107,#3119,.T.);
#3117 = VERTEX_POINT('',#3118);
#3118 = CARTESIAN_POINT('',(0.7,-3.6,12.7));
#3119 = CIRCLE('',#3120,0.7);
#3120 = AXIS2_PLACEMENT_3D('',#3121,#3122,#3123);
#3121 = CARTESIAN_POINT('',(0.,-3.6,12.7));
#3122 = DIRECTION('',(0.,0.,1.));
#3123 = DIRECTION('',(0.,-1.,0.));
#3124 = ORIENTED_EDGE('',*,*,#3125,.T.);
#3125 = EDGE_CURVE('',#3117,#3126,#3128,.T.);
#3126 = VERTEX_POINT('',#3127);
#3127 = CARTESIAN_POINT('',(0.7,-3.6,11.614213562373));
#3128 = LINE('',#3129,#3130);
#3129 = CARTESIAN_POINT('',(0.7,-3.6,9.45));
#3130 = VECTOR('',#3131,1.);
#3131 = DIRECTION('',(0.,0.,-1.));
#3132 = ORIENTED_EDGE('',*,*,#3133,.F.);
#3133 = EDGE_CURVE('',#3134,#3126,#3136,.T.);
#3134 = VERTEX_POINT('',#3135);
#3135 = CARTESIAN_POINT('',(0.,-4.3,10.345355808281));
#3136 = B_SPLINE_CURVE_WITH_KNOTS('',3,(#3137,#3138,#3139,#3140,#3141,
    #3142,#3143,#3144,#3145,#3146,#3147,#3148,#3149,#3150,#3151,#3152,
    #3153,#3154,#3155,#3156,#3157,#3158,#3159,#3160,#3161,#3162,#3163,
    #3164,#3165,#3166,#3167,#3168,#3169,#3170,#3171,#3172,#3173,#3174,
    #3175,#3176,#3177,#3178,#3179,#3180,#3181,#3182,#3183,#3184,#3185,
    #3186,#3187,#3188,#3189,#3190,#3191,#3192,#3193,#3194,#3195,#3196,
    #3197,#3198,#3199,#3200,#3201,#3202,#3203,#3204,#3205,#3206,#3207,
    #3208,#3209,#3210,#3211,#3212,#3213,#3214,#3215,#3216,#3217,#3218,
    #3219,#3220,#3221,#3222,#3223,#3224,#3225,#3226,#3227,#3228,#3229,
    #3230,#3231,#3232,#3233),.UNSPECIFIED.,.F.,.F.,(4,3,3,3,3,3,3,3,3,3,
    3,3,3,3,3,3,3,3,3,3,3,3,3,3,3,3,3,3,3,3,3,3,4),(0.,
    5.841212887687E-02,0.117141024582,0.175907787006,0.234415764113,
    0.292809144615,0.351511628048,0.410283090463,0.468838490564,
    0.527169278542,0.585767105546,0.644532833987,0.703263639879,
    0.761713835428,0.82002621253,0.878527435777,0.9371835845,
    0.995908941636,1.054578917842,1.113041903958,1.171312209065,
    1.229685094955,1.288141462054,1.346635874997,1.4051115176,
    1.463503792538,1.521769923462,1.580097797144,1.638506630166,
    1.696952766311,1.75539087777,1.813775283551,1.87206140745),
  .UNSPECIFIED.);
#3137 = CARTESIAN_POINT('',(-2.9E-16,-4.300000000037,10.345355808281));
#3138 = CARTESIAN_POINT('',(1.940056155213E-02,-4.300000000037,
    10.345355808281));
#3139 = CARTESIAN_POINT('',(3.887181652495E-02,-4.299192218015,
    10.345864005395));
#3140 = CARTESIAN_POINT('',(5.831745909033E-02,-4.297566537303,
    10.346893343192));
#3141 = CARTESIAN_POINT('',(7.776001494567E-02,-4.295941114645,
    10.347922517597));
#3142 = CARTESIAN_POINT('',(9.7160833969E-02,-4.293498099623,
    10.349472679096));
#3143 = CARTESIAN_POINT('',(0.116379122697,-4.290257850227,
    10.351550641843));
#3144 = CARTESIAN_POINT('',(0.135597389228,-4.287017604574,
    10.35362860219));
#3145 = CARTESIAN_POINT('',(0.154628746888,-4.282980838264,
    10.356234087371));
#3146 = CARTESIAN_POINT('',(0.17333732397,-4.278199212709,
    10.359365577154));
#3147 = CARTESIAN_POINT('',(0.192046223728,-4.273417504683,
    10.362497120948));
#3148 = CARTESIAN_POINT('',(0.210428113691,-4.267892279062,
    10.366154080024));
#3149 = CARTESIAN_POINT('',(0.228365871468,-4.261701616099,
    10.370326180192));
#3150 = CARTESIAN_POINT('',(0.246279337634,-4.255519336636,
    10.374492630432));
#3151 = CARTESIAN_POINT('',(0.263883861963,-4.248628492987,
    10.379202872908));
#3152 = CARTESIAN_POINT('',(0.281105607056,-4.241076935852,
    10.384477342741));
#3153 = CARTESIAN_POINT('',(0.298324408779,-4.233526669355,
    10.389750911114));
#3154 = CARTESIAN_POINT('',(0.315144642722,-4.225321486527,
    10.395585117521));
#3155 = CARTESIAN_POINT('',(0.331459588559,-4.216550517924,
    10.401977194076));
#3156 = CARTESIAN_POINT('',(0.347774498032,-4.207779568872,
    10.408369256384));
#3157 = CARTESIAN_POINT('',(0.363580123822,-4.198445064204,
    10.415318039902));
#3158 = CARTESIAN_POINT('',(0.378787038009,-4.188659816734,
    10.422803024244));
#3159 = CARTESIAN_POINT('',(0.393994192407,-4.178874414694,
    10.43028812682));
#3160 = CARTESIAN_POINT('',(0.408599152938,-4.168640959799,
    10.438307823415));
#3161 = CARTESIAN_POINT('',(0.422541228458,-4.15808503855,
    10.446824935824));
#3162 = CARTESIAN_POINT('',(0.436470377704,-4.147538904131,
    10.455334151666));
#3163 = CARTESIAN_POINT('',(0.449775120098,-4.136647578064,
    10.464357089934));
#3164 = CARTESIAN_POINT('',(0.462519669207,-4.125428925353,
    10.473945514736));
#3165 = CARTESIAN_POINT('',(0.475256942438,-4.114216677383,
    10.483528465496));
#3166 = CARTESIAN_POINT('',(0.487398874683,-4.102704780012,
    10.493654535269));
#3167 = CARTESIAN_POINT('',(0.498919338668,-4.090998465895,
    10.504296491513));
#3168 = CARTESIAN_POINT('',(0.510439712808,-4.079292243073,
    10.514938364763));
#3169 = CARTESIAN_POINT('',(0.521336835518,-4.067393584112,
    10.526094700688));
#3170 = CARTESIAN_POINT('',(0.531600064828,-4.055413406794,
    10.537719786585));
#3171 = CARTESIAN_POINT('',(0.541863329696,-4.043433187968,
    10.549344912758));
#3172 = CARTESIAN_POINT('',(0.55149143059,-4.03137337083,10.56143718784)
  );
#3173 = CARTESIAN_POINT('',(0.560492952301,-4.019341925431,
    10.573935654373));
#3174 = CARTESIAN_POINT('',(0.569494600428,-4.007310311066,
    10.586434296432));
#3175 = CARTESIAN_POINT('',(0.577868914211,-3.995308697632,
    10.599337535352));
#3176 = CARTESIAN_POINT('',(0.585643453882,-3.983434146806,
    10.612574557786));
#3177 = CARTESIAN_POINT('',(0.593417815979,-3.971559867198,
    10.625811277883));
#3178 = CARTESIAN_POINT('',(0.600640457253,-3.959740284552,
    10.63946136992));
#3179 = CARTESIAN_POINT('',(0.607348514759,-3.948034167319,
    10.653497829007));
#3180 = CARTESIAN_POINT('',(0.614056533403,-3.936328117905,
    10.667534206774));
#3181 = CARTESIAN_POINT('',(0.620249720703,-3.924735949356,
    10.681956548621));
#3182 = CARTESIAN_POINT('',(0.6259668588,-3.913313727267,10.696730216411
    ));
#3183 = CARTESIAN_POINT('',(0.631683979863,-3.901891539212,
    10.711503840183));
#3184 = CARTESIAN_POINT('',(0.636924894538,-3.890639702476,
    10.726628329666));
#3185 = CARTESIAN_POINT('',(0.641730801405,-3.879609689641,
    10.742062491518));
#3186 = CARTESIAN_POINT('',(0.646536706272,-3.868579681397,
    10.757496646946));
#3187 = CARTESIAN_POINT('',(0.65090752596,-3.857771847194,
    10.773240010984));
#3188 = CARTESIAN_POINT('',(0.654886693999,-3.847231506952,
    10.78924622797));
#3189 = CARTESIAN_POINT('',(0.658865869828,-3.836691146076,
    10.805252476292));
#3190 = CARTESIAN_POINT('',(0.662453375286,-3.826418560247,
    10.821521137511));
#3191 = CARTESIAN_POINT('',(0.665694092393,-3.816451785289,
    10.838002263491));
#3192 = CARTESIAN_POINT('',(0.668934823689,-3.806484966693,
    10.854483461631));
#3193 = CARTESIAN_POINT('',(0.671828785003,-3.796824173461,
    10.871176714734));
#3194 = CARTESIAN_POINT('',(0.674421208253,-3.787499423622,
    10.888030226701));
#3195 = CARTESIAN_POINT('',(0.677011863361,-3.778181033655,
    10.904872243864));
#3196 = CARTESIAN_POINT('',(0.679308059925,-3.769175890908,
    10.921912262727));
#3197 = CARTESIAN_POINT('',(0.681357526687,-3.760474050322,
    10.939180059398));
#3198 = CARTESIAN_POINT('',(0.683406474976,-3.751774411122,
    10.956443487671));
#3199 = CARTESIAN_POINT('',(0.685206014505,-3.743388092417,
    10.973916102402));
#3200 = CARTESIAN_POINT('',(0.686793534639,-3.735331595641,
    10.991573902423));
#3201 = CARTESIAN_POINT('',(0.68838105405,-3.727275102531,
    11.009231694407));
#3202 = CARTESIAN_POINT('',(0.6897565565,-3.719548460137,11.027074607164
    ));
#3203 = CARTESIAN_POINT('',(0.690955032339,-3.712165695669,
    11.045077424246));
#3204 = CARTESIAN_POINT('',(0.692153507902,-3.704782932904,
    11.063080237175));
#3205 = CARTESIAN_POINT('',(0.69317496528,-3.69774407961,11.081242874817
    ));
#3206 = CARTESIAN_POINT('',(0.694051845335,-3.6910606171,11.099539087279
    ));
#3207 = CARTESIAN_POINT('',(0.69492872556,-3.684377153298,
    11.117835303277));
#3208 = CARTESIAN_POINT('',(0.695661040948,-3.678049111937,
    11.136264999469));
#3209 = CARTESIAN_POINT('',(0.696278466899,-3.672085342014,
    11.154801188238));
#3210 = CARTESIAN_POINT('',(0.696895893374,-3.666121567024,
    11.173337392755));
#3211 = CARTESIAN_POINT('',(0.697398444753,-3.660522092748,
    11.191979979511));
#3212 = CARTESIAN_POINT('',(0.697812781112,-3.65529306029,
    11.210701656287));
#3213 = CARTESIAN_POINT('',(0.698227262363,-3.650062199259,
    11.229429879959));
#3214 = CARTESIAN_POINT('',(0.698553065381,-3.64520934144,
    11.248206211063));
#3215 = CARTESIAN_POINT('',(0.698814930544,-3.640714774326,
    11.267101721422));
#3216 = CARTESIAN_POINT('',(0.699076796215,-3.636220198491,
    11.285997268439));
#3217 = CARTESIAN_POINT('',(0.699274306998,-3.632087853266,
    11.305000789093));
#3218 = CARTESIAN_POINT('',(0.699426713792,-3.628324407038,
    11.324091262161));
#3219 = CARTESIAN_POINT('',(0.699579120491,-3.624560963153,
    11.343181723348));
#3220 = CARTESIAN_POINT('',(0.699686438337,-3.621166435417,
    11.362359065777));
#3221 = CARTESIAN_POINT('',(0.699764765894,-3.618145864916,
    11.381601605811));
#3222 = CARTESIAN_POINT('',(0.699843093425,-3.615125295398,
    11.400844139587));
#3223 = CARTESIAN_POINT('',(0.699892443798,-3.612478697766,
    11.420151789004));
#3224 = CARTESIAN_POINT('',(0.699925544641,-3.610209405451,
    11.439502416779));
#3225 = CARTESIAN_POINT('',(0.699958645485,-3.607940113016,
    11.458853045583));
#3226 = CARTESIAN_POINT('',(0.699975506407,-3.606048136554,
    11.478246560783));
#3227 = CARTESIAN_POINT('',(0.699985309359,-3.604535050303,
    11.497660637792));
#3228 = CARTESIAN_POINT('',(0.699995112316,-3.603021963246,
    11.517074725147));
#3229 = CARTESIAN_POINT('',(0.699997862201,-3.60188777147,
    11.536509274128));
#3230 = CARTESIAN_POINT('',(0.699999084241,-3.601132281599,
    11.555942105075));
#3231 = CARTESIAN_POINT('',(0.700000306283,-3.600376790871,
    11.575374958069));
#3232 = CARTESIAN_POINT('',(0.7,-3.6,11.594805987469));
#3233 = CARTESIAN_POINT('',(0.7,-3.6,11.614213562373));
#3234 = ORIENTED_EDGE('',*,*,#3235,.T.);
#3235 = EDGE_CURVE('',#3134,#3236,#3238,.T.);
#3236 = VERTEX_POINT('',#3237);
#3237 = CARTESIAN_POINT('',(0.,-4.3,9.2));
#3238 = LINE('',#3239,#3240);
#3239 = CARTESIAN_POINT('',(9.E-17,-4.3,9.45));
#3240 = VECTOR('',#3241,1.);
#3241 = DIRECTION('',(0.,0.,-1.));
#3242 = ORIENTED_EDGE('',*,*,#3243,.F.);
#3243 = EDGE_CURVE('',#3109,#3236,#3244,.T.);
#3244 = CIRCLE('',#3245,0.7);
#3245 = AXIS2_PLACEMENT_3D('',#3246,#3247,#3248);
#3246 = CARTESIAN_POINT('',(0.,-3.6,9.2));
#3247 = DIRECTION('',(0.,0.,-1.));
#3248 = DIRECTION('',(0.,1.,0.));
#3249 = CYLINDRICAL_SURFACE('',#3250,0.7);
#3250 = AXIS2_PLACEMENT_3D('',#3251,#3252,#3253);
#3251 = CARTESIAN_POINT('',(0.,-3.6,9.45));
#3252 = DIRECTION('',(0.,0.,-1.));
#3253 = DIRECTION('',(0.,1.,0.));
#3254 = ADVANCED_FACE('',(#3255),#3265,.F.);
#3255 = FACE_BOUND('',#3256,.T.);
#3256 = EDGE_LOOP('',(#3257,#3258));
#3257 = ORIENTED_EDGE('',*,*,#3243,.F.);
#3258 = ORIENTED_EDGE('',*,*,#3259,.F.);
#3259 = EDGE_CURVE('',#3236,#3109,#3260,.T.);
#3260 = CIRCLE('',#3261,0.7);
#3261 = AXIS2_PLACEMENT_3D('',#3262,#3263,#3264);
#3262 = CARTESIAN_POINT('',(0.,-3.6,9.2));
#3263 = DIRECTION('',(0.,0.,-1.));
#3264 = DIRECTION('',(0.,1.,0.));
#3265 = PLANE('',#3266);
#3266 = AXIS2_PLACEMENT_3D('',#3267,#3268,#3269);
#3267 = CARTESIAN_POINT('',(0.,-4.45,9.2));
#3268 = DIRECTION('',(0.,0.,-1.));
#3269 = DIRECTION('',(1.,0.,0.));
#3270 = ADVANCED_FACE('',(#3271),#3500,.F.);
#3271 = FACE_BOUND('',#3272,.F.);
#3272 = EDGE_LOOP('',(#3273,#3381,#3389,#3492,#3493,#3499));
#3273 = ORIENTED_EDGE('',*,*,#3274,.F.);
#3274 = EDGE_CURVE('',#3275,#2972,#3277,.T.);
#3275 = VERTEX_POINT('',#3276);
#3276 = CARTESIAN_POINT('',(-1.,-3.6,11.614213562373));
#3277 = B_SPLINE_CURVE_WITH_KNOTS('',3,(#3278,#3279,#3280,#3281,#3282,
    #3283,#3284,#3285,#3286,#3287,#3288,#3289,#3290,#3291,#3292,#3293,
    #3294,#3295,#3296,#3297,#3298,#3299,#3300,#3301,#3302,#3303,#3304,
    #3305,#3306,#3307,#3308,#3309,#3310,#3311,#3312,#3313,#3314,#3315,
    #3316,#3317,#3318,#3319,#3320,#3321,#3322,#3323,#3324,#3325,#3326,
    #3327,#3328,#3329,#3330,#3331,#3332,#3333,#3334,#3335,#3336,#3337,
    #3338,#3339,#3340,#3341,#3342,#3343,#3344,#3345,#3346,#3347,#3348,
    #3349,#3350,#3351,#3352,#3353,#3354,#3355,#3356,#3357,#3358,#3359,
    #3360,#3361,#3362,#3363,#3364,#3365,#3366,#3367,#3368,#3369,#3370,
    #3371,#3372,#3373,#3374,#3375,#3376,#3377,#3378,#3379,#3380),
  .UNSPECIFIED.,.F.,.F.,(4,3,3,3,3,3,3,3,3,3,3,3,3,3,3,3,3,3,3,3,3,3,3,3
    ,3,3,3,3,3,3,3,3,3,3,4),(0.,7.434104627602E-02,0.148802286872,
    0.223290837984,0.297713204721,0.371988729081,0.44634703896,
    0.520837971049,0.595351899195,0.669788062139,0.74407008298,
    0.818514695075,0.893174990653,0.967869776703,1.042448394886,
    1.116808356346,1.191222784703,1.265991969082,1.340853181359,
    1.415564641227,1.489948657705,1.564435758919,1.639269696491,
    1.714181454705,1.788890186956,1.826088456284,1.863234287038,
    1.937845557464,2.0127230762,2.087616930498,2.162263773275,
    2.199419359625,2.236605543449,2.311288707033,2.386197397529),
  .UNSPECIFIED.);
#3278 = CARTESIAN_POINT('',(-1.,-3.6,11.614213562373));
#3279 = CARTESIAN_POINT('',(-1.,-3.6,11.58946321171));
#3280 = CARTESIAN_POINT('',(-1.00000056722,-3.600612944292,
    11.564678008908));
#3281 = CARTESIAN_POINT('',(-0.999998303848,-3.601841820006,
    11.539902945928));
#3282 = CARTESIAN_POINT('',(-0.99999604048,-3.603070693711,
    11.51512792343));
#3283 = CARTESIAN_POINT('',(-0.999990942802,-3.604915496463,
    11.490363379219));
#3284 = CARTESIAN_POINT('',(-0.999972806858,-3.607374655523,
    11.465655220214));
#3285 = CARTESIAN_POINT('',(-0.99995467092,-3.609833813726,
    11.440947069826));
#3286 = CARTESIAN_POINT('',(-0.999923476921,-3.612907298417,
    11.416295631375));
#3287 = CARTESIAN_POINT('',(-0.999862394438,-3.616588917626,
    11.391746574506));
#3288 = CARTESIAN_POINT('',(-0.999801311908,-3.620270539696,
    11.367197498566));
#3289 = CARTESIAN_POINT('',(-0.999710307699,-3.624560243303,
    11.342751109186));
#3290 = CARTESIAN_POINT('',(-0.999566331763,-3.629447383672,
    11.318451829534));
#3291 = CARTESIAN_POINT('',(-0.999422332522,-3.634335315147,
    11.29414861644));
#3292 = CARTESIAN_POINT('',(-0.999225490504,-3.639816630474,
    11.270009490641));
#3293 = CARTESIAN_POINT('',(-0.99894656967,-3.645888461996,
    11.246029321748));
#3294 = CARTESIAN_POINT('',(-0.998667501102,-3.651963509548,
    11.222036451428));
#3295 = CARTESIAN_POINT('',(-0.998305658397,-3.658642583131,
    11.198155483727));
#3296 = CARTESIAN_POINT('',(-0.997825145309,-3.665916457648,
    11.174435898597));
#3297 = CARTESIAN_POINT('',(-0.997344633085,-3.673190319099,
    11.150716356075));
#3298 = CARTESIAN_POINT('',(-0.996745407125,-3.681058894847,
    11.12715853936));
#3299 = CARTESIAN_POINT('',(-0.995986171136,-3.68950724499,
    11.103811575637));
#3300 = CARTESIAN_POINT('',(-0.995226935406,-3.697955592252,
    11.080464619876));
#3301 = CARTESIAN_POINT('',(-0.994307643308,-3.706983605362,
    11.057328833925));
#3302 = CARTESIAN_POINT('',(-0.993182379232,-3.71657084362,
    11.034451741211));
#3303 = CARTESIAN_POINT('',(-0.992057114224,-3.726158089827,
    11.011574629528));
#3304 = CARTESIAN_POINT('',(-0.99072583471,-3.736304434301,
    10.988956504992));
#3305 = CARTESIAN_POINT('',(-0.989138823568,-3.746984311106,
    10.966642295556));
#3306 = CARTESIAN_POINT('',(-0.987551589798,-3.757665686086,
    10.944324955878));
#3307 = CARTESIAN_POINT('',(-0.985709797935,-3.768873580395,
    10.92232494105));
#3308 = CARTESIAN_POINT('',(-0.983557030411,-3.780597807101,
    10.900646569461));
#3309 = CARTESIAN_POINT('',(-0.981402708084,-3.792330501444,
    10.878952541012));
#3310 = CARTESIAN_POINT('',(-0.97892971108,-3.804618600446,
    10.857512173543));
#3311 = CARTESIAN_POINT('',(-0.976076954006,-3.817425343185,
    10.83639465691));
#3312 = CARTESIAN_POINT('',(-0.973224210021,-3.830232027164,
    10.815277237169));
#3313 = CARTESIAN_POINT('',(-0.969991646658,-3.843556970998,
    10.794483404989));
#3314 = CARTESIAN_POINT('',(-0.966317796649,-3.857351735723,
    10.774079471118));
#3315 = CARTESIAN_POINT('',(-0.962643951242,-3.871146483168,
    10.753675562804));
#3316 = CARTESIAN_POINT('',(-0.958528807261,-3.885410539475,
    10.73366233851));
#3317 = CARTESIAN_POINT('',(-0.953912466059,-3.900084999789,
    10.714100240469));
#3318 = CARTESIAN_POINT('',(-0.949296114714,-3.914759492344,
    10.69453809945));
#3319 = CARTESIAN_POINT('',(-0.9441786379,-3.92984373901,10.675427907342
    ));
#3320 = CARTESIAN_POINT('',(-0.938503244691,-3.945270415334,
    10.656821486838));
#3321 = CARTESIAN_POINT('',(-0.932827816713,-3.960697186166,
    10.638214952346));
#3322 = CARTESIAN_POINT('',(-0.926594667054,-3.976465615123,
    10.620113004298));
#3323 = CARTESIAN_POINT('',(-0.919750734312,-3.992502976718,
    10.602556336124));
#3324 = CARTESIAN_POINT('',(-0.912912582946,-4.008526790837,
    10.585014498852));
#3325 = CARTESIAN_POINT('',(-0.905428169412,-4.0249047666,
    10.567923844772));
#3326 = CARTESIAN_POINT('',(-0.897235862436,-4.041551590599,
    10.551346230747));
#3327 = CARTESIAN_POINT('',(-0.889044325162,-4.058196850558,
    10.53477017426));
#3328 = CARTESIAN_POINT('',(-0.880147835253,-4.075103454424,
    10.518715111016));
#3329 = CARTESIAN_POINT('',(-0.87050991378,-4.092150881357,
    10.503249947282));
#3330 = CARTESIAN_POINT('',(-0.86087203692,-4.109198229382,
    10.487784855133));
#3331 = CARTESIAN_POINT('',(-0.850493631728,-4.126384032265,
    10.472911653909));
#3332 = CARTESIAN_POINT('',(-0.839359363603,-4.143576911523,
    10.458681271248));
#3333 = CARTESIAN_POINT('',(-0.828225031014,-4.160769890323,
    10.444450806196));
#3334 = CARTESIAN_POINT('',(-0.816336269866,-4.177967302356,
    10.430864990462));
#3335 = CARTESIAN_POINT('',(-0.803698091168,-4.195037291482,
    10.417951677921));
#3336 = CARTESIAN_POINT('',(-0.791059378178,-4.21210800226,
    10.405037819457));
#3337 = CARTESIAN_POINT('',(-0.777674635686,-4.22904691199,
    10.392799194986));
#3338 = CARTESIAN_POINT('',(-0.763558843643,-4.245738253703,
    10.381234702533));
#3339 = CARTESIAN_POINT('',(-0.749434412167,-4.262439811188,
    10.369663132145));
#3340 = CARTESIAN_POINT('',(-0.734486174092,-4.27900151232,
    10.358692323206));
#3341 = CARTESIAN_POINT('',(-0.71873851376,-4.295280482136,
    10.348343704303));
#3342 = CARTESIAN_POINT('',(-0.702991146314,-4.311559149185,
    10.337995277871));
#3343 = CARTESIAN_POINT('',(-0.686446780528,-4.32755190924,
    10.328270748411));
#3344 = CARTESIAN_POINT('',(-0.66916293891,-4.343115711846,
    10.319174499507));
#3345 = CARTESIAN_POINT('',(-0.651879176441,-4.35867944318,
    10.310078292258));
#3346 = CARTESIAN_POINT('',(-0.633858903136,-4.373811253161,
    10.301611618771));
#3347 = CARTESIAN_POINT('',(-0.615186324716,-4.388381751364,
    10.29375929652));
#3348 = CARTESIAN_POINT('',(-0.59651358616,-4.402952374523,
    10.285906906928));
#3349 = CARTESIAN_POINT('',(-0.57719173243,-4.416959266712,
    10.278669649685));
#3350 = CARTESIAN_POINT('',(-0.557321083497,-4.430297061231,
    10.272014630096));
#3351 = CARTESIAN_POINT('',(-0.547385813522,-4.436965921915,
    10.268687138552));
#3352 = CARTESIAN_POINT('',(-0.537313775788,-4.443467756205,
    10.265505045362));
#3353 = CARTESIAN_POINT('',(-0.527118062541,-4.449792061709,
    10.262462979986));
#3354 = CARTESIAN_POINT('',(-0.516928178184,-4.456112751607,
    10.25942265376));
#3355 = CARTESIAN_POINT('',(-0.506594776384,-4.462268999517,
    10.256515922979));
#3356 = CARTESIAN_POINT('',(-0.496100073999,-4.468265349175,
    10.253731540828));
#3357 = CARTESIAN_POINT('',(-0.475115197411,-4.480255461228,
    10.248163977912));
#3358 = CARTESIAN_POINT('',(-0.453523690675,-4.49158094467,
    10.243097561579));
#3359 = CARTESIAN_POINT('',(-0.431419714443,-4.502151334306,
    10.238503937151));
#3360 = CARTESIAN_POINT('',(-0.409315959935,-4.512721617911,
    10.233910358802));
#3361 = CARTESIAN_POINT('',(-0.386702174373,-4.522535492444,
    10.229789852991));
#3362 = CARTESIAN_POINT('',(-0.363689543198,-4.531520217799,
    10.226110274707));
#3363 = CARTESIAN_POINT('',(-0.340676932661,-4.540504935097,
    10.222430699723));
#3364 = CARTESIAN_POINT('',(-0.317267948372,-4.548659552142,
    10.219192186728));
#3365 = CARTESIAN_POINT('',(-0.293582834543,-4.555933637478,
    10.216360997482));
#3366 = CARTESIAN_POINT('',(-0.269897531699,-4.563207780863,
    10.213529785642));
#3367 = CARTESIAN_POINT('',(-0.245938478108,-4.56960081954,
    10.211105940858));
#3368 = CARTESIAN_POINT('',(-0.22182634411,-4.575086187503,
    10.209056813306));
#3369 = CARTESIAN_POINT('',(-0.209769133978,-4.57782913154,
    10.208032152382));
#3370 = CARTESIAN_POINT('',(-0.197678824289,-4.580344478682,
    10.207101595365));
#3371 = CARTESIAN_POINT('',(-0.18555555823,-4.582633774511,
    10.206260371133));
#3372 = CARTESIAN_POINT('',(-0.17342470372,-4.584924503304,
    10.205418620344));
#3373 = CARTESIAN_POINT('',(-0.161223135567,-4.5869958455,
    10.204663777454));
#3374 = CARTESIAN_POINT('',(-0.148963940324,-4.588842628775,
    10.203994380174));
#3375 = CARTESIAN_POINT('',(-0.124445494139,-4.592536203716,
    10.202655582573));
#3376 = CARTESIAN_POINT('',(-9.969668511761E-02,-4.595330302751,
    10.201658282235));
#3377 = CARTESIAN_POINT('',(-7.482986795523E-02,-4.597196315106,
    10.200994381051));
#3378 = CARTESIAN_POINT('',(-4.996320733502E-02,-4.599062315715,
    10.200330484046));
#3379 = CARTESIAN_POINT('',(-2.498048777134E-02,-4.6,10.2));
#3380 = CARTESIAN_POINT('',(1.7E-16,-4.6,10.2));
#3381 = ORIENTED_EDGE('',*,*,#3382,.F.);
#3382 = EDGE_CURVE('',#3383,#3275,#3385,.T.);
#3383 = VERTEX_POINT('',#3384);
#3384 = CARTESIAN_POINT('',(-0.7,-3.6,11.614213562373));
#3385 = LINE('',#3386,#3387);
#3386 = CARTESIAN_POINT('',(1.2000024,-3.6,11.614213562373));
#3387 = VECTOR('',#3388,1.);
#3388 = DIRECTION('',(-1.,0.,0.));
#3389 = ORIENTED_EDGE('',*,*,#3390,.T.);
#3390 = EDGE_CURVE('',#3383,#3134,#3391,.T.);
#3391 = B_SPLINE_CURVE_WITH_KNOTS('',3,(#3392,#3393,#3394,#3395,#3396,
    #3397,#3398,#3399,#3400,#3401,#3402,#3403,#3404,#3405,#3406,#3407,
    #3408,#3409,#3410,#3411,#3412,#3413,#3414,#3415,#3416,#3417,#3418,
    #3419,#3420,#3421,#3422,#3423,#3424,#3425,#3426,#3427,#3428,#3429,
    #3430,#3431,#3432,#3433,#3434,#3435,#3436,#3437,#3438,#3439,#3440,
    #3441,#3442,#3443,#3444,#3445,#3446,#3447,#3448,#3449,#3450,#3451,
    #3452,#3453,#3454,#3455,#3456,#3457,#3458,#3459,#3460,#3461,#3462,
    #3463,#3464,#3465,#3466,#3467,#3468,#3469,#3470,#3471,#3472,#3473,
    #3474,#3475,#3476,#3477,#3478,#3479,#3480,#3481,#3482,#3483,#3484,
    #3485,#3486,#3487,#3488,#3489,#3490,#3491),.UNSPECIFIED.,.F.,.F.,(4,
    3,3,3,3,3,3,3,3,3,3,3,3,3,3,3,3,3,3,3,3,3,3,3,3,3,3,3,3,3,3,3,3,4),(
    0.,5.838423750401E-02,0.116669309142,0.175009263131,0.23343818887,
    0.291908892497,0.350374253273,0.408788983301,0.467111239415,
    0.525437108192,0.583924705715,0.642491300803,0.70105907277,
    0.759564087814,0.817961325903,0.876253832826,0.934725742216,
    0.993323681014,1.05189734228,1.110339208823,1.139492843315,
    1.168656100408,1.227247608104,1.285985554736,1.344639503505,
    1.403041288456,1.461523066135,1.520290542318,1.579055717543,
    1.637554608225,1.695994362453,1.754751078426,1.813537913206,
    1.872061411872),.UNSPECIFIED.);
#3392 = CARTESIAN_POINT('',(-0.7,-3.6,11.614213562373));
#3393 = CARTESIAN_POINT('',(-0.7,-3.6,11.594738820428));
#3394 = CARTESIAN_POINT('',(-0.700000306166,-3.600379405985,
    11.575275032918));
#3395 = CARTESIAN_POINT('',(-0.69999907806,-3.601136096287,
    11.555844065656));
#3396 = CARTESIAN_POINT('',(-0.699997849703,-3.601892941145,
    11.536409129581));
#3397 = CARTESIAN_POINT('',(-0.699995086455,-3.603025923382,
    11.517024116903));
#3398 = CARTESIAN_POINT('',(-0.699985309974,-3.604534955466,
    11.49766185464));
#3399 = CARTESIAN_POINT('',(-0.699975530611,-3.60604443224,
    11.478293886587));
#3400 = CARTESIAN_POINT('',(-0.699958725462,-3.607932054795,
    11.458932859024));
#3401 = CARTESIAN_POINT('',(-0.699925713334,-3.610197833774,
    11.439601118635));
#3402 = CARTESIAN_POINT('',(-0.699892701238,-3.612463610553,
    11.42026939702));
#3403 = CARTESIAN_POINT('',(-0.69984347563,-3.61510753678,
    11.400967066521));
#3404 = CARTESIAN_POINT('',(-0.699765234377,-3.618127789632,
    11.381716783599));
#3405 = CARTESIAN_POINT('',(-0.699686993154,-3.621148041362,
    11.362466507831));
#3406 = CARTESIAN_POINT('',(-0.699579725657,-3.624544607059,
    11.343268372504));
#3407 = CARTESIAN_POINT('',(-0.699427142244,-3.628313825104,
    11.324144945284));
#3408 = CARTESIAN_POINT('',(-0.699274558821,-3.632083043392,
    11.305021516833));
#3409 = CARTESIAN_POINT('',(-0.699076646161,-3.636224897897,
    11.285972876863));
#3410 = CARTESIAN_POINT('',(-0.698813814322,-3.640733928271,
    11.26702120661));
#3411 = CARTESIAN_POINT('',(-0.698550982388,-3.645242960281,
    11.248069529481));
#3412 = CARTESIAN_POINT('',(-0.698223216873,-3.650119150509,
    11.229214889737));
#3413 = CARTESIAN_POINT('',(-0.697807846332,-3.655355303243,
    11.210478872098));
#3414 = CARTESIAN_POINT('',(-0.697392475565,-3.660591458838,
    11.191742844222));
#3415 = CARTESIAN_POINT('',(-0.696889485925,-3.666187559397,
    11.173125494013));
#3416 = CARTESIAN_POINT('',(-0.696273350696,-3.672134742742,
    11.154647672521));
#3417 = CARTESIAN_POINT('',(-0.695657544823,-3.678078747013,
    11.136179728369));
#3418 = CARTESIAN_POINT('',(-0.694927204122,-3.684389045293,
    11.117802311524));
#3419 = CARTESIAN_POINT('',(-0.694051324736,-3.691064584948,
    11.099528225287));
#3420 = CARTESIAN_POINT('',(-0.693175520587,-3.697739551183,
    11.08125570877));
#3421 = CARTESIAN_POINT('',(-0.692154412263,-3.70477748382,
    11.06309336215));
#3422 = CARTESIAN_POINT('',(-0.690954739686,-3.712167498439,
    11.045073028225));
#3423 = CARTESIAN_POINT('',(-0.68975506824,-3.71955750609,
    11.027052711292));
#3424 = CARTESIAN_POINT('',(-0.688376817063,-3.727299546848,
    11.009174547075));
#3425 = CARTESIAN_POINT('',(-0.686784158173,-3.735379171527,
    10.991469638678));
#3426 = CARTESIAN_POINT('',(-0.685191499523,-3.743458794983,
    10.973764732963));
#3427 = CARTESIAN_POINT('',(-0.683384423191,-3.751875948479,
    10.9562332101));
#3428 = CARTESIAN_POINT('',(-0.681324844802,-3.760612751225,
    10.938904893823));
#3429 = CARTESIAN_POINT('',(-0.679265265566,-3.769349557564,
    10.921576570419));
#3430 = CARTESIAN_POINT('',(-0.676953182999,-3.778405956785,
    10.904451567393));
#3431 = CARTESIAN_POINT('',(-0.674348489026,-3.787760792894,
    10.887558029583));
#3432 = CARTESIAN_POINT('',(-0.671743793022,-3.797115636297,
    10.870664478601));
#3433 = CARTESIAN_POINT('',(-0.668846495849,-3.806768861854,
    10.854002490181));
#3434 = CARTESIAN_POINT('',(-0.665614572905,-3.816696193636,
    10.837598251828));
#3435 = CARTESIAN_POINT('',(-0.662381193429,-3.826627999374,
    10.82118662057));
#3436 = CARTESIAN_POINT('',(-0.658820774546,-3.836813233238,
    10.805064793982));
#3437 = CARTESIAN_POINT('',(-0.654866083502,-3.847286094795,
    10.789163338625));
#3438 = CARTESIAN_POINT('',(-0.650910654085,-3.857760911719,
    10.77325891434));
#3439 = CARTESIAN_POINT('',(-0.646559853371,-3.86852252865,
    10.757579831378));
#3440 = CARTESIAN_POINT('',(-0.641768140515,-3.879523977184,
    10.742182440375));
#3441 = CARTESIAN_POINT('',(-0.636976444984,-3.890525385944,
    10.726785105039));
#3442 = CARTESIAN_POINT('',(-0.631743890613,-3.901766206773,
    10.711670063381));
#3443 = CARTESIAN_POINT('',(-0.626028400358,-3.913190743716,
    10.69688930716));
#3444 = CARTESIAN_POINT('',(-0.620312910846,-3.924615279173,
    10.68210855286));
#3445 = CARTESIAN_POINT('',(-0.614114637165,-3.936222999131,
    10.667662727286));
#3446 = CARTESIAN_POINT('',(-0.607396002495,-3.947951284171,
    10.653597220456));
#3447 = CARTESIAN_POINT('',(-0.600677342927,-3.959679612673,
    10.639531661501));
#3448 = CARTESIAN_POINT('',(-0.593438604872,-3.971527888031,
    10.625847062693));
#3449 = CARTESIAN_POINT('',(-0.585646804016,-3.983429029868,
    10.612580261878));
#3450 = CARTESIAN_POINT('',(-0.581750910913,-3.989379589598,
    10.605946873944));
#3451 = CARTESIAN_POINT('',(-0.577716854488,-3.995343260999,
    10.599417850645));
#3452 = CARTESIAN_POINT('',(-0.573540870352,-4.001311437708,
    10.592996913914));
#3453 = CARTESIAN_POINT('',(-0.569366997397,-4.00727659719,
    10.586579223306));
#3454 = CARTESIAN_POINT('',(-0.565042624347,-4.013258869208,
    10.580255887667));
#3455 = CARTESIAN_POINT('',(-0.560558190154,-4.019254714286,
    10.574026258371));
#3456 = CARTESIAN_POINT('',(-0.551590376779,-4.031244993856,
    10.561568465366));
#3457 = CARTESIAN_POINT('',(-0.541990459493,-4.043276912385,
    10.54950029082));
#3458 = CARTESIAN_POINT('',(-0.53174717749,-4.05524162731,
    10.537886501159));
#3459 = CARTESIAN_POINT('',(-0.521503983689,-4.067206239212,
    10.5262728115));
#3460 = CARTESIAN_POINT('',(-0.510618662915,-4.079101669901,
    10.515115199206));
#3461 = CARTESIAN_POINT('',(-0.499101035635,-4.090813769402,
    10.504464423162));
#3462 = CARTESIAN_POINT('',(-0.487583372238,-4.102525905629,
    10.493813613719));
#3463 = CARTESIAN_POINT('',(-0.475435210507,-4.114052594076,
    10.483671199239));
#3464 = CARTESIAN_POINT('',(-0.462684751172,-4.125283562501,
    10.474069770358));
#3465 = CARTESIAN_POINT('',(-0.449934081008,-4.136514716631,
    10.464468182717));
#3466 = CARTESIAN_POINT('',(-0.436583365574,-4.147448227712,
    10.455408790737));
#3467 = CARTESIAN_POINT('',(-0.422671400202,-4.157986458162,
    10.446904482868));
#3468 = CARTESIAN_POINT('',(-0.408758415201,-4.168525460973,
    10.438399551706));
#3469 = CARTESIAN_POINT('',(-0.394177355577,-4.178749267595,
    10.430385527514));
#3470 = CARTESIAN_POINT('',(-0.378985341754,-4.188532166271,
    10.422900678166));
#3471 = CARTESIAN_POINT('',(-0.363793639442,-4.198314864351,
    10.415415982294));
#3472 = CARTESIAN_POINT('',(-0.347994397732,-4.207653936087,
    10.408462110524));
#3473 = CARTESIAN_POINT('',(-0.33167540443,-4.216434445904,
    10.402061793156));
#3474 = CARTESIAN_POINT('',(-0.31535644494,-4.225214937527,
    10.395661489049));
#3475 = CARTESIAN_POINT('',(-0.298521737609,-4.233434556325,
    10.389815947947));
#3476 = CARTESIAN_POINT('',(-0.281278908457,-4.241000917049,
    10.384530442424));
#3477 = CARTESIAN_POINT('',(-0.264035791961,-4.248567403862,
    10.379244848819));
#3478 = CARTESIAN_POINT('',(-0.246388667124,-4.255479048852,
    10.374519992321));
#3479 = CARTESIAN_POINT('',(-0.228449919881,-4.261672603412,
    10.370345733329));
#3480 = CARTESIAN_POINT('',(-0.210534187404,-4.267858211865,
    10.366176829761));
#3481 = CARTESIAN_POINT('',(-0.192185289287,-4.273377470217,
    10.36252355252));
#3482 = CARTESIAN_POINT('',(-0.173489630281,-4.27816026733,
    10.359391083373));
#3483 = CARTESIAN_POINT('',(-0.154796554802,-4.282942403515,
    10.356259047097));
#3484 = CARTESIAN_POINT('',(-0.135770261751,-4.286983681958,
    10.353650458733));
#3485 = CARTESIAN_POINT('',(-0.116545129583,-4.290229840539,
    10.351568604815));
#3486 = CARTESIAN_POINT('',(-9.732005160268E-02,-4.29347598997,
    10.349486756765));
#3487 = CARTESIAN_POINT('',(-7.790051481233E-02,-4.295926244429,
    10.347931949791));
#3488 = CARTESIAN_POINT('',(-5.842828660703E-02,-4.297557263115,
    10.346899215409));
#3489 = CARTESIAN_POINT('',(-3.89557554726E-02,-4.299188307174,
    10.345866464962));
#3490 = CARTESIAN_POINT('',(-1.94347624145E-02,-4.300000000037,
    10.345355808281));
#3491 = CARTESIAN_POINT('',(-2.9E-16,-4.300000000037,10.345355808281));
#3492 = ORIENTED_EDGE('',*,*,#3133,.T.);
#3493 = ORIENTED_EDGE('',*,*,#3494,.F.);
#3494 = EDGE_CURVE('',#2964,#3126,#3495,.T.);
#3495 = LINE('',#3496,#3497);
#3496 = CARTESIAN_POINT('',(1.2000024,-3.6,11.614213562373));
#3497 = VECTOR('',#3498,1.);
#3498 = DIRECTION('',(-1.,0.,0.));
#3499 = ORIENTED_EDGE('',*,*,#2971,.F.);
#3500 = CYLINDRICAL_SURFACE('',#3501,1.5);
#3501 = AXIS2_PLACEMENT_3D('',#3502,#3503,#3504);
#3502 = CARTESIAN_POINT('',(1.2000024,-5.1,11.614213562373));
#3503 = DIRECTION('',(-1.,0.,0.));
#3504 = DIRECTION('',(0.,0.,-1.));
#3505 = ADVANCED_FACE('',(#3506),#3531,.F.);
#3506 = FACE_BOUND('',#3507,.T.);
#3507 = EDGE_LOOP('',(#3508,#3516,#3517,#3525));
#3508 = ORIENTED_EDGE('',*,*,#3509,.T.);
#3509 = EDGE_CURVE('',#3510,#3275,#3512,.T.);
#3510 = VERTEX_POINT('',#3511);
#3511 = CARTESIAN_POINT('',(-1.,-3.6,12.7));
#3512 = LINE('',#3513,#3514);
#3513 = CARTESIAN_POINT('',(-1.,-3.6,9.45));
#3514 = VECTOR('',#3515,1.);
#3515 = DIRECTION('',(0.,0.,-1.));
#3516 = ORIENTED_EDGE('',*,*,#3382,.F.);
#3517 = ORIENTED_EDGE('',*,*,#3518,.F.);
#3518 = EDGE_CURVE('',#3519,#3383,#3521,.T.);
#3519 = VERTEX_POINT('',#3520);
#3520 = CARTESIAN_POINT('',(-0.7,-3.6,12.7));
#3521 = LINE('',#3522,#3523);
#3522 = CARTESIAN_POINT('',(-0.7,-3.6,9.45));
#3523 = VECTOR('',#3524,1.);
#3524 = DIRECTION('',(0.,0.,-1.));
#3525 = ORIENTED_EDGE('',*,*,#3526,.F.);
#3526 = EDGE_CURVE('',#3510,#3519,#3527,.T.);
#3527 = LINE('',#3528,#3529);
#3528 = CARTESIAN_POINT('',(0.,-3.6,12.7));
#3529 = VECTOR('',#3530,1.);
#3530 = DIRECTION('',(1.,0.,-0.));
#3531 = PLANE('',#3532);
#3532 = AXIS2_PLACEMENT_3D('',#3533,#3534,#3535);
#3533 = CARTESIAN_POINT('',(1.2000024,-3.6,11.614213562373));
#3534 = DIRECTION('',(-0.,1.,-0.));
#3535 = DIRECTION('',(0.,0.,1.));
#3536 = ADVANCED_FACE('',(#3537),#3562,.F.);
#3537 = FACE_BOUND('',#3538,.T.);
#3538 = EDGE_LOOP('',(#3539,#3540,#3547,#3548,#3554,#3555));
#3539 = ORIENTED_EDGE('',*,*,#3526,.T.);
#3540 = ORIENTED_EDGE('',*,*,#3541,.F.);
#3541 = EDGE_CURVE('',#3107,#3519,#3542,.T.);
#3542 = CIRCLE('',#3543,0.7);
#3543 = AXIS2_PLACEMENT_3D('',#3544,#3545,#3546);
#3544 = CARTESIAN_POINT('',(0.,-3.6,12.7));
#3545 = DIRECTION('',(0.,0.,1.));
#3546 = DIRECTION('',(0.,-1.,0.));
#3547 = ORIENTED_EDGE('',*,*,#3116,.F.);
#3548 = ORIENTED_EDGE('',*,*,#3549,.T.);
#3549 = EDGE_CURVE('',#3117,#2962,#3550,.T.);
#3550 = LINE('',#3551,#3552);
#3551 = CARTESIAN_POINT('',(0.,-3.6,12.7));
#3552 = VECTOR('',#3553,1.);
#3553 = DIRECTION('',(1.,0.,-0.));
#3554 = ORIENTED_EDGE('',*,*,#3091,.T.);
#3555 = ORIENTED_EDGE('',*,*,#3556,.T.);
#3556 = EDGE_CURVE('',#3084,#3510,#3557,.T.);
#3557 = CIRCLE('',#3558,1.);
#3558 = AXIS2_PLACEMENT_3D('',#3559,#3560,#3561);
#3559 = CARTESIAN_POINT('',(0.,-3.6,12.7));
#3560 = DIRECTION('',(0.,0.,1.));
#3561 = DIRECTION('',(0.,-1.,0.));
#3562 = PLANE('',#3563);
#3563 = AXIS2_PLACEMENT_3D('',#3564,#3565,#3566);
#3564 = CARTESIAN_POINT('',(0.,-4.45,12.7));
#3565 = DIRECTION('',(0.,0.,-1.));
#3566 = DIRECTION('',(0.,1.,0.));
#3567 = ADVANCED_FACE('',(#3568),#3574,.F.);
#3568 = FACE_BOUND('',#3569,.T.);
#3569 = EDGE_LOOP('',(#3570,#3571,#3572,#3573));
#3570 = ORIENTED_EDGE('',*,*,#2961,.F.);
#3571 = ORIENTED_EDGE('',*,*,#3549,.F.);
#3572 = ORIENTED_EDGE('',*,*,#3125,.T.);
#3573 = ORIENTED_EDGE('',*,*,#3494,.F.);
#3574 = PLANE('',#3575);
#3575 = AXIS2_PLACEMENT_3D('',#3576,#3577,#3578);
#3576 = CARTESIAN_POINT('',(1.2000024,-3.6,11.614213562373));
#3577 = DIRECTION('',(-0.,1.,-0.));
#3578 = DIRECTION('',(0.,0.,1.));
#3579 = ADVANCED_FACE('',(#3580),#3719,.T.);
#3580 = FACE_BOUND('',#3581,.T.);
#3581 = EDGE_LOOP('',(#3582,#3592,#3697,#3703,#3704,#3712));
#3582 = ORIENTED_EDGE('',*,*,#3583,.T.);
#3583 = EDGE_CURVE('',#3584,#3586,#3588,.T.);
#3584 = VERTEX_POINT('',#3585);
#3585 = CARTESIAN_POINT('',(3.12,-0.8,12.7));
#3586 = VERTEX_POINT('',#3587);
#3587 = CARTESIAN_POINT('',(3.12,-0.8,11.614213562373));
#3588 = LINE('',#3589,#3590);
#3589 = CARTESIAN_POINT('',(3.12,-0.8,9.45));
#3590 = VECTOR('',#3591,1.);
#3591 = DIRECTION('',(0.,0.,-1.));
#3592 = ORIENTED_EDGE('',*,*,#3593,.F.);
#3593 = EDGE_CURVE('',#3594,#3586,#3596,.T.);
#3594 = VERTEX_POINT('',#3595);
#3595 = CARTESIAN_POINT('',(4.12,-1.8,10.2));
#3596 = B_SPLINE_CURVE_WITH_KNOTS('',3,(#3597,#3598,#3599,#3600,#3601,
    #3602,#3603,#3604,#3605,#3606,#3607,#3608,#3609,#3610,#3611,#3612,
    #3613,#3614,#3615,#3616,#3617,#3618,#3619,#3620,#3621,#3622,#3623,
    #3624,#3625,#3626,#3627,#3628,#3629,#3630,#3631,#3632,#3633,#3634,
    #3635,#3636,#3637,#3638,#3639,#3640,#3641,#3642,#3643,#3644,#3645,
    #3646,#3647,#3648,#3649,#3650,#3651,#3652,#3653,#3654,#3655,#3656,
    #3657,#3658,#3659,#3660,#3661,#3662,#3663,#3664,#3665,#3666,#3667,
    #3668,#3669,#3670,#3671,#3672,#3673,#3674,#3675,#3676,#3677,#3678,
    #3679,#3680,#3681,#3682,#3683,#3684,#3685,#3686,#3687,#3688,#3689,
    #3690,#3691,#3692,#3693,#3694,#3695,#3696),.UNSPECIFIED.,.F.,.F.,(4,
    3,3,3,3,3,3,3,3,3,3,3,3,3,3,3,3,3,3,3,3,3,3,3,3,3,3,3,3,3,3,3,3,4),(
    0.,7.4891524458E-02,0.149521205541,0.186672701815,0.223867731678,
    0.298571968874,0.373484136787,0.448341623888,0.52289970707,
    0.597271544447,0.67202784125,0.74694763287,0.821749006642,
    0.896173170558,0.9706197082,1.045393427806,1.120307081168,
    1.195113779305,1.269546957795,1.343900165185,1.418462169377,
    1.493126106818,1.567737806209,1.642113974434,1.716425970731,
    1.790885880451,1.865405440788,1.939880632871,2.014199477649,
    2.088507458136,2.162953182684,2.237445709259,2.311891239045,
    2.38619739165),.UNSPECIFIED.);
#3597 = CARTESIAN_POINT('',(4.12,-1.8,10.2));
#3598 = CARTESIAN_POINT('',(4.12,-1.775018894149,10.2));
#3599 = CARTESIAN_POINT('',(4.11906227761,-1.750042002543,
    10.200330499512));
#3600 = CARTESIAN_POINT('',(4.117197599037,-1.725187243902,
    10.200993924247));
#3601 = CARTESIAN_POINT('',(4.115332906705,-1.700332301862,
    10.201657353877));
#3602 = CARTESIAN_POINT('',(4.112541502634,-1.675601428802,
    10.202653693026));
#3603 = CARTESIAN_POINT('',(4.108853135099,-1.651105818765,
    10.203990572027));
#3604 = CARTESIAN_POINT('',(4.107008685589,-1.63885624887,
    10.204659107847));
#3605 = CARTESIAN_POINT('',(4.104941658829,-1.626673164037,
    10.205412352495));
#3606 = CARTESIAN_POINT('',(4.102653269531,-1.614547709961,
    10.20625320765));
#3607 = CARTESIAN_POINT('',(4.100363411998,-1.602414476174,
    10.207094602298));
#3608 = CARTESIAN_POINT('',(4.0978454442,-1.590306245507,10.20802609109)
  );
#3609 = CARTESIAN_POINT('',(4.095100752197,-1.578237687906,
    10.209051372569));
#3610 = CARTESIAN_POINT('',(4.08961135431,-1.554100511677,
    10.211101940711));
#3611 = CARTESIAN_POINT('',(4.083213764342,-1.530122664131,
    10.21352747164));
#3612 = CARTESIAN_POINT('',(4.075936116225,-1.506425236616,
    10.216360032717));
#3613 = CARTESIAN_POINT('',(4.068658515864,-1.482727964601,
    10.219192575207));
#3614 = CARTESIAN_POINT('',(4.060501451637,-1.459313485815,
    10.222432099647));
#3615 = CARTESIAN_POINT('',(4.051516686924,-1.43630141328,
    10.226111720737));
#3616 = CARTESIAN_POINT('',(4.042531902853,-1.413289291165,
    10.229791349754));
#3617 = CARTESIAN_POINT('',(4.032720380954,-1.390682023528,
    10.23391093591));
#3618 = CARTESIAN_POINT('',(4.022155666243,-1.368589344284,
    10.238502054609));
#3619 = CARTESIAN_POINT('',(4.011590832309,-1.346496415725,
    10.243093225119));
#3620 = CARTESIAN_POINT('',(4.000274120531,-1.324920470958,
    10.248155641989));
#3621 = CARTESIAN_POINT('',(3.988295999316,-1.303953573169,
    10.253717308972));
#3622 = CARTESIAN_POINT('',(3.976329318399,-1.283006700854,
    10.259273664008));
#3623 = CARTESIAN_POINT('',(3.963673150964,-1.262608096222,
    10.265340740897));
#3624 = CARTESIAN_POINT('',(3.950316208502,-1.24270744317,
    10.272005076554));
#3625 = CARTESIAN_POINT('',(3.936967345061,-1.222818827137,
    10.27866538125));
#3626 = CARTESIAN_POINT('',(3.922951148911,-1.203484408084,
    10.285907468436));
#3627 = CARTESIAN_POINT('',(3.90837480006,-1.184804767061,
    10.293763042735));
#3628 = CARTESIAN_POINT('',(3.893798547589,-1.166125249548,
    10.301618565093));
#3629 = CARTESIAN_POINT('',(3.87866459669,-1.148103691292,
    10.310086769051));
#3630 = CARTESIAN_POINT('',(3.863103286639,-1.130823262965,
    10.319181761487));
#3631 = CARTESIAN_POINT('',(3.847541875955,-1.113542722886,
    10.328276812739));
#3632 = CARTESIAN_POINT('',(3.831556076513,-1.097006243036,
    10.337997380157));
#3633 = CARTESIAN_POINT('',(3.815288736247,-1.081269471047,
    10.348338457163));
#3634 = CARTESIAN_POINT('',(3.799020051647,-1.06553139857,
    10.358680388757));
#3635 = CARTESIAN_POINT('',(3.782477493445,-1.050599370461,
    10.369638047372));
#3636 = CARTESIAN_POINT('',(3.765789253258,-1.036484289372,
    10.381199369368));
#3637 = CARTESIAN_POINT('',(3.749086493259,-1.022356927279,
    10.392770750438));
#3638 = CARTESIAN_POINT('',(3.732131331149,-1.008958188776,
    10.40502037251));
#3639 = CARTESIAN_POINT('',(3.715046248043,-0.996308540115,
    10.417944902406));
#3640 = CARTESIAN_POINT('',(3.69796145546,-0.983659106554,
    10.430869212527));
#3641 = CARTESIAN_POINT('',(3.680749356822,-0.971760685137,
    10.444466951106));
#3642 = CARTESIAN_POINT('',(3.663542984344,-0.960618665812,
    10.45870935329));
#3643 = CARTESIAN_POINT('',(3.64633669936,-0.949476703144,
    10.472951683051));
#3644 = CARTESIAN_POINT('',(3.629138811175,-0.939092578416,
    10.487836818357));
#3645 = CARTESIAN_POINT('',(3.612081432097,-0.929450826088,
    10.50331295454));
#3646 = CARTESIAN_POINT('',(3.595023962234,-0.919809022443,
    10.518789173092));
#3647 = CARTESIAN_POINT('',(3.578109382787,-0.910910489493,
    10.534854380798));
#3648 = CARTESIAN_POINT('',(3.561458477329,-0.90271832026,
    10.551438965019));
#3649 = CARTESIAN_POINT('',(3.54480640952,-0.894525579156,10.56802470696
    ));
#3650 = CARTESIAN_POINT('',(3.528423754197,-0.887041345347,
    10.585123743674));
#3651 = CARTESIAN_POINT('',(3.512400626836,-0.88020559468,
    10.602668393552));
#3652 = CARTESIAN_POINT('',(3.49636527468,-0.873364628697,
    10.620226429064));
#3653 = CARTESIAN_POINT('',(3.480599523709,-0.86713450676,
    10.638329041409));
#3654 = CARTESIAN_POINT('',(3.465176489641,-0.861462205876,
    10.656934783791));
#3655 = CARTESIAN_POINT('',(3.449753546987,-0.855789938612,
    10.675540415897));
#3656 = CARTESIAN_POINT('',(3.434674101716,-0.850675685778,
    10.694648349817));
#3657 = CARTESIAN_POINT('',(3.420005662374,-0.846062579335,
    10.714206012591));
#3658 = CARTESIAN_POINT('',(3.405337251673,-0.841449481901,
    10.733763637176));
#3659 = CARTESIAN_POINT('',(3.391080501374,-0.8373376005,10.753770157756
    ));
#3660 = CARTESIAN_POINT('',(3.37729428948,-0.833666905979,
    10.774164446522));
#3661 = CARTESIAN_POINT('',(3.363508056156,-0.829996205751,
    10.794558766991));
#3662 = CARTESIAN_POINT('',(3.350192874771,-0.826766678442,
    10.81534006201));
#3663 = CARTESIAN_POINT('',(3.337396955876,-0.823916723032,
    10.836441467732));
#3664 = CARTESIAN_POINT('',(3.324600896106,-0.821066736247,
    10.857543105764));
#3665 = CARTESIAN_POINT('',(3.31232479749,-0.818596322436,
    10.878963546531));
#3666 = CARTESIAN_POINT('',(3.300604126337,-0.816444129929,
    10.900634885165));
#3667 = CARTESIAN_POINT('',(3.288880409579,-0.814291378177,
    10.922311855076));
#3668 = CARTESIAN_POINT('',(3.277661326966,-0.81244768332,
    10.944333429216));
#3669 = CARTESIAN_POINT('',(3.266977141675,-0.810860111094,
    10.96665727536));
#3670 = CARTESIAN_POINT('',(3.256292974446,-0.809272541552,
    10.988981083766));
#3671 = CARTESIAN_POINT('',(3.246143851686,-0.807941062133,
    11.011606879462));
#3672 = CARTESIAN_POINT('',(3.236555249876,-0.806815790638,
    11.034488952445));
#3673 = CARTESIAN_POINT('',(3.226966654084,-0.805690519849,
    11.05737101107));
#3674 = CARTESIAN_POINT('',(3.217938708246,-0.804771413575,
    11.080509043326));
#3675 = CARTESIAN_POINT('',(3.209491593771,-0.804012422445,
    11.103854829758));
#3676 = CARTESIAN_POINT('',(3.201044474116,-0.803253430849,
    11.127200630505));
#3677 = CARTESIAN_POINT('',(3.193178295123,-0.802654507694,
    11.150753859154));
#3678 = CARTESIAN_POINT('',(3.185907581907,-0.802174268398,
    11.174464842798));
#3679 = CARTESIAN_POINT('',(3.178636845797,-0.80169402759,
    11.198175901104));
#3680 = CARTESIAN_POINT('',(3.171961688635,-0.801332428983,
    11.222044260035));
#3681 = CARTESIAN_POINT('',(3.165890716374,-0.801053533891,
    11.246020418388));
#3682 = CARTESIAN_POINT('',(3.159819158018,-0.800774611875,
    11.269998891417));
#3683 = CARTESIAN_POINT('',(3.15433172077,-0.800577539137,
    11.294164537866));
#3684 = CARTESIAN_POINT('',(3.149442795438,-0.800433533077,
    11.318474643541));
#3685 = CARTESIAN_POINT('',(3.144553877819,-0.800289527244,
    11.342784710867));
#3686 = CARTESIAN_POINT('',(3.14026354231,-0.800198546553,
    11.367238958092));
#3687 = CARTESIAN_POINT('',(3.136582002753,-0.80013749086,
    11.391792687808));
#3688 = CARTESIAN_POINT('',(3.132900465206,-0.800076435199,
    11.416346404111));
#3689 = CARTESIAN_POINT('',(3.129827774886,-0.800045272238,
    11.440999295674));
#3690 = CARTESIAN_POINT('',(3.127369644562,-0.800027156199,
    11.465705575972));
#3691 = CARTESIAN_POINT('',(3.124911512758,-0.80000904015,
    11.490411871148));
#3692 = CARTESIAN_POINT('',(3.123067968683,-0.80000395238,
    11.515171226461));
#3693 = CARTESIAN_POINT('',(3.121840091764,-0.80000169297,
    11.539937796773));
#3694 = CARTESIAN_POINT('',(3.120612212469,-0.799999433556,
    11.564704415036));
#3695 = CARTESIAN_POINT('',(3.12,-0.8,11.589477908678));
#3696 = CARTESIAN_POINT('',(3.12,-0.8,11.614213562373));
#3697 = ORIENTED_EDGE('',*,*,#3698,.T.);
#3698 = EDGE_CURVE('',#3594,#800,#3699,.T.);
#3699 = LINE('',#3700,#3701);
#3700 = CARTESIAN_POINT('',(4.12,-1.8,9.45));
#3701 = VECTOR('',#3702,1.);
#3702 = DIRECTION('',(0.,0.,-1.));
#3703 = ORIENTED_EDGE('',*,*,#797,.F.);
#3704 = ORIENTED_EDGE('',*,*,#3705,.F.);
#3705 = EDGE_CURVE('',#3706,#798,#3708,.T.);
#3706 = VERTEX_POINT('',#3707);
#3707 = CARTESIAN_POINT('',(2.12,-1.8,12.7));
#3708 = LINE('',#3709,#3710);
#3709 = CARTESIAN_POINT('',(2.12,-1.8,9.45));
#3710 = VECTOR('',#3711,1.);
#3711 = DIRECTION('',(0.,0.,-1.));
#3712 = ORIENTED_EDGE('',*,*,#3713,.F.);
#3713 = EDGE_CURVE('',#3584,#3706,#3714,.T.);
#3714 = CIRCLE('',#3715,1.);
#3715 = AXIS2_PLACEMENT_3D('',#3716,#3717,#3718);
#3716 = CARTESIAN_POINT('',(3.12,-1.8,12.7));
#3717 = DIRECTION('',(0.,0.,1.));
#3718 = DIRECTION('',(1.,0.,-0.));
#3719 = CYLINDRICAL_SURFACE('',#3720,1.);
#3720 = AXIS2_PLACEMENT_3D('',#3721,#3722,#3723);
#3721 = CARTESIAN_POINT('',(3.12,-1.8,9.45));
#3722 = DIRECTION('',(0.,0.,-1.));
#3723 = DIRECTION('',(-1.,-0.,-0.));
#3724 = ADVANCED_FACE('',(#3725),#3871,.F.);
#3725 = FACE_BOUND('',#3726,.F.);
#3726 = EDGE_LOOP('',(#3727,#3737,#3746,#3754,#3856,#3864));
#3727 = ORIENTED_EDGE('',*,*,#3728,.F.);
#3728 = EDGE_CURVE('',#3729,#3731,#3733,.T.);
#3729 = VERTEX_POINT('',#3730);
#3730 = CARTESIAN_POINT('',(2.42,-1.8,12.7));
#3731 = VERTEX_POINT('',#3732);
#3732 = CARTESIAN_POINT('',(2.42,-1.8,9.2));
#3733 = LINE('',#3734,#3735);
#3734 = CARTESIAN_POINT('',(2.42,-1.8,9.45));
#3735 = VECTOR('',#3736,1.);
#3736 = DIRECTION('',(0.,0.,-1.));
#3737 = ORIENTED_EDGE('',*,*,#3738,.F.);
#3738 = EDGE_CURVE('',#3739,#3729,#3741,.T.);
#3739 = VERTEX_POINT('',#3740);
#3740 = CARTESIAN_POINT('',(3.12,-1.1,12.7));
#3741 = CIRCLE('',#3742,0.7);
#3742 = AXIS2_PLACEMENT_3D('',#3743,#3744,#3745);
#3743 = CARTESIAN_POINT('',(3.12,-1.8,12.7));
#3744 = DIRECTION('',(0.,0.,1.));
#3745 = DIRECTION('',(1.,0.,-0.));
#3746 = ORIENTED_EDGE('',*,*,#3747,.T.);
#3747 = EDGE_CURVE('',#3739,#3748,#3750,.T.);
#3748 = VERTEX_POINT('',#3749);
#3749 = CARTESIAN_POINT('',(3.12,-1.1,11.614213562373));
#3750 = LINE('',#3751,#3752);
#3751 = CARTESIAN_POINT('',(3.12,-1.1,9.45));
#3752 = VECTOR('',#3753,1.);
#3753 = DIRECTION('',(0.,0.,-1.));
#3754 = ORIENTED_EDGE('',*,*,#3755,.F.);
#3755 = EDGE_CURVE('',#3756,#3748,#3758,.T.);
#3756 = VERTEX_POINT('',#3757);
#3757 = CARTESIAN_POINT('',(3.82,-1.8,10.345355808281));
#3758 = B_SPLINE_CURVE_WITH_KNOTS('',3,(#3759,#3760,#3761,#3762,#3763,
    #3764,#3765,#3766,#3767,#3768,#3769,#3770,#3771,#3772,#3773,#3774,
    #3775,#3776,#3777,#3778,#3779,#3780,#3781,#3782,#3783,#3784,#3785,
    #3786,#3787,#3788,#3789,#3790,#3791,#3792,#3793,#3794,#3795,#3796,
    #3797,#3798,#3799,#3800,#3801,#3802,#3803,#3804,#3805,#3806,#3807,
    #3808,#3809,#3810,#3811,#3812,#3813,#3814,#3815,#3816,#3817,#3818,
    #3819,#3820,#3821,#3822,#3823,#3824,#3825,#3826,#3827,#3828,#3829,
    #3830,#3831,#3832,#3833,#3834,#3835,#3836,#3837,#3838,#3839,#3840,
    #3841,#3842,#3843,#3844,#3845,#3846,#3847,#3848,#3849,#3850,#3851,
    #3852,#3853,#3854,#3855),.UNSPECIFIED.,.F.,.F.,(4,3,3,3,3,3,3,3,3,3,
    3,3,3,3,3,3,3,3,3,3,3,3,3,3,3,3,3,3,3,3,3,3,4),(0.,
    5.841212887687E-02,0.117141024582,0.175907787006,0.234415764113,
    0.292809144615,0.351511628048,0.410283090463,0.468838490564,
    0.527169278542,0.585767105546,0.644532833987,0.703263639879,
    0.761713835428,0.82002621253,0.878527435777,0.9371835845,
    0.995908941636,1.054578917842,1.113041903958,1.171312209065,
    1.229685094955,1.288141462054,1.346635874997,1.4051115176,
    1.463503792538,1.521769923462,1.580097797144,1.638506630166,
    1.696952766311,1.75539087777,1.813775283551,1.87206140745),
  .UNSPECIFIED.);
#3759 = CARTESIAN_POINT('',(3.820000000037,-1.8,10.345355808281));
#3760 = CARTESIAN_POINT('',(3.820000000037,-1.780599438448,
    10.345355808281));
#3761 = CARTESIAN_POINT('',(3.819192218015,-1.761128183475,
    10.345864005395));
#3762 = CARTESIAN_POINT('',(3.817566537303,-1.74168254091,
    10.346893343192));
#3763 = CARTESIAN_POINT('',(3.815941114643,-1.722239985041,
    10.347922517598));
#3764 = CARTESIAN_POINT('',(3.81349809962,-1.702839166017,
    10.349472679097));
#3765 = CARTESIAN_POINT('',(3.810257850227,-1.683620877303,
    10.351550641843));
#3766 = CARTESIAN_POINT('',(3.807017604574,-1.664402610772,
    10.35362860219));
#3767 = CARTESIAN_POINT('',(3.802980838264,-1.645371253112,
    10.356234087371));
#3768 = CARTESIAN_POINT('',(3.798199212709,-1.62666267603,
    10.359365577154));
#3769 = CARTESIAN_POINT('',(3.793417504683,-1.607953776272,
    10.362497120948));
#3770 = CARTESIAN_POINT('',(3.787892279062,-1.589571886309,
    10.366154080024));
#3771 = CARTESIAN_POINT('',(3.781701616099,-1.571634128532,
    10.370326180192));
#3772 = CARTESIAN_POINT('',(3.775519336636,-1.553720662366,
    10.374492630432));
#3773 = CARTESIAN_POINT('',(3.768628492987,-1.536116138037,
    10.379202872908));
#3774 = CARTESIAN_POINT('',(3.761076935852,-1.518894392944,
    10.384477342741));
#3775 = CARTESIAN_POINT('',(3.753526669355,-1.501675591221,
    10.389750911114));
#3776 = CARTESIAN_POINT('',(3.745321486527,-1.484855357278,
    10.395585117521));
#3777 = CARTESIAN_POINT('',(3.736550517924,-1.468540411441,
    10.401977194076));
#3778 = CARTESIAN_POINT('',(3.727779568872,-1.452225501968,
    10.408369256384));
#3779 = CARTESIAN_POINT('',(3.718445064204,-1.436419876178,
    10.415318039902));
#3780 = CARTESIAN_POINT('',(3.708659816734,-1.421212961991,
    10.422803024244));
#3781 = CARTESIAN_POINT('',(3.698874414694,-1.406005807593,
    10.43028812682));
#3782 = CARTESIAN_POINT('',(3.688640959799,-1.391400847062,
    10.438307823415));
#3783 = CARTESIAN_POINT('',(3.67808503855,-1.377458771542,
    10.446824935824));
#3784 = CARTESIAN_POINT('',(3.667538904131,-1.363529622296,
    10.455334151666));
#3785 = CARTESIAN_POINT('',(3.656647578064,-1.350224879902,
    10.464357089934));
#3786 = CARTESIAN_POINT('',(3.645428925353,-1.337480330793,
    10.473945514736));
#3787 = CARTESIAN_POINT('',(3.634216677383,-1.324743057562,
    10.483528465496));
#3788 = CARTESIAN_POINT('',(3.622704780012,-1.312601125317,
    10.493654535269));
#3789 = CARTESIAN_POINT('',(3.610998465895,-1.301080661332,
    10.504296491513));
#3790 = CARTESIAN_POINT('',(3.599292243073,-1.289560287192,
    10.514938364763));
#3791 = CARTESIAN_POINT('',(3.587393584112,-1.278663164482,
    10.526094700688));
#3792 = CARTESIAN_POINT('',(3.575413406794,-1.268399935172,
    10.537719786585));
#3793 = CARTESIAN_POINT('',(3.563433187968,-1.258136670304,
    10.549344912758));
#3794 = CARTESIAN_POINT('',(3.55137337083,-1.24850856941,10.56143718784)
  );
#3795 = CARTESIAN_POINT('',(3.539341925431,-1.239507047699,
    10.573935654373));
#3796 = CARTESIAN_POINT('',(3.527310311066,-1.230505399572,
    10.586434296432));
#3797 = CARTESIAN_POINT('',(3.515308697632,-1.222131085789,
    10.599337535352));
#3798 = CARTESIAN_POINT('',(3.503434146806,-1.214356546118,
    10.612574557786));
#3799 = CARTESIAN_POINT('',(3.491559867198,-1.206582184021,
    10.625811277883));
#3800 = CARTESIAN_POINT('',(3.479740284552,-1.199359542747,
    10.63946136992));
#3801 = CARTESIAN_POINT('',(3.468034167319,-1.192651485241,
    10.653497829007));
#3802 = CARTESIAN_POINT('',(3.456328117903,-1.185943466595,
    10.667534206777));
#3803 = CARTESIAN_POINT('',(3.444735949353,-1.179750279296,
    10.681956548624));
#3804 = CARTESIAN_POINT('',(3.433313727267,-1.1740331412,10.696730216411
    ));
#3805 = CARTESIAN_POINT('',(3.421891539209,-1.168316020136,
    10.711503840186));
#3806 = CARTESIAN_POINT('',(3.410639702474,-1.163075105461,
    10.726628329669));
#3807 = CARTESIAN_POINT('',(3.399609689641,-1.158269198595,
    10.742062491518));
#3808 = CARTESIAN_POINT('',(3.388579681397,-1.153463293728,
    10.757496646946));
#3809 = CARTESIAN_POINT('',(3.377771847194,-1.14909247404,
    10.773240010984));
#3810 = CARTESIAN_POINT('',(3.367231506952,-1.145113306001,
    10.78924622797));
#3811 = CARTESIAN_POINT('',(3.356691146074,-1.141134130171,
    10.805252476294));
#3812 = CARTESIAN_POINT('',(3.346418560246,-1.137546624714,
    10.821521137513));
#3813 = CARTESIAN_POINT('',(3.336451785289,-1.134305907607,
    10.838002263491));
#3814 = CARTESIAN_POINT('',(3.326484966689,-1.13106517631,
    10.854483461636));
#3815 = CARTESIAN_POINT('',(3.316824173458,-1.128171214996,
    10.871176714739));
#3816 = CARTESIAN_POINT('',(3.307499423622,-1.125578791747,
    10.888030226701));
#3817 = CARTESIAN_POINT('',(3.298181033655,-1.122988136639,
    10.904872243864));
#3818 = CARTESIAN_POINT('',(3.289175890908,-1.120691940075,
    10.921912262727));
#3819 = CARTESIAN_POINT('',(3.280474050322,-1.118642473313,
    10.939180059398));
#3820 = CARTESIAN_POINT('',(3.271774411122,-1.116593525024,
    10.956443487671));
#3821 = CARTESIAN_POINT('',(3.263388092417,-1.114793985495,
    10.973916102402));
#3822 = CARTESIAN_POINT('',(3.255331595641,-1.113206465361,
    10.991573902423));
#3823 = CARTESIAN_POINT('',(3.247275102531,-1.11161894595,
    11.009231694407));
#3824 = CARTESIAN_POINT('',(3.239548460137,-1.1102434435,11.027074607164
    ));
#3825 = CARTESIAN_POINT('',(3.232165695669,-1.109044967661,
    11.045077424246));
#3826 = CARTESIAN_POINT('',(3.224782932904,-1.107846492098,
    11.063080237175));
#3827 = CARTESIAN_POINT('',(3.21774407961,-1.10682503472,11.081242874817
    ));
#3828 = CARTESIAN_POINT('',(3.2110606171,-1.105948154665,11.099539087279
    ));
#3829 = CARTESIAN_POINT('',(3.204377153298,-1.10507127444,
    11.117835303277));
#3830 = CARTESIAN_POINT('',(3.198049111937,-1.104338959052,
    11.136264999469));
#3831 = CARTESIAN_POINT('',(3.192085342014,-1.103721533101,
    11.154801188238));
#3832 = CARTESIAN_POINT('',(3.186121567024,-1.103104106626,
    11.173337392755));
#3833 = CARTESIAN_POINT('',(3.180522092748,-1.102601555247,
    11.191979979511));
#3834 = CARTESIAN_POINT('',(3.17529306029,-1.102187218888,
    11.210701656287));
#3835 = CARTESIAN_POINT('',(3.170062199259,-1.101772737637,
    11.229429879959));
#3836 = CARTESIAN_POINT('',(3.16520934144,-1.101446934619,
    11.248206211063));
#3837 = CARTESIAN_POINT('',(3.160714774326,-1.101185069456,
    11.267101721422));
#3838 = CARTESIAN_POINT('',(3.156220198491,-1.100923203785,
    11.285997268439));
#3839 = CARTESIAN_POINT('',(3.152087853266,-1.100725693002,
    11.305000789093));
#3840 = CARTESIAN_POINT('',(3.148324407038,-1.100573286208,
    11.324091262161));
#3841 = CARTESIAN_POINT('',(3.144560963153,-1.100420879509,
    11.343181723348));
#3842 = CARTESIAN_POINT('',(3.141166435417,-1.100313561663,
    11.362359065777));
#3843 = CARTESIAN_POINT('',(3.138145864916,-1.100235234106,
    11.381601605811));
#3844 = CARTESIAN_POINT('',(3.135125295398,-1.100156906575,
    11.400844139587));
#3845 = CARTESIAN_POINT('',(3.132478697766,-1.100107556202,
    11.420151789004));
#3846 = CARTESIAN_POINT('',(3.130209405451,-1.100074455359,
    11.439502416779));
#3847 = CARTESIAN_POINT('',(3.127940113016,-1.100041354515,
    11.458853045583));
#3848 = CARTESIAN_POINT('',(3.126048136554,-1.100024493593,
    11.478246560783));
#3849 = CARTESIAN_POINT('',(3.124535050303,-1.100014690641,
    11.497660637792));
#3850 = CARTESIAN_POINT('',(3.123021963246,-1.100004887684,
    11.517074725147));
#3851 = CARTESIAN_POINT('',(3.12188777147,-1.100002137799,
    11.536509274128));
#3852 = CARTESIAN_POINT('',(3.121132281599,-1.100000915759,
    11.555942105075));
#3853 = CARTESIAN_POINT('',(3.120376790871,-1.099999693717,
    11.575374958069));
#3854 = CARTESIAN_POINT('',(3.12,-1.1,11.594805987469));
#3855 = CARTESIAN_POINT('',(3.12,-1.1,11.614213562373));
#3856 = ORIENTED_EDGE('',*,*,#3857,.T.);
#3857 = EDGE_CURVE('',#3756,#3858,#3860,.T.);
#3858 = VERTEX_POINT('',#3859);
#3859 = CARTESIAN_POINT('',(3.82,-1.8,9.2));
#3860 = LINE('',#3861,#3862);
#3861 = CARTESIAN_POINT('',(3.82,-1.8,9.45));
#3862 = VECTOR('',#3863,1.);
#3863 = DIRECTION('',(0.,0.,-1.));
#3864 = ORIENTED_EDGE('',*,*,#3865,.F.);
#3865 = EDGE_CURVE('',#3731,#3858,#3866,.T.);
#3866 = CIRCLE('',#3867,0.7);
#3867 = AXIS2_PLACEMENT_3D('',#3868,#3869,#3870);
#3868 = CARTESIAN_POINT('',(3.12,-1.8,9.2));
#3869 = DIRECTION('',(0.,0.,-1.));
#3870 = DIRECTION('',(-1.,-0.,-0.));
#3871 = CYLINDRICAL_SURFACE('',#3872,0.7);
#3872 = AXIS2_PLACEMENT_3D('',#3873,#3874,#3875);
#3873 = CARTESIAN_POINT('',(3.12,-1.8,9.45));
#3874 = DIRECTION('',(0.,0.,-1.));
#3875 = DIRECTION('',(-1.,-0.,-0.));
#3876 = ADVANCED_FACE('',(#3877),#3887,.F.);
#3877 = FACE_BOUND('',#3878,.T.);
#3878 = EDGE_LOOP('',(#3879,#3880));
#3879 = ORIENTED_EDGE('',*,*,#3865,.F.);
#3880 = ORIENTED_EDGE('',*,*,#3881,.F.);
#3881 = EDGE_CURVE('',#3858,#3731,#3882,.T.);
#3882 = CIRCLE('',#3883,0.7);
#3883 = AXIS2_PLACEMENT_3D('',#3884,#3885,#3886);
#3884 = CARTESIAN_POINT('',(3.12,-1.8,9.2));
#3885 = DIRECTION('',(0.,0.,-1.));
#3886 = DIRECTION('',(-1.,-0.,-0.));
#3887 = PLANE('',#3888);
#3888 = AXIS2_PLACEMENT_3D('',#3889,#3890,#3891);
#3889 = CARTESIAN_POINT('',(3.97,-1.8,9.2));
#3890 = DIRECTION('',(0.,0.,-1.));
#3891 = DIRECTION('',(0.,1.,0.));
#3892 = ADVANCED_FACE('',(#3893),#4122,.F.);
#3893 = FACE_BOUND('',#3894,.F.);
#3894 = EDGE_LOOP('',(#3895,#4003,#4011,#4114,#4115,#4121));
#3895 = ORIENTED_EDGE('',*,*,#3896,.F.);
#3896 = EDGE_CURVE('',#3897,#3594,#3899,.T.);
#3897 = VERTEX_POINT('',#3898);
#3898 = CARTESIAN_POINT('',(3.12,-2.8,11.614213562373));
#3899 = B_SPLINE_CURVE_WITH_KNOTS('',3,(#3900,#3901,#3902,#3903,#3904,
    #3905,#3906,#3907,#3908,#3909,#3910,#3911,#3912,#3913,#3914,#3915,
    #3916,#3917,#3918,#3919,#3920,#3921,#3922,#3923,#3924,#3925,#3926,
    #3927,#3928,#3929,#3930,#3931,#3932,#3933,#3934,#3935,#3936,#3937,
    #3938,#3939,#3940,#3941,#3942,#3943,#3944,#3945,#3946,#3947,#3948,
    #3949,#3950,#3951,#3952,#3953,#3954,#3955,#3956,#3957,#3958,#3959,
    #3960,#3961,#3962,#3963,#3964,#3965,#3966,#3967,#3968,#3969,#3970,
    #3971,#3972,#3973,#3974,#3975,#3976,#3977,#3978,#3979,#3980,#3981,
    #3982,#3983,#3984,#3985,#3986,#3987,#3988,#3989,#3990,#3991,#3992,
    #3993,#3994,#3995,#3996,#3997,#3998,#3999,#4000,#4001,#4002),
  .UNSPECIFIED.,.F.,.F.,(4,3,3,3,3,3,3,3,3,3,3,3,3,3,3,3,3,3,3,3,3,3,3,3
    ,3,3,3,3,3,3,3,3,3,3,4),(0.,7.434104627602E-02,0.148802286872,
    0.223290837984,0.297713204721,0.371988729081,0.44634703896,
    0.520837971049,0.595351899195,0.669788062139,0.74407008298,
    0.818514695075,0.893174990653,0.967869776703,1.042448394886,
    1.116808356346,1.191222784703,1.265991969082,1.340853181359,
    1.415564641227,1.489948657705,1.564435758919,1.639269696491,
    1.714181454705,1.788890186956,1.826088456284,1.863234287038,
    1.937845557464,2.0127230762,2.087616930498,2.162263773275,
    2.199419359625,2.236605543449,2.311288707033,2.386197397529),
  .UNSPECIFIED.);
#3900 = CARTESIAN_POINT('',(3.12,-2.8,11.614213562373));
#3901 = CARTESIAN_POINT('',(3.12,-2.8,11.589463211712));
#3902 = CARTESIAN_POINT('',(3.120612944292,-2.80000056722,
    11.564678008909));
#3903 = CARTESIAN_POINT('',(3.121841820006,-2.799998303848,
    11.539902945928));
#3904 = CARTESIAN_POINT('',(3.123070693711,-2.79999604048,11.51512792343
    ));
#3905 = CARTESIAN_POINT('',(3.124915496463,-2.799990942802,
    11.490363379219));
#3906 = CARTESIAN_POINT('',(3.127374655523,-2.799972806858,
    11.465655220214));
#3907 = CARTESIAN_POINT('',(3.129833813726,-2.79995467092,
    11.440947069826));
#3908 = CARTESIAN_POINT('',(3.132907298417,-2.799923476921,
    11.416295631375));
#3909 = CARTESIAN_POINT('',(3.136588917626,-2.799862394438,
    11.391746574506));
#3910 = CARTESIAN_POINT('',(3.140270539696,-2.799801311908,
    11.367197498566));
#3911 = CARTESIAN_POINT('',(3.144560243303,-2.799710307699,
    11.342751109186));
#3912 = CARTESIAN_POINT('',(3.149447383672,-2.799566331763,
    11.318451829534));
#3913 = CARTESIAN_POINT('',(3.154335315147,-2.799422332522,
    11.29414861644));
#3914 = CARTESIAN_POINT('',(3.159816630474,-2.799225490504,
    11.270009490641));
#3915 = CARTESIAN_POINT('',(3.165888461996,-2.79894656967,
    11.246029321748));
#3916 = CARTESIAN_POINT('',(3.171963509548,-2.798667501102,
    11.222036451428));
#3917 = CARTESIAN_POINT('',(3.178642583131,-2.798305658397,
    11.198155483727));
#3918 = CARTESIAN_POINT('',(3.185916457648,-2.797825145309,
    11.174435898597));
#3919 = CARTESIAN_POINT('',(3.193190319099,-2.797344633085,
    11.150716356075));
#3920 = CARTESIAN_POINT('',(3.201058894847,-2.796745407125,
    11.12715853936));
#3921 = CARTESIAN_POINT('',(3.20950724499,-2.795986171136,
    11.103811575637));
#3922 = CARTESIAN_POINT('',(3.217955592252,-2.795226935406,
    11.080464619876));
#3923 = CARTESIAN_POINT('',(3.226983605362,-2.794307643308,
    11.057328833925));
#3924 = CARTESIAN_POINT('',(3.23657084362,-2.793182379232,
    11.034451741211));
#3925 = CARTESIAN_POINT('',(3.246158089827,-2.792057114224,
    11.011574629528));
#3926 = CARTESIAN_POINT('',(3.256304434301,-2.79072583471,
    10.988956504992));
#3927 = CARTESIAN_POINT('',(3.266984311106,-2.789138823568,
    10.966642295556));
#3928 = CARTESIAN_POINT('',(3.277665686086,-2.787551589798,
    10.944324955878));
#3929 = CARTESIAN_POINT('',(3.288873580395,-2.785709797935,
    10.92232494105));
#3930 = CARTESIAN_POINT('',(3.300597807101,-2.783557030411,
    10.900646569461));
#3931 = CARTESIAN_POINT('',(3.312330501444,-2.781402708084,
    10.878952541012));
#3932 = CARTESIAN_POINT('',(3.324618600446,-2.77892971108,
    10.857512173543));
#3933 = CARTESIAN_POINT('',(3.337425343185,-2.776076954006,
    10.83639465691));
#3934 = CARTESIAN_POINT('',(3.350232027164,-2.773224210021,
    10.815277237169));
#3935 = CARTESIAN_POINT('',(3.363556970998,-2.769991646658,
    10.794483404989));
#3936 = CARTESIAN_POINT('',(3.377351735723,-2.766317796649,
    10.774079471118));
#3937 = CARTESIAN_POINT('',(3.391146483167,-2.762643951243,
    10.753675562806));
#3938 = CARTESIAN_POINT('',(3.405410539474,-2.758528807261,
    10.733662338512));
#3939 = CARTESIAN_POINT('',(3.420084999789,-2.753912466059,
    10.714100240469));
#3940 = CARTESIAN_POINT('',(3.434759492344,-2.749296114714,
    10.69453809945));
#3941 = CARTESIAN_POINT('',(3.44984373901,-2.7441786379,10.675427907342)
  );
#3942 = CARTESIAN_POINT('',(3.465270415334,-2.738503244691,
    10.656821486838));
#3943 = CARTESIAN_POINT('',(3.480697186166,-2.732827816713,
    10.638214952346));
#3944 = CARTESIAN_POINT('',(3.496465615123,-2.726594667054,
    10.620113004298));
#3945 = CARTESIAN_POINT('',(3.512502976718,-2.719750734312,
    10.602556336124));
#3946 = CARTESIAN_POINT('',(3.528526790842,-2.712912582944,
    10.585014498846));
#3947 = CARTESIAN_POINT('',(3.544904766605,-2.70542816941,
    10.567923844767));
#3948 = CARTESIAN_POINT('',(3.561551590599,-2.697235862436,
    10.551346230747));
#3949 = CARTESIAN_POINT('',(3.578196850558,-2.689044325162,
    10.53477017426));
#3950 = CARTESIAN_POINT('',(3.595103454424,-2.680147835253,
    10.518715111016));
#3951 = CARTESIAN_POINT('',(3.612150881357,-2.67050991378,
    10.503249947282));
#3952 = CARTESIAN_POINT('',(3.629198229382,-2.66087203692,
    10.487784855133));
#3953 = CARTESIAN_POINT('',(3.646384032265,-2.650493631728,
    10.472911653909));
#3954 = CARTESIAN_POINT('',(3.663576911523,-2.639359363603,
    10.458681271248));
#3955 = CARTESIAN_POINT('',(3.680769890323,-2.628225031014,
    10.444450806196));
#3956 = CARTESIAN_POINT('',(3.697967302356,-2.616336269866,
    10.430864990462));
#3957 = CARTESIAN_POINT('',(3.715037291482,-2.603698091168,
    10.417951677921));
#3958 = CARTESIAN_POINT('',(3.73210800226,-2.591059378178,
    10.405037819457));
#3959 = CARTESIAN_POINT('',(3.74904691199,-2.577674635686,
    10.392799194986));
#3960 = CARTESIAN_POINT('',(3.765738253703,-2.563558843643,
    10.381234702533));
#3961 = CARTESIAN_POINT('',(3.782439811188,-2.549434412167,
    10.369663132145));
#3962 = CARTESIAN_POINT('',(3.79900151232,-2.534486174092,
    10.358692323206));
#3963 = CARTESIAN_POINT('',(3.815280482136,-2.51873851376,
    10.348343704303));
#3964 = CARTESIAN_POINT('',(3.831559149175,-2.502991146323,
    10.337995277877));
#3965 = CARTESIAN_POINT('',(3.84755190923,-2.486446780539,
    10.328270748417));
#3966 = CARTESIAN_POINT('',(3.863115711846,-2.46916293891,
    10.319174499507));
#3967 = CARTESIAN_POINT('',(3.87867944318,-2.451879176441,
    10.310078292258));
#3968 = CARTESIAN_POINT('',(3.893811253161,-2.433858903136,
    10.301611618771));
#3969 = CARTESIAN_POINT('',(3.908381751364,-2.415186324716,
    10.29375929652));
#3970 = CARTESIAN_POINT('',(3.922952374523,-2.39651358616,
    10.285906906928));
#3971 = CARTESIAN_POINT('',(3.936959266712,-2.37719173243,
    10.278669649685));
#3972 = CARTESIAN_POINT('',(3.950297061231,-2.357321083497,
    10.272014630096));
#3973 = CARTESIAN_POINT('',(3.956965921915,-2.347385813522,
    10.268687138552));
#3974 = CARTESIAN_POINT('',(3.963467756205,-2.337313775788,
    10.265505045362));
#3975 = CARTESIAN_POINT('',(3.969792061709,-2.327118062541,
    10.262462979986));
#3976 = CARTESIAN_POINT('',(3.976112751607,-2.316928178184,
    10.25942265376));
#3977 = CARTESIAN_POINT('',(3.982268999517,-2.306594776384,
    10.256515922979));
#3978 = CARTESIAN_POINT('',(3.988265349175,-2.296100073999,
    10.253731540828));
#3979 = CARTESIAN_POINT('',(4.000255461228,-2.275115197411,
    10.248163977912));
#3980 = CARTESIAN_POINT('',(4.01158094467,-2.253523690675,
    10.243097561579));
#3981 = CARTESIAN_POINT('',(4.022151334306,-2.231419714443,
    10.238503937151));
#3982 = CARTESIAN_POINT('',(4.032721617911,-2.209315959935,
    10.233910358802));
#3983 = CARTESIAN_POINT('',(4.042535492444,-2.186702174373,
    10.229789852991));
#3984 = CARTESIAN_POINT('',(4.051520217799,-2.163689543198,
    10.226110274707));
#3985 = CARTESIAN_POINT('',(4.060504935097,-2.140676932661,
    10.222430699723));
#3986 = CARTESIAN_POINT('',(4.068659552142,-2.117267948372,
    10.219192186728));
#3987 = CARTESIAN_POINT('',(4.075933637478,-2.093582834543,
    10.216360997482));
#3988 = CARTESIAN_POINT('',(4.083207780863,-2.069897531699,
    10.213529785642));
#3989 = CARTESIAN_POINT('',(4.08960081954,-2.045938478108,
    10.211105940858));
#3990 = CARTESIAN_POINT('',(4.095086187503,-2.02182634411,
    10.209056813306));
#3991 = CARTESIAN_POINT('',(4.09782913154,-2.009769133978,
    10.208032152382));
#3992 = CARTESIAN_POINT('',(4.100344478682,-1.997678824289,
    10.207101595365));
#3993 = CARTESIAN_POINT('',(4.102633774511,-1.98555555823,
    10.206260371133));
#3994 = CARTESIAN_POINT('',(4.104924503304,-1.97342470372,
    10.205418620344));
#3995 = CARTESIAN_POINT('',(4.1069958455,-1.961223135567,10.204663777454
    ));
#3996 = CARTESIAN_POINT('',(4.108842628775,-1.948963940324,
    10.203994380174));
#3997 = CARTESIAN_POINT('',(4.112536203716,-1.924445494139,
    10.202655582573));
#3998 = CARTESIAN_POINT('',(4.115330302751,-1.899696685118,
    10.201658282235));
#3999 = CARTESIAN_POINT('',(4.117196315106,-1.874829867955,
    10.200994381051));
#4000 = CARTESIAN_POINT('',(4.119062315715,-1.849963207335,
    10.200330484046));
#4001 = CARTESIAN_POINT('',(4.12,-1.824980487771,10.2));
#4002 = CARTESIAN_POINT('',(4.12,-1.8,10.2));
#4003 = ORIENTED_EDGE('',*,*,#4004,.F.);
#4004 = EDGE_CURVE('',#4005,#3897,#4007,.T.);
#4005 = VERTEX_POINT('',#4006);
#4006 = CARTESIAN_POINT('',(3.12,-2.5,11.614213562373));
#4007 = LINE('',#4008,#4009);
#4008 = CARTESIAN_POINT('',(3.12,-0.5999976,11.614213562373));
#4009 = VECTOR('',#4010,1.);
#4010 = DIRECTION('',(0.,-1.,0.));
#4011 = ORIENTED_EDGE('',*,*,#4012,.T.);
#4012 = EDGE_CURVE('',#4005,#3756,#4013,.T.);
#4013 = B_SPLINE_CURVE_WITH_KNOTS('',3,(#4014,#4015,#4016,#4017,#4018,
    #4019,#4020,#4021,#4022,#4023,#4024,#4025,#4026,#4027,#4028,#4029,
    #4030,#4031,#4032,#4033,#4034,#4035,#4036,#4037,#4038,#4039,#4040,
    #4041,#4042,#4043,#4044,#4045,#4046,#4047,#4048,#4049,#4050,#4051,
    #4052,#4053,#4054,#4055,#4056,#4057,#4058,#4059,#4060,#4061,#4062,
    #4063,#4064,#4065,#4066,#4067,#4068,#4069,#4070,#4071,#4072,#4073,
    #4074,#4075,#4076,#4077,#4078,#4079,#4080,#4081,#4082,#4083,#4084,
    #4085,#4086,#4087,#4088,#4089,#4090,#4091,#4092,#4093,#4094,#4095,
    #4096,#4097,#4098,#4099,#4100,#4101,#4102,#4103,#4104,#4105,#4106,
    #4107,#4108,#4109,#4110,#4111,#4112,#4113),.UNSPECIFIED.,.F.,.F.,(4,
    3,3,3,3,3,3,3,3,3,3,3,3,3,3,3,3,3,3,3,3,3,3,3,3,3,3,3,3,3,3,3,3,4),(
    0.,5.838423750401E-02,0.116669309142,0.175009263131,0.23343818887,
    0.291908892497,0.350374253273,0.408788983301,0.467111239415,
    0.525437108192,0.583924705715,0.642491300803,0.70105907277,
    0.759564087814,0.817961325903,0.876253832826,0.934725742216,
    0.993323681014,1.05189734228,1.110339208823,1.139492843315,
    1.168656100408,1.227247608104,1.285985554736,1.344639503505,
    1.403041288456,1.461523066135,1.520290542318,1.579055717543,
    1.637554608225,1.695994362453,1.754751078426,1.813537913206,
    1.872061411872),.UNSPECIFIED.);
#4014 = CARTESIAN_POINT('',(3.12,-2.5,11.614213562373));
#4015 = CARTESIAN_POINT('',(3.12,-2.5,11.594738820428));
#4016 = CARTESIAN_POINT('',(3.120379405985,-2.500000306166,
    11.575275032918));
#4017 = CARTESIAN_POINT('',(3.121136096287,-2.49999907806,
    11.555844065656));
#4018 = CARTESIAN_POINT('',(3.121892941145,-2.499997849703,
    11.536409129581));
#4019 = CARTESIAN_POINT('',(3.123025923382,-2.499995086455,
    11.517024116903));
#4020 = CARTESIAN_POINT('',(3.124534955466,-2.499985309974,
    11.49766185464));
#4021 = CARTESIAN_POINT('',(3.12604443224,-2.499975530611,
    11.478293886587));
#4022 = CARTESIAN_POINT('',(3.127932054795,-2.499958725462,
    11.458932859024));
#4023 = CARTESIAN_POINT('',(3.130197833774,-2.499925713334,
    11.439601118635));
#4024 = CARTESIAN_POINT('',(3.132463610553,-2.499892701238,
    11.42026939702));
#4025 = CARTESIAN_POINT('',(3.13510753678,-2.49984347563,11.400967066521
    ));
#4026 = CARTESIAN_POINT('',(3.138127789632,-2.499765234377,
    11.381716783599));
#4027 = CARTESIAN_POINT('',(3.141148041362,-2.499686993154,
    11.362466507831));
#4028 = CARTESIAN_POINT('',(3.144544607059,-2.499579725657,
    11.343268372504));
#4029 = CARTESIAN_POINT('',(3.148313825104,-2.499427142244,
    11.324144945284));
#4030 = CARTESIAN_POINT('',(3.152083043392,-2.499274558821,
    11.305021516833));
#4031 = CARTESIAN_POINT('',(3.156224897897,-2.499076646161,
    11.285972876863));
#4032 = CARTESIAN_POINT('',(3.160733928271,-2.498813814322,
    11.26702120661));
#4033 = CARTESIAN_POINT('',(3.165242960281,-2.498550982388,
    11.248069529481));
#4034 = CARTESIAN_POINT('',(3.170119150509,-2.498223216873,
    11.229214889737));
#4035 = CARTESIAN_POINT('',(3.175355303243,-2.497807846332,
    11.210478872098));
#4036 = CARTESIAN_POINT('',(3.180591458838,-2.497392475565,
    11.191742844222));
#4037 = CARTESIAN_POINT('',(3.186187559397,-2.496889485925,
    11.173125494013));
#4038 = CARTESIAN_POINT('',(3.192134742742,-2.496273350696,
    11.154647672521));
#4039 = CARTESIAN_POINT('',(3.198078747013,-2.495657544823,
    11.136179728369));
#4040 = CARTESIAN_POINT('',(3.204389045293,-2.494927204122,
    11.117802311524));
#4041 = CARTESIAN_POINT('',(3.211064584948,-2.494051324736,
    11.099528225287));
#4042 = CARTESIAN_POINT('',(3.217739551183,-2.493175520587,
    11.08125570877));
#4043 = CARTESIAN_POINT('',(3.22477748382,-2.492154412263,11.06309336215
    ));
#4044 = CARTESIAN_POINT('',(3.232167498439,-2.490954739686,
    11.045073028225));
#4045 = CARTESIAN_POINT('',(3.23955750609,-2.48975506824,11.027052711292
    ));
#4046 = CARTESIAN_POINT('',(3.247299546848,-2.488376817063,
    11.009174547075));
#4047 = CARTESIAN_POINT('',(3.255379171527,-2.486784158173,
    10.991469638678));
#4048 = CARTESIAN_POINT('',(3.263458794987,-2.485191499523,
    10.973764732954));
#4049 = CARTESIAN_POINT('',(3.271875948483,-2.48338442319,
    10.956233210092));
#4050 = CARTESIAN_POINT('',(3.280612751225,-2.481324844802,
    10.938904893823));
#4051 = CARTESIAN_POINT('',(3.289349557564,-2.479265265566,
    10.921576570419));
#4052 = CARTESIAN_POINT('',(3.298405956785,-2.476953182999,
    10.904451567393));
#4053 = CARTESIAN_POINT('',(3.307760792894,-2.474348489026,
    10.887558029583));
#4054 = CARTESIAN_POINT('',(3.317115636297,-2.471743793022,
    10.870664478601));
#4055 = CARTESIAN_POINT('',(3.326768861854,-2.468846495849,
    10.854002490181));
#4056 = CARTESIAN_POINT('',(3.336696193636,-2.465614572905,
    10.837598251828));
#4057 = CARTESIAN_POINT('',(3.346627999374,-2.462381193429,
    10.82118662057));
#4058 = CARTESIAN_POINT('',(3.356813233238,-2.458820774546,
    10.805064793982));
#4059 = CARTESIAN_POINT('',(3.367286094795,-2.454866083502,
    10.789163338625));
#4060 = CARTESIAN_POINT('',(3.377760911718,-2.450910654085,
    10.773258914342));
#4061 = CARTESIAN_POINT('',(3.388522528649,-2.446559853371,
    10.75757983138));
#4062 = CARTESIAN_POINT('',(3.399523977184,-2.441768140515,
    10.742182440375));
#4063 = CARTESIAN_POINT('',(3.410525385944,-2.436976444984,
    10.726785105039));
#4064 = CARTESIAN_POINT('',(3.421766206773,-2.431743890613,
    10.711670063381));
#4065 = CARTESIAN_POINT('',(3.433190743716,-2.426028400358,
    10.69688930716));
#4066 = CARTESIAN_POINT('',(3.444615279173,-2.420312910846,
    10.68210855286));
#4067 = CARTESIAN_POINT('',(3.456222999131,-2.414114637165,
    10.667662727286));
#4068 = CARTESIAN_POINT('',(3.467951284171,-2.407396002495,
    10.653597220456));
#4069 = CARTESIAN_POINT('',(3.479679612673,-2.400677342927,
    10.639531661501));
#4070 = CARTESIAN_POINT('',(3.491527888031,-2.393438604872,
    10.625847062693));
#4071 = CARTESIAN_POINT('',(3.503429029868,-2.385646804016,
    10.612580261878));
#4072 = CARTESIAN_POINT('',(3.509379589598,-2.381750910913,
    10.605946873944));
#4073 = CARTESIAN_POINT('',(3.515343260999,-2.377716854488,
    10.599417850645));
#4074 = CARTESIAN_POINT('',(3.521311437708,-2.373540870352,
    10.592996913914));
#4075 = CARTESIAN_POINT('',(3.52727659719,-2.369366997397,
    10.586579223306));
#4076 = CARTESIAN_POINT('',(3.533258869208,-2.365042624347,
    10.580255887667));
#4077 = CARTESIAN_POINT('',(3.539254714286,-2.360558190154,
    10.574026258371));
#4078 = CARTESIAN_POINT('',(3.551244993856,-2.351590376779,
    10.561568465366));
#4079 = CARTESIAN_POINT('',(3.563276912385,-2.341990459493,
    10.54950029082));
#4080 = CARTESIAN_POINT('',(3.57524162731,-2.33174717749,10.537886501159
    ));
#4081 = CARTESIAN_POINT('',(3.587206239212,-2.321503983689,10.5262728115
    ));
#4082 = CARTESIAN_POINT('',(3.599101669901,-2.310618662915,
    10.515115199206));
#4083 = CARTESIAN_POINT('',(3.610813769402,-2.299101035635,
    10.504464423162));
#4084 = CARTESIAN_POINT('',(3.622525905629,-2.287583372238,
    10.493813613719));
#4085 = CARTESIAN_POINT('',(3.634052594076,-2.275435210507,
    10.483671199239));
#4086 = CARTESIAN_POINT('',(3.645283562501,-2.262684751172,
    10.474069770358));
#4087 = CARTESIAN_POINT('',(3.656514716631,-2.249934081008,
    10.464468182717));
#4088 = CARTESIAN_POINT('',(3.667448227712,-2.236583365574,
    10.455408790737));
#4089 = CARTESIAN_POINT('',(3.677986458162,-2.222671400202,
    10.446904482868));
#4090 = CARTESIAN_POINT('',(3.688525460973,-2.208758415201,
    10.438399551706));
#4091 = CARTESIAN_POINT('',(3.698749267595,-2.194177355577,
    10.430385527514));
#4092 = CARTESIAN_POINT('',(3.708532166271,-2.178985341754,
    10.422900678166));
#4093 = CARTESIAN_POINT('',(3.718314864351,-2.163793639442,
    10.415415982294));
#4094 = CARTESIAN_POINT('',(3.727653936087,-2.147994397732,
    10.408462110524));
#4095 = CARTESIAN_POINT('',(3.736434445904,-2.13167540443,
    10.402061793156));
#4096 = CARTESIAN_POINT('',(3.745214937527,-2.11535644494,
    10.395661489049));
#4097 = CARTESIAN_POINT('',(3.753434556325,-2.098521737609,
    10.389815947947));
#4098 = CARTESIAN_POINT('',(3.761000917049,-2.081278908457,
    10.384530442424));
#4099 = CARTESIAN_POINT('',(3.768567403862,-2.064035791961,
    10.379244848819));
#4100 = CARTESIAN_POINT('',(3.775479048852,-2.046388667124,
    10.374519992321));
#4101 = CARTESIAN_POINT('',(3.781672603412,-2.028449919881,
    10.370345733329));
#4102 = CARTESIAN_POINT('',(3.787858211865,-2.010534187404,
    10.366176829761));
#4103 = CARTESIAN_POINT('',(3.793377470217,-1.992185289287,
    10.36252355252));
#4104 = CARTESIAN_POINT('',(3.79816026733,-1.973489630281,
    10.359391083373));
#4105 = CARTESIAN_POINT('',(3.802942403515,-1.954796554802,
    10.356259047097));
#4106 = CARTESIAN_POINT('',(3.806983681958,-1.935770261751,
    10.353650458733));
#4107 = CARTESIAN_POINT('',(3.810229840539,-1.916545129583,
    10.351568604815));
#4108 = CARTESIAN_POINT('',(3.81347598997,-1.897320051603,
    10.349486756765));
#4109 = CARTESIAN_POINT('',(3.815926244429,-1.877900514812,
    10.347931949791));
#4110 = CARTESIAN_POINT('',(3.817557263115,-1.858428286607,
    10.346899215409));
#4111 = CARTESIAN_POINT('',(3.819188307175,-1.838955755464,
    10.345866464961));
#4112 = CARTESIAN_POINT('',(3.820000000037,-1.819434762405,
    10.345355808281));
#4113 = CARTESIAN_POINT('',(3.820000000037,-1.8,10.345355808281));
#4114 = ORIENTED_EDGE('',*,*,#3755,.T.);
#4115 = ORIENTED_EDGE('',*,*,#4116,.F.);
#4116 = EDGE_CURVE('',#3586,#3748,#4117,.T.);
#4117 = LINE('',#4118,#4119);
#4118 = CARTESIAN_POINT('',(3.12,-0.5999976,11.614213562373));
#4119 = VECTOR('',#4120,1.);
#4120 = DIRECTION('',(0.,-1.,0.));
#4121 = ORIENTED_EDGE('',*,*,#3593,.F.);
#4122 = CYLINDRICAL_SURFACE('',#4123,1.5);
#4123 = AXIS2_PLACEMENT_3D('',#4124,#4125,#4126);
#4124 = CARTESIAN_POINT('',(4.62,-0.5999976,11.614213562373));
#4125 = DIRECTION('',(0.,-1.,0.));
#4126 = DIRECTION('',(0.,0.,-1.));
#4127 = ADVANCED_FACE('',(#4128),#4153,.F.);
#4128 = FACE_BOUND('',#4129,.T.);
#4129 = EDGE_LOOP('',(#4130,#4138,#4139,#4147));
#4130 = ORIENTED_EDGE('',*,*,#4131,.T.);
#4131 = EDGE_CURVE('',#4132,#3897,#4134,.T.);
#4132 = VERTEX_POINT('',#4133);
#4133 = CARTESIAN_POINT('',(3.12,-2.8,12.7));
#4134 = LINE('',#4135,#4136);
#4135 = CARTESIAN_POINT('',(3.12,-2.8,9.45));
#4136 = VECTOR('',#4137,1.);
#4137 = DIRECTION('',(0.,0.,-1.));
#4138 = ORIENTED_EDGE('',*,*,#4004,.F.);
#4139 = ORIENTED_EDGE('',*,*,#4140,.F.);
#4140 = EDGE_CURVE('',#4141,#4005,#4143,.T.);
#4141 = VERTEX_POINT('',#4142);
#4142 = CARTESIAN_POINT('',(3.12,-2.5,12.7));
#4143 = LINE('',#4144,#4145);
#4144 = CARTESIAN_POINT('',(3.12,-2.5,9.45));
#4145 = VECTOR('',#4146,1.);
#4146 = DIRECTION('',(0.,0.,-1.));
#4147 = ORIENTED_EDGE('',*,*,#4148,.F.);
#4148 = EDGE_CURVE('',#4132,#4141,#4149,.T.);
#4149 = LINE('',#4150,#4151);
#4150 = CARTESIAN_POINT('',(3.12,-1.8,12.7));
#4151 = VECTOR('',#4152,1.);
#4152 = DIRECTION('',(0.,1.,-0.));
#4153 = PLANE('',#4154);
#4154 = AXIS2_PLACEMENT_3D('',#4155,#4156,#4157);
#4155 = CARTESIAN_POINT('',(3.12,-0.5999976,11.614213562373));
#4156 = DIRECTION('',(-1.,0.,0.));
#4157 = DIRECTION('',(0.,0.,1.));
#4158 = ADVANCED_FACE('',(#4159),#4184,.F.);
#4159 = FACE_BOUND('',#4160,.T.);
#4160 = EDGE_LOOP('',(#4161,#4162,#4169,#4170,#4176,#4177));
#4161 = ORIENTED_EDGE('',*,*,#4148,.T.);
#4162 = ORIENTED_EDGE('',*,*,#4163,.F.);
#4163 = EDGE_CURVE('',#3729,#4141,#4164,.T.);
#4164 = CIRCLE('',#4165,0.7);
#4165 = AXIS2_PLACEMENT_3D('',#4166,#4167,#4168);
#4166 = CARTESIAN_POINT('',(3.12,-1.8,12.7));
#4167 = DIRECTION('',(0.,0.,1.));
#4168 = DIRECTION('',(1.,0.,-0.));
#4169 = ORIENTED_EDGE('',*,*,#3738,.F.);
#4170 = ORIENTED_EDGE('',*,*,#4171,.T.);
#4171 = EDGE_CURVE('',#3739,#3584,#4172,.T.);
#4172 = LINE('',#4173,#4174);
#4173 = CARTESIAN_POINT('',(3.12,-1.8,12.7));
#4174 = VECTOR('',#4175,1.);
#4175 = DIRECTION('',(0.,1.,-0.));
#4176 = ORIENTED_EDGE('',*,*,#3713,.T.);
#4177 = ORIENTED_EDGE('',*,*,#4178,.T.);
#4178 = EDGE_CURVE('',#3706,#4132,#4179,.T.);
#4179 = CIRCLE('',#4180,1.);
#4180 = AXIS2_PLACEMENT_3D('',#4181,#4182,#4183);
#4181 = CARTESIAN_POINT('',(3.12,-1.8,12.7));
#4182 = DIRECTION('',(0.,0.,1.));
#4183 = DIRECTION('',(1.,0.,-0.));
#4184 = PLANE('',#4185);
#4185 = AXIS2_PLACEMENT_3D('',#4186,#4187,#4188);
#4186 = CARTESIAN_POINT('',(3.97,-1.8,12.7));
#4187 = DIRECTION('',(-0.,0.,-1.));
#4188 = DIRECTION('',(-1.,-0.,0.));
#4189 = ADVANCED_FACE('',(#4190),#4196,.F.);
#4190 = FACE_BOUND('',#4191,.T.);
#4191 = EDGE_LOOP('',(#4192,#4193,#4194,#4195));
#4192 = ORIENTED_EDGE('',*,*,#3583,.F.);
#4193 = ORIENTED_EDGE('',*,*,#4171,.F.);
#4194 = ORIENTED_EDGE('',*,*,#3747,.T.);
#4195 = ORIENTED_EDGE('',*,*,#4116,.F.);
#4196 = PLANE('',#4197);
#4197 = AXIS2_PLACEMENT_3D('',#4198,#4199,#4200);
#4198 = CARTESIAN_POINT('',(3.12,-0.5999976,11.614213562373));
#4199 = DIRECTION('',(-1.,0.,0.));
#4200 = DIRECTION('',(0.,0.,1.));
#4201 = ADVANCED_FACE('',(#4202),#4341,.T.);
#4202 = FACE_BOUND('',#4203,.T.);
#4203 = EDGE_LOOP('',(#4204,#4214,#4319,#4325,#4326,#4334));
#4204 = ORIENTED_EDGE('',*,*,#4205,.T.);
#4205 = EDGE_CURVE('',#4206,#4208,#4210,.T.);
#4206 = VERTEX_POINT('',#4207);
#4207 = CARTESIAN_POINT('',(-3.12,-2.8,12.7));
#4208 = VERTEX_POINT('',#4209);
#4209 = CARTESIAN_POINT('',(-3.12,-2.8,11.614213562373));
#4210 = LINE('',#4211,#4212);
#4211 = CARTESIAN_POINT('',(-3.12,-2.8,9.45));
#4212 = VECTOR('',#4213,1.);
#4213 = DIRECTION('',(0.,0.,-1.));
#4214 = ORIENTED_EDGE('',*,*,#4215,.F.);
#4215 = EDGE_CURVE('',#4216,#4208,#4218,.T.);
#4216 = VERTEX_POINT('',#4217);
#4217 = CARTESIAN_POINT('',(-4.12,-1.8,10.2));
#4218 = B_SPLINE_CURVE_WITH_KNOTS('',3,(#4219,#4220,#4221,#4222,#4223,
    #4224,#4225,#4226,#4227,#4228,#4229,#4230,#4231,#4232,#4233,#4234,
    #4235,#4236,#4237,#4238,#4239,#4240,#4241,#4242,#4243,#4244,#4245,
    #4246,#4247,#4248,#4249,#4250,#4251,#4252,#4253,#4254,#4255,#4256,
    #4257,#4258,#4259,#4260,#4261,#4262,#4263,#4264,#4265,#4266,#4267,
    #4268,#4269,#4270,#4271,#4272,#4273,#4274,#4275,#4276,#4277,#4278,
    #4279,#4280,#4281,#4282,#4283,#4284,#4285,#4286,#4287,#4288,#4289,
    #4290,#4291,#4292,#4293,#4294,#4295,#4296,#4297,#4298,#4299,#4300,
    #4301,#4302,#4303,#4304,#4305,#4306,#4307,#4308,#4309,#4310,#4311,
    #4312,#4313,#4314,#4315,#4316,#4317,#4318),.UNSPECIFIED.,.F.,.F.,(4,
    3,3,3,3,3,3,3,3,3,3,3,3,3,3,3,3,3,3,3,3,3,3,3,3,3,3,3,3,3,3,3,3,4),(
    0.,7.4891524458E-02,0.149521205541,0.186672701815,0.223867731678,
    0.298571968874,0.373484136787,0.448341623888,0.52289970707,
    0.597271544447,0.67202784125,0.74694763287,0.821749006642,
    0.896173170558,0.9706197082,1.045393427806,1.120307081168,
    1.195113779305,1.269546957795,1.343900165185,1.418462169377,
    1.493126106818,1.567737806209,1.642113974434,1.716425970731,
    1.790885880451,1.865405440788,1.93988063287,2.014199477649,
    2.088507458136,2.162953182684,2.237445709259,2.311891239045,
    2.38619739165),.UNSPECIFIED.);
#4219 = CARTESIAN_POINT('',(-4.12,-1.8,10.2));
#4220 = CARTESIAN_POINT('',(-4.12,-1.824981105851,10.2));
#4221 = CARTESIAN_POINT('',(-4.11906227761,-1.849957997457,
    10.200330499512));
#4222 = CARTESIAN_POINT('',(-4.117197599037,-1.874812756098,
    10.200993924247));
#4223 = CARTESIAN_POINT('',(-4.115332906705,-1.899667698138,
    10.201657353877));
#4224 = CARTESIAN_POINT('',(-4.112541502634,-1.924398571198,
    10.202653693026));
#4225 = CARTESIAN_POINT('',(-4.108853135099,-1.948894181235,
    10.203990572027));
#4226 = CARTESIAN_POINT('',(-4.107008685589,-1.96114375113,
    10.204659107847));
#4227 = CARTESIAN_POINT('',(-4.104941658829,-1.973326835963,
    10.205412352495));
#4228 = CARTESIAN_POINT('',(-4.102653269531,-1.985452290039,
    10.20625320765));
#4229 = CARTESIAN_POINT('',(-4.100363411998,-1.997585523826,
    10.207094602298));
#4230 = CARTESIAN_POINT('',(-4.0978454442,-2.009693754493,10.20802609109
    ));
#4231 = CARTESIAN_POINT('',(-4.095100752197,-2.021762312094,
    10.209051372569));
#4232 = CARTESIAN_POINT('',(-4.08961135431,-2.045899488323,
    10.211101940711));
#4233 = CARTESIAN_POINT('',(-4.083213764342,-2.069877335869,
    10.21352747164));
#4234 = CARTESIAN_POINT('',(-4.075936116225,-2.093574763384,
    10.216360032717));
#4235 = CARTESIAN_POINT('',(-4.068658515864,-2.1172720354,
    10.219192575207));
#4236 = CARTESIAN_POINT('',(-4.060501451637,-2.140686514185,
    10.222432099647));
#4237 = CARTESIAN_POINT('',(-4.051516686924,-2.16369858672,
    10.226111720737));
#4238 = CARTESIAN_POINT('',(-4.042531902853,-2.186710708835,
    10.229791349754));
#4239 = CARTESIAN_POINT('',(-4.032720380954,-2.209317976472,
    10.23391093591));
#4240 = CARTESIAN_POINT('',(-4.022155666243,-2.231410655716,
    10.238502054609));
#4241 = CARTESIAN_POINT('',(-4.011590832309,-2.253503584275,
    10.243093225119));
#4242 = CARTESIAN_POINT('',(-4.000274120531,-2.275079529042,
    10.248155641989));
#4243 = CARTESIAN_POINT('',(-3.988295999316,-2.296046426831,
    10.253717308972));
#4244 = CARTESIAN_POINT('',(-3.976329318399,-2.316993299146,
    10.259273664008));
#4245 = CARTESIAN_POINT('',(-3.963673150964,-2.337391903778,
    10.265340740897));
#4246 = CARTESIAN_POINT('',(-3.950316208502,-2.35729255683,
    10.272005076554));
#4247 = CARTESIAN_POINT('',(-3.936967345056,-2.377181172869,
    10.278665381252));
#4248 = CARTESIAN_POINT('',(-3.922951148906,-2.396515591922,
    10.285907468439));
#4249 = CARTESIAN_POINT('',(-3.90837480006,-2.415195232939,
    10.293763042735));
#4250 = CARTESIAN_POINT('',(-3.893798547589,-2.433874750452,
    10.301618565093));
#4251 = CARTESIAN_POINT('',(-3.87866459669,-2.451896308708,
    10.310086769051));
#4252 = CARTESIAN_POINT('',(-3.863103286639,-2.469176737035,
    10.319181761487));
#4253 = CARTESIAN_POINT('',(-3.847541875945,-2.486457277125,
    10.328276812745));
#4254 = CARTESIAN_POINT('',(-3.831556076503,-2.502993756974,
    10.337997380163));
#4255 = CARTESIAN_POINT('',(-3.815288736247,-2.518730528953,
    10.348338457163));
#4256 = CARTESIAN_POINT('',(-3.799020051654,-2.534468601423,
    10.358680388752));
#4257 = CARTESIAN_POINT('',(-3.782477493452,-2.549400629533,
    10.369638047367));
#4258 = CARTESIAN_POINT('',(-3.765789253258,-2.563515710628,
    10.381199369368));
#4259 = CARTESIAN_POINT('',(-3.749086493259,-2.577643072721,
    10.392770750438));
#4260 = CARTESIAN_POINT('',(-3.732131331149,-2.591041811224,
    10.40502037251));
#4261 = CARTESIAN_POINT('',(-3.715046248043,-2.603691459885,
    10.417944902406));
#4262 = CARTESIAN_POINT('',(-3.69796145546,-2.616340893446,
    10.430869212527));
#4263 = CARTESIAN_POINT('',(-3.680749356822,-2.628239314863,
    10.444466951106));
#4264 = CARTESIAN_POINT('',(-3.663542984344,-2.639381334188,
    10.45870935329));
#4265 = CARTESIAN_POINT('',(-3.64633669936,-2.650523296856,
    10.472951683051));
#4266 = CARTESIAN_POINT('',(-3.629138811175,-2.660907421584,
    10.487836818357));
#4267 = CARTESIAN_POINT('',(-3.612081432097,-2.670549173912,
    10.50331295454));
#4268 = CARTESIAN_POINT('',(-3.595023962234,-2.680190977557,
    10.518789173092));
#4269 = CARTESIAN_POINT('',(-3.578109382787,-2.689089510507,
    10.534854380798));
#4270 = CARTESIAN_POINT('',(-3.561458477329,-2.69728167974,
    10.551438965019));
#4271 = CARTESIAN_POINT('',(-3.54480640952,-2.705474420844,
    10.56802470696));
#4272 = CARTESIAN_POINT('',(-3.528423754197,-2.712958654653,
    10.585123743674));
#4273 = CARTESIAN_POINT('',(-3.512400626836,-2.71979440532,
    10.602668393552));
#4274 = CARTESIAN_POINT('',(-3.496365274686,-2.7266353713,
    10.620226429057));
#4275 = CARTESIAN_POINT('',(-3.480599523715,-2.732865493238,
    10.638329041402));
#4276 = CARTESIAN_POINT('',(-3.465176489641,-2.738537794124,
    10.656934783791));
#4277 = CARTESIAN_POINT('',(-3.449753546981,-2.74421006139,
    10.675540415903));
#4278 = CARTESIAN_POINT('',(-3.434674101711,-2.749324314224,
    10.694648349823));
#4279 = CARTESIAN_POINT('',(-3.420005662374,-2.753937420665,
    10.714206012591));
#4280 = CARTESIAN_POINT('',(-3.405337251673,-2.758550518099,
    10.733763637176));
#4281 = CARTESIAN_POINT('',(-3.391080501374,-2.7626623995,
    10.753770157756));
#4282 = CARTESIAN_POINT('',(-3.37729428948,-2.766333094021,
    10.774164446522));
#4283 = CARTESIAN_POINT('',(-3.363508056156,-2.770003794249,
    10.794558766991));
#4284 = CARTESIAN_POINT('',(-3.350192874771,-2.773233321558,
    10.81534006201));
#4285 = CARTESIAN_POINT('',(-3.337396955876,-2.776083276968,
    10.836441467732));
#4286 = CARTESIAN_POINT('',(-3.324600896106,-2.778933263753,
    10.857543105764));
#4287 = CARTESIAN_POINT('',(-3.31232479749,-2.781403677564,
    10.878963546531));
#4288 = CARTESIAN_POINT('',(-3.300604126337,-2.783555870071,
    10.900634885165));
#4289 = CARTESIAN_POINT('',(-3.288880409579,-2.785708621823,
    10.922311855076));
#4290 = CARTESIAN_POINT('',(-3.277661326966,-2.78755231668,
    10.944333429216));
#4291 = CARTESIAN_POINT('',(-3.266977141675,-2.789139888906,
    10.96665727536));
#4292 = CARTESIAN_POINT('',(-3.256292974446,-2.790727458448,
    10.988981083766));
#4293 = CARTESIAN_POINT('',(-3.246143851686,-2.792058937867,
    11.011606879462));
#4294 = CARTESIAN_POINT('',(-3.236555249876,-2.793184209362,
    11.034488952445));
#4295 = CARTESIAN_POINT('',(-3.226966654084,-2.794309480151,
    11.05737101107));
#4296 = CARTESIAN_POINT('',(-3.217938708246,-2.795228586425,
    11.080509043326));
#4297 = CARTESIAN_POINT('',(-3.209491593771,-2.795987577555,
    11.103854829758));
#4298 = CARTESIAN_POINT('',(-3.201044474116,-2.796746569151,
    11.127200630505));
#4299 = CARTESIAN_POINT('',(-3.193178295123,-2.797345492306,
    11.150753859154));
#4300 = CARTESIAN_POINT('',(-3.185907581907,-2.797825731602,
    11.174464842798));
#4301 = CARTESIAN_POINT('',(-3.178636845797,-2.79830597241,
    11.198175901104));
#4302 = CARTESIAN_POINT('',(-3.171961688635,-2.798667571017,
    11.222044260035));
#4303 = CARTESIAN_POINT('',(-3.165890716374,-2.798946466109,
    11.246020418388));
#4304 = CARTESIAN_POINT('',(-3.159819158018,-2.799225388125,
    11.269998891417));
#4305 = CARTESIAN_POINT('',(-3.15433172077,-2.799422460863,
    11.294164537866));
#4306 = CARTESIAN_POINT('',(-3.149442795438,-2.799566466923,
    11.318474643541));
#4307 = CARTESIAN_POINT('',(-3.144553877819,-2.799710472756,
    11.342784710867));
#4308 = CARTESIAN_POINT('',(-3.14026354231,-2.799801453447,
    11.367238958092));
#4309 = CARTESIAN_POINT('',(-3.136582002753,-2.79986250914,
    11.391792687808));
#4310 = CARTESIAN_POINT('',(-3.132900465206,-2.799923564801,
    11.416346404111));
#4311 = CARTESIAN_POINT('',(-3.129827774886,-2.799954727762,
    11.440999295674));
#4312 = CARTESIAN_POINT('',(-3.127369644562,-2.799972843801,
    11.465705575972));
#4313 = CARTESIAN_POINT('',(-3.124911512758,-2.79999095985,
    11.490411871148));
#4314 = CARTESIAN_POINT('',(-3.123067968683,-2.79999604762,
    11.515171226462));
#4315 = CARTESIAN_POINT('',(-3.121840091764,-2.79999830703,
    11.539937796773));
#4316 = CARTESIAN_POINT('',(-3.120612212469,-2.800000566444,
    11.564704415036));
#4317 = CARTESIAN_POINT('',(-3.12,-2.8,11.589477908678));
#4318 = CARTESIAN_POINT('',(-3.12,-2.8,11.614213562373));
#4319 = ORIENTED_EDGE('',*,*,#4320,.T.);
#4320 = EDGE_CURVE('',#4216,#820,#4321,.T.);
#4321 = LINE('',#4322,#4323);
#4322 = CARTESIAN_POINT('',(-4.12,-1.8,9.45));
#4323 = VECTOR('',#4324,1.);
#4324 = DIRECTION('',(0.,0.,-1.));
#4325 = ORIENTED_EDGE('',*,*,#817,.F.);
#4326 = ORIENTED_EDGE('',*,*,#4327,.F.);
#4327 = EDGE_CURVE('',#4328,#818,#4330,.T.);
#4328 = VERTEX_POINT('',#4329);
#4329 = CARTESIAN_POINT('',(-2.12,-1.8,12.7));
#4330 = LINE('',#4331,#4332);
#4331 = CARTESIAN_POINT('',(-2.12,-1.8,9.45));
#4332 = VECTOR('',#4333,1.);
#4333 = DIRECTION('',(0.,0.,-1.));
#4334 = ORIENTED_EDGE('',*,*,#4335,.F.);
#4335 = EDGE_CURVE('',#4206,#4328,#4336,.T.);
#4336 = CIRCLE('',#4337,1.);
#4337 = AXIS2_PLACEMENT_3D('',#4338,#4339,#4340);
#4338 = CARTESIAN_POINT('',(-3.12,-1.8,12.7));
#4339 = DIRECTION('',(0.,0.,1.));
#4340 = DIRECTION('',(-1.,0.,0.));
#4341 = CYLINDRICAL_SURFACE('',#4342,1.);
#4342 = AXIS2_PLACEMENT_3D('',#4343,#4344,#4345);
#4343 = CARTESIAN_POINT('',(-3.12,-1.8,9.45));
#4344 = DIRECTION('',(0.,0.,-1.));
#4345 = DIRECTION('',(1.,0.,0.));
#4346 = ADVANCED_FACE('',(#4347),#4493,.F.);
#4347 = FACE_BOUND('',#4348,.F.);
#4348 = EDGE_LOOP('',(#4349,#4359,#4368,#4376,#4478,#4486));
#4349 = ORIENTED_EDGE('',*,*,#4350,.F.);
#4350 = EDGE_CURVE('',#4351,#4353,#4355,.T.);
#4351 = VERTEX_POINT('',#4352);
#4352 = CARTESIAN_POINT('',(-2.42,-1.8,12.7));
#4353 = VERTEX_POINT('',#4354);
#4354 = CARTESIAN_POINT('',(-2.42,-1.8,9.2));
#4355 = LINE('',#4356,#4357);
#4356 = CARTESIAN_POINT('',(-2.42,-1.8,9.45));
#4357 = VECTOR('',#4358,1.);
#4358 = DIRECTION('',(0.,0.,-1.));
#4359 = ORIENTED_EDGE('',*,*,#4360,.F.);
#4360 = EDGE_CURVE('',#4361,#4351,#4363,.T.);
#4361 = VERTEX_POINT('',#4362);
#4362 = CARTESIAN_POINT('',(-3.12,-2.5,12.7));
#4363 = CIRCLE('',#4364,0.7);
#4364 = AXIS2_PLACEMENT_3D('',#4365,#4366,#4367);
#4365 = CARTESIAN_POINT('',(-3.12,-1.8,12.7));
#4366 = DIRECTION('',(0.,0.,1.));
#4367 = DIRECTION('',(-1.,0.,0.));
#4368 = ORIENTED_EDGE('',*,*,#4369,.T.);
#4369 = EDGE_CURVE('',#4361,#4370,#4372,.T.);
#4370 = VERTEX_POINT('',#4371);
#4371 = CARTESIAN_POINT('',(-3.12,-2.5,11.614213562373));
#4372 = LINE('',#4373,#4374);
#4373 = CARTESIAN_POINT('',(-3.12,-2.5,9.45));
#4374 = VECTOR('',#4375,1.);
#4375 = DIRECTION('',(0.,0.,-1.));
#4376 = ORIENTED_EDGE('',*,*,#4377,.F.);
#4377 = EDGE_CURVE('',#4378,#4370,#4380,.T.);
#4378 = VERTEX_POINT('',#4379);
#4379 = CARTESIAN_POINT('',(-3.82,-1.8,10.345355808281));
#4380 = B_SPLINE_CURVE_WITH_KNOTS('',3,(#4381,#4382,#4383,#4384,#4385,
    #4386,#4387,#4388,#4389,#4390,#4391,#4392,#4393,#4394,#4395,#4396,
    #4397,#4398,#4399,#4400,#4401,#4402,#4403,#4404,#4405,#4406,#4407,
    #4408,#4409,#4410,#4411,#4412,#4413,#4414,#4415,#4416,#4417,#4418,
    #4419,#4420,#4421,#4422,#4423,#4424,#4425,#4426,#4427,#4428,#4429,
    #4430,#4431,#4432,#4433,#4434,#4435,#4436,#4437,#4438,#4439,#4440,
    #4441,#4442,#4443,#4444,#4445,#4446,#4447,#4448,#4449,#4450,#4451,
    #4452,#4453,#4454,#4455,#4456,#4457,#4458,#4459,#4460,#4461,#4462,
    #4463,#4464,#4465,#4466,#4467,#4468,#4469,#4470,#4471,#4472,#4473,
    #4474,#4475,#4476,#4477),.UNSPECIFIED.,.F.,.F.,(4,3,3,3,3,3,3,3,3,3,
    3,3,3,3,3,3,3,3,3,3,3,3,3,3,3,3,3,3,3,3,3,3,4),(0.,
    5.841212887687E-02,0.117141024582,0.175907787006,0.234415764113,
    0.292809144615,0.351511628048,0.410283090463,0.468838490564,
    0.527169278542,0.585767105546,0.644532833987,0.703263639879,
    0.761713835428,0.82002621253,0.878527435777,0.9371835845,
    0.995908941636,1.054578917842,1.113041903958,1.171312209065,
    1.229685094955,1.288141462054,1.346635874997,1.4051115176,
    1.463503792538,1.521769923462,1.580097797144,1.638506630166,
    1.696952766311,1.75539087777,1.813775283551,1.87206140745),
  .UNSPECIFIED.);
#4381 = CARTESIAN_POINT('',(-3.820000000037,-1.8,10.345355808281));
#4382 = CARTESIAN_POINT('',(-3.820000000037,-1.819400561552,
    10.345355808281));
#4383 = CARTESIAN_POINT('',(-3.819192218015,-1.838871816525,
    10.345864005395));
#4384 = CARTESIAN_POINT('',(-3.817566537303,-1.85831745909,
    10.346893343192));
#4385 = CARTESIAN_POINT('',(-3.815941114643,-1.877760014959,
    10.347922517598));
#4386 = CARTESIAN_POINT('',(-3.81349809962,-1.897160833983,
    10.349472679097));
#4387 = CARTESIAN_POINT('',(-3.810257850227,-1.916379122697,
    10.351550641843));
#4388 = CARTESIAN_POINT('',(-3.807017604574,-1.935597389228,
    10.35362860219));
#4389 = CARTESIAN_POINT('',(-3.802980838264,-1.954628746888,
    10.356234087371));
#4390 = CARTESIAN_POINT('',(-3.798199212709,-1.97333732397,
    10.359365577154));
#4391 = CARTESIAN_POINT('',(-3.793417504683,-1.992046223728,
    10.362497120948));
#4392 = CARTESIAN_POINT('',(-3.787892279062,-2.010428113691,
    10.366154080024));
#4393 = CARTESIAN_POINT('',(-3.781701616099,-2.028365871468,
    10.370326180192));
#4394 = CARTESIAN_POINT('',(-3.775519336636,-2.046279337634,
    10.374492630432));
#4395 = CARTESIAN_POINT('',(-3.768628492987,-2.063883861963,
    10.379202872908));
#4396 = CARTESIAN_POINT('',(-3.761076935852,-2.081105607056,
    10.384477342741));
#4397 = CARTESIAN_POINT('',(-3.753526669355,-2.098324408779,
    10.389750911114));
#4398 = CARTESIAN_POINT('',(-3.745321486527,-2.115144642722,
    10.395585117521));
#4399 = CARTESIAN_POINT('',(-3.736550517924,-2.131459588559,
    10.401977194076));
#4400 = CARTESIAN_POINT('',(-3.727779568872,-2.147774498032,
    10.408369256384));
#4401 = CARTESIAN_POINT('',(-3.718445064204,-2.163580123822,
    10.415318039902));
#4402 = CARTESIAN_POINT('',(-3.708659816734,-2.178787038009,
    10.422803024244));
#4403 = CARTESIAN_POINT('',(-3.698874414694,-2.193994192407,
    10.43028812682));
#4404 = CARTESIAN_POINT('',(-3.688640959799,-2.208599152938,
    10.438307823415));
#4405 = CARTESIAN_POINT('',(-3.67808503855,-2.222541228458,
    10.446824935824));
#4406 = CARTESIAN_POINT('',(-3.667538904131,-2.236470377704,
    10.455334151666));
#4407 = CARTESIAN_POINT('',(-3.656647578064,-2.249775120098,
    10.464357089934));
#4408 = CARTESIAN_POINT('',(-3.645428925353,-2.262519669207,
    10.473945514736));
#4409 = CARTESIAN_POINT('',(-3.634216677383,-2.275256942438,
    10.483528465496));
#4410 = CARTESIAN_POINT('',(-3.622704780012,-2.287398874683,
    10.493654535269));
#4411 = CARTESIAN_POINT('',(-3.610998465895,-2.298919338668,
    10.504296491513));
#4412 = CARTESIAN_POINT('',(-3.599292243073,-2.310439712808,
    10.514938364763));
#4413 = CARTESIAN_POINT('',(-3.587393584112,-2.321336835518,
    10.526094700688));
#4414 = CARTESIAN_POINT('',(-3.575413406794,-2.331600064828,
    10.537719786585));
#4415 = CARTESIAN_POINT('',(-3.563433187968,-2.341863329696,
    10.549344912758));
#4416 = CARTESIAN_POINT('',(-3.55137337083,-2.35149143059,10.56143718784
    ));
#4417 = CARTESIAN_POINT('',(-3.539341925431,-2.360492952301,
    10.573935654373));
#4418 = CARTESIAN_POINT('',(-3.527310311066,-2.369494600428,
    10.586434296432));
#4419 = CARTESIAN_POINT('',(-3.515308697632,-2.377868914211,
    10.599337535352));
#4420 = CARTESIAN_POINT('',(-3.503434146806,-2.385643453882,
    10.612574557786));
#4421 = CARTESIAN_POINT('',(-3.491559867198,-2.393417815979,
    10.625811277883));
#4422 = CARTESIAN_POINT('',(-3.479740284552,-2.400640457253,
    10.63946136992));
#4423 = CARTESIAN_POINT('',(-3.468034167319,-2.407348514759,
    10.653497829007));
#4424 = CARTESIAN_POINT('',(-3.456328117903,-2.414056533405,
    10.667534206777));
#4425 = CARTESIAN_POINT('',(-3.444735949353,-2.420249720704,
    10.681956548624));
#4426 = CARTESIAN_POINT('',(-3.433313727267,-2.4259668588,
    10.696730216411));
#4427 = CARTESIAN_POINT('',(-3.421891539209,-2.431683979864,
    10.711503840186));
#4428 = CARTESIAN_POINT('',(-3.410639702474,-2.436924894539,
    10.726628329669));
#4429 = CARTESIAN_POINT('',(-3.399609689641,-2.441730801405,
    10.742062491518));
#4430 = CARTESIAN_POINT('',(-3.388579681397,-2.446536706272,
    10.757496646946));
#4431 = CARTESIAN_POINT('',(-3.377771847194,-2.45090752596,
    10.773240010984));
#4432 = CARTESIAN_POINT('',(-3.367231506952,-2.454886693999,
    10.78924622797));
#4433 = CARTESIAN_POINT('',(-3.356691146074,-2.458865869829,
    10.805252476294));
#4434 = CARTESIAN_POINT('',(-3.346418560246,-2.462453375286,
    10.821521137513));
#4435 = CARTESIAN_POINT('',(-3.336451785289,-2.465694092393,
    10.838002263491));
#4436 = CARTESIAN_POINT('',(-3.326484966689,-2.46893482369,
    10.854483461636));
#4437 = CARTESIAN_POINT('',(-3.316824173458,-2.471828785004,
    10.871176714739));
#4438 = CARTESIAN_POINT('',(-3.307499423622,-2.474421208253,
    10.888030226701));
#4439 = CARTESIAN_POINT('',(-3.298181033655,-2.477011863361,
    10.904872243864));
#4440 = CARTESIAN_POINT('',(-3.289175890908,-2.479308059925,
    10.921912262727));
#4441 = CARTESIAN_POINT('',(-3.280474050322,-2.481357526687,
    10.939180059398));
#4442 = CARTESIAN_POINT('',(-3.271774411122,-2.483406474976,
    10.956443487671));
#4443 = CARTESIAN_POINT('',(-3.263388092417,-2.485206014505,
    10.973916102402));
#4444 = CARTESIAN_POINT('',(-3.255331595641,-2.486793534639,
    10.991573902423));
#4445 = CARTESIAN_POINT('',(-3.247275102531,-2.48838105405,
    11.009231694407));
#4446 = CARTESIAN_POINT('',(-3.239548460137,-2.4897565565,
    11.027074607164));
#4447 = CARTESIAN_POINT('',(-3.232165695669,-2.490955032339,
    11.045077424246));
#4448 = CARTESIAN_POINT('',(-3.224782932904,-2.492153507902,
    11.063080237175));
#4449 = CARTESIAN_POINT('',(-3.21774407961,-2.49317496528,
    11.081242874817));
#4450 = CARTESIAN_POINT('',(-3.2110606171,-2.494051845335,
    11.099539087279));
#4451 = CARTESIAN_POINT('',(-3.204377153298,-2.49492872556,
    11.117835303277));
#4452 = CARTESIAN_POINT('',(-3.198049111937,-2.495661040948,
    11.136264999469));
#4453 = CARTESIAN_POINT('',(-3.192085342014,-2.496278466899,
    11.154801188238));
#4454 = CARTESIAN_POINT('',(-3.186121567024,-2.496895893374,
    11.173337392755));
#4455 = CARTESIAN_POINT('',(-3.180522092748,-2.497398444753,
    11.191979979511));
#4456 = CARTESIAN_POINT('',(-3.17529306029,-2.497812781112,
    11.210701656287));
#4457 = CARTESIAN_POINT('',(-3.170062199259,-2.498227262363,
    11.229429879959));
#4458 = CARTESIAN_POINT('',(-3.16520934144,-2.498553065381,
    11.248206211063));
#4459 = CARTESIAN_POINT('',(-3.160714774326,-2.498814930544,
    11.267101721422));
#4460 = CARTESIAN_POINT('',(-3.156220198491,-2.499076796215,
    11.285997268439));
#4461 = CARTESIAN_POINT('',(-3.152087853266,-2.499274306998,
    11.305000789093));
#4462 = CARTESIAN_POINT('',(-3.148324407038,-2.499426713792,
    11.324091262161));
#4463 = CARTESIAN_POINT('',(-3.144560963153,-2.499579120491,
    11.343181723348));
#4464 = CARTESIAN_POINT('',(-3.141166435417,-2.499686438337,
    11.362359065777));
#4465 = CARTESIAN_POINT('',(-3.138145864916,-2.499764765894,
    11.381601605811));
#4466 = CARTESIAN_POINT('',(-3.135125295398,-2.499843093425,
    11.400844139587));
#4467 = CARTESIAN_POINT('',(-3.132478697766,-2.499892443798,
    11.420151789004));
#4468 = CARTESIAN_POINT('',(-3.130209405451,-2.499925544641,
    11.439502416779));
#4469 = CARTESIAN_POINT('',(-3.127940113016,-2.499958645485,
    11.458853045583));
#4470 = CARTESIAN_POINT('',(-3.126048136554,-2.499975506407,
    11.478246560783));
#4471 = CARTESIAN_POINT('',(-3.124535050303,-2.499985309359,
    11.497660637792));
#4472 = CARTESIAN_POINT('',(-3.123021963246,-2.499995112316,
    11.517074725147));
#4473 = CARTESIAN_POINT('',(-3.12188777147,-2.499997862201,
    11.536509274128));
#4474 = CARTESIAN_POINT('',(-3.121132281599,-2.499999084241,
    11.555942105075));
#4475 = CARTESIAN_POINT('',(-3.120376790871,-2.500000306283,
    11.575374958069));
#4476 = CARTESIAN_POINT('',(-3.12,-2.5,11.594805987469));
#4477 = CARTESIAN_POINT('',(-3.12,-2.5,11.614213562373));
#4478 = ORIENTED_EDGE('',*,*,#4479,.T.);
#4479 = EDGE_CURVE('',#4378,#4480,#4482,.T.);
#4480 = VERTEX_POINT('',#4481);
#4481 = CARTESIAN_POINT('',(-3.82,-1.8,9.2));
#4482 = LINE('',#4483,#4484);
#4483 = CARTESIAN_POINT('',(-3.82,-1.8,9.45));
#4484 = VECTOR('',#4485,1.);
#4485 = DIRECTION('',(0.,0.,-1.));
#4486 = ORIENTED_EDGE('',*,*,#4487,.F.);
#4487 = EDGE_CURVE('',#4353,#4480,#4488,.T.);
#4488 = CIRCLE('',#4489,0.7);
#4489 = AXIS2_PLACEMENT_3D('',#4490,#4491,#4492);
#4490 = CARTESIAN_POINT('',(-3.12,-1.8,9.2));
#4491 = DIRECTION('',(0.,0.,-1.));
#4492 = DIRECTION('',(1.,0.,0.));
#4493 = CYLINDRICAL_SURFACE('',#4494,0.7);
#4494 = AXIS2_PLACEMENT_3D('',#4495,#4496,#4497);
#4495 = CARTESIAN_POINT('',(-3.12,-1.8,9.45));
#4496 = DIRECTION('',(0.,0.,-1.));
#4497 = DIRECTION('',(1.,0.,0.));
#4498 = ADVANCED_FACE('',(#4499),#4509,.F.);
#4499 = FACE_BOUND('',#4500,.T.);
#4500 = EDGE_LOOP('',(#4501,#4502));
#4501 = ORIENTED_EDGE('',*,*,#4487,.F.);
#4502 = ORIENTED_EDGE('',*,*,#4503,.F.);
#4503 = EDGE_CURVE('',#4480,#4353,#4504,.T.);
#4504 = CIRCLE('',#4505,0.7);
#4505 = AXIS2_PLACEMENT_3D('',#4506,#4507,#4508);
#4506 = CARTESIAN_POINT('',(-3.12,-1.8,9.2));
#4507 = DIRECTION('',(0.,0.,-1.));
#4508 = DIRECTION('',(1.,0.,0.));
#4509 = PLANE('',#4510);
#4510 = AXIS2_PLACEMENT_3D('',#4511,#4512,#4513);
#4511 = CARTESIAN_POINT('',(-3.97,-1.8,9.2));
#4512 = DIRECTION('',(-0.,-0.,-1.));
#4513 = DIRECTION('',(0.,-1.,0.));
#4514 = ADVANCED_FACE('',(#4515),#4744,.F.);
#4515 = FACE_BOUND('',#4516,.F.);
#4516 = EDGE_LOOP('',(#4517,#4625,#4633,#4736,#4737,#4743));
#4517 = ORIENTED_EDGE('',*,*,#4518,.F.);
#4518 = EDGE_CURVE('',#4519,#4216,#4521,.T.);
#4519 = VERTEX_POINT('',#4520);
#4520 = CARTESIAN_POINT('',(-3.12,-0.8,11.614213562373));
#4521 = B_SPLINE_CURVE_WITH_KNOTS('',3,(#4522,#4523,#4524,#4525,#4526,
    #4527,#4528,#4529,#4530,#4531,#4532,#4533,#4534,#4535,#4536,#4537,
    #4538,#4539,#4540,#4541,#4542,#4543,#4544,#4545,#4546,#4547,#4548,
    #4549,#4550,#4551,#4552,#4553,#4554,#4555,#4556,#4557,#4558,#4559,
    #4560,#4561,#4562,#4563,#4564,#4565,#4566,#4567,#4568,#4569,#4570,
    #4571,#4572,#4573,#4574,#4575,#4576,#4577,#4578,#4579,#4580,#4581,
    #4582,#4583,#4584,#4585,#4586,#4587,#4588,#4589,#4590,#4591,#4592,
    #4593,#4594,#4595,#4596,#4597,#4598,#4599,#4600,#4601,#4602,#4603,
    #4604,#4605,#4606,#4607,#4608,#4609,#4610,#4611,#4612,#4613,#4614,
    #4615,#4616,#4617,#4618,#4619,#4620,#4621,#4622,#4623,#4624),
  .UNSPECIFIED.,.F.,.F.,(4,3,3,3,3,3,3,3,3,3,3,3,3,3,3,3,3,3,3,3,3,3,3,3
    ,3,3,3,3,3,3,3,3,3,3,4),(0.,7.434104627602E-02,0.148802286872,
    0.223290837984,0.297713204721,0.371988729081,0.44634703896,
    0.520837971049,0.595351899195,0.669788062139,0.74407008298,
    0.818514695075,0.893174990653,0.967869776703,1.042448394886,
    1.116808356346,1.191222784703,1.265991969082,1.340853181359,
    1.415564641227,1.489948657705,1.564435758919,1.639269696491,
    1.714181454705,1.788890186956,1.826088456284,1.863234287038,
    1.937845557464,2.0127230762,2.087616930498,2.162263773275,
    2.199419359625,2.236605543449,2.311288707033,2.386197397529),
  .UNSPECIFIED.);
#4522 = CARTESIAN_POINT('',(-3.12,-0.8,11.614213562373));
#4523 = CARTESIAN_POINT('',(-3.12,-0.8,11.589463211712));
#4524 = CARTESIAN_POINT('',(-3.120612944292,-0.79999943278,
    11.564678008909));
#4525 = CARTESIAN_POINT('',(-3.121841820006,-0.800001696152,
    11.539902945928));
#4526 = CARTESIAN_POINT('',(-3.123070693711,-0.80000395952,
    11.51512792343));
#4527 = CARTESIAN_POINT('',(-3.124915496463,-0.800009057198,
    11.490363379219));
#4528 = CARTESIAN_POINT('',(-3.127374655523,-0.800027193142,
    11.465655220214));
#4529 = CARTESIAN_POINT('',(-3.129833813726,-0.80004532908,
    11.440947069826));
#4530 = CARTESIAN_POINT('',(-3.132907298417,-0.800076523079,
    11.416295631375));
#4531 = CARTESIAN_POINT('',(-3.136588917626,-0.800137605562,
    11.391746574506));
#4532 = CARTESIAN_POINT('',(-3.140270539696,-0.800198688092,
    11.367197498566));
#4533 = CARTESIAN_POINT('',(-3.144560243303,-0.800289692301,
    11.342751109186));
#4534 = CARTESIAN_POINT('',(-3.149447383672,-0.800433668237,
    11.318451829534));
#4535 = CARTESIAN_POINT('',(-3.154335315147,-0.800577667478,
    11.29414861644));
#4536 = CARTESIAN_POINT('',(-3.159816630474,-0.800774509496,
    11.270009490642));
#4537 = CARTESIAN_POINT('',(-3.165888461996,-0.80105343033,
    11.246029321748));
#4538 = CARTESIAN_POINT('',(-3.171963509548,-0.801332498898,
    11.222036451428));
#4539 = CARTESIAN_POINT('',(-3.178642583131,-0.801694341603,
    11.198155483727));
#4540 = CARTESIAN_POINT('',(-3.185916457648,-0.802174854691,
    11.174435898597));
#4541 = CARTESIAN_POINT('',(-3.193190319099,-0.802655366915,
    11.150716356075));
#4542 = CARTESIAN_POINT('',(-3.201058894847,-0.803254592875,
    11.12715853936));
#4543 = CARTESIAN_POINT('',(-3.20950724499,-0.804013828864,
    11.103811575637));
#4544 = CARTESIAN_POINT('',(-3.217955592252,-0.804773064594,
    11.080464619876));
#4545 = CARTESIAN_POINT('',(-3.226983605362,-0.805692356692,
    11.057328833925));
#4546 = CARTESIAN_POINT('',(-3.23657084362,-0.806817620768,
    11.034451741211));
#4547 = CARTESIAN_POINT('',(-3.246158089827,-0.807942885776,
    11.011574629528));
#4548 = CARTESIAN_POINT('',(-3.256304434301,-0.80927416529,
    10.988956504992));
#4549 = CARTESIAN_POINT('',(-3.266984311106,-0.810861176432,
    10.966642295556));
#4550 = CARTESIAN_POINT('',(-3.277665686086,-0.812448410202,
    10.944324955878));
#4551 = CARTESIAN_POINT('',(-3.288873580395,-0.814290202065,
    10.92232494105));
#4552 = CARTESIAN_POINT('',(-3.300597807101,-0.816442969589,
    10.900646569461));
#4553 = CARTESIAN_POINT('',(-3.312330501444,-0.818597291916,
    10.878952541012));
#4554 = CARTESIAN_POINT('',(-3.324618600446,-0.82107028892,
    10.857512173543));
#4555 = CARTESIAN_POINT('',(-3.337425343185,-0.823923045994,
    10.83639465691));
#4556 = CARTESIAN_POINT('',(-3.350232027161,-0.826775789978,
    10.815277237173));
#4557 = CARTESIAN_POINT('',(-3.363556970996,-0.830008353341,
    10.794483404993));
#4558 = CARTESIAN_POINT('',(-3.377351735723,-0.833682203351,
    10.774079471118));
#4559 = CARTESIAN_POINT('',(-3.391146483168,-0.837356048758,
    10.753675562804));
#4560 = CARTESIAN_POINT('',(-3.405410539475,-0.841471192739,
    10.73366233851));
#4561 = CARTESIAN_POINT('',(-3.420084999789,-0.846087533941,
    10.714100240469));
#4562 = CARTESIAN_POINT('',(-3.434759492344,-0.850703885286,
    10.69453809945));
#4563 = CARTESIAN_POINT('',(-3.44984373901,-0.8558213621,10.675427907342
    ));
#4564 = CARTESIAN_POINT('',(-3.465270415334,-0.861496755309,
    10.656821486838));
#4565 = CARTESIAN_POINT('',(-3.48069718616,-0.867172183285,
    10.638214952353));
#4566 = CARTESIAN_POINT('',(-3.496465615117,-0.873405332944,
    10.620113004305));
#4567 = CARTESIAN_POINT('',(-3.512502976718,-0.880249265688,
    10.602556336124));
#4568 = CARTESIAN_POINT('',(-3.528526790837,-0.887087417054,
    10.585014498852));
#4569 = CARTESIAN_POINT('',(-3.5449047666,-0.894571830588,
    10.567923844772));
#4570 = CARTESIAN_POINT('',(-3.561551590599,-0.902764137564,
    10.551346230747));
#4571 = CARTESIAN_POINT('',(-3.578196850558,-0.910955674838,
    10.53477017426));
#4572 = CARTESIAN_POINT('',(-3.595103454424,-0.919852164747,
    10.518715111016));
#4573 = CARTESIAN_POINT('',(-3.612150881357,-0.92949008622,
    10.503249947282));
#4574 = CARTESIAN_POINT('',(-3.629198229382,-0.93912796308,
    10.487784855133));
#4575 = CARTESIAN_POINT('',(-3.646384032265,-0.949506368272,
    10.472911653909));
#4576 = CARTESIAN_POINT('',(-3.663576911523,-0.960640636397,
    10.458681271248));
#4577 = CARTESIAN_POINT('',(-3.680769890323,-0.971774968986,
    10.444450806196));
#4578 = CARTESIAN_POINT('',(-3.697967302356,-0.983663730134,
    10.430864990462));
#4579 = CARTESIAN_POINT('',(-3.715037291482,-0.996301908832,
    10.417951677921));
#4580 = CARTESIAN_POINT('',(-3.73210800226,-1.008940621822,
    10.405037819457));
#4581 = CARTESIAN_POINT('',(-3.74904691199,-1.022325364314,
    10.392799194986));
#4582 = CARTESIAN_POINT('',(-3.765738253703,-1.036441156357,
    10.381234702533));
#4583 = CARTESIAN_POINT('',(-3.782439811188,-1.050565587833,
    10.369663132145));
#4584 = CARTESIAN_POINT('',(-3.79900151232,-1.065513825908,
    10.358692323206));
#4585 = CARTESIAN_POINT('',(-3.815280482136,-1.08126148624,
    10.348343704303));
#4586 = CARTESIAN_POINT('',(-3.831559149175,-1.097008853677,
    10.337995277877));
#4587 = CARTESIAN_POINT('',(-3.84755190923,-1.113553219461,
    10.328270748417));
#4588 = CARTESIAN_POINT('',(-3.863115711846,-1.13083706109,
    10.319174499507));
#4589 = CARTESIAN_POINT('',(-3.87867944318,-1.148120823559,
    10.310078292258));
#4590 = CARTESIAN_POINT('',(-3.893811253161,-1.166141096864,
    10.301611618771));
#4591 = CARTESIAN_POINT('',(-3.908381751364,-1.184813675284,
    10.29375929652));
#4592 = CARTESIAN_POINT('',(-3.922952374518,-1.203486413834,
    10.285906906931));
#4593 = CARTESIAN_POINT('',(-3.936959266707,-1.222808267563,
    10.278669649688));
#4594 = CARTESIAN_POINT('',(-3.950297061231,-1.242678916503,
    10.272014630096));
#4595 = CARTESIAN_POINT('',(-3.956965921915,-1.252614186478,
    10.268687138552));
#4596 = CARTESIAN_POINT('',(-3.963467756205,-1.262686224212,
    10.265505045362));
#4597 = CARTESIAN_POINT('',(-3.969792061709,-1.272881937459,
    10.262462979986));
#4598 = CARTESIAN_POINT('',(-3.976112751607,-1.283071821817,
    10.25942265376));
#4599 = CARTESIAN_POINT('',(-3.982268999517,-1.293405223616,
    10.256515922979));
#4600 = CARTESIAN_POINT('',(-3.988265349175,-1.303899926001,
    10.253731540828));
#4601 = CARTESIAN_POINT('',(-4.000255461228,-1.324884802589,
    10.248163977912));
#4602 = CARTESIAN_POINT('',(-4.01158094467,-1.346476309326,
    10.243097561579));
#4603 = CARTESIAN_POINT('',(-4.022151334306,-1.368580285557,
    10.238503937151));
#4604 = CARTESIAN_POINT('',(-4.032721617911,-1.390684040065,
    10.233910358802));
#4605 = CARTESIAN_POINT('',(-4.042535492444,-1.413297825627,
    10.229789852991));
#4606 = CARTESIAN_POINT('',(-4.051520217799,-1.436310456802,
    10.226110274707));
#4607 = CARTESIAN_POINT('',(-4.060504935097,-1.459323067339,
    10.222430699723));
#4608 = CARTESIAN_POINT('',(-4.068659552142,-1.482732051628,
    10.219192186728));
#4609 = CARTESIAN_POINT('',(-4.075933637478,-1.506417165457,
    10.216360997482));
#4610 = CARTESIAN_POINT('',(-4.083207780863,-1.530102468301,
    10.213529785642));
#4611 = CARTESIAN_POINT('',(-4.08960081954,-1.554061521892,
    10.211105940858));
#4612 = CARTESIAN_POINT('',(-4.095086187503,-1.57817365589,
    10.209056813306));
#4613 = CARTESIAN_POINT('',(-4.09782913154,-1.590230866021,
    10.208032152382));
#4614 = CARTESIAN_POINT('',(-4.100344478682,-1.60232117571,
    10.207101595365));
#4615 = CARTESIAN_POINT('',(-4.102633774511,-1.61444444177,
    10.206260371133));
#4616 = CARTESIAN_POINT('',(-4.104924503304,-1.62657529628,
    10.205418620344));
#4617 = CARTESIAN_POINT('',(-4.1069958455,-1.638776864433,
    10.204663777454));
#4618 = CARTESIAN_POINT('',(-4.108842628775,-1.651036059676,
    10.203994380174));
#4619 = CARTESIAN_POINT('',(-4.112536203716,-1.675554505861,
    10.202655582573));
#4620 = CARTESIAN_POINT('',(-4.115330302751,-1.700303314882,
    10.201658282235));
#4621 = CARTESIAN_POINT('',(-4.117196315106,-1.725170132045,
    10.200994381051));
#4622 = CARTESIAN_POINT('',(-4.119062315714,-1.750036792659,
    10.200330484046));
#4623 = CARTESIAN_POINT('',(-4.12,-1.775019512223,10.2));
#4624 = CARTESIAN_POINT('',(-4.12,-1.8,10.2));
#4625 = ORIENTED_EDGE('',*,*,#4626,.F.);
#4626 = EDGE_CURVE('',#4627,#4519,#4629,.T.);
#4627 = VERTEX_POINT('',#4628);
#4628 = CARTESIAN_POINT('',(-3.12,-1.1,11.614213562373));
#4629 = LINE('',#4630,#4631);
#4630 = CARTESIAN_POINT('',(-3.12,-3.0000024,11.614213562373));
#4631 = VECTOR('',#4632,1.);
#4632 = DIRECTION('',(0.,1.,0.));
#4633 = ORIENTED_EDGE('',*,*,#4634,.T.);
#4634 = EDGE_CURVE('',#4627,#4378,#4635,.T.);
#4635 = B_SPLINE_CURVE_WITH_KNOTS('',3,(#4636,#4637,#4638,#4639,#4640,
    #4641,#4642,#4643,#4644,#4645,#4646,#4647,#4648,#4649,#4650,#4651,
    #4652,#4653,#4654,#4655,#4656,#4657,#4658,#4659,#4660,#4661,#4662,
    #4663,#4664,#4665,#4666,#4667,#4668,#4669,#4670,#4671,#4672,#4673,
    #4674,#4675,#4676,#4677,#4678,#4679,#4680,#4681,#4682,#4683,#4684,
    #4685,#4686,#4687,#4688,#4689,#4690,#4691,#4692,#4693,#4694,#4695,
    #4696,#4697,#4698,#4699,#4700,#4701,#4702,#4703,#4704,#4705,#4706,
    #4707,#4708,#4709,#4710,#4711,#4712,#4713,#4714,#4715,#4716,#4717,
    #4718,#4719,#4720,#4721,#4722,#4723,#4724,#4725,#4726,#4727,#4728,
    #4729,#4730,#4731,#4732,#4733,#4734,#4735),.UNSPECIFIED.,.F.,.F.,(4,
    3,3,3,3,3,3,3,3,3,3,3,3,3,3,3,3,3,3,3,3,3,3,3,3,3,3,3,3,3,3,3,3,4),(
    0.,5.838423750401E-02,0.116669309142,0.175009263131,0.23343818887,
    0.291908892497,0.350374253273,0.408788983301,0.467111239415,
    0.525437108192,0.583924705715,0.642491300803,0.70105907277,
    0.759564087814,0.817961325903,0.876253832826,0.934725742216,
    0.993323681014,1.05189734228,1.110339208823,1.139492843315,
    1.168656100408,1.227247608104,1.285985554736,1.344639503505,
    1.403041288456,1.461523066135,1.520290542318,1.579055717543,
    1.637554608225,1.695994362453,1.754751078426,1.813537913206,
    1.872061411872),.UNSPECIFIED.);
#4636 = CARTESIAN_POINT('',(-3.12,-1.1,11.614213562373));
#4637 = CARTESIAN_POINT('',(-3.12,-1.1,11.594738820428));
#4638 = CARTESIAN_POINT('',(-3.120379405985,-1.099999693834,
    11.575275032918));
#4639 = CARTESIAN_POINT('',(-3.121136096287,-1.10000092194,
    11.555844065656));
#4640 = CARTESIAN_POINT('',(-3.121892941145,-1.100002150297,
    11.536409129581));
#4641 = CARTESIAN_POINT('',(-3.123025923382,-1.100004913545,
    11.517024116903));
#4642 = CARTESIAN_POINT('',(-3.124534955466,-1.100014690026,
    11.49766185464));
#4643 = CARTESIAN_POINT('',(-3.12604443224,-1.100024469389,
    11.478293886587));
#4644 = CARTESIAN_POINT('',(-3.127932054795,-1.100041274538,
    11.458932859024));
#4645 = CARTESIAN_POINT('',(-3.130197833774,-1.100074286666,
    11.439601118635));
#4646 = CARTESIAN_POINT('',(-3.132463610553,-1.100107298762,
    11.42026939702));
#4647 = CARTESIAN_POINT('',(-3.13510753678,-1.10015652437,
    11.400967066521));
#4648 = CARTESIAN_POINT('',(-3.138127789632,-1.100234765623,
    11.381716783599));
#4649 = CARTESIAN_POINT('',(-3.141148041362,-1.100313006846,
    11.362466507831));
#4650 = CARTESIAN_POINT('',(-3.144544607059,-1.100420274343,
    11.343268372504));
#4651 = CARTESIAN_POINT('',(-3.148313825104,-1.100572857756,
    11.324144945284));
#4652 = CARTESIAN_POINT('',(-3.152083043392,-1.100725441179,
    11.305021516833));
#4653 = CARTESIAN_POINT('',(-3.156224897897,-1.100923353839,
    11.285972876863));
#4654 = CARTESIAN_POINT('',(-3.160733928271,-1.101186185678,
    11.26702120661));
#4655 = CARTESIAN_POINT('',(-3.165242960281,-1.101449017612,
    11.248069529481));
#4656 = CARTESIAN_POINT('',(-3.170119150509,-1.101776783127,
    11.229214889737));
#4657 = CARTESIAN_POINT('',(-3.175355303243,-1.102192153668,
    11.210478872098));
#4658 = CARTESIAN_POINT('',(-3.180591458838,-1.102607524435,
    11.191742844222));
#4659 = CARTESIAN_POINT('',(-3.186187559397,-1.103110514075,
    11.173125494013));
#4660 = CARTESIAN_POINT('',(-3.192134742742,-1.103726649304,
    11.154647672521));
#4661 = CARTESIAN_POINT('',(-3.198078747013,-1.104342455177,
    11.136179728369));
#4662 = CARTESIAN_POINT('',(-3.204389045293,-1.105072795878,
    11.117802311524));
#4663 = CARTESIAN_POINT('',(-3.211064584948,-1.105948675264,
    11.099528225287));
#4664 = CARTESIAN_POINT('',(-3.217739551183,-1.106824479413,
    11.08125570877));
#4665 = CARTESIAN_POINT('',(-3.22477748382,-1.107845587737,
    11.06309336215));
#4666 = CARTESIAN_POINT('',(-3.232167498439,-1.109045260314,
    11.045073028225));
#4667 = CARTESIAN_POINT('',(-3.23955750609,-1.11024493176,
    11.027052711292));
#4668 = CARTESIAN_POINT('',(-3.247299546848,-1.111623182937,
    11.009174547075));
#4669 = CARTESIAN_POINT('',(-3.255379171527,-1.113215841827,
    10.991469638678));
#4670 = CARTESIAN_POINT('',(-3.263458794987,-1.114808500477,
    10.973764732954));
#4671 = CARTESIAN_POINT('',(-3.271875948483,-1.11661557681,
    10.956233210092));
#4672 = CARTESIAN_POINT('',(-3.280612751225,-1.118675155198,
    10.938904893823));
#4673 = CARTESIAN_POINT('',(-3.289349557564,-1.120734734434,
    10.921576570419));
#4674 = CARTESIAN_POINT('',(-3.298405956785,-1.123046817001,
    10.904451567393));
#4675 = CARTESIAN_POINT('',(-3.307760792894,-1.125651510974,
    10.887558029583));
#4676 = CARTESIAN_POINT('',(-3.317115636297,-1.128256206978,
    10.870664478601));
#4677 = CARTESIAN_POINT('',(-3.326768861854,-1.131153504151,
    10.854002490181));
#4678 = CARTESIAN_POINT('',(-3.336696193636,-1.134385427095,
    10.837598251828));
#4679 = CARTESIAN_POINT('',(-3.346627999374,-1.137618806571,
    10.82118662057));
#4680 = CARTESIAN_POINT('',(-3.356813233238,-1.141179225454,
    10.805064793982));
#4681 = CARTESIAN_POINT('',(-3.367286094795,-1.145133916498,
    10.789163338625));
#4682 = CARTESIAN_POINT('',(-3.377760911719,-1.149089345915,
    10.77325891434));
#4683 = CARTESIAN_POINT('',(-3.38852252865,-1.153440146629,
    10.757579831378));
#4684 = CARTESIAN_POINT('',(-3.399523977184,-1.158231859485,
    10.742182440375));
#4685 = CARTESIAN_POINT('',(-3.410525385944,-1.163023555016,
    10.726785105039));
#4686 = CARTESIAN_POINT('',(-3.421766206773,-1.168256109387,
    10.711670063381));
#4687 = CARTESIAN_POINT('',(-3.433190743716,-1.173971599642,
    10.69688930716));
#4688 = CARTESIAN_POINT('',(-3.444615279173,-1.179687089154,
    10.68210855286));
#4689 = CARTESIAN_POINT('',(-3.456222999131,-1.185885362835,
    10.667662727286));
#4690 = CARTESIAN_POINT('',(-3.467951284171,-1.192603997505,
    10.653597220456));
#4691 = CARTESIAN_POINT('',(-3.479679612673,-1.199322657073,
    10.639531661501));
#4692 = CARTESIAN_POINT('',(-3.491527888031,-1.206561395128,
    10.625847062693));
#4693 = CARTESIAN_POINT('',(-3.503429029868,-1.214353195984,
    10.612580261878));
#4694 = CARTESIAN_POINT('',(-3.509379589598,-1.218249089087,
    10.605946873944));
#4695 = CARTESIAN_POINT('',(-3.515343260999,-1.222283145512,
    10.599417850645));
#4696 = CARTESIAN_POINT('',(-3.521311437708,-1.226459129648,
    10.592996913914));
#4697 = CARTESIAN_POINT('',(-3.52727659719,-1.230633002603,
    10.586579223306));
#4698 = CARTESIAN_POINT('',(-3.533258869208,-1.234957375653,
    10.580255887667));
#4699 = CARTESIAN_POINT('',(-3.539254714286,-1.239441809846,
    10.574026258371));
#4700 = CARTESIAN_POINT('',(-3.551244993856,-1.248409623221,
    10.561568465366));
#4701 = CARTESIAN_POINT('',(-3.563276912385,-1.258009540507,
    10.54950029082));
#4702 = CARTESIAN_POINT('',(-3.57524162731,-1.26825282251,
    10.537886501159));
#4703 = CARTESIAN_POINT('',(-3.587206239212,-1.278496016311,
    10.5262728115));
#4704 = CARTESIAN_POINT('',(-3.599101669901,-1.289381337085,
    10.515115199206));
#4705 = CARTESIAN_POINT('',(-3.610813769402,-1.300898964365,
    10.504464423162));
#4706 = CARTESIAN_POINT('',(-3.622525905629,-1.312416627762,
    10.493813613719));
#4707 = CARTESIAN_POINT('',(-3.634052594076,-1.324564789493,
    10.483671199239));
#4708 = CARTESIAN_POINT('',(-3.645283562501,-1.337315248828,
    10.474069770358));
#4709 = CARTESIAN_POINT('',(-3.656514716631,-1.350065918992,
    10.464468182717));
#4710 = CARTESIAN_POINT('',(-3.667448227712,-1.363416634426,
    10.455408790737));
#4711 = CARTESIAN_POINT('',(-3.677986458162,-1.377328599798,
    10.446904482868));
#4712 = CARTESIAN_POINT('',(-3.688525460973,-1.391241584799,
    10.438399551706));
#4713 = CARTESIAN_POINT('',(-3.698749267595,-1.405822644423,
    10.430385527514));
#4714 = CARTESIAN_POINT('',(-3.708532166271,-1.421014658246,
    10.422900678166));
#4715 = CARTESIAN_POINT('',(-3.718314864351,-1.436206360558,
    10.415415982294));
#4716 = CARTESIAN_POINT('',(-3.727653936087,-1.452005602268,
    10.408462110524));
#4717 = CARTESIAN_POINT('',(-3.736434445904,-1.46832459557,
    10.402061793156));
#4718 = CARTESIAN_POINT('',(-3.745214937527,-1.48464355506,
    10.395661489049));
#4719 = CARTESIAN_POINT('',(-3.753434556325,-1.501478262391,
    10.389815947947));
#4720 = CARTESIAN_POINT('',(-3.761000917049,-1.518721091543,
    10.384530442424));
#4721 = CARTESIAN_POINT('',(-3.768567403862,-1.535964208039,
    10.379244848819));
#4722 = CARTESIAN_POINT('',(-3.775479048852,-1.553611332876,
    10.374519992321));
#4723 = CARTESIAN_POINT('',(-3.781672603412,-1.571550080119,
    10.370345733329));
#4724 = CARTESIAN_POINT('',(-3.787858211865,-1.589465812596,
    10.366176829761));
#4725 = CARTESIAN_POINT('',(-3.793377470217,-1.607814710713,
    10.36252355252));
#4726 = CARTESIAN_POINT('',(-3.79816026733,-1.626510369719,
    10.359391083373));
#4727 = CARTESIAN_POINT('',(-3.802942403515,-1.645203445198,
    10.356259047097));
#4728 = CARTESIAN_POINT('',(-3.806983681958,-1.664229738249,
    10.353650458733));
#4729 = CARTESIAN_POINT('',(-3.810229840539,-1.683454870417,
    10.351568604815));
#4730 = CARTESIAN_POINT('',(-3.81347598997,-1.702679948397,
    10.349486756765));
#4731 = CARTESIAN_POINT('',(-3.815926244429,-1.722099485188,
    10.347931949791));
#4732 = CARTESIAN_POINT('',(-3.817557263115,-1.741571713393,
    10.346899215409));
#4733 = CARTESIAN_POINT('',(-3.819188307174,-1.761044244527,
    10.345866464962));
#4734 = CARTESIAN_POINT('',(-3.820000000037,-1.780565237586,
    10.345355808281));
#4735 = CARTESIAN_POINT('',(-3.820000000037,-1.8,10.345355808281));
#4736 = ORIENTED_EDGE('',*,*,#4377,.T.);
#4737 = ORIENTED_EDGE('',*,*,#4738,.F.);
#4738 = EDGE_CURVE('',#4208,#4370,#4739,.T.);
#4739 = LINE('',#4740,#4741);
#4740 = CARTESIAN_POINT('',(-3.12,-3.0000024,11.614213562373));
#4741 = VECTOR('',#4742,1.);
#4742 = DIRECTION('',(0.,1.,0.));
#4743 = ORIENTED_EDGE('',*,*,#4215,.F.);
#4744 = CYLINDRICAL_SURFACE('',#4745,1.5);
#4745 = AXIS2_PLACEMENT_3D('',#4746,#4747,#4748);
#4746 = CARTESIAN_POINT('',(-4.62,-3.0000024,11.614213562373));
#4747 = DIRECTION('',(0.,1.,0.));
#4748 = DIRECTION('',(0.,0.,-1.));
#4749 = ADVANCED_FACE('',(#4750),#4775,.F.);
#4750 = FACE_BOUND('',#4751,.T.);
#4751 = EDGE_LOOP('',(#4752,#4760,#4761,#4769));
#4752 = ORIENTED_EDGE('',*,*,#4753,.T.);
#4753 = EDGE_CURVE('',#4754,#4519,#4756,.T.);
#4754 = VERTEX_POINT('',#4755);
#4755 = CARTESIAN_POINT('',(-3.12,-0.8,12.7));
#4756 = LINE('',#4757,#4758);
#4757 = CARTESIAN_POINT('',(-3.12,-0.8,9.45));
#4758 = VECTOR('',#4759,1.);
#4759 = DIRECTION('',(0.,0.,-1.));
#4760 = ORIENTED_EDGE('',*,*,#4626,.F.);
#4761 = ORIENTED_EDGE('',*,*,#4762,.F.);
#4762 = EDGE_CURVE('',#4763,#4627,#4765,.T.);
#4763 = VERTEX_POINT('',#4764);
#4764 = CARTESIAN_POINT('',(-3.12,-1.1,12.7));
#4765 = LINE('',#4766,#4767);
#4766 = CARTESIAN_POINT('',(-3.12,-1.1,9.45));
#4767 = VECTOR('',#4768,1.);
#4768 = DIRECTION('',(0.,0.,-1.));
#4769 = ORIENTED_EDGE('',*,*,#4770,.F.);
#4770 = EDGE_CURVE('',#4754,#4763,#4771,.T.);
#4771 = LINE('',#4772,#4773);
#4772 = CARTESIAN_POINT('',(-3.12,-1.8,12.7));
#4773 = VECTOR('',#4774,1.);
#4774 = DIRECTION('',(0.,-1.,-0.));
#4775 = PLANE('',#4776);
#4776 = AXIS2_PLACEMENT_3D('',#4777,#4778,#4779);
#4777 = CARTESIAN_POINT('',(-3.12,-3.0000024,11.614213562373));
#4778 = DIRECTION('',(1.,0.,-0.));
#4779 = DIRECTION('',(0.,0.,1.));
#4780 = ADVANCED_FACE('',(#4781),#4806,.F.);
#4781 = FACE_BOUND('',#4782,.T.);
#4782 = EDGE_LOOP('',(#4783,#4784,#4791,#4792,#4798,#4799));
#4783 = ORIENTED_EDGE('',*,*,#4770,.T.);
#4784 = ORIENTED_EDGE('',*,*,#4785,.F.);
#4785 = EDGE_CURVE('',#4351,#4763,#4786,.T.);
#4786 = CIRCLE('',#4787,0.7);
#4787 = AXIS2_PLACEMENT_3D('',#4788,#4789,#4790);
#4788 = CARTESIAN_POINT('',(-3.12,-1.8,12.7));
#4789 = DIRECTION('',(0.,0.,1.));
#4790 = DIRECTION('',(-1.,0.,0.));
#4791 = ORIENTED_EDGE('',*,*,#4360,.F.);
#4792 = ORIENTED_EDGE('',*,*,#4793,.T.);
#4793 = EDGE_CURVE('',#4361,#4206,#4794,.T.);
#4794 = LINE('',#4795,#4796);
#4795 = CARTESIAN_POINT('',(-3.12,-1.8,12.7));
#4796 = VECTOR('',#4797,1.);
#4797 = DIRECTION('',(0.,-1.,-0.));
#4798 = ORIENTED_EDGE('',*,*,#4335,.T.);
#4799 = ORIENTED_EDGE('',*,*,#4800,.T.);
#4800 = EDGE_CURVE('',#4328,#4754,#4801,.T.);
#4801 = CIRCLE('',#4802,1.);
#4802 = AXIS2_PLACEMENT_3D('',#4803,#4804,#4805);
#4803 = CARTESIAN_POINT('',(-3.12,-1.8,12.7));
#4804 = DIRECTION('',(0.,0.,1.));
#4805 = DIRECTION('',(-1.,0.,0.));
#4806 = PLANE('',#4807);
#4807 = AXIS2_PLACEMENT_3D('',#4808,#4809,#4810);
#4808 = CARTESIAN_POINT('',(-3.97,-1.8,12.7));
#4809 = DIRECTION('',(0.,-0.,-1.));
#4810 = DIRECTION('',(1.,0.,0.));
#4811 = ADVANCED_FACE('',(#4812),#4818,.F.);
#4812 = FACE_BOUND('',#4813,.T.);
#4813 = EDGE_LOOP('',(#4814,#4815,#4816,#4817));
#4814 = ORIENTED_EDGE('',*,*,#4205,.F.);
#4815 = ORIENTED_EDGE('',*,*,#4793,.F.);
#4816 = ORIENTED_EDGE('',*,*,#4369,.T.);
#4817 = ORIENTED_EDGE('',*,*,#4738,.F.);
#4818 = PLANE('',#4819);
#4819 = AXIS2_PLACEMENT_3D('',#4820,#4821,#4822);
#4820 = CARTESIAN_POINT('',(-3.12,-3.0000024,11.614213562373));
#4821 = DIRECTION('',(1.,0.,-0.));
#4822 = DIRECTION('',(0.,0.,1.));
#4823 = ADVANCED_FACE('',(#4824),#4832,.T.);
#4824 = FACE_BOUND('',#4825,.T.);
#4825 = EDGE_LOOP('',(#4826,#4827,#4828,#4829,#4830,#4831));
#4826 = ORIENTED_EDGE('',*,*,#2461,.T.);
#4827 = ORIENTED_EDGE('',*,*,#768,.F.);
#4828 = ORIENTED_EDGE('',*,*,#2454,.F.);
#4829 = ORIENTED_EDGE('',*,*,#2652,.F.);
#4830 = ORIENTED_EDGE('',*,*,#2887,.F.);
#4831 = ORIENTED_EDGE('',*,*,#2934,.F.);
#4832 = CYLINDRICAL_SURFACE('',#4833,1.);
#4833 = AXIS2_PLACEMENT_3D('',#4834,#4835,#4836);
#4834 = CARTESIAN_POINT('',(3.12,1.8,9.45));
#4835 = DIRECTION('',(0.,0.,-1.));
#4836 = DIRECTION('',(-1.,-0.,-0.));
#4837 = ADVANCED_FACE('',(#4838),#4846,.F.);
#4838 = FACE_BOUND('',#4839,.F.);
#4839 = EDGE_LOOP('',(#4840,#4841,#4842,#4843,#4844,#4845));
#4840 = ORIENTED_EDGE('',*,*,#2297,.F.);
#4841 = ORIENTED_EDGE('',*,*,#1862,.T.);
#4842 = ORIENTED_EDGE('',*,*,#2015,.F.);
#4843 = ORIENTED_EDGE('',*,*,#1991,.F.);
#4844 = ORIENTED_EDGE('',*,*,#2146,.F.);
#4845 = ORIENTED_EDGE('',*,*,#2274,.F.);
#4846 = CYLINDRICAL_SURFACE('',#4847,0.7);
#4847 = AXIS2_PLACEMENT_3D('',#4848,#4849,#4850);
#4848 = CARTESIAN_POINT('',(0.,0.,9.45));
#4849 = DIRECTION('',(0.,0.,-1.));
#4850 = DIRECTION('',(0.,-1.,0.));
#4851 = ADVANCED_FACE('',(#4852),#4860,.F.);
#4852 = FACE_BOUND('',#4853,.F.);
#4853 = EDGE_LOOP('',(#4854,#4855,#4856,#4857,#4858,#4859));
#4854 = ORIENTED_EDGE('',*,*,#4785,.F.);
#4855 = ORIENTED_EDGE('',*,*,#4350,.T.);
#4856 = ORIENTED_EDGE('',*,*,#4503,.F.);
#4857 = ORIENTED_EDGE('',*,*,#4479,.F.);
#4858 = ORIENTED_EDGE('',*,*,#4634,.F.);
#4859 = ORIENTED_EDGE('',*,*,#4762,.F.);
#4860 = CYLINDRICAL_SURFACE('',#4861,0.7);
#4861 = AXIS2_PLACEMENT_3D('',#4862,#4863,#4864);
#4862 = CARTESIAN_POINT('',(-3.12,-1.8,9.45));
#4863 = DIRECTION('',(0.,0.,-1.));
#4864 = DIRECTION('',(1.,0.,0.));
#4865 = ADVANCED_FACE('',(#4866),#4874,.T.);
#4866 = FACE_BOUND('',#4867,.T.);
#4867 = EDGE_LOOP('',(#4868,#4869,#4870,#4871,#4872,#4873));
#4868 = ORIENTED_EDGE('',*,*,#3083,.T.);
#4869 = ORIENTED_EDGE('',*,*,#788,.F.);
#4870 = ORIENTED_EDGE('',*,*,#3076,.F.);
#4871 = ORIENTED_EDGE('',*,*,#3274,.F.);
#4872 = ORIENTED_EDGE('',*,*,#3509,.F.);
#4873 = ORIENTED_EDGE('',*,*,#3556,.F.);
#4874 = CYLINDRICAL_SURFACE('',#4875,1.);
#4875 = AXIS2_PLACEMENT_3D('',#4876,#4877,#4878);
#4876 = CARTESIAN_POINT('',(0.,-3.6,9.45));
#4877 = DIRECTION('',(0.,0.,-1.));
#4878 = DIRECTION('',(0.,1.,0.));
#4879 = ADVANCED_FACE('',(#4880),#4888,.F.);
#4880 = FACE_BOUND('',#4881,.F.);
#4881 = EDGE_LOOP('',(#4882,#4883,#4884,#4885,#4886,#4887));
#4882 = ORIENTED_EDGE('',*,*,#1675,.F.);
#4883 = ORIENTED_EDGE('',*,*,#1240,.T.);
#4884 = ORIENTED_EDGE('',*,*,#1393,.F.);
#4885 = ORIENTED_EDGE('',*,*,#1369,.F.);
#4886 = ORIENTED_EDGE('',*,*,#1524,.F.);
#4887 = ORIENTED_EDGE('',*,*,#1652,.F.);
#4888 = CYLINDRICAL_SURFACE('',#4889,0.7);
#4889 = AXIS2_PLACEMENT_3D('',#4890,#4891,#4892);
#4890 = CARTESIAN_POINT('',(-3.12,1.8,9.45));
#4891 = DIRECTION('',(0.,0.,-1.));
#4892 = DIRECTION('',(1.,0.,0.));
#4893 = ADVANCED_FACE('',(#4894),#4902,.T.);
#4894 = FACE_BOUND('',#4895,.T.);
#4895 = EDGE_LOOP('',(#4896,#4897,#4898,#4899,#4900,#4901));
#4896 = ORIENTED_EDGE('',*,*,#3705,.T.);
#4897 = ORIENTED_EDGE('',*,*,#808,.F.);
#4898 = ORIENTED_EDGE('',*,*,#3698,.F.);
#4899 = ORIENTED_EDGE('',*,*,#3896,.F.);
#4900 = ORIENTED_EDGE('',*,*,#4131,.F.);
#4901 = ORIENTED_EDGE('',*,*,#4178,.F.);
#4902 = CYLINDRICAL_SURFACE('',#4903,1.);
#4903 = AXIS2_PLACEMENT_3D('',#4904,#4905,#4906);
#4904 = CARTESIAN_POINT('',(3.12,-1.8,9.45));
#4905 = DIRECTION('',(0.,0.,-1.));
#4906 = DIRECTION('',(-1.,-0.,-0.));
#4907 = ADVANCED_FACE('',(#4908),#4926,.F.);
#4908 = FACE_BOUND('',#4909,.F.);
#4909 = EDGE_LOOP('',(#4910,#4917,#4918,#4925));
#4910 = ORIENTED_EDGE('',*,*,#4911,.T.);
#4911 = EDGE_CURVE('',#571,#590,#4912,.T.);
#4912 = CIRCLE('',#4913,1.25);
#4913 = AXIS2_PLACEMENT_3D('',#4914,#4915,#4916);
#4914 = CARTESIAN_POINT('',(7.25,7.25,2.));
#4915 = DIRECTION('',(-0.,0.,-1.));
#4916 = DIRECTION('',(-1.,0.,0.));
#4917 = ORIENTED_EDGE('',*,*,#589,.T.);
#4918 = ORIENTED_EDGE('',*,*,#4919,.F.);
#4919 = EDGE_CURVE('',#573,#581,#4920,.T.);
#4920 = CIRCLE('',#4921,1.25);
#4921 = AXIS2_PLACEMENT_3D('',#4922,#4923,#4924);
#4922 = CARTESIAN_POINT('',(7.25,7.25,0.));
#4923 = DIRECTION('',(-0.,0.,-1.));
#4924 = DIRECTION('',(-1.,0.,0.));
#4925 = ORIENTED_EDGE('',*,*,#570,.F.);
#4926 = CYLINDRICAL_SURFACE('',#4927,1.25);
#4927 = AXIS2_PLACEMENT_3D('',#4928,#4929,#4930);
#4928 = CARTESIAN_POINT('',(7.25,7.25,0.));
#4929 = DIRECTION('',(-0.,-0.,-1.));
#4930 = DIRECTION('',(-1.,0.,0.));
#4931 = ADVANCED_FACE('',(#4932),#4940,.F.);
#4932 = FACE_BOUND('',#4933,.F.);
#4933 = EDGE_LOOP('',(#4934,#4935,#4936,#4937,#4938,#4939));
#4934 = ORIENTED_EDGE('',*,*,#3541,.F.);
#4935 = ORIENTED_EDGE('',*,*,#3106,.T.);
#4936 = ORIENTED_EDGE('',*,*,#3259,.F.);
#4937 = ORIENTED_EDGE('',*,*,#3235,.F.);
#4938 = ORIENTED_EDGE('',*,*,#3390,.F.);
#4939 = ORIENTED_EDGE('',*,*,#3518,.F.);
#4940 = CYLINDRICAL_SURFACE('',#4941,0.7);
#4941 = AXIS2_PLACEMENT_3D('',#4942,#4943,#4944);
#4942 = CARTESIAN_POINT('',(0.,-3.6,9.45));
#4943 = DIRECTION('',(0.,0.,-1.));
#4944 = DIRECTION('',(0.,1.,0.));
#4945 = ADVANCED_FACE('',(#4946),#4965,.T.);
#4946 = FACE_BOUND('',#4947,.T.);
#4947 = EDGE_LOOP('',(#4948,#4949,#4950,#4958));
#4948 = ORIENTED_EDGE('',*,*,#892,.T.);
#4949 = ORIENTED_EDGE('',*,*,#708,.F.);
#4950 = ORIENTED_EDGE('',*,*,#4951,.F.);
#4951 = EDGE_CURVE('',#4952,#700,#4954,.T.);
#4952 = VERTEX_POINT('',#4953);
#4953 = CARTESIAN_POINT('',(-6.25,1.E-15,2.));
#4954 = LINE('',#4955,#4956);
#4955 = CARTESIAN_POINT('',(-6.25,7.7E-16,2.));
#4956 = VECTOR('',#4957,1.);
#4957 = DIRECTION('',(0.,0.,1.));
#4958 = ORIENTED_EDGE('',*,*,#4959,.T.);
#4959 = EDGE_CURVE('',#4952,#875,#4960,.T.);
#4960 = CIRCLE('',#4961,6.25);
#4961 = AXIS2_PLACEMENT_3D('',#4962,#4963,#4964);
#4962 = CARTESIAN_POINT('',(0.,0.,2.));
#4963 = DIRECTION('',(0.,0.,1.));
#4964 = DIRECTION('',(1.,0.,-0.));
#4965 = CYLINDRICAL_SURFACE('',#4966,6.25);
#4966 = AXIS2_PLACEMENT_3D('',#4967,#4968,#4969);
#4967 = CARTESIAN_POINT('',(0.,0.,2.));
#4968 = DIRECTION('',(0.,0.,1.));
#4969 = DIRECTION('',(1.,0.,-0.));
#4970 = ADVANCED_FACE('',(#4971),#4983,.T.);
#4971 = FACE_BOUND('',#4972,.T.);
#4972 = EDGE_LOOP('',(#4973,#4974,#4975,#4976));
#4973 = ORIENTED_EDGE('',*,*,#4951,.T.);
#4974 = ORIENTED_EDGE('',*,*,#699,.F.);
#4975 = ORIENTED_EDGE('',*,*,#853,.F.);
#4976 = ORIENTED_EDGE('',*,*,#4977,.T.);
#4977 = EDGE_CURVE('',#846,#4952,#4978,.T.);
#4978 = CIRCLE('',#4979,6.25);
#4979 = AXIS2_PLACEMENT_3D('',#4980,#4981,#4982);
#4980 = CARTESIAN_POINT('',(0.,0.,2.));
#4981 = DIRECTION('',(0.,0.,1.));
#4982 = DIRECTION('',(1.,0.,-0.));
#4983 = CYLINDRICAL_SURFACE('',#4984,6.25);
#4984 = AXIS2_PLACEMENT_3D('',#4985,#4986,#4987);
#4985 = CARTESIAN_POINT('',(0.,0.,2.));
#4986 = DIRECTION('',(0.,0.,1.));
#4987 = DIRECTION('',(1.,0.,-0.));
#4988 = ADVANCED_FACE('',(#4989),#4997,.F.);
#4989 = FACE_BOUND('',#4990,.F.);
#4990 = EDGE_LOOP('',(#4991,#4992,#4993,#4994,#4995,#4996));
#4991 = ORIENTED_EDGE('',*,*,#2919,.F.);
#4992 = ORIENTED_EDGE('',*,*,#2484,.T.);
#4993 = ORIENTED_EDGE('',*,*,#2637,.F.);
#4994 = ORIENTED_EDGE('',*,*,#2613,.F.);
#4995 = ORIENTED_EDGE('',*,*,#2768,.F.);
#4996 = ORIENTED_EDGE('',*,*,#2896,.F.);
#4997 = CYLINDRICAL_SURFACE('',#4998,0.7);
#4998 = AXIS2_PLACEMENT_3D('',#4999,#5000,#5001);
#4999 = CARTESIAN_POINT('',(3.12,1.8,9.45));
#5000 = DIRECTION('',(0.,0.,-1.));
#5001 = DIRECTION('',(-1.,-0.,-0.));
#5002 = ADVANCED_FACE('',(#5003),#5011,.T.);
#5003 = FACE_BOUND('',#5004,.T.);
#5004 = EDGE_LOOP('',(#5005,#5006,#5007,#5008,#5009,#5010));
#5005 = ORIENTED_EDGE('',*,*,#1217,.T.);
#5006 = ORIENTED_EDGE('',*,*,#728,.F.);
#5007 = ORIENTED_EDGE('',*,*,#1210,.F.);
#5008 = ORIENTED_EDGE('',*,*,#1408,.F.);
#5009 = ORIENTED_EDGE('',*,*,#1643,.F.);
#5010 = ORIENTED_EDGE('',*,*,#1690,.F.);
#5011 = CYLINDRICAL_SURFACE('',#5012,1.);
#5012 = AXIS2_PLACEMENT_3D('',#5013,#5014,#5015);
#5013 = CARTESIAN_POINT('',(-3.12,1.8,9.45));
#5014 = DIRECTION('',(0.,0.,-1.));
#5015 = DIRECTION('',(1.,0.,0.));
#5016 = ADVANCED_FACE('',(#5017),#5025,.T.);
#5017 = FACE_BOUND('',#5018,.T.);
#5018 = EDGE_LOOP('',(#5019,#5020,#5021,#5022,#5023,#5024));
#5019 = ORIENTED_EDGE('',*,*,#1839,.T.);
#5020 = ORIENTED_EDGE('',*,*,#748,.F.);
#5021 = ORIENTED_EDGE('',*,*,#1832,.F.);
#5022 = ORIENTED_EDGE('',*,*,#2030,.F.);
#5023 = ORIENTED_EDGE('',*,*,#2265,.F.);
#5024 = ORIENTED_EDGE('',*,*,#2312,.F.);
#5025 = CYLINDRICAL_SURFACE('',#5026,1.);
#5026 = AXIS2_PLACEMENT_3D('',#5027,#5028,#5029);
#5027 = CARTESIAN_POINT('',(0.,0.,9.45));
#5028 = DIRECTION('',(0.,0.,-1.));
#5029 = DIRECTION('',(0.,-1.,0.));
#5030 = ADVANCED_FACE('',(#5031),#5039,.T.);
#5031 = FACE_BOUND('',#5032,.T.);
#5032 = EDGE_LOOP('',(#5033,#5034,#5035,#5036,#5037,#5038));
#5033 = ORIENTED_EDGE('',*,*,#4327,.T.);
#5034 = ORIENTED_EDGE('',*,*,#828,.F.);
#5035 = ORIENTED_EDGE('',*,*,#4320,.F.);
#5036 = ORIENTED_EDGE('',*,*,#4518,.F.);
#5037 = ORIENTED_EDGE('',*,*,#4753,.F.);
#5038 = ORIENTED_EDGE('',*,*,#4800,.F.);
#5039 = CYLINDRICAL_SURFACE('',#5040,1.);
#5040 = AXIS2_PLACEMENT_3D('',#5041,#5042,#5043);
#5041 = CARTESIAN_POINT('',(-3.12,-1.8,9.45));
#5042 = DIRECTION('',(0.,0.,-1.));
#5043 = DIRECTION('',(1.,0.,0.));
#5044 = ADVANCED_FACE('',(#5045),#5053,.F.);
#5045 = FACE_BOUND('',#5046,.F.);
#5046 = EDGE_LOOP('',(#5047,#5048,#5049,#5050,#5051,#5052));
#5047 = ORIENTED_EDGE('',*,*,#4163,.F.);
#5048 = ORIENTED_EDGE('',*,*,#3728,.T.);
#5049 = ORIENTED_EDGE('',*,*,#3881,.F.);
#5050 = ORIENTED_EDGE('',*,*,#3857,.F.);
#5051 = ORIENTED_EDGE('',*,*,#4012,.F.);
#5052 = ORIENTED_EDGE('',*,*,#4140,.F.);
#5053 = CYLINDRICAL_SURFACE('',#5054,0.7);
#5054 = AXIS2_PLACEMENT_3D('',#5055,#5056,#5057);
#5055 = CARTESIAN_POINT('',(3.12,-1.8,9.45));
#5056 = DIRECTION('',(0.,0.,-1.));
#5057 = DIRECTION('',(-1.,-0.,-0.));
#5058 = ADVANCED_FACE('',(#5059,#5092,#5096,#5100,#5104,#5108),#5122,.T.
  );
#5059 = FACE_BOUND('',#5060,.T.);
#5060 = EDGE_LOOP('',(#5061,#5062,#5063,#5064,#5065,#5066,#5067,#5075,
    #5083,#5089,#5090,#5091));
#5061 = ORIENTED_EDGE('',*,*,#40,.T.);
#5062 = ORIENTED_EDGE('',*,*,#79,.F.);
#5063 = ORIENTED_EDGE('',*,*,#111,.T.);
#5064 = ORIENTED_EDGE('',*,*,#143,.F.);
#5065 = ORIENTED_EDGE('',*,*,#175,.T.);
#5066 = ORIENTED_EDGE('',*,*,#271,.F.);
#5067 = ORIENTED_EDGE('',*,*,#5068,.T.);
#5068 = EDGE_CURVE('',#264,#5069,#5071,.T.);
#5069 = VERTEX_POINT('',#5070);
#5070 = CARTESIAN_POINT('',(1.85,9.,2.));
#5071 = LINE('',#5072,#5073);
#5072 = CARTESIAN_POINT('',(1.85,0.,2.));
#5073 = VECTOR('',#5074,1.);
#5074 = DIRECTION('',(-0.,-1.,0.));
#5075 = ORIENTED_EDGE('',*,*,#5076,.T.);
#5076 = EDGE_CURVE('',#5069,#5077,#5079,.T.);
#5077 = VERTEX_POINT('',#5078);
#5078 = CARTESIAN_POINT('',(-1.85,9.,2.));
#5079 = LINE('',#5080,#5081);
#5080 = CARTESIAN_POINT('',(0.,9.,2.));
#5081 = VECTOR('',#5082,1.);
#5082 = DIRECTION('',(-1.,0.,0.));
#5083 = ORIENTED_EDGE('',*,*,#5084,.T.);
#5084 = EDGE_CURVE('',#5077,#240,#5085,.T.);
#5085 = LINE('',#5086,#5087);
#5086 = CARTESIAN_POINT('',(-1.85,0.,2.));
#5087 = VECTOR('',#5088,1.);
#5088 = DIRECTION('',(-0.,1.,0.));
#5089 = ORIENTED_EDGE('',*,*,#239,.F.);
#5090 = ORIENTED_EDGE('',*,*,#303,.T.);
#5091 = ORIENTED_EDGE('',*,*,#326,.F.);
#5092 = FACE_BOUND('',#5093,.T.);
#5093 = EDGE_LOOP('',(#5094,#5095));
#5094 = ORIENTED_EDGE('',*,*,#399,.F.);
#5095 = ORIENTED_EDGE('',*,*,#422,.F.);
#5096 = FACE_BOUND('',#5097,.T.);
#5097 = EDGE_LOOP('',(#5098,#5099));
#5098 = ORIENTED_EDGE('',*,*,#465,.F.);
#5099 = ORIENTED_EDGE('',*,*,#488,.F.);
#5100 = FACE_BOUND('',#5101,.T.);
#5101 = EDGE_LOOP('',(#5102,#5103));
#5102 = ORIENTED_EDGE('',*,*,#531,.T.);
#5103 = ORIENTED_EDGE('',*,*,#546,.T.);
#5104 = FACE_BOUND('',#5105,.T.);
#5105 = EDGE_LOOP('',(#5106,#5107));
#5106 = ORIENTED_EDGE('',*,*,#597,.T.);
#5107 = ORIENTED_EDGE('',*,*,#4911,.T.);
#5108 = FACE_BOUND('',#5109,.T.);
#5109 = EDGE_LOOP('',(#5110,#5111,#5112,#5113,#5114,#5115,#5116,#5117,
    #5118,#5119,#5120,#5121));
#5110 = ORIENTED_EDGE('',*,*,#1077,.F.);
#5111 = ORIENTED_EDGE('',*,*,#1053,.F.);
#5112 = ORIENTED_EDGE('',*,*,#1038,.T.);
#5113 = ORIENTED_EDGE('',*,*,#1004,.F.);
#5114 = ORIENTED_EDGE('',*,*,#989,.T.);
#5115 = ORIENTED_EDGE('',*,*,#955,.F.);
#5116 = ORIENTED_EDGE('',*,*,#930,.F.);
#5117 = ORIENTED_EDGE('',*,*,#906,.F.);
#5118 = ORIENTED_EDGE('',*,*,#874,.F.);
#5119 = ORIENTED_EDGE('',*,*,#4959,.F.);
#5120 = ORIENTED_EDGE('',*,*,#4977,.F.);
#5121 = ORIENTED_EDGE('',*,*,#843,.F.);
#5122 = PLANE('',#5123);
#5123 = AXIS2_PLACEMENT_3D('',#5124,#5125,#5126);
#5124 = CARTESIAN_POINT('',(0.,0.,2.));
#5125 = DIRECTION('',(0.,0.,1.));
#5126 = DIRECTION('',(1.,0.,-0.));
#5127 = ADVANCED_FACE('',(#5128,#5216,#5220,#5224,#5228),#5232,.F.);
#5128 = FACE_BOUND('',#5129,.T.);
#5129 = EDGE_LOOP('',(#5130,#5131,#5132,#5133,#5142,#5150,#5159,#5168,
    #5177,#5186,#5195,#5203,#5210,#5211,#5212,#5213,#5214,#5215));
#5130 = ORIENTED_EDGE('',*,*,#319,.T.);
#5131 = ORIENTED_EDGE('',*,*,#286,.F.);
#5132 = ORIENTED_EDGE('',*,*,#223,.T.);
#5133 = ORIENTED_EDGE('',*,*,#5134,.F.);
#5134 = EDGE_CURVE('',#5135,#216,#5137,.T.);
#5135 = VERTEX_POINT('',#5136);
#5136 = CARTESIAN_POINT('',(-3.25,9.1,0.));
#5137 = CIRCLE('',#5138,1.);
#5138 = AXIS2_PLACEMENT_3D('',#5139,#5140,#5141);
#5139 = CARTESIAN_POINT('',(-2.25,9.1,0.));
#5140 = DIRECTION('',(0.,0.,-1.));
#5141 = DIRECTION('',(-1.,0.,0.));
#5142 = ORIENTED_EDGE('',*,*,#5143,.T.);
#5143 = EDGE_CURVE('',#5135,#5144,#5146,.T.);
#5144 = VERTEX_POINT('',#5145);
#5145 = CARTESIAN_POINT('',(-3.25,7.361215932168,0.));
#5146 = LINE('',#5147,#5148);
#5147 = CARTESIAN_POINT('',(-3.25,0.,0.));
#5148 = VECTOR('',#5149,1.);
#5149 = DIRECTION('',(-0.,-1.,0.));
#5150 = ORIENTED_EDGE('',*,*,#5151,.T.);
#5151 = EDGE_CURVE('',#5144,#5152,#5154,.T.);
#5152 = VERTEX_POINT('',#5153);
#5153 = CARTESIAN_POINT('',(-3.75,6.495190528383,0.));
#5154 = CIRCLE('',#5155,1.);
#5155 = AXIS2_PLACEMENT_3D('',#5156,#5157,#5158);
#5156 = CARTESIAN_POINT('',(-4.25,7.361215932168,0.));
#5157 = DIRECTION('',(0.,0.,-1.));
#5158 = DIRECTION('',(-1.,0.,0.));
#5159 = ORIENTED_EDGE('',*,*,#5160,.F.);
#5160 = EDGE_CURVE('',#5161,#5152,#5163,.T.);
#5161 = VERTEX_POINT('',#5162);
#5162 = CARTESIAN_POINT('',(-7.5,-1.E-15,0.));
#5163 = CIRCLE('',#5164,7.5);
#5164 = AXIS2_PLACEMENT_3D('',#5165,#5166,#5167);
#5165 = CARTESIAN_POINT('',(0.,-8.9E-16,0.));
#5166 = DIRECTION('',(0.,0.,-1.));
#5167 = DIRECTION('',(-1.,0.,0.));
#5168 = ORIENTED_EDGE('',*,*,#5169,.F.);
#5169 = EDGE_CURVE('',#5170,#5161,#5172,.T.);
#5170 = VERTEX_POINT('',#5171);
#5171 = CARTESIAN_POINT('',(7.5,0.,0.));
#5172 = CIRCLE('',#5173,7.5);
#5173 = AXIS2_PLACEMENT_3D('',#5174,#5175,#5176);
#5174 = CARTESIAN_POINT('',(0.,-8.9E-16,0.));
#5175 = DIRECTION('',(0.,0.,-1.));
#5176 = DIRECTION('',(-1.,0.,0.));
#5177 = ORIENTED_EDGE('',*,*,#5178,.F.);
#5178 = EDGE_CURVE('',#5179,#5170,#5181,.T.);
#5179 = VERTEX_POINT('',#5180);
#5180 = CARTESIAN_POINT('',(3.75,6.495190528383,0.));
#5181 = CIRCLE('',#5182,7.5);
#5182 = AXIS2_PLACEMENT_3D('',#5183,#5184,#5185);
#5183 = CARTESIAN_POINT('',(0.,-8.9E-16,0.));
#5184 = DIRECTION('',(0.,0.,-1.));
#5185 = DIRECTION('',(-1.,0.,0.));
#5186 = ORIENTED_EDGE('',*,*,#5187,.T.);
#5187 = EDGE_CURVE('',#5179,#5188,#5190,.T.);
#5188 = VERTEX_POINT('',#5189);
#5189 = CARTESIAN_POINT('',(3.25,7.361215932168,0.));
#5190 = CIRCLE('',#5191,1.);
#5191 = AXIS2_PLACEMENT_3D('',#5192,#5193,#5194);
#5192 = CARTESIAN_POINT('',(4.25,7.361215932168,0.));
#5193 = DIRECTION('',(0.,0.,-1.));
#5194 = DIRECTION('',(-1.,0.,0.));
#5195 = ORIENTED_EDGE('',*,*,#5196,.T.);
#5196 = EDGE_CURVE('',#5188,#5197,#5199,.T.);
#5197 = VERTEX_POINT('',#5198);
#5198 = CARTESIAN_POINT('',(3.25,9.1,0.));
#5199 = LINE('',#5200,#5201);
#5200 = CARTESIAN_POINT('',(3.25,0.,0.));
#5201 = VECTOR('',#5202,1.);
#5202 = DIRECTION('',(-0.,1.,0.));
#5203 = ORIENTED_EDGE('',*,*,#5204,.F.);
#5204 = EDGE_CURVE('',#192,#5197,#5205,.T.);
#5205 = CIRCLE('',#5206,1.);
#5206 = AXIS2_PLACEMENT_3D('',#5207,#5208,#5209);
#5207 = CARTESIAN_POINT('',(2.25,9.1,0.));
#5208 = DIRECTION('',(0.,0.,-1.));
#5209 = DIRECTION('',(-1.,0.,0.));
#5210 = ORIENTED_EDGE('',*,*,#191,.T.);
#5211 = ORIENTED_EDGE('',*,*,#158,.F.);
#5212 = ORIENTED_EDGE('',*,*,#127,.T.);
#5213 = ORIENTED_EDGE('',*,*,#94,.F.);
#5214 = ORIENTED_EDGE('',*,*,#63,.T.);
#5215 = ORIENTED_EDGE('',*,*,#21,.F.);
#5216 = FACE_BOUND('',#5217,.T.);
#5217 = EDGE_LOOP('',(#5218,#5219));
#5218 = ORIENTED_EDGE('',*,*,#382,.T.);
#5219 = ORIENTED_EDGE('',*,*,#414,.T.);
#5220 = FACE_BOUND('',#5221,.T.);
#5221 = EDGE_LOOP('',(#5222,#5223));
#5222 = ORIENTED_EDGE('',*,*,#448,.T.);
#5223 = ORIENTED_EDGE('',*,*,#480,.T.);
#5224 = FACE_BOUND('',#5225,.T.);
#5225 = EDGE_LOOP('',(#5226,#5227));
#5226 = ORIENTED_EDGE('',*,*,#514,.F.);
#5227 = ORIENTED_EDGE('',*,*,#554,.F.);
#5228 = FACE_BOUND('',#5229,.T.);
#5229 = EDGE_LOOP('',(#5230,#5231));
#5230 = ORIENTED_EDGE('',*,*,#580,.F.);
#5231 = ORIENTED_EDGE('',*,*,#4919,.F.);
#5232 = PLANE('',#5233);
#5233 = AXIS2_PLACEMENT_3D('',#5234,#5235,#5236);
#5234 = CARTESIAN_POINT('',(0.,0.,0.));
#5235 = DIRECTION('',(0.,0.,1.));
#5236 = DIRECTION('',(1.,0.,-0.));
#5237 = ADVANCED_FACE('',(#5238),#5309,.F.);
#5238 = FACE_BOUND('',#5239,.T.);
#5239 = EDGE_LOOP('',(#5240,#5251,#5260,#5268,#5276,#5284,#5293,#5302));
#5240 = ORIENTED_EDGE('',*,*,#5241,.T.);
#5241 = EDGE_CURVE('',#5242,#5244,#5246,.T.);
#5242 = VERTEX_POINT('',#5243);
#5243 = CARTESIAN_POINT('',(-6.05,-1.E-15,0.5));
#5244 = VERTEX_POINT('',#5245);
#5245 = CARTESIAN_POINT('',(-2.684437086093,5.421835254857,0.5));
#5246 = CIRCLE('',#5247,6.05);
#5247 = AXIS2_PLACEMENT_3D('',#5248,#5249,#5250);
#5248 = CARTESIAN_POINT('',(-1.5E-16,-7.6E-16,0.5));
#5249 = DIRECTION('',(0.,0.,-1.));
#5250 = DIRECTION('',(-1.,0.,0.));
#5251 = ORIENTED_EDGE('',*,*,#5252,.F.);
#5252 = EDGE_CURVE('',#5253,#5244,#5255,.T.);
#5253 = VERTEX_POINT('',#5254);
#5254 = CARTESIAN_POINT('',(-1.85,6.766091929615,0.5));
#5255 = CIRCLE('',#5256,1.5);
#5256 = AXIS2_PLACEMENT_3D('',#5257,#5258,#5259);
#5257 = CARTESIAN_POINT('',(-3.35,6.766091929615,0.5));
#5258 = DIRECTION('',(0.,0.,-1.));
#5259 = DIRECTION('',(-1.,0.,0.));
#5260 = ORIENTED_EDGE('',*,*,#5261,.T.);
#5261 = EDGE_CURVE('',#5253,#5262,#5264,.T.);
#5262 = VERTEX_POINT('',#5263);
#5263 = CARTESIAN_POINT('',(-1.85,7.156841091168,0.5));
#5264 = LINE('',#5265,#5266);
#5265 = CARTESIAN_POINT('',(-1.85,0.,0.5));
#5266 = VECTOR('',#5267,1.);
#5267 = DIRECTION('',(-0.,1.,0.));
#5268 = ORIENTED_EDGE('',*,*,#5269,.F.);
#5269 = EDGE_CURVE('',#5270,#5262,#5272,.T.);
#5270 = VERTEX_POINT('',#5271);
#5271 = CARTESIAN_POINT('',(1.85,7.156841091168,0.5));
#5272 = LINE('',#5273,#5274);
#5273 = CARTESIAN_POINT('',(1.850003,7.156841091168,0.5));
#5274 = VECTOR('',#5275,1.);
#5275 = DIRECTION('',(-1.,0.,0.));
#5276 = ORIENTED_EDGE('',*,*,#5277,.T.);
#5277 = EDGE_CURVE('',#5270,#5278,#5280,.T.);
#5278 = VERTEX_POINT('',#5279);
#5279 = CARTESIAN_POINT('',(1.85,6.448255578061,0.5));
#5280 = LINE('',#5281,#5282);
#5281 = CARTESIAN_POINT('',(1.85,0.,0.5));
#5282 = VECTOR('',#5283,1.);
#5283 = DIRECTION('',(-0.,-1.,0.));
#5284 = ORIENTED_EDGE('',*,*,#5285,.F.);
#5285 = EDGE_CURVE('',#5286,#5278,#5288,.T.);
#5286 = VERTEX_POINT('',#5287);
#5287 = CARTESIAN_POINT('',(2.445744680851,5.533609396776,0.5));
#5288 = CIRCLE('',#5289,1.);
#5289 = AXIS2_PLACEMENT_3D('',#5290,#5291,#5292);
#5290 = CARTESIAN_POINT('',(2.85,6.448255578061,0.5));
#5291 = DIRECTION('',(0.,0.,-1.));
#5292 = DIRECTION('',(-1.,0.,0.));
#5293 = ORIENTED_EDGE('',*,*,#5294,.T.);
#5294 = EDGE_CURVE('',#5286,#5295,#5297,.T.);
#5295 = VERTEX_POINT('',#5296);
#5296 = CARTESIAN_POINT('',(6.05,-0.,0.5));
#5297 = CIRCLE('',#5298,6.05);
#5298 = AXIS2_PLACEMENT_3D('',#5299,#5300,#5301);
#5299 = CARTESIAN_POINT('',(-1.5E-16,-7.6E-16,0.5));
#5300 = DIRECTION('',(0.,0.,-1.));
#5301 = DIRECTION('',(-1.,0.,0.));
#5302 = ORIENTED_EDGE('',*,*,#5303,.T.);
#5303 = EDGE_CURVE('',#5295,#5242,#5304,.T.);
#5304 = CIRCLE('',#5305,6.05);
#5305 = AXIS2_PLACEMENT_3D('',#5306,#5307,#5308);
#5306 = CARTESIAN_POINT('',(-1.5E-16,-7.6E-16,0.5));
#5307 = DIRECTION('',(0.,0.,-1.));
#5308 = DIRECTION('',(-1.,0.,0.));
#5309 = PLANE('',#5310);
#5310 = AXIS2_PLACEMENT_3D('',#5311,#5312,#5313);
#5311 = CARTESIAN_POINT('',(0.,0.,0.5));
#5312 = DIRECTION('',(0.,0.,1.));
#5313 = DIRECTION('',(1.,0.,-0.));
#5314 = ADVANCED_FACE('',(#5315),#5334,.T.);
#5315 = FACE_BOUND('',#5316,.T.);
#5316 = EDGE_LOOP('',(#5317,#5318,#5326,#5333));
#5317 = ORIENTED_EDGE('',*,*,#5204,.T.);
#5318 = ORIENTED_EDGE('',*,*,#5319,.T.);
#5319 = EDGE_CURVE('',#5197,#5320,#5322,.T.);
#5320 = VERTEX_POINT('',#5321);
#5321 = CARTESIAN_POINT('',(3.25,9.1,-9.5));
#5322 = LINE('',#5323,#5324);
#5323 = CARTESIAN_POINT('',(3.25,9.1,0.));
#5324 = VECTOR('',#5325,1.);
#5325 = DIRECTION('',(0.,0.,-1.));
#5326 = ORIENTED_EDGE('',*,*,#5327,.F.);
#5327 = EDGE_CURVE('',#200,#5320,#5328,.T.);
#5328 = CIRCLE('',#5329,1.);
#5329 = AXIS2_PLACEMENT_3D('',#5330,#5331,#5332);
#5330 = CARTESIAN_POINT('',(2.25,9.1,-9.5));
#5331 = DIRECTION('',(0.,0.,-1.));
#5332 = DIRECTION('',(-1.,0.,0.));
#5333 = ORIENTED_EDGE('',*,*,#199,.F.);
#5334 = CYLINDRICAL_SURFACE('',#5335,1.);
#5335 = AXIS2_PLACEMENT_3D('',#5336,#5337,#5338);
#5336 = CARTESIAN_POINT('',(2.25,9.1,0.));
#5337 = DIRECTION('',(0.,0.,-1.));
#5338 = DIRECTION('',(-1.,0.,0.));
#5339 = ADVANCED_FACE('',(#5340,#5411),#5483,.T.);
#5340 = FACE_BOUND('',#5341,.T.);
#5341 = EDGE_LOOP('',(#5342,#5353,#5362,#5371,#5380,#5388,#5396,#5404));
#5342 = ORIENTED_EDGE('',*,*,#5343,.F.);
#5343 = EDGE_CURVE('',#5344,#5346,#5348,.T.);
#5344 = VERTEX_POINT('',#5345);
#5345 = CARTESIAN_POINT('',(-6.05,-1.E-15,-9.5));
#5346 = VERTEX_POINT('',#5347);
#5347 = CARTESIAN_POINT('',(-2.684437086093,5.421835254857,-9.5));
#5348 = CIRCLE('',#5349,6.05);
#5349 = AXIS2_PLACEMENT_3D('',#5350,#5351,#5352);
#5350 = CARTESIAN_POINT('',(-1.5E-16,-7.6E-16,-9.5));
#5351 = DIRECTION('',(0.,0.,-1.));
#5352 = DIRECTION('',(-1.,0.,0.));
#5353 = ORIENTED_EDGE('',*,*,#5354,.F.);
#5354 = EDGE_CURVE('',#5355,#5344,#5357,.T.);
#5355 = VERTEX_POINT('',#5356);
#5356 = CARTESIAN_POINT('',(6.05,-0.,-9.5));
#5357 = CIRCLE('',#5358,6.05);
#5358 = AXIS2_PLACEMENT_3D('',#5359,#5360,#5361);
#5359 = CARTESIAN_POINT('',(-1.5E-16,-7.6E-16,-9.5));
#5360 = DIRECTION('',(0.,0.,-1.));
#5361 = DIRECTION('',(-1.,0.,0.));
#5362 = ORIENTED_EDGE('',*,*,#5363,.F.);
#5363 = EDGE_CURVE('',#5364,#5355,#5366,.T.);
#5364 = VERTEX_POINT('',#5365);
#5365 = CARTESIAN_POINT('',(2.445744680851,5.533609396776,-9.5));
#5366 = CIRCLE('',#5367,6.05);
#5367 = AXIS2_PLACEMENT_3D('',#5368,#5369,#5370);
#5368 = CARTESIAN_POINT('',(-1.5E-16,-7.6E-16,-9.5));
#5369 = DIRECTION('',(0.,0.,-1.));
#5370 = DIRECTION('',(-1.,0.,0.));
#5371 = ORIENTED_EDGE('',*,*,#5372,.T.);
#5372 = EDGE_CURVE('',#5364,#5373,#5375,.T.);
#5373 = VERTEX_POINT('',#5374);
#5374 = CARTESIAN_POINT('',(1.85,6.448255578061,-9.5));
#5375 = CIRCLE('',#5376,1.);
#5376 = AXIS2_PLACEMENT_3D('',#5377,#5378,#5379);
#5377 = CARTESIAN_POINT('',(2.85,6.448255578061,-9.5));
#5378 = DIRECTION('',(0.,0.,-1.));
#5379 = DIRECTION('',(-1.,0.,0.));
#5380 = ORIENTED_EDGE('',*,*,#5381,.T.);
#5381 = EDGE_CURVE('',#5373,#5382,#5384,.T.);
#5382 = VERTEX_POINT('',#5383);
#5383 = CARTESIAN_POINT('',(1.85,9.3,-9.5));
#5384 = LINE('',#5385,#5386);
#5385 = CARTESIAN_POINT('',(1.85,0.,-9.5));
#5386 = VECTOR('',#5387,1.);
#5387 = DIRECTION('',(9.E-17,1.,0.));
#5388 = ORIENTED_EDGE('',*,*,#5389,.F.);
#5389 = EDGE_CURVE('',#5390,#5382,#5392,.T.);
#5390 = VERTEX_POINT('',#5391);
#5391 = CARTESIAN_POINT('',(-1.85,9.3,-9.5));
#5392 = LINE('',#5393,#5394);
#5393 = CARTESIAN_POINT('',(0.,9.3,-9.5));
#5394 = VECTOR('',#5395,1.);
#5395 = DIRECTION('',(1.,-9.E-17,0.));
#5396 = ORIENTED_EDGE('',*,*,#5397,.F.);
#5397 = EDGE_CURVE('',#5398,#5390,#5400,.T.);
#5398 = VERTEX_POINT('',#5399);
#5399 = CARTESIAN_POINT('',(-1.85,6.766091929615,-9.5));
#5400 = LINE('',#5401,#5402);
#5401 = CARTESIAN_POINT('',(-1.85,0.,-9.5));
#5402 = VECTOR('',#5403,1.);
#5403 = DIRECTION('',(9.E-17,1.,0.));
#5404 = ORIENTED_EDGE('',*,*,#5405,.T.);
#5405 = EDGE_CURVE('',#5398,#5346,#5406,.T.);
#5406 = CIRCLE('',#5407,1.5);
#5407 = AXIS2_PLACEMENT_3D('',#5408,#5409,#5410);
#5408 = CARTESIAN_POINT('',(-3.35,6.766091929615,-9.5));
#5409 = DIRECTION('',(0.,0.,-1.));
#5410 = DIRECTION('',(-1.,0.,0.));
#5411 = FACE_BOUND('',#5412,.T.);
#5412 = EDGE_LOOP('',(#5413,#5424,#5433,#5441,#5448,#5449,#5450,#5458,
    #5467,#5476));
#5413 = ORIENTED_EDGE('',*,*,#5414,.T.);
#5414 = EDGE_CURVE('',#5415,#5417,#5419,.T.);
#5415 = VERTEX_POINT('',#5416);
#5416 = CARTESIAN_POINT('',(-7.5,-1.E-15,-9.5));
#5417 = VERTEX_POINT('',#5418);
#5418 = CARTESIAN_POINT('',(-3.75,6.495190528383,-9.5));
#5419 = CIRCLE('',#5420,7.5);
#5420 = AXIS2_PLACEMENT_3D('',#5421,#5422,#5423);
#5421 = CARTESIAN_POINT('',(0.,-8.9E-16,-9.5));
#5422 = DIRECTION('',(0.,0.,-1.));
#5423 = DIRECTION('',(-1.,0.,0.));
#5424 = ORIENTED_EDGE('',*,*,#5425,.F.);
#5425 = EDGE_CURVE('',#5426,#5417,#5428,.T.);
#5426 = VERTEX_POINT('',#5427);
#5427 = CARTESIAN_POINT('',(-3.25,7.361215932168,-9.5));
#5428 = CIRCLE('',#5429,1.);
#5429 = AXIS2_PLACEMENT_3D('',#5430,#5431,#5432);
#5430 = CARTESIAN_POINT('',(-4.25,7.361215932168,-9.5));
#5431 = DIRECTION('',(0.,0.,-1.));
#5432 = DIRECTION('',(-1.,0.,0.));
#5433 = ORIENTED_EDGE('',*,*,#5434,.T.);
#5434 = EDGE_CURVE('',#5426,#5435,#5437,.T.);
#5435 = VERTEX_POINT('',#5436);
#5436 = CARTESIAN_POINT('',(-3.25,9.1,-9.5));
#5437 = LINE('',#5438,#5439);
#5438 = CARTESIAN_POINT('',(-3.25,7.25,-9.5));
#5439 = VECTOR('',#5440,1.);
#5440 = DIRECTION('',(0.,1.,0.));
#5441 = ORIENTED_EDGE('',*,*,#5442,.T.);
#5442 = EDGE_CURVE('',#5435,#208,#5443,.T.);
#5443 = CIRCLE('',#5444,1.);
#5444 = AXIS2_PLACEMENT_3D('',#5445,#5446,#5447);
#5445 = CARTESIAN_POINT('',(-2.25,9.1,-9.5));
#5446 = DIRECTION('',(0.,0.,-1.));
#5447 = DIRECTION('',(-1.,0.,0.));
#5448 = ORIENTED_EDGE('',*,*,#207,.T.);
#5449 = ORIENTED_EDGE('',*,*,#5327,.T.);
#5450 = ORIENTED_EDGE('',*,*,#5451,.F.);
#5451 = EDGE_CURVE('',#5452,#5320,#5454,.T.);
#5452 = VERTEX_POINT('',#5453);
#5453 = CARTESIAN_POINT('',(3.25,7.361215932168,-9.5));
#5454 = LINE('',#5455,#5456);
#5455 = CARTESIAN_POINT('',(3.25,7.25,-9.5));
#5456 = VECTOR('',#5457,1.);
#5457 = DIRECTION('',(0.,1.,0.));
#5458 = ORIENTED_EDGE('',*,*,#5459,.F.);
#5459 = EDGE_CURVE('',#5460,#5452,#5462,.T.);
#5460 = VERTEX_POINT('',#5461);
#5461 = CARTESIAN_POINT('',(3.75,6.495190528383,-9.5));
#5462 = CIRCLE('',#5463,1.);
#5463 = AXIS2_PLACEMENT_3D('',#5464,#5465,#5466);
#5464 = CARTESIAN_POINT('',(4.25,7.361215932168,-9.5));
#5465 = DIRECTION('',(0.,0.,-1.));
#5466 = DIRECTION('',(-1.,0.,0.));
#5467 = ORIENTED_EDGE('',*,*,#5468,.T.);
#5468 = EDGE_CURVE('',#5460,#5469,#5471,.T.);
#5469 = VERTEX_POINT('',#5470);
#5470 = CARTESIAN_POINT('',(7.5,0.,-9.5));
#5471 = CIRCLE('',#5472,7.5);
#5472 = AXIS2_PLACEMENT_3D('',#5473,#5474,#5475);
#5473 = CARTESIAN_POINT('',(0.,-8.9E-16,-9.5));
#5474 = DIRECTION('',(0.,0.,-1.));
#5475 = DIRECTION('',(-1.,0.,0.));
#5476 = ORIENTED_EDGE('',*,*,#5477,.T.);
#5477 = EDGE_CURVE('',#5469,#5415,#5478,.T.);
#5478 = CIRCLE('',#5479,7.5);
#5479 = AXIS2_PLACEMENT_3D('',#5480,#5481,#5482);
#5480 = CARTESIAN_POINT('',(0.,-8.9E-16,-9.5));
#5481 = DIRECTION('',(0.,0.,-1.));
#5482 = DIRECTION('',(-1.,0.,0.));
#5483 = PLANE('',#5484);
#5484 = AXIS2_PLACEMENT_3D('',#5485,#5486,#5487);
#5485 = CARTESIAN_POINT('',(0.,0.,-9.5));
#5486 = DIRECTION('',(0.,0.,-1.));
#5487 = DIRECTION('',(-1.,0.,0.));
#5488 = ADVANCED_FACE('',(#5489),#5505,.T.);
#5489 = FACE_BOUND('',#5490,.T.);
#5490 = EDGE_LOOP('',(#5491,#5492,#5498,#5499));
#5491 = ORIENTED_EDGE('',*,*,#5252,.T.);
#5492 = ORIENTED_EDGE('',*,*,#5493,.T.);
#5493 = EDGE_CURVE('',#5244,#5346,#5494,.T.);
#5494 = LINE('',#5495,#5496);
#5495 = CARTESIAN_POINT('',(-2.684437086093,5.421835254857,0.));
#5496 = VECTOR('',#5497,1.);
#5497 = DIRECTION('',(0.,0.,-1.));
#5498 = ORIENTED_EDGE('',*,*,#5405,.F.);
#5499 = ORIENTED_EDGE('',*,*,#5500,.F.);
#5500 = EDGE_CURVE('',#5253,#5398,#5501,.T.);
#5501 = LINE('',#5502,#5503);
#5502 = CARTESIAN_POINT('',(-1.85,6.766091929615,0.));
#5503 = VECTOR('',#5504,1.);
#5504 = DIRECTION('',(0.,0.,-1.));
#5505 = CYLINDRICAL_SURFACE('',#5506,1.5);
#5506 = AXIS2_PLACEMENT_3D('',#5507,#5508,#5509);
#5507 = CARTESIAN_POINT('',(-3.35,6.766091929615,0.));
#5508 = DIRECTION('',(0.,0.,-1.));
#5509 = DIRECTION('',(-1.,0.,0.));
#5510 = ADVANCED_FACE('',(#5511),#5572,.F.);
#5511 = FACE_BOUND('',#5512,.T.);
#5512 = EDGE_LOOP('',(#5513,#5523,#5531,#5539,#5546,#5547,#5548,#5549,
    #5557,#5563,#5564,#5565,#5566));
#5513 = ORIENTED_EDGE('',*,*,#5514,.F.);
#5514 = EDGE_CURVE('',#5515,#5517,#5519,.T.);
#5515 = VERTEX_POINT('',#5516);
#5516 = CARTESIAN_POINT('',(-1.85,8.6,-5.));
#5517 = VERTEX_POINT('',#5518);
#5518 = CARTESIAN_POINT('',(-1.85,9.,-5.));
#5519 = LINE('',#5520,#5521);
#5520 = CARTESIAN_POINT('',(-1.85,0.,-5.));
#5521 = VECTOR('',#5522,1.);
#5522 = DIRECTION('',(9.E-17,1.,0.));
#5523 = ORIENTED_EDGE('',*,*,#5524,.T.);
#5524 = EDGE_CURVE('',#5515,#5525,#5527,.T.);
#5525 = VERTEX_POINT('',#5526);
#5526 = CARTESIAN_POINT('',(-1.85,8.6,-3.));
#5527 = LINE('',#5528,#5529);
#5528 = CARTESIAN_POINT('',(-1.85,8.6,0.));
#5529 = VECTOR('',#5530,1.);
#5530 = DIRECTION('',(0.,0.,1.));
#5531 = ORIENTED_EDGE('',*,*,#5532,.T.);
#5532 = EDGE_CURVE('',#5525,#5533,#5535,.T.);
#5533 = VERTEX_POINT('',#5534);
#5534 = CARTESIAN_POINT('',(-1.85,8.142463345981,-0.331036184889));
#5535 = LINE('',#5536,#5537);
#5536 = CARTESIAN_POINT('',(-1.85,8.085714285714,0.));
#5537 = VECTOR('',#5538,1.);
#5538 = DIRECTION('',(-1.E-17,-0.168963815111,0.985622254813));
#5539 = ORIENTED_EDGE('',*,*,#5540,.F.);
#5540 = EDGE_CURVE('',#5262,#5533,#5541,.T.);
#5541 = CIRCLE('',#5542,1.);
#5542 = AXIS2_PLACEMENT_3D('',#5543,#5544,#5545);
#5543 = CARTESIAN_POINT('',(-1.85,7.156841091168,-0.5));
#5544 = DIRECTION('',(-1.,9.E-17,0.));
#5545 = DIRECTION('',(9.E-17,1.,0.));
#5546 = ORIENTED_EDGE('',*,*,#5261,.F.);
#5547 = ORIENTED_EDGE('',*,*,#5500,.T.);
#5548 = ORIENTED_EDGE('',*,*,#5397,.T.);
#5549 = ORIENTED_EDGE('',*,*,#5550,.T.);
#5550 = EDGE_CURVE('',#5390,#5551,#5553,.T.);
#5551 = VERTEX_POINT('',#5552);
#5552 = CARTESIAN_POINT('',(-1.85,9.,-8.7));
#5553 = LINE('',#5554,#5555);
#5554 = CARTESIAN_POINT('',(-1.85,9.3,-9.5));
#5555 = VECTOR('',#5556,1.);
#5556 = DIRECTION('',(-3.E-17,-0.351123441588,0.936329177569));
#5557 = ORIENTED_EDGE('',*,*,#5558,.F.);
#5558 = EDGE_CURVE('',#344,#5551,#5559,.T.);
#5559 = LINE('',#5560,#5561);
#5560 = CARTESIAN_POINT('',(-1.85,9.,0.));
#5561 = VECTOR('',#5562,1.);
#5562 = DIRECTION('',(-0.,0.,-1.));
#5563 = ORIENTED_EDGE('',*,*,#358,.T.);
#5564 = ORIENTED_EDGE('',*,*,#247,.F.);
#5565 = ORIENTED_EDGE('',*,*,#5084,.F.);
#5566 = ORIENTED_EDGE('',*,*,#5567,.F.);
#5567 = EDGE_CURVE('',#5517,#5077,#5568,.T.);
#5568 = LINE('',#5569,#5570);
#5569 = CARTESIAN_POINT('',(-1.85,9.,0.));
#5570 = VECTOR('',#5571,1.);
#5571 = DIRECTION('',(0.,0.,1.));
#5572 = PLANE('',#5573);
#5573 = AXIS2_PLACEMENT_3D('',#5574,#5575,#5576);
#5574 = CARTESIAN_POINT('',(-1.85,-6.E-16,-9.5));
#5575 = DIRECTION('',(-1.,9.E-17,0.));
#5576 = DIRECTION('',(9.E-17,1.,0.));
#5577 = ADVANCED_FACE('',(#5578),#5596,.T.);
#5578 = FACE_BOUND('',#5579,.T.);
#5579 = EDGE_LOOP('',(#5580,#5581,#5582,#5590));
#5580 = ORIENTED_EDGE('',*,*,#341,.T.);
#5581 = ORIENTED_EDGE('',*,*,#5558,.T.);
#5582 = ORIENTED_EDGE('',*,*,#5583,.F.);
#5583 = EDGE_CURVE('',#5584,#5551,#5586,.T.);
#5584 = VERTEX_POINT('',#5585);
#5585 = CARTESIAN_POINT('',(1.85,9.,-8.7));
#5586 = LINE('',#5587,#5588);
#5587 = CARTESIAN_POINT('',(0.,9.,-8.7));
#5588 = VECTOR('',#5589,1.);
#5589 = DIRECTION('',(-1.,4.8E-16,-1.05E-15));
#5590 = ORIENTED_EDGE('',*,*,#5591,.F.);
#5591 = EDGE_CURVE('',#342,#5584,#5592,.T.);
#5592 = LINE('',#5593,#5594);
#5593 = CARTESIAN_POINT('',(1.85,9.,0.));
#5594 = VECTOR('',#5595,1.);
#5595 = DIRECTION('',(-0.,0.,-1.));
#5596 = PLANE('',#5597);
#5597 = AXIS2_PLACEMENT_3D('',#5598,#5599,#5600);
#5598 = CARTESIAN_POINT('',(-1.85,9.,0.));
#5599 = DIRECTION('',(-4.8E-16,-1.,0.));
#5600 = DIRECTION('',(1.,-4.8E-16,-0.));
#5601 = ADVANCED_FACE('',(#5602),#5661,.T.);
#5602 = FACE_BOUND('',#5603,.T.);
#5603 = EDGE_LOOP('',(#5604,#5605,#5614,#5622,#5630,#5638,#5644,#5645,
    #5646,#5647,#5648,#5654,#5655));
#5604 = ORIENTED_EDGE('',*,*,#5277,.F.);
#5605 = ORIENTED_EDGE('',*,*,#5606,.T.);
#5606 = EDGE_CURVE('',#5270,#5607,#5609,.T.);
#5607 = VERTEX_POINT('',#5608);
#5608 = CARTESIAN_POINT('',(1.85,8.142463345981,-0.331036184889));
#5609 = CIRCLE('',#5610,1.);
#5610 = AXIS2_PLACEMENT_3D('',#5611,#5612,#5613);
#5611 = CARTESIAN_POINT('',(1.85,7.156841091168,-0.5));
#5612 = DIRECTION('',(-1.,9.E-17,0.));
#5613 = DIRECTION('',(9.E-17,1.,0.));
#5614 = ORIENTED_EDGE('',*,*,#5615,.F.);
#5615 = EDGE_CURVE('',#5616,#5607,#5618,.T.);
#5616 = VERTEX_POINT('',#5617);
#5617 = CARTESIAN_POINT('',(1.85,8.6,-3.));
#5618 = LINE('',#5619,#5620);
#5619 = CARTESIAN_POINT('',(1.85,8.085714285714,0.));
#5620 = VECTOR('',#5621,1.);
#5621 = DIRECTION('',(0.,-0.168963815111,0.985622254813));
#5622 = ORIENTED_EDGE('',*,*,#5623,.F.);
#5623 = EDGE_CURVE('',#5624,#5616,#5626,.T.);
#5624 = VERTEX_POINT('',#5625);
#5625 = CARTESIAN_POINT('',(1.85,8.6,-5.));
#5626 = LINE('',#5627,#5628);
#5627 = CARTESIAN_POINT('',(1.85,8.6,0.));
#5628 = VECTOR('',#5629,1.);
#5629 = DIRECTION('',(0.,0.,1.));
#5630 = ORIENTED_EDGE('',*,*,#5631,.T.);
#5631 = EDGE_CURVE('',#5624,#5632,#5634,.T.);
#5632 = VERTEX_POINT('',#5633);
#5633 = CARTESIAN_POINT('',(1.85,9.,-5.));
#5634 = LINE('',#5635,#5636);
#5635 = CARTESIAN_POINT('',(1.85,0.,-5.));
#5636 = VECTOR('',#5637,1.);
#5637 = DIRECTION('',(0.,1.,-0.));
#5638 = ORIENTED_EDGE('',*,*,#5639,.T.);
#5639 = EDGE_CURVE('',#5632,#5069,#5640,.T.);
#5640 = LINE('',#5641,#5642);
#5641 = CARTESIAN_POINT('',(1.85,9.,0.));
#5642 = VECTOR('',#5643,1.);
#5643 = DIRECTION('',(0.,0.,1.));
#5644 = ORIENTED_EDGE('',*,*,#5068,.F.);
#5645 = ORIENTED_EDGE('',*,*,#263,.F.);
#5646 = ORIENTED_EDGE('',*,*,#351,.T.);
#5647 = ORIENTED_EDGE('',*,*,#5591,.T.);
#5648 = ORIENTED_EDGE('',*,*,#5649,.F.);
#5649 = EDGE_CURVE('',#5382,#5584,#5650,.T.);
#5650 = LINE('',#5651,#5652);
#5651 = CARTESIAN_POINT('',(1.85,9.3,-9.5));
#5652 = VECTOR('',#5653,1.);
#5653 = DIRECTION('',(-3.E-17,-0.351123441588,0.936329177569));
#5654 = ORIENTED_EDGE('',*,*,#5381,.F.);
#5655 = ORIENTED_EDGE('',*,*,#5656,.F.);
#5656 = EDGE_CURVE('',#5278,#5373,#5657,.T.);
#5657 = LINE('',#5658,#5659);
#5658 = CARTESIAN_POINT('',(1.85,6.448255578061,0.));
#5659 = VECTOR('',#5660,1.);
#5660 = DIRECTION('',(0.,0.,-1.));
#5661 = PLANE('',#5662);
#5662 = AXIS2_PLACEMENT_3D('',#5663,#5664,#5665);
#5663 = CARTESIAN_POINT('',(1.85,9.,0.));
#5664 = DIRECTION('',(-1.,0.,0.));
#5665 = DIRECTION('',(0.,-1.,0.));
#5666 = ADVANCED_FACE('',(#5667),#5678,.T.);
#5667 = FACE_BOUND('',#5668,.T.);
#5668 = EDGE_LOOP('',(#5669,#5670,#5671,#5672));
#5669 = ORIENTED_EDGE('',*,*,#5285,.T.);
#5670 = ORIENTED_EDGE('',*,*,#5656,.T.);
#5671 = ORIENTED_EDGE('',*,*,#5372,.F.);
#5672 = ORIENTED_EDGE('',*,*,#5673,.F.);
#5673 = EDGE_CURVE('',#5286,#5364,#5674,.T.);
#5674 = LINE('',#5675,#5676);
#5675 = CARTESIAN_POINT('',(2.445744680851,5.533609396776,0.));
#5676 = VECTOR('',#5677,1.);
#5677 = DIRECTION('',(0.,0.,-1.));
#5678 = CYLINDRICAL_SURFACE('',#5679,1.);
#5679 = AXIS2_PLACEMENT_3D('',#5680,#5681,#5682);
#5680 = CARTESIAN_POINT('',(2.85,6.448255578061,0.));
#5681 = DIRECTION('',(0.,0.,-1.));
#5682 = DIRECTION('',(-1.,0.,0.));
#5683 = ADVANCED_FACE('',(#5684),#5695,.F.);
#5684 = FACE_BOUND('',#5685,.F.);
#5685 = EDGE_LOOP('',(#5686,#5687,#5688,#5694));
#5686 = ORIENTED_EDGE('',*,*,#5493,.T.);
#5687 = ORIENTED_EDGE('',*,*,#5343,.F.);
#5688 = ORIENTED_EDGE('',*,*,#5689,.F.);
#5689 = EDGE_CURVE('',#5242,#5344,#5690,.T.);
#5690 = LINE('',#5691,#5692);
#5691 = CARTESIAN_POINT('',(-6.05,-7.6E-16,0.));
#5692 = VECTOR('',#5693,1.);
#5693 = DIRECTION('',(0.,0.,-1.));
#5694 = ORIENTED_EDGE('',*,*,#5241,.T.);
#5695 = CYLINDRICAL_SURFACE('',#5696,6.05);
#5696 = AXIS2_PLACEMENT_3D('',#5697,#5698,#5699);
#5697 = CARTESIAN_POINT('',(-1.5E-16,-7.6E-16,0.));
#5698 = DIRECTION('',(0.,0.,-1.));
#5699 = DIRECTION('',(-1.,0.,0.));
#5700 = ADVANCED_FACE('',(#5701),#5712,.T.);
#5701 = FACE_BOUND('',#5702,.T.);
#5702 = EDGE_LOOP('',(#5703,#5704,#5710,#5711));
#5703 = ORIENTED_EDGE('',*,*,#5196,.F.);
#5704 = ORIENTED_EDGE('',*,*,#5705,.T.);
#5705 = EDGE_CURVE('',#5188,#5452,#5706,.T.);
#5706 = LINE('',#5707,#5708);
#5707 = CARTESIAN_POINT('',(3.25,7.361215932168,0.));
#5708 = VECTOR('',#5709,1.);
#5709 = DIRECTION('',(0.,0.,-1.));
#5710 = ORIENTED_EDGE('',*,*,#5451,.T.);
#5711 = ORIENTED_EDGE('',*,*,#5319,.F.);
#5712 = PLANE('',#5713);
#5713 = AXIS2_PLACEMENT_3D('',#5714,#5715,#5716);
#5714 = CARTESIAN_POINT('',(3.25,7.361215932168,0.));
#5715 = DIRECTION('',(1.,0.,0.));
#5716 = DIRECTION('',(-0.,1.,0.));
#5717 = ADVANCED_FACE('',(#5718),#5729,.F.);
#5718 = FACE_BOUND('',#5719,.F.);
#5719 = EDGE_LOOP('',(#5720,#5721,#5722,#5728));
#5720 = ORIENTED_EDGE('',*,*,#5705,.T.);
#5721 = ORIENTED_EDGE('',*,*,#5459,.F.);
#5722 = ORIENTED_EDGE('',*,*,#5723,.F.);
#5723 = EDGE_CURVE('',#5179,#5460,#5724,.T.);
#5724 = LINE('',#5725,#5726);
#5725 = CARTESIAN_POINT('',(3.75,6.495190528383,0.));
#5726 = VECTOR('',#5727,1.);
#5727 = DIRECTION('',(0.,0.,-1.));
#5728 = ORIENTED_EDGE('',*,*,#5187,.T.);
#5729 = CYLINDRICAL_SURFACE('',#5730,1.);
#5730 = AXIS2_PLACEMENT_3D('',#5731,#5732,#5733);
#5731 = CARTESIAN_POINT('',(4.25,7.361215932168,0.));
#5732 = DIRECTION('',(0.,0.,-1.));
#5733 = DIRECTION('',(-1.,0.,0.));
#5734 = ADVANCED_FACE('',(#5735),#5751,.T.);
#5735 = FACE_BOUND('',#5736,.T.);
#5736 = EDGE_LOOP('',(#5737,#5738,#5744,#5745));
#5737 = ORIENTED_EDGE('',*,*,#5160,.T.);
#5738 = ORIENTED_EDGE('',*,*,#5739,.T.);
#5739 = EDGE_CURVE('',#5152,#5417,#5740,.T.);
#5740 = LINE('',#5741,#5742);
#5741 = CARTESIAN_POINT('',(-3.75,6.495190528383,0.));
#5742 = VECTOR('',#5743,1.);
#5743 = DIRECTION('',(0.,0.,-1.));
#5744 = ORIENTED_EDGE('',*,*,#5414,.F.);
#5745 = ORIENTED_EDGE('',*,*,#5746,.F.);
#5746 = EDGE_CURVE('',#5161,#5415,#5747,.T.);
#5747 = LINE('',#5748,#5749);
#5748 = CARTESIAN_POINT('',(-7.5,-8.9E-16,0.));
#5749 = VECTOR('',#5750,1.);
#5750 = DIRECTION('',(0.,0.,-1.));
#5751 = CYLINDRICAL_SURFACE('',#5752,7.5);
#5752 = AXIS2_PLACEMENT_3D('',#5753,#5754,#5755);
#5753 = CARTESIAN_POINT('',(0.,-8.9E-16,0.));
#5754 = DIRECTION('',(0.,0.,-1.));
#5755 = DIRECTION('',(-1.,0.,0.));
#5756 = ADVANCED_FACE('',(#5757),#5768,.F.);
#5757 = FACE_BOUND('',#5758,.F.);
#5758 = EDGE_LOOP('',(#5759,#5760,#5761,#5767));
#5759 = ORIENTED_EDGE('',*,*,#5739,.T.);
#5760 = ORIENTED_EDGE('',*,*,#5425,.F.);
#5761 = ORIENTED_EDGE('',*,*,#5762,.F.);
#5762 = EDGE_CURVE('',#5144,#5426,#5763,.T.);
#5763 = LINE('',#5764,#5765);
#5764 = CARTESIAN_POINT('',(-3.25,7.361215932168,0.));
#5765 = VECTOR('',#5766,1.);
#5766 = DIRECTION('',(0.,0.,-1.));
#5767 = ORIENTED_EDGE('',*,*,#5151,.T.);
#5768 = CYLINDRICAL_SURFACE('',#5769,1.);
#5769 = AXIS2_PLACEMENT_3D('',#5770,#5771,#5772);
#5770 = CARTESIAN_POINT('',(-4.25,7.361215932168,0.));
#5771 = DIRECTION('',(0.,0.,-1.));
#5772 = DIRECTION('',(-1.,0.,0.));
#5773 = ADVANCED_FACE('',(#5774),#5785,.T.);
#5774 = FACE_BOUND('',#5775,.T.);
#5775 = EDGE_LOOP('',(#5776,#5777,#5783,#5784));
#5776 = ORIENTED_EDGE('',*,*,#5143,.F.);
#5777 = ORIENTED_EDGE('',*,*,#5778,.T.);
#5778 = EDGE_CURVE('',#5135,#5435,#5779,.T.);
#5779 = LINE('',#5780,#5781);
#5780 = CARTESIAN_POINT('',(-3.25,9.1,0.));
#5781 = VECTOR('',#5782,1.);
#5782 = DIRECTION('',(0.,0.,-1.));
#5783 = ORIENTED_EDGE('',*,*,#5434,.F.);
#5784 = ORIENTED_EDGE('',*,*,#5762,.F.);
#5785 = PLANE('',#5786);
#5786 = AXIS2_PLACEMENT_3D('',#5787,#5788,#5789);
#5787 = CARTESIAN_POINT('',(-3.25,9.1,0.));
#5788 = DIRECTION('',(-1.,0.,0.));
#5789 = DIRECTION('',(0.,-1.,0.));
#5790 = ADVANCED_FACE('',(#5791),#5797,.T.);
#5791 = FACE_BOUND('',#5792,.T.);
#5792 = EDGE_LOOP('',(#5793,#5794,#5795,#5796));
#5793 = ORIENTED_EDGE('',*,*,#5134,.T.);
#5794 = ORIENTED_EDGE('',*,*,#215,.T.);
#5795 = ORIENTED_EDGE('',*,*,#5442,.F.);
#5796 = ORIENTED_EDGE('',*,*,#5778,.F.);
#5797 = CYLINDRICAL_SURFACE('',#5798,1.);
#5798 = AXIS2_PLACEMENT_3D('',#5799,#5800,#5801);
#5799 = CARTESIAN_POINT('',(-2.25,9.1,0.));
#5800 = DIRECTION('',(0.,0.,-1.));
#5801 = DIRECTION('',(-1.,0.,0.));
#5802 = ADVANCED_FACE('',(#5803),#5814,.T.);
#5803 = FACE_BOUND('',#5804,.T.);
#5804 = EDGE_LOOP('',(#5805,#5806,#5807,#5813));
#5805 = ORIENTED_EDGE('',*,*,#5076,.F.);
#5806 = ORIENTED_EDGE('',*,*,#5639,.F.);
#5807 = ORIENTED_EDGE('',*,*,#5808,.F.);
#5808 = EDGE_CURVE('',#5517,#5632,#5809,.T.);
#5809 = LINE('',#5810,#5811);
#5810 = CARTESIAN_POINT('',(6.4E-16,9.,-5.));
#5811 = VECTOR('',#5812,1.);
#5812 = DIRECTION('',(1.,-9.E-17,0.));
#5813 = ORIENTED_EDGE('',*,*,#5567,.T.);
#5814 = PLANE('',#5815);
#5815 = AXIS2_PLACEMENT_3D('',#5816,#5817,#5818);
#5816 = CARTESIAN_POINT('',(1.85,9.,2.));
#5817 = DIRECTION('',(0.,1.,0.));
#5818 = DIRECTION('',(1.,-0.,0.));
#5819 = ADVANCED_FACE('',(#5820),#5826,.F.);
#5820 = FACE_BOUND('',#5821,.T.);
#5821 = EDGE_LOOP('',(#5822,#5823,#5824,#5825));
#5822 = ORIENTED_EDGE('',*,*,#5649,.T.);
#5823 = ORIENTED_EDGE('',*,*,#5583,.T.);
#5824 = ORIENTED_EDGE('',*,*,#5550,.F.);
#5825 = ORIENTED_EDGE('',*,*,#5389,.T.);
#5826 = PLANE('',#5827);
#5827 = AXIS2_PLACEMENT_3D('',#5828,#5829,#5830);
#5828 = CARTESIAN_POINT('',(6.7E-16,9.3,-9.5));
#5829 = DIRECTION('',(8.E-17,0.936329177569,0.351123441588));
#5830 = DIRECTION('',(-3.E-17,-0.351123441588,0.936329177569));
#5831 = ADVANCED_FACE('',(#5832),#5843,.F.);
#5832 = FACE_BOUND('',#5833,.F.);
#5833 = EDGE_LOOP('',(#5834,#5835,#5836,#5837));
#5834 = ORIENTED_EDGE('',*,*,#5540,.F.);
#5835 = ORIENTED_EDGE('',*,*,#5269,.F.);
#5836 = ORIENTED_EDGE('',*,*,#5606,.T.);
#5837 = ORIENTED_EDGE('',*,*,#5838,.T.);
#5838 = EDGE_CURVE('',#5607,#5533,#5839,.T.);
#5839 = LINE('',#5840,#5841);
#5840 = CARTESIAN_POINT('',(5.6E-16,8.142463345981,-0.331036184889));
#5841 = VECTOR('',#5842,1.);
#5842 = DIRECTION('',(-1.,9.E-17,0.));
#5843 = CYLINDRICAL_SURFACE('',#5844,1.);
#5844 = AXIS2_PLACEMENT_3D('',#5845,#5846,#5847);
#5845 = CARTESIAN_POINT('',(4.8E-16,7.156841091168,-0.5));
#5846 = DIRECTION('',(-1.,9.E-17,0.));
#5847 = DIRECTION('',(9.E-17,1.,0.));
#5848 = ADVANCED_FACE('',(#5849),#5860,.T.);
#5849 = FACE_BOUND('',#5850,.T.);
#5850 = EDGE_LOOP('',(#5851,#5852,#5853,#5859));
#5851 = ORIENTED_EDGE('',*,*,#5838,.T.);
#5852 = ORIENTED_EDGE('',*,*,#5532,.F.);
#5853 = ORIENTED_EDGE('',*,*,#5854,.T.);
#5854 = EDGE_CURVE('',#5525,#5616,#5855,.T.);
#5855 = LINE('',#5856,#5857);
#5856 = CARTESIAN_POINT('',(6.E-16,8.6,-3.));
#5857 = VECTOR('',#5858,1.);
#5858 = DIRECTION('',(1.,-9.E-17,0.));
#5859 = ORIENTED_EDGE('',*,*,#5615,.T.);
#5860 = PLANE('',#5861);
#5861 = AXIS2_PLACEMENT_3D('',#5862,#5863,#5864);
#5862 = CARTESIAN_POINT('',(5.6E-16,8.142463345981,-0.331036184889));
#5863 = DIRECTION('',(-9.E-17,-0.985622254813,-0.168963815111));
#5864 = DIRECTION('',(1.E-17,0.168963815111,-0.985622254813));
#5865 = ADVANCED_FACE('',(#5866),#5877,.F.);
#5866 = FACE_BOUND('',#5867,.T.);
#5867 = EDGE_LOOP('',(#5868,#5869,#5870,#5876));
#5868 = ORIENTED_EDGE('',*,*,#5808,.T.);
#5869 = ORIENTED_EDGE('',*,*,#5631,.F.);
#5870 = ORIENTED_EDGE('',*,*,#5871,.T.);
#5871 = EDGE_CURVE('',#5624,#5515,#5872,.T.);
#5872 = LINE('',#5873,#5874);
#5873 = CARTESIAN_POINT('',(6.E-16,8.6,-5.));
#5874 = VECTOR('',#5875,1.);
#5875 = DIRECTION('',(-1.,9.E-17,0.));
#5876 = ORIENTED_EDGE('',*,*,#5514,.T.);
#5877 = PLANE('',#5878);
#5878 = AXIS2_PLACEMENT_3D('',#5879,#5880,#5881);
#5879 = CARTESIAN_POINT('',(6.E-16,8.6,-5.));
#5880 = DIRECTION('',(0.,0.,1.));
#5881 = DIRECTION('',(-9.E-17,-1.,0.));
#5882 = ADVANCED_FACE('',(#5883),#5889,.T.);
#5883 = FACE_BOUND('',#5884,.T.);
#5884 = EDGE_LOOP('',(#5885,#5886,#5887,#5888));
#5885 = ORIENTED_EDGE('',*,*,#5854,.F.);
#5886 = ORIENTED_EDGE('',*,*,#5524,.F.);
#5887 = ORIENTED_EDGE('',*,*,#5871,.F.);
#5888 = ORIENTED_EDGE('',*,*,#5623,.T.);
#5889 = PLANE('',#5890);
#5890 = AXIS2_PLACEMENT_3D('',#5891,#5892,#5893);
#5891 = CARTESIAN_POINT('',(6.E-16,8.6,-3.));
#5892 = DIRECTION('',(-9.E-17,-1.,-0.));
#5893 = DIRECTION('',(0.,0.,-1.));
#5894 = ADVANCED_FACE('',(#5895),#5906,.F.);
#5895 = FACE_BOUND('',#5896,.F.);
#5896 = EDGE_LOOP('',(#5897,#5898,#5904,#5905));
#5897 = ORIENTED_EDGE('',*,*,#5354,.F.);
#5898 = ORIENTED_EDGE('',*,*,#5899,.F.);
#5899 = EDGE_CURVE('',#5295,#5355,#5900,.T.);
#5900 = LINE('',#5901,#5902);
#5901 = CARTESIAN_POINT('',(6.05,-2.E-17,0.));
#5902 = VECTOR('',#5903,1.);
#5903 = DIRECTION('',(0.,0.,-1.));
#5904 = ORIENTED_EDGE('',*,*,#5303,.T.);
#5905 = ORIENTED_EDGE('',*,*,#5689,.T.);
#5906 = CYLINDRICAL_SURFACE('',#5907,6.05);
#5907 = AXIS2_PLACEMENT_3D('',#5908,#5909,#5910);
#5908 = CARTESIAN_POINT('',(-1.5E-16,-7.6E-16,0.));
#5909 = DIRECTION('',(0.,0.,-1.));
#5910 = DIRECTION('',(-1.,0.,0.));
#5911 = ADVANCED_FACE('',(#5912),#5918,.F.);
#5912 = FACE_BOUND('',#5913,.F.);
#5913 = EDGE_LOOP('',(#5914,#5915,#5916,#5917));
#5914 = ORIENTED_EDGE('',*,*,#5363,.F.);
#5915 = ORIENTED_EDGE('',*,*,#5673,.F.);
#5916 = ORIENTED_EDGE('',*,*,#5294,.T.);
#5917 = ORIENTED_EDGE('',*,*,#5899,.T.);
#5918 = CYLINDRICAL_SURFACE('',#5919,6.05);
#5919 = AXIS2_PLACEMENT_3D('',#5920,#5921,#5922);
#5920 = CARTESIAN_POINT('',(-1.5E-16,-7.6E-16,0.));
#5921 = DIRECTION('',(0.,0.,-1.));
#5922 = DIRECTION('',(-1.,0.,0.));
#5923 = ADVANCED_FACE('',(#5924),#5935,.T.);
#5924 = FACE_BOUND('',#5925,.T.);
#5925 = EDGE_LOOP('',(#5926,#5927,#5928,#5934));
#5926 = ORIENTED_EDGE('',*,*,#5746,.T.);
#5927 = ORIENTED_EDGE('',*,*,#5477,.F.);
#5928 = ORIENTED_EDGE('',*,*,#5929,.F.);
#5929 = EDGE_CURVE('',#5170,#5469,#5930,.T.);
#5930 = LINE('',#5931,#5932);
#5931 = CARTESIAN_POINT('',(7.5,3.E-17,0.));
#5932 = VECTOR('',#5933,1.);
#5933 = DIRECTION('',(0.,0.,-1.));
#5934 = ORIENTED_EDGE('',*,*,#5169,.T.);
#5935 = CYLINDRICAL_SURFACE('',#5936,7.5);
#5936 = AXIS2_PLACEMENT_3D('',#5937,#5938,#5939);
#5937 = CARTESIAN_POINT('',(0.,-8.9E-16,0.));
#5938 = DIRECTION('',(0.,0.,-1.));
#5939 = DIRECTION('',(-1.,0.,0.));
#5940 = ADVANCED_FACE('',(#5941),#5947,.T.);
#5941 = FACE_BOUND('',#5942,.T.);
#5942 = EDGE_LOOP('',(#5943,#5944,#5945,#5946));
#5943 = ORIENTED_EDGE('',*,*,#5929,.T.);
#5944 = ORIENTED_EDGE('',*,*,#5468,.F.);
#5945 = ORIENTED_EDGE('',*,*,#5723,.F.);
#5946 = ORIENTED_EDGE('',*,*,#5178,.T.);
#5947 = CYLINDRICAL_SURFACE('',#5948,7.5);
#5948 = AXIS2_PLACEMENT_3D('',#5949,#5950,#5951);
#5949 = CARTESIAN_POINT('',(0.,-8.9E-16,0.));
#5950 = DIRECTION('',(0.,0.,-1.));
#5951 = DIRECTION('',(-1.,0.,0.));
#5952 = ( GEOMETRIC_REPRESENTATION_CONTEXT(3) 
GLOBAL_UNCERTAINTY_ASSIGNED_CONTEXT((#5956)) 
GLOBAL_UNIT_ASSIGNED_CONTEXT((#5953,#5954,#5955)) REPRESENTATION_CONTEXT
('Context #1','3D Context with UNIT and UNCERTAINTY') );
#5953 = ( LENGTH_UNIT() NAMED_UNIT(*) SI_UNIT(.MILLI.,.METRE.) );
#5954 = ( NAMED_UNIT(*) PLANE_ANGLE_UNIT() SI_UNIT($,.RADIAN.) );
#5955 = ( NAMED_UNIT(*) SI_UNIT($,.STERADIAN.) SOLID_ANGLE_UNIT() );
#5956 = UNCERTAINTY_MEASURE_WITH_UNIT(LENGTH_MEASURE(2.E-07),#5953,
  'distance_accuracy_value','confusion accuracy');
#5957 = PRODUCT_RELATED_PRODUCT_CATEGORY('part',$,(#7));
#5958 = MECHANICAL_DESIGN_GEOMETRIC_PRESENTATION_REPRESENTATION('',(
    #5959),#5952);
#5959 = STYLED_ITEM('color',(#5960),#15);
#5960 = PRESENTATION_STYLE_ASSIGNMENT((#5961,#5967));
#5961 = SURFACE_STYLE_USAGE(.BOTH.,#5962);
#5962 = SURFACE_SIDE_STYLE('',(#5963));
#5963 = SURFACE_STYLE_FILL_AREA(#5964);
#5964 = FILL_AREA_STYLE('',(#5965));
#5965 = FILL_AREA_STYLE_COLOUR('',#5966);
#5966 = COLOUR_RGB('',3.137254979461E-02,3.137254979461E-02,
  3.137254979461E-02);
#5967 = CURVE_STYLE('',#5968,POSITIVE_LENGTH_MEASURE(0.1),#5969);
#5968 = DRAUGHTING_PRE_DEFINED_CURVE_FONT('continuous');
#5969 = COLOUR_RGB('',0.678431390124,0.709803936702,0.741176476869);
ENDSEC;
END-ISO-10303-21;
