ISO-10303-21;
HEADER;
FILE_DESCRIPTION(('FreeCAD Model'),'2;1');
FILE_NAME('Open CASCADE Shape Model','2026-06-05T18:11:11',(''),(''),
  'Open CASCADE STEP processor 7.9','FreeCAD','Unknown');
FILE_SCHEMA(('AUTOMOTIVE_DESIGN { 1 0 10303 214 1 1 1 1 }'));
ENDSEC;
DATA;
#1 = APPLICATION_PROTOCOL_DEFINITION('international standard',
  'automotive_design',2000,#2);
#2 = APPLICATION_CONTEXT(
  'core data for automotive mechanical design processes');
#3 = SHAPE_DEFINITION_REPRESENTATION(#4,#10);
#4 = PRODUCT_DEFINITION_SHAPE('','',#5);
#5 = PRODUCT_DEFINITION('design','',#6,#9);
#6 = PRODUCT_DEFINITION_FORMATION('','',#7);
#7 = PRODUCT('OLED_0_69_X069_9616TSWIG02_H14',
  'OLED_0_69_X069_9616TSWIG02_H14','',(#8));
#8 = PRODUCT_CONTEXT('',#2,'mechanical');
#9 = PRODUCT_DEFINITION_CONTEXT('part definition',#2,'design');
#10 = SHAPE_REPRESENTATION('',(#11,#15,#19),#23);
#11 = AXIS2_PLACEMENT_3D('',#12,#13,#14);
#12 = CARTESIAN_POINT('',(0.,0.,0.));
#13 = DIRECTION('',(0.,0.,1.));
#14 = DIRECTION('',(1.,0.,-0.));
#15 = AXIS2_PLACEMENT_3D('',#16,#17,#18);
#16 = CARTESIAN_POINT('',(0.,0.,0.));
#17 = DIRECTION('',(0.,0.,1.));
#18 = DIRECTION('',(1.,0.,0.));
#19 = AXIS2_PLACEMENT_3D('',#20,#21,#22);
#20 = CARTESIAN_POINT('',(0.,0.,0.));
#21 = DIRECTION('',(0.,0.,1.));
#22 = DIRECTION('',(1.,0.,0.));
#23 = ( GEOMETRIC_REPRESENTATION_CONTEXT(3) 
GLOBAL_UNCERTAINTY_ASSIGNED_CONTEXT((#27)) GLOBAL_UNIT_ASSIGNED_CONTEXT(
(#24,#25,#26)) REPRESENTATION_CONTEXT('Context #1',
  '3D Context with UNIT and UNCERTAINTY') );
#24 = ( LENGTH_UNIT() NAMED_UNIT(*) SI_UNIT(.MILLI.,.METRE.) );
#25 = ( NAMED_UNIT(*) PLANE_ANGLE_UNIT() SI_UNIT($,.RADIAN.) );
#26 = ( NAMED_UNIT(*) SI_UNIT($,.STERADIAN.) SOLID_ANGLE_UNIT() );
#27 = UNCERTAINTY_MEASURE_WITH_UNIT(LENGTH_MEASURE(5.E-05),#24,
  'distance_accuracy_value','confusion accuracy');
#28 = PRODUCT_RELATED_PRODUCT_CATEGORY('part',$,(#7));
#29 = SHAPE_DEFINITION_REPRESENTATION(#30,#36);
#30 = PRODUCT_DEFINITION_SHAPE('','',#31);
#31 = PRODUCT_DEFINITION('design','',#32,#35);
#32 = PRODUCT_DEFINITION_FORMATION('','',#33);
#33 = PRODUCT('Screen','Screen','',(#34));
#34 = PRODUCT_CONTEXT('',#2,'mechanical');
#35 = PRODUCT_DEFINITION_CONTEXT('part definition',#2,'design');
#36 = ADVANCED_BREP_SHAPE_REPRESENTATION('',(#11,#37),#187);
#37 = MANIFOLD_SOLID_BREP('',#38);
#38 = CLOSED_SHELL('',(#39,#79,#110,#141,#163,#175));
#39 = ADVANCED_FACE('',(#40),#74,.F.);
#40 = FACE_BOUND('',#41,.F.);
#41 = EDGE_LOOP('',(#42,#52,#60,#68));
#42 = ORIENTED_EDGE('',*,*,#43,.T.);
#43 = EDGE_CURVE('',#44,#46,#48,.T.);
#44 = VERTEX_POINT('',#45);
#45 = CARTESIAN_POINT('',(12.,-3.45,0.));
#46 = VERTEX_POINT('',#47);
#47 = CARTESIAN_POINT('',(12.,-3.45,1.25));
#48 = LINE('',#49,#50);
#49 = CARTESIAN_POINT('',(12.,-3.45,0.));
#50 = VECTOR('',#51,1.);
#51 = DIRECTION('',(0.,0.,1.));
#52 = ORIENTED_EDGE('',*,*,#53,.T.);
#53 = EDGE_CURVE('',#46,#54,#56,.T.);
#54 = VERTEX_POINT('',#55);
#55 = CARTESIAN_POINT('',(12.,3.45,1.25));
#56 = LINE('',#57,#58);
#57 = CARTESIAN_POINT('',(12.,-3.45,1.25));
#58 = VECTOR('',#59,1.);
#59 = DIRECTION('',(0.,1.,0.));
#60 = ORIENTED_EDGE('',*,*,#61,.F.);
#61 = EDGE_CURVE('',#62,#54,#64,.T.);
#62 = VERTEX_POINT('',#63);
#63 = CARTESIAN_POINT('',(12.,3.45,0.));
#64 = LINE('',#65,#66);
#65 = CARTESIAN_POINT('',(12.,3.45,0.));
#66 = VECTOR('',#67,1.);
#67 = DIRECTION('',(0.,0.,1.));
#68 = ORIENTED_EDGE('',*,*,#69,.F.);
#69 = EDGE_CURVE('',#44,#62,#70,.T.);
#70 = LINE('',#71,#72);
#71 = CARTESIAN_POINT('',(12.,-3.45,0.));
#72 = VECTOR('',#73,1.);
#73 = DIRECTION('',(0.,1.,0.));
#74 = PLANE('',#75);
#75 = AXIS2_PLACEMENT_3D('',#76,#77,#78);
#76 = CARTESIAN_POINT('',(12.,-3.45,0.));
#77 = DIRECTION('',(-1.,0.,0.));
#78 = DIRECTION('',(0.,1.,0.));
#79 = ADVANCED_FACE('',(#80),#105,.F.);
#80 = FACE_BOUND('',#81,.F.);
#81 = EDGE_LOOP('',(#82,#83,#91,#99));
#82 = ORIENTED_EDGE('',*,*,#61,.T.);
#83 = ORIENTED_EDGE('',*,*,#84,.T.);
#84 = EDGE_CURVE('',#54,#85,#87,.T.);
#85 = VERTEX_POINT('',#86);
#86 = CARTESIAN_POINT('',(-12.,3.45,1.25));
#87 = LINE('',#88,#89);
#88 = CARTESIAN_POINT('',(12.,3.45,1.25));
#89 = VECTOR('',#90,1.);
#90 = DIRECTION('',(-1.,0.,0.));
#91 = ORIENTED_EDGE('',*,*,#92,.F.);
#92 = EDGE_CURVE('',#93,#85,#95,.T.);
#93 = VERTEX_POINT('',#94);
#94 = CARTESIAN_POINT('',(-12.,3.45,0.));
#95 = LINE('',#96,#97);
#96 = CARTESIAN_POINT('',(-12.,3.45,0.));
#97 = VECTOR('',#98,1.);
#98 = DIRECTION('',(0.,0.,1.));
#99 = ORIENTED_EDGE('',*,*,#100,.F.);
#100 = EDGE_CURVE('',#62,#93,#101,.T.);
#101 = LINE('',#102,#103);
#102 = CARTESIAN_POINT('',(12.,3.45,0.));
#103 = VECTOR('',#104,1.);
#104 = DIRECTION('',(-1.,0.,0.));
#105 = PLANE('',#106);
#106 = AXIS2_PLACEMENT_3D('',#107,#108,#109);
#107 = CARTESIAN_POINT('',(12.,3.45,0.));
#108 = DIRECTION('',(0.,-1.,0.));
#109 = DIRECTION('',(-1.,0.,0.));
#110 = ADVANCED_FACE('',(#111),#136,.F.);
#111 = FACE_BOUND('',#112,.F.);
#112 = EDGE_LOOP('',(#113,#114,#122,#130));
#113 = ORIENTED_EDGE('',*,*,#92,.T.);
#114 = ORIENTED_EDGE('',*,*,#115,.T.);
#115 = EDGE_CURVE('',#85,#116,#118,.T.);
#116 = VERTEX_POINT('',#117);
#117 = CARTESIAN_POINT('',(-12.,-3.45,1.25));
#118 = LINE('',#119,#120);
#119 = CARTESIAN_POINT('',(-12.,3.45,1.25));
#120 = VECTOR('',#121,1.);
#121 = DIRECTION('',(0.,-1.,0.));
#122 = ORIENTED_EDGE('',*,*,#123,.F.);
#123 = EDGE_CURVE('',#124,#116,#126,.T.);
#124 = VERTEX_POINT('',#125);
#125 = CARTESIAN_POINT('',(-12.,-3.45,0.));
#126 = LINE('',#127,#128);
#127 = CARTESIAN_POINT('',(-12.,-3.45,0.));
#128 = VECTOR('',#129,1.);
#129 = DIRECTION('',(0.,0.,1.));
#130 = ORIENTED_EDGE('',*,*,#131,.F.);
#131 = EDGE_CURVE('',#93,#124,#132,.T.);
#132 = LINE('',#133,#134);
#133 = CARTESIAN_POINT('',(-12.,3.45,0.));
#134 = VECTOR('',#135,1.);
#135 = DIRECTION('',(0.,-1.,0.));
#136 = PLANE('',#137);
#137 = AXIS2_PLACEMENT_3D('',#138,#139,#140);
#138 = CARTESIAN_POINT('',(-12.,3.45,0.));
#139 = DIRECTION('',(1.,0.,0.));
#140 = DIRECTION('',(0.,-1.,0.));
#141 = ADVANCED_FACE('',(#142),#158,.F.);
#142 = FACE_BOUND('',#143,.F.);
#143 = EDGE_LOOP('',(#144,#145,#151,#152));
#144 = ORIENTED_EDGE('',*,*,#123,.T.);
#145 = ORIENTED_EDGE('',*,*,#146,.T.);
#146 = EDGE_CURVE('',#116,#46,#147,.T.);
#147 = LINE('',#148,#149);
#148 = CARTESIAN_POINT('',(-12.,-3.45,1.25));
#149 = VECTOR('',#150,1.);
#150 = DIRECTION('',(1.,0.,0.));
#151 = ORIENTED_EDGE('',*,*,#43,.F.);
#152 = ORIENTED_EDGE('',*,*,#153,.F.);
#153 = EDGE_CURVE('',#124,#44,#154,.T.);
#154 = LINE('',#155,#156);
#155 = CARTESIAN_POINT('',(-12.,-3.45,0.));
#156 = VECTOR('',#157,1.);
#157 = DIRECTION('',(1.,0.,0.));
#158 = PLANE('',#159);
#159 = AXIS2_PLACEMENT_3D('',#160,#161,#162);
#160 = CARTESIAN_POINT('',(-12.,-3.45,0.));
#161 = DIRECTION('',(0.,1.,0.));
#162 = DIRECTION('',(1.,0.,0.));
#163 = ADVANCED_FACE('',(#164),#170,.F.);
#164 = FACE_BOUND('',#165,.F.);
#165 = EDGE_LOOP('',(#166,#167,#168,#169));
#166 = ORIENTED_EDGE('',*,*,#69,.T.);
#167 = ORIENTED_EDGE('',*,*,#100,.T.);
#168 = ORIENTED_EDGE('',*,*,#131,.T.);
#169 = ORIENTED_EDGE('',*,*,#153,.T.);
#170 = PLANE('',#171);
#171 = AXIS2_PLACEMENT_3D('',#172,#173,#174);
#172 = CARTESIAN_POINT('',(0.,0.,0.));
#173 = DIRECTION('',(0.,0.,1.));
#174 = DIRECTION('',(1.,0.,0.));
#175 = ADVANCED_FACE('',(#176),#182,.T.);
#176 = FACE_BOUND('',#177,.T.);
#177 = EDGE_LOOP('',(#178,#179,#180,#181));
#178 = ORIENTED_EDGE('',*,*,#53,.T.);
#179 = ORIENTED_EDGE('',*,*,#84,.T.);
#180 = ORIENTED_EDGE('',*,*,#115,.T.);
#181 = ORIENTED_EDGE('',*,*,#146,.T.);
#182 = PLANE('',#183);
#183 = AXIS2_PLACEMENT_3D('',#184,#185,#186);
#184 = CARTESIAN_POINT('',(0.,0.,1.25));
#185 = DIRECTION('',(0.,0.,1.));
#186 = DIRECTION('',(1.,0.,0.));
#187 = ( GEOMETRIC_REPRESENTATION_CONTEXT(3) 
GLOBAL_UNCERTAINTY_ASSIGNED_CONTEXT((#191)) GLOBAL_UNIT_ASSIGNED_CONTEXT
((#188,#189,#190)) REPRESENTATION_CONTEXT('Context #1',
  '3D Context with UNIT and UNCERTAINTY') );
#188 = ( LENGTH_UNIT() NAMED_UNIT(*) SI_UNIT(.MILLI.,.METRE.) );
#189 = ( NAMED_UNIT(*) PLANE_ANGLE_UNIT() SI_UNIT($,.RADIAN.) );
#190 = ( NAMED_UNIT(*) SI_UNIT($,.STERADIAN.) SOLID_ANGLE_UNIT() );
#191 = UNCERTAINTY_MEASURE_WITH_UNIT(LENGTH_MEASURE(1.E-07),#188,
  'distance_accuracy_value','confusion accuracy');
#192 = CONTEXT_DEPENDENT_SHAPE_REPRESENTATION(#193,#195);
#193 = ( REPRESENTATION_RELATIONSHIP('','',#36,#10) 
REPRESENTATION_RELATIONSHIP_WITH_TRANSFORMATION(#194) 
SHAPE_REPRESENTATION_RELATIONSHIP() );
#194 = ITEM_DEFINED_TRANSFORMATION('','',#11,#15);
#195 = PRODUCT_DEFINITION_SHAPE('Placement','Placement of an item',#196
  );
#196 = NEXT_ASSEMBLY_USAGE_OCCURRENCE('1','Screen','',#5,#31,$);
#197 = PRODUCT_RELATED_PRODUCT_CATEGORY('part',$,(#33));
#198 = SHAPE_DEFINITION_REPRESENTATION(#199,#205);
#199 = PRODUCT_DEFINITION_SHAPE('','',#200);
#200 = PRODUCT_DEFINITION('design','',#201,#204);
#201 = PRODUCT_DEFINITION_FORMATION('','',#202);
#202 = PRODUCT('Cable','Cable','',(#203));
#203 = PRODUCT_CONTEXT('',#2,'mechanical');
#204 = PRODUCT_DEFINITION_CONTEXT('part definition',#2,'design');
#205 = ADVANCED_BREP_SHAPE_REPRESENTATION('',(#11,#206),#1476);
#206 = MANIFOLD_SOLID_BREP('',#207);
#207 = CLOSED_SHELL('',(#208,#364,#395,#437,#759,#828,#1156,#1192,#1216,
    #1240,#1257,#1281,#1305,#1329,#1353,#1377,#1394,#1419,#1444,#1456));
#208 = ADVANCED_FACE('',(#209),#359,.F.);
#209 = FACE_BOUND('',#210,.T.);
#210 = EDGE_LOOP('',(#211,#221,#230,#287,#295,#352));
#211 = ORIENTED_EDGE('',*,*,#212,.F.);
#212 = EDGE_CURVE('',#213,#215,#217,.T.);
#213 = VERTEX_POINT('',#214);
#214 = CARTESIAN_POINT('',(13.536062020263,2.79,0.625));
#215 = VERTEX_POINT('',#216);
#216 = CARTESIAN_POINT('',(13.536062020263,-2.79,0.625));
#217 = LINE('',#218,#219);
#218 = CARTESIAN_POINT('',(13.536062020263,-2.79,0.625));
#219 = VECTOR('',#220,1.);
#220 = DIRECTION('',(-0.,-1.,-0.));
#221 = ORIENTED_EDGE('',*,*,#222,.F.);
#222 = EDGE_CURVE('',#223,#213,#225,.T.);
#223 = VERTEX_POINT('',#224);
#224 = CARTESIAN_POINT('',(14.003366841037,2.79,0.302837578934));
#225 = CIRCLE('',#226,0.5);
#226 = AXIS2_PLACEMENT_3D('',#227,#228,#229);
#227 = CARTESIAN_POINT('',(13.536062020263,2.79,0.125));
#228 = DIRECTION('',(0.,-1.,0.));
#229 = DIRECTION('',(0.934609641548,0.,0.355675157869));
#230 = ORIENTED_EDGE('',*,*,#231,.F.);
#231 = EDGE_CURVE('',#232,#223,#234,.T.);
#232 = VERTEX_POINT('',#233);
#233 = CARTESIAN_POINT('',(13.536062020263,3.616969975159,-0.375));
#234 = B_SPLINE_CURVE_WITH_KNOTS('',3,(#235,#236,#237,#238,#239,#240,
    #241,#242,#243,#244,#245,#246,#247,#248,#249,#250,#251,#252,#253,
    #254,#255,#256,#257,#258,#259,#260,#261,#262,#263,#264,#265,#266,
    #267,#268,#269,#270,#271,#272,#273,#274,#275,#276,#277,#278,#279,
    #280,#281,#282,#283,#284,#285,#286),.UNSPECIFIED.,.F.,.F.,(4,1,1,1,1
    ,1,1,1,1,1,1,1,1,1,1,1,1,1,1,1,1,1,1,1,1,1,1,1,1,1,1,1,1,1,1,1,1,1,1
    ,1,1,1,1,1,1,1,1,1,1,4),(0.,2.750065967587E-02,5.500131935175E-02,
    8.250197902762E-02,0.110002638703,0.137503298379,0.165003958055,
    0.192504617731,0.220005277407,0.247505937083,0.275006596759,
    0.302507256435,0.33000791611,0.357508575786,0.385009235462,
    0.412509895138,0.440010554814,0.46751121449,0.495011874166,
    0.522512533842,0.550013193517,0.577513853193,0.605014512869,
    0.632515172545,0.660015832221,0.687516491897,0.715017151573,
    0.742517811249,0.770018470924,0.7975191306,0.825019790276,
    0.852520449952,0.880021109628,0.907521769304,0.93502242898,
    0.962523088656,0.990023748331,1.017524408007,1.045025067683,
    1.072525727359,1.100026387035,1.127527046711,1.155027706387,
    1.182528366063,1.210029025738,1.237529685414,1.26503034509,
    1.292531004766,1.320031664442,1.347532324118),.UNSPECIFIED.);
#235 = CARTESIAN_POINT('',(13.536062020263,3.616969975159,-0.375));
#236 = CARTESIAN_POINT('',(13.542641533392,3.61134432907,-0.374956708133
    ));
#237 = CARTESIAN_POINT('',(13.555796002417,3.600093036891,
    -0.374610418174));
#238 = CARTESIAN_POINT('',(13.575499232568,3.583216098622,
    -0.373442279793));
#239 = CARTESIAN_POINT('',(13.595141006635,3.566339160354,
    -0.371497405199));
#240 = CARTESIAN_POINT('',(13.614690716303,3.549462222085,
    -0.368778825142));
#241 = CARTESIAN_POINT('',(13.634117896729,3.532585283817,
    -0.365290776061));
#242 = CARTESIAN_POINT('',(13.653392274004,3.515708345548,
    -0.361038693477));
#243 = CARTESIAN_POINT('',(13.672483812342,3.498831407279,
    -0.356029203527));
#244 = CARTESIAN_POINT('',(13.691362760876,3.481954469011,
    -0.350270112636));
#245 = CARTESIAN_POINT('',(13.709999700027,3.465077530742,
    -0.343770395352));
#246 = CARTESIAN_POINT('',(13.728365587342,3.448200592474,
    -0.336540180362));
#247 = CARTESIAN_POINT('',(13.746431802758,3.431323654205,
    -0.328590734708));
#248 = CARTESIAN_POINT('',(13.764170193198,3.414446715937,
    -0.319934446228));
#249 = CARTESIAN_POINT('',(13.781553116444,3.397569777668,
    -0.310584804252));
#250 = CARTESIAN_POINT('',(13.798553484213,3.3806928394,-0.300556378584)
  );
#251 = CARTESIAN_POINT('',(13.815144804367,3.363815901131,
    -0.289864796791));
#252 = CARTESIAN_POINT('',(13.831301222198,3.346938962862,
    -0.278526719859));
#253 = CARTESIAN_POINT('',(13.846997560721,3.330062024594,
    -0.266559816223));
#254 = CARTESIAN_POINT('',(13.862209359901,3.313185086325,
    -0.253982734233));
#255 = CARTESIAN_POINT('',(13.876912914777,3.296308148057,
    -0.240815073102));
#256 = CARTESIAN_POINT('',(13.891085312398,3.279431209788,
    -0.227077352355));
#257 = CARTESIAN_POINT('',(13.90470446753,3.26255427152,-0.212790979857)
  );
#258 = CARTESIAN_POINT('',(13.917749157072,3.245677333251,
    -0.197978218452));
#259 = CARTESIAN_POINT('',(13.930199053127,3.228800394983,
    -0.182662151272));
#260 = CARTESIAN_POINT('',(13.942034754683,3.211923456714,
    -0.166866645761));
#261 = CARTESIAN_POINT('',(13.953237817842,3.195046518445,
    -0.150616316487));
#262 = CARTESIAN_POINT('',(13.963790784567,3.178169580177,
    -0.133936486782));
#263 = CARTESIAN_POINT('',(13.973677209879,3.161292641908,
    -0.116853149281));
#264 = CARTESIAN_POINT('',(13.982881687494,3.14441570364,
    -9.939292541302E-02));
#265 = CARTESIAN_POINT('',(13.991389873822,3.127538765371,
    -8.158302392331E-02));
#266 = CARTESIAN_POINT('',(13.999188510324,3.110661827103,
    -6.345119846716E-02));
#267 = CARTESIAN_POINT('',(14.006265444172,3.093784888834,
    -4.502570436322E-02));
#268 = CARTESIAN_POINT('',(14.012609647187,3.076907950565,
    -2.633525456201E-02));
#269 = CARTESIAN_POINT('',(14.018211233023,3.060031012297,
    -7.408974901767E-03));
#270 = CARTESIAN_POINT('',(14.023061472578,3.043154074028,
    1.172364127918E-02));
#271 = CARTESIAN_POINT('',(14.027152807589,3.02627713576,
    3.103277910267E-02));
#272 = CARTESIAN_POINT('',(14.030478862419,3.009400197491,
    5.048834861203E-02));
#273 = CARTESIAN_POINT('',(14.033034453984,2.992523259223,
    7.006003166212E-02));
#274 = CARTESIAN_POINT('',(14.034815599838,2.975646320954,
    8.971732916488E-02));
#275 = CARTESIAN_POINT('',(14.035819524371,2.958769382686,0.109429608617
    ));
#276 = CARTESIAN_POINT('',(14.03604466314,2.941892444417,0.129166151835)
  );
#277 = CARTESIAN_POINT('',(14.035490665307,2.925015506148,0.148896202825
    ));
#278 = CARTESIAN_POINT('',(14.03415839418,2.90813856788,0.168589015709)
  );
#279 = CARTESIAN_POINT('',(14.032049925874,2.891261629611,0.188213902641
    ));
#280 = CARTESIAN_POINT('',(14.029168546074,2.874384691343,0.207740281622
    ));
#281 = CARTESIAN_POINT('',(14.025518744911,2.857507753074,0.227137724163
    ));
#282 = CARTESIAN_POINT('',(14.02110620997,2.840630814806,0.2463760027));
#283 = CARTESIAN_POINT('',(14.015937817426,2.823753876537,0.265425137698
    ));
#284 = CARTESIAN_POINT('',(14.010021621325,2.806876938269,0.284255444369
    ));
#285 = CARTESIAN_POINT('',(14.005666549411,2.79562564609,0.296672904685)
  );
#286 = CARTESIAN_POINT('',(14.003366841037,2.79,0.302837578934));
#287 = ORIENTED_EDGE('',*,*,#288,.F.);
#288 = EDGE_CURVE('',#289,#232,#291,.T.);
#289 = VERTEX_POINT('',#290);
#290 = CARTESIAN_POINT('',(13.536062020263,-3.616969975159,-0.375));
#291 = LINE('',#292,#293);
#292 = CARTESIAN_POINT('',(13.536062020263,-3.616969975159,-0.375));
#293 = VECTOR('',#294,1.);
#294 = DIRECTION('',(0.,1.,0.));
#295 = ORIENTED_EDGE('',*,*,#296,.F.);
#296 = EDGE_CURVE('',#297,#289,#299,.T.);
#297 = VERTEX_POINT('',#298);
#298 = CARTESIAN_POINT('',(14.003366841037,-2.79,0.302837578934));
#299 = B_SPLINE_CURVE_WITH_KNOTS('',3,(#300,#301,#302,#303,#304,#305,
    #306,#307,#308,#309,#310,#311,#312,#313,#314,#315,#316,#317,#318,
    #319,#320,#321,#322,#323,#324,#325,#326,#327,#328,#329,#330,#331,
    #332,#333,#334,#335,#336,#337,#338,#339,#340,#341,#342,#343,#344,
    #345,#346,#347,#348,#349,#350,#351),.UNSPECIFIED.,.F.,.F.,(4,1,1,1,1
    ,1,1,1,1,1,1,1,1,1,1,1,1,1,1,1,1,1,1,1,1,1,1,1,1,1,1,1,1,1,1,1,1,1,1
    ,1,1,1,1,1,1,1,1,1,1,4),(0.,2.750065967587E-02,5.500131935175E-02,
    8.250197902762E-02,0.110002638703,0.137503298379,0.165003958055,
    0.192504617731,0.220005277407,0.247505937083,0.275006596759,
    0.302507256435,0.33000791611,0.357508575786,0.385009235462,
    0.412509895138,0.440010554814,0.46751121449,0.495011874166,
    0.522512533842,0.550013193517,0.577513853193,0.605014512869,
    0.632515172545,0.660015832221,0.687516491897,0.715017151573,
    0.742517811249,0.770018470924,0.7975191306,0.825019790276,
    0.852520449952,0.880021109628,0.907521769304,0.93502242898,
    0.962523088656,0.990023748331,1.017524408007,1.045025067683,
    1.072525727359,1.100026387035,1.127527046711,1.155027706387,
    1.182528366063,1.210029025738,1.237529685414,1.26503034509,
    1.292531004766,1.320031664442,1.347532324118),.UNSPECIFIED.);
#300 = CARTESIAN_POINT('',(14.003366841037,-2.79,0.302837578934));
#301 = CARTESIAN_POINT('',(14.005666549411,-2.79562564609,0.296672904685
    ));
#302 = CARTESIAN_POINT('',(14.010021621325,-2.806876938269,
    0.284255444369));
#303 = CARTESIAN_POINT('',(14.015937817426,-2.823753876537,
    0.265425137698));
#304 = CARTESIAN_POINT('',(14.02110620997,-2.840630814806,0.2463760027)
  );
#305 = CARTESIAN_POINT('',(14.025518744911,-2.857507753074,
    0.227137724163));
#306 = CARTESIAN_POINT('',(14.029168546074,-2.874384691343,
    0.207740281622));
#307 = CARTESIAN_POINT('',(14.032049925874,-2.891261629611,
    0.188213902641));
#308 = CARTESIAN_POINT('',(14.03415839418,-2.90813856788,0.168589015709)
  );
#309 = CARTESIAN_POINT('',(14.035490665307,-2.925015506148,
    0.148896202825));
#310 = CARTESIAN_POINT('',(14.03604466314,-2.941892444417,0.129166151835
    ));
#311 = CARTESIAN_POINT('',(14.035819524371,-2.958769382686,
    0.109429608617));
#312 = CARTESIAN_POINT('',(14.034815599838,-2.975646320954,
    8.971732916488E-02));
#313 = CARTESIAN_POINT('',(14.033034453984,-2.992523259223,
    7.006003166212E-02));
#314 = CARTESIAN_POINT('',(14.030478862419,-3.009400197491,
    5.048834861203E-02));
#315 = CARTESIAN_POINT('',(14.027152807589,-3.02627713576,
    3.103277910267E-02));
#316 = CARTESIAN_POINT('',(14.023061472578,-3.043154074028,
    1.172364127918E-02));
#317 = CARTESIAN_POINT('',(14.018211233023,-3.060031012297,
    -7.408974901768E-03));
#318 = CARTESIAN_POINT('',(14.012609647187,-3.076907950565,
    -2.633525456201E-02));
#319 = CARTESIAN_POINT('',(14.006265444172,-3.093784888834,
    -4.502570436322E-02));
#320 = CARTESIAN_POINT('',(13.999188510324,-3.110661827103,
    -6.345119846716E-02));
#321 = CARTESIAN_POINT('',(13.991389873822,-3.127538765371,
    -8.158302392331E-02));
#322 = CARTESIAN_POINT('',(13.982881687494,-3.14441570364,
    -9.939292541302E-02));
#323 = CARTESIAN_POINT('',(13.973677209879,-3.161292641908,
    -0.116853149281));
#324 = CARTESIAN_POINT('',(13.963790784567,-3.178169580177,
    -0.133936486782));
#325 = CARTESIAN_POINT('',(13.953237817842,-3.195046518445,
    -0.150616316487));
#326 = CARTESIAN_POINT('',(13.942034754683,-3.211923456714,
    -0.166866645761));
#327 = CARTESIAN_POINT('',(13.930199053127,-3.228800394983,
    -0.182662151272));
#328 = CARTESIAN_POINT('',(13.917749157072,-3.245677333251,
    -0.197978218452));
#329 = CARTESIAN_POINT('',(13.90470446753,-3.26255427152,-0.212790979857
    ));
#330 = CARTESIAN_POINT('',(13.891085312398,-3.279431209788,
    -0.227077352355));
#331 = CARTESIAN_POINT('',(13.876912914777,-3.296308148057,
    -0.240815073102));
#332 = CARTESIAN_POINT('',(13.862209359901,-3.313185086325,
    -0.253982734233));
#333 = CARTESIAN_POINT('',(13.846997560721,-3.330062024594,
    -0.266559816223));
#334 = CARTESIAN_POINT('',(13.831301222198,-3.346938962862,
    -0.278526719859));
#335 = CARTESIAN_POINT('',(13.815144804367,-3.363815901131,
    -0.289864796791));
#336 = CARTESIAN_POINT('',(13.798553484213,-3.3806928394,-0.300556378584
    ));
#337 = CARTESIAN_POINT('',(13.781553116444,-3.397569777668,
    -0.310584804252));
#338 = CARTESIAN_POINT('',(13.764170193198,-3.414446715937,
    -0.319934446228));
#339 = CARTESIAN_POINT('',(13.746431802758,-3.431323654205,
    -0.328590734708));
#340 = CARTESIAN_POINT('',(13.728365587342,-3.448200592474,
    -0.336540180362));
#341 = CARTESIAN_POINT('',(13.709999700027,-3.465077530742,
    -0.343770395352));
#342 = CARTESIAN_POINT('',(13.691362760876,-3.481954469011,
    -0.350270112636));
#343 = CARTESIAN_POINT('',(13.672483812342,-3.498831407279,
    -0.356029203527));
#344 = CARTESIAN_POINT('',(13.653392274004,-3.515708345548,
    -0.361038693477));
#345 = CARTESIAN_POINT('',(13.634117896729,-3.532585283817,
    -0.365290776061));
#346 = CARTESIAN_POINT('',(13.614690716303,-3.549462222085,
    -0.368778825142));
#347 = CARTESIAN_POINT('',(13.595141006635,-3.566339160354,
    -0.371497405199));
#348 = CARTESIAN_POINT('',(13.575499232568,-3.583216098622,
    -0.373442279793));
#349 = CARTESIAN_POINT('',(13.555796002417,-3.600093036891,
    -0.374610418174));
#350 = CARTESIAN_POINT('',(13.542641533392,-3.61134432907,
    -0.374956708133));
#351 = CARTESIAN_POINT('',(13.536062020263,-3.616969975159,-0.375));
#352 = ORIENTED_EDGE('',*,*,#353,.F.);
#353 = EDGE_CURVE('',#215,#297,#354,.T.);
#354 = CIRCLE('',#355,0.5);
#355 = AXIS2_PLACEMENT_3D('',#356,#357,#358);
#356 = CARTESIAN_POINT('',(13.536062020263,-2.79,0.125));
#357 = DIRECTION('',(0.,1.,0.));
#358 = DIRECTION('',(0.,-0.,1.));
#359 = CYLINDRICAL_SURFACE('',#360,0.5);
#360 = AXIS2_PLACEMENT_3D('',#361,#362,#363);
#361 = CARTESIAN_POINT('',(13.536062020263,-2.79,0.125));
#362 = DIRECTION('',(0.,1.,0.));
#363 = DIRECTION('',(0.,-0.,1.));
#364 = ADVANCED_FACE('',(#365),#390,.F.);
#365 = FACE_BOUND('',#366,.F.);
#366 = EDGE_LOOP('',(#367,#375,#383,#389));
#367 = ORIENTED_EDGE('',*,*,#368,.T.);
#368 = EDGE_CURVE('',#213,#369,#371,.T.);
#369 = VERTEX_POINT('',#370);
#370 = CARTESIAN_POINT('',(12.,2.79,0.625));
#371 = LINE('',#372,#373);
#372 = CARTESIAN_POINT('',(14.2,2.79,0.625));
#373 = VECTOR('',#374,1.);
#374 = DIRECTION('',(-1.,0.,0.));
#375 = ORIENTED_EDGE('',*,*,#376,.T.);
#376 = EDGE_CURVE('',#369,#377,#379,.T.);
#377 = VERTEX_POINT('',#378);
#378 = CARTESIAN_POINT('',(12.,-2.79,0.625));
#379 = LINE('',#380,#381);
#380 = CARTESIAN_POINT('',(12.,2.79,0.625));
#381 = VECTOR('',#382,1.);
#382 = DIRECTION('',(0.,-1.,0.));
#383 = ORIENTED_EDGE('',*,*,#384,.T.);
#384 = EDGE_CURVE('',#377,#215,#385,.T.);
#385 = LINE('',#386,#387);
#386 = CARTESIAN_POINT('',(12.,-2.79,0.625));
#387 = VECTOR('',#388,1.);
#388 = DIRECTION('',(1.,0.,0.));
#389 = ORIENTED_EDGE('',*,*,#212,.F.);
#390 = PLANE('',#391);
#391 = AXIS2_PLACEMENT_3D('',#392,#393,#394);
#392 = CARTESIAN_POINT('',(17.546618878705,9.1E-16,0.625));
#393 = DIRECTION('',(0.,0.,1.));
#394 = DIRECTION('',(1.,0.,0.));
#395 = ADVANCED_FACE('',(#396),#420,.T.);
#396 = FACE_BOUND('',#397,.T.);
#397 = EDGE_LOOP('',(#398,#399,#406,#415));
#398 = ORIENTED_EDGE('',*,*,#222,.T.);
#399 = ORIENTED_EDGE('',*,*,#400,.T.);
#400 = EDGE_CURVE('',#213,#401,#403,.T.);
#401 = VERTEX_POINT('',#402);
#402 = CARTESIAN_POINT('',(13.536062020263,2.79,0.725));
#403 = B_SPLINE_CURVE_WITH_KNOTS('',1,(#404,#405),.UNSPECIFIED.,.F.,.F.,
  (2,2),(0.,1.),.PIECEWISE_BEZIER_KNOTS.);
#404 = CARTESIAN_POINT('',(13.536062020263,2.79,0.625));
#405 = CARTESIAN_POINT('',(13.536062020263,2.79,0.725));
#406 = ORIENTED_EDGE('',*,*,#407,.F.);
#407 = EDGE_CURVE('',#408,#401,#410,.T.);
#408 = VERTEX_POINT('',#409);
#409 = CARTESIAN_POINT('',(14.096827805192,2.79,0.338405094721));
#410 = CIRCLE('',#411,0.6);
#411 = AXIS2_PLACEMENT_3D('',#412,#413,#414);
#412 = CARTESIAN_POINT('',(13.536062020263,2.79,0.125));
#413 = DIRECTION('',(0.,-1.,0.));
#414 = DIRECTION('',(0.934609641548,0.,0.355675157869));
#415 = ORIENTED_EDGE('',*,*,#416,.F.);
#416 = EDGE_CURVE('',#223,#408,#417,.T.);
#417 = B_SPLINE_CURVE_WITH_KNOTS('',1,(#418,#419),.UNSPECIFIED.,.F.,.F.,
  (2,2),(0.,1.),.PIECEWISE_BEZIER_KNOTS.);
#418 = CARTESIAN_POINT('',(14.003366841037,2.79,0.302837578934));
#419 = CARTESIAN_POINT('',(14.096827805192,2.79,0.338405094721));
#420 = B_SPLINE_SURFACE_WITH_KNOTS('',7,1,(
    (#421,#422)
    ,(#423,#424)
    ,(#425,#426)
    ,(#427,#428)
    ,(#429,#430)
    ,(#431,#432)
    ,(#433,#434)
    ,(#435,#436
    )),.UNSPECIFIED.,.F.,.F.,.F.,(8,8),(2,2),(0.,1.207159963159),(0.,1.)
  ,.PIECEWISE_BEZIER_KNOTS.);
#421 = CARTESIAN_POINT('',(14.003366841037,2.79,0.302837578934));
#422 = CARTESIAN_POINT('',(14.096827805192,2.79,0.338405094721));
#423 = CARTESIAN_POINT('',(13.972698497432,2.79,0.383424960396));
#424 = CARTESIAN_POINT('',(14.060025792866,2.79,0.435109952475));
#425 = CARTESIAN_POINT('',(13.9258164488,2.79,0.45784199553));
#426 = CARTESIAN_POINT('',(14.003767334507,2.79,0.524410394637));
#427 = CARTESIAN_POINT('',(13.864210861838,2.79,0.522174781863));
#428 = CARTESIAN_POINT('',(13.929840630153,2.79,0.601609738235));
#429 = CARTESIAN_POINT('',(13.79055100974,2.79,0.572956274439));
#430 = CARTESIAN_POINT('',(13.841448807635,2.79,0.662547529327));
#431 = CARTESIAN_POINT('',(13.708513390498,2.79,0.607651876052));
#432 = CARTESIAN_POINT('',(13.743003664545,2.79,0.704182251263));
#433 = CARTESIAN_POINT('',(13.622287731917,2.79,0.625));
#434 = CARTESIAN_POINT('',(13.639532874248,2.79,0.725));
#435 = CARTESIAN_POINT('',(13.536062020263,2.79,0.625));
#436 = CARTESIAN_POINT('',(13.536062020263,2.79,0.725));
#437 = ADVANCED_FACE('',(#438),#458,.T.);
#438 = FACE_BOUND('',#439,.T.);
#439 = EDGE_LOOP('',(#440,#441,#442,#453));
#440 = ORIENTED_EDGE('',*,*,#231,.T.);
#441 = ORIENTED_EDGE('',*,*,#416,.T.);
#442 = ORIENTED_EDGE('',*,*,#443,.F.);
#443 = EDGE_CURVE('',#444,#408,#446,.T.);
#444 = VERTEX_POINT('',#445);
#445 = CARTESIAN_POINT('',(13.536062020263,3.616969975159,-0.475));
#446 = B_SPLINE_CURVE_WITH_KNOTS('',5,(#447,#448,#449,#450,#451,#452),
  .UNSPECIFIED.,.F.,.F.,(6,6),(0.,1.347532324118),
  .PIECEWISE_BEZIER_KNOTS.);
#447 = CARTESIAN_POINT('',(13.536062020263,3.616969975159,-0.475));
#448 = CARTESIAN_POINT('',(13.76818633007,3.451575980127,-0.475));
#449 = CARTESIAN_POINT('',(14.001048017859,3.286181985096,
    -0.363360326854));
#450 = CARTESIAN_POINT('',(14.157872258392,3.120787990064,
    -0.135882760188));
#451 = CARTESIAN_POINT('',(14.179388655728,2.955393995032,0.121459476738
    ));
#452 = CARTESIAN_POINT('',(14.096827805192,2.79,0.338405094721));
#453 = ORIENTED_EDGE('',*,*,#454,.F.);
#454 = EDGE_CURVE('',#232,#444,#455,.T.);
#455 = B_SPLINE_CURVE_WITH_KNOTS('',1,(#456,#457),.UNSPECIFIED.,.F.,.F.,
  (2,2),(0.,1.),.PIECEWISE_BEZIER_KNOTS.);
#456 = CARTESIAN_POINT('',(13.536062020263,3.616969975159,-0.375));
#457 = CARTESIAN_POINT('',(13.536062020263,3.616969975159,-0.475));
#458 = B_SPLINE_SURFACE_WITH_KNOTS('',5,1,(
    (#459,#460)
    ,(#461,#462)
    ,(#463,#464)
    ,(#465,#466)
    ,(#467,#468)
    ,(#469,#470)
    ,(#471,#472)
    ,(#473,#474)
    ,(#475,#476)
    ,(#477,#478)
    ,(#479,#480)
    ,(#481,#482)
    ,(#483,#484)
    ,(#485,#486)
    ,(#487,#488)
    ,(#489,#490)
    ,(#491,#492)
    ,(#493,#494)
    ,(#495,#496)
    ,(#497,#498)
    ,(#499,#500)
    ,(#501,#502)
    ,(#503,#504)
    ,(#505,#506)
    ,(#507,#508)
    ,(#509,#510)
    ,(#511,#512)
    ,(#513,#514)
    ,(#515,#516)
    ,(#517,#518)
    ,(#519,#520)
    ,(#521,#522)
    ,(#523,#524)
    ,(#525,#526)
    ,(#527,#528)
    ,(#529,#530)
    ,(#531,#532)
    ,(#533,#534)
    ,(#535,#536)
    ,(#537,#538)
    ,(#539,#540)
    ,(#541,#542)
    ,(#543,#544)
    ,(#545,#546)
    ,(#547,#548)
    ,(#549,#550)
    ,(#551,#552)
    ,(#553,#554)
    ,(#555,#556)
    ,(#557,#558)
    ,(#559,#560)
    ,(#561,#562)
    ,(#563,#564)
    ,(#565,#566)
    ,(#567,#568)
    ,(#569,#570)
    ,(#571,#572)
    ,(#573,#574)
    ,(#575,#576)
    ,(#577,#578)
    ,(#579,#580)
    ,(#581,#582)
    ,(#583,#584)
    ,(#585,#586)
    ,(#587,#588)
    ,(#589,#590)
    ,(#591,#592)
    ,(#593,#594)
    ,(#595,#596)
    ,(#597,#598)
    ,(#599,#600)
    ,(#601,#602)
    ,(#603,#604)
    ,(#605,#606)
    ,(#607,#608)
    ,(#609,#610)
    ,(#611,#612)
    ,(#613,#614)
    ,(#615,#616)
    ,(#617,#618)
    ,(#619,#620)
    ,(#621,#622)
    ,(#623,#624)
    ,(#625,#626)
    ,(#627,#628)
    ,(#629,#630)
    ,(#631,#632)
    ,(#633,#634)
    ,(#635,#636)
    ,(#637,#638)
    ,(#639,#640)
    ,(#641,#642)
    ,(#643,#644)
    ,(#645,#646)
    ,(#647,#648)
    ,(#649,#650)
    ,(#651,#652)
    ,(#653,#654)
    ,(#655,#656)
    ,(#657,#658)
    ,(#659,#660)
    ,(#661,#662)
    ,(#663,#664)
    ,(#665,#666)
    ,(#667,#668)
    ,(#669,#670)
    ,(#671,#672)
    ,(#673,#674)
    ,(#675,#676)
    ,(#677,#678)
    ,(#679,#680)
    ,(#681,#682)
    ,(#683,#684)
    ,(#685,#686)
    ,(#687,#688)
    ,(#689,#690)
    ,(#691,#692)
    ,(#693,#694)
    ,(#695,#696)
    ,(#697,#698)
    ,(#699,#700)
    ,(#701,#702)
    ,(#703,#704)
    ,(#705,#706)
    ,(#707,#708)
    ,(#709,#710)
    ,(#711,#712)
    ,(#713,#714)
    ,(#715,#716)
    ,(#717,#718)
    ,(#719,#720)
    ,(#721,#722)
    ,(#723,#724)
    ,(#725,#726)
    ,(#727,#728)
    ,(#729,#730)
    ,(#731,#732)
    ,(#733,#734)
    ,(#735,#736)
    ,(#737,#738)
    ,(#739,#740)
    ,(#741,#742)
    ,(#743,#744)
    ,(#745,#746)
    ,(#747,#748)
    ,(#749,#750)
    ,(#751,#752)
    ,(#753,#754)
    ,(#755,#756)
    ,(#757,#758
    )),.UNSPECIFIED.,.F.,.F.,.F.,(6,3,3,3,3,3,3,3,3,3,3,3,3,3,3,3,3,3,3,
    3,3,3,3,3,3,3,3,3,3,3,3,3,3,3,3,3,3,3,3,3,3,3,3,3,3,3,3,3,3,6),(2,2)
  ,(0.,2.750065967587E-02,5.500131935175E-02,8.250197902762E-02,
    0.110002638703,0.137503298379,0.165003958055,0.192504617731,
    0.220005277407,0.247505937083,0.275006596759,0.302507256435,
    0.33000791611,0.357508575786,0.385009235462,0.412509895138,
    0.440010554814,0.46751121449,0.495011874166,0.522512533842,
    0.550013193517,0.577513853193,0.605014512869,0.632515172545,
    0.660015832221,0.687516491897,0.715017151573,0.742517811249,
    0.770018470924,0.7975191306,0.825019790276,0.852520449952,
    0.880021109628,0.907521769304,0.93502242898,0.962523088656,
    0.990023748331,1.017524408007,1.045025067683,1.072525727359,
    1.100026387035,1.127527046711,1.155027706387,1.182528366063,
    1.210029025738,1.237529685414,1.26503034509,1.292531004766,
    1.320031664442,1.347532324118),(0.,1.),.UNSPECIFIED.);
#459 = CARTESIAN_POINT('',(13.536062020263,3.616969975159,-0.375));
#460 = CARTESIAN_POINT('',(13.536062020263,3.616969975159,-0.475));
#461 = CARTESIAN_POINT('',(13.54000972814,3.613594587506,-0.37497402488)
  );
#462 = CARTESIAN_POINT('',(13.540799251075,3.613594587506,-0.475));
#463 = CARTESIAN_POINT('',(13.543956752433,3.610219199852,
    -0.374909093826));
#464 = CARTESIAN_POINT('',(13.545536789,3.610219199852,-0.474953502843)
  );
#465 = CARTESIAN_POINT('',(13.547902846446,3.606843812198,
    -0.374807380425));
#466 = CARTESIAN_POINT('',(13.550273981463,3.606843812198,
    -0.474860472846));
#467 = CARTESIAN_POINT('',(13.555792680522,3.600093036891,
    -0.374534736106));
#468 = CARTESIAN_POINT('',(13.559746376387,3.600093036891,
    -0.474581307084));
#469 = CARTESIAN_POINT('',(13.563676819921,3.593342261583,
    -0.374132351098));
#470 = CARTESIAN_POINT('',(13.569212206329,3.593342261583,
    -0.474115910685));
#471 = CARTESIAN_POINT('',(13.56761691624,3.58996687393,-0.373896589542)
  );
#472 = CARTESIAN_POINT('',(13.573942833812,3.58996687393,-0.47383665005)
  );
#473 = CARTESIAN_POINT('',(13.575492062692,3.583216098622,
    -0.373351660568));
#474 = CARTESIAN_POINT('',(13.583398227899,3.583216098622,
    -0.473185024894));
#475 = CARTESIAN_POINT('',(13.583354917927,3.576465323315,
    -0.372651384352));
#476 = CARTESIAN_POINT('',(13.592839342651,3.576465323315,
    -0.472347293497));
#477 = CARTESIAN_POINT('',(13.587282762601,3.573089935661,
    -0.372262459946));
#478 = CARTESIAN_POINT('',(13.597555690797,3.573089935661,
    -0.471881926621));
#479 = CARTESIAN_POINT('',(13.595130265788,3.566339160354,
    -0.371407139562));
#480 = CARTESIAN_POINT('',(13.606978696944,3.566339160354,
    -0.470858271066));
#481 = CARTESIAN_POINT('',(13.602959356095,3.559588385046,
    -0.370397078085));
#482 = CARTESIAN_POINT('',(13.616379794677,3.559588385046,
    -0.469648991073));
#483 = CARTESIAN_POINT('',(13.606868790282,3.556212997393,
    -0.369853432681));
#484 = CARTESIAN_POINT('',(13.621074234409,3.556212997393,-0.46899799976
    ));
#485 = CARTESIAN_POINT('',(13.614676421225,3.549462222085,
    -0.368689053756));
#486 = CARTESIAN_POINT('',(13.630449639166,3.549462222085,-0.46760345312
    ));
#487 = CARTESIAN_POINT('',(13.622459546319,3.542711446778,
    -0.367370781026));
#488 = CARTESIAN_POINT('',(13.639795597913,3.542711446778,-0.46602411226
    ));
#489 = CARTESIAN_POINT('',(13.626344477839,3.539336059124,
    -0.366673261802));
#490 = CARTESIAN_POINT('',(13.644460591635,3.539336059124,
    -0.465188326727));
#491 = CARTESIAN_POINT('',(13.634100069694,3.532585283817,
    -0.365201638819));
#492 = CARTESIAN_POINT('',(13.653773367617,3.532585283817,
    -0.463424720644));
#493 = CARTESIAN_POINT('',(13.64182510092,3.525834508509,-0.363577209136
    ));
#494 = CARTESIAN_POINT('',(13.663049257674,3.525834508509,
    -0.461477489974));
#495 = CARTESIAN_POINT('',(13.645679475778,3.522459120855,
    -0.362726903055));
#496 = CARTESIAN_POINT('',(13.667677365471,3.522459120855,
    -0.460458079855));
#497 = CARTESIAN_POINT('',(13.653370942795,3.515708345548,
    -0.360950329284));
#498 = CARTESIAN_POINT('',(13.676912683758,3.515708345548,
    -0.458327920306));
#499 = CARTESIAN_POINT('',(13.661025842024,3.508957570241,
    -0.359022274041));
#500 = CARTESIAN_POINT('',(13.686103780089,3.508957570241,
    -0.456015636225));
#501 = CARTESIAN_POINT('',(13.664843653843,3.505582182587,
    -0.358020506158));
#502 = CARTESIAN_POINT('',(13.690687665932,3.505582182587,
    -0.454814101574));
#503 = CARTESIAN_POINT('',(13.672459010198,3.498831407279,
    -0.355941750084));
#504 = CARTESIAN_POINT('',(13.699830908472,3.498831407279,
    -0.452320550879));
#505 = CARTESIAN_POINT('',(13.680031848592,3.492080631972,
    -0.353713073822));
#506 = CARTESIAN_POINT('',(13.708922703115,3.492080631972,
    -0.449646697132));
#507 = CARTESIAN_POINT('',(13.683807147973,3.488705244318,
    -0.352561405219));
#508 = CARTESIAN_POINT('',(13.713455141059,3.488705244318,
    -0.448264859427));
#509 = CARTESIAN_POINT('',(13.691334526448,3.481954469011,
    -0.350183706223));
#510 = CARTESIAN_POINT('',(13.722491913078,3.481954469011,
    -0.445411718258));
#511 = CARTESIAN_POINT('',(13.698813503047,3.475203693703,
    -0.347657881949));
#512 = CARTESIAN_POINT('',(13.731470127544,3.475203693703,
    -0.442380407942));
#513 = CARTESIAN_POINT('',(13.702540406836,3.47182830605,-0.346358107304
    ));
#514 = CARTESIAN_POINT('',(13.735944007935,3.47182830605,-0.440820401091
    ));
#515 = CARTESIAN_POINT('',(13.709968077313,3.465077530742,-0.34368517062
    ));
#516 = CARTESIAN_POINT('',(13.744860150334,3.465077530742,
    -0.437612090476));
#517 = CARTESIAN_POINT('',(13.717341537422,3.458326755435,
    -0.340866134394));
#518 = CARTESIAN_POINT('',(13.753710748016,3.458326755435,
    -0.434228048053));
#519 = CARTESIAN_POINT('',(13.721014237884,3.454951367781,-0.33942027918
    ));
#520 = CARTESIAN_POINT('',(13.75811908369,3.454951367781,-0.432492309394
    ));
#521 = CARTESIAN_POINT('',(13.72833062562,3.448200592474,-0.336456270118
    ));
#522 = CARTESIAN_POINT('',(13.766900685453,3.448200592474,
    -0.428933852728));
#523 = CARTESIAN_POINT('',(13.735587078976,3.441449817166,
    -0.333348414923));
#524 = CARTESIAN_POINT('',(13.775609884027,3.441449817166,
    -0.425202396028));
#525 = CARTESIAN_POINT('',(13.739199852842,3.438074429513,
    -0.331758732256));
#526 = CARTESIAN_POINT('',(13.779945816512,3.438074429513,
    -0.423293657336));
#527 = CARTESIAN_POINT('',(13.746393556511,3.431323654205,
    -0.328508269712));
#528 = CARTESIAN_POINT('',(13.788579227109,3.431323654205,
    -0.419390662386));
#529 = CARTESIAN_POINT('',(13.753521695184,3.424572878898,
    -0.325116438602));
#530 = CARTESIAN_POINT('',(13.797133510941,3.424572878898,
    -0.415317684617));
#531 = CARTESIAN_POINT('',(13.757068912569,3.421197491244,
    -0.323385405728));
#532 = CARTESIAN_POINT('',(13.801390316659,3.421197491244,
    -0.413238963105));
#533 = CARTESIAN_POINT('',(13.764128722025,3.414446715937,
    -0.319853554987));
#534 = CARTESIAN_POINT('',(13.809862158451,3.414446715937,
    -0.408997604021));
#535 = CARTESIAN_POINT('',(13.771117438043,3.407695940629,
    -0.316183033546));
#536 = CARTESIAN_POINT('',(13.818248290997,3.407695940629,
    -0.404589555775));
#537 = CARTESIAN_POINT('',(13.774593571221,3.404320552976,
    -0.314313347981));
#538 = CARTESIAN_POINT('',(13.822419387469,3.404320552976,
    -0.402344145102));
#539 = CARTESIAN_POINT('',(13.781508484972,3.397569777668,
    -0.310505612822));
#540 = CARTESIAN_POINT('',(13.83071656811,3.397569777668,-0.397771144421
    ));
#541 = CARTESIAN_POINT('',(13.788346887627,3.390819002361,
    -0.306562120923));
#542 = CARTESIAN_POINT('',(13.838921604323,3.390819002361,
    -0.393035015682));
#543 = CARTESIAN_POINT('',(13.791746519645,3.387443614707,
    -0.304556696249));
#544 = CARTESIAN_POINT('',(13.843000556367,3.387443614707,
    -0.390626476951));
#545 = CARTESIAN_POINT('',(13.798505761991,3.3806928394,-0.300479010369)
  );
#546 = CARTESIAN_POINT('',(13.85111028121,3.3806928394,-0.385729087607)
  );
#547 = CARTESIAN_POINT('',(13.805183194814,3.373942064092,
    -0.296268693265));
#548 = CARTESIAN_POINT('',(13.859121579944,3.373942064092,
    -0.380672389762));
#549 = CARTESIAN_POINT('',(13.808501027933,3.370566676438,
    -0.294130654589));
#550 = CARTESIAN_POINT('',(13.863102105878,3.370566676438,
    -0.378104542528));
#551 = CARTESIAN_POINT('',(13.815094065763,3.363815901131,
    -0.289789372358));
#552 = CARTESIAN_POINT('',(13.871011890379,3.363815901131,
    -0.372890529859));
#553 = CARTESIAN_POINT('',(13.821600123127,3.357065125824,-0.2853187911)
  );
#554 = CARTESIAN_POINT('',(13.878817126791,3.357065125824,
    -0.367521277699));
#555 = CARTESIAN_POINT('',(13.824830987077,3.35368973817,-0.283051470187
    ));
#556 = CARTESIAN_POINT('',(13.882693104637,3.35368973817,-0.364798190974
    ));
#557 = CARTESIAN_POINT('',(13.831247546279,3.346938962862,
    -0.278453356744));
#558 = CARTESIAN_POINT('',(13.890390786757,3.346938962862,
    -0.359275814729));
#559 = CARTESIAN_POINT('',(13.837572089619,3.340188187555,-0.27372947796
    ));
#560 = CARTESIAN_POINT('',(13.897977964714,3.340188187555,
    -0.353602508461));
#561 = CARTESIAN_POINT('',(13.840710949656,3.336812799901,
    -0.271336408038));
#562 = CARTESIAN_POINT('',(13.901743438398,3.336812799901,
    -0.350728491713));
#563 = CARTESIAN_POINT('',(13.846941031131,3.330062024594,
    -0.266488628748));
#564 = CARTESIAN_POINT('',(13.909217191009,3.330062024594,-0.34490648806
    ));
#565 = CARTESIAN_POINT('',(13.853074204737,3.323311249286,
    -0.261518813788));
#566 = CARTESIAN_POINT('',(13.91657465549,3.323311249286,-0.338938095316
    ));
#567 = CARTESIAN_POINT('',(13.85611616949,3.319935861633,-0.259003724043
    ));
#568 = CARTESIAN_POINT('',(13.920223841045,3.319935861633,
    -0.335917689476));
#569 = CARTESIAN_POINT('',(13.862150064732,3.313185086325,
    -0.253913833333));
#570 = CARTESIAN_POINT('',(13.927462184333,3.313185086325,
    -0.329805253011));
#571 = CARTESIAN_POINT('',(13.868082311113,3.306434311018,
    -0.248705826795));
#572 = CARTESIAN_POINT('',(13.934578633833,3.306434311018,
    -0.323551190851));
#573 = CARTESIAN_POINT('',(13.871022640206,3.303058923364,
    -0.246072636561));
#574 = CARTESIAN_POINT('',(13.9381059256,3.303058923364,-0.320389159317)
  );
#575 = CARTESIAN_POINT('',(13.876850946431,3.296308148057,
    -0.240748566147));
#576 = CARTESIAN_POINT('',(13.945097739471,3.296308148057,
    -0.313995925068));
#577 = CARTESIAN_POINT('',(13.882573021205,3.289557372749,-0.23531048381
    ));
#578 = CARTESIAN_POINT('',(13.951962238406,3.289557372749,
    -0.307466041993));
#579 = CARTESIAN_POINT('',(13.885407132642,3.286181985096,
    -0.232563296458));
#580 = CARTESIAN_POINT('',(13.955362215238,3.286181985096,
    -0.304167361632));
#581 = CARTESIAN_POINT('',(13.891020767441,3.279431209788,
    -0.227013342984));
#582 = CARTESIAN_POINT('',(13.962096751718,3.279431209788,
    -0.297503387071));
#583 = CARTESIAN_POINT('',(13.896523753743,3.272680434481,-0.22135365916
    ));
#584 = CARTESIAN_POINT('',(13.968698742828,3.272680434481,
    -0.290707945025));
#585 = CARTESIAN_POINT('',(13.899247231051,3.269305046827,
    -0.218496755708));
#586 = CARTESIAN_POINT('',(13.97196617429,3.269305046827,-0.287277797179
    ));
#587 = CARTESIAN_POINT('',(13.904637446545,3.26255427152,-0.212729567818
    ));
#588 = CARTESIAN_POINT('',(13.978433069934,3.26255427152,-0.280353544226
    ));
#589 = CARTESIAN_POINT('',(13.90991276892,3.255803496212,-0.206857102147
    ));
#590 = CARTESIAN_POINT('',(13.984762386688,3.255803496212,
    -0.273303200608));
#591 = CARTESIAN_POINT('',(13.91252136803,3.252428108559,-0.203894934584
    ));
#592 = CARTESIAN_POINT('',(13.987892239259,3.252428108559,
    -0.269746962095));
#593 = CARTESIAN_POINT('',(13.917679764498,3.245677333251,
    -0.197919499445));
#594 = CARTESIAN_POINT('',(13.994081527552,3.245677333251,-0.26257327913
    ));
#595 = CARTESIAN_POINT('',(13.922719202269,3.238926557944,-0.19184340315
    ));
#596 = CARTESIAN_POINT('',(14.000128406552,3.238926557944,
    -0.255279068799));
#597 = CARTESIAN_POINT('',(13.92520885813,3.23555117029,-0.188780587505)
  );
#598 = CARTESIAN_POINT('',(14.00311584983,3.23555117029,-0.25160230292)
  );
#599 = CARTESIAN_POINT('',(13.930127397102,3.228800394983,-0.1826062168)
  );
#600 = CARTESIAN_POINT('',(14.00901797359,3.228800394983,-0.244190406785
    ));
#601 = CARTESIAN_POINT('',(13.934923097174,3.222049619675,
    -0.176335958428));
#602 = CARTESIAN_POINT('',(14.014773066973,3.222049619675,
    -0.236663724069));
#603 = CARTESIAN_POINT('',(13.937289930087,3.218674232021,
    -0.173177267569));
#604 = CARTESIAN_POINT('',(14.017613479874,3.218674232021,-0.23287217161
    ));
#605 = CARTESIAN_POINT('',(13.94196094687,3.211923456714,-0.166813582988
    ));
#606 = CARTESIAN_POINT('',(14.023219303661,3.211923456714,
    -0.225233629619));
#607 = CARTESIAN_POINT('',(13.946505435973,3.205172681407,
    -0.160358933655));
#608 = CARTESIAN_POINT('',(14.028673691506,3.205172681407,
    -0.217486210323));
#609 = CARTESIAN_POINT('',(13.948745757638,3.201797293753,
    -0.157109289856));
#610 = CARTESIAN_POINT('',(14.031362668465,3.201797293753,
    -0.213585780559));
#611 = CARTESIAN_POINT('',(13.953161973258,3.195046518445,
    -0.150566208103));
#612 = CARTESIAN_POINT('',(14.036663490979,3.195046518445,
    -0.205732492508));
#613 = CARTESIAN_POINT('',(13.957448169591,3.188295743138,
    -0.143937226265));
#614 = CARTESIAN_POINT('',(14.04180869371,3.188295743138,-0.19777639592)
  );
#615 = CARTESIAN_POINT('',(13.959558488853,3.184920355484,
    -0.140601693534));
#616 = CARTESIAN_POINT('',(14.044342050888,3.184920355484,
    -0.193773157618));
#617 = CARTESIAN_POINT('',(13.963713021402,3.178169580177,
    -0.133889410873));
#618 = CARTESIAN_POINT('',(14.049329617376,3.178169580177,
    -0.185717337791));
#619 = CARTESIAN_POINT('',(13.967734245668,3.171418804869,
    -0.127096426652));
#620 = CARTESIAN_POINT('',(14.054157608166,3.171418804869,
    -0.177564928691));
#621 = CARTESIAN_POINT('',(13.969711273959,3.168043417216,
    -0.123680202842));
#622 = CARTESIAN_POINT('',(14.056531389646,3.168043417216,
    -0.173465101115));
#623 = CARTESIAN_POINT('',(13.973597649315,3.161292641908,
    -0.116809179205));
#624 = CARTESIAN_POINT('',(14.061197904306,3.161292641908,-0.16521926029
    ));
#625 = CARTESIAN_POINT('',(13.97734763513,3.154541866601,-0.109862778294
    ));
#626 = CARTESIAN_POINT('',(14.06570112148,3.154541866601,-0.156883190956
    ));
#627 = CARTESIAN_POINT('',(13.979188291593,3.151166478947,-0.106371187)
  );
#628 = CARTESIAN_POINT('',(14.067911605475,3.151166478947,
    -0.152693134871));
#629 = CARTESIAN_POINT('',(13.982800453511,3.14441570364,
    -9.935212969043E-02));
#630 = CARTESIAN_POINT('',(14.072249743861,3.14441570364,-0.144270062329
    ));
#631 = CARTESIAN_POINT('',(13.98627335717,3.137664928332,
    -9.226313685677E-02));
#632 = CARTESIAN_POINT('',(14.076421103301,3.137664928332,
    -0.135763254547));
#633 = CARTESIAN_POINT('',(13.98797477346,3.134289540679,
    -8.870161911976E-02));
#634 = CARTESIAN_POINT('',(14.078464808349,3.134289540679,
    -0.131489463224));
#635 = CARTESIAN_POINT('',(13.991307093009,3.127538765371,
    -8.154546612723E-02));
#636 = CARTESIAN_POINT('',(14.082467729774,3.127538765371,
    -0.122902208756));
#637 = CARTESIAN_POINT('',(13.994497502592,3.120787990064,
    -7.432492834141E-02));
#638 = CARTESIAN_POINT('',(14.086300637324,3.120787990064,
    -0.114237835826));
#639 = CARTESIAN_POINT('',(13.996057027346,3.11741260241,
    -7.069903417216E-02));
#640 = CARTESIAN_POINT('',(14.088174328497,3.11741260241,-0.10988692604)
  );
#641 = CARTESIAN_POINT('',(13.999104311681,3.110661827103,
    -6.341693712492E-02));
#642 = CARTESIAN_POINT('',(14.091835688435,3.110661827103,
    -0.101148781957));
#643 = CARTESIAN_POINT('',(14.002007255486,3.103911051795,
    -5.607610634812E-02));
#644 = CARTESIAN_POINT('',(14.095324052302,3.103911051795,
    -9.23402507012E-02));
#645 = CARTESIAN_POINT('',(14.003422458452,3.100535664141,
    -5.239148607651E-02));
#646 = CARTESIAN_POINT('',(14.097024747405,3.100535664141,
    -8.79189537422E-02));
#647 = CARTESIAN_POINT('',(14.006179958908,3.093784888834,
    -4.49947928652E-02));
#648 = CARTESIAN_POINT('',(14.100338709899,3.093784888834,
    -7.904343687954E-02));
#649 = CARTESIAN_POINT('',(14.008790913197,3.087034113527,
    -3.754510851445E-02));
#650 = CARTESIAN_POINT('',(14.103476953061,3.087034113527,
    -7.010436964889E-02));
#651 = CARTESIAN_POINT('',(14.010059589028,3.083658725873,
    -3.380750398485E-02));
#652 = CARTESIAN_POINT('',(14.105001928832,3.083658725873,
    -6.561952232191E-02));
#653 = CARTESIAN_POINT('',(14.012523008516,3.076907950565,
    -2.630774107846E-02));
#654 = CARTESIAN_POINT('',(14.107963178894,3.076907950565,
    -5.662035604864E-02));
#655 = CARTESIAN_POINT('',(14.014837904568,3.070157175258,
    -1.876081220026E-02));
#656 = CARTESIAN_POINT('',(14.110746251502,3.070157175258,
    -4.75645727319E-02));
#657 = CARTESIAN_POINT('',(14.01595807625,3.066781787604,
    -1.497604782385E-02));
#658 = CARTESIAN_POINT('',(14.112093049817,3.066781787604,
    -4.302310836147E-02));
#659 = CARTESIAN_POINT('',(14.018123575957,3.060031012297,
    -7.384902307686E-03));
#660 = CARTESIAN_POINT('',(14.114696805837,3.060031012297,
    -3.391420458767E-02));
#661 = CARTESIAN_POINT('',(14.020138806407,3.05328023699,
    2.475105126217E-04));
#662 = CARTESIAN_POINT('',(14.117120197617,3.05328023699,
    -2.47557046183E-02));
#663 = CARTESIAN_POINT('',(14.021108728347,3.049904849336,
    4.073536834174E-03));
#664 = CARTESIAN_POINT('',(14.118286631692,3.049904849336,
    -2.01646440523E-02));
#665 = CARTESIAN_POINT('',(14.022972933714,3.043154074028,
    1.174423547081E-02));
#666 = CARTESIAN_POINT('',(14.120528657837,3.043154074028,
    -1.096008523671E-02));
#667 = CARTESIAN_POINT('',(14.024685358173,3.036403298721,
    1.945023843595E-02));
#668 = CARTESIAN_POINT('',(14.122588410497,3.036403298721,
    -1.7130296006E-03));
#669 = CARTESIAN_POINT('',(14.025503518915,3.033027911067,
    2.331156450137E-02));
#670 = CARTESIAN_POINT('',(14.123572571089,3.033027911067,
    2.920527785922E-03));
#671 = CARTESIAN_POINT('',(14.027063524901,3.02627713576,
    3.104986279935E-02));
#672 = CARTESIAN_POINT('',(14.125449189709,3.02627713576,
    1.220650662834E-02));
#673 = CARTESIAN_POINT('',(14.028470474851,3.019526360452,
    3.881744743451E-02));
#674 = CARTESIAN_POINT('',(14.127141909344,3.019526360452,
    2.152781338523E-02));
#675 = CARTESIAN_POINT('',(14.029135599433,3.016150972799,
    4.270805603396E-02));
#676 = CARTESIAN_POINT('',(14.127942170952,3.016150972799,
    2.619669868622E-02));
#677 = CARTESIAN_POINT('',(14.030388975038,3.009400197491,
    5.050189519178E-02));
#678 = CARTESIAN_POINT('',(14.129450274984,3.009400197491,
    3.554972797662E-02));
#679 = CARTESIAN_POINT('',(14.031488257991,3.002649422184,
    5.831895705775E-02));
#680 = CARTESIAN_POINT('',(14.130773144477,3.002649422184,
    4.493085574066E-02));
#681 = CARTESIAN_POINT('',(14.03199930993,2.99927403453,
    6.223278534963E-02));
#682 = CARTESIAN_POINT('',(14.131388171545,2.99927403453,
    4.96278395153E-02));
#683 = CARTESIAN_POINT('',(14.032944101985,2.992523259223,
    7.007002001493E-02));
#684 = CARTESIAN_POINT('',(14.13252523692,2.992523259223,
    5.903343310335E-02));
#685 = CARTESIAN_POINT('',(14.033734004897,2.985772483915,
    7.792437757077E-02));
#686 = CARTESIAN_POINT('',(14.133476028346,2.985772483915,
    6.845984418561E-02));
#687 = CARTESIAN_POINT('',(14.034090187808,2.982397096262,
    8.18553265296E-02));
#688 = CARTESIAN_POINT('',(14.133904781467,2.982397096262,
    7.317764545446E-02));
#689 = CARTESIAN_POINT('',(14.034724924017,2.975646320954,
    8.972374372563E-02));
#690 = CARTESIAN_POINT('',(14.134668879508,2.975646320954,
    8.262121861072E-02));
#691 = CARTESIAN_POINT('',(14.035204215962,2.968895545647,
    9.760315731151E-02));
#692 = CARTESIAN_POINT('',(14.135245966541,2.968895545647,
    9.207828573934E-02));
#693 = CARTESIAN_POINT('',(14.035404974795,2.965520157993,0.101545101232
    ));
#694 = CARTESIAN_POINT('',(14.135487708655,2.965520157993,
    9.680958098055E-02));
#695 = CARTESIAN_POINT('',(14.035728666032,2.958769382686,0.10943243939)
  );
#696 = CARTESIAN_POINT('',(14.135877518486,2.958769382686,0.106276468389
    ));
#697 = CARTESIAN_POINT('',(14.035896600116,2.952018607378,0.1173246303)
  );
#698 = CARTESIAN_POINT('',(14.136079888802,2.952018607378,0.115749492701
    ));
#699 = CARTESIAN_POINT('',(14.035941622022,2.948643219724,0.121271426344
    ));
#700 = CARTESIAN_POINT('',(14.136134191401,2.948643219724,0.120486924847
    ));
#701 = CARTESIAN_POINT('',(14.03595376387,2.941892444417,0.129165394408)
  );
#702 = CARTESIAN_POINT('',(14.136149012349,2.941892444417,0.129962398597
    ));
#703 = CARTESIAN_POINT('',(14.035810078397,2.93514166911,0.137058064027)
  );
#704 = CARTESIAN_POINT('',(14.135976280028,2.93514166911,0.139436627633)
  );
#705 = CARTESIAN_POINT('',(14.035699293219,2.931766281456,0.141003561794
    ));
#706 = CARTESIAN_POINT('',(14.135843029357,2.931766281456,0.144172815065
    ));
#707 = CARTESIAN_POINT('',(14.035399866756,2.925015506148,0.148891858379
    ));
#708 = CARTESIAN_POINT('',(14.135482793357,2.925015506148,0.153642102643
    ));
#709 = CARTESIAN_POINT('',(14.034944785635,2.918264730841,0.156772707344
    ));
#710 = CARTESIAN_POINT('',(14.134935211288,2.918264730841,0.163102748337
    ));
#711 = CARTESIAN_POINT('',(14.034678366011,2.914889343187,0.160710758456
    ));
#712 = CARTESIAN_POINT('',(14.134614614549,2.914889343187,0.167830293883
    ));
#713 = CARTESIAN_POINT('',(14.034067837842,2.90813856788,0.168581091015)
  );
#714 = CARTESIAN_POINT('',(14.133879898547,2.90813856788,0.177278596168)
  );
#715 = CARTESIAN_POINT('',(14.033302070238,2.901387792572,0.176437838383
    ));
#716 = CARTESIAN_POINT('',(14.132958370833,2.901387792572,0.186710852839
    ));
#717 = CARTESIAN_POINT('',(14.032880431338,2.898012404919,0.180362306069
    ));
#718 = CARTESIAN_POINT('',(14.132450962382,2.898012404919,0.19142235277)
  );
#719 = CARTESIAN_POINT('',(14.031959752867,2.891261629611,0.188202410047
    ));
#720 = CARTESIAN_POINT('',(14.131343000739,2.891261629611,0.200834862023
    ));
#721 = CARTESIAN_POINT('',(14.030884492096,2.884510854304,0.196022812434
    ));
#722 = CARTESIAN_POINT('',(14.130049095102,2.884510854304,0.21022392437)
  );
#723 = CARTESIAN_POINT('',(14.030308290971,2.88113546665,0.199927581089)
  );
#724 = CARTESIAN_POINT('',(14.129355742657,2.88113546665,0.214911977395)
  );
#725 = CARTESIAN_POINT('',(14.029078896915,2.874384691343,0.207725239037
    ));
#726 = CARTESIAN_POINT('',(14.127876439555,2.874384691343,0.224273895252
    ));
#727 = CARTESIAN_POINT('',(14.027695818586,2.867633916035,0.215497109697
    ));
#728 = CARTESIAN_POINT('',(14.126212399736,2.867633916035,0.233604976346
    ));
#729 = CARTESIAN_POINT('',(14.026965953146,2.864258528382,0.219376094413
    ));
#730 = CARTESIAN_POINT('',(14.125334310576,2.864258528382,0.238262192608
    ));
#731 = CARTESIAN_POINT('',(14.025429759303,2.857507753074,0.227119155029
    ));
#732 = CARTESIAN_POINT('',(14.123486252418,2.857507753074,0.247558748072
    ));
#733 = CARTESIAN_POINT('',(14.023741018705,2.850756977767,0.234830382844
    ));
#734 = CARTESIAN_POINT('',(14.121455010587,2.850756977767,0.256817097348
    ));
#735 = CARTESIAN_POINT('',(14.022858626319,2.847381590113,0.238677538893
    ));
#736 = CARTESIAN_POINT('',(14.120393737751,2.847381590113,0.261436107422
    ));
#737 = CARTESIAN_POINT('',(14.021018026583,2.840630814806,0.246353935953
    ));
#738 = CARTESIAN_POINT('',(14.118180205571,2.840630814806,0.270652574856
    ));
#739 = CARTESIAN_POINT('',(14.019026255325,2.833880039498,0.253992504306
    ));
#740 = CARTESIAN_POINT('',(14.115785394724,2.833880039498,0.279823496104
    ));
#741 = CARTESIAN_POINT('',(14.017992711051,2.830504651845,0.25780183656)
  );
#742 = CARTESIAN_POINT('',(14.114542843222,2.830504651845,0.284396959992
    ));
#743 = CARTESIAN_POINT('',(14.015850573677,2.823753876537,0.265399607726
    ));
#744 = CARTESIAN_POINT('',(14.111967825083,2.823753876537,0.293518677112
    ));
#745 = CARTESIAN_POINT('',(14.013558875593,2.81700310123,0.272953613228)
  );
#746 = CARTESIAN_POINT('',(14.109213791451,2.81700310123,0.302587546472)
  );
#747 = CARTESIAN_POINT('',(14.012377826236,2.813627713576,0.276719919764
    ));
#748 = CARTESIAN_POINT('',(14.107792224456,2.813627713576,0.307108162597
    ));
#749 = CARTESIAN_POINT('',(14.009949706618,2.806876938269,0.284231630813
    ));
#750 = CARTESIAN_POINT('',(14.104860427859,2.806876938269,0.316120548465
    ));
#751 = CARTESIAN_POINT('',(14.007398304647,2.800126162961,0.291702518622
    ));
#752 = CARTESIAN_POINT('',(14.101752243312,2.800126162961,0.325072832415
    ));
#753 = CARTESIAN_POINT('',(14.006089839361,2.796750775307,0.295426753063
    ));
#754 = CARTESIAN_POINT('',(14.100154288367,2.796750775307,0.329533346624
    ));
#755 = CARTESIAN_POINT('',(14.004746666062,2.793375387654,0.299138774385
    ));
#756 = CARTESIAN_POINT('',(14.098512720509,2.793375387654,0.33397763313)
  );
#757 = CARTESIAN_POINT('',(14.003366841037,2.79,0.302837578934));
#758 = CARTESIAN_POINT('',(14.096827805192,2.79,0.338405094721));
#759 = ADVANCED_FACE('',(#760,#801,#812),#823,.F.);
#760 = FACE_BOUND('',#761,.F.);
#761 = EDGE_LOOP('',(#762,#770,#771,#779,#787,#795));
#762 = ORIENTED_EDGE('',*,*,#763,.T.);
#763 = EDGE_CURVE('',#764,#232,#766,.T.);
#764 = VERTEX_POINT('',#765);
#765 = CARTESIAN_POINT('',(12.4,4.5,-0.375));
#766 = LINE('',#767,#768);
#767 = CARTESIAN_POINT('',(12.4,4.5,-0.375));
#768 = VECTOR('',#769,1.);
#769 = DIRECTION('',(0.789545423657,-0.613692124752,0.));
#770 = ORIENTED_EDGE('',*,*,#288,.F.);
#771 = ORIENTED_EDGE('',*,*,#772,.T.);
#772 = EDGE_CURVE('',#289,#773,#775,.T.);
#773 = VERTEX_POINT('',#774);
#774 = CARTESIAN_POINT('',(12.4,-4.5,-0.375));
#775 = LINE('',#776,#777);
#776 = CARTESIAN_POINT('',(14.6,-2.79,-0.375));
#777 = VECTOR('',#778,1.);
#778 = DIRECTION('',(-0.789545423657,-0.613692124752,0.));
#779 = ORIENTED_EDGE('',*,*,#780,.T.);
#780 = EDGE_CURVE('',#773,#781,#783,.T.);
#781 = VERTEX_POINT('',#782);
#782 = CARTESIAN_POINT('',(6.3,-4.5,-0.375));
#783 = LINE('',#784,#785);
#784 = CARTESIAN_POINT('',(12.4,-4.5,-0.375));
#785 = VECTOR('',#786,1.);
#786 = DIRECTION('',(-1.,0.,0.));
#787 = ORIENTED_EDGE('',*,*,#788,.T.);
#788 = EDGE_CURVE('',#781,#789,#791,.T.);
#789 = VERTEX_POINT('',#790);
#790 = CARTESIAN_POINT('',(6.3,4.5,-0.375));
#791 = LINE('',#792,#793);
#792 = CARTESIAN_POINT('',(6.3,-4.5,-0.375));
#793 = VECTOR('',#794,1.);
#794 = DIRECTION('',(0.,1.,0.));
#795 = ORIENTED_EDGE('',*,*,#796,.T.);
#796 = EDGE_CURVE('',#789,#764,#797,.T.);
#797 = LINE('',#798,#799);
#798 = CARTESIAN_POINT('',(6.3,4.5,-0.375));
#799 = VECTOR('',#800,1.);
#800 = DIRECTION('',(1.,0.,0.));
#801 = FACE_BOUND('',#802,.F.);
#802 = EDGE_LOOP('',(#803));
#803 = ORIENTED_EDGE('',*,*,#804,.F.);
#804 = EDGE_CURVE('',#805,#805,#807,.T.);
#805 = VERTEX_POINT('',#806);
#806 = CARTESIAN_POINT('',(12.4,-3.5,-0.375));
#807 = CIRCLE('',#808,0.4);
#808 = AXIS2_PLACEMENT_3D('',#809,#810,#811);
#809 = CARTESIAN_POINT('',(12.4,-3.1,-0.375));
#810 = DIRECTION('',(-0.,0.,-1.));
#811 = DIRECTION('',(-0.,-1.,0.));
#812 = FACE_BOUND('',#813,.F.);
#813 = EDGE_LOOP('',(#814));
#814 = ORIENTED_EDGE('',*,*,#815,.F.);
#815 = EDGE_CURVE('',#816,#816,#818,.T.);
#816 = VERTEX_POINT('',#817);
#817 = CARTESIAN_POINT('',(12.4,2.7,-0.375));
#818 = CIRCLE('',#819,0.4);
#819 = AXIS2_PLACEMENT_3D('',#820,#821,#822);
#820 = CARTESIAN_POINT('',(12.4,3.1,-0.375));
#821 = DIRECTION('',(-0.,0.,-1.));
#822 = DIRECTION('',(-0.,-1.,0.));
#823 = PLANE('',#824);
#824 = AXIS2_PLACEMENT_3D('',#825,#826,#827);
#825 = CARTESIAN_POINT('',(11.253381121295,9.1E-16,-0.375));
#826 = DIRECTION('',(0.,0.,-1.));
#827 = DIRECTION('',(-1.,0.,0.));
#828 = ADVANCED_FACE('',(#829),#855,.T.);
#829 = FACE_BOUND('',#830,.T.);
#830 = EDGE_LOOP('',(#831,#832,#839,#850));
#831 = ORIENTED_EDGE('',*,*,#296,.T.);
#832 = ORIENTED_EDGE('',*,*,#833,.T.);
#833 = EDGE_CURVE('',#289,#834,#836,.T.);
#834 = VERTEX_POINT('',#835);
#835 = CARTESIAN_POINT('',(13.536062020263,-3.616969975159,-0.475));
#836 = B_SPLINE_CURVE_WITH_KNOTS('',1,(#837,#838),.UNSPECIFIED.,.F.,.F.,
  (2,2),(0.,1.),.PIECEWISE_BEZIER_KNOTS.);
#837 = CARTESIAN_POINT('',(13.536062020263,-3.616969975159,-0.375));
#838 = CARTESIAN_POINT('',(13.536062020263,-3.616969975159,-0.475));
#839 = ORIENTED_EDGE('',*,*,#840,.F.);
#840 = EDGE_CURVE('',#841,#834,#843,.T.);
#841 = VERTEX_POINT('',#842);
#842 = CARTESIAN_POINT('',(14.096827805192,-2.79,0.338405094721));
#843 = B_SPLINE_CURVE_WITH_KNOTS('',5,(#844,#845,#846,#847,#848,#849),
  .UNSPECIFIED.,.F.,.F.,(6,6),(0.,1.347532324118),
  .PIECEWISE_BEZIER_KNOTS.);
#844 = CARTESIAN_POINT('',(14.096827805192,-2.79,0.338405094721));
#845 = CARTESIAN_POINT('',(14.179388655728,-2.955393995032,
    0.121459476738));
#846 = CARTESIAN_POINT('',(14.157872258392,-3.120787990064,
    -0.135882760188));
#847 = CARTESIAN_POINT('',(14.001048017859,-3.286181985096,
    -0.363360326854));
#848 = CARTESIAN_POINT('',(13.76818633007,-3.451575980127,-0.475));
#849 = CARTESIAN_POINT('',(13.536062020263,-3.616969975159,-0.475));
#850 = ORIENTED_EDGE('',*,*,#851,.F.);
#851 = EDGE_CURVE('',#297,#841,#852,.T.);
#852 = B_SPLINE_CURVE_WITH_KNOTS('',1,(#853,#854),.UNSPECIFIED.,.F.,.F.,
  (2,2),(0.,1.),.PIECEWISE_BEZIER_KNOTS.);
#853 = CARTESIAN_POINT('',(14.003366841037,-2.79,0.302837578934));
#854 = CARTESIAN_POINT('',(14.096827805192,-2.79,0.338405094721));
#855 = B_SPLINE_SURFACE_WITH_KNOTS('',5,1,(
    (#856,#857)
    ,(#858,#859)
    ,(#860,#861)
    ,(#862,#863)
    ,(#864,#865)
    ,(#866,#867)
    ,(#868,#869)
    ,(#870,#871)
    ,(#872,#873)
    ,(#874,#875)
    ,(#876,#877)
    ,(#878,#879)
    ,(#880,#881)
    ,(#882,#883)
    ,(#884,#885)
    ,(#886,#887)
    ,(#888,#889)
    ,(#890,#891)
    ,(#892,#893)
    ,(#894,#895)
    ,(#896,#897)
    ,(#898,#899)
    ,(#900,#901)
    ,(#902,#903)
    ,(#904,#905)
    ,(#906,#907)
    ,(#908,#909)
    ,(#910,#911)
    ,(#912,#913)
    ,(#914,#915)
    ,(#916,#917)
    ,(#918,#919)
    ,(#920,#921)
    ,(#922,#923)
    ,(#924,#925)
    ,(#926,#927)
    ,(#928,#929)
    ,(#930,#931)
    ,(#932,#933)
    ,(#934,#935)
    ,(#936,#937)
    ,(#938,#939)
    ,(#940,#941)
    ,(#942,#943)
    ,(#944,#945)
    ,(#946,#947)
    ,(#948,#949)
    ,(#950,#951)
    ,(#952,#953)
    ,(#954,#955)
    ,(#956,#957)
    ,(#958,#959)
    ,(#960,#961)
    ,(#962,#963)
    ,(#964,#965)
    ,(#966,#967)
    ,(#968,#969)
    ,(#970,#971)
    ,(#972,#973)
    ,(#974,#975)
    ,(#976,#977)
    ,(#978,#979)
    ,(#980,#981)
    ,(#982,#983)
    ,(#984,#985)
    ,(#986,#987)
    ,(#988,#989)
    ,(#990,#991)
    ,(#992,#993)
    ,(#994,#995)
    ,(#996,#997)
    ,(#998,#999)
    ,(#1000,#1001)
    ,(#1002,#1003)
    ,(#1004,#1005)
    ,(#1006,#1007)
    ,(#1008,#1009)
    ,(#1010,#1011)
    ,(#1012,#1013)
    ,(#1014,#1015)
    ,(#1016,#1017)
    ,(#1018,#1019)
    ,(#1020,#1021)
    ,(#1022,#1023)
    ,(#1024,#1025)
    ,(#1026,#1027)
    ,(#1028,#1029)
    ,(#1030,#1031)
    ,(#1032,#1033)
    ,(#1034,#1035)
    ,(#1036,#1037)
    ,(#1038,#1039)
    ,(#1040,#1041)
    ,(#1042,#1043)
    ,(#1044,#1045)
    ,(#1046,#1047)
    ,(#1048,#1049)
    ,(#1050,#1051)
    ,(#1052,#1053)
    ,(#1054,#1055)
    ,(#1056,#1057)
    ,(#1058,#1059)
    ,(#1060,#1061)
    ,(#1062,#1063)
    ,(#1064,#1065)
    ,(#1066,#1067)
    ,(#1068,#1069)
    ,(#1070,#1071)
    ,(#1072,#1073)
    ,(#1074,#1075)
    ,(#1076,#1077)
    ,(#1078,#1079)
    ,(#1080,#1081)
    ,(#1082,#1083)
    ,(#1084,#1085)
    ,(#1086,#1087)
    ,(#1088,#1089)
    ,(#1090,#1091)
    ,(#1092,#1093)
    ,(#1094,#1095)
    ,(#1096,#1097)
    ,(#1098,#1099)
    ,(#1100,#1101)
    ,(#1102,#1103)
    ,(#1104,#1105)
    ,(#1106,#1107)
    ,(#1108,#1109)
    ,(#1110,#1111)
    ,(#1112,#1113)
    ,(#1114,#1115)
    ,(#1116,#1117)
    ,(#1118,#1119)
    ,(#1120,#1121)
    ,(#1122,#1123)
    ,(#1124,#1125)
    ,(#1126,#1127)
    ,(#1128,#1129)
    ,(#1130,#1131)
    ,(#1132,#1133)
    ,(#1134,#1135)
    ,(#1136,#1137)
    ,(#1138,#1139)
    ,(#1140,#1141)
    ,(#1142,#1143)
    ,(#1144,#1145)
    ,(#1146,#1147)
    ,(#1148,#1149)
    ,(#1150,#1151)
    ,(#1152,#1153)
    ,(#1154,#1155
    )),.UNSPECIFIED.,.F.,.F.,.F.,(6,3,3,3,3,3,3,3,3,3,3,3,3,3,3,3,3,3,3,
    3,3,3,3,3,3,3,3,3,3,3,3,3,3,3,3,3,3,3,3,3,3,3,3,3,3,3,3,3,3,6),(2,2)
  ,(0.,2.750065967587E-02,5.500131935175E-02,8.250197902762E-02,
    0.110002638703,0.137503298379,0.165003958055,0.192504617731,
    0.220005277407,0.247505937083,0.275006596759,0.302507256435,
    0.33000791611,0.357508575786,0.385009235462,0.412509895138,
    0.440010554814,0.46751121449,0.495011874166,0.522512533842,
    0.550013193517,0.577513853193,0.605014512869,0.632515172545,
    0.660015832221,0.687516491897,0.715017151573,0.742517811249,
    0.770018470924,0.7975191306,0.825019790276,0.852520449952,
    0.880021109628,0.907521769304,0.93502242898,0.962523088656,
    0.990023748331,1.017524408007,1.045025067683,1.072525727359,
    1.100026387035,1.127527046711,1.155027706387,1.182528366063,
    1.210029025738,1.237529685414,1.26503034509,1.292531004766,
    1.320031664442,1.347532324118),(0.,1.),.UNSPECIFIED.);
#856 = CARTESIAN_POINT('',(14.003366841037,-2.79,0.302837578934));
#857 = CARTESIAN_POINT('',(14.096827805192,-2.79,0.338405094721));
#858 = CARTESIAN_POINT('',(14.004746666062,-2.793375387654,
    0.299138774385));
#859 = CARTESIAN_POINT('',(14.098512720509,-2.793375387654,0.33397763313
    ));
#860 = CARTESIAN_POINT('',(14.006089839361,-2.796750775307,
    0.295426753063));
#861 = CARTESIAN_POINT('',(14.100154288367,-2.796750775307,
    0.329533346624));
#862 = CARTESIAN_POINT('',(14.007398304647,-2.800126162961,
    0.291702518622));
#863 = CARTESIAN_POINT('',(14.101752243312,-2.800126162961,
    0.325072832415));
#864 = CARTESIAN_POINT('',(14.009949706618,-2.806876938269,
    0.284231630813));
#865 = CARTESIAN_POINT('',(14.104860427859,-2.806876938269,
    0.316120548465));
#866 = CARTESIAN_POINT('',(14.012377826236,-2.813627713576,
    0.276719919764));
#867 = CARTESIAN_POINT('',(14.107792224456,-2.813627713576,
    0.307108162597));
#868 = CARTESIAN_POINT('',(14.013558875593,-2.81700310123,0.272953613228
    ));
#869 = CARTESIAN_POINT('',(14.109213791451,-2.81700310123,0.302587546472
    ));
#870 = CARTESIAN_POINT('',(14.015850573677,-2.823753876537,
    0.265399607726));
#871 = CARTESIAN_POINT('',(14.111967825083,-2.823753876537,
    0.293518677112));
#872 = CARTESIAN_POINT('',(14.017992711051,-2.830504651845,0.25780183656
    ));
#873 = CARTESIAN_POINT('',(14.114542843222,-2.830504651845,
    0.284396959992));
#874 = CARTESIAN_POINT('',(14.019026255325,-2.833880039498,
    0.253992504306));
#875 = CARTESIAN_POINT('',(14.115785394724,-2.833880039498,
    0.279823496105));
#876 = CARTESIAN_POINT('',(14.021018026583,-2.840630814806,
    0.246353935953));
#877 = CARTESIAN_POINT('',(14.118180205571,-2.840630814806,
    0.270652574856));
#878 = CARTESIAN_POINT('',(14.022858626319,-2.847381590113,
    0.238677538893));
#879 = CARTESIAN_POINT('',(14.120393737751,-2.847381590113,
    0.261436107422));
#880 = CARTESIAN_POINT('',(14.023741018705,-2.850756977767,
    0.234830382844));
#881 = CARTESIAN_POINT('',(14.121455010586,-2.850756977767,
    0.256817097348));
#882 = CARTESIAN_POINT('',(14.025429759303,-2.857507753074,
    0.227119155029));
#883 = CARTESIAN_POINT('',(14.123486252418,-2.857507753074,
    0.247558748072));
#884 = CARTESIAN_POINT('',(14.026965953146,-2.864258528382,
    0.219376094413));
#885 = CARTESIAN_POINT('',(14.125334310576,-2.864258528382,
    0.238262192608));
#886 = CARTESIAN_POINT('',(14.027695818586,-2.867633916035,
    0.215497109697));
#887 = CARTESIAN_POINT('',(14.126212399736,-2.867633916035,
    0.233604976346));
#888 = CARTESIAN_POINT('',(14.029078896915,-2.874384691343,
    0.207725239037));
#889 = CARTESIAN_POINT('',(14.127876439555,-2.874384691343,
    0.224273895252));
#890 = CARTESIAN_POINT('',(14.030308290971,-2.88113546665,0.199927581089
    ));
#891 = CARTESIAN_POINT('',(14.129355742657,-2.88113546665,0.214911977395
    ));
#892 = CARTESIAN_POINT('',(14.030884492096,-2.884510854304,
    0.196022812434));
#893 = CARTESIAN_POINT('',(14.130049095102,-2.884510854304,0.21022392437
    ));
#894 = CARTESIAN_POINT('',(14.031959752867,-2.891261629611,
    0.188202410047));
#895 = CARTESIAN_POINT('',(14.131343000739,-2.891261629611,
    0.200834862023));
#896 = CARTESIAN_POINT('',(14.032880431338,-2.898012404919,
    0.180362306069));
#897 = CARTESIAN_POINT('',(14.132450962382,-2.898012404919,0.19142235277
    ));
#898 = CARTESIAN_POINT('',(14.033302070238,-2.901387792572,
    0.176437838383));
#899 = CARTESIAN_POINT('',(14.132958370833,-2.901387792572,
    0.186710852839));
#900 = CARTESIAN_POINT('',(14.034067837842,-2.90813856788,0.168581091015
    ));
#901 = CARTESIAN_POINT('',(14.133879898547,-2.90813856788,0.177278596168
    ));
#902 = CARTESIAN_POINT('',(14.034678366011,-2.914889343187,
    0.160710758456));
#903 = CARTESIAN_POINT('',(14.134614614549,-2.914889343187,
    0.167830293883));
#904 = CARTESIAN_POINT('',(14.034944785635,-2.918264730841,
    0.156772707344));
#905 = CARTESIAN_POINT('',(14.134935211288,-2.918264730841,
    0.163102748337));
#906 = CARTESIAN_POINT('',(14.035399866756,-2.925015506148,
    0.148891858379));
#907 = CARTESIAN_POINT('',(14.135482793357,-2.925015506148,
    0.153642102643));
#908 = CARTESIAN_POINT('',(14.035699293219,-2.931766281456,
    0.141003561794));
#909 = CARTESIAN_POINT('',(14.135843029357,-2.931766281456,
    0.144172815065));
#910 = CARTESIAN_POINT('',(14.035810078397,-2.93514166911,0.137058064027
    ));
#911 = CARTESIAN_POINT('',(14.135976280028,-2.93514166911,0.139436627633
    ));
#912 = CARTESIAN_POINT('',(14.03595376387,-2.941892444417,0.129165394408
    ));
#913 = CARTESIAN_POINT('',(14.136149012349,-2.941892444417,
    0.129962398597));
#914 = CARTESIAN_POINT('',(14.035941622022,-2.948643219724,
    0.121271426344));
#915 = CARTESIAN_POINT('',(14.136134191401,-2.948643219724,
    0.120486924847));
#916 = CARTESIAN_POINT('',(14.035896600116,-2.952018607378,0.1173246303)
  );
#917 = CARTESIAN_POINT('',(14.136079888802,-2.952018607378,
    0.115749492701));
#918 = CARTESIAN_POINT('',(14.035728666032,-2.958769382686,0.10943243939
    ));
#919 = CARTESIAN_POINT('',(14.135877518486,-2.958769382686,
    0.106276468389));
#920 = CARTESIAN_POINT('',(14.035404974795,-2.965520157993,
    0.101545101232));
#921 = CARTESIAN_POINT('',(14.135487708655,-2.965520157993,
    9.680958098057E-02));
#922 = CARTESIAN_POINT('',(14.035204215962,-2.968895545647,
    9.760315731151E-02));
#923 = CARTESIAN_POINT('',(14.135245966541,-2.968895545647,
    9.207828573936E-02));
#924 = CARTESIAN_POINT('',(14.034724924017,-2.975646320954,
    8.972374372562E-02));
#925 = CARTESIAN_POINT('',(14.134668879507,-2.975646320954,
    8.262121861073E-02));
#926 = CARTESIAN_POINT('',(14.034090187808,-2.982397096262,
    8.18553265296E-02));
#927 = CARTESIAN_POINT('',(14.133904781467,-2.982397096262,
    7.317764545447E-02));
#928 = CARTESIAN_POINT('',(14.033734004897,-2.985772483915,
    7.792437757077E-02));
#929 = CARTESIAN_POINT('',(14.133476028346,-2.985772483915,
    6.845984418562E-02));
#930 = CARTESIAN_POINT('',(14.032944101985,-2.992523259223,
    7.007002001493E-02));
#931 = CARTESIAN_POINT('',(14.13252523692,-2.992523259223,
    5.903343310336E-02));
#932 = CARTESIAN_POINT('',(14.03199930993,-2.99927403453,
    6.223278534963E-02));
#933 = CARTESIAN_POINT('',(14.131388171545,-2.99927403453,
    4.962783951531E-02));
#934 = CARTESIAN_POINT('',(14.031488257991,-3.002649422184,
    5.831895705775E-02));
#935 = CARTESIAN_POINT('',(14.130773144477,-3.002649422184,
    4.493085574067E-02));
#936 = CARTESIAN_POINT('',(14.030388975038,-3.009400197491,
    5.050189519178E-02));
#937 = CARTESIAN_POINT('',(14.129450274984,-3.009400197491,
    3.554972797663E-02));
#938 = CARTESIAN_POINT('',(14.029135599433,-3.016150972799,
    4.270805603396E-02));
#939 = CARTESIAN_POINT('',(14.127942170952,-3.016150972799,
    2.619669868623E-02));
#940 = CARTESIAN_POINT('',(14.028470474851,-3.019526360452,
    3.881744743451E-02));
#941 = CARTESIAN_POINT('',(14.127141909344,-3.019526360452,
    2.152781338523E-02));
#942 = CARTESIAN_POINT('',(14.027063524901,-3.02627713576,
    3.104986279935E-02));
#943 = CARTESIAN_POINT('',(14.125449189709,-3.02627713576,
    1.220650662834E-02));
#944 = CARTESIAN_POINT('',(14.025503518915,-3.033027911067,
    2.331156450137E-02));
#945 = CARTESIAN_POINT('',(14.123572571089,-3.033027911067,
    2.920527785923E-03));
#946 = CARTESIAN_POINT('',(14.024685358173,-3.036403298721,
    1.945023843595E-02));
#947 = CARTESIAN_POINT('',(14.122588410497,-3.036403298721,
    -1.7130296006E-03));
#948 = CARTESIAN_POINT('',(14.022972933714,-3.043154074028,
    1.174423547081E-02));
#949 = CARTESIAN_POINT('',(14.120528657836,-3.043154074028,
    -1.096008523671E-02));
#950 = CARTESIAN_POINT('',(14.021108728347,-3.049904849336,
    4.073536834174E-03));
#951 = CARTESIAN_POINT('',(14.118286631692,-3.049904849336,
    -2.01646440523E-02));
#952 = CARTESIAN_POINT('',(14.020138806407,-3.05328023699,
    2.475105126215E-04));
#953 = CARTESIAN_POINT('',(14.117120197617,-3.05328023699,
    -2.475570461831E-02));
#954 = CARTESIAN_POINT('',(14.018123575957,-3.060031012297,
    -7.384902307686E-03));
#955 = CARTESIAN_POINT('',(14.114696805837,-3.060031012297,
    -3.391420458768E-02));
#956 = CARTESIAN_POINT('',(14.015958076251,-3.066781787604,
    -1.497604782385E-02));
#957 = CARTESIAN_POINT('',(14.112093049817,-3.066781787604,
    -4.302310836147E-02));
#958 = CARTESIAN_POINT('',(14.014837904568,-3.070157175258,
    -1.876081220026E-02));
#959 = CARTESIAN_POINT('',(14.110746251502,-3.070157175258,
    -4.756457273191E-02));
#960 = CARTESIAN_POINT('',(14.012523008516,-3.076907950565,
    -2.630774107846E-02));
#961 = CARTESIAN_POINT('',(14.107963178894,-3.076907950565,
    -5.662035604864E-02));
#962 = CARTESIAN_POINT('',(14.010059589028,-3.083658725873,
    -3.380750398484E-02));
#963 = CARTESIAN_POINT('',(14.105001928832,-3.083658725873,
    -6.561952232192E-02));
#964 = CARTESIAN_POINT('',(14.008790913197,-3.087034113527,
    -3.754510851445E-02));
#965 = CARTESIAN_POINT('',(14.103476953061,-3.087034113527,
    -7.01043696489E-02));
#966 = CARTESIAN_POINT('',(14.006179958908,-3.093784888834,
    -4.49947928652E-02));
#967 = CARTESIAN_POINT('',(14.100338709899,-3.093784888834,
    -7.904343687955E-02));
#968 = CARTESIAN_POINT('',(14.003422458452,-3.100535664141,
    -5.239148607651E-02));
#969 = CARTESIAN_POINT('',(14.097024747405,-3.100535664141,
    -8.791895374221E-02));
#970 = CARTESIAN_POINT('',(14.002007255486,-3.103911051795,
    -5.607610634812E-02));
#971 = CARTESIAN_POINT('',(14.095324052302,-3.103911051795,
    -9.234025070121E-02));
#972 = CARTESIAN_POINT('',(13.999104311681,-3.110661827103,
    -6.341693712492E-02));
#973 = CARTESIAN_POINT('',(14.091835688435,-3.110661827103,
    -0.101148781957));
#974 = CARTESIAN_POINT('',(13.996057027346,-3.11741260241,
    -7.069903417216E-02));
#975 = CARTESIAN_POINT('',(14.088174328497,-3.11741260241,-0.10988692604
    ));
#976 = CARTESIAN_POINT('',(13.994497502592,-3.120787990064,
    -7.432492834141E-02));
#977 = CARTESIAN_POINT('',(14.086300637324,-3.120787990064,
    -0.114237835826));
#978 = CARTESIAN_POINT('',(13.991307093009,-3.127538765371,
    -8.154546612723E-02));
#979 = CARTESIAN_POINT('',(14.082467729774,-3.127538765371,
    -0.122902208756));
#980 = CARTESIAN_POINT('',(13.98797477346,-3.134289540679,
    -8.870161911975E-02));
#981 = CARTESIAN_POINT('',(14.078464808349,-3.134289540679,
    -0.131489463224));
#982 = CARTESIAN_POINT('',(13.98627335717,-3.137664928332,
    -9.226313685677E-02));
#983 = CARTESIAN_POINT('',(14.076421103301,-3.137664928332,
    -0.135763254547));
#984 = CARTESIAN_POINT('',(13.982800453511,-3.14441570364,
    -9.935212969043E-02));
#985 = CARTESIAN_POINT('',(14.072249743861,-3.14441570364,
    -0.144270062329));
#986 = CARTESIAN_POINT('',(13.979188291593,-3.151166478947,-0.106371187)
  );
#987 = CARTESIAN_POINT('',(14.067911605475,-3.151166478947,
    -0.152693134871));
#988 = CARTESIAN_POINT('',(13.97734763513,-3.154541866601,
    -0.109862778294));
#989 = CARTESIAN_POINT('',(14.065701121481,-3.154541866601,
    -0.156883190956));
#990 = CARTESIAN_POINT('',(13.973597649315,-3.161292641908,
    -0.116809179205));
#991 = CARTESIAN_POINT('',(14.061197904306,-3.161292641908,
    -0.16521926029));
#992 = CARTESIAN_POINT('',(13.969711273959,-3.168043417216,
    -0.123680202842));
#993 = CARTESIAN_POINT('',(14.056531389646,-3.168043417216,
    -0.173465101115));
#994 = CARTESIAN_POINT('',(13.967734245668,-3.171418804869,
    -0.127096426652));
#995 = CARTESIAN_POINT('',(14.054157608166,-3.171418804869,
    -0.177564928691));
#996 = CARTESIAN_POINT('',(13.963713021402,-3.178169580177,
    -0.133889410873));
#997 = CARTESIAN_POINT('',(14.049329617376,-3.178169580177,
    -0.185717337791));
#998 = CARTESIAN_POINT('',(13.959558488853,-3.184920355484,
    -0.140601693534));
#999 = CARTESIAN_POINT('',(14.044342050888,-3.184920355484,
    -0.193773157618));
#1000 = CARTESIAN_POINT('',(13.957448169591,-3.188295743138,
    -0.143937226265));
#1001 = CARTESIAN_POINT('',(14.04180869371,-3.188295743138,
    -0.19777639592));
#1002 = CARTESIAN_POINT('',(13.953161973258,-3.195046518445,
    -0.150566208103));
#1003 = CARTESIAN_POINT('',(14.036663490979,-3.195046518445,
    -0.205732492508));
#1004 = CARTESIAN_POINT('',(13.948745757638,-3.201797293753,
    -0.157109289856));
#1005 = CARTESIAN_POINT('',(14.031362668465,-3.201797293753,
    -0.213585780559));
#1006 = CARTESIAN_POINT('',(13.946505435973,-3.205172681407,
    -0.160358933655));
#1007 = CARTESIAN_POINT('',(14.028673691506,-3.205172681407,
    -0.217486210323));
#1008 = CARTESIAN_POINT('',(13.94196094687,-3.211923456714,
    -0.166813582988));
#1009 = CARTESIAN_POINT('',(14.023219303661,-3.211923456714,
    -0.225233629619));
#1010 = CARTESIAN_POINT('',(13.937289930087,-3.218674232021,
    -0.173177267569));
#1011 = CARTESIAN_POINT('',(14.017613479874,-3.218674232021,
    -0.23287217161));
#1012 = CARTESIAN_POINT('',(13.934923097174,-3.222049619675,
    -0.176335958428));
#1013 = CARTESIAN_POINT('',(14.014773066973,-3.222049619675,
    -0.236663724069));
#1014 = CARTESIAN_POINT('',(13.930127397102,-3.228800394983,
    -0.1826062168));
#1015 = CARTESIAN_POINT('',(14.00901797359,-3.228800394983,
    -0.244190406785));
#1016 = CARTESIAN_POINT('',(13.92520885813,-3.23555117029,
    -0.188780587505));
#1017 = CARTESIAN_POINT('',(14.00311584983,-3.23555117029,-0.25160230292
    ));
#1018 = CARTESIAN_POINT('',(13.922719202269,-3.238926557944,
    -0.19184340315));
#1019 = CARTESIAN_POINT('',(14.000128406552,-3.238926557944,
    -0.255279068799));
#1020 = CARTESIAN_POINT('',(13.917679764498,-3.245677333251,
    -0.197919499445));
#1021 = CARTESIAN_POINT('',(13.994081527552,-3.245677333251,
    -0.26257327913));
#1022 = CARTESIAN_POINT('',(13.91252136803,-3.252428108559,
    -0.203894934584));
#1023 = CARTESIAN_POINT('',(13.98789223926,-3.252428108559,
    -0.269746962095));
#1024 = CARTESIAN_POINT('',(13.90991276892,-3.255803496212,
    -0.206857102147));
#1025 = CARTESIAN_POINT('',(13.984762386688,-3.255803496212,
    -0.273303200608));
#1026 = CARTESIAN_POINT('',(13.904637446545,-3.26255427152,
    -0.212729567818));
#1027 = CARTESIAN_POINT('',(13.978433069934,-3.26255427152,
    -0.280353544226));
#1028 = CARTESIAN_POINT('',(13.899247231051,-3.269305046827,
    -0.218496755708));
#1029 = CARTESIAN_POINT('',(13.97196617429,-3.269305046827,
    -0.287277797179));
#1030 = CARTESIAN_POINT('',(13.896523753743,-3.272680434481,
    -0.22135365916));
#1031 = CARTESIAN_POINT('',(13.968698742828,-3.272680434481,
    -0.290707945025));
#1032 = CARTESIAN_POINT('',(13.891020767441,-3.279431209788,
    -0.227013342984));
#1033 = CARTESIAN_POINT('',(13.962096751718,-3.279431209788,
    -0.297503387071));
#1034 = CARTESIAN_POINT('',(13.885407132642,-3.286181985096,
    -0.232563296458));
#1035 = CARTESIAN_POINT('',(13.955362215238,-3.286181985096,
    -0.304167361632));
#1036 = CARTESIAN_POINT('',(13.882573021205,-3.289557372749,
    -0.23531048381));
#1037 = CARTESIAN_POINT('',(13.951962238406,-3.289557372749,
    -0.307466041993));
#1038 = CARTESIAN_POINT('',(13.876850946431,-3.296308148057,
    -0.240748566147));
#1039 = CARTESIAN_POINT('',(13.945097739471,-3.296308148057,
    -0.313995925068));
#1040 = CARTESIAN_POINT('',(13.871022640206,-3.303058923364,
    -0.246072636561));
#1041 = CARTESIAN_POINT('',(13.9381059256,-3.303058923364,
    -0.320389159317));
#1042 = CARTESIAN_POINT('',(13.868082311113,-3.306434311018,
    -0.248705826795));
#1043 = CARTESIAN_POINT('',(13.934578633833,-3.306434311018,
    -0.323551190851));
#1044 = CARTESIAN_POINT('',(13.862150064732,-3.313185086325,
    -0.253913833333));
#1045 = CARTESIAN_POINT('',(13.927462184333,-3.313185086325,
    -0.329805253011));
#1046 = CARTESIAN_POINT('',(13.85611616949,-3.319935861633,
    -0.259003724043));
#1047 = CARTESIAN_POINT('',(13.920223841045,-3.319935861633,
    -0.335917689476));
#1048 = CARTESIAN_POINT('',(13.853074204737,-3.323311249286,
    -0.261518813788));
#1049 = CARTESIAN_POINT('',(13.91657465549,-3.323311249286,
    -0.338938095316));
#1050 = CARTESIAN_POINT('',(13.846941031131,-3.330062024594,
    -0.266488628748));
#1051 = CARTESIAN_POINT('',(13.909217191009,-3.330062024594,
    -0.34490648806));
#1052 = CARTESIAN_POINT('',(13.840710949656,-3.336812799901,
    -0.271336408038));
#1053 = CARTESIAN_POINT('',(13.901743438398,-3.336812799901,
    -0.350728491713));
#1054 = CARTESIAN_POINT('',(13.837572089619,-3.340188187555,
    -0.27372947796));
#1055 = CARTESIAN_POINT('',(13.897977964714,-3.340188187555,
    -0.353602508461));
#1056 = CARTESIAN_POINT('',(13.831247546279,-3.346938962862,
    -0.278453356744));
#1057 = CARTESIAN_POINT('',(13.890390786757,-3.346938962862,
    -0.359275814729));
#1058 = CARTESIAN_POINT('',(13.824830987077,-3.35368973817,
    -0.283051470187));
#1059 = CARTESIAN_POINT('',(13.882693104637,-3.35368973817,
    -0.364798190974));
#1060 = CARTESIAN_POINT('',(13.821600123127,-3.357065125824,
    -0.2853187911));
#1061 = CARTESIAN_POINT('',(13.878817126791,-3.357065125824,
    -0.367521277699));
#1062 = CARTESIAN_POINT('',(13.815094065763,-3.363815901131,
    -0.289789372358));
#1063 = CARTESIAN_POINT('',(13.871011890379,-3.363815901131,
    -0.372890529859));
#1064 = CARTESIAN_POINT('',(13.808501027933,-3.370566676438,
    -0.294130654589));
#1065 = CARTESIAN_POINT('',(13.863102105878,-3.370566676438,
    -0.378104542528));
#1066 = CARTESIAN_POINT('',(13.805183194814,-3.373942064092,
    -0.296268693265));
#1067 = CARTESIAN_POINT('',(13.859121579944,-3.373942064092,
    -0.380672389762));
#1068 = CARTESIAN_POINT('',(13.798505761991,-3.3806928394,
    -0.300479010369));
#1069 = CARTESIAN_POINT('',(13.85111028121,-3.3806928394,-0.385729087607
    ));
#1070 = CARTESIAN_POINT('',(13.791746519645,-3.387443614707,
    -0.304556696249));
#1071 = CARTESIAN_POINT('',(13.843000556367,-3.387443614707,
    -0.390626476951));
#1072 = CARTESIAN_POINT('',(13.788346887627,-3.390819002361,
    -0.306562120923));
#1073 = CARTESIAN_POINT('',(13.838921604323,-3.390819002361,
    -0.393035015682));
#1074 = CARTESIAN_POINT('',(13.781508484972,-3.397569777668,
    -0.310505612822));
#1075 = CARTESIAN_POINT('',(13.83071656811,-3.397569777668,
    -0.397771144421));
#1076 = CARTESIAN_POINT('',(13.774593571221,-3.404320552976,
    -0.314313347981));
#1077 = CARTESIAN_POINT('',(13.822419387469,-3.404320552976,
    -0.402344145102));
#1078 = CARTESIAN_POINT('',(13.771117438043,-3.407695940629,
    -0.316183033546));
#1079 = CARTESIAN_POINT('',(13.818248290997,-3.407695940629,
    -0.404589555775));
#1080 = CARTESIAN_POINT('',(13.764128722025,-3.414446715937,
    -0.319853554987));
#1081 = CARTESIAN_POINT('',(13.809862158451,-3.414446715937,
    -0.408997604021));
#1082 = CARTESIAN_POINT('',(13.757068912569,-3.421197491244,
    -0.323385405728));
#1083 = CARTESIAN_POINT('',(13.801390316659,-3.421197491244,
    -0.413238963105));
#1084 = CARTESIAN_POINT('',(13.753521695184,-3.424572878898,
    -0.325116438602));
#1085 = CARTESIAN_POINT('',(13.797133510941,-3.424572878898,
    -0.415317684617));
#1086 = CARTESIAN_POINT('',(13.746393556511,-3.431323654205,
    -0.328508269712));
#1087 = CARTESIAN_POINT('',(13.788579227109,-3.431323654205,
    -0.419390662386));
#1088 = CARTESIAN_POINT('',(13.739199852842,-3.438074429513,
    -0.331758732256));
#1089 = CARTESIAN_POINT('',(13.779945816512,-3.438074429513,
    -0.423293657336));
#1090 = CARTESIAN_POINT('',(13.735587078976,-3.441449817166,
    -0.333348414923));
#1091 = CARTESIAN_POINT('',(13.775609884027,-3.441449817166,
    -0.425202396028));
#1092 = CARTESIAN_POINT('',(13.72833062562,-3.448200592474,
    -0.336456270118));
#1093 = CARTESIAN_POINT('',(13.766900685453,-3.448200592474,
    -0.428933852728));
#1094 = CARTESIAN_POINT('',(13.721014237884,-3.454951367781,
    -0.33942027918));
#1095 = CARTESIAN_POINT('',(13.75811908369,-3.454951367781,
    -0.432492309394));
#1096 = CARTESIAN_POINT('',(13.717341537422,-3.458326755435,
    -0.340866134394));
#1097 = CARTESIAN_POINT('',(13.753710748016,-3.458326755435,
    -0.434228048053));
#1098 = CARTESIAN_POINT('',(13.709968077313,-3.465077530742,
    -0.34368517062));
#1099 = CARTESIAN_POINT('',(13.744860150334,-3.465077530742,
    -0.437612090476));
#1100 = CARTESIAN_POINT('',(13.702540406836,-3.47182830605,
    -0.346358107304));
#1101 = CARTESIAN_POINT('',(13.735944007935,-3.47182830605,
    -0.440820401091));
#1102 = CARTESIAN_POINT('',(13.698813503047,-3.475203693703,
    -0.347657881949));
#1103 = CARTESIAN_POINT('',(13.731470127544,-3.475203693703,
    -0.442380407942));
#1104 = CARTESIAN_POINT('',(13.691334526448,-3.481954469011,
    -0.350183706223));
#1105 = CARTESIAN_POINT('',(13.722491913078,-3.481954469011,
    -0.445411718258));
#1106 = CARTESIAN_POINT('',(13.683807147973,-3.488705244318,
    -0.352561405219));
#1107 = CARTESIAN_POINT('',(13.713455141059,-3.488705244318,
    -0.448264859427));
#1108 = CARTESIAN_POINT('',(13.680031848592,-3.492080631972,
    -0.353713073822));
#1109 = CARTESIAN_POINT('',(13.708922703115,-3.492080631972,
    -0.449646697132));
#1110 = CARTESIAN_POINT('',(13.672459010198,-3.498831407279,
    -0.355941750084));
#1111 = CARTESIAN_POINT('',(13.699830908472,-3.498831407279,
    -0.452320550879));
#1112 = CARTESIAN_POINT('',(13.664843653843,-3.505582182587,
    -0.358020506158));
#1113 = CARTESIAN_POINT('',(13.690687665932,-3.505582182587,
    -0.454814101574));
#1114 = CARTESIAN_POINT('',(13.661025842024,-3.508957570241,
    -0.359022274041));
#1115 = CARTESIAN_POINT('',(13.686103780089,-3.508957570241,
    -0.456015636225));
#1116 = CARTESIAN_POINT('',(13.653370942795,-3.515708345548,
    -0.360950329284));
#1117 = CARTESIAN_POINT('',(13.676912683758,-3.515708345548,
    -0.458327920306));
#1118 = CARTESIAN_POINT('',(13.645679475778,-3.522459120855,
    -0.362726903055));
#1119 = CARTESIAN_POINT('',(13.667677365471,-3.522459120855,
    -0.460458079855));
#1120 = CARTESIAN_POINT('',(13.64182510092,-3.525834508509,
    -0.363577209136));
#1121 = CARTESIAN_POINT('',(13.663049257674,-3.525834508509,
    -0.461477489974));
#1122 = CARTESIAN_POINT('',(13.634100069694,-3.532585283817,
    -0.365201638819));
#1123 = CARTESIAN_POINT('',(13.653773367617,-3.532585283817,
    -0.463424720644));
#1124 = CARTESIAN_POINT('',(13.626344477839,-3.539336059124,
    -0.366673261802));
#1125 = CARTESIAN_POINT('',(13.644460591635,-3.539336059124,
    -0.465188326727));
#1126 = CARTESIAN_POINT('',(13.622459546319,-3.542711446778,
    -0.367370781026));
#1127 = CARTESIAN_POINT('',(13.639795597913,-3.542711446778,
    -0.46602411226));
#1128 = CARTESIAN_POINT('',(13.614676421225,-3.549462222085,
    -0.368689053756));
#1129 = CARTESIAN_POINT('',(13.630449639166,-3.549462222085,
    -0.46760345312));
#1130 = CARTESIAN_POINT('',(13.606868790282,-3.556212997393,
    -0.369853432681));
#1131 = CARTESIAN_POINT('',(13.621074234409,-3.556212997393,
    -0.46899799976));
#1132 = CARTESIAN_POINT('',(13.602959356095,-3.559588385046,
    -0.370397078085));
#1133 = CARTESIAN_POINT('',(13.616379794677,-3.559588385046,
    -0.469648991073));
#1134 = CARTESIAN_POINT('',(13.595130265788,-3.566339160354,
    -0.371407139562));
#1135 = CARTESIAN_POINT('',(13.606978696944,-3.566339160354,
    -0.470858271066));
#1136 = CARTESIAN_POINT('',(13.587282762601,-3.573089935661,
    -0.372262459946));
#1137 = CARTESIAN_POINT('',(13.597555690797,-3.573089935661,
    -0.471881926621));
#1138 = CARTESIAN_POINT('',(13.583354917927,-3.576465323315,
    -0.372651384352));
#1139 = CARTESIAN_POINT('',(13.592839342651,-3.576465323315,
    -0.472347293497));
#1140 = CARTESIAN_POINT('',(13.575492062692,-3.583216098622,
    -0.373351660568));
#1141 = CARTESIAN_POINT('',(13.583398227899,-3.583216098622,
    -0.473185024894));
#1142 = CARTESIAN_POINT('',(13.56761691624,-3.58996687393,
    -0.373896589542));
#1143 = CARTESIAN_POINT('',(13.573942833812,-3.58996687393,
    -0.47383665005));
#1144 = CARTESIAN_POINT('',(13.563676819921,-3.593342261583,
    -0.374132351098));
#1145 = CARTESIAN_POINT('',(13.569212206329,-3.593342261583,
    -0.474115910685));
#1146 = CARTESIAN_POINT('',(13.555792680522,-3.600093036891,
    -0.374534736106));
#1147 = CARTESIAN_POINT('',(13.559746376387,-3.600093036891,
    -0.474581307084));
#1148 = CARTESIAN_POINT('',(13.547902846446,-3.606843812198,
    -0.374807380425));
#1149 = CARTESIAN_POINT('',(13.550273981463,-3.606843812198,
    -0.474860472846));
#1150 = CARTESIAN_POINT('',(13.543956752433,-3.610219199852,
    -0.374909093826));
#1151 = CARTESIAN_POINT('',(13.545536789,-3.610219199852,-0.474953502843
    ));
#1152 = CARTESIAN_POINT('',(13.54000972814,-3.613594587506,
    -0.37497402488));
#1153 = CARTESIAN_POINT('',(13.540799251075,-3.613594587506,-0.475));
#1154 = CARTESIAN_POINT('',(13.536062020263,-3.616969975159,-0.375));
#1155 = CARTESIAN_POINT('',(13.536062020263,-3.616969975159,-0.475));
#1156 = ADVANCED_FACE('',(#1157),#1175,.T.);
#1157 = FACE_BOUND('',#1158,.T.);
#1158 = EDGE_LOOP('',(#1159,#1160,#1161,#1170));
#1159 = ORIENTED_EDGE('',*,*,#353,.T.);
#1160 = ORIENTED_EDGE('',*,*,#851,.T.);
#1161 = ORIENTED_EDGE('',*,*,#1162,.F.);
#1162 = EDGE_CURVE('',#1163,#841,#1165,.T.);
#1163 = VERTEX_POINT('',#1164);
#1164 = CARTESIAN_POINT('',(13.536062020263,-2.79,0.725));
#1165 = CIRCLE('',#1166,0.6);
#1166 = AXIS2_PLACEMENT_3D('',#1167,#1168,#1169);
#1167 = CARTESIAN_POINT('',(13.536062020263,-2.79,0.125));
#1168 = DIRECTION('',(0.,1.,0.));
#1169 = DIRECTION('',(0.,-0.,1.));
#1170 = ORIENTED_EDGE('',*,*,#1171,.F.);
#1171 = EDGE_CURVE('',#215,#1163,#1172,.T.);
#1172 = B_SPLINE_CURVE_WITH_KNOTS('',1,(#1173,#1174),.UNSPECIFIED.,.F.,
  .F.,(2,2),(0.,1.),.PIECEWISE_BEZIER_KNOTS.);
#1173 = CARTESIAN_POINT('',(13.536062020263,-2.79,0.625));
#1174 = CARTESIAN_POINT('',(13.536062020263,-2.79,0.725));
#1175 = B_SPLINE_SURFACE_WITH_KNOTS('',7,1,(
    (#1176,#1177)
    ,(#1178,#1179)
    ,(#1180,#1181)
    ,(#1182,#1183)
    ,(#1184,#1185)
    ,(#1186,#1187)
    ,(#1188,#1189)
    ,(#1190,#1191
    )),.UNSPECIFIED.,.F.,.F.,.F.,(8,8),(2,2),(0.,1.207159963159),(0.,1.)
  ,.PIECEWISE_BEZIER_KNOTS.);
#1176 = CARTESIAN_POINT('',(13.536062020263,-2.79,0.625));
#1177 = CARTESIAN_POINT('',(13.536062020263,-2.79,0.725));
#1178 = CARTESIAN_POINT('',(13.622287731917,-2.79,0.625));
#1179 = CARTESIAN_POINT('',(13.639532874248,-2.79,0.725));
#1180 = CARTESIAN_POINT('',(13.708513390498,-2.79,0.607651876052));
#1181 = CARTESIAN_POINT('',(13.743003664545,-2.79,0.704182251263));
#1182 = CARTESIAN_POINT('',(13.79055100974,-2.79,0.572956274439));
#1183 = CARTESIAN_POINT('',(13.841448807635,-2.79,0.662547529327));
#1184 = CARTESIAN_POINT('',(13.864210861838,-2.79,0.522174781863));
#1185 = CARTESIAN_POINT('',(13.929840630153,-2.79,0.601609738235));
#1186 = CARTESIAN_POINT('',(13.9258164488,-2.79,0.45784199553));
#1187 = CARTESIAN_POINT('',(14.003767334507,-2.79,0.524410394637));
#1188 = CARTESIAN_POINT('',(13.972698497432,-2.79,0.383424960396));
#1189 = CARTESIAN_POINT('',(14.060025792866,-2.79,0.435109952475));
#1190 = CARTESIAN_POINT('',(14.003366841037,-2.79,0.302837578934));
#1191 = CARTESIAN_POINT('',(14.096827805192,-2.79,0.338405094721));
#1192 = ADVANCED_FACE('',(#1193),#1211,.F.);
#1193 = FACE_BOUND('',#1194,.F.);
#1194 = EDGE_LOOP('',(#1195,#1196,#1197,#1205));
#1195 = ORIENTED_EDGE('',*,*,#368,.F.);
#1196 = ORIENTED_EDGE('',*,*,#400,.T.);
#1197 = ORIENTED_EDGE('',*,*,#1198,.T.);
#1198 = EDGE_CURVE('',#401,#1199,#1201,.T.);
#1199 = VERTEX_POINT('',#1200);
#1200 = CARTESIAN_POINT('',(12.,2.79,0.725));
#1201 = LINE('',#1202,#1203);
#1202 = CARTESIAN_POINT('',(14.2,2.79,0.725));
#1203 = VECTOR('',#1204,1.);
#1204 = DIRECTION('',(-1.,0.,0.));
#1205 = ORIENTED_EDGE('',*,*,#1206,.F.);
#1206 = EDGE_CURVE('',#369,#1199,#1207,.T.);
#1207 = LINE('',#1208,#1209);
#1208 = CARTESIAN_POINT('',(12.,2.79,0.625));
#1209 = VECTOR('',#1210,1.);
#1210 = DIRECTION('',(0.,0.,1.));
#1211 = PLANE('',#1212);
#1212 = AXIS2_PLACEMENT_3D('',#1213,#1214,#1215);
#1213 = CARTESIAN_POINT('',(14.2,2.79,0.625));
#1214 = DIRECTION('',(2.2E-16,-1.,0.));
#1215 = DIRECTION('',(-1.,-2.2E-16,0.));
#1216 = ADVANCED_FACE('',(#1217),#1235,.F.);
#1217 = FACE_BOUND('',#1218,.F.);
#1218 = EDGE_LOOP('',(#1219,#1220,#1228,#1234));
#1219 = ORIENTED_EDGE('',*,*,#384,.F.);
#1220 = ORIENTED_EDGE('',*,*,#1221,.T.);
#1221 = EDGE_CURVE('',#377,#1222,#1224,.T.);
#1222 = VERTEX_POINT('',#1223);
#1223 = CARTESIAN_POINT('',(12.,-2.79,0.725));
#1224 = LINE('',#1225,#1226);
#1225 = CARTESIAN_POINT('',(12.,-2.79,0.625));
#1226 = VECTOR('',#1227,1.);
#1227 = DIRECTION('',(0.,0.,1.));
#1228 = ORIENTED_EDGE('',*,*,#1229,.T.);
#1229 = EDGE_CURVE('',#1222,#1163,#1230,.T.);
#1230 = LINE('',#1231,#1232);
#1231 = CARTESIAN_POINT('',(12.,-2.79,0.725));
#1232 = VECTOR('',#1233,1.);
#1233 = DIRECTION('',(1.,0.,0.));
#1234 = ORIENTED_EDGE('',*,*,#1171,.F.);
#1235 = PLANE('',#1236);
#1236 = AXIS2_PLACEMENT_3D('',#1237,#1238,#1239);
#1237 = CARTESIAN_POINT('',(12.,-2.79,0.625));
#1238 = DIRECTION('',(-2.2E-16,1.,0.));
#1239 = DIRECTION('',(1.,2.2E-16,0.));
#1240 = ADVANCED_FACE('',(#1241),#1252,.F.);
#1241 = FACE_BOUND('',#1242,.F.);
#1242 = EDGE_LOOP('',(#1243,#1244,#1250,#1251));
#1243 = ORIENTED_EDGE('',*,*,#1206,.T.);
#1244 = ORIENTED_EDGE('',*,*,#1245,.T.);
#1245 = EDGE_CURVE('',#1199,#1222,#1246,.T.);
#1246 = LINE('',#1247,#1248);
#1247 = CARTESIAN_POINT('',(12.,2.79,0.725));
#1248 = VECTOR('',#1249,1.);
#1249 = DIRECTION('',(0.,-1.,0.));
#1250 = ORIENTED_EDGE('',*,*,#1221,.F.);
#1251 = ORIENTED_EDGE('',*,*,#376,.F.);
#1252 = PLANE('',#1253);
#1253 = AXIS2_PLACEMENT_3D('',#1254,#1255,#1256);
#1254 = CARTESIAN_POINT('',(12.,2.79,0.625));
#1255 = DIRECTION('',(1.,2.2E-16,0.));
#1256 = DIRECTION('',(2.2E-16,-1.,0.));
#1257 = ADVANCED_FACE('',(#1258),#1276,.T.);
#1258 = FACE_BOUND('',#1259,.F.);
#1259 = EDGE_LOOP('',(#1260,#1266,#1267,#1268,#1274,#1275));
#1260 = ORIENTED_EDGE('',*,*,#1261,.F.);
#1261 = EDGE_CURVE('',#401,#1163,#1262,.T.);
#1262 = LINE('',#1263,#1264);
#1263 = CARTESIAN_POINT('',(13.536062020263,-2.79,0.725));
#1264 = VECTOR('',#1265,1.);
#1265 = DIRECTION('',(-0.,-1.,-0.));
#1266 = ORIENTED_EDGE('',*,*,#407,.F.);
#1267 = ORIENTED_EDGE('',*,*,#443,.F.);
#1268 = ORIENTED_EDGE('',*,*,#1269,.F.);
#1269 = EDGE_CURVE('',#834,#444,#1270,.T.);
#1270 = LINE('',#1271,#1272);
#1271 = CARTESIAN_POINT('',(13.536062020263,-3.616969975159,-0.475));
#1272 = VECTOR('',#1273,1.);
#1273 = DIRECTION('',(0.,1.,0.));
#1274 = ORIENTED_EDGE('',*,*,#840,.F.);
#1275 = ORIENTED_EDGE('',*,*,#1162,.F.);
#1276 = CYLINDRICAL_SURFACE('',#1277,0.6);
#1277 = AXIS2_PLACEMENT_3D('',#1278,#1279,#1280);
#1278 = CARTESIAN_POINT('',(13.536062020263,-2.79,0.125));
#1279 = DIRECTION('',(0.,1.,0.));
#1280 = DIRECTION('',(0.,-0.,1.));
#1281 = ADVANCED_FACE('',(#1282),#1300,.F.);
#1282 = FACE_BOUND('',#1283,.F.);
#1283 = EDGE_LOOP('',(#1284,#1285,#1293,#1299));
#1284 = ORIENTED_EDGE('',*,*,#763,.F.);
#1285 = ORIENTED_EDGE('',*,*,#1286,.T.);
#1286 = EDGE_CURVE('',#764,#1287,#1289,.T.);
#1287 = VERTEX_POINT('',#1288);
#1288 = CARTESIAN_POINT('',(12.4,4.5,-0.475));
#1289 = LINE('',#1290,#1291);
#1290 = CARTESIAN_POINT('',(12.4,4.5,-0.375));
#1291 = VECTOR('',#1292,1.);
#1292 = DIRECTION('',(0.,0.,-1.));
#1293 = ORIENTED_EDGE('',*,*,#1294,.T.);
#1294 = EDGE_CURVE('',#1287,#444,#1295,.T.);
#1295 = LINE('',#1296,#1297);
#1296 = CARTESIAN_POINT('',(12.4,4.5,-0.475));
#1297 = VECTOR('',#1298,1.);
#1298 = DIRECTION('',(0.789545423657,-0.613692124752,0.));
#1299 = ORIENTED_EDGE('',*,*,#454,.F.);
#1300 = PLANE('',#1301);
#1301 = AXIS2_PLACEMENT_3D('',#1302,#1303,#1304);
#1302 = CARTESIAN_POINT('',(12.4,4.5,-0.375));
#1303 = DIRECTION('',(-0.613692124752,-0.789545423657,0.));
#1304 = DIRECTION('',(0.789545423657,-0.613692124752,-0.));
#1305 = ADVANCED_FACE('',(#1306),#1324,.F.);
#1306 = FACE_BOUND('',#1307,.F.);
#1307 = EDGE_LOOP('',(#1308,#1316,#1322,#1323));
#1308 = ORIENTED_EDGE('',*,*,#1309,.T.);
#1309 = EDGE_CURVE('',#789,#1310,#1312,.T.);
#1310 = VERTEX_POINT('',#1311);
#1311 = CARTESIAN_POINT('',(6.3,4.5,-0.475));
#1312 = LINE('',#1313,#1314);
#1313 = CARTESIAN_POINT('',(6.3,4.5,-0.375));
#1314 = VECTOR('',#1315,1.);
#1315 = DIRECTION('',(0.,0.,-1.));
#1316 = ORIENTED_EDGE('',*,*,#1317,.T.);
#1317 = EDGE_CURVE('',#1310,#1287,#1318,.T.);
#1318 = LINE('',#1319,#1320);
#1319 = CARTESIAN_POINT('',(6.3,4.5,-0.475));
#1320 = VECTOR('',#1321,1.);
#1321 = DIRECTION('',(1.,0.,0.));
#1322 = ORIENTED_EDGE('',*,*,#1286,.F.);
#1323 = ORIENTED_EDGE('',*,*,#796,.F.);
#1324 = PLANE('',#1325);
#1325 = AXIS2_PLACEMENT_3D('',#1326,#1327,#1328);
#1326 = CARTESIAN_POINT('',(6.3,4.5,-0.375));
#1327 = DIRECTION('',(-2.2E-16,-1.,0.));
#1328 = DIRECTION('',(1.,-2.2E-16,-0.));
#1329 = ADVANCED_FACE('',(#1330),#1348,.F.);
#1330 = FACE_BOUND('',#1331,.F.);
#1331 = EDGE_LOOP('',(#1332,#1340,#1346,#1347));
#1332 = ORIENTED_EDGE('',*,*,#1333,.T.);
#1333 = EDGE_CURVE('',#781,#1334,#1336,.T.);
#1334 = VERTEX_POINT('',#1335);
#1335 = CARTESIAN_POINT('',(6.3,-4.5,-0.475));
#1336 = LINE('',#1337,#1338);
#1337 = CARTESIAN_POINT('',(6.3,-4.5,-0.375));
#1338 = VECTOR('',#1339,1.);
#1339 = DIRECTION('',(0.,0.,-1.));
#1340 = ORIENTED_EDGE('',*,*,#1341,.T.);
#1341 = EDGE_CURVE('',#1334,#1310,#1342,.T.);
#1342 = LINE('',#1343,#1344);
#1343 = CARTESIAN_POINT('',(6.3,-4.5,-0.475));
#1344 = VECTOR('',#1345,1.);
#1345 = DIRECTION('',(0.,1.,0.));
#1346 = ORIENTED_EDGE('',*,*,#1309,.F.);
#1347 = ORIENTED_EDGE('',*,*,#788,.F.);
#1348 = PLANE('',#1349);
#1349 = AXIS2_PLACEMENT_3D('',#1350,#1351,#1352);
#1350 = CARTESIAN_POINT('',(6.3,-4.5,-0.375));
#1351 = DIRECTION('',(1.,-2.2E-16,-0.));
#1352 = DIRECTION('',(2.2E-16,1.,0.));
#1353 = ADVANCED_FACE('',(#1354),#1372,.F.);
#1354 = FACE_BOUND('',#1355,.F.);
#1355 = EDGE_LOOP('',(#1356,#1364,#1370,#1371));
#1356 = ORIENTED_EDGE('',*,*,#1357,.T.);
#1357 = EDGE_CURVE('',#773,#1358,#1360,.T.);
#1358 = VERTEX_POINT('',#1359);
#1359 = CARTESIAN_POINT('',(12.4,-4.5,-0.475));
#1360 = LINE('',#1361,#1362);
#1361 = CARTESIAN_POINT('',(12.4,-4.5,-0.375));
#1362 = VECTOR('',#1363,1.);
#1363 = DIRECTION('',(0.,0.,-1.));
#1364 = ORIENTED_EDGE('',*,*,#1365,.T.);
#1365 = EDGE_CURVE('',#1358,#1334,#1366,.T.);
#1366 = LINE('',#1367,#1368);
#1367 = CARTESIAN_POINT('',(12.4,-4.5,-0.475));
#1368 = VECTOR('',#1369,1.);
#1369 = DIRECTION('',(-1.,0.,0.));
#1370 = ORIENTED_EDGE('',*,*,#1333,.F.);
#1371 = ORIENTED_EDGE('',*,*,#780,.F.);
#1372 = PLANE('',#1373);
#1373 = AXIS2_PLACEMENT_3D('',#1374,#1375,#1376);
#1374 = CARTESIAN_POINT('',(12.4,-4.5,-0.375));
#1375 = DIRECTION('',(2.2E-16,1.,0.));
#1376 = DIRECTION('',(-1.,2.2E-16,0.));
#1377 = ADVANCED_FACE('',(#1378),#1389,.F.);
#1378 = FACE_BOUND('',#1379,.F.);
#1379 = EDGE_LOOP('',(#1380,#1381,#1382,#1388));
#1380 = ORIENTED_EDGE('',*,*,#772,.F.);
#1381 = ORIENTED_EDGE('',*,*,#833,.T.);
#1382 = ORIENTED_EDGE('',*,*,#1383,.T.);
#1383 = EDGE_CURVE('',#834,#1358,#1384,.T.);
#1384 = LINE('',#1385,#1386);
#1385 = CARTESIAN_POINT('',(14.6,-2.79,-0.475));
#1386 = VECTOR('',#1387,1.);
#1387 = DIRECTION('',(-0.789545423657,-0.613692124752,0.));
#1388 = ORIENTED_EDGE('',*,*,#1357,.F.);
#1389 = PLANE('',#1390);
#1390 = AXIS2_PLACEMENT_3D('',#1391,#1392,#1393);
#1391 = CARTESIAN_POINT('',(14.6,-2.79,-0.375));
#1392 = DIRECTION('',(-0.613692124752,0.789545423657,0.));
#1393 = DIRECTION('',(-0.789545423657,-0.613692124752,0.));
#1394 = ADVANCED_FACE('',(#1395),#1414,.F.);
#1395 = FACE_BOUND('',#1396,.T.);
#1396 = EDGE_LOOP('',(#1397,#1405,#1412,#1413));
#1397 = ORIENTED_EDGE('',*,*,#1398,.T.);
#1398 = EDGE_CURVE('',#805,#1399,#1401,.T.);
#1399 = VERTEX_POINT('',#1400);
#1400 = CARTESIAN_POINT('',(12.4,-3.5,-0.475));
#1401 = LINE('',#1402,#1403);
#1402 = CARTESIAN_POINT('',(12.4,-3.5,-0.375));
#1403 = VECTOR('',#1404,1.);
#1404 = DIRECTION('',(0.,0.,-1.));
#1405 = ORIENTED_EDGE('',*,*,#1406,.T.);
#1406 = EDGE_CURVE('',#1399,#1399,#1407,.T.);
#1407 = CIRCLE('',#1408,0.4);
#1408 = AXIS2_PLACEMENT_3D('',#1409,#1410,#1411);
#1409 = CARTESIAN_POINT('',(12.4,-3.1,-0.475));
#1410 = DIRECTION('',(-0.,0.,-1.));
#1411 = DIRECTION('',(-0.,-1.,0.));
#1412 = ORIENTED_EDGE('',*,*,#1398,.F.);
#1413 = ORIENTED_EDGE('',*,*,#804,.F.);
#1414 = CYLINDRICAL_SURFACE('',#1415,0.4);
#1415 = AXIS2_PLACEMENT_3D('',#1416,#1417,#1418);
#1416 = CARTESIAN_POINT('',(12.4,-3.1,-0.375));
#1417 = DIRECTION('',(0.,0.,1.));
#1418 = DIRECTION('',(-2.2E-16,-1.,0.));
#1419 = ADVANCED_FACE('',(#1420),#1439,.F.);
#1420 = FACE_BOUND('',#1421,.T.);
#1421 = EDGE_LOOP('',(#1422,#1430,#1437,#1438));
#1422 = ORIENTED_EDGE('',*,*,#1423,.T.);
#1423 = EDGE_CURVE('',#816,#1424,#1426,.T.);
#1424 = VERTEX_POINT('',#1425);
#1425 = CARTESIAN_POINT('',(12.4,2.7,-0.475));
#1426 = LINE('',#1427,#1428);
#1427 = CARTESIAN_POINT('',(12.4,2.7,-0.375));
#1428 = VECTOR('',#1429,1.);
#1429 = DIRECTION('',(0.,0.,-1.));
#1430 = ORIENTED_EDGE('',*,*,#1431,.T.);
#1431 = EDGE_CURVE('',#1424,#1424,#1432,.T.);
#1432 = CIRCLE('',#1433,0.4);
#1433 = AXIS2_PLACEMENT_3D('',#1434,#1435,#1436);
#1434 = CARTESIAN_POINT('',(12.4,3.1,-0.475));
#1435 = DIRECTION('',(-0.,0.,-1.));
#1436 = DIRECTION('',(-0.,-1.,0.));
#1437 = ORIENTED_EDGE('',*,*,#1423,.F.);
#1438 = ORIENTED_EDGE('',*,*,#815,.F.);
#1439 = CYLINDRICAL_SURFACE('',#1440,0.4);
#1440 = AXIS2_PLACEMENT_3D('',#1441,#1442,#1443);
#1441 = CARTESIAN_POINT('',(12.4,3.1,-0.375));
#1442 = DIRECTION('',(0.,0.,1.));
#1443 = DIRECTION('',(-2.2E-16,-1.,0.));
#1444 = ADVANCED_FACE('',(#1445),#1451,.T.);
#1445 = FACE_BOUND('',#1446,.T.);
#1446 = EDGE_LOOP('',(#1447,#1448,#1449,#1450));
#1447 = ORIENTED_EDGE('',*,*,#1198,.T.);
#1448 = ORIENTED_EDGE('',*,*,#1245,.T.);
#1449 = ORIENTED_EDGE('',*,*,#1229,.T.);
#1450 = ORIENTED_EDGE('',*,*,#1261,.F.);
#1451 = PLANE('',#1452);
#1452 = AXIS2_PLACEMENT_3D('',#1453,#1454,#1455);
#1453 = CARTESIAN_POINT('',(17.546618878705,9.1E-16,0.725));
#1454 = DIRECTION('',(0.,0.,1.));
#1455 = DIRECTION('',(1.,0.,0.));
#1456 = ADVANCED_FACE('',(#1457,#1465,#1468),#1471,.T.);
#1457 = FACE_BOUND('',#1458,.T.);
#1458 = EDGE_LOOP('',(#1459,#1460,#1461,#1462,#1463,#1464));
#1459 = ORIENTED_EDGE('',*,*,#1294,.T.);
#1460 = ORIENTED_EDGE('',*,*,#1269,.F.);
#1461 = ORIENTED_EDGE('',*,*,#1383,.T.);
#1462 = ORIENTED_EDGE('',*,*,#1365,.T.);
#1463 = ORIENTED_EDGE('',*,*,#1341,.T.);
#1464 = ORIENTED_EDGE('',*,*,#1317,.T.);
#1465 = FACE_BOUND('',#1466,.T.);
#1466 = EDGE_LOOP('',(#1467));
#1467 = ORIENTED_EDGE('',*,*,#1406,.F.);
#1468 = FACE_BOUND('',#1469,.T.);
#1469 = EDGE_LOOP('',(#1470));
#1470 = ORIENTED_EDGE('',*,*,#1431,.F.);
#1471 = PLANE('',#1472);
#1472 = AXIS2_PLACEMENT_3D('',#1473,#1474,#1475);
#1473 = CARTESIAN_POINT('',(11.253381121295,9.1E-16,-0.475));
#1474 = DIRECTION('',(0.,0.,-1.));
#1475 = DIRECTION('',(-1.,0.,0.));
#1476 = ( GEOMETRIC_REPRESENTATION_CONTEXT(3) 
GLOBAL_UNCERTAINTY_ASSIGNED_CONTEXT((#1480)) 
GLOBAL_UNIT_ASSIGNED_CONTEXT((#1477,#1478,#1479)) REPRESENTATION_CONTEXT
('Context #1','3D Context with UNIT and UNCERTAINTY') );
#1477 = ( LENGTH_UNIT() NAMED_UNIT(*) SI_UNIT(.MILLI.,.METRE.) );
#1478 = ( NAMED_UNIT(*) PLANE_ANGLE_UNIT() SI_UNIT($,.RADIAN.) );
#1479 = ( NAMED_UNIT(*) SI_UNIT($,.STERADIAN.) SOLID_ANGLE_UNIT() );
#1480 = UNCERTAINTY_MEASURE_WITH_UNIT(LENGTH_MEASURE(5.E-05),#1477,
  'distance_accuracy_value','confusion accuracy');
#1481 = CONTEXT_DEPENDENT_SHAPE_REPRESENTATION(#1482,#1484);
#1482 = ( REPRESENTATION_RELATIONSHIP('','',#205,#10) 
REPRESENTATION_RELATIONSHIP_WITH_TRANSFORMATION(#1483) 
SHAPE_REPRESENTATION_RELATIONSHIP() );
#1483 = ITEM_DEFINED_TRANSFORMATION('','',#11,#19);
#1484 = PRODUCT_DEFINITION_SHAPE('Placement','Placement of an item',
  #1485);
#1485 = NEXT_ASSEMBLY_USAGE_OCCURRENCE('2','Cable','',#5,#200,$);
#1486 = PRODUCT_RELATED_PRODUCT_CATEGORY('part',$,(#202));
#1487 = MECHANICAL_DESIGN_GEOMETRIC_PRESENTATION_REPRESENTATION('',(
    #1488),#1476);
#1488 = STYLED_ITEM('color',(#1489),#206);
#1489 = PRESENTATION_STYLE_ASSIGNMENT((#1490,#1496));
#1490 = SURFACE_STYLE_USAGE(.BOTH.,#1491);
#1491 = SURFACE_SIDE_STYLE('',(#1492));
#1492 = SURFACE_STYLE_FILL_AREA(#1493);
#1493 = FILL_AREA_STYLE('',(#1494));
#1494 = FILL_AREA_STYLE_COLOUR('',#1495);
#1495 = COLOUR_RGB('',0.796078452645,0.572549045538,7.843137448654E-03);
#1496 = CURVE_STYLE('',#1497,POSITIVE_LENGTH_MEASURE(0.1),#1498);
#1497 = DRAUGHTING_PRE_DEFINED_CURVE_FONT('continuous');
#1498 = COLOUR_RGB('',0.678431390124,0.709803936702,0.741176476869);
#1499 = MECHANICAL_DESIGN_GEOMETRIC_PRESENTATION_REPRESENTATION('',(
    #1500),#187);
#1500 = STYLED_ITEM('color',(#1501),#37);
#1501 = PRESENTATION_STYLE_ASSIGNMENT((#1502,#1508));
#1502 = SURFACE_STYLE_USAGE(.BOTH.,#1503);
#1503 = SURFACE_SIDE_STYLE('',(#1504));
#1504 = SURFACE_STYLE_FILL_AREA(#1505);
#1505 = FILL_AREA_STYLE('',(#1506));
#1506 = FILL_AREA_STYLE_COLOUR('',#1507);
#1507 = COLOUR_RGB('',6.666667149455E-02,6.666667149455E-02,
  6.666667149455E-02);
#1508 = CURVE_STYLE('',#1509,POSITIVE_LENGTH_MEASURE(0.1),#1498);
#1509 = DRAUGHTING_PRE_DEFINED_CURVE_FONT('continuous');
ENDSEC;
END-ISO-10303-21;
