ISO-10303-21;
HEADER;
FILE_DESCRIPTION(('KiCad electronic assembly'),'2;1');
FILE_NAME('oled_board.step','2026-06-15T18:31:43',('Pcbnew'),('Kicad'),
  'Open CASCADE STEP processor 7.9','KiCad to STEP converter','Unknown'
  );
FILE_SCHEMA(('AUTOMOTIVE_DESIGN { 1 0 10303 214 1 1 1 1 }'));
ENDSEC;
DATA;
#1 = APPLICATION_PROTOCOL_DEFINITION('international standard',
  'automotive_design',2000,#2);
#2 = APPLICATION_CONTEXT(
  'core data for automotive mechanical design processes');
#3 = SHAPE_DEFINITION_REPRESENTATION(#4,#10);
#4 = PRODUCT_DEFINITION_SHAPE('','',#5);
#5 = PRODUCT_DEFINITION('design','',#6,#9);
#6 = PRODUCT_DEFINITION_FORMATION('','',#7);
#7 = PRODUCT('oled_board 1','oled_board 1','',(#8));
#8 = PRODUCT_CONTEXT('',#2,'mechanical');
#9 = PRODUCT_DEFINITION_CONTEXT('part definition',#2,'design');
#10 = SHAPE_REPRESENTATION('',(#11,#15,#19,#23,#27,#31,#35,#39,#43,#47,
    #51,#55,#59,#63,#67,#71),#75);
#11 = AXIS2_PLACEMENT_3D('',#12,#13,#14);
#12 = CARTESIAN_POINT('',(0.,0.,0.));
#13 = DIRECTION('',(0.,0.,1.));
#14 = DIRECTION('',(1.,0.,-0.));
#15 = AXIS2_PLACEMENT_3D('',#16,#17,#18);
#16 = CARTESIAN_POINT('',(19.675,-4.64,1.495));
#17 = DIRECTION('',(0.,0.,1.));
#18 = DIRECTION('',(-1.,1.224646799147E-16,0.));
#19 = AXIS2_PLACEMENT_3D('',#20,#21,#22);
#20 = CARTESIAN_POINT('',(10.675,-5.7,-8.5E-02));
#21 = DIRECTION('',(-1.224646799147E-16,-1.359631073447E-32,-1.));
#22 = DIRECTION('',(1.110223024625E-16,-1.,0.));
#23 = AXIS2_PLACEMENT_3D('',#24,#25,#26);
#24 = CARTESIAN_POINT('',(16.775,-4.2,-8.5E-02));
#25 = DIRECTION('',(0.,-1.224646799147E-16,-1.));
#26 = DIRECTION('',(1.,0.,0.));
#27 = AXIS2_PLACEMENT_3D('',#28,#29,#30);
#28 = CARTESIAN_POINT('',(12.175,-5.7,-8.5E-02));
#29 = DIRECTION('',(-1.224646799147E-16,-1.359631073447E-32,-1.));
#30 = DIRECTION('',(1.110223024625E-16,-1.,0.));
#31 = AXIS2_PLACEMENT_3D('',#32,#33,#34);
#32 = CARTESIAN_POINT('',(2.9,-4.55,-8.5E-02));
#33 = DIRECTION('',(1.499759782662E-32,1.224646799147E-16,-1.));
#34 = DIRECTION('',(-1.,1.224646799147E-16,0.));
#35 = AXIS2_PLACEMENT_3D('',#36,#37,#38);
#36 = CARTESIAN_POINT('',(19.95,-7.2,-8.5E-02));
#37 = DIRECTION('',(1.499759782662E-32,1.224646799147E-16,-1.));
#38 = DIRECTION('',(-1.,1.224646799147E-16,0.));
#39 = AXIS2_PLACEMENT_3D('',#40,#41,#42);
#40 = CARTESIAN_POINT('',(16.775,-2.,-8.5E-02));
#41 = DIRECTION('',(1.499759782662E-32,1.224646799147E-16,-1.));
#42 = DIRECTION('',(-1.,1.224646799147E-16,0.));
#43 = AXIS2_PLACEMENT_3D('',#44,#45,#46);
#44 = CARTESIAN_POINT('',(33.975,-4.55,-8.5E-02));
#45 = DIRECTION('',(1.499759782662E-32,1.224646799147E-16,-1.));
#46 = DIRECTION('',(-1.,1.224646799147E-16,0.));
#47 = AXIS2_PLACEMENT_3D('',#48,#49,#50);
#48 = CARTESIAN_POINT('',(16.825,-5.7,-8.5E-02));
#49 = DIRECTION('',(0.,-1.224646799147E-16,-1.));
#50 = DIRECTION('',(1.,0.,0.));
#51 = AXIS2_PLACEMENT_3D('',#52,#53,#54);
#52 = CARTESIAN_POINT('',(19.975,-2.,-8.5E-02));
#53 = DIRECTION('',(1.499759782662E-32,1.224646799147E-16,-1.));
#54 = DIRECTION('',(-1.,1.224646799147E-16,0.));
#55 = AXIS2_PLACEMENT_3D('',#56,#57,#58);
#56 = CARTESIAN_POINT('',(16.825,-7.2,-8.5E-02));
#57 = DIRECTION('',(0.,-1.224646799147E-16,-1.));
#58 = DIRECTION('',(1.,0.,0.));
#59 = AXIS2_PLACEMENT_3D('',#60,#61,#62);
#60 = CARTESIAN_POINT('',(0.,0.,0.));
#61 = DIRECTION('',(0.,0.,1.));
#62 = DIRECTION('',(1.,0.,-0.));
#63 = AXIS2_PLACEMENT_3D('',#64,#65,#66);
#64 = CARTESIAN_POINT('',(0.,0.,0.));
#65 = DIRECTION('',(0.,0.,1.));
#66 = DIRECTION('',(1.,0.,-0.));
#67 = AXIS2_PLACEMENT_3D('',#68,#69,#70);
#68 = CARTESIAN_POINT('',(0.,0.,0.));
#69 = DIRECTION('',(0.,0.,1.));
#70 = DIRECTION('',(1.,0.,-0.));
#71 = AXIS2_PLACEMENT_3D('',#72,#73,#74);
#72 = CARTESIAN_POINT('',(0.,0.,0.));
#73 = DIRECTION('',(0.,0.,1.));
#74 = DIRECTION('',(1.,0.,-0.));
#75 = ( GEOMETRIC_REPRESENTATION_CONTEXT(3) 
GLOBAL_UNCERTAINTY_ASSIGNED_CONTEXT((#79)) GLOBAL_UNIT_ASSIGNED_CONTEXT(
(#76,#77,#78)) REPRESENTATION_CONTEXT('Context #1',
  '3D Context with UNIT and UNCERTAINTY') );
#76 = ( LENGTH_UNIT() NAMED_UNIT(*) SI_UNIT(.MILLI.,.METRE.) );
#77 = ( NAMED_UNIT(*) PLANE_ANGLE_UNIT() SI_UNIT($,.RADIAN.) );
#78 = ( NAMED_UNIT(*) SI_UNIT($,.STERADIAN.) SOLID_ANGLE_UNIT() );
#79 = UNCERTAINTY_MEASURE_WITH_UNIT(LENGTH_MEASURE(1.E-06),#76,
  'distance_accuracy_value','confusion accuracy');
#80 = PRODUCT_RELATED_PRODUCT_CATEGORY('part',$,(#7));
#81 = SHAPE_DEFINITION_REPRESENTATION(#82,#88);
#82 = PRODUCT_DEFINITION_SHAPE('','',#83);
#83 = PRODUCT_DEFINITION('design','',#84,#87);
#84 = PRODUCT_DEFINITION_FORMATION('','',#85);
#85 = PRODUCT('OLED_0.69_X069-9616TSWIG02-H14_bend1mm',
  'OLED_0.69_X069-9616TSWIG02-H14_bend1mm','',(#86));
#86 = PRODUCT_CONTEXT('',#2,'mechanical');
#87 = PRODUCT_DEFINITION_CONTEXT('part definition',#2,'design');
#88 = SHAPE_REPRESENTATION('',(#11,#89),#93);
#89 = AXIS2_PLACEMENT_3D('',#90,#91,#92);
#90 = CARTESIAN_POINT('',(0.,0.,0.));
#91 = DIRECTION('',(0.,0.,1.));
#92 = DIRECTION('',(1.,0.,-0.));
#93 = ( GEOMETRIC_REPRESENTATION_CONTEXT(3) 
GLOBAL_UNCERTAINTY_ASSIGNED_CONTEXT((#97)) GLOBAL_UNIT_ASSIGNED_CONTEXT(
(#94,#95,#96)) REPRESENTATION_CONTEXT('Context #1',
  '3D Context with UNIT and UNCERTAINTY') );
#94 = ( LENGTH_UNIT() NAMED_UNIT(*) SI_UNIT(.MILLI.,.METRE.) );
#95 = ( NAMED_UNIT(*) PLANE_ANGLE_UNIT() SI_UNIT($,.RADIAN.) );
#96 = ( NAMED_UNIT(*) SI_UNIT($,.STERADIAN.) SOLID_ANGLE_UNIT() );
#97 = UNCERTAINTY_MEASURE_WITH_UNIT(LENGTH_MEASURE(2.E-05),#94,
  'distance_accuracy_value','confusion accuracy');
#98 = CONTEXT_DEPENDENT_SHAPE_REPRESENTATION(#99,#101);
#99 = ( REPRESENTATION_RELATIONSHIP('','',#88,#10) 
REPRESENTATION_RELATIONSHIP_WITH_TRANSFORMATION(#100) 
SHAPE_REPRESENTATION_RELATIONSHIP() );
#100 = ITEM_DEFINED_TRANSFORMATION('','',#11,#15);
#101 = PRODUCT_DEFINITION_SHAPE('Placement','Placement of an item',#102
  );
#102 = NEXT_ASSEMBLY_USAGE_OCCURRENCE('4','J3','',#5,#83,$);
#103 = PRODUCT_RELATED_PRODUCT_CATEGORY('part',$,(#85));
#104 = SHAPE_DEFINITION_REPRESENTATION(#105,#111);
#105 = PRODUCT_DEFINITION_SHAPE('','',#106);
#106 = PRODUCT_DEFINITION('design','',#107,#110);
#107 = PRODUCT_DEFINITION_FORMATION('','',#108);
#108 = PRODUCT('OLED_0_69_X069_9616TSWIG02_H14',
  'OLED_0_69_X069_9616TSWIG02_H14','',(#109));
#109 = PRODUCT_CONTEXT('',#2,'mechanical');
#110 = PRODUCT_DEFINITION_CONTEXT('part definition',#2,'design');
#111 = SHAPE_REPRESENTATION('',(#11,#112,#116),#120);
#112 = AXIS2_PLACEMENT_3D('',#113,#114,#115);
#113 = CARTESIAN_POINT('',(0.,0.,0.));
#114 = DIRECTION('',(0.,0.,1.));
#115 = DIRECTION('',(1.,0.,0.));
#116 = AXIS2_PLACEMENT_3D('',#117,#118,#119);
#117 = CARTESIAN_POINT('',(0.,0.,0.));
#118 = DIRECTION('',(0.,0.,1.));
#119 = DIRECTION('',(1.,0.,0.));
#120 = ( GEOMETRIC_REPRESENTATION_CONTEXT(3) 
GLOBAL_UNCERTAINTY_ASSIGNED_CONTEXT((#124)) GLOBAL_UNIT_ASSIGNED_CONTEXT
((#121,#122,#123)) REPRESENTATION_CONTEXT('Context #1',
  '3D Context with UNIT and UNCERTAINTY') );
#121 = ( LENGTH_UNIT() NAMED_UNIT(*) SI_UNIT(.MILLI.,.METRE.) );
#122 = ( NAMED_UNIT(*) PLANE_ANGLE_UNIT() SI_UNIT($,.RADIAN.) );
#123 = ( NAMED_UNIT(*) SI_UNIT($,.STERADIAN.) SOLID_ANGLE_UNIT() );
#124 = UNCERTAINTY_MEASURE_WITH_UNIT(LENGTH_MEASURE(2.E-05),#121,
  'distance_accuracy_value','confusion accuracy');
#125 = CONTEXT_DEPENDENT_SHAPE_REPRESENTATION(#126,#128);
#126 = ( REPRESENTATION_RELATIONSHIP('','',#111,#88) 
REPRESENTATION_RELATIONSHIP_WITH_TRANSFORMATION(#127) 
SHAPE_REPRESENTATION_RELATIONSHIP() );
#127 = ITEM_DEFINED_TRANSFORMATION('','',#11,#89);
#128 = PRODUCT_DEFINITION_SHAPE('Placement','Placement of an item',#129
  );
#129 = NEXT_ASSEMBLY_USAGE_OCCURRENCE('3','=>[0:1:1:3]','',#83,#106,$);
#130 = PRODUCT_RELATED_PRODUCT_CATEGORY('part',$,(#108));
#131 = SHAPE_DEFINITION_REPRESENTATION(#132,#138);
#132 = PRODUCT_DEFINITION_SHAPE('','',#133);
#133 = PRODUCT_DEFINITION('design','',#134,#137);
#134 = PRODUCT_DEFINITION_FORMATION('','',#135);
#135 = PRODUCT('Screen','Screen','',(#136));
#136 = PRODUCT_CONTEXT('',#2,'mechanical');
#137 = PRODUCT_DEFINITION_CONTEXT('part definition',#2,'design');
#138 = ADVANCED_BREP_SHAPE_REPRESENTATION('',(#11,#139),#289);
#139 = MANIFOLD_SOLID_BREP('',#140);
#140 = CLOSED_SHELL('',(#141,#181,#212,#243,#265,#277));
#141 = ADVANCED_FACE('',(#142),#176,.F.);
#142 = FACE_BOUND('',#143,.F.);
#143 = EDGE_LOOP('',(#144,#154,#162,#170));
#144 = ORIENTED_EDGE('',*,*,#145,.T.);
#145 = EDGE_CURVE('',#146,#148,#150,.T.);
#146 = VERTEX_POINT('',#147);
#147 = CARTESIAN_POINT('',(12.,-3.45,0.));
#148 = VERTEX_POINT('',#149);
#149 = CARTESIAN_POINT('',(12.,-3.45,1.25));
#150 = LINE('',#151,#152);
#151 = CARTESIAN_POINT('',(12.,-3.45,0.));
#152 = VECTOR('',#153,1.);
#153 = DIRECTION('',(0.,0.,1.));
#154 = ORIENTED_EDGE('',*,*,#155,.T.);
#155 = EDGE_CURVE('',#148,#156,#158,.T.);
#156 = VERTEX_POINT('',#157);
#157 = CARTESIAN_POINT('',(12.,3.45,1.25));
#158 = LINE('',#159,#160);
#159 = CARTESIAN_POINT('',(12.,-3.45,1.25));
#160 = VECTOR('',#161,1.);
#161 = DIRECTION('',(0.,1.,0.));
#162 = ORIENTED_EDGE('',*,*,#163,.F.);
#163 = EDGE_CURVE('',#164,#156,#166,.T.);
#164 = VERTEX_POINT('',#165);
#165 = CARTESIAN_POINT('',(12.,3.45,0.));
#166 = LINE('',#167,#168);
#167 = CARTESIAN_POINT('',(12.,3.45,0.));
#168 = VECTOR('',#169,1.);
#169 = DIRECTION('',(0.,0.,1.));
#170 = ORIENTED_EDGE('',*,*,#171,.F.);
#171 = EDGE_CURVE('',#146,#164,#172,.T.);
#172 = LINE('',#173,#174);
#173 = CARTESIAN_POINT('',(12.,-3.45,0.));
#174 = VECTOR('',#175,1.);
#175 = DIRECTION('',(0.,1.,0.));
#176 = PLANE('',#177);
#177 = AXIS2_PLACEMENT_3D('',#178,#179,#180);
#178 = CARTESIAN_POINT('',(12.,-3.45,0.));
#179 = DIRECTION('',(-1.,0.,0.));
#180 = DIRECTION('',(0.,1.,0.));
#181 = ADVANCED_FACE('',(#182),#207,.F.);
#182 = FACE_BOUND('',#183,.F.);
#183 = EDGE_LOOP('',(#184,#185,#193,#201));
#184 = ORIENTED_EDGE('',*,*,#163,.T.);
#185 = ORIENTED_EDGE('',*,*,#186,.T.);
#186 = EDGE_CURVE('',#156,#187,#189,.T.);
#187 = VERTEX_POINT('',#188);
#188 = CARTESIAN_POINT('',(-12.,3.45,1.25));
#189 = LINE('',#190,#191);
#190 = CARTESIAN_POINT('',(12.,3.45,1.25));
#191 = VECTOR('',#192,1.);
#192 = DIRECTION('',(-1.,0.,0.));
#193 = ORIENTED_EDGE('',*,*,#194,.F.);
#194 = EDGE_CURVE('',#195,#187,#197,.T.);
#195 = VERTEX_POINT('',#196);
#196 = CARTESIAN_POINT('',(-12.,3.45,0.));
#197 = LINE('',#198,#199);
#198 = CARTESIAN_POINT('',(-12.,3.45,0.));
#199 = VECTOR('',#200,1.);
#200 = DIRECTION('',(0.,0.,1.));
#201 = ORIENTED_EDGE('',*,*,#202,.F.);
#202 = EDGE_CURVE('',#164,#195,#203,.T.);
#203 = LINE('',#204,#205);
#204 = CARTESIAN_POINT('',(12.,3.45,0.));
#205 = VECTOR('',#206,1.);
#206 = DIRECTION('',(-1.,0.,0.));
#207 = PLANE('',#208);
#208 = AXIS2_PLACEMENT_3D('',#209,#210,#211);
#209 = CARTESIAN_POINT('',(12.,3.45,0.));
#210 = DIRECTION('',(0.,-1.,0.));
#211 = DIRECTION('',(-1.,0.,0.));
#212 = ADVANCED_FACE('',(#213),#238,.F.);
#213 = FACE_BOUND('',#214,.F.);
#214 = EDGE_LOOP('',(#215,#216,#224,#232));
#215 = ORIENTED_EDGE('',*,*,#194,.T.);
#216 = ORIENTED_EDGE('',*,*,#217,.T.);
#217 = EDGE_CURVE('',#187,#218,#220,.T.);
#218 = VERTEX_POINT('',#219);
#219 = CARTESIAN_POINT('',(-12.,-3.45,1.25));
#220 = LINE('',#221,#222);
#221 = CARTESIAN_POINT('',(-12.,3.45,1.25));
#222 = VECTOR('',#223,1.);
#223 = DIRECTION('',(0.,-1.,0.));
#224 = ORIENTED_EDGE('',*,*,#225,.F.);
#225 = EDGE_CURVE('',#226,#218,#228,.T.);
#226 = VERTEX_POINT('',#227);
#227 = CARTESIAN_POINT('',(-12.,-3.45,0.));
#228 = LINE('',#229,#230);
#229 = CARTESIAN_POINT('',(-12.,-3.45,0.));
#230 = VECTOR('',#231,1.);
#231 = DIRECTION('',(0.,0.,1.));
#232 = ORIENTED_EDGE('',*,*,#233,.F.);
#233 = EDGE_CURVE('',#195,#226,#234,.T.);
#234 = LINE('',#235,#236);
#235 = CARTESIAN_POINT('',(-12.,3.45,0.));
#236 = VECTOR('',#237,1.);
#237 = DIRECTION('',(0.,-1.,0.));
#238 = PLANE('',#239);
#239 = AXIS2_PLACEMENT_3D('',#240,#241,#242);
#240 = CARTESIAN_POINT('',(-12.,3.45,0.));
#241 = DIRECTION('',(1.,0.,0.));
#242 = DIRECTION('',(0.,-1.,0.));
#243 = ADVANCED_FACE('',(#244),#260,.F.);
#244 = FACE_BOUND('',#245,.F.);
#245 = EDGE_LOOP('',(#246,#247,#253,#254));
#246 = ORIENTED_EDGE('',*,*,#225,.T.);
#247 = ORIENTED_EDGE('',*,*,#248,.T.);
#248 = EDGE_CURVE('',#218,#148,#249,.T.);
#249 = LINE('',#250,#251);
#250 = CARTESIAN_POINT('',(-12.,-3.45,1.25));
#251 = VECTOR('',#252,1.);
#252 = DIRECTION('',(1.,0.,0.));
#253 = ORIENTED_EDGE('',*,*,#145,.F.);
#254 = ORIENTED_EDGE('',*,*,#255,.F.);
#255 = EDGE_CURVE('',#226,#146,#256,.T.);
#256 = LINE('',#257,#258);
#257 = CARTESIAN_POINT('',(-12.,-3.45,0.));
#258 = VECTOR('',#259,1.);
#259 = DIRECTION('',(1.,0.,0.));
#260 = PLANE('',#261);
#261 = AXIS2_PLACEMENT_3D('',#262,#263,#264);
#262 = CARTESIAN_POINT('',(-12.,-3.45,0.));
#263 = DIRECTION('',(0.,1.,0.));
#264 = DIRECTION('',(1.,0.,0.));
#265 = ADVANCED_FACE('',(#266),#272,.F.);
#266 = FACE_BOUND('',#267,.F.);
#267 = EDGE_LOOP('',(#268,#269,#270,#271));
#268 = ORIENTED_EDGE('',*,*,#171,.T.);
#269 = ORIENTED_EDGE('',*,*,#202,.T.);
#270 = ORIENTED_EDGE('',*,*,#233,.T.);
#271 = ORIENTED_EDGE('',*,*,#255,.T.);
#272 = PLANE('',#273);
#273 = AXIS2_PLACEMENT_3D('',#274,#275,#276);
#274 = CARTESIAN_POINT('',(0.,0.,0.));
#275 = DIRECTION('',(0.,0.,1.));
#276 = DIRECTION('',(1.,0.,-0.));
#277 = ADVANCED_FACE('',(#278),#284,.T.);
#278 = FACE_BOUND('',#279,.T.);
#279 = EDGE_LOOP('',(#280,#281,#282,#283));
#280 = ORIENTED_EDGE('',*,*,#155,.T.);
#281 = ORIENTED_EDGE('',*,*,#186,.T.);
#282 = ORIENTED_EDGE('',*,*,#217,.T.);
#283 = ORIENTED_EDGE('',*,*,#248,.T.);
#284 = PLANE('',#285);
#285 = AXIS2_PLACEMENT_3D('',#286,#287,#288);
#286 = CARTESIAN_POINT('',(0.,0.,1.25));
#287 = DIRECTION('',(0.,0.,1.));
#288 = DIRECTION('',(1.,0.,-0.));
#289 = ( GEOMETRIC_REPRESENTATION_CONTEXT(3) 
GLOBAL_UNCERTAINTY_ASSIGNED_CONTEXT((#293)) GLOBAL_UNIT_ASSIGNED_CONTEXT
((#290,#291,#292)) REPRESENTATION_CONTEXT('Context #1',
  '3D Context with UNIT and UNCERTAINTY') );
#290 = ( LENGTH_UNIT() NAMED_UNIT(*) SI_UNIT(.MILLI.,.METRE.) );
#291 = ( NAMED_UNIT(*) PLANE_ANGLE_UNIT() SI_UNIT($,.RADIAN.) );
#292 = ( NAMED_UNIT(*) SI_UNIT($,.STERADIAN.) SOLID_ANGLE_UNIT() );
#293 = UNCERTAINTY_MEASURE_WITH_UNIT(LENGTH_MEASURE(1.E-07),#290,
  'distance_accuracy_value','confusion accuracy');
#294 = CONTEXT_DEPENDENT_SHAPE_REPRESENTATION(#295,#297);
#295 = ( REPRESENTATION_RELATIONSHIP('','',#138,#111) 
REPRESENTATION_RELATIONSHIP_WITH_TRANSFORMATION(#296) 
SHAPE_REPRESENTATION_RELATIONSHIP() );
#296 = ITEM_DEFINED_TRANSFORMATION('','',#11,#112);
#297 = PRODUCT_DEFINITION_SHAPE('Placement','Placement of an item',#298
  );
#298 = NEXT_ASSEMBLY_USAGE_OCCURRENCE('1','Screen','',#106,#133,$);
#299 = PRODUCT_RELATED_PRODUCT_CATEGORY('part',$,(#135));
#300 = SHAPE_DEFINITION_REPRESENTATION(#301,#307);
#301 = PRODUCT_DEFINITION_SHAPE('','',#302);
#302 = PRODUCT_DEFINITION('design','',#303,#306);
#303 = PRODUCT_DEFINITION_FORMATION('','',#304);
#304 = PRODUCT('Cable','Cable','',(#305));
#305 = PRODUCT_CONTEXT('',#2,'mechanical');
#306 = PRODUCT_DEFINITION_CONTEXT('part definition',#2,'design');
#307 = ADVANCED_BREP_SHAPE_REPRESENTATION('',(#11,#308),#1578);
#308 = MANIFOLD_SOLID_BREP('',#309);
#309 = CLOSED_SHELL('',(#310,#466,#497,#539,#861,#930,#1258,#1294,#1318,
    #1342,#1359,#1383,#1407,#1431,#1455,#1479,#1496,#1521,#1546,#1558));
#310 = ADVANCED_FACE('',(#311),#461,.F.);
#311 = FACE_BOUND('',#312,.F.);
#312 = EDGE_LOOP('',(#313,#324,#381,#389,#446,#455));
#313 = ORIENTED_EDGE('',*,*,#314,.T.);
#314 = EDGE_CURVE('',#315,#317,#319,.T.);
#315 = VERTEX_POINT('',#316);
#316 = CARTESIAN_POINT('',(13.536062020263,-2.79,0.625));
#317 = VERTEX_POINT('',#318);
#318 = CARTESIAN_POINT('',(14.003366841037,-2.79,0.302837578934));
#319 = CIRCLE('',#320,0.5);
#320 = AXIS2_PLACEMENT_3D('',#321,#322,#323);
#321 = CARTESIAN_POINT('',(13.536062020263,-2.79,0.125));
#322 = DIRECTION('',(0.,1.,0.));
#323 = DIRECTION('',(0.,-0.,1.));
#324 = ORIENTED_EDGE('',*,*,#325,.T.);
#325 = EDGE_CURVE('',#317,#326,#328,.T.);
#326 = VERTEX_POINT('',#327);
#327 = CARTESIAN_POINT('',(13.536062020263,-3.616969975159,-0.375));
#328 = B_SPLINE_CURVE_WITH_KNOTS('',3,(#329,#330,#331,#332,#333,#334,
    #335,#336,#337,#338,#339,#340,#341,#342,#343,#344,#345,#346,#347,
    #348,#349,#350,#351,#352,#353,#354,#355,#356,#357,#358,#359,#360,
    #361,#362,#363,#364,#365,#366,#367,#368,#369,#370,#371,#372,#373,
    #374,#375,#376,#377,#378,#379,#380),.UNSPECIFIED.,.F.,.F.,(4,1,1,1,1
    ,1,1,1,1,1,1,1,1,1,1,1,1,1,1,1,1,1,1,1,1,1,1,1,1,1,1,1,1,1,1,1,1,1,1
    ,1,1,1,1,1,1,1,1,1,1,4),(0.,2.750065967587E-02,5.500131935175E-02,
    8.250197902762E-02,0.110002638703,0.137503298379,0.165003958055,
    0.192504617731,0.220005277407,0.247505937083,0.275006596759,
    0.302507256435,0.33000791611,0.357508575786,0.385009235462,
    0.412509895138,0.440010554814,0.46751121449,0.495011874166,
    0.522512533842,0.550013193517,0.577513853193,0.605014512869,
    0.632515172545,0.660015832221,0.687516491897,0.715017151573,
    0.742517811249,0.770018470924,0.7975191306,0.825019790276,
    0.852520449952,0.880021109628,0.907521769304,0.93502242898,
    0.962523088656,0.990023748331,1.017524408007,1.045025067683,
    1.072525727359,1.100026387035,1.127527046711,1.155027706387,
    1.182528366063,1.210029025738,1.237529685414,1.26503034509,
    1.292531004766,1.320031664442,1.347532324118),.UNSPECIFIED.);
#329 = CARTESIAN_POINT('',(14.003366841037,-2.79,0.302837578934));
#330 = CARTESIAN_POINT('',(14.005666549411,-2.79562564609,0.296672904685
    ));
#331 = CARTESIAN_POINT('',(14.010021621325,-2.806876938269,
    0.284255444369));
#332 = CARTESIAN_POINT('',(14.015937817426,-2.823753876537,
    0.265425137698));
#333 = CARTESIAN_POINT('',(14.02110620997,-2.840630814806,0.2463760027)
  );
#334 = CARTESIAN_POINT('',(14.025518744911,-2.857507753074,
    0.227137724163));
#335 = CARTESIAN_POINT('',(14.029168546074,-2.874384691343,
    0.207740281622));
#336 = CARTESIAN_POINT('',(14.032049925874,-2.891261629611,
    0.188213902641));
#337 = CARTESIAN_POINT('',(14.03415839418,-2.90813856788,0.168589015709)
  );
#338 = CARTESIAN_POINT('',(14.035490665307,-2.925015506148,
    0.148896202825));
#339 = CARTESIAN_POINT('',(14.03604466314,-2.941892444417,0.129166151835
    ));
#340 = CARTESIAN_POINT('',(14.035819524371,-2.958769382686,
    0.109429608617));
#341 = CARTESIAN_POINT('',(14.034815599838,-2.975646320954,
    8.971732916488E-02));
#342 = CARTESIAN_POINT('',(14.033034453984,-2.992523259223,
    7.006003166212E-02));
#343 = CARTESIAN_POINT('',(14.030478862419,-3.009400197491,
    5.048834861203E-02));
#344 = CARTESIAN_POINT('',(14.027152807589,-3.02627713576,
    3.103277910267E-02));
#345 = CARTESIAN_POINT('',(14.023061472578,-3.043154074028,
    1.172364127918E-02));
#346 = CARTESIAN_POINT('',(14.018211233023,-3.060031012297,
    -7.408974901768E-03));
#347 = CARTESIAN_POINT('',(14.012609647187,-3.076907950565,
    -2.633525456201E-02));
#348 = CARTESIAN_POINT('',(14.006265444172,-3.093784888834,
    -4.502570436322E-02));
#349 = CARTESIAN_POINT('',(13.999188510324,-3.110661827103,
    -6.345119846716E-02));
#350 = CARTESIAN_POINT('',(13.991389873822,-3.127538765371,
    -8.158302392331E-02));
#351 = CARTESIAN_POINT('',(13.982881687494,-3.14441570364,
    -9.939292541302E-02));
#352 = CARTESIAN_POINT('',(13.973677209879,-3.161292641908,
    -0.116853149281));
#353 = CARTESIAN_POINT('',(13.963790784567,-3.178169580177,
    -0.133936486782));
#354 = CARTESIAN_POINT('',(13.953237817842,-3.195046518445,
    -0.150616316487));
#355 = CARTESIAN_POINT('',(13.942034754683,-3.211923456714,
    -0.166866645761));
#356 = CARTESIAN_POINT('',(13.930199053127,-3.228800394983,
    -0.182662151272));
#357 = CARTESIAN_POINT('',(13.917749157072,-3.245677333251,
    -0.197978218452));
#358 = CARTESIAN_POINT('',(13.90470446753,-3.26255427152,-0.212790979857
    ));
#359 = CARTESIAN_POINT('',(13.891085312398,-3.279431209788,
    -0.227077352355));
#360 = CARTESIAN_POINT('',(13.876912914777,-3.296308148057,
    -0.240815073102));
#361 = CARTESIAN_POINT('',(13.862209359901,-3.313185086325,
    -0.253982734233));
#362 = CARTESIAN_POINT('',(13.846997560721,-3.330062024594,
    -0.266559816223));
#363 = CARTESIAN_POINT('',(13.831301222198,-3.346938962862,
    -0.278526719859));
#364 = CARTESIAN_POINT('',(13.815144804367,-3.363815901131,
    -0.289864796791));
#365 = CARTESIAN_POINT('',(13.798553484213,-3.3806928394,-0.300556378584
    ));
#366 = CARTESIAN_POINT('',(13.781553116444,-3.397569777668,
    -0.310584804252));
#367 = CARTESIAN_POINT('',(13.764170193198,-3.414446715937,
    -0.319934446228));
#368 = CARTESIAN_POINT('',(13.746431802758,-3.431323654205,
    -0.328590734708));
#369 = CARTESIAN_POINT('',(13.728365587342,-3.448200592474,
    -0.336540180362));
#370 = CARTESIAN_POINT('',(13.709999700027,-3.465077530742,
    -0.343770395352));
#371 = CARTESIAN_POINT('',(13.691362760876,-3.481954469011,
    -0.350270112636));
#372 = CARTESIAN_POINT('',(13.672483812342,-3.498831407279,
    -0.356029203527));
#373 = CARTESIAN_POINT('',(13.653392274004,-3.515708345548,
    -0.361038693477));
#374 = CARTESIAN_POINT('',(13.634117896729,-3.532585283817,
    -0.365290776061));
#375 = CARTESIAN_POINT('',(13.614690716303,-3.549462222085,
    -0.368778825142));
#376 = CARTESIAN_POINT('',(13.595141006635,-3.566339160354,
    -0.371497405199));
#377 = CARTESIAN_POINT('',(13.575499232568,-3.583216098622,
    -0.373442279793));
#378 = CARTESIAN_POINT('',(13.555796002417,-3.600093036891,
    -0.374610418174));
#379 = CARTESIAN_POINT('',(13.542641533392,-3.61134432907,
    -0.374956708133));
#380 = CARTESIAN_POINT('',(13.536062020263,-3.616969975159,-0.375));
#381 = ORIENTED_EDGE('',*,*,#382,.T.);
#382 = EDGE_CURVE('',#326,#383,#385,.T.);
#383 = VERTEX_POINT('',#384);
#384 = CARTESIAN_POINT('',(13.536062020263,3.616969975159,-0.375));
#385 = LINE('',#386,#387);
#386 = CARTESIAN_POINT('',(13.536062020263,-3.616969975159,-0.375));
#387 = VECTOR('',#388,1.);
#388 = DIRECTION('',(0.,1.,0.));
#389 = ORIENTED_EDGE('',*,*,#390,.T.);
#390 = EDGE_CURVE('',#383,#391,#393,.T.);
#391 = VERTEX_POINT('',#392);
#392 = CARTESIAN_POINT('',(14.003366841037,2.79,0.302837578934));
#393 = B_SPLINE_CURVE_WITH_KNOTS('',3,(#394,#395,#396,#397,#398,#399,
    #400,#401,#402,#403,#404,#405,#406,#407,#408,#409,#410,#411,#412,
    #413,#414,#415,#416,#417,#418,#419,#420,#421,#422,#423,#424,#425,
    #426,#427,#428,#429,#430,#431,#432,#433,#434,#435,#436,#437,#438,
    #439,#440,#441,#442,#443,#444,#445),.UNSPECIFIED.,.F.,.F.,(4,1,1,1,1
    ,1,1,1,1,1,1,1,1,1,1,1,1,1,1,1,1,1,1,1,1,1,1,1,1,1,1,1,1,1,1,1,1,1,1
    ,1,1,1,1,1,1,1,1,1,1,4),(0.,2.750065967587E-02,5.500131935175E-02,
    8.250197902762E-02,0.110002638703,0.137503298379,0.165003958055,
    0.192504617731,0.220005277407,0.247505937083,0.275006596759,
    0.302507256435,0.33000791611,0.357508575786,0.385009235462,
    0.412509895138,0.440010554814,0.46751121449,0.495011874166,
    0.522512533842,0.550013193517,0.577513853193,0.605014512869,
    0.632515172545,0.660015832221,0.687516491897,0.715017151573,
    0.742517811249,0.770018470924,0.7975191306,0.825019790276,
    0.852520449952,0.880021109628,0.907521769304,0.93502242898,
    0.962523088656,0.990023748331,1.017524408007,1.045025067683,
    1.072525727359,1.100026387035,1.127527046711,1.155027706387,
    1.182528366063,1.210029025738,1.237529685414,1.26503034509,
    1.292531004766,1.320031664442,1.347532324118),.UNSPECIFIED.);
#394 = CARTESIAN_POINT('',(13.536062020263,3.616969975159,-0.375));
#395 = CARTESIAN_POINT('',(13.542641533392,3.61134432907,-0.374956708133
    ));
#396 = CARTESIAN_POINT('',(13.555796002417,3.600093036891,
    -0.374610418174));
#397 = CARTESIAN_POINT('',(13.575499232568,3.583216098622,
    -0.373442279793));
#398 = CARTESIAN_POINT('',(13.595141006635,3.566339160354,
    -0.371497405199));
#399 = CARTESIAN_POINT('',(13.614690716303,3.549462222085,
    -0.368778825142));
#400 = CARTESIAN_POINT('',(13.634117896729,3.532585283817,
    -0.365290776061));
#401 = CARTESIAN_POINT('',(13.653392274004,3.515708345548,
    -0.361038693477));
#402 = CARTESIAN_POINT('',(13.672483812342,3.498831407279,
    -0.356029203527));
#403 = CARTESIAN_POINT('',(13.691362760876,3.481954469011,
    -0.350270112636));
#404 = CARTESIAN_POINT('',(13.709999700027,3.465077530742,
    -0.343770395352));
#405 = CARTESIAN_POINT('',(13.728365587342,3.448200592474,
    -0.336540180362));
#406 = CARTESIAN_POINT('',(13.746431802758,3.431323654205,
    -0.328590734708));
#407 = CARTESIAN_POINT('',(13.764170193198,3.414446715937,
    -0.319934446228));
#408 = CARTESIAN_POINT('',(13.781553116444,3.397569777668,
    -0.310584804252));
#409 = CARTESIAN_POINT('',(13.798553484213,3.3806928394,-0.300556378584)
  );
#410 = CARTESIAN_POINT('',(13.815144804367,3.363815901131,
    -0.289864796791));
#411 = CARTESIAN_POINT('',(13.831301222198,3.346938962862,
    -0.278526719859));
#412 = CARTESIAN_POINT('',(13.846997560721,3.330062024594,
    -0.266559816223));
#413 = CARTESIAN_POINT('',(13.862209359901,3.313185086325,
    -0.253982734233));
#414 = CARTESIAN_POINT('',(13.876912914777,3.296308148057,
    -0.240815073102));
#415 = CARTESIAN_POINT('',(13.891085312398,3.279431209788,
    -0.227077352355));
#416 = CARTESIAN_POINT('',(13.90470446753,3.26255427152,-0.212790979857)
  );
#417 = CARTESIAN_POINT('',(13.917749157072,3.245677333251,
    -0.197978218452));
#418 = CARTESIAN_POINT('',(13.930199053127,3.228800394983,
    -0.182662151272));
#419 = CARTESIAN_POINT('',(13.942034754683,3.211923456714,
    -0.166866645761));
#420 = CARTESIAN_POINT('',(13.953237817842,3.195046518445,
    -0.150616316487));
#421 = CARTESIAN_POINT('',(13.963790784567,3.178169580177,
    -0.133936486782));
#422 = CARTESIAN_POINT('',(13.973677209879,3.161292641908,
    -0.116853149281));
#423 = CARTESIAN_POINT('',(13.982881687494,3.14441570364,
    -9.939292541302E-02));
#424 = CARTESIAN_POINT('',(13.991389873822,3.127538765371,
    -8.158302392331E-02));
#425 = CARTESIAN_POINT('',(13.999188510324,3.110661827103,
    -6.345119846716E-02));
#426 = CARTESIAN_POINT('',(14.006265444172,3.093784888834,
    -4.502570436322E-02));
#427 = CARTESIAN_POINT('',(14.012609647187,3.076907950565,
    -2.633525456201E-02));
#428 = CARTESIAN_POINT('',(14.018211233023,3.060031012297,
    -7.408974901767E-03));
#429 = CARTESIAN_POINT('',(14.023061472578,3.043154074028,
    1.172364127918E-02));
#430 = CARTESIAN_POINT('',(14.027152807589,3.02627713576,
    3.103277910267E-02));
#431 = CARTESIAN_POINT('',(14.030478862419,3.009400197491,
    5.048834861203E-02));
#432 = CARTESIAN_POINT('',(14.033034453984,2.992523259223,
    7.006003166212E-02));
#433 = CARTESIAN_POINT('',(14.034815599838,2.975646320954,
    8.971732916488E-02));
#434 = CARTESIAN_POINT('',(14.035819524371,2.958769382686,0.109429608617
    ));
#435 = CARTESIAN_POINT('',(14.03604466314,2.941892444417,0.129166151835)
  );
#436 = CARTESIAN_POINT('',(14.035490665307,2.925015506148,0.148896202825
    ));
#437 = CARTESIAN_POINT('',(14.03415839418,2.90813856788,0.168589015709)
  );
#438 = CARTESIAN_POINT('',(14.032049925874,2.891261629611,0.188213902641
    ));
#439 = CARTESIAN_POINT('',(14.029168546074,2.874384691343,0.207740281622
    ));
#440 = CARTESIAN_POINT('',(14.025518744911,2.857507753074,0.227137724163
    ));
#441 = CARTESIAN_POINT('',(14.02110620997,2.840630814806,0.2463760027));
#442 = CARTESIAN_POINT('',(14.015937817426,2.823753876537,0.265425137698
    ));
#443 = CARTESIAN_POINT('',(14.010021621325,2.806876938269,0.284255444369
    ));
#444 = CARTESIAN_POINT('',(14.005666549411,2.79562564609,0.296672904685)
  );
#445 = CARTESIAN_POINT('',(14.003366841037,2.79,0.302837578934));
#446 = ORIENTED_EDGE('',*,*,#447,.T.);
#447 = EDGE_CURVE('',#391,#448,#450,.T.);
#448 = VERTEX_POINT('',#449);
#449 = CARTESIAN_POINT('',(13.536062020263,2.79,0.625));
#450 = CIRCLE('',#451,0.5);
#451 = AXIS2_PLACEMENT_3D('',#452,#453,#454);
#452 = CARTESIAN_POINT('',(13.536062020263,2.79,0.125));
#453 = DIRECTION('',(0.,-1.,0.));
#454 = DIRECTION('',(0.934609641548,0.,0.355675157869));
#455 = ORIENTED_EDGE('',*,*,#456,.T.);
#456 = EDGE_CURVE('',#448,#315,#457,.T.);
#457 = LINE('',#458,#459);
#458 = CARTESIAN_POINT('',(13.536062020263,-2.79,0.625));
#459 = VECTOR('',#460,1.);
#460 = DIRECTION('',(-0.,-1.,-0.));
#461 = CYLINDRICAL_SURFACE('',#462,0.5);
#462 = AXIS2_PLACEMENT_3D('',#463,#464,#465);
#463 = CARTESIAN_POINT('',(13.536062020263,-2.79,0.125));
#464 = DIRECTION('',(0.,1.,0.));
#465 = DIRECTION('',(0.,-0.,1.));
#466 = ADVANCED_FACE('',(#467),#492,.F.);
#467 = FACE_BOUND('',#468,.F.);
#468 = EDGE_LOOP('',(#469,#477,#485,#491));
#469 = ORIENTED_EDGE('',*,*,#470,.T.);
#470 = EDGE_CURVE('',#448,#471,#473,.T.);
#471 = VERTEX_POINT('',#472);
#472 = CARTESIAN_POINT('',(12.,2.79,0.625));
#473 = LINE('',#474,#475);
#474 = CARTESIAN_POINT('',(14.2,2.79,0.625));
#475 = VECTOR('',#476,1.);
#476 = DIRECTION('',(-1.,0.,0.));
#477 = ORIENTED_EDGE('',*,*,#478,.T.);
#478 = EDGE_CURVE('',#471,#479,#481,.T.);
#479 = VERTEX_POINT('',#480);
#480 = CARTESIAN_POINT('',(12.,-2.79,0.625));
#481 = LINE('',#482,#483);
#482 = CARTESIAN_POINT('',(12.,2.79,0.625));
#483 = VECTOR('',#484,1.);
#484 = DIRECTION('',(0.,-1.,0.));
#485 = ORIENTED_EDGE('',*,*,#486,.T.);
#486 = EDGE_CURVE('',#479,#315,#487,.T.);
#487 = LINE('',#488,#489);
#488 = CARTESIAN_POINT('',(12.,-2.79,0.625));
#489 = VECTOR('',#490,1.);
#490 = DIRECTION('',(1.,0.,0.));
#491 = ORIENTED_EDGE('',*,*,#456,.F.);
#492 = PLANE('',#493);
#493 = AXIS2_PLACEMENT_3D('',#494,#495,#496);
#494 = CARTESIAN_POINT('',(17.546618878705,9.1E-16,0.625));
#495 = DIRECTION('',(0.,0.,1.));
#496 = DIRECTION('',(1.,0.,-0.));
#497 = ADVANCED_FACE('',(#498),#522,.T.);
#498 = FACE_BOUND('',#499,.T.);
#499 = EDGE_LOOP('',(#500,#501,#508,#517));
#500 = ORIENTED_EDGE('',*,*,#447,.T.);
#501 = ORIENTED_EDGE('',*,*,#502,.T.);
#502 = EDGE_CURVE('',#448,#503,#505,.T.);
#503 = VERTEX_POINT('',#504);
#504 = CARTESIAN_POINT('',(13.536062020263,2.79,0.725));
#505 = B_SPLINE_CURVE_WITH_KNOTS('',1,(#506,#507),.UNSPECIFIED.,.F.,.F.,
  (2,2),(0.,1.),.PIECEWISE_BEZIER_KNOTS.);
#506 = CARTESIAN_POINT('',(13.536062020263,2.79,0.625));
#507 = CARTESIAN_POINT('',(13.536062020263,2.79,0.725));
#508 = ORIENTED_EDGE('',*,*,#509,.F.);
#509 = EDGE_CURVE('',#510,#503,#512,.T.);
#510 = VERTEX_POINT('',#511);
#511 = CARTESIAN_POINT('',(14.096827805192,2.79,0.338405094721));
#512 = CIRCLE('',#513,0.6);
#513 = AXIS2_PLACEMENT_3D('',#514,#515,#516);
#514 = CARTESIAN_POINT('',(13.536062020263,2.79,0.125));
#515 = DIRECTION('',(0.,-1.,0.));
#516 = DIRECTION('',(0.934609641548,0.,0.355675157869));
#517 = ORIENTED_EDGE('',*,*,#518,.F.);
#518 = EDGE_CURVE('',#391,#510,#519,.T.);
#519 = B_SPLINE_CURVE_WITH_KNOTS('',1,(#520,#521),.UNSPECIFIED.,.F.,.F.,
  (2,2),(0.,1.),.PIECEWISE_BEZIER_KNOTS.);
#520 = CARTESIAN_POINT('',(14.003366841037,2.79,0.302837578934));
#521 = CARTESIAN_POINT('',(14.096827805192,2.79,0.338405094721));
#522 = B_SPLINE_SURFACE_WITH_KNOTS('',7,1,(
    (#523,#524)
    ,(#525,#526)
    ,(#527,#528)
    ,(#529,#530)
    ,(#531,#532)
    ,(#533,#534)
    ,(#535,#536)
    ,(#537,#538
    )),.UNSPECIFIED.,.F.,.F.,.F.,(8,8),(2,2),(0.,1.207159963159),(0.,1.)
  ,.PIECEWISE_BEZIER_KNOTS.);
#523 = CARTESIAN_POINT('',(14.003366841037,2.79,0.302837578934));
#524 = CARTESIAN_POINT('',(14.096827805192,2.79,0.338405094721));
#525 = CARTESIAN_POINT('',(13.972698497432,2.79,0.383424960396));
#526 = CARTESIAN_POINT('',(14.060025792866,2.79,0.435109952475));
#527 = CARTESIAN_POINT('',(13.9258164488,2.79,0.45784199553));
#528 = CARTESIAN_POINT('',(14.003767334507,2.79,0.524410394637));
#529 = CARTESIAN_POINT('',(13.864210861838,2.79,0.522174781863));
#530 = CARTESIAN_POINT('',(13.929840630153,2.79,0.601609738235));
#531 = CARTESIAN_POINT('',(13.79055100974,2.79,0.572956274439));
#532 = CARTESIAN_POINT('',(13.841448807635,2.79,0.662547529327));
#533 = CARTESIAN_POINT('',(13.708513390498,2.79,0.607651876052));
#534 = CARTESIAN_POINT('',(13.743003664545,2.79,0.704182251263));
#535 = CARTESIAN_POINT('',(13.622287731917,2.79,0.625));
#536 = CARTESIAN_POINT('',(13.639532874248,2.79,0.725));
#537 = CARTESIAN_POINT('',(13.536062020263,2.79,0.625));
#538 = CARTESIAN_POINT('',(13.536062020263,2.79,0.725));
#539 = ADVANCED_FACE('',(#540),#560,.T.);
#540 = FACE_BOUND('',#541,.T.);
#541 = EDGE_LOOP('',(#542,#543,#544,#555));
#542 = ORIENTED_EDGE('',*,*,#390,.T.);
#543 = ORIENTED_EDGE('',*,*,#518,.T.);
#544 = ORIENTED_EDGE('',*,*,#545,.F.);
#545 = EDGE_CURVE('',#546,#510,#548,.T.);
#546 = VERTEX_POINT('',#547);
#547 = CARTESIAN_POINT('',(13.536062020263,3.616969975159,-0.475));
#548 = B_SPLINE_CURVE_WITH_KNOTS('',5,(#549,#550,#551,#552,#553,#554),
  .UNSPECIFIED.,.F.,.F.,(6,6),(0.,1.347532324118),
  .PIECEWISE_BEZIER_KNOTS.);
#549 = CARTESIAN_POINT('',(13.536062020263,3.616969975159,-0.475));
#550 = CARTESIAN_POINT('',(13.76818633007,3.451575980127,-0.475));
#551 = CARTESIAN_POINT('',(14.001048017859,3.286181985096,
    -0.363360326854));
#552 = CARTESIAN_POINT('',(14.157872258392,3.120787990064,
    -0.135882760188));
#553 = CARTESIAN_POINT('',(14.179388655728,2.955393995032,0.121459476738
    ));
#554 = CARTESIAN_POINT('',(14.096827805192,2.79,0.338405094721));
#555 = ORIENTED_EDGE('',*,*,#556,.F.);
#556 = EDGE_CURVE('',#383,#546,#557,.T.);
#557 = B_SPLINE_CURVE_WITH_KNOTS('',1,(#558,#559),.UNSPECIFIED.,.F.,.F.,
  (2,2),(0.,1.),.PIECEWISE_BEZIER_KNOTS.);
#558 = CARTESIAN_POINT('',(13.536062020263,3.616969975159,-0.375));
#559 = CARTESIAN_POINT('',(13.536062020263,3.616969975159,-0.475));
#560 = B_SPLINE_SURFACE_WITH_KNOTS('',5,1,(
    (#561,#562)
    ,(#563,#564)
    ,(#565,#566)
    ,(#567,#568)
    ,(#569,#570)
    ,(#571,#572)
    ,(#573,#574)
    ,(#575,#576)
    ,(#577,#578)
    ,(#579,#580)
    ,(#581,#582)
    ,(#583,#584)
    ,(#585,#586)
    ,(#587,#588)
    ,(#589,#590)
    ,(#591,#592)
    ,(#593,#594)
    ,(#595,#596)
    ,(#597,#598)
    ,(#599,#600)
    ,(#601,#602)
    ,(#603,#604)
    ,(#605,#606)
    ,(#607,#608)
    ,(#609,#610)
    ,(#611,#612)
    ,(#613,#614)
    ,(#615,#616)
    ,(#617,#618)
    ,(#619,#620)
    ,(#621,#622)
    ,(#623,#624)
    ,(#625,#626)
    ,(#627,#628)
    ,(#629,#630)
    ,(#631,#632)
    ,(#633,#634)
    ,(#635,#636)
    ,(#637,#638)
    ,(#639,#640)
    ,(#641,#642)
    ,(#643,#644)
    ,(#645,#646)
    ,(#647,#648)
    ,(#649,#650)
    ,(#651,#652)
    ,(#653,#654)
    ,(#655,#656)
    ,(#657,#658)
    ,(#659,#660)
    ,(#661,#662)
    ,(#663,#664)
    ,(#665,#666)
    ,(#667,#668)
    ,(#669,#670)
    ,(#671,#672)
    ,(#673,#674)
    ,(#675,#676)
    ,(#677,#678)
    ,(#679,#680)
    ,(#681,#682)
    ,(#683,#684)
    ,(#685,#686)
    ,(#687,#688)
    ,(#689,#690)
    ,(#691,#692)
    ,(#693,#694)
    ,(#695,#696)
    ,(#697,#698)
    ,(#699,#700)
    ,(#701,#702)
    ,(#703,#704)
    ,(#705,#706)
    ,(#707,#708)
    ,(#709,#710)
    ,(#711,#712)
    ,(#713,#714)
    ,(#715,#716)
    ,(#717,#718)
    ,(#719,#720)
    ,(#721,#722)
    ,(#723,#724)
    ,(#725,#726)
    ,(#727,#728)
    ,(#729,#730)
    ,(#731,#732)
    ,(#733,#734)
    ,(#735,#736)
    ,(#737,#738)
    ,(#739,#740)
    ,(#741,#742)
    ,(#743,#744)
    ,(#745,#746)
    ,(#747,#748)
    ,(#749,#750)
    ,(#751,#752)
    ,(#753,#754)
    ,(#755,#756)
    ,(#757,#758)
    ,(#759,#760)
    ,(#761,#762)
    ,(#763,#764)
    ,(#765,#766)
    ,(#767,#768)
    ,(#769,#770)
    ,(#771,#772)
    ,(#773,#774)
    ,(#775,#776)
    ,(#777,#778)
    ,(#779,#780)
    ,(#781,#782)
    ,(#783,#784)
    ,(#785,#786)
    ,(#787,#788)
    ,(#789,#790)
    ,(#791,#792)
    ,(#793,#794)
    ,(#795,#796)
    ,(#797,#798)
    ,(#799,#800)
    ,(#801,#802)
    ,(#803,#804)
    ,(#805,#806)
    ,(#807,#808)
    ,(#809,#810)
    ,(#811,#812)
    ,(#813,#814)
    ,(#815,#816)
    ,(#817,#818)
    ,(#819,#820)
    ,(#821,#822)
    ,(#823,#824)
    ,(#825,#826)
    ,(#827,#828)
    ,(#829,#830)
    ,(#831,#832)
    ,(#833,#834)
    ,(#835,#836)
    ,(#837,#838)
    ,(#839,#840)
    ,(#841,#842)
    ,(#843,#844)
    ,(#845,#846)
    ,(#847,#848)
    ,(#849,#850)
    ,(#851,#852)
    ,(#853,#854)
    ,(#855,#856)
    ,(#857,#858)
    ,(#859,#860
    )),.UNSPECIFIED.,.F.,.F.,.F.,(6,3,3,3,3,3,3,3,3,3,3,3,3,3,3,3,3,3,3,
    3,3,3,3,3,3,3,3,3,3,3,3,3,3,3,3,3,3,3,3,3,3,3,3,3,3,3,3,3,3,6),(2,2)
  ,(0.,2.750065967587E-02,5.500131935175E-02,8.250197902762E-02,
    0.110002638703,0.137503298379,0.165003958055,0.192504617731,
    0.220005277407,0.247505937083,0.275006596759,0.302507256435,
    0.33000791611,0.357508575786,0.385009235462,0.412509895138,
    0.440010554814,0.46751121449,0.495011874166,0.522512533842,
    0.550013193517,0.577513853193,0.605014512869,0.632515172545,
    0.660015832221,0.687516491897,0.715017151573,0.742517811249,
    0.770018470924,0.7975191306,0.825019790276,0.852520449952,
    0.880021109628,0.907521769304,0.93502242898,0.962523088656,
    0.990023748331,1.017524408007,1.045025067683,1.072525727359,
    1.100026387035,1.127527046711,1.155027706387,1.182528366063,
    1.210029025738,1.237529685414,1.26503034509,1.292531004766,
    1.320031664442,1.347532324118),(0.,1.),.UNSPECIFIED.);
#561 = CARTESIAN_POINT('',(13.536062020263,3.616969975159,-0.375));
#562 = CARTESIAN_POINT('',(13.536062020263,3.616969975159,-0.475));
#563 = CARTESIAN_POINT('',(13.54000972814,3.613594587506,-0.37497402488)
  );
#564 = CARTESIAN_POINT('',(13.540799251075,3.613594587506,-0.475));
#565 = CARTESIAN_POINT('',(13.543956752433,3.610219199852,
    -0.374909093826));
#566 = CARTESIAN_POINT('',(13.545536789,3.610219199852,-0.474953502843)
  );
#567 = CARTESIAN_POINT('',(13.547902846446,3.606843812198,
    -0.374807380425));
#568 = CARTESIAN_POINT('',(13.550273981463,3.606843812198,
    -0.474860472846));
#569 = CARTESIAN_POINT('',(13.555792680522,3.600093036891,
    -0.374534736106));
#570 = CARTESIAN_POINT('',(13.559746376387,3.600093036891,
    -0.474581307084));
#571 = CARTESIAN_POINT('',(13.563676819921,3.593342261583,
    -0.374132351098));
#572 = CARTESIAN_POINT('',(13.569212206329,3.593342261583,
    -0.474115910685));
#573 = CARTESIAN_POINT('',(13.56761691624,3.58996687393,-0.373896589542)
  );
#574 = CARTESIAN_POINT('',(13.573942833812,3.58996687393,-0.47383665005)
  );
#575 = CARTESIAN_POINT('',(13.575492062692,3.583216098622,
    -0.373351660568));
#576 = CARTESIAN_POINT('',(13.583398227899,3.583216098622,
    -0.473185024894));
#577 = CARTESIAN_POINT('',(13.583354917927,3.576465323315,
    -0.372651384352));
#578 = CARTESIAN_POINT('',(13.592839342651,3.576465323315,
    -0.472347293497));
#579 = CARTESIAN_POINT('',(13.587282762601,3.573089935661,
    -0.372262459946));
#580 = CARTESIAN_POINT('',(13.597555690797,3.573089935661,
    -0.471881926621));
#581 = CARTESIAN_POINT('',(13.595130265788,3.566339160354,
    -0.371407139562));
#582 = CARTESIAN_POINT('',(13.606978696944,3.566339160354,
    -0.470858271066));
#583 = CARTESIAN_POINT('',(13.602959356095,3.559588385046,
    -0.370397078085));
#584 = CARTESIAN_POINT('',(13.616379794677,3.559588385046,
    -0.469648991073));
#585 = CARTESIAN_POINT('',(13.606868790282,3.556212997393,
    -0.369853432681));
#586 = CARTESIAN_POINT('',(13.621074234409,3.556212997393,-0.46899799976
    ));
#587 = CARTESIAN_POINT('',(13.614676421225,3.549462222085,
    -0.368689053756));
#588 = CARTESIAN_POINT('',(13.630449639166,3.549462222085,-0.46760345312
    ));
#589 = CARTESIAN_POINT('',(13.622459546319,3.542711446778,
    -0.367370781026));
#590 = CARTESIAN_POINT('',(13.639795597913,3.542711446778,-0.46602411226
    ));
#591 = CARTESIAN_POINT('',(13.626344477839,3.539336059124,
    -0.366673261802));
#592 = CARTESIAN_POINT('',(13.644460591635,3.539336059124,
    -0.465188326727));
#593 = CARTESIAN_POINT('',(13.634100069694,3.532585283817,
    -0.365201638819));
#594 = CARTESIAN_POINT('',(13.653773367617,3.532585283817,
    -0.463424720644));
#595 = CARTESIAN_POINT('',(13.64182510092,3.525834508509,-0.363577209136
    ));
#596 = CARTESIAN_POINT('',(13.663049257674,3.525834508509,
    -0.461477489974));
#597 = CARTESIAN_POINT('',(13.645679475778,3.522459120855,
    -0.362726903055));
#598 = CARTESIAN_POINT('',(13.667677365471,3.522459120855,
    -0.460458079855));
#599 = CARTESIAN_POINT('',(13.653370942795,3.515708345548,
    -0.360950329284));
#600 = CARTESIAN_POINT('',(13.676912683758,3.515708345548,
    -0.458327920306));
#601 = CARTESIAN_POINT('',(13.661025842024,3.508957570241,
    -0.359022274041));
#602 = CARTESIAN_POINT('',(13.686103780089,3.508957570241,
    -0.456015636225));
#603 = CARTESIAN_POINT('',(13.664843653843,3.505582182587,
    -0.358020506158));
#604 = CARTESIAN_POINT('',(13.690687665932,3.505582182587,
    -0.454814101574));
#605 = CARTESIAN_POINT('',(13.672459010198,3.498831407279,
    -0.355941750084));
#606 = CARTESIAN_POINT('',(13.699830908472,3.498831407279,
    -0.452320550879));
#607 = CARTESIAN_POINT('',(13.680031848592,3.492080631972,
    -0.353713073822));
#608 = CARTESIAN_POINT('',(13.708922703115,3.492080631972,
    -0.449646697132));
#609 = CARTESIAN_POINT('',(13.683807147973,3.488705244318,
    -0.352561405219));
#610 = CARTESIAN_POINT('',(13.713455141059,3.488705244318,
    -0.448264859427));
#611 = CARTESIAN_POINT('',(13.691334526448,3.481954469011,
    -0.350183706223));
#612 = CARTESIAN_POINT('',(13.722491913078,3.481954469011,
    -0.445411718258));
#613 = CARTESIAN_POINT('',(13.698813503047,3.475203693703,
    -0.347657881949));
#614 = CARTESIAN_POINT('',(13.731470127544,3.475203693703,
    -0.442380407942));
#615 = CARTESIAN_POINT('',(13.702540406836,3.47182830605,-0.346358107304
    ));
#616 = CARTESIAN_POINT('',(13.735944007935,3.47182830605,-0.440820401091
    ));
#617 = CARTESIAN_POINT('',(13.709968077313,3.465077530742,-0.34368517062
    ));
#618 = CARTESIAN_POINT('',(13.744860150334,3.465077530742,
    -0.437612090476));
#619 = CARTESIAN_POINT('',(13.717341537422,3.458326755435,
    -0.340866134394));
#620 = CARTESIAN_POINT('',(13.753710748016,3.458326755435,
    -0.434228048053));
#621 = CARTESIAN_POINT('',(13.721014237884,3.454951367781,-0.33942027918
    ));
#622 = CARTESIAN_POINT('',(13.75811908369,3.454951367781,-0.432492309394
    ));
#623 = CARTESIAN_POINT('',(13.72833062562,3.448200592474,-0.336456270118
    ));
#624 = CARTESIAN_POINT('',(13.766900685453,3.448200592474,
    -0.428933852728));
#625 = CARTESIAN_POINT('',(13.735587078976,3.441449817166,
    -0.333348414923));
#626 = CARTESIAN_POINT('',(13.775609884027,3.441449817166,
    -0.425202396028));
#627 = CARTESIAN_POINT('',(13.739199852842,3.438074429513,
    -0.331758732256));
#628 = CARTESIAN_POINT('',(13.779945816512,3.438074429513,
    -0.423293657336));
#629 = CARTESIAN_POINT('',(13.746393556511,3.431323654205,
    -0.328508269712));
#630 = CARTESIAN_POINT('',(13.788579227109,3.431323654205,
    -0.419390662386));
#631 = CARTESIAN_POINT('',(13.753521695184,3.424572878898,
    -0.325116438602));
#632 = CARTESIAN_POINT('',(13.797133510941,3.424572878898,
    -0.415317684617));
#633 = CARTESIAN_POINT('',(13.757068912569,3.421197491244,
    -0.323385405728));
#634 = CARTESIAN_POINT('',(13.801390316659,3.421197491244,
    -0.413238963105));
#635 = CARTESIAN_POINT('',(13.764128722025,3.414446715937,
    -0.319853554987));
#636 = CARTESIAN_POINT('',(13.809862158451,3.414446715937,
    -0.408997604021));
#637 = CARTESIAN_POINT('',(13.771117438043,3.407695940629,
    -0.316183033546));
#638 = CARTESIAN_POINT('',(13.818248290997,3.407695940629,
    -0.404589555775));
#639 = CARTESIAN_POINT('',(13.774593571221,3.404320552976,
    -0.314313347981));
#640 = CARTESIAN_POINT('',(13.822419387469,3.404320552976,
    -0.402344145102));
#641 = CARTESIAN_POINT('',(13.781508484972,3.397569777668,
    -0.310505612822));
#642 = CARTESIAN_POINT('',(13.83071656811,3.397569777668,-0.397771144421
    ));
#643 = CARTESIAN_POINT('',(13.788346887627,3.390819002361,
    -0.306562120923));
#644 = CARTESIAN_POINT('',(13.838921604323,3.390819002361,
    -0.393035015682));
#645 = CARTESIAN_POINT('',(13.791746519645,3.387443614707,
    -0.304556696249));
#646 = CARTESIAN_POINT('',(13.843000556367,3.387443614707,
    -0.390626476951));
#647 = CARTESIAN_POINT('',(13.798505761991,3.3806928394,-0.300479010369)
  );
#648 = CARTESIAN_POINT('',(13.85111028121,3.3806928394,-0.385729087607)
  );
#649 = CARTESIAN_POINT('',(13.805183194814,3.373942064092,
    -0.296268693265));
#650 = CARTESIAN_POINT('',(13.859121579944,3.373942064092,
    -0.380672389762));
#651 = CARTESIAN_POINT('',(13.808501027933,3.370566676438,
    -0.294130654589));
#652 = CARTESIAN_POINT('',(13.863102105878,3.370566676438,
    -0.378104542528));
#653 = CARTESIAN_POINT('',(13.815094065763,3.363815901131,
    -0.289789372358));
#654 = CARTESIAN_POINT('',(13.871011890379,3.363815901131,
    -0.372890529859));
#655 = CARTESIAN_POINT('',(13.821600123127,3.357065125824,-0.2853187911)
  );
#656 = CARTESIAN_POINT('',(13.878817126791,3.357065125824,
    -0.367521277699));
#657 = CARTESIAN_POINT('',(13.824830987077,3.35368973817,-0.283051470187
    ));
#658 = CARTESIAN_POINT('',(13.882693104637,3.35368973817,-0.364798190974
    ));
#659 = CARTESIAN_POINT('',(13.831247546279,3.346938962862,
    -0.278453356744));
#660 = CARTESIAN_POINT('',(13.890390786757,3.346938962862,
    -0.359275814729));
#661 = CARTESIAN_POINT('',(13.837572089619,3.340188187555,-0.27372947796
    ));
#662 = CARTESIAN_POINT('',(13.897977964714,3.340188187555,
    -0.353602508461));
#663 = CARTESIAN_POINT('',(13.840710949656,3.336812799901,
    -0.271336408038));
#664 = CARTESIAN_POINT('',(13.901743438398,3.336812799901,
    -0.350728491713));
#665 = CARTESIAN_POINT('',(13.846941031131,3.330062024594,
    -0.266488628748));
#666 = CARTESIAN_POINT('',(13.909217191009,3.330062024594,-0.34490648806
    ));
#667 = CARTESIAN_POINT('',(13.853074204737,3.323311249286,
    -0.261518813788));
#668 = CARTESIAN_POINT('',(13.91657465549,3.323311249286,-0.338938095316
    ));
#669 = CARTESIAN_POINT('',(13.85611616949,3.319935861633,-0.259003724043
    ));
#670 = CARTESIAN_POINT('',(13.920223841045,3.319935861633,
    -0.335917689476));
#671 = CARTESIAN_POINT('',(13.862150064732,3.313185086325,
    -0.253913833333));
#672 = CARTESIAN_POINT('',(13.927462184333,3.313185086325,
    -0.329805253011));
#673 = CARTESIAN_POINT('',(13.868082311113,3.306434311018,
    -0.248705826795));
#674 = CARTESIAN_POINT('',(13.934578633833,3.306434311018,
    -0.323551190851));
#675 = CARTESIAN_POINT('',(13.871022640206,3.303058923364,
    -0.246072636561));
#676 = CARTESIAN_POINT('',(13.9381059256,3.303058923364,-0.320389159317)
  );
#677 = CARTESIAN_POINT('',(13.876850946431,3.296308148057,
    -0.240748566147));
#678 = CARTESIAN_POINT('',(13.945097739471,3.296308148057,
    -0.313995925068));
#679 = CARTESIAN_POINT('',(13.882573021205,3.289557372749,-0.23531048381
    ));
#680 = CARTESIAN_POINT('',(13.951962238406,3.289557372749,
    -0.307466041993));
#681 = CARTESIAN_POINT('',(13.885407132642,3.286181985096,
    -0.232563296458));
#682 = CARTESIAN_POINT('',(13.955362215238,3.286181985096,
    -0.304167361632));
#683 = CARTESIAN_POINT('',(13.891020767441,3.279431209788,
    -0.227013342984));
#684 = CARTESIAN_POINT('',(13.962096751718,3.279431209788,
    -0.297503387071));
#685 = CARTESIAN_POINT('',(13.896523753743,3.272680434481,-0.22135365916
    ));
#686 = CARTESIAN_POINT('',(13.968698742828,3.272680434481,
    -0.290707945025));
#687 = CARTESIAN_POINT('',(13.899247231051,3.269305046827,
    -0.218496755708));
#688 = CARTESIAN_POINT('',(13.97196617429,3.269305046827,-0.287277797179
    ));
#689 = CARTESIAN_POINT('',(13.904637446545,3.26255427152,-0.212729567818
    ));
#690 = CARTESIAN_POINT('',(13.978433069934,3.26255427152,-0.280353544226
    ));
#691 = CARTESIAN_POINT('',(13.90991276892,3.255803496212,-0.206857102147
    ));
#692 = CARTESIAN_POINT('',(13.984762386688,3.255803496212,
    -0.273303200608));
#693 = CARTESIAN_POINT('',(13.91252136803,3.252428108559,-0.203894934584
    ));
#694 = CARTESIAN_POINT('',(13.987892239259,3.252428108559,
    -0.269746962095));
#695 = CARTESIAN_POINT('',(13.917679764498,3.245677333251,
    -0.197919499445));
#696 = CARTESIAN_POINT('',(13.994081527552,3.245677333251,-0.26257327913
    ));
#697 = CARTESIAN_POINT('',(13.922719202269,3.238926557944,-0.19184340315
    ));
#698 = CARTESIAN_POINT('',(14.000128406552,3.238926557944,
    -0.255279068799));
#699 = CARTESIAN_POINT('',(13.92520885813,3.23555117029,-0.188780587505)
  );
#700 = CARTESIAN_POINT('',(14.00311584983,3.23555117029,-0.25160230292)
  );
#701 = CARTESIAN_POINT('',(13.930127397102,3.228800394983,-0.1826062168)
  );
#702 = CARTESIAN_POINT('',(14.00901797359,3.228800394983,-0.244190406785
    ));
#703 = CARTESIAN_POINT('',(13.934923097174,3.222049619675,
    -0.176335958428));
#704 = CARTESIAN_POINT('',(14.014773066973,3.222049619675,
    -0.236663724069));
#705 = CARTESIAN_POINT('',(13.937289930087,3.218674232021,
    -0.173177267569));
#706 = CARTESIAN_POINT('',(14.017613479874,3.218674232021,-0.23287217161
    ));
#707 = CARTESIAN_POINT('',(13.94196094687,3.211923456714,-0.166813582988
    ));
#708 = CARTESIAN_POINT('',(14.023219303661,3.211923456714,
    -0.225233629619));
#709 = CARTESIAN_POINT('',(13.946505435973,3.205172681407,
    -0.160358933655));
#710 = CARTESIAN_POINT('',(14.028673691506,3.205172681407,
    -0.217486210323));
#711 = CARTESIAN_POINT('',(13.948745757638,3.201797293753,
    -0.157109289856));
#712 = CARTESIAN_POINT('',(14.031362668465,3.201797293753,
    -0.213585780559));
#713 = CARTESIAN_POINT('',(13.953161973258,3.195046518445,
    -0.150566208103));
#714 = CARTESIAN_POINT('',(14.036663490979,3.195046518445,
    -0.205732492508));
#715 = CARTESIAN_POINT('',(13.957448169591,3.188295743138,
    -0.143937226265));
#716 = CARTESIAN_POINT('',(14.04180869371,3.188295743138,-0.19777639592)
  );
#717 = CARTESIAN_POINT('',(13.959558488853,3.184920355484,
    -0.140601693534));
#718 = CARTESIAN_POINT('',(14.044342050888,3.184920355484,
    -0.193773157618));
#719 = CARTESIAN_POINT('',(13.963713021402,3.178169580177,
    -0.133889410873));
#720 = CARTESIAN_POINT('',(14.049329617376,3.178169580177,
    -0.185717337791));
#721 = CARTESIAN_POINT('',(13.967734245668,3.171418804869,
    -0.127096426652));
#722 = CARTESIAN_POINT('',(14.054157608166,3.171418804869,
    -0.177564928691));
#723 = CARTESIAN_POINT('',(13.969711273959,3.168043417216,
    -0.123680202842));
#724 = CARTESIAN_POINT('',(14.056531389646,3.168043417216,
    -0.173465101115));
#725 = CARTESIAN_POINT('',(13.973597649315,3.161292641908,
    -0.116809179205));
#726 = CARTESIAN_POINT('',(14.061197904306,3.161292641908,-0.16521926029
    ));
#727 = CARTESIAN_POINT('',(13.97734763513,3.154541866601,-0.109862778294
    ));
#728 = CARTESIAN_POINT('',(14.06570112148,3.154541866601,-0.156883190956
    ));
#729 = CARTESIAN_POINT('',(13.979188291593,3.151166478947,-0.106371187)
  );
#730 = CARTESIAN_POINT('',(14.067911605475,3.151166478947,
    -0.152693134871));
#731 = CARTESIAN_POINT('',(13.982800453511,3.14441570364,
    -9.935212969043E-02));
#732 = CARTESIAN_POINT('',(14.072249743861,3.14441570364,-0.144270062329
    ));
#733 = CARTESIAN_POINT('',(13.98627335717,3.137664928332,
    -9.226313685677E-02));
#734 = CARTESIAN_POINT('',(14.076421103301,3.137664928332,
    -0.135763254547));
#735 = CARTESIAN_POINT('',(13.98797477346,3.134289540679,
    -8.870161911976E-02));
#736 = CARTESIAN_POINT('',(14.078464808349,3.134289540679,
    -0.131489463224));
#737 = CARTESIAN_POINT('',(13.991307093009,3.127538765371,
    -8.154546612723E-02));
#738 = CARTESIAN_POINT('',(14.082467729774,3.127538765371,
    -0.122902208756));
#739 = CARTESIAN_POINT('',(13.994497502592,3.120787990064,
    -7.432492834141E-02));
#740 = CARTESIAN_POINT('',(14.086300637324,3.120787990064,
    -0.114237835826));
#741 = CARTESIAN_POINT('',(13.996057027346,3.11741260241,
    -7.069903417216E-02));
#742 = CARTESIAN_POINT('',(14.088174328497,3.11741260241,-0.10988692604)
  );
#743 = CARTESIAN_POINT('',(13.999104311681,3.110661827103,
    -6.341693712492E-02));
#744 = CARTESIAN_POINT('',(14.091835688435,3.110661827103,
    -0.101148781957));
#745 = CARTESIAN_POINT('',(14.002007255486,3.103911051795,
    -5.607610634812E-02));
#746 = CARTESIAN_POINT('',(14.095324052302,3.103911051795,
    -9.23402507012E-02));
#747 = CARTESIAN_POINT('',(14.003422458452,3.100535664141,
    -5.239148607651E-02));
#748 = CARTESIAN_POINT('',(14.097024747405,3.100535664141,
    -8.79189537422E-02));
#749 = CARTESIAN_POINT('',(14.006179958908,3.093784888834,
    -4.49947928652E-02));
#750 = CARTESIAN_POINT('',(14.100338709899,3.093784888834,
    -7.904343687954E-02));
#751 = CARTESIAN_POINT('',(14.008790913197,3.087034113527,
    -3.754510851445E-02));
#752 = CARTESIAN_POINT('',(14.103476953061,3.087034113527,
    -7.010436964889E-02));
#753 = CARTESIAN_POINT('',(14.010059589028,3.083658725873,
    -3.380750398485E-02));
#754 = CARTESIAN_POINT('',(14.105001928832,3.083658725873,
    -6.561952232191E-02));
#755 = CARTESIAN_POINT('',(14.012523008516,3.076907950565,
    -2.630774107846E-02));
#756 = CARTESIAN_POINT('',(14.107963178894,3.076907950565,
    -5.662035604864E-02));
#757 = CARTESIAN_POINT('',(14.014837904568,3.070157175258,
    -1.876081220026E-02));
#758 = CARTESIAN_POINT('',(14.110746251502,3.070157175258,
    -4.75645727319E-02));
#759 = CARTESIAN_POINT('',(14.01595807625,3.066781787604,
    -1.497604782385E-02));
#760 = CARTESIAN_POINT('',(14.112093049817,3.066781787604,
    -4.302310836147E-02));
#761 = CARTESIAN_POINT('',(14.018123575957,3.060031012297,
    -7.384902307686E-03));
#762 = CARTESIAN_POINT('',(14.114696805837,3.060031012297,
    -3.391420458767E-02));
#763 = CARTESIAN_POINT('',(14.020138806407,3.05328023699,
    2.475105126217E-04));
#764 = CARTESIAN_POINT('',(14.117120197617,3.05328023699,
    -2.47557046183E-02));
#765 = CARTESIAN_POINT('',(14.021108728347,3.049904849336,
    4.073536834174E-03));
#766 = CARTESIAN_POINT('',(14.118286631692,3.049904849336,
    -2.01646440523E-02));
#767 = CARTESIAN_POINT('',(14.022972933714,3.043154074028,
    1.174423547081E-02));
#768 = CARTESIAN_POINT('',(14.120528657837,3.043154074028,
    -1.096008523671E-02));
#769 = CARTESIAN_POINT('',(14.024685358173,3.036403298721,
    1.945023843595E-02));
#770 = CARTESIAN_POINT('',(14.122588410497,3.036403298721,
    -1.7130296006E-03));
#771 = CARTESIAN_POINT('',(14.025503518915,3.033027911067,
    2.331156450137E-02));
#772 = CARTESIAN_POINT('',(14.123572571089,3.033027911067,
    2.920527785922E-03));
#773 = CARTESIAN_POINT('',(14.027063524901,3.02627713576,
    3.104986279935E-02));
#774 = CARTESIAN_POINT('',(14.125449189709,3.02627713576,
    1.220650662834E-02));
#775 = CARTESIAN_POINT('',(14.028470474851,3.019526360452,
    3.881744743451E-02));
#776 = CARTESIAN_POINT('',(14.127141909344,3.019526360452,
    2.152781338523E-02));
#777 = CARTESIAN_POINT('',(14.029135599433,3.016150972799,
    4.270805603396E-02));
#778 = CARTESIAN_POINT('',(14.127942170952,3.016150972799,
    2.619669868622E-02));
#779 = CARTESIAN_POINT('',(14.030388975038,3.009400197491,
    5.050189519178E-02));
#780 = CARTESIAN_POINT('',(14.129450274984,3.009400197491,
    3.554972797662E-02));
#781 = CARTESIAN_POINT('',(14.031488257991,3.002649422184,
    5.831895705775E-02));
#782 = CARTESIAN_POINT('',(14.130773144477,3.002649422184,
    4.493085574066E-02));
#783 = CARTESIAN_POINT('',(14.03199930993,2.99927403453,
    6.223278534963E-02));
#784 = CARTESIAN_POINT('',(14.131388171545,2.99927403453,
    4.96278395153E-02));
#785 = CARTESIAN_POINT('',(14.032944101985,2.992523259223,
    7.007002001493E-02));
#786 = CARTESIAN_POINT('',(14.13252523692,2.992523259223,
    5.903343310335E-02));
#787 = CARTESIAN_POINT('',(14.033734004897,2.985772483915,
    7.792437757077E-02));
#788 = CARTESIAN_POINT('',(14.133476028346,2.985772483915,
    6.845984418561E-02));
#789 = CARTESIAN_POINT('',(14.034090187808,2.982397096262,
    8.18553265296E-02));
#790 = CARTESIAN_POINT('',(14.133904781467,2.982397096262,
    7.317764545446E-02));
#791 = CARTESIAN_POINT('',(14.034724924017,2.975646320954,
    8.972374372563E-02));
#792 = CARTESIAN_POINT('',(14.134668879508,2.975646320954,
    8.262121861072E-02));
#793 = CARTESIAN_POINT('',(14.035204215962,2.968895545647,
    9.760315731151E-02));
#794 = CARTESIAN_POINT('',(14.135245966541,2.968895545647,
    9.207828573934E-02));
#795 = CARTESIAN_POINT('',(14.035404974795,2.965520157993,0.101545101232
    ));
#796 = CARTESIAN_POINT('',(14.135487708655,2.965520157993,
    9.680958098055E-02));
#797 = CARTESIAN_POINT('',(14.035728666032,2.958769382686,0.10943243939)
  );
#798 = CARTESIAN_POINT('',(14.135877518486,2.958769382686,0.106276468389
    ));
#799 = CARTESIAN_POINT('',(14.035896600116,2.952018607378,0.1173246303)
  );
#800 = CARTESIAN_POINT('',(14.136079888802,2.952018607378,0.115749492701
    ));
#801 = CARTESIAN_POINT('',(14.035941622022,2.948643219724,0.121271426344
    ));
#802 = CARTESIAN_POINT('',(14.136134191401,2.948643219724,0.120486924847
    ));
#803 = CARTESIAN_POINT('',(14.03595376387,2.941892444417,0.129165394408)
  );
#804 = CARTESIAN_POINT('',(14.136149012349,2.941892444417,0.129962398597
    ));
#805 = CARTESIAN_POINT('',(14.035810078397,2.93514166911,0.137058064027)
  );
#806 = CARTESIAN_POINT('',(14.135976280028,2.93514166911,0.139436627633)
  );
#807 = CARTESIAN_POINT('',(14.035699293219,2.931766281456,0.141003561794
    ));
#808 = CARTESIAN_POINT('',(14.135843029357,2.931766281456,0.144172815065
    ));
#809 = CARTESIAN_POINT('',(14.035399866756,2.925015506148,0.148891858379
    ));
#810 = CARTESIAN_POINT('',(14.135482793357,2.925015506148,0.153642102643
    ));
#811 = CARTESIAN_POINT('',(14.034944785635,2.918264730841,0.156772707344
    ));
#812 = CARTESIAN_POINT('',(14.134935211288,2.918264730841,0.163102748337
    ));
#813 = CARTESIAN_POINT('',(14.034678366011,2.914889343187,0.160710758456
    ));
#814 = CARTESIAN_POINT('',(14.134614614549,2.914889343187,0.167830293883
    ));
#815 = CARTESIAN_POINT('',(14.034067837842,2.90813856788,0.168581091015)
  );
#816 = CARTESIAN_POINT('',(14.133879898547,2.90813856788,0.177278596168)
  );
#817 = CARTESIAN_POINT('',(14.033302070238,2.901387792572,0.176437838383
    ));
#818 = CARTESIAN_POINT('',(14.132958370833,2.901387792572,0.186710852839
    ));
#819 = CARTESIAN_POINT('',(14.032880431338,2.898012404919,0.180362306069
    ));
#820 = CARTESIAN_POINT('',(14.132450962382,2.898012404919,0.19142235277)
  );
#821 = CARTESIAN_POINT('',(14.031959752867,2.891261629611,0.188202410047
    ));
#822 = CARTESIAN_POINT('',(14.131343000739,2.891261629611,0.200834862023
    ));
#823 = CARTESIAN_POINT('',(14.030884492096,2.884510854304,0.196022812434
    ));
#824 = CARTESIAN_POINT('',(14.130049095102,2.884510854304,0.21022392437)
  );
#825 = CARTESIAN_POINT('',(14.030308290971,2.88113546665,0.199927581089)
  );
#826 = CARTESIAN_POINT('',(14.129355742657,2.88113546665,0.214911977395)
  );
#827 = CARTESIAN_POINT('',(14.029078896915,2.874384691343,0.207725239037
    ));
#828 = CARTESIAN_POINT('',(14.127876439555,2.874384691343,0.224273895252
    ));
#829 = CARTESIAN_POINT('',(14.027695818586,2.867633916035,0.215497109697
    ));
#830 = CARTESIAN_POINT('',(14.126212399736,2.867633916035,0.233604976346
    ));
#831 = CARTESIAN_POINT('',(14.026965953146,2.864258528382,0.219376094413
    ));
#832 = CARTESIAN_POINT('',(14.125334310576,2.864258528382,0.238262192608
    ));
#833 = CARTESIAN_POINT('',(14.025429759303,2.857507753074,0.227119155029
    ));
#834 = CARTESIAN_POINT('',(14.123486252418,2.857507753074,0.247558748072
    ));
#835 = CARTESIAN_POINT('',(14.023741018705,2.850756977767,0.234830382844
    ));
#836 = CARTESIAN_POINT('',(14.121455010587,2.850756977767,0.256817097348
    ));
#837 = CARTESIAN_POINT('',(14.022858626319,2.847381590113,0.238677538893
    ));
#838 = CARTESIAN_POINT('',(14.120393737751,2.847381590113,0.261436107422
    ));
#839 = CARTESIAN_POINT('',(14.021018026583,2.840630814806,0.246353935953
    ));
#840 = CARTESIAN_POINT('',(14.118180205571,2.840630814806,0.270652574856
    ));
#841 = CARTESIAN_POINT('',(14.019026255325,2.833880039498,0.253992504306
    ));
#842 = CARTESIAN_POINT('',(14.115785394724,2.833880039498,0.279823496104
    ));
#843 = CARTESIAN_POINT('',(14.017992711051,2.830504651845,0.25780183656)
  );
#844 = CARTESIAN_POINT('',(14.114542843222,2.830504651845,0.284396959992
    ));
#845 = CARTESIAN_POINT('',(14.015850573677,2.823753876537,0.265399607726
    ));
#846 = CARTESIAN_POINT('',(14.111967825083,2.823753876537,0.293518677112
    ));
#847 = CARTESIAN_POINT('',(14.013558875593,2.81700310123,0.272953613228)
  );
#848 = CARTESIAN_POINT('',(14.109213791451,2.81700310123,0.302587546472)
  );
#849 = CARTESIAN_POINT('',(14.012377826236,2.813627713576,0.276719919764
    ));
#850 = CARTESIAN_POINT('',(14.107792224456,2.813627713576,0.307108162597
    ));
#851 = CARTESIAN_POINT('',(14.009949706618,2.806876938269,0.284231630813
    ));
#852 = CARTESIAN_POINT('',(14.104860427859,2.806876938269,0.316120548465
    ));
#853 = CARTESIAN_POINT('',(14.007398304647,2.800126162961,0.291702518622
    ));
#854 = CARTESIAN_POINT('',(14.101752243312,2.800126162961,0.325072832415
    ));
#855 = CARTESIAN_POINT('',(14.006089839361,2.796750775307,0.295426753063
    ));
#856 = CARTESIAN_POINT('',(14.100154288367,2.796750775307,0.329533346624
    ));
#857 = CARTESIAN_POINT('',(14.004746666062,2.793375387654,0.299138774385
    ));
#858 = CARTESIAN_POINT('',(14.098512720509,2.793375387654,0.33397763313)
  );
#859 = CARTESIAN_POINT('',(14.003366841037,2.79,0.302837578934));
#860 = CARTESIAN_POINT('',(14.096827805192,2.79,0.338405094721));
#861 = ADVANCED_FACE('',(#862,#903,#914),#925,.F.);
#862 = FACE_BOUND('',#863,.F.);
#863 = EDGE_LOOP('',(#864,#872,#873,#881,#889,#897));
#864 = ORIENTED_EDGE('',*,*,#865,.T.);
#865 = EDGE_CURVE('',#866,#383,#868,.T.);
#866 = VERTEX_POINT('',#867);
#867 = CARTESIAN_POINT('',(12.4,4.5,-0.375));
#868 = LINE('',#869,#870);
#869 = CARTESIAN_POINT('',(12.4,4.5,-0.375));
#870 = VECTOR('',#871,1.);
#871 = DIRECTION('',(0.789545423657,-0.613692124752,0.));
#872 = ORIENTED_EDGE('',*,*,#382,.F.);
#873 = ORIENTED_EDGE('',*,*,#874,.T.);
#874 = EDGE_CURVE('',#326,#875,#877,.T.);
#875 = VERTEX_POINT('',#876);
#876 = CARTESIAN_POINT('',(12.4,-4.5,-0.375));
#877 = LINE('',#878,#879);
#878 = CARTESIAN_POINT('',(14.6,-2.79,-0.375));
#879 = VECTOR('',#880,1.);
#880 = DIRECTION('',(-0.789545423657,-0.613692124752,0.));
#881 = ORIENTED_EDGE('',*,*,#882,.T.);
#882 = EDGE_CURVE('',#875,#883,#885,.T.);
#883 = VERTEX_POINT('',#884);
#884 = CARTESIAN_POINT('',(6.3,-4.5,-0.375));
#885 = LINE('',#886,#887);
#886 = CARTESIAN_POINT('',(12.4,-4.5,-0.375));
#887 = VECTOR('',#888,1.);
#888 = DIRECTION('',(-1.,0.,0.));
#889 = ORIENTED_EDGE('',*,*,#890,.T.);
#890 = EDGE_CURVE('',#883,#891,#893,.T.);
#891 = VERTEX_POINT('',#892);
#892 = CARTESIAN_POINT('',(6.3,4.5,-0.375));
#893 = LINE('',#894,#895);
#894 = CARTESIAN_POINT('',(6.3,-4.5,-0.375));
#895 = VECTOR('',#896,1.);
#896 = DIRECTION('',(0.,1.,0.));
#897 = ORIENTED_EDGE('',*,*,#898,.T.);
#898 = EDGE_CURVE('',#891,#866,#899,.T.);
#899 = LINE('',#900,#901);
#900 = CARTESIAN_POINT('',(6.3,4.5,-0.375));
#901 = VECTOR('',#902,1.);
#902 = DIRECTION('',(1.,0.,0.));
#903 = FACE_BOUND('',#904,.F.);
#904 = EDGE_LOOP('',(#905));
#905 = ORIENTED_EDGE('',*,*,#906,.F.);
#906 = EDGE_CURVE('',#907,#907,#909,.T.);
#907 = VERTEX_POINT('',#908);
#908 = CARTESIAN_POINT('',(12.4,-3.5,-0.375));
#909 = CIRCLE('',#910,0.4);
#910 = AXIS2_PLACEMENT_3D('',#911,#912,#913);
#911 = CARTESIAN_POINT('',(12.4,-3.1,-0.375));
#912 = DIRECTION('',(-0.,0.,-1.));
#913 = DIRECTION('',(-0.,-1.,0.));
#914 = FACE_BOUND('',#915,.F.);
#915 = EDGE_LOOP('',(#916));
#916 = ORIENTED_EDGE('',*,*,#917,.F.);
#917 = EDGE_CURVE('',#918,#918,#920,.T.);
#918 = VERTEX_POINT('',#919);
#919 = CARTESIAN_POINT('',(12.4,2.7,-0.375));
#920 = CIRCLE('',#921,0.4);
#921 = AXIS2_PLACEMENT_3D('',#922,#923,#924);
#922 = CARTESIAN_POINT('',(12.4,3.1,-0.375));
#923 = DIRECTION('',(-0.,0.,-1.));
#924 = DIRECTION('',(-0.,-1.,0.));
#925 = PLANE('',#926);
#926 = AXIS2_PLACEMENT_3D('',#927,#928,#929);
#927 = CARTESIAN_POINT('',(11.253381121295,9.1E-16,-0.375));
#928 = DIRECTION('',(0.,0.,-1.));
#929 = DIRECTION('',(-1.,0.,0.));
#930 = ADVANCED_FACE('',(#931),#957,.T.);
#931 = FACE_BOUND('',#932,.T.);
#932 = EDGE_LOOP('',(#933,#934,#941,#952));
#933 = ORIENTED_EDGE('',*,*,#325,.T.);
#934 = ORIENTED_EDGE('',*,*,#935,.T.);
#935 = EDGE_CURVE('',#326,#936,#938,.T.);
#936 = VERTEX_POINT('',#937);
#937 = CARTESIAN_POINT('',(13.536062020263,-3.616969975159,-0.475));
#938 = B_SPLINE_CURVE_WITH_KNOTS('',1,(#939,#940),.UNSPECIFIED.,.F.,.F.,
  (2,2),(0.,1.),.PIECEWISE_BEZIER_KNOTS.);
#939 = CARTESIAN_POINT('',(13.536062020263,-3.616969975159,-0.375));
#940 = CARTESIAN_POINT('',(13.536062020263,-3.616969975159,-0.475));
#941 = ORIENTED_EDGE('',*,*,#942,.F.);
#942 = EDGE_CURVE('',#943,#936,#945,.T.);
#943 = VERTEX_POINT('',#944);
#944 = CARTESIAN_POINT('',(14.096827805192,-2.79,0.338405094721));
#945 = B_SPLINE_CURVE_WITH_KNOTS('',5,(#946,#947,#948,#949,#950,#951),
  .UNSPECIFIED.,.F.,.F.,(6,6),(0.,1.347532324118),
  .PIECEWISE_BEZIER_KNOTS.);
#946 = CARTESIAN_POINT('',(14.096827805192,-2.79,0.338405094721));
#947 = CARTESIAN_POINT('',(14.179388655728,-2.955393995032,
    0.121459476738));
#948 = CARTESIAN_POINT('',(14.157872258392,-3.120787990064,
    -0.135882760188));
#949 = CARTESIAN_POINT('',(14.001048017859,-3.286181985096,
    -0.363360326854));
#950 = CARTESIAN_POINT('',(13.76818633007,-3.451575980127,-0.475));
#951 = CARTESIAN_POINT('',(13.536062020263,-3.616969975159,-0.475));
#952 = ORIENTED_EDGE('',*,*,#953,.F.);
#953 = EDGE_CURVE('',#317,#943,#954,.T.);
#954 = B_SPLINE_CURVE_WITH_KNOTS('',1,(#955,#956),.UNSPECIFIED.,.F.,.F.,
  (2,2),(0.,1.),.PIECEWISE_BEZIER_KNOTS.);
#955 = CARTESIAN_POINT('',(14.003366841037,-2.79,0.302837578934));
#956 = CARTESIAN_POINT('',(14.096827805192,-2.79,0.338405094721));
#957 = B_SPLINE_SURFACE_WITH_KNOTS('',5,1,(
    (#958,#959)
    ,(#960,#961)
    ,(#962,#963)
    ,(#964,#965)
    ,(#966,#967)
    ,(#968,#969)
    ,(#970,#971)
    ,(#972,#973)
    ,(#974,#975)
    ,(#976,#977)
    ,(#978,#979)
    ,(#980,#981)
    ,(#982,#983)
    ,(#984,#985)
    ,(#986,#987)
    ,(#988,#989)
    ,(#990,#991)
    ,(#992,#993)
    ,(#994,#995)
    ,(#996,#997)
    ,(#998,#999)
    ,(#1000,#1001)
    ,(#1002,#1003)
    ,(#1004,#1005)
    ,(#1006,#1007)
    ,(#1008,#1009)
    ,(#1010,#1011)
    ,(#1012,#1013)
    ,(#1014,#1015)
    ,(#1016,#1017)
    ,(#1018,#1019)
    ,(#1020,#1021)
    ,(#1022,#1023)
    ,(#1024,#1025)
    ,(#1026,#1027)
    ,(#1028,#1029)
    ,(#1030,#1031)
    ,(#1032,#1033)
    ,(#1034,#1035)
    ,(#1036,#1037)
    ,(#1038,#1039)
    ,(#1040,#1041)
    ,(#1042,#1043)
    ,(#1044,#1045)
    ,(#1046,#1047)
    ,(#1048,#1049)
    ,(#1050,#1051)
    ,(#1052,#1053)
    ,(#1054,#1055)
    ,(#1056,#1057)
    ,(#1058,#1059)
    ,(#1060,#1061)
    ,(#1062,#1063)
    ,(#1064,#1065)
    ,(#1066,#1067)
    ,(#1068,#1069)
    ,(#1070,#1071)
    ,(#1072,#1073)
    ,(#1074,#1075)
    ,(#1076,#1077)
    ,(#1078,#1079)
    ,(#1080,#1081)
    ,(#1082,#1083)
    ,(#1084,#1085)
    ,(#1086,#1087)
    ,(#1088,#1089)
    ,(#1090,#1091)
    ,(#1092,#1093)
    ,(#1094,#1095)
    ,(#1096,#1097)
    ,(#1098,#1099)
    ,(#1100,#1101)
    ,(#1102,#1103)
    ,(#1104,#1105)
    ,(#1106,#1107)
    ,(#1108,#1109)
    ,(#1110,#1111)
    ,(#1112,#1113)
    ,(#1114,#1115)
    ,(#1116,#1117)
    ,(#1118,#1119)
    ,(#1120,#1121)
    ,(#1122,#1123)
    ,(#1124,#1125)
    ,(#1126,#1127)
    ,(#1128,#1129)
    ,(#1130,#1131)
    ,(#1132,#1133)
    ,(#1134,#1135)
    ,(#1136,#1137)
    ,(#1138,#1139)
    ,(#1140,#1141)
    ,(#1142,#1143)
    ,(#1144,#1145)
    ,(#1146,#1147)
    ,(#1148,#1149)
    ,(#1150,#1151)
    ,(#1152,#1153)
    ,(#1154,#1155)
    ,(#1156,#1157)
    ,(#1158,#1159)
    ,(#1160,#1161)
    ,(#1162,#1163)
    ,(#1164,#1165)
    ,(#1166,#1167)
    ,(#1168,#1169)
    ,(#1170,#1171)
    ,(#1172,#1173)
    ,(#1174,#1175)
    ,(#1176,#1177)
    ,(#1178,#1179)
    ,(#1180,#1181)
    ,(#1182,#1183)
    ,(#1184,#1185)
    ,(#1186,#1187)
    ,(#1188,#1189)
    ,(#1190,#1191)
    ,(#1192,#1193)
    ,(#1194,#1195)
    ,(#1196,#1197)
    ,(#1198,#1199)
    ,(#1200,#1201)
    ,(#1202,#1203)
    ,(#1204,#1205)
    ,(#1206,#1207)
    ,(#1208,#1209)
    ,(#1210,#1211)
    ,(#1212,#1213)
    ,(#1214,#1215)
    ,(#1216,#1217)
    ,(#1218,#1219)
    ,(#1220,#1221)
    ,(#1222,#1223)
    ,(#1224,#1225)
    ,(#1226,#1227)
    ,(#1228,#1229)
    ,(#1230,#1231)
    ,(#1232,#1233)
    ,(#1234,#1235)
    ,(#1236,#1237)
    ,(#1238,#1239)
    ,(#1240,#1241)
    ,(#1242,#1243)
    ,(#1244,#1245)
    ,(#1246,#1247)
    ,(#1248,#1249)
    ,(#1250,#1251)
    ,(#1252,#1253)
    ,(#1254,#1255)
    ,(#1256,#1257
    )),.UNSPECIFIED.,.F.,.F.,.F.,(6,3,3,3,3,3,3,3,3,3,3,3,3,3,3,3,3,3,3,
    3,3,3,3,3,3,3,3,3,3,3,3,3,3,3,3,3,3,3,3,3,3,3,3,3,3,3,3,3,3,6),(2,2)
  ,(0.,2.750065967587E-02,5.500131935175E-02,8.250197902762E-02,
    0.110002638703,0.137503298379,0.165003958055,0.192504617731,
    0.220005277407,0.247505937083,0.275006596759,0.302507256435,
    0.33000791611,0.357508575786,0.385009235462,0.412509895138,
    0.440010554814,0.46751121449,0.495011874166,0.522512533842,
    0.550013193517,0.577513853193,0.605014512869,0.632515172545,
    0.660015832221,0.687516491897,0.715017151573,0.742517811249,
    0.770018470924,0.7975191306,0.825019790276,0.852520449952,
    0.880021109628,0.907521769304,0.93502242898,0.962523088656,
    0.990023748331,1.017524408007,1.045025067683,1.072525727359,
    1.100026387035,1.127527046711,1.155027706387,1.182528366063,
    1.210029025738,1.237529685414,1.26503034509,1.292531004766,
    1.320031664442,1.347532324118),(0.,1.),.UNSPECIFIED.);
#958 = CARTESIAN_POINT('',(14.003366841037,-2.79,0.302837578934));
#959 = CARTESIAN_POINT('',(14.096827805192,-2.79,0.338405094721));
#960 = CARTESIAN_POINT('',(14.004746666062,-2.793375387654,
    0.299138774385));
#961 = CARTESIAN_POINT('',(14.098512720509,-2.793375387654,0.33397763313
    ));
#962 = CARTESIAN_POINT('',(14.006089839361,-2.796750775307,
    0.295426753063));
#963 = CARTESIAN_POINT('',(14.100154288367,-2.796750775307,
    0.329533346624));
#964 = CARTESIAN_POINT('',(14.007398304647,-2.800126162961,
    0.291702518622));
#965 = CARTESIAN_POINT('',(14.101752243312,-2.800126162961,
    0.325072832415));
#966 = CARTESIAN_POINT('',(14.009949706618,-2.806876938269,
    0.284231630813));
#967 = CARTESIAN_POINT('',(14.104860427859,-2.806876938269,
    0.316120548465));
#968 = CARTESIAN_POINT('',(14.012377826236,-2.813627713576,
    0.276719919764));
#969 = CARTESIAN_POINT('',(14.107792224456,-2.813627713576,
    0.307108162597));
#970 = CARTESIAN_POINT('',(14.013558875593,-2.81700310123,0.272953613228
    ));
#971 = CARTESIAN_POINT('',(14.109213791451,-2.81700310123,0.302587546472
    ));
#972 = CARTESIAN_POINT('',(14.015850573677,-2.823753876537,
    0.265399607726));
#973 = CARTESIAN_POINT('',(14.111967825083,-2.823753876537,
    0.293518677112));
#974 = CARTESIAN_POINT('',(14.017992711051,-2.830504651845,0.25780183656
    ));
#975 = CARTESIAN_POINT('',(14.114542843222,-2.830504651845,
    0.284396959992));
#976 = CARTESIAN_POINT('',(14.019026255325,-2.833880039498,
    0.253992504306));
#977 = CARTESIAN_POINT('',(14.115785394724,-2.833880039498,
    0.279823496105));
#978 = CARTESIAN_POINT('',(14.021018026583,-2.840630814806,
    0.246353935953));
#979 = CARTESIAN_POINT('',(14.118180205571,-2.840630814806,
    0.270652574856));
#980 = CARTESIAN_POINT('',(14.022858626319,-2.847381590113,
    0.238677538893));
#981 = CARTESIAN_POINT('',(14.120393737751,-2.847381590113,
    0.261436107422));
#982 = CARTESIAN_POINT('',(14.023741018705,-2.850756977767,
    0.234830382844));
#983 = CARTESIAN_POINT('',(14.121455010586,-2.850756977767,
    0.256817097348));
#984 = CARTESIAN_POINT('',(14.025429759303,-2.857507753074,
    0.227119155029));
#985 = CARTESIAN_POINT('',(14.123486252418,-2.857507753074,
    0.247558748072));
#986 = CARTESIAN_POINT('',(14.026965953146,-2.864258528382,
    0.219376094413));
#987 = CARTESIAN_POINT('',(14.125334310576,-2.864258528382,
    0.238262192608));
#988 = CARTESIAN_POINT('',(14.027695818586,-2.867633916035,
    0.215497109697));
#989 = CARTESIAN_POINT('',(14.126212399736,-2.867633916035,
    0.233604976346));
#990 = CARTESIAN_POINT('',(14.029078896915,-2.874384691343,
    0.207725239037));
#991 = CARTESIAN_POINT('',(14.127876439555,-2.874384691343,
    0.224273895252));
#992 = CARTESIAN_POINT('',(14.030308290971,-2.88113546665,0.199927581089
    ));
#993 = CARTESIAN_POINT('',(14.129355742657,-2.88113546665,0.214911977395
    ));
#994 = CARTESIAN_POINT('',(14.030884492096,-2.884510854304,
    0.196022812434));
#995 = CARTESIAN_POINT('',(14.130049095102,-2.884510854304,0.21022392437
    ));
#996 = CARTESIAN_POINT('',(14.031959752867,-2.891261629611,
    0.188202410047));
#997 = CARTESIAN_POINT('',(14.131343000739,-2.891261629611,
    0.200834862023));
#998 = CARTESIAN_POINT('',(14.032880431338,-2.898012404919,
    0.180362306069));
#999 = CARTESIAN_POINT('',(14.132450962382,-2.898012404919,0.19142235277
    ));
#1000 = CARTESIAN_POINT('',(14.033302070238,-2.901387792572,
    0.176437838383));
#1001 = CARTESIAN_POINT('',(14.132958370833,-2.901387792572,
    0.186710852839));
#1002 = CARTESIAN_POINT('',(14.034067837842,-2.90813856788,
    0.168581091015));
#1003 = CARTESIAN_POINT('',(14.133879898547,-2.90813856788,
    0.177278596168));
#1004 = CARTESIAN_POINT('',(14.034678366011,-2.914889343187,
    0.160710758456));
#1005 = CARTESIAN_POINT('',(14.134614614549,-2.914889343187,
    0.167830293883));
#1006 = CARTESIAN_POINT('',(14.034944785635,-2.918264730841,
    0.156772707344));
#1007 = CARTESIAN_POINT('',(14.134935211288,-2.918264730841,
    0.163102748337));
#1008 = CARTESIAN_POINT('',(14.035399866756,-2.925015506148,
    0.148891858379));
#1009 = CARTESIAN_POINT('',(14.135482793357,-2.925015506148,
    0.153642102643));
#1010 = CARTESIAN_POINT('',(14.035699293219,-2.931766281456,
    0.141003561794));
#1011 = CARTESIAN_POINT('',(14.135843029357,-2.931766281456,
    0.144172815065));
#1012 = CARTESIAN_POINT('',(14.035810078397,-2.93514166911,
    0.137058064027));
#1013 = CARTESIAN_POINT('',(14.135976280028,-2.93514166911,
    0.139436627633));
#1014 = CARTESIAN_POINT('',(14.03595376387,-2.941892444417,
    0.129165394408));
#1015 = CARTESIAN_POINT('',(14.136149012349,-2.941892444417,
    0.129962398597));
#1016 = CARTESIAN_POINT('',(14.035941622022,-2.948643219724,
    0.121271426344));
#1017 = CARTESIAN_POINT('',(14.136134191401,-2.948643219724,
    0.120486924847));
#1018 = CARTESIAN_POINT('',(14.035896600116,-2.952018607378,0.1173246303
    ));
#1019 = CARTESIAN_POINT('',(14.136079888802,-2.952018607378,
    0.115749492701));
#1020 = CARTESIAN_POINT('',(14.035728666032,-2.958769382686,
    0.10943243939));
#1021 = CARTESIAN_POINT('',(14.135877518486,-2.958769382686,
    0.106276468389));
#1022 = CARTESIAN_POINT('',(14.035404974795,-2.965520157993,
    0.101545101232));
#1023 = CARTESIAN_POINT('',(14.135487708655,-2.965520157993,
    9.680958098057E-02));
#1024 = CARTESIAN_POINT('',(14.035204215962,-2.968895545647,
    9.760315731151E-02));
#1025 = CARTESIAN_POINT('',(14.135245966541,-2.968895545647,
    9.207828573936E-02));
#1026 = CARTESIAN_POINT('',(14.034724924017,-2.975646320954,
    8.972374372562E-02));
#1027 = CARTESIAN_POINT('',(14.134668879507,-2.975646320954,
    8.262121861073E-02));
#1028 = CARTESIAN_POINT('',(14.034090187808,-2.982397096262,
    8.18553265296E-02));
#1029 = CARTESIAN_POINT('',(14.133904781467,-2.982397096262,
    7.317764545447E-02));
#1030 = CARTESIAN_POINT('',(14.033734004897,-2.985772483915,
    7.792437757077E-02));
#1031 = CARTESIAN_POINT('',(14.133476028346,-2.985772483915,
    6.845984418562E-02));
#1032 = CARTESIAN_POINT('',(14.032944101985,-2.992523259223,
    7.007002001493E-02));
#1033 = CARTESIAN_POINT('',(14.13252523692,-2.992523259223,
    5.903343310336E-02));
#1034 = CARTESIAN_POINT('',(14.03199930993,-2.99927403453,
    6.223278534963E-02));
#1035 = CARTESIAN_POINT('',(14.131388171545,-2.99927403453,
    4.962783951531E-02));
#1036 = CARTESIAN_POINT('',(14.031488257991,-3.002649422184,
    5.831895705775E-02));
#1037 = CARTESIAN_POINT('',(14.130773144477,-3.002649422184,
    4.493085574067E-02));
#1038 = CARTESIAN_POINT('',(14.030388975038,-3.009400197491,
    5.050189519178E-02));
#1039 = CARTESIAN_POINT('',(14.129450274984,-3.009400197491,
    3.554972797663E-02));
#1040 = CARTESIAN_POINT('',(14.029135599433,-3.016150972799,
    4.270805603396E-02));
#1041 = CARTESIAN_POINT('',(14.127942170952,-3.016150972799,
    2.619669868623E-02));
#1042 = CARTESIAN_POINT('',(14.028470474851,-3.019526360452,
    3.881744743451E-02));
#1043 = CARTESIAN_POINT('',(14.127141909344,-3.019526360452,
    2.152781338523E-02));
#1044 = CARTESIAN_POINT('',(14.027063524901,-3.02627713576,
    3.104986279935E-02));
#1045 = CARTESIAN_POINT('',(14.125449189709,-3.02627713576,
    1.220650662834E-02));
#1046 = CARTESIAN_POINT('',(14.025503518915,-3.033027911067,
    2.331156450137E-02));
#1047 = CARTESIAN_POINT('',(14.123572571089,-3.033027911067,
    2.920527785923E-03));
#1048 = CARTESIAN_POINT('',(14.024685358173,-3.036403298721,
    1.945023843595E-02));
#1049 = CARTESIAN_POINT('',(14.122588410497,-3.036403298721,
    -1.7130296006E-03));
#1050 = CARTESIAN_POINT('',(14.022972933714,-3.043154074028,
    1.174423547081E-02));
#1051 = CARTESIAN_POINT('',(14.120528657836,-3.043154074028,
    -1.096008523671E-02));
#1052 = CARTESIAN_POINT('',(14.021108728347,-3.049904849336,
    4.073536834174E-03));
#1053 = CARTESIAN_POINT('',(14.118286631692,-3.049904849336,
    -2.01646440523E-02));
#1054 = CARTESIAN_POINT('',(14.020138806407,-3.05328023699,
    2.475105126215E-04));
#1055 = CARTESIAN_POINT('',(14.117120197617,-3.05328023699,
    -2.475570461831E-02));
#1056 = CARTESIAN_POINT('',(14.018123575957,-3.060031012297,
    -7.384902307686E-03));
#1057 = CARTESIAN_POINT('',(14.114696805837,-3.060031012297,
    -3.391420458768E-02));
#1058 = CARTESIAN_POINT('',(14.015958076251,-3.066781787604,
    -1.497604782385E-02));
#1059 = CARTESIAN_POINT('',(14.112093049817,-3.066781787604,
    -4.302310836147E-02));
#1060 = CARTESIAN_POINT('',(14.014837904568,-3.070157175258,
    -1.876081220026E-02));
#1061 = CARTESIAN_POINT('',(14.110746251502,-3.070157175258,
    -4.756457273191E-02));
#1062 = CARTESIAN_POINT('',(14.012523008516,-3.076907950565,
    -2.630774107846E-02));
#1063 = CARTESIAN_POINT('',(14.107963178894,-3.076907950565,
    -5.662035604864E-02));
#1064 = CARTESIAN_POINT('',(14.010059589028,-3.083658725873,
    -3.380750398484E-02));
#1065 = CARTESIAN_POINT('',(14.105001928832,-3.083658725873,
    -6.561952232192E-02));
#1066 = CARTESIAN_POINT('',(14.008790913197,-3.087034113527,
    -3.754510851445E-02));
#1067 = CARTESIAN_POINT('',(14.103476953061,-3.087034113527,
    -7.01043696489E-02));
#1068 = CARTESIAN_POINT('',(14.006179958908,-3.093784888834,
    -4.49947928652E-02));
#1069 = CARTESIAN_POINT('',(14.100338709899,-3.093784888834,
    -7.904343687955E-02));
#1070 = CARTESIAN_POINT('',(14.003422458452,-3.100535664141,
    -5.239148607651E-02));
#1071 = CARTESIAN_POINT('',(14.097024747405,-3.100535664141,
    -8.791895374221E-02));
#1072 = CARTESIAN_POINT('',(14.002007255486,-3.103911051795,
    -5.607610634812E-02));
#1073 = CARTESIAN_POINT('',(14.095324052302,-3.103911051795,
    -9.234025070121E-02));
#1074 = CARTESIAN_POINT('',(13.999104311681,-3.110661827103,
    -6.341693712492E-02));
#1075 = CARTESIAN_POINT('',(14.091835688435,-3.110661827103,
    -0.101148781957));
#1076 = CARTESIAN_POINT('',(13.996057027346,-3.11741260241,
    -7.069903417216E-02));
#1077 = CARTESIAN_POINT('',(14.088174328497,-3.11741260241,
    -0.10988692604));
#1078 = CARTESIAN_POINT('',(13.994497502592,-3.120787990064,
    -7.432492834141E-02));
#1079 = CARTESIAN_POINT('',(14.086300637324,-3.120787990064,
    -0.114237835826));
#1080 = CARTESIAN_POINT('',(13.991307093009,-3.127538765371,
    -8.154546612723E-02));
#1081 = CARTESIAN_POINT('',(14.082467729774,-3.127538765371,
    -0.122902208756));
#1082 = CARTESIAN_POINT('',(13.98797477346,-3.134289540679,
    -8.870161911975E-02));
#1083 = CARTESIAN_POINT('',(14.078464808349,-3.134289540679,
    -0.131489463224));
#1084 = CARTESIAN_POINT('',(13.98627335717,-3.137664928332,
    -9.226313685677E-02));
#1085 = CARTESIAN_POINT('',(14.076421103301,-3.137664928332,
    -0.135763254547));
#1086 = CARTESIAN_POINT('',(13.982800453511,-3.14441570364,
    -9.935212969043E-02));
#1087 = CARTESIAN_POINT('',(14.072249743861,-3.14441570364,
    -0.144270062329));
#1088 = CARTESIAN_POINT('',(13.979188291593,-3.151166478947,-0.106371187
    ));
#1089 = CARTESIAN_POINT('',(14.067911605475,-3.151166478947,
    -0.152693134871));
#1090 = CARTESIAN_POINT('',(13.97734763513,-3.154541866601,
    -0.109862778294));
#1091 = CARTESIAN_POINT('',(14.065701121481,-3.154541866601,
    -0.156883190956));
#1092 = CARTESIAN_POINT('',(13.973597649315,-3.161292641908,
    -0.116809179205));
#1093 = CARTESIAN_POINT('',(14.061197904306,-3.161292641908,
    -0.16521926029));
#1094 = CARTESIAN_POINT('',(13.969711273959,-3.168043417216,
    -0.123680202842));
#1095 = CARTESIAN_POINT('',(14.056531389646,-3.168043417216,
    -0.173465101115));
#1096 = CARTESIAN_POINT('',(13.967734245668,-3.171418804869,
    -0.127096426652));
#1097 = CARTESIAN_POINT('',(14.054157608166,-3.171418804869,
    -0.177564928691));
#1098 = CARTESIAN_POINT('',(13.963713021402,-3.178169580177,
    -0.133889410873));
#1099 = CARTESIAN_POINT('',(14.049329617376,-3.178169580177,
    -0.185717337791));
#1100 = CARTESIAN_POINT('',(13.959558488853,-3.184920355484,
    -0.140601693534));
#1101 = CARTESIAN_POINT('',(14.044342050888,-3.184920355484,
    -0.193773157618));
#1102 = CARTESIAN_POINT('',(13.957448169591,-3.188295743138,
    -0.143937226265));
#1103 = CARTESIAN_POINT('',(14.04180869371,-3.188295743138,
    -0.19777639592));
#1104 = CARTESIAN_POINT('',(13.953161973258,-3.195046518445,
    -0.150566208103));
#1105 = CARTESIAN_POINT('',(14.036663490979,-3.195046518445,
    -0.205732492508));
#1106 = CARTESIAN_POINT('',(13.948745757638,-3.201797293753,
    -0.157109289856));
#1107 = CARTESIAN_POINT('',(14.031362668465,-3.201797293753,
    -0.213585780559));
#1108 = CARTESIAN_POINT('',(13.946505435973,-3.205172681407,
    -0.160358933655));
#1109 = CARTESIAN_POINT('',(14.028673691506,-3.205172681407,
    -0.217486210323));
#1110 = CARTESIAN_POINT('',(13.94196094687,-3.211923456714,
    -0.166813582988));
#1111 = CARTESIAN_POINT('',(14.023219303661,-3.211923456714,
    -0.225233629619));
#1112 = CARTESIAN_POINT('',(13.937289930087,-3.218674232021,
    -0.173177267569));
#1113 = CARTESIAN_POINT('',(14.017613479874,-3.218674232021,
    -0.23287217161));
#1114 = CARTESIAN_POINT('',(13.934923097174,-3.222049619675,
    -0.176335958428));
#1115 = CARTESIAN_POINT('',(14.014773066973,-3.222049619675,
    -0.236663724069));
#1116 = CARTESIAN_POINT('',(13.930127397102,-3.228800394983,
    -0.1826062168));
#1117 = CARTESIAN_POINT('',(14.00901797359,-3.228800394983,
    -0.244190406785));
#1118 = CARTESIAN_POINT('',(13.92520885813,-3.23555117029,
    -0.188780587505));
#1119 = CARTESIAN_POINT('',(14.00311584983,-3.23555117029,-0.25160230292
    ));
#1120 = CARTESIAN_POINT('',(13.922719202269,-3.238926557944,
    -0.19184340315));
#1121 = CARTESIAN_POINT('',(14.000128406552,-3.238926557944,
    -0.255279068799));
#1122 = CARTESIAN_POINT('',(13.917679764498,-3.245677333251,
    -0.197919499445));
#1123 = CARTESIAN_POINT('',(13.994081527552,-3.245677333251,
    -0.26257327913));
#1124 = CARTESIAN_POINT('',(13.91252136803,-3.252428108559,
    -0.203894934584));
#1125 = CARTESIAN_POINT('',(13.98789223926,-3.252428108559,
    -0.269746962095));
#1126 = CARTESIAN_POINT('',(13.90991276892,-3.255803496212,
    -0.206857102147));
#1127 = CARTESIAN_POINT('',(13.984762386688,-3.255803496212,
    -0.273303200608));
#1128 = CARTESIAN_POINT('',(13.904637446545,-3.26255427152,
    -0.212729567818));
#1129 = CARTESIAN_POINT('',(13.978433069934,-3.26255427152,
    -0.280353544226));
#1130 = CARTESIAN_POINT('',(13.899247231051,-3.269305046827,
    -0.218496755708));
#1131 = CARTESIAN_POINT('',(13.97196617429,-3.269305046827,
    -0.287277797179));
#1132 = CARTESIAN_POINT('',(13.896523753743,-3.272680434481,
    -0.22135365916));
#1133 = CARTESIAN_POINT('',(13.968698742828,-3.272680434481,
    -0.290707945025));
#1134 = CARTESIAN_POINT('',(13.891020767441,-3.279431209788,
    -0.227013342984));
#1135 = CARTESIAN_POINT('',(13.962096751718,-3.279431209788,
    -0.297503387071));
#1136 = CARTESIAN_POINT('',(13.885407132642,-3.286181985096,
    -0.232563296458));
#1137 = CARTESIAN_POINT('',(13.955362215238,-3.286181985096,
    -0.304167361632));
#1138 = CARTESIAN_POINT('',(13.882573021205,-3.289557372749,
    -0.23531048381));
#1139 = CARTESIAN_POINT('',(13.951962238406,-3.289557372749,
    -0.307466041993));
#1140 = CARTESIAN_POINT('',(13.876850946431,-3.296308148057,
    -0.240748566147));
#1141 = CARTESIAN_POINT('',(13.945097739471,-3.296308148057,
    -0.313995925068));
#1142 = CARTESIAN_POINT('',(13.871022640206,-3.303058923364,
    -0.246072636561));
#1143 = CARTESIAN_POINT('',(13.9381059256,-3.303058923364,
    -0.320389159317));
#1144 = CARTESIAN_POINT('',(13.868082311113,-3.306434311018,
    -0.248705826795));
#1145 = CARTESIAN_POINT('',(13.934578633833,-3.306434311018,
    -0.323551190851));
#1146 = CARTESIAN_POINT('',(13.862150064732,-3.313185086325,
    -0.253913833333));
#1147 = CARTESIAN_POINT('',(13.927462184333,-3.313185086325,
    -0.329805253011));
#1148 = CARTESIAN_POINT('',(13.85611616949,-3.319935861633,
    -0.259003724043));
#1149 = CARTESIAN_POINT('',(13.920223841045,-3.319935861633,
    -0.335917689476));
#1150 = CARTESIAN_POINT('',(13.853074204737,-3.323311249286,
    -0.261518813788));
#1151 = CARTESIAN_POINT('',(13.91657465549,-3.323311249286,
    -0.338938095316));
#1152 = CARTESIAN_POINT('',(13.846941031131,-3.330062024594,
    -0.266488628748));
#1153 = CARTESIAN_POINT('',(13.909217191009,-3.330062024594,
    -0.34490648806));
#1154 = CARTESIAN_POINT('',(13.840710949656,-3.336812799901,
    -0.271336408038));
#1155 = CARTESIAN_POINT('',(13.901743438398,-3.336812799901,
    -0.350728491713));
#1156 = CARTESIAN_POINT('',(13.837572089619,-3.340188187555,
    -0.27372947796));
#1157 = CARTESIAN_POINT('',(13.897977964714,-3.340188187555,
    -0.353602508461));
#1158 = CARTESIAN_POINT('',(13.831247546279,-3.346938962862,
    -0.278453356744));
#1159 = CARTESIAN_POINT('',(13.890390786757,-3.346938962862,
    -0.359275814729));
#1160 = CARTESIAN_POINT('',(13.824830987077,-3.35368973817,
    -0.283051470187));
#1161 = CARTESIAN_POINT('',(13.882693104637,-3.35368973817,
    -0.364798190974));
#1162 = CARTESIAN_POINT('',(13.821600123127,-3.357065125824,
    -0.2853187911));
#1163 = CARTESIAN_POINT('',(13.878817126791,-3.357065125824,
    -0.367521277699));
#1164 = CARTESIAN_POINT('',(13.815094065763,-3.363815901131,
    -0.289789372358));
#1165 = CARTESIAN_POINT('',(13.871011890379,-3.363815901131,
    -0.372890529859));
#1166 = CARTESIAN_POINT('',(13.808501027933,-3.370566676438,
    -0.294130654589));
#1167 = CARTESIAN_POINT('',(13.863102105878,-3.370566676438,
    -0.378104542528));
#1168 = CARTESIAN_POINT('',(13.805183194814,-3.373942064092,
    -0.296268693265));
#1169 = CARTESIAN_POINT('',(13.859121579944,-3.373942064092,
    -0.380672389762));
#1170 = CARTESIAN_POINT('',(13.798505761991,-3.3806928394,
    -0.300479010369));
#1171 = CARTESIAN_POINT('',(13.85111028121,-3.3806928394,-0.385729087607
    ));
#1172 = CARTESIAN_POINT('',(13.791746519645,-3.387443614707,
    -0.304556696249));
#1173 = CARTESIAN_POINT('',(13.843000556367,-3.387443614707,
    -0.390626476951));
#1174 = CARTESIAN_POINT('',(13.788346887627,-3.390819002361,
    -0.306562120923));
#1175 = CARTESIAN_POINT('',(13.838921604323,-3.390819002361,
    -0.393035015682));
#1176 = CARTESIAN_POINT('',(13.781508484972,-3.397569777668,
    -0.310505612822));
#1177 = CARTESIAN_POINT('',(13.83071656811,-3.397569777668,
    -0.397771144421));
#1178 = CARTESIAN_POINT('',(13.774593571221,-3.404320552976,
    -0.314313347981));
#1179 = CARTESIAN_POINT('',(13.822419387469,-3.404320552976,
    -0.402344145102));
#1180 = CARTESIAN_POINT('',(13.771117438043,-3.407695940629,
    -0.316183033546));
#1181 = CARTESIAN_POINT('',(13.818248290997,-3.407695940629,
    -0.404589555775));
#1182 = CARTESIAN_POINT('',(13.764128722025,-3.414446715937,
    -0.319853554987));
#1183 = CARTESIAN_POINT('',(13.809862158451,-3.414446715937,
    -0.408997604021));
#1184 = CARTESIAN_POINT('',(13.757068912569,-3.421197491244,
    -0.323385405728));
#1185 = CARTESIAN_POINT('',(13.801390316659,-3.421197491244,
    -0.413238963105));
#1186 = CARTESIAN_POINT('',(13.753521695184,-3.424572878898,
    -0.325116438602));
#1187 = CARTESIAN_POINT('',(13.797133510941,-3.424572878898,
    -0.415317684617));
#1188 = CARTESIAN_POINT('',(13.746393556511,-3.431323654205,
    -0.328508269712));
#1189 = CARTESIAN_POINT('',(13.788579227109,-3.431323654205,
    -0.419390662386));
#1190 = CARTESIAN_POINT('',(13.739199852842,-3.438074429513,
    -0.331758732256));
#1191 = CARTESIAN_POINT('',(13.779945816512,-3.438074429513,
    -0.423293657336));
#1192 = CARTESIAN_POINT('',(13.735587078976,-3.441449817166,
    -0.333348414923));
#1193 = CARTESIAN_POINT('',(13.775609884027,-3.441449817166,
    -0.425202396028));
#1194 = CARTESIAN_POINT('',(13.72833062562,-3.448200592474,
    -0.336456270118));
#1195 = CARTESIAN_POINT('',(13.766900685453,-3.448200592474,
    -0.428933852728));
#1196 = CARTESIAN_POINT('',(13.721014237884,-3.454951367781,
    -0.33942027918));
#1197 = CARTESIAN_POINT('',(13.75811908369,-3.454951367781,
    -0.432492309394));
#1198 = CARTESIAN_POINT('',(13.717341537422,-3.458326755435,
    -0.340866134394));
#1199 = CARTESIAN_POINT('',(13.753710748016,-3.458326755435,
    -0.434228048053));
#1200 = CARTESIAN_POINT('',(13.709968077313,-3.465077530742,
    -0.34368517062));
#1201 = CARTESIAN_POINT('',(13.744860150334,-3.465077530742,
    -0.437612090476));
#1202 = CARTESIAN_POINT('',(13.702540406836,-3.47182830605,
    -0.346358107304));
#1203 = CARTESIAN_POINT('',(13.735944007935,-3.47182830605,
    -0.440820401091));
#1204 = CARTESIAN_POINT('',(13.698813503047,-3.475203693703,
    -0.347657881949));
#1205 = CARTESIAN_POINT('',(13.731470127544,-3.475203693703,
    -0.442380407942));
#1206 = CARTESIAN_POINT('',(13.691334526448,-3.481954469011,
    -0.350183706223));
#1207 = CARTESIAN_POINT('',(13.722491913078,-3.481954469011,
    -0.445411718258));
#1208 = CARTESIAN_POINT('',(13.683807147973,-3.488705244318,
    -0.352561405219));
#1209 = CARTESIAN_POINT('',(13.713455141059,-3.488705244318,
    -0.448264859427));
#1210 = CARTESIAN_POINT('',(13.680031848592,-3.492080631972,
    -0.353713073822));
#1211 = CARTESIAN_POINT('',(13.708922703115,-3.492080631972,
    -0.449646697132));
#1212 = CARTESIAN_POINT('',(13.672459010198,-3.498831407279,
    -0.355941750084));
#1213 = CARTESIAN_POINT('',(13.699830908472,-3.498831407279,
    -0.452320550879));
#1214 = CARTESIAN_POINT('',(13.664843653843,-3.505582182587,
    -0.358020506158));
#1215 = CARTESIAN_POINT('',(13.690687665932,-3.505582182587,
    -0.454814101574));
#1216 = CARTESIAN_POINT('',(13.661025842024,-3.508957570241,
    -0.359022274041));
#1217 = CARTESIAN_POINT('',(13.686103780089,-3.508957570241,
    -0.456015636225));
#1218 = CARTESIAN_POINT('',(13.653370942795,-3.515708345548,
    -0.360950329284));
#1219 = CARTESIAN_POINT('',(13.676912683758,-3.515708345548,
    -0.458327920306));
#1220 = CARTESIAN_POINT('',(13.645679475778,-3.522459120855,
    -0.362726903055));
#1221 = CARTESIAN_POINT('',(13.667677365471,-3.522459120855,
    -0.460458079855));
#1222 = CARTESIAN_POINT('',(13.64182510092,-3.525834508509,
    -0.363577209136));
#1223 = CARTESIAN_POINT('',(13.663049257674,-3.525834508509,
    -0.461477489974));
#1224 = CARTESIAN_POINT('',(13.634100069694,-3.532585283817,
    -0.365201638819));
#1225 = CARTESIAN_POINT('',(13.653773367617,-3.532585283817,
    -0.463424720644));
#1226 = CARTESIAN_POINT('',(13.626344477839,-3.539336059124,
    -0.366673261802));
#1227 = CARTESIAN_POINT('',(13.644460591635,-3.539336059124,
    -0.465188326727));
#1228 = CARTESIAN_POINT('',(13.622459546319,-3.542711446778,
    -0.367370781026));
#1229 = CARTESIAN_POINT('',(13.639795597913,-3.542711446778,
    -0.46602411226));
#1230 = CARTESIAN_POINT('',(13.614676421225,-3.549462222085,
    -0.368689053756));
#1231 = CARTESIAN_POINT('',(13.630449639166,-3.549462222085,
    -0.46760345312));
#1232 = CARTESIAN_POINT('',(13.606868790282,-3.556212997393,
    -0.369853432681));
#1233 = CARTESIAN_POINT('',(13.621074234409,-3.556212997393,
    -0.46899799976));
#1234 = CARTESIAN_POINT('',(13.602959356095,-3.559588385046,
    -0.370397078085));
#1235 = CARTESIAN_POINT('',(13.616379794677,-3.559588385046,
    -0.469648991073));
#1236 = CARTESIAN_POINT('',(13.595130265788,-3.566339160354,
    -0.371407139562));
#1237 = CARTESIAN_POINT('',(13.606978696944,-3.566339160354,
    -0.470858271066));
#1238 = CARTESIAN_POINT('',(13.587282762601,-3.573089935661,
    -0.372262459946));
#1239 = CARTESIAN_POINT('',(13.597555690797,-3.573089935661,
    -0.471881926621));
#1240 = CARTESIAN_POINT('',(13.583354917927,-3.576465323315,
    -0.372651384352));
#1241 = CARTESIAN_POINT('',(13.592839342651,-3.576465323315,
    -0.472347293497));
#1242 = CARTESIAN_POINT('',(13.575492062692,-3.583216098622,
    -0.373351660568));
#1243 = CARTESIAN_POINT('',(13.583398227899,-3.583216098622,
    -0.473185024894));
#1244 = CARTESIAN_POINT('',(13.56761691624,-3.58996687393,
    -0.373896589542));
#1245 = CARTESIAN_POINT('',(13.573942833812,-3.58996687393,
    -0.47383665005));
#1246 = CARTESIAN_POINT('',(13.563676819921,-3.593342261583,
    -0.374132351098));
#1247 = CARTESIAN_POINT('',(13.569212206329,-3.593342261583,
    -0.474115910685));
#1248 = CARTESIAN_POINT('',(13.555792680522,-3.600093036891,
    -0.374534736106));
#1249 = CARTESIAN_POINT('',(13.559746376387,-3.600093036891,
    -0.474581307084));
#1250 = CARTESIAN_POINT('',(13.547902846446,-3.606843812198,
    -0.374807380425));
#1251 = CARTESIAN_POINT('',(13.550273981463,-3.606843812198,
    -0.474860472846));
#1252 = CARTESIAN_POINT('',(13.543956752433,-3.610219199852,
    -0.374909093826));
#1253 = CARTESIAN_POINT('',(13.545536789,-3.610219199852,-0.474953502843
    ));
#1254 = CARTESIAN_POINT('',(13.54000972814,-3.613594587506,
    -0.37497402488));
#1255 = CARTESIAN_POINT('',(13.540799251075,-3.613594587506,-0.475));
#1256 = CARTESIAN_POINT('',(13.536062020263,-3.616969975159,-0.375));
#1257 = CARTESIAN_POINT('',(13.536062020263,-3.616969975159,-0.475));
#1258 = ADVANCED_FACE('',(#1259),#1277,.T.);
#1259 = FACE_BOUND('',#1260,.T.);
#1260 = EDGE_LOOP('',(#1261,#1262,#1263,#1272));
#1261 = ORIENTED_EDGE('',*,*,#314,.T.);
#1262 = ORIENTED_EDGE('',*,*,#953,.T.);
#1263 = ORIENTED_EDGE('',*,*,#1264,.F.);
#1264 = EDGE_CURVE('',#1265,#943,#1267,.T.);
#1265 = VERTEX_POINT('',#1266);
#1266 = CARTESIAN_POINT('',(13.536062020263,-2.79,0.725));
#1267 = CIRCLE('',#1268,0.6);
#1268 = AXIS2_PLACEMENT_3D('',#1269,#1270,#1271);
#1269 = CARTESIAN_POINT('',(13.536062020263,-2.79,0.125));
#1270 = DIRECTION('',(0.,1.,0.));
#1271 = DIRECTION('',(0.,-0.,1.));
#1272 = ORIENTED_EDGE('',*,*,#1273,.F.);
#1273 = EDGE_CURVE('',#315,#1265,#1274,.T.);
#1274 = B_SPLINE_CURVE_WITH_KNOTS('',1,(#1275,#1276),.UNSPECIFIED.,.F.,
  .F.,(2,2),(0.,1.),.PIECEWISE_BEZIER_KNOTS.);
#1275 = CARTESIAN_POINT('',(13.536062020263,-2.79,0.625));
#1276 = CARTESIAN_POINT('',(13.536062020263,-2.79,0.725));
#1277 = B_SPLINE_SURFACE_WITH_KNOTS('',7,1,(
    (#1278,#1279)
    ,(#1280,#1281)
    ,(#1282,#1283)
    ,(#1284,#1285)
    ,(#1286,#1287)
    ,(#1288,#1289)
    ,(#1290,#1291)
    ,(#1292,#1293
    )),.UNSPECIFIED.,.F.,.F.,.F.,(8,8),(2,2),(0.,1.207159963159),(0.,1.)
  ,.PIECEWISE_BEZIER_KNOTS.);
#1278 = CARTESIAN_POINT('',(13.536062020263,-2.79,0.625));
#1279 = CARTESIAN_POINT('',(13.536062020263,-2.79,0.725));
#1280 = CARTESIAN_POINT('',(13.622287731917,-2.79,0.625));
#1281 = CARTESIAN_POINT('',(13.639532874248,-2.79,0.725));
#1282 = CARTESIAN_POINT('',(13.708513390498,-2.79,0.607651876052));
#1283 = CARTESIAN_POINT('',(13.743003664545,-2.79,0.704182251263));
#1284 = CARTESIAN_POINT('',(13.79055100974,-2.79,0.572956274439));
#1285 = CARTESIAN_POINT('',(13.841448807635,-2.79,0.662547529327));
#1286 = CARTESIAN_POINT('',(13.864210861838,-2.79,0.522174781863));
#1287 = CARTESIAN_POINT('',(13.929840630153,-2.79,0.601609738235));
#1288 = CARTESIAN_POINT('',(13.9258164488,-2.79,0.45784199553));
#1289 = CARTESIAN_POINT('',(14.003767334507,-2.79,0.524410394637));
#1290 = CARTESIAN_POINT('',(13.972698497432,-2.79,0.383424960396));
#1291 = CARTESIAN_POINT('',(14.060025792866,-2.79,0.435109952475));
#1292 = CARTESIAN_POINT('',(14.003366841037,-2.79,0.302837578934));
#1293 = CARTESIAN_POINT('',(14.096827805192,-2.79,0.338405094721));
#1294 = ADVANCED_FACE('',(#1295),#1313,.F.);
#1295 = FACE_BOUND('',#1296,.F.);
#1296 = EDGE_LOOP('',(#1297,#1298,#1299,#1307));
#1297 = ORIENTED_EDGE('',*,*,#470,.F.);
#1298 = ORIENTED_EDGE('',*,*,#502,.T.);
#1299 = ORIENTED_EDGE('',*,*,#1300,.T.);
#1300 = EDGE_CURVE('',#503,#1301,#1303,.T.);
#1301 = VERTEX_POINT('',#1302);
#1302 = CARTESIAN_POINT('',(12.,2.79,0.725));
#1303 = LINE('',#1304,#1305);
#1304 = CARTESIAN_POINT('',(14.2,2.79,0.725));
#1305 = VECTOR('',#1306,1.);
#1306 = DIRECTION('',(-1.,0.,0.));
#1307 = ORIENTED_EDGE('',*,*,#1308,.F.);
#1308 = EDGE_CURVE('',#471,#1301,#1309,.T.);
#1309 = LINE('',#1310,#1311);
#1310 = CARTESIAN_POINT('',(12.,2.79,0.625));
#1311 = VECTOR('',#1312,1.);
#1312 = DIRECTION('',(0.,0.,1.));
#1313 = PLANE('',#1314);
#1314 = AXIS2_PLACEMENT_3D('',#1315,#1316,#1317);
#1315 = CARTESIAN_POINT('',(14.2,2.79,0.625));
#1316 = DIRECTION('',(2.2E-16,-1.,0.));
#1317 = DIRECTION('',(-1.,-2.2E-16,0.));
#1318 = ADVANCED_FACE('',(#1319),#1337,.F.);
#1319 = FACE_BOUND('',#1320,.F.);
#1320 = EDGE_LOOP('',(#1321,#1322,#1330,#1336));
#1321 = ORIENTED_EDGE('',*,*,#486,.F.);
#1322 = ORIENTED_EDGE('',*,*,#1323,.T.);
#1323 = EDGE_CURVE('',#479,#1324,#1326,.T.);
#1324 = VERTEX_POINT('',#1325);
#1325 = CARTESIAN_POINT('',(12.,-2.79,0.725));
#1326 = LINE('',#1327,#1328);
#1327 = CARTESIAN_POINT('',(12.,-2.79,0.625));
#1328 = VECTOR('',#1329,1.);
#1329 = DIRECTION('',(0.,0.,1.));
#1330 = ORIENTED_EDGE('',*,*,#1331,.T.);
#1331 = EDGE_CURVE('',#1324,#1265,#1332,.T.);
#1332 = LINE('',#1333,#1334);
#1333 = CARTESIAN_POINT('',(12.,-2.79,0.725));
#1334 = VECTOR('',#1335,1.);
#1335 = DIRECTION('',(1.,0.,0.));
#1336 = ORIENTED_EDGE('',*,*,#1273,.F.);
#1337 = PLANE('',#1338);
#1338 = AXIS2_PLACEMENT_3D('',#1339,#1340,#1341);
#1339 = CARTESIAN_POINT('',(12.,-2.79,0.625));
#1340 = DIRECTION('',(-2.2E-16,1.,0.));
#1341 = DIRECTION('',(1.,2.2E-16,0.));
#1342 = ADVANCED_FACE('',(#1343),#1354,.F.);
#1343 = FACE_BOUND('',#1344,.F.);
#1344 = EDGE_LOOP('',(#1345,#1346,#1352,#1353));
#1345 = ORIENTED_EDGE('',*,*,#1308,.T.);
#1346 = ORIENTED_EDGE('',*,*,#1347,.T.);
#1347 = EDGE_CURVE('',#1301,#1324,#1348,.T.);
#1348 = LINE('',#1349,#1350);
#1349 = CARTESIAN_POINT('',(12.,2.79,0.725));
#1350 = VECTOR('',#1351,1.);
#1351 = DIRECTION('',(0.,-1.,0.));
#1352 = ORIENTED_EDGE('',*,*,#1323,.F.);
#1353 = ORIENTED_EDGE('',*,*,#478,.F.);
#1354 = PLANE('',#1355);
#1355 = AXIS2_PLACEMENT_3D('',#1356,#1357,#1358);
#1356 = CARTESIAN_POINT('',(12.,2.79,0.625));
#1357 = DIRECTION('',(1.,2.2E-16,0.));
#1358 = DIRECTION('',(2.2E-16,-1.,0.));
#1359 = ADVANCED_FACE('',(#1360),#1378,.T.);
#1360 = FACE_BOUND('',#1361,.T.);
#1361 = EDGE_LOOP('',(#1362,#1363,#1364,#1370,#1371,#1372));
#1362 = ORIENTED_EDGE('',*,*,#1264,.T.);
#1363 = ORIENTED_EDGE('',*,*,#942,.T.);
#1364 = ORIENTED_EDGE('',*,*,#1365,.T.);
#1365 = EDGE_CURVE('',#936,#546,#1366,.T.);
#1366 = LINE('',#1367,#1368);
#1367 = CARTESIAN_POINT('',(13.536062020263,-3.616969975159,-0.475));
#1368 = VECTOR('',#1369,1.);
#1369 = DIRECTION('',(0.,1.,0.));
#1370 = ORIENTED_EDGE('',*,*,#545,.T.);
#1371 = ORIENTED_EDGE('',*,*,#509,.T.);
#1372 = ORIENTED_EDGE('',*,*,#1373,.T.);
#1373 = EDGE_CURVE('',#503,#1265,#1374,.T.);
#1374 = LINE('',#1375,#1376);
#1375 = CARTESIAN_POINT('',(13.536062020263,-2.79,0.725));
#1376 = VECTOR('',#1377,1.);
#1377 = DIRECTION('',(-0.,-1.,-0.));
#1378 = CYLINDRICAL_SURFACE('',#1379,0.6);
#1379 = AXIS2_PLACEMENT_3D('',#1380,#1381,#1382);
#1380 = CARTESIAN_POINT('',(13.536062020263,-2.79,0.125));
#1381 = DIRECTION('',(0.,1.,0.));
#1382 = DIRECTION('',(0.,-0.,1.));
#1383 = ADVANCED_FACE('',(#1384),#1402,.F.);
#1384 = FACE_BOUND('',#1385,.F.);
#1385 = EDGE_LOOP('',(#1386,#1387,#1395,#1401));
#1386 = ORIENTED_EDGE('',*,*,#865,.F.);
#1387 = ORIENTED_EDGE('',*,*,#1388,.T.);
#1388 = EDGE_CURVE('',#866,#1389,#1391,.T.);
#1389 = VERTEX_POINT('',#1390);
#1390 = CARTESIAN_POINT('',(12.4,4.5,-0.475));
#1391 = LINE('',#1392,#1393);
#1392 = CARTESIAN_POINT('',(12.4,4.5,-0.375));
#1393 = VECTOR('',#1394,1.);
#1394 = DIRECTION('',(0.,0.,-1.));
#1395 = ORIENTED_EDGE('',*,*,#1396,.T.);
#1396 = EDGE_CURVE('',#1389,#546,#1397,.T.);
#1397 = LINE('',#1398,#1399);
#1398 = CARTESIAN_POINT('',(12.4,4.5,-0.475));
#1399 = VECTOR('',#1400,1.);
#1400 = DIRECTION('',(0.789545423657,-0.613692124752,0.));
#1401 = ORIENTED_EDGE('',*,*,#556,.F.);
#1402 = PLANE('',#1403);
#1403 = AXIS2_PLACEMENT_3D('',#1404,#1405,#1406);
#1404 = CARTESIAN_POINT('',(12.4,4.5,-0.375));
#1405 = DIRECTION('',(-0.613692124752,-0.789545423657,0.));
#1406 = DIRECTION('',(0.789545423657,-0.613692124752,-0.));
#1407 = ADVANCED_FACE('',(#1408),#1426,.F.);
#1408 = FACE_BOUND('',#1409,.F.);
#1409 = EDGE_LOOP('',(#1410,#1418,#1424,#1425));
#1410 = ORIENTED_EDGE('',*,*,#1411,.T.);
#1411 = EDGE_CURVE('',#891,#1412,#1414,.T.);
#1412 = VERTEX_POINT('',#1413);
#1413 = CARTESIAN_POINT('',(6.3,4.5,-0.475));
#1414 = LINE('',#1415,#1416);
#1415 = CARTESIAN_POINT('',(6.3,4.5,-0.375));
#1416 = VECTOR('',#1417,1.);
#1417 = DIRECTION('',(0.,0.,-1.));
#1418 = ORIENTED_EDGE('',*,*,#1419,.T.);
#1419 = EDGE_CURVE('',#1412,#1389,#1420,.T.);
#1420 = LINE('',#1421,#1422);
#1421 = CARTESIAN_POINT('',(6.3,4.5,-0.475));
#1422 = VECTOR('',#1423,1.);
#1423 = DIRECTION('',(1.,0.,0.));
#1424 = ORIENTED_EDGE('',*,*,#1388,.F.);
#1425 = ORIENTED_EDGE('',*,*,#898,.F.);
#1426 = PLANE('',#1427);
#1427 = AXIS2_PLACEMENT_3D('',#1428,#1429,#1430);
#1428 = CARTESIAN_POINT('',(6.3,4.5,-0.375));
#1429 = DIRECTION('',(-2.2E-16,-1.,0.));
#1430 = DIRECTION('',(1.,-2.2E-16,-0.));
#1431 = ADVANCED_FACE('',(#1432),#1450,.F.);
#1432 = FACE_BOUND('',#1433,.F.);
#1433 = EDGE_LOOP('',(#1434,#1442,#1448,#1449));
#1434 = ORIENTED_EDGE('',*,*,#1435,.T.);
#1435 = EDGE_CURVE('',#883,#1436,#1438,.T.);
#1436 = VERTEX_POINT('',#1437);
#1437 = CARTESIAN_POINT('',(6.3,-4.5,-0.475));
#1438 = LINE('',#1439,#1440);
#1439 = CARTESIAN_POINT('',(6.3,-4.5,-0.375));
#1440 = VECTOR('',#1441,1.);
#1441 = DIRECTION('',(0.,0.,-1.));
#1442 = ORIENTED_EDGE('',*,*,#1443,.T.);
#1443 = EDGE_CURVE('',#1436,#1412,#1444,.T.);
#1444 = LINE('',#1445,#1446);
#1445 = CARTESIAN_POINT('',(6.3,-4.5,-0.475));
#1446 = VECTOR('',#1447,1.);
#1447 = DIRECTION('',(0.,1.,0.));
#1448 = ORIENTED_EDGE('',*,*,#1411,.F.);
#1449 = ORIENTED_EDGE('',*,*,#890,.F.);
#1450 = PLANE('',#1451);
#1451 = AXIS2_PLACEMENT_3D('',#1452,#1453,#1454);
#1452 = CARTESIAN_POINT('',(6.3,-4.5,-0.375));
#1453 = DIRECTION('',(1.,-2.2E-16,-0.));
#1454 = DIRECTION('',(2.2E-16,1.,0.));
#1455 = ADVANCED_FACE('',(#1456),#1474,.F.);
#1456 = FACE_BOUND('',#1457,.F.);
#1457 = EDGE_LOOP('',(#1458,#1466,#1472,#1473));
#1458 = ORIENTED_EDGE('',*,*,#1459,.T.);
#1459 = EDGE_CURVE('',#875,#1460,#1462,.T.);
#1460 = VERTEX_POINT('',#1461);
#1461 = CARTESIAN_POINT('',(12.4,-4.5,-0.475));
#1462 = LINE('',#1463,#1464);
#1463 = CARTESIAN_POINT('',(12.4,-4.5,-0.375));
#1464 = VECTOR('',#1465,1.);
#1465 = DIRECTION('',(0.,0.,-1.));
#1466 = ORIENTED_EDGE('',*,*,#1467,.T.);
#1467 = EDGE_CURVE('',#1460,#1436,#1468,.T.);
#1468 = LINE('',#1469,#1470);
#1469 = CARTESIAN_POINT('',(12.4,-4.5,-0.475));
#1470 = VECTOR('',#1471,1.);
#1471 = DIRECTION('',(-1.,0.,0.));
#1472 = ORIENTED_EDGE('',*,*,#1435,.F.);
#1473 = ORIENTED_EDGE('',*,*,#882,.F.);
#1474 = PLANE('',#1475);
#1475 = AXIS2_PLACEMENT_3D('',#1476,#1477,#1478);
#1476 = CARTESIAN_POINT('',(12.4,-4.5,-0.375));
#1477 = DIRECTION('',(2.2E-16,1.,0.));
#1478 = DIRECTION('',(-1.,2.2E-16,0.));
#1479 = ADVANCED_FACE('',(#1480),#1491,.F.);
#1480 = FACE_BOUND('',#1481,.F.);
#1481 = EDGE_LOOP('',(#1482,#1483,#1484,#1490));
#1482 = ORIENTED_EDGE('',*,*,#874,.F.);
#1483 = ORIENTED_EDGE('',*,*,#935,.T.);
#1484 = ORIENTED_EDGE('',*,*,#1485,.T.);
#1485 = EDGE_CURVE('',#936,#1460,#1486,.T.);
#1486 = LINE('',#1487,#1488);
#1487 = CARTESIAN_POINT('',(14.6,-2.79,-0.475));
#1488 = VECTOR('',#1489,1.);
#1489 = DIRECTION('',(-0.789545423657,-0.613692124752,0.));
#1490 = ORIENTED_EDGE('',*,*,#1459,.F.);
#1491 = PLANE('',#1492);
#1492 = AXIS2_PLACEMENT_3D('',#1493,#1494,#1495);
#1493 = CARTESIAN_POINT('',(14.6,-2.79,-0.375));
#1494 = DIRECTION('',(-0.613692124752,0.789545423657,0.));
#1495 = DIRECTION('',(-0.789545423657,-0.613692124752,0.));
#1496 = ADVANCED_FACE('',(#1497),#1516,.F.);
#1497 = FACE_BOUND('',#1498,.F.);
#1498 = EDGE_LOOP('',(#1499,#1500,#1508,#1515));
#1499 = ORIENTED_EDGE('',*,*,#906,.T.);
#1500 = ORIENTED_EDGE('',*,*,#1501,.T.);
#1501 = EDGE_CURVE('',#907,#1502,#1504,.T.);
#1502 = VERTEX_POINT('',#1503);
#1503 = CARTESIAN_POINT('',(12.4,-3.5,-0.475));
#1504 = LINE('',#1505,#1506);
#1505 = CARTESIAN_POINT('',(12.4,-3.5,-0.375));
#1506 = VECTOR('',#1507,1.);
#1507 = DIRECTION('',(0.,0.,-1.));
#1508 = ORIENTED_EDGE('',*,*,#1509,.F.);
#1509 = EDGE_CURVE('',#1502,#1502,#1510,.T.);
#1510 = CIRCLE('',#1511,0.4);
#1511 = AXIS2_PLACEMENT_3D('',#1512,#1513,#1514);
#1512 = CARTESIAN_POINT('',(12.4,-3.1,-0.475));
#1513 = DIRECTION('',(-0.,0.,-1.));
#1514 = DIRECTION('',(-0.,-1.,0.));
#1515 = ORIENTED_EDGE('',*,*,#1501,.F.);
#1516 = CYLINDRICAL_SURFACE('',#1517,0.4);
#1517 = AXIS2_PLACEMENT_3D('',#1518,#1519,#1520);
#1518 = CARTESIAN_POINT('',(12.4,-3.1,-0.375));
#1519 = DIRECTION('',(0.,0.,1.));
#1520 = DIRECTION('',(-2.2E-16,-1.,0.));
#1521 = ADVANCED_FACE('',(#1522),#1541,.F.);
#1522 = FACE_BOUND('',#1523,.F.);
#1523 = EDGE_LOOP('',(#1524,#1525,#1533,#1540));
#1524 = ORIENTED_EDGE('',*,*,#917,.T.);
#1525 = ORIENTED_EDGE('',*,*,#1526,.T.);
#1526 = EDGE_CURVE('',#918,#1527,#1529,.T.);
#1527 = VERTEX_POINT('',#1528);
#1528 = CARTESIAN_POINT('',(12.4,2.7,-0.475));
#1529 = LINE('',#1530,#1531);
#1530 = CARTESIAN_POINT('',(12.4,2.7,-0.375));
#1531 = VECTOR('',#1532,1.);
#1532 = DIRECTION('',(0.,0.,-1.));
#1533 = ORIENTED_EDGE('',*,*,#1534,.F.);
#1534 = EDGE_CURVE('',#1527,#1527,#1535,.T.);
#1535 = CIRCLE('',#1536,0.4);
#1536 = AXIS2_PLACEMENT_3D('',#1537,#1538,#1539);
#1537 = CARTESIAN_POINT('',(12.4,3.1,-0.475));
#1538 = DIRECTION('',(-0.,0.,-1.));
#1539 = DIRECTION('',(-0.,-1.,0.));
#1540 = ORIENTED_EDGE('',*,*,#1526,.F.);
#1541 = CYLINDRICAL_SURFACE('',#1542,0.4);
#1542 = AXIS2_PLACEMENT_3D('',#1543,#1544,#1545);
#1543 = CARTESIAN_POINT('',(12.4,3.1,-0.375));
#1544 = DIRECTION('',(0.,0.,1.));
#1545 = DIRECTION('',(-2.2E-16,-1.,0.));
#1546 = ADVANCED_FACE('',(#1547),#1553,.T.);
#1547 = FACE_BOUND('',#1548,.T.);
#1548 = EDGE_LOOP('',(#1549,#1550,#1551,#1552));
#1549 = ORIENTED_EDGE('',*,*,#1300,.T.);
#1550 = ORIENTED_EDGE('',*,*,#1347,.T.);
#1551 = ORIENTED_EDGE('',*,*,#1331,.T.);
#1552 = ORIENTED_EDGE('',*,*,#1373,.F.);
#1553 = PLANE('',#1554);
#1554 = AXIS2_PLACEMENT_3D('',#1555,#1556,#1557);
#1555 = CARTESIAN_POINT('',(17.546618878705,9.1E-16,0.725));
#1556 = DIRECTION('',(0.,0.,1.));
#1557 = DIRECTION('',(1.,0.,-0.));
#1558 = ADVANCED_FACE('',(#1559,#1567,#1570),#1573,.T.);
#1559 = FACE_BOUND('',#1560,.T.);
#1560 = EDGE_LOOP('',(#1561,#1562,#1563,#1564,#1565,#1566));
#1561 = ORIENTED_EDGE('',*,*,#1396,.T.);
#1562 = ORIENTED_EDGE('',*,*,#1365,.F.);
#1563 = ORIENTED_EDGE('',*,*,#1485,.T.);
#1564 = ORIENTED_EDGE('',*,*,#1467,.T.);
#1565 = ORIENTED_EDGE('',*,*,#1443,.T.);
#1566 = ORIENTED_EDGE('',*,*,#1419,.T.);
#1567 = FACE_BOUND('',#1568,.T.);
#1568 = EDGE_LOOP('',(#1569));
#1569 = ORIENTED_EDGE('',*,*,#1509,.F.);
#1570 = FACE_BOUND('',#1571,.T.);
#1571 = EDGE_LOOP('',(#1572));
#1572 = ORIENTED_EDGE('',*,*,#1534,.F.);
#1573 = PLANE('',#1574);
#1574 = AXIS2_PLACEMENT_3D('',#1575,#1576,#1577);
#1575 = CARTESIAN_POINT('',(11.253381121295,9.1E-16,-0.475));
#1576 = DIRECTION('',(0.,0.,-1.));
#1577 = DIRECTION('',(-1.,0.,0.));
#1578 = ( GEOMETRIC_REPRESENTATION_CONTEXT(3) 
GLOBAL_UNCERTAINTY_ASSIGNED_CONTEXT((#1582)) 
GLOBAL_UNIT_ASSIGNED_CONTEXT((#1579,#1580,#1581)) REPRESENTATION_CONTEXT
('Context #1','3D Context with UNIT and UNCERTAINTY') );
#1579 = ( LENGTH_UNIT() NAMED_UNIT(*) SI_UNIT(.MILLI.,.METRE.) );
#1580 = ( NAMED_UNIT(*) PLANE_ANGLE_UNIT() SI_UNIT($,.RADIAN.) );
#1581 = ( NAMED_UNIT(*) SI_UNIT($,.STERADIAN.) SOLID_ANGLE_UNIT() );
#1582 = UNCERTAINTY_MEASURE_WITH_UNIT(LENGTH_MEASURE(2.E-05),#1579,
  'distance_accuracy_value','confusion accuracy');
#1583 = CONTEXT_DEPENDENT_SHAPE_REPRESENTATION(#1584,#1586);
#1584 = ( REPRESENTATION_RELATIONSHIP('','',#307,#111) 
REPRESENTATION_RELATIONSHIP_WITH_TRANSFORMATION(#1585) 
SHAPE_REPRESENTATION_RELATIONSHIP() );
#1585 = ITEM_DEFINED_TRANSFORMATION('','',#11,#116);
#1586 = PRODUCT_DEFINITION_SHAPE('Placement','Placement of an item',
  #1587);
#1587 = NEXT_ASSEMBLY_USAGE_OCCURRENCE('2','Cable','',#106,#302,$);
#1588 = PRODUCT_RELATED_PRODUCT_CATEGORY('part',$,(#304));
#1589 = SHAPE_DEFINITION_REPRESENTATION(#1590,#1596);
#1590 = PRODUCT_DEFINITION_SHAPE('','',#1591);
#1591 = PRODUCT_DEFINITION('design','',#1592,#1595);
#1592 = PRODUCT_DEFINITION_FORMATION('','',#1593);
#1593 = PRODUCT('C_0603_1608Metric','C_0603_1608Metric','',(#1594));
#1594 = PRODUCT_CONTEXT('',#2,'mechanical');
#1595 = PRODUCT_DEFINITION_CONTEXT('part definition',#2,'design');
#1596 = SHAPE_REPRESENTATION('',(#11,#1597),#1601);
#1597 = AXIS2_PLACEMENT_3D('',#1598,#1599,#1600);
#1598 = CARTESIAN_POINT('',(0.,0.,0.));
#1599 = DIRECTION('',(0.,0.,1.));
#1600 = DIRECTION('',(1.,0.,-0.));
#1601 = ( GEOMETRIC_REPRESENTATION_CONTEXT(3) 
GLOBAL_UNCERTAINTY_ASSIGNED_CONTEXT((#1605)) 
GLOBAL_UNIT_ASSIGNED_CONTEXT((#1602,#1603,#1604)) REPRESENTATION_CONTEXT
('Context #1','3D Context with UNIT and UNCERTAINTY') );
#1602 = ( LENGTH_UNIT() NAMED_UNIT(*) SI_UNIT(.MILLI.,.METRE.) );
#1603 = ( NAMED_UNIT(*) PLANE_ANGLE_UNIT() SI_UNIT($,.RADIAN.) );
#1604 = ( NAMED_UNIT(*) SI_UNIT($,.STERADIAN.) SOLID_ANGLE_UNIT() );
#1605 = UNCERTAINTY_MEASURE_WITH_UNIT(LENGTH_MEASURE(1.E-07),#1602,
  'distance_accuracy_value','confusion accuracy');
#1606 = CONTEXT_DEPENDENT_SHAPE_REPRESENTATION(#1607,#1609);
#1607 = ( REPRESENTATION_RELATIONSHIP('','',#1596,#10) 
REPRESENTATION_RELATIONSHIP_WITH_TRANSFORMATION(#1608) 
SHAPE_REPRESENTATION_RELATIONSHIP() );
#1608 = ITEM_DEFINED_TRANSFORMATION('','',#11,#19);
#1609 = PRODUCT_DEFINITION_SHAPE('Placement','Placement of an item',
  #1610);
#1610 = NEXT_ASSEMBLY_USAGE_OCCURRENCE('6','C20','',#5,#1591,$);
#1611 = PRODUCT_RELATED_PRODUCT_CATEGORY('part',$,(#1593));
#1612 = SHAPE_DEFINITION_REPRESENTATION(#1613,#1619);
#1613 = PRODUCT_DEFINITION_SHAPE('','',#1614);
#1614 = PRODUCT_DEFINITION('design','',#1615,#1618);
#1615 = PRODUCT_DEFINITION_FORMATION('','',#1616);
#1616 = PRODUCT('C_0603_1608Metric','C_0603_1608Metric','',(#1617));
#1617 = PRODUCT_CONTEXT('',#2,'mechanical');
#1618 = PRODUCT_DEFINITION_CONTEXT('part definition',#2,'design');
#1619 = ADVANCED_BREP_SHAPE_REPRESENTATION('',(#11,#1620),#2474);
#1620 = MANIFOLD_SOLID_BREP('',#1621);
#1621 = CLOSED_SHELL('',(#1622,#1698,#1729,#1754,#1779,#1803,#1827,#1852
    ,#1877,#1894,#1980,#2012,#2036,#2061,#2085,#2110,#2134,#2159,#2176,
    #2262,#2293,#2318,#2343,#2367,#2391,#2416,#2441,#2458));
#1622 = ADVANCED_FACE('',(#1623),#1693,.F.);
#1623 = FACE_BOUND('',#1624,.F.);
#1624 = EDGE_LOOP('',(#1625,#1635,#1644,#1652,#1661,#1669,#1678,#1686));
#1625 = ORIENTED_EDGE('',*,*,#1626,.F.);
#1626 = EDGE_CURVE('',#1627,#1629,#1631,.T.);
#1627 = VERTEX_POINT('',#1628);
#1628 = CARTESIAN_POINT('',(-0.8,-0.4,3.E-02));
#1629 = VERTEX_POINT('',#1630);
#1630 = CARTESIAN_POINT('',(-0.8,-0.4,0.77));
#1631 = LINE('',#1632,#1633);
#1632 = CARTESIAN_POINT('',(-0.8,-0.4,0.));
#1633 = VECTOR('',#1634,1.);
#1634 = DIRECTION('',(0.,0.,1.));
#1635 = ORIENTED_EDGE('',*,*,#1636,.T.);
#1636 = EDGE_CURVE('',#1627,#1637,#1639,.T.);
#1637 = VERTEX_POINT('',#1638);
#1638 = CARTESIAN_POINT('',(-0.8,-0.37,0.));
#1639 = CIRCLE('',#1640,3.E-02);
#1640 = AXIS2_PLACEMENT_3D('',#1641,#1642,#1643);
#1641 = CARTESIAN_POINT('',(-0.8,-0.37,3.E-02));
#1642 = DIRECTION('',(1.,0.,-0.));
#1643 = DIRECTION('',(0.,0.,1.));
#1644 = ORIENTED_EDGE('',*,*,#1645,.T.);
#1645 = EDGE_CURVE('',#1637,#1646,#1648,.T.);
#1646 = VERTEX_POINT('',#1647);
#1647 = CARTESIAN_POINT('',(-0.8,0.37,0.));
#1648 = LINE('',#1649,#1650);
#1649 = CARTESIAN_POINT('',(-0.8,-0.4,0.));
#1650 = VECTOR('',#1651,1.);
#1651 = DIRECTION('',(0.,1.,0.));
#1652 = ORIENTED_EDGE('',*,*,#1653,.F.);
#1653 = EDGE_CURVE('',#1654,#1646,#1656,.T.);
#1654 = VERTEX_POINT('',#1655);
#1655 = CARTESIAN_POINT('',(-0.8,0.4,3.E-02));
#1656 = CIRCLE('',#1657,3.E-02);
#1657 = AXIS2_PLACEMENT_3D('',#1658,#1659,#1660);
#1658 = CARTESIAN_POINT('',(-0.8,0.37,3.E-02));
#1659 = DIRECTION('',(-1.,0.,0.));
#1660 = DIRECTION('',(0.,0.,1.));
#1661 = ORIENTED_EDGE('',*,*,#1662,.T.);
#1662 = EDGE_CURVE('',#1654,#1663,#1665,.T.);
#1663 = VERTEX_POINT('',#1664);
#1664 = CARTESIAN_POINT('',(-0.8,0.4,0.77));
#1665 = LINE('',#1666,#1667);
#1666 = CARTESIAN_POINT('',(-0.8,0.4,0.));
#1667 = VECTOR('',#1668,1.);
#1668 = DIRECTION('',(0.,0.,1.));
#1669 = ORIENTED_EDGE('',*,*,#1670,.T.);
#1670 = EDGE_CURVE('',#1663,#1671,#1673,.T.);
#1671 = VERTEX_POINT('',#1672);
#1672 = CARTESIAN_POINT('',(-0.8,0.37,0.8));
#1673 = CIRCLE('',#1674,3.E-02);
#1674 = AXIS2_PLACEMENT_3D('',#1675,#1676,#1677);
#1675 = CARTESIAN_POINT('',(-0.8,0.37,0.77));
#1676 = DIRECTION('',(1.,0.,-0.));
#1677 = DIRECTION('',(0.,0.,1.));
#1678 = ORIENTED_EDGE('',*,*,#1679,.F.);
#1679 = EDGE_CURVE('',#1680,#1671,#1682,.T.);
#1680 = VERTEX_POINT('',#1681);
#1681 = CARTESIAN_POINT('',(-0.8,-0.37,0.8));
#1682 = LINE('',#1683,#1684);
#1683 = CARTESIAN_POINT('',(-0.8,-0.4,0.8));
#1684 = VECTOR('',#1685,1.);
#1685 = DIRECTION('',(0.,1.,0.));
#1686 = ORIENTED_EDGE('',*,*,#1687,.F.);
#1687 = EDGE_CURVE('',#1629,#1680,#1688,.T.);
#1688 = CIRCLE('',#1689,3.E-02);
#1689 = AXIS2_PLACEMENT_3D('',#1690,#1691,#1692);
#1690 = CARTESIAN_POINT('',(-0.8,-0.37,0.77));
#1691 = DIRECTION('',(-1.,0.,0.));
#1692 = DIRECTION('',(0.,0.,1.));
#1693 = PLANE('',#1694);
#1694 = AXIS2_PLACEMENT_3D('',#1695,#1696,#1697);
#1695 = CARTESIAN_POINT('',(-0.8,-0.4,0.));
#1696 = DIRECTION('',(1.,0.,0.));
#1697 = DIRECTION('',(0.,0.,1.));
#1698 = ADVANCED_FACE('',(#1699),#1724,.F.);
#1699 = FACE_BOUND('',#1700,.F.);
#1700 = EDGE_LOOP('',(#1701,#1711,#1717,#1718));
#1701 = ORIENTED_EDGE('',*,*,#1702,.F.);
#1702 = EDGE_CURVE('',#1703,#1705,#1707,.T.);
#1703 = VERTEX_POINT('',#1704);
#1704 = CARTESIAN_POINT('',(-0.5,-0.4,3.E-02));
#1705 = VERTEX_POINT('',#1706);
#1706 = CARTESIAN_POINT('',(-0.5,-0.4,0.77));
#1707 = LINE('',#1708,#1709);
#1708 = CARTESIAN_POINT('',(-0.5,-0.4,0.));
#1709 = VECTOR('',#1710,1.);
#1710 = DIRECTION('',(0.,0.,1.));
#1711 = ORIENTED_EDGE('',*,*,#1712,.F.);
#1712 = EDGE_CURVE('',#1627,#1703,#1713,.T.);
#1713 = LINE('',#1714,#1715);
#1714 = CARTESIAN_POINT('',(-0.8,-0.4,3.E-02));
#1715 = VECTOR('',#1716,1.);
#1716 = DIRECTION('',(1.,0.,0.));
#1717 = ORIENTED_EDGE('',*,*,#1626,.T.);
#1718 = ORIENTED_EDGE('',*,*,#1719,.T.);
#1719 = EDGE_CURVE('',#1629,#1705,#1720,.T.);
#1720 = LINE('',#1721,#1722);
#1721 = CARTESIAN_POINT('',(-0.8,-0.4,0.77));
#1722 = VECTOR('',#1723,1.);
#1723 = DIRECTION('',(1.,0.,0.));
#1724 = PLANE('',#1725);
#1725 = AXIS2_PLACEMENT_3D('',#1726,#1727,#1728);
#1726 = CARTESIAN_POINT('',(-0.8,-0.4,0.));
#1727 = DIRECTION('',(0.,1.,0.));
#1728 = DIRECTION('',(0.,-0.,1.));
#1729 = ADVANCED_FACE('',(#1730),#1749,.T.);
#1730 = FACE_BOUND('',#1731,.T.);
#1731 = EDGE_LOOP('',(#1732,#1733,#1741,#1748));
#1732 = ORIENTED_EDGE('',*,*,#1636,.T.);
#1733 = ORIENTED_EDGE('',*,*,#1734,.T.);
#1734 = EDGE_CURVE('',#1637,#1735,#1737,.T.);
#1735 = VERTEX_POINT('',#1736);
#1736 = CARTESIAN_POINT('',(-0.5,-0.37,0.));
#1737 = LINE('',#1738,#1739);
#1738 = CARTESIAN_POINT('',(-0.8,-0.37,0.));
#1739 = VECTOR('',#1740,1.);
#1740 = DIRECTION('',(1.,0.,0.));
#1741 = ORIENTED_EDGE('',*,*,#1742,.F.);
#1742 = EDGE_CURVE('',#1703,#1735,#1743,.T.);
#1743 = CIRCLE('',#1744,3.E-02);
#1744 = AXIS2_PLACEMENT_3D('',#1745,#1746,#1747);
#1745 = CARTESIAN_POINT('',(-0.5,-0.37,3.E-02));
#1746 = DIRECTION('',(1.,0.,-0.));
#1747 = DIRECTION('',(0.,0.,1.));
#1748 = ORIENTED_EDGE('',*,*,#1712,.F.);
#1749 = CYLINDRICAL_SURFACE('',#1750,3.E-02);
#1750 = AXIS2_PLACEMENT_3D('',#1751,#1752,#1753);
#1751 = CARTESIAN_POINT('',(-0.8,-0.37,3.E-02));
#1752 = DIRECTION('',(1.,0.,0.));
#1753 = DIRECTION('',(0.,-1.,0.));
#1754 = ADVANCED_FACE('',(#1755),#1774,.T.);
#1755 = FACE_BOUND('',#1756,.T.);
#1756 = EDGE_LOOP('',(#1757,#1758,#1767,#1773));
#1757 = ORIENTED_EDGE('',*,*,#1719,.T.);
#1758 = ORIENTED_EDGE('',*,*,#1759,.T.);
#1759 = EDGE_CURVE('',#1705,#1760,#1762,.T.);
#1760 = VERTEX_POINT('',#1761);
#1761 = CARTESIAN_POINT('',(-0.5,-0.37,0.8));
#1762 = CIRCLE('',#1763,3.E-02);
#1763 = AXIS2_PLACEMENT_3D('',#1764,#1765,#1766);
#1764 = CARTESIAN_POINT('',(-0.5,-0.37,0.77));
#1765 = DIRECTION('',(-1.,0.,0.));
#1766 = DIRECTION('',(0.,0.,1.));
#1767 = ORIENTED_EDGE('',*,*,#1768,.F.);
#1768 = EDGE_CURVE('',#1680,#1760,#1769,.T.);
#1769 = LINE('',#1770,#1771);
#1770 = CARTESIAN_POINT('',(-0.8,-0.37,0.8));
#1771 = VECTOR('',#1772,1.);
#1772 = DIRECTION('',(1.,0.,0.));
#1773 = ORIENTED_EDGE('',*,*,#1687,.F.);
#1774 = CYLINDRICAL_SURFACE('',#1775,3.E-02);
#1775 = AXIS2_PLACEMENT_3D('',#1776,#1777,#1778);
#1776 = CARTESIAN_POINT('',(-0.8,-0.37,0.77));
#1777 = DIRECTION('',(1.,0.,0.));
#1778 = DIRECTION('',(0.,-1.,0.));
#1779 = ADVANCED_FACE('',(#1780),#1798,.F.);
#1780 = FACE_BOUND('',#1781,.F.);
#1781 = EDGE_LOOP('',(#1782,#1783,#1784,#1792));
#1782 = ORIENTED_EDGE('',*,*,#1645,.F.);
#1783 = ORIENTED_EDGE('',*,*,#1734,.T.);
#1784 = ORIENTED_EDGE('',*,*,#1785,.T.);
#1785 = EDGE_CURVE('',#1735,#1786,#1788,.T.);
#1786 = VERTEX_POINT('',#1787);
#1787 = CARTESIAN_POINT('',(-0.5,0.37,0.));
#1788 = LINE('',#1789,#1790);
#1789 = CARTESIAN_POINT('',(-0.5,-0.4,0.));
#1790 = VECTOR('',#1791,1.);
#1791 = DIRECTION('',(0.,1.,0.));
#1792 = ORIENTED_EDGE('',*,*,#1793,.F.);
#1793 = EDGE_CURVE('',#1646,#1786,#1794,.T.);
#1794 = LINE('',#1795,#1796);
#1795 = CARTESIAN_POINT('',(-0.8,0.37,0.));
#1796 = VECTOR('',#1797,1.);
#1797 = DIRECTION('',(1.,0.,0.));
#1798 = PLANE('',#1799);
#1799 = AXIS2_PLACEMENT_3D('',#1800,#1801,#1802);
#1800 = CARTESIAN_POINT('',(-0.8,-0.4,0.));
#1801 = DIRECTION('',(0.,0.,1.));
#1802 = DIRECTION('',(1.,0.,-0.));
#1803 = ADVANCED_FACE('',(#1804),#1822,.T.);
#1804 = FACE_BOUND('',#1805,.T.);
#1805 = EDGE_LOOP('',(#1806,#1807,#1808,#1816));
#1806 = ORIENTED_EDGE('',*,*,#1679,.F.);
#1807 = ORIENTED_EDGE('',*,*,#1768,.T.);
#1808 = ORIENTED_EDGE('',*,*,#1809,.T.);
#1809 = EDGE_CURVE('',#1760,#1810,#1812,.T.);
#1810 = VERTEX_POINT('',#1811);
#1811 = CARTESIAN_POINT('',(-0.5,0.37,0.8));
#1812 = LINE('',#1813,#1814);
#1813 = CARTESIAN_POINT('',(-0.5,-0.4,0.8));
#1814 = VECTOR('',#1815,1.);
#1815 = DIRECTION('',(0.,1.,0.));
#1816 = ORIENTED_EDGE('',*,*,#1817,.F.);
#1817 = EDGE_CURVE('',#1671,#1810,#1818,.T.);
#1818 = LINE('',#1819,#1820);
#1819 = CARTESIAN_POINT('',(-0.8,0.37,0.8));
#1820 = VECTOR('',#1821,1.);
#1821 = DIRECTION('',(1.,0.,0.));
#1822 = PLANE('',#1823);
#1823 = AXIS2_PLACEMENT_3D('',#1824,#1825,#1826);
#1824 = CARTESIAN_POINT('',(-0.8,-0.4,0.8));
#1825 = DIRECTION('',(0.,0.,1.));
#1826 = DIRECTION('',(1.,0.,-0.));
#1827 = ADVANCED_FACE('',(#1828),#1847,.T.);
#1828 = FACE_BOUND('',#1829,.T.);
#1829 = EDGE_LOOP('',(#1830,#1838,#1845,#1846));
#1830 = ORIENTED_EDGE('',*,*,#1831,.T.);
#1831 = EDGE_CURVE('',#1654,#1832,#1834,.T.);
#1832 = VERTEX_POINT('',#1833);
#1833 = CARTESIAN_POINT('',(-0.5,0.4,3.E-02));
#1834 = LINE('',#1835,#1836);
#1835 = CARTESIAN_POINT('',(-0.8,0.4,3.E-02));
#1836 = VECTOR('',#1837,1.);
#1837 = DIRECTION('',(1.,0.,0.));
#1838 = ORIENTED_EDGE('',*,*,#1839,.T.);
#1839 = EDGE_CURVE('',#1832,#1786,#1840,.T.);
#1840 = CIRCLE('',#1841,3.E-02);
#1841 = AXIS2_PLACEMENT_3D('',#1842,#1843,#1844);
#1842 = CARTESIAN_POINT('',(-0.5,0.37,3.E-02));
#1843 = DIRECTION('',(-1.,0.,0.));
#1844 = DIRECTION('',(0.,0.,1.));
#1845 = ORIENTED_EDGE('',*,*,#1793,.F.);
#1846 = ORIENTED_EDGE('',*,*,#1653,.F.);
#1847 = CYLINDRICAL_SURFACE('',#1848,3.E-02);
#1848 = AXIS2_PLACEMENT_3D('',#1849,#1850,#1851);
#1849 = CARTESIAN_POINT('',(-0.8,0.37,3.E-02));
#1850 = DIRECTION('',(1.,0.,0.));
#1851 = DIRECTION('',(-0.,1.,0.));
#1852 = ADVANCED_FACE('',(#1853),#1872,.T.);
#1853 = FACE_BOUND('',#1854,.T.);
#1854 = EDGE_LOOP('',(#1855,#1856,#1857,#1866));
#1855 = ORIENTED_EDGE('',*,*,#1670,.T.);
#1856 = ORIENTED_EDGE('',*,*,#1817,.T.);
#1857 = ORIENTED_EDGE('',*,*,#1858,.F.);
#1858 = EDGE_CURVE('',#1859,#1810,#1861,.T.);
#1859 = VERTEX_POINT('',#1860);
#1860 = CARTESIAN_POINT('',(-0.5,0.4,0.77));
#1861 = CIRCLE('',#1862,3.E-02);
#1862 = AXIS2_PLACEMENT_3D('',#1863,#1864,#1865);
#1863 = CARTESIAN_POINT('',(-0.5,0.37,0.77));
#1864 = DIRECTION('',(1.,0.,-0.));
#1865 = DIRECTION('',(0.,0.,1.));
#1866 = ORIENTED_EDGE('',*,*,#1867,.F.);
#1867 = EDGE_CURVE('',#1663,#1859,#1868,.T.);
#1868 = LINE('',#1869,#1870);
#1869 = CARTESIAN_POINT('',(-0.8,0.4,0.77));
#1870 = VECTOR('',#1871,1.);
#1871 = DIRECTION('',(1.,0.,0.));
#1872 = CYLINDRICAL_SURFACE('',#1873,3.E-02);
#1873 = AXIS2_PLACEMENT_3D('',#1874,#1875,#1876);
#1874 = CARTESIAN_POINT('',(-0.8,0.37,0.77));
#1875 = DIRECTION('',(1.,0.,0.));
#1876 = DIRECTION('',(-0.,1.,0.));
#1877 = ADVANCED_FACE('',(#1878),#1889,.T.);
#1878 = FACE_BOUND('',#1879,.T.);
#1879 = EDGE_LOOP('',(#1880,#1886,#1887,#1888));
#1880 = ORIENTED_EDGE('',*,*,#1881,.F.);
#1881 = EDGE_CURVE('',#1832,#1859,#1882,.T.);
#1882 = LINE('',#1883,#1884);
#1883 = CARTESIAN_POINT('',(-0.5,0.4,0.));
#1884 = VECTOR('',#1885,1.);
#1885 = DIRECTION('',(0.,0.,1.));
#1886 = ORIENTED_EDGE('',*,*,#1831,.F.);
#1887 = ORIENTED_EDGE('',*,*,#1662,.T.);
#1888 = ORIENTED_EDGE('',*,*,#1867,.T.);
#1889 = PLANE('',#1890);
#1890 = AXIS2_PLACEMENT_3D('',#1891,#1892,#1893);
#1891 = CARTESIAN_POINT('',(-0.8,0.4,0.));
#1892 = DIRECTION('',(0.,1.,0.));
#1893 = DIRECTION('',(0.,-0.,1.));
#1894 = ADVANCED_FACE('',(#1895,#1905),#1975,.T.);
#1895 = FACE_BOUND('',#1896,.T.);
#1896 = EDGE_LOOP('',(#1897,#1898,#1899,#1900,#1901,#1902,#1903,#1904));
#1897 = ORIENTED_EDGE('',*,*,#1702,.F.);
#1898 = ORIENTED_EDGE('',*,*,#1742,.T.);
#1899 = ORIENTED_EDGE('',*,*,#1785,.T.);
#1900 = ORIENTED_EDGE('',*,*,#1839,.F.);
#1901 = ORIENTED_EDGE('',*,*,#1881,.T.);
#1902 = ORIENTED_EDGE('',*,*,#1858,.T.);
#1903 = ORIENTED_EDGE('',*,*,#1809,.F.);
#1904 = ORIENTED_EDGE('',*,*,#1759,.F.);
#1905 = FACE_BOUND('',#1906,.T.);
#1906 = EDGE_LOOP('',(#1907,#1918,#1926,#1935,#1943,#1952,#1960,#1969));
#1907 = ORIENTED_EDGE('',*,*,#1908,.F.);
#1908 = EDGE_CURVE('',#1909,#1911,#1913,.T.);
#1909 = VERTEX_POINT('',#1910);
#1910 = CARTESIAN_POINT('',(-0.5,-0.37,6.E-02));
#1911 = VERTEX_POINT('',#1912);
#1912 = CARTESIAN_POINT('',(-0.5,-0.34,3.E-02));
#1913 = CIRCLE('',#1914,3.E-02);
#1914 = AXIS2_PLACEMENT_3D('',#1915,#1916,#1917);
#1915 = CARTESIAN_POINT('',(-0.5,-0.34,6.E-02));
#1916 = DIRECTION('',(1.,0.,-0.));
#1917 = DIRECTION('',(0.,0.,1.));
#1918 = ORIENTED_EDGE('',*,*,#1919,.T.);
#1919 = EDGE_CURVE('',#1909,#1920,#1922,.T.);
#1920 = VERTEX_POINT('',#1921);
#1921 = CARTESIAN_POINT('',(-0.5,-0.37,0.74));
#1922 = LINE('',#1923,#1924);
#1923 = CARTESIAN_POINT('',(-0.5,-0.37,3.E-02));
#1924 = VECTOR('',#1925,1.);
#1925 = DIRECTION('',(0.,0.,1.));
#1926 = ORIENTED_EDGE('',*,*,#1927,.T.);
#1927 = EDGE_CURVE('',#1920,#1928,#1930,.T.);
#1928 = VERTEX_POINT('',#1929);
#1929 = CARTESIAN_POINT('',(-0.5,-0.34,0.77));
#1930 = CIRCLE('',#1931,3.E-02);
#1931 = AXIS2_PLACEMENT_3D('',#1932,#1933,#1934);
#1932 = CARTESIAN_POINT('',(-0.5,-0.34,0.74));
#1933 = DIRECTION('',(-1.,0.,0.));
#1934 = DIRECTION('',(0.,0.,1.));
#1935 = ORIENTED_EDGE('',*,*,#1936,.T.);
#1936 = EDGE_CURVE('',#1928,#1937,#1939,.T.);
#1937 = VERTEX_POINT('',#1938);
#1938 = CARTESIAN_POINT('',(-0.5,0.34,0.77));
#1939 = LINE('',#1940,#1941);
#1940 = CARTESIAN_POINT('',(-0.5,-0.37,0.77));
#1941 = VECTOR('',#1942,1.);
#1942 = DIRECTION('',(0.,1.,0.));
#1943 = ORIENTED_EDGE('',*,*,#1944,.F.);
#1944 = EDGE_CURVE('',#1945,#1937,#1947,.T.);
#1945 = VERTEX_POINT('',#1946);
#1946 = CARTESIAN_POINT('',(-0.5,0.37,0.74));
#1947 = CIRCLE('',#1948,3.E-02);
#1948 = AXIS2_PLACEMENT_3D('',#1949,#1950,#1951);
#1949 = CARTESIAN_POINT('',(-0.5,0.34,0.74));
#1950 = DIRECTION('',(1.,0.,-0.));
#1951 = DIRECTION('',(0.,0.,1.));
#1952 = ORIENTED_EDGE('',*,*,#1953,.F.);
#1953 = EDGE_CURVE('',#1954,#1945,#1956,.T.);
#1954 = VERTEX_POINT('',#1955);
#1955 = CARTESIAN_POINT('',(-0.5,0.37,6.E-02));
#1956 = LINE('',#1957,#1958);
#1957 = CARTESIAN_POINT('',(-0.5,0.37,3.E-02));
#1958 = VECTOR('',#1959,1.);
#1959 = DIRECTION('',(0.,0.,1.));
#1960 = ORIENTED_EDGE('',*,*,#1961,.T.);
#1961 = EDGE_CURVE('',#1954,#1962,#1964,.T.);
#1962 = VERTEX_POINT('',#1963);
#1963 = CARTESIAN_POINT('',(-0.5,0.34,3.E-02));
#1964 = CIRCLE('',#1965,3.E-02);
#1965 = AXIS2_PLACEMENT_3D('',#1966,#1967,#1968);
#1966 = CARTESIAN_POINT('',(-0.5,0.34,6.E-02));
#1967 = DIRECTION('',(-1.,0.,0.));
#1968 = DIRECTION('',(0.,0.,1.));
#1969 = ORIENTED_EDGE('',*,*,#1970,.F.);
#1970 = EDGE_CURVE('',#1911,#1962,#1971,.T.);
#1971 = LINE('',#1972,#1973);
#1972 = CARTESIAN_POINT('',(-0.5,-0.37,3.E-02));
#1973 = VECTOR('',#1974,1.);
#1974 = DIRECTION('',(0.,1.,0.));
#1975 = PLANE('',#1976);
#1976 = AXIS2_PLACEMENT_3D('',#1977,#1978,#1979);
#1977 = CARTESIAN_POINT('',(-0.5,-0.4,0.));
#1978 = DIRECTION('',(1.,0.,0.));
#1979 = DIRECTION('',(0.,0.,1.));
#1980 = ADVANCED_FACE('',(#1981),#2007,.T.);
#1981 = FACE_BOUND('',#1982,.T.);
#1982 = EDGE_LOOP('',(#1983,#1984,#1992,#2001));
#1983 = ORIENTED_EDGE('',*,*,#1908,.T.);
#1984 = ORIENTED_EDGE('',*,*,#1985,.T.);
#1985 = EDGE_CURVE('',#1911,#1986,#1988,.T.);
#1986 = VERTEX_POINT('',#1987);
#1987 = CARTESIAN_POINT('',(0.5,-0.34,3.E-02));
#1988 = LINE('',#1989,#1990);
#1989 = CARTESIAN_POINT('',(-0.5,-0.34,3.E-02));
#1990 = VECTOR('',#1991,1.);
#1991 = DIRECTION('',(1.,0.,0.));
#1992 = ORIENTED_EDGE('',*,*,#1993,.F.);
#1993 = EDGE_CURVE('',#1994,#1986,#1996,.T.);
#1994 = VERTEX_POINT('',#1995);
#1995 = CARTESIAN_POINT('',(0.5,-0.37,6.E-02));
#1996 = CIRCLE('',#1997,3.E-02);
#1997 = AXIS2_PLACEMENT_3D('',#1998,#1999,#2000);
#1998 = CARTESIAN_POINT('',(0.5,-0.34,6.E-02));
#1999 = DIRECTION('',(1.,0.,-0.));
#2000 = DIRECTION('',(0.,0.,1.));
#2001 = ORIENTED_EDGE('',*,*,#2002,.F.);
#2002 = EDGE_CURVE('',#1909,#1994,#2003,.T.);
#2003 = LINE('',#2004,#2005);
#2004 = CARTESIAN_POINT('',(-0.5,-0.37,6.E-02));
#2005 = VECTOR('',#2006,1.);
#2006 = DIRECTION('',(1.,0.,0.));
#2007 = CYLINDRICAL_SURFACE('',#2008,3.E-02);
#2008 = AXIS2_PLACEMENT_3D('',#2009,#2010,#2011);
#2009 = CARTESIAN_POINT('',(-0.5,-0.34,6.E-02));
#2010 = DIRECTION('',(1.,0.,0.));
#2011 = DIRECTION('',(0.,-1.,0.));
#2012 = ADVANCED_FACE('',(#2013),#2031,.F.);
#2013 = FACE_BOUND('',#2014,.F.);
#2014 = EDGE_LOOP('',(#2015,#2016,#2017,#2025));
#2015 = ORIENTED_EDGE('',*,*,#1970,.F.);
#2016 = ORIENTED_EDGE('',*,*,#1985,.T.);
#2017 = ORIENTED_EDGE('',*,*,#2018,.T.);
#2018 = EDGE_CURVE('',#1986,#2019,#2021,.T.);
#2019 = VERTEX_POINT('',#2020);
#2020 = CARTESIAN_POINT('',(0.5,0.34,3.E-02));
#2021 = LINE('',#2022,#2023);
#2022 = CARTESIAN_POINT('',(0.5,-0.37,3.E-02));
#2023 = VECTOR('',#2024,1.);
#2024 = DIRECTION('',(0.,1.,0.));
#2025 = ORIENTED_EDGE('',*,*,#2026,.F.);
#2026 = EDGE_CURVE('',#1962,#2019,#2027,.T.);
#2027 = LINE('',#2028,#2029);
#2028 = CARTESIAN_POINT('',(-0.5,0.34,3.E-02));
#2029 = VECTOR('',#2030,1.);
#2030 = DIRECTION('',(1.,0.,0.));
#2031 = PLANE('',#2032);
#2032 = AXIS2_PLACEMENT_3D('',#2033,#2034,#2035);
#2033 = CARTESIAN_POINT('',(-0.5,-0.37,3.E-02));
#2034 = DIRECTION('',(0.,0.,1.));
#2035 = DIRECTION('',(1.,0.,-0.));
#2036 = ADVANCED_FACE('',(#2037),#2056,.T.);
#2037 = FACE_BOUND('',#2038,.T.);
#2038 = EDGE_LOOP('',(#2039,#2047,#2054,#2055));
#2039 = ORIENTED_EDGE('',*,*,#2040,.T.);
#2040 = EDGE_CURVE('',#1954,#2041,#2043,.T.);
#2041 = VERTEX_POINT('',#2042);
#2042 = CARTESIAN_POINT('',(0.5,0.37,6.E-02));
#2043 = LINE('',#2044,#2045);
#2044 = CARTESIAN_POINT('',(-0.5,0.37,6.E-02));
#2045 = VECTOR('',#2046,1.);
#2046 = DIRECTION('',(1.,0.,0.));
#2047 = ORIENTED_EDGE('',*,*,#2048,.T.);
#2048 = EDGE_CURVE('',#2041,#2019,#2049,.T.);
#2049 = CIRCLE('',#2050,3.E-02);
#2050 = AXIS2_PLACEMENT_3D('',#2051,#2052,#2053);
#2051 = CARTESIAN_POINT('',(0.5,0.34,6.E-02));
#2052 = DIRECTION('',(-1.,0.,0.));
#2053 = DIRECTION('',(0.,0.,1.));
#2054 = ORIENTED_EDGE('',*,*,#2026,.F.);
#2055 = ORIENTED_EDGE('',*,*,#1961,.F.);
#2056 = CYLINDRICAL_SURFACE('',#2057,3.E-02);
#2057 = AXIS2_PLACEMENT_3D('',#2058,#2059,#2060);
#2058 = CARTESIAN_POINT('',(-0.5,0.34,6.E-02));
#2059 = DIRECTION('',(1.,0.,0.));
#2060 = DIRECTION('',(-0.,1.,0.));
#2061 = ADVANCED_FACE('',(#2062),#2080,.T.);
#2062 = FACE_BOUND('',#2063,.T.);
#2063 = EDGE_LOOP('',(#2064,#2072,#2073,#2074));
#2064 = ORIENTED_EDGE('',*,*,#2065,.F.);
#2065 = EDGE_CURVE('',#2041,#2066,#2068,.T.);
#2066 = VERTEX_POINT('',#2067);
#2067 = CARTESIAN_POINT('',(0.5,0.37,0.74));
#2068 = LINE('',#2069,#2070);
#2069 = CARTESIAN_POINT('',(0.5,0.37,3.E-02));
#2070 = VECTOR('',#2071,1.);
#2071 = DIRECTION('',(0.,0.,1.));
#2072 = ORIENTED_EDGE('',*,*,#2040,.F.);
#2073 = ORIENTED_EDGE('',*,*,#1953,.T.);
#2074 = ORIENTED_EDGE('',*,*,#2075,.T.);
#2075 = EDGE_CURVE('',#1945,#2066,#2076,.T.);
#2076 = LINE('',#2077,#2078);
#2077 = CARTESIAN_POINT('',(-0.5,0.37,0.74));
#2078 = VECTOR('',#2079,1.);
#2079 = DIRECTION('',(1.,0.,0.));
#2080 = PLANE('',#2081);
#2081 = AXIS2_PLACEMENT_3D('',#2082,#2083,#2084);
#2082 = CARTESIAN_POINT('',(-0.5,0.37,3.E-02));
#2083 = DIRECTION('',(0.,1.,0.));
#2084 = DIRECTION('',(0.,-0.,1.));
#2085 = ADVANCED_FACE('',(#2086),#2105,.T.);
#2086 = FACE_BOUND('',#2087,.T.);
#2087 = EDGE_LOOP('',(#2088,#2089,#2097,#2104));
#2088 = ORIENTED_EDGE('',*,*,#1944,.T.);
#2089 = ORIENTED_EDGE('',*,*,#2090,.T.);
#2090 = EDGE_CURVE('',#1937,#2091,#2093,.T.);
#2091 = VERTEX_POINT('',#2092);
#2092 = CARTESIAN_POINT('',(0.5,0.34,0.77));
#2093 = LINE('',#2094,#2095);
#2094 = CARTESIAN_POINT('',(-0.5,0.34,0.77));
#2095 = VECTOR('',#2096,1.);
#2096 = DIRECTION('',(1.,0.,0.));
#2097 = ORIENTED_EDGE('',*,*,#2098,.F.);
#2098 = EDGE_CURVE('',#2066,#2091,#2099,.T.);
#2099 = CIRCLE('',#2100,3.E-02);
#2100 = AXIS2_PLACEMENT_3D('',#2101,#2102,#2103);
#2101 = CARTESIAN_POINT('',(0.5,0.34,0.74));
#2102 = DIRECTION('',(1.,0.,-0.));
#2103 = DIRECTION('',(0.,0.,1.));
#2104 = ORIENTED_EDGE('',*,*,#2075,.F.);
#2105 = CYLINDRICAL_SURFACE('',#2106,3.E-02);
#2106 = AXIS2_PLACEMENT_3D('',#2107,#2108,#2109);
#2107 = CARTESIAN_POINT('',(-0.5,0.34,0.74));
#2108 = DIRECTION('',(1.,0.,0.));
#2109 = DIRECTION('',(-0.,1.,0.));
#2110 = ADVANCED_FACE('',(#2111),#2129,.T.);
#2111 = FACE_BOUND('',#2112,.T.);
#2112 = EDGE_LOOP('',(#2113,#2114,#2122,#2128));
#2113 = ORIENTED_EDGE('',*,*,#1936,.F.);
#2114 = ORIENTED_EDGE('',*,*,#2115,.T.);
#2115 = EDGE_CURVE('',#1928,#2116,#2118,.T.);
#2116 = VERTEX_POINT('',#2117);
#2117 = CARTESIAN_POINT('',(0.5,-0.34,0.77));
#2118 = LINE('',#2119,#2120);
#2119 = CARTESIAN_POINT('',(-0.5,-0.34,0.77));
#2120 = VECTOR('',#2121,1.);
#2121 = DIRECTION('',(1.,0.,0.));
#2122 = ORIENTED_EDGE('',*,*,#2123,.T.);
#2123 = EDGE_CURVE('',#2116,#2091,#2124,.T.);
#2124 = LINE('',#2125,#2126);
#2125 = CARTESIAN_POINT('',(0.5,-0.37,0.77));
#2126 = VECTOR('',#2127,1.);
#2127 = DIRECTION('',(0.,1.,0.));
#2128 = ORIENTED_EDGE('',*,*,#2090,.F.);
#2129 = PLANE('',#2130);
#2130 = AXIS2_PLACEMENT_3D('',#2131,#2132,#2133);
#2131 = CARTESIAN_POINT('',(-0.5,-0.37,0.77));
#2132 = DIRECTION('',(0.,0.,1.));
#2133 = DIRECTION('',(1.,0.,-0.));
#2134 = ADVANCED_FACE('',(#2135),#2154,.T.);
#2135 = FACE_BOUND('',#2136,.T.);
#2136 = EDGE_LOOP('',(#2137,#2145,#2152,#2153));
#2137 = ORIENTED_EDGE('',*,*,#2138,.T.);
#2138 = EDGE_CURVE('',#1920,#2139,#2141,.T.);
#2139 = VERTEX_POINT('',#2140);
#2140 = CARTESIAN_POINT('',(0.5,-0.37,0.74));
#2141 = LINE('',#2142,#2143);
#2142 = CARTESIAN_POINT('',(-0.5,-0.37,0.74));
#2143 = VECTOR('',#2144,1.);
#2144 = DIRECTION('',(1.,0.,0.));
#2145 = ORIENTED_EDGE('',*,*,#2146,.T.);
#2146 = EDGE_CURVE('',#2139,#2116,#2147,.T.);
#2147 = CIRCLE('',#2148,3.E-02);
#2148 = AXIS2_PLACEMENT_3D('',#2149,#2150,#2151);
#2149 = CARTESIAN_POINT('',(0.5,-0.34,0.74));
#2150 = DIRECTION('',(-1.,0.,0.));
#2151 = DIRECTION('',(0.,0.,1.));
#2152 = ORIENTED_EDGE('',*,*,#2115,.F.);
#2153 = ORIENTED_EDGE('',*,*,#1927,.F.);
#2154 = CYLINDRICAL_SURFACE('',#2155,3.E-02);
#2155 = AXIS2_PLACEMENT_3D('',#2156,#2157,#2158);
#2156 = CARTESIAN_POINT('',(-0.5,-0.34,0.74));
#2157 = DIRECTION('',(1.,0.,0.));
#2158 = DIRECTION('',(0.,-1.,0.));
#2159 = ADVANCED_FACE('',(#2160),#2171,.F.);
#2160 = FACE_BOUND('',#2161,.F.);
#2161 = EDGE_LOOP('',(#2162,#2168,#2169,#2170));
#2162 = ORIENTED_EDGE('',*,*,#2163,.F.);
#2163 = EDGE_CURVE('',#1994,#2139,#2164,.T.);
#2164 = LINE('',#2165,#2166);
#2165 = CARTESIAN_POINT('',(0.5,-0.37,3.E-02));
#2166 = VECTOR('',#2167,1.);
#2167 = DIRECTION('',(0.,0.,1.));
#2168 = ORIENTED_EDGE('',*,*,#2002,.F.);
#2169 = ORIENTED_EDGE('',*,*,#1919,.T.);
#2170 = ORIENTED_EDGE('',*,*,#2138,.T.);
#2171 = PLANE('',#2172);
#2172 = AXIS2_PLACEMENT_3D('',#2173,#2174,#2175);
#2173 = CARTESIAN_POINT('',(-0.5,-0.37,3.E-02));
#2174 = DIRECTION('',(0.,1.,0.));
#2175 = DIRECTION('',(0.,-0.,1.));
#2176 = ADVANCED_FACE('',(#2177,#2247),#2257,.F.);
#2177 = FACE_BOUND('',#2178,.F.);
#2178 = EDGE_LOOP('',(#2179,#2189,#2198,#2206,#2215,#2223,#2232,#2240));
#2179 = ORIENTED_EDGE('',*,*,#2180,.F.);
#2180 = EDGE_CURVE('',#2181,#2183,#2185,.T.);
#2181 = VERTEX_POINT('',#2182);
#2182 = CARTESIAN_POINT('',(0.5,-0.4,3.E-02));
#2183 = VERTEX_POINT('',#2184);
#2184 = CARTESIAN_POINT('',(0.5,-0.4,0.77));
#2185 = LINE('',#2186,#2187);
#2186 = CARTESIAN_POINT('',(0.5,-0.4,0.));
#2187 = VECTOR('',#2188,1.);
#2188 = DIRECTION('',(0.,0.,1.));
#2189 = ORIENTED_EDGE('',*,*,#2190,.T.);
#2190 = EDGE_CURVE('',#2181,#2191,#2193,.T.);
#2191 = VERTEX_POINT('',#2192);
#2192 = CARTESIAN_POINT('',(0.5,-0.37,0.));
#2193 = CIRCLE('',#2194,3.E-02);
#2194 = AXIS2_PLACEMENT_3D('',#2195,#2196,#2197);
#2195 = CARTESIAN_POINT('',(0.5,-0.37,3.E-02));
#2196 = DIRECTION('',(1.,0.,-0.));
#2197 = DIRECTION('',(0.,0.,1.));
#2198 = ORIENTED_EDGE('',*,*,#2199,.T.);
#2199 = EDGE_CURVE('',#2191,#2200,#2202,.T.);
#2200 = VERTEX_POINT('',#2201);
#2201 = CARTESIAN_POINT('',(0.5,0.37,0.));
#2202 = LINE('',#2203,#2204);
#2203 = CARTESIAN_POINT('',(0.5,-0.4,0.));
#2204 = VECTOR('',#2205,1.);
#2205 = DIRECTION('',(0.,1.,0.));
#2206 = ORIENTED_EDGE('',*,*,#2207,.F.);
#2207 = EDGE_CURVE('',#2208,#2200,#2210,.T.);
#2208 = VERTEX_POINT('',#2209);
#2209 = CARTESIAN_POINT('',(0.5,0.4,3.E-02));
#2210 = CIRCLE('',#2211,3.E-02);
#2211 = AXIS2_PLACEMENT_3D('',#2212,#2213,#2214);
#2212 = CARTESIAN_POINT('',(0.5,0.37,3.E-02));
#2213 = DIRECTION('',(-1.,0.,0.));
#2214 = DIRECTION('',(0.,0.,1.));
#2215 = ORIENTED_EDGE('',*,*,#2216,.T.);
#2216 = EDGE_CURVE('',#2208,#2217,#2219,.T.);
#2217 = VERTEX_POINT('',#2218);
#2218 = CARTESIAN_POINT('',(0.5,0.4,0.77));
#2219 = LINE('',#2220,#2221);
#2220 = CARTESIAN_POINT('',(0.5,0.4,0.));
#2221 = VECTOR('',#2222,1.);
#2222 = DIRECTION('',(0.,0.,1.));
#2223 = ORIENTED_EDGE('',*,*,#2224,.T.);
#2224 = EDGE_CURVE('',#2217,#2225,#2227,.T.);
#2225 = VERTEX_POINT('',#2226);
#2226 = CARTESIAN_POINT('',(0.5,0.37,0.8));
#2227 = CIRCLE('',#2228,3.E-02);
#2228 = AXIS2_PLACEMENT_3D('',#2229,#2230,#2231);
#2229 = CARTESIAN_POINT('',(0.5,0.37,0.77));
#2230 = DIRECTION('',(1.,0.,-0.));
#2231 = DIRECTION('',(0.,0.,1.));
#2232 = ORIENTED_EDGE('',*,*,#2233,.F.);
#2233 = EDGE_CURVE('',#2234,#2225,#2236,.T.);
#2234 = VERTEX_POINT('',#2235);
#2235 = CARTESIAN_POINT('',(0.5,-0.37,0.8));
#2236 = LINE('',#2237,#2238);
#2237 = CARTESIAN_POINT('',(0.5,-0.4,0.8));
#2238 = VECTOR('',#2239,1.);
#2239 = DIRECTION('',(0.,1.,0.));
#2240 = ORIENTED_EDGE('',*,*,#2241,.F.);
#2241 = EDGE_CURVE('',#2183,#2234,#2242,.T.);
#2242 = CIRCLE('',#2243,3.E-02);
#2243 = AXIS2_PLACEMENT_3D('',#2244,#2245,#2246);
#2244 = CARTESIAN_POINT('',(0.5,-0.37,0.77));
#2245 = DIRECTION('',(-1.,0.,0.));
#2246 = DIRECTION('',(0.,0.,1.));
#2247 = FACE_BOUND('',#2248,.F.);
#2248 = EDGE_LOOP('',(#2249,#2250,#2251,#2252,#2253,#2254,#2255,#2256));
#2249 = ORIENTED_EDGE('',*,*,#1993,.F.);
#2250 = ORIENTED_EDGE('',*,*,#2163,.T.);
#2251 = ORIENTED_EDGE('',*,*,#2146,.T.);
#2252 = ORIENTED_EDGE('',*,*,#2123,.T.);
#2253 = ORIENTED_EDGE('',*,*,#2098,.F.);
#2254 = ORIENTED_EDGE('',*,*,#2065,.F.);
#2255 = ORIENTED_EDGE('',*,*,#2048,.T.);
#2256 = ORIENTED_EDGE('',*,*,#2018,.F.);
#2257 = PLANE('',#2258);
#2258 = AXIS2_PLACEMENT_3D('',#2259,#2260,#2261);
#2259 = CARTESIAN_POINT('',(0.5,-0.4,0.));
#2260 = DIRECTION('',(1.,0.,0.));
#2261 = DIRECTION('',(0.,0.,1.));
#2262 = ADVANCED_FACE('',(#2263),#2288,.F.);
#2263 = FACE_BOUND('',#2264,.F.);
#2264 = EDGE_LOOP('',(#2265,#2275,#2281,#2282));
#2265 = ORIENTED_EDGE('',*,*,#2266,.F.);
#2266 = EDGE_CURVE('',#2267,#2269,#2271,.T.);
#2267 = VERTEX_POINT('',#2268);
#2268 = CARTESIAN_POINT('',(0.8,-0.4,3.E-02));
#2269 = VERTEX_POINT('',#2270);
#2270 = CARTESIAN_POINT('',(0.8,-0.4,0.77));
#2271 = LINE('',#2272,#2273);
#2272 = CARTESIAN_POINT('',(0.8,-0.4,0.));
#2273 = VECTOR('',#2274,1.);
#2274 = DIRECTION('',(0.,0.,1.));
#2275 = ORIENTED_EDGE('',*,*,#2276,.F.);
#2276 = EDGE_CURVE('',#2181,#2267,#2277,.T.);
#2277 = LINE('',#2278,#2279);
#2278 = CARTESIAN_POINT('',(0.5,-0.4,3.E-02));
#2279 = VECTOR('',#2280,1.);
#2280 = DIRECTION('',(1.,0.,0.));
#2281 = ORIENTED_EDGE('',*,*,#2180,.T.);
#2282 = ORIENTED_EDGE('',*,*,#2283,.T.);
#2283 = EDGE_CURVE('',#2183,#2269,#2284,.T.);
#2284 = LINE('',#2285,#2286);
#2285 = CARTESIAN_POINT('',(0.5,-0.4,0.77));
#2286 = VECTOR('',#2287,1.);
#2287 = DIRECTION('',(1.,0.,0.));
#2288 = PLANE('',#2289);
#2289 = AXIS2_PLACEMENT_3D('',#2290,#2291,#2292);
#2290 = CARTESIAN_POINT('',(0.5,-0.4,0.));
#2291 = DIRECTION('',(0.,1.,0.));
#2292 = DIRECTION('',(0.,-0.,1.));
#2293 = ADVANCED_FACE('',(#2294),#2313,.T.);
#2294 = FACE_BOUND('',#2295,.T.);
#2295 = EDGE_LOOP('',(#2296,#2297,#2305,#2312));
#2296 = ORIENTED_EDGE('',*,*,#2190,.T.);
#2297 = ORIENTED_EDGE('',*,*,#2298,.T.);
#2298 = EDGE_CURVE('',#2191,#2299,#2301,.T.);
#2299 = VERTEX_POINT('',#2300);
#2300 = CARTESIAN_POINT('',(0.8,-0.37,0.));
#2301 = LINE('',#2302,#2303);
#2302 = CARTESIAN_POINT('',(0.5,-0.37,0.));
#2303 = VECTOR('',#2304,1.);
#2304 = DIRECTION('',(1.,0.,0.));
#2305 = ORIENTED_EDGE('',*,*,#2306,.F.);
#2306 = EDGE_CURVE('',#2267,#2299,#2307,.T.);
#2307 = CIRCLE('',#2308,3.E-02);
#2308 = AXIS2_PLACEMENT_3D('',#2309,#2310,#2311);
#2309 = CARTESIAN_POINT('',(0.8,-0.37,3.E-02));
#2310 = DIRECTION('',(1.,0.,-0.));
#2311 = DIRECTION('',(0.,0.,1.));
#2312 = ORIENTED_EDGE('',*,*,#2276,.F.);
#2313 = CYLINDRICAL_SURFACE('',#2314,3.E-02);
#2314 = AXIS2_PLACEMENT_3D('',#2315,#2316,#2317);
#2315 = CARTESIAN_POINT('',(0.5,-0.37,3.E-02));
#2316 = DIRECTION('',(1.,0.,0.));
#2317 = DIRECTION('',(0.,-1.,0.));
#2318 = ADVANCED_FACE('',(#2319),#2338,.T.);
#2319 = FACE_BOUND('',#2320,.T.);
#2320 = EDGE_LOOP('',(#2321,#2322,#2331,#2337));
#2321 = ORIENTED_EDGE('',*,*,#2283,.T.);
#2322 = ORIENTED_EDGE('',*,*,#2323,.T.);
#2323 = EDGE_CURVE('',#2269,#2324,#2326,.T.);
#2324 = VERTEX_POINT('',#2325);
#2325 = CARTESIAN_POINT('',(0.8,-0.37,0.8));
#2326 = CIRCLE('',#2327,3.E-02);
#2327 = AXIS2_PLACEMENT_3D('',#2328,#2329,#2330);
#2328 = CARTESIAN_POINT('',(0.8,-0.37,0.77));
#2329 = DIRECTION('',(-1.,0.,0.));
#2330 = DIRECTION('',(0.,0.,1.));
#2331 = ORIENTED_EDGE('',*,*,#2332,.F.);
#2332 = EDGE_CURVE('',#2234,#2324,#2333,.T.);
#2333 = LINE('',#2334,#2335);
#2334 = CARTESIAN_POINT('',(0.5,-0.37,0.8));
#2335 = VECTOR('',#2336,1.);
#2336 = DIRECTION('',(1.,0.,0.));
#2337 = ORIENTED_EDGE('',*,*,#2241,.F.);
#2338 = CYLINDRICAL_SURFACE('',#2339,3.E-02);
#2339 = AXIS2_PLACEMENT_3D('',#2340,#2341,#2342);
#2340 = CARTESIAN_POINT('',(0.5,-0.37,0.77));
#2341 = DIRECTION('',(1.,0.,0.));
#2342 = DIRECTION('',(0.,-1.,0.));
#2343 = ADVANCED_FACE('',(#2344),#2362,.F.);
#2344 = FACE_BOUND('',#2345,.F.);
#2345 = EDGE_LOOP('',(#2346,#2347,#2348,#2356));
#2346 = ORIENTED_EDGE('',*,*,#2199,.F.);
#2347 = ORIENTED_EDGE('',*,*,#2298,.T.);
#2348 = ORIENTED_EDGE('',*,*,#2349,.T.);
#2349 = EDGE_CURVE('',#2299,#2350,#2352,.T.);
#2350 = VERTEX_POINT('',#2351);
#2351 = CARTESIAN_POINT('',(0.8,0.37,0.));
#2352 = LINE('',#2353,#2354);
#2353 = CARTESIAN_POINT('',(0.8,-0.4,0.));
#2354 = VECTOR('',#2355,1.);
#2355 = DIRECTION('',(0.,1.,0.));
#2356 = ORIENTED_EDGE('',*,*,#2357,.F.);
#2357 = EDGE_CURVE('',#2200,#2350,#2358,.T.);
#2358 = LINE('',#2359,#2360);
#2359 = CARTESIAN_POINT('',(0.5,0.37,0.));
#2360 = VECTOR('',#2361,1.);
#2361 = DIRECTION('',(1.,0.,0.));
#2362 = PLANE('',#2363);
#2363 = AXIS2_PLACEMENT_3D('',#2364,#2365,#2366);
#2364 = CARTESIAN_POINT('',(0.5,-0.4,0.));
#2365 = DIRECTION('',(0.,0.,1.));
#2366 = DIRECTION('',(1.,0.,-0.));
#2367 = ADVANCED_FACE('',(#2368),#2386,.T.);
#2368 = FACE_BOUND('',#2369,.T.);
#2369 = EDGE_LOOP('',(#2370,#2371,#2372,#2380));
#2370 = ORIENTED_EDGE('',*,*,#2233,.F.);
#2371 = ORIENTED_EDGE('',*,*,#2332,.T.);
#2372 = ORIENTED_EDGE('',*,*,#2373,.T.);
#2373 = EDGE_CURVE('',#2324,#2374,#2376,.T.);
#2374 = VERTEX_POINT('',#2375);
#2375 = CARTESIAN_POINT('',(0.8,0.37,0.8));
#2376 = LINE('',#2377,#2378);
#2377 = CARTESIAN_POINT('',(0.8,-0.4,0.8));
#2378 = VECTOR('',#2379,1.);
#2379 = DIRECTION('',(0.,1.,0.));
#2380 = ORIENTED_EDGE('',*,*,#2381,.F.);
#2381 = EDGE_CURVE('',#2225,#2374,#2382,.T.);
#2382 = LINE('',#2383,#2384);
#2383 = CARTESIAN_POINT('',(0.5,0.37,0.8));
#2384 = VECTOR('',#2385,1.);
#2385 = DIRECTION('',(1.,0.,0.));
#2386 = PLANE('',#2387);
#2387 = AXIS2_PLACEMENT_3D('',#2388,#2389,#2390);
#2388 = CARTESIAN_POINT('',(0.5,-0.4,0.8));
#2389 = DIRECTION('',(0.,0.,1.));
#2390 = DIRECTION('',(1.,0.,-0.));
#2391 = ADVANCED_FACE('',(#2392),#2411,.T.);
#2392 = FACE_BOUND('',#2393,.T.);
#2393 = EDGE_LOOP('',(#2394,#2402,#2409,#2410));
#2394 = ORIENTED_EDGE('',*,*,#2395,.T.);
#2395 = EDGE_CURVE('',#2208,#2396,#2398,.T.);
#2396 = VERTEX_POINT('',#2397);
#2397 = CARTESIAN_POINT('',(0.8,0.4,3.E-02));
#2398 = LINE('',#2399,#2400);
#2399 = CARTESIAN_POINT('',(0.5,0.4,3.E-02));
#2400 = VECTOR('',#2401,1.);
#2401 = DIRECTION('',(1.,0.,0.));
#2402 = ORIENTED_EDGE('',*,*,#2403,.T.);
#2403 = EDGE_CURVE('',#2396,#2350,#2404,.T.);
#2404 = CIRCLE('',#2405,3.E-02);
#2405 = AXIS2_PLACEMENT_3D('',#2406,#2407,#2408);
#2406 = CARTESIAN_POINT('',(0.8,0.37,3.E-02));
#2407 = DIRECTION('',(-1.,0.,0.));
#2408 = DIRECTION('',(0.,0.,1.));
#2409 = ORIENTED_EDGE('',*,*,#2357,.F.);
#2410 = ORIENTED_EDGE('',*,*,#2207,.F.);
#2411 = CYLINDRICAL_SURFACE('',#2412,3.E-02);
#2412 = AXIS2_PLACEMENT_3D('',#2413,#2414,#2415);
#2413 = CARTESIAN_POINT('',(0.5,0.37,3.E-02));
#2414 = DIRECTION('',(1.,0.,0.));
#2415 = DIRECTION('',(-0.,1.,0.));
#2416 = ADVANCED_FACE('',(#2417),#2436,.T.);
#2417 = FACE_BOUND('',#2418,.T.);
#2418 = EDGE_LOOP('',(#2419,#2420,#2421,#2430));
#2419 = ORIENTED_EDGE('',*,*,#2224,.T.);
#2420 = ORIENTED_EDGE('',*,*,#2381,.T.);
#2421 = ORIENTED_EDGE('',*,*,#2422,.F.);
#2422 = EDGE_CURVE('',#2423,#2374,#2425,.T.);
#2423 = VERTEX_POINT('',#2424);
#2424 = CARTESIAN_POINT('',(0.8,0.4,0.77));
#2425 = CIRCLE('',#2426,3.E-02);
#2426 = AXIS2_PLACEMENT_3D('',#2427,#2428,#2429);
#2427 = CARTESIAN_POINT('',(0.8,0.37,0.77));
#2428 = DIRECTION('',(1.,0.,-0.));
#2429 = DIRECTION('',(0.,0.,1.));
#2430 = ORIENTED_EDGE('',*,*,#2431,.F.);
#2431 = EDGE_CURVE('',#2217,#2423,#2432,.T.);
#2432 = LINE('',#2433,#2434);
#2433 = CARTESIAN_POINT('',(0.5,0.4,0.77));
#2434 = VECTOR('',#2435,1.);
#2435 = DIRECTION('',(1.,0.,0.));
#2436 = CYLINDRICAL_SURFACE('',#2437,3.E-02);
#2437 = AXIS2_PLACEMENT_3D('',#2438,#2439,#2440);
#2438 = CARTESIAN_POINT('',(0.5,0.37,0.77));
#2439 = DIRECTION('',(1.,0.,0.));
#2440 = DIRECTION('',(-0.,1.,0.));
#2441 = ADVANCED_FACE('',(#2442),#2453,.T.);
#2442 = FACE_BOUND('',#2443,.T.);
#2443 = EDGE_LOOP('',(#2444,#2450,#2451,#2452));
#2444 = ORIENTED_EDGE('',*,*,#2445,.F.);
#2445 = EDGE_CURVE('',#2396,#2423,#2446,.T.);
#2446 = LINE('',#2447,#2448);
#2447 = CARTESIAN_POINT('',(0.8,0.4,0.));
#2448 = VECTOR('',#2449,1.);
#2449 = DIRECTION('',(0.,0.,1.));
#2450 = ORIENTED_EDGE('',*,*,#2395,.F.);
#2451 = ORIENTED_EDGE('',*,*,#2216,.T.);
#2452 = ORIENTED_EDGE('',*,*,#2431,.T.);
#2453 = PLANE('',#2454);
#2454 = AXIS2_PLACEMENT_3D('',#2455,#2456,#2457);
#2455 = CARTESIAN_POINT('',(0.5,0.4,0.));
#2456 = DIRECTION('',(0.,1.,0.));
#2457 = DIRECTION('',(0.,-0.,1.));
#2458 = ADVANCED_FACE('',(#2459),#2469,.T.);
#2459 = FACE_BOUND('',#2460,.T.);
#2460 = EDGE_LOOP('',(#2461,#2462,#2463,#2464,#2465,#2466,#2467,#2468));
#2461 = ORIENTED_EDGE('',*,*,#2266,.F.);
#2462 = ORIENTED_EDGE('',*,*,#2306,.T.);
#2463 = ORIENTED_EDGE('',*,*,#2349,.T.);
#2464 = ORIENTED_EDGE('',*,*,#2403,.F.);
#2465 = ORIENTED_EDGE('',*,*,#2445,.T.);
#2466 = ORIENTED_EDGE('',*,*,#2422,.T.);
#2467 = ORIENTED_EDGE('',*,*,#2373,.F.);
#2468 = ORIENTED_EDGE('',*,*,#2323,.F.);
#2469 = PLANE('',#2470);
#2470 = AXIS2_PLACEMENT_3D('',#2471,#2472,#2473);
#2471 = CARTESIAN_POINT('',(0.8,-0.4,0.));
#2472 = DIRECTION('',(1.,0.,0.));
#2473 = DIRECTION('',(0.,0.,1.));
#2474 = ( GEOMETRIC_REPRESENTATION_CONTEXT(3) 
GLOBAL_UNCERTAINTY_ASSIGNED_CONTEXT((#2478)) 
GLOBAL_UNIT_ASSIGNED_CONTEXT((#2475,#2476,#2477)) REPRESENTATION_CONTEXT
('Context #1','3D Context with UNIT and UNCERTAINTY') );
#2475 = ( LENGTH_UNIT() NAMED_UNIT(*) SI_UNIT(.MILLI.,.METRE.) );
#2476 = ( NAMED_UNIT(*) PLANE_ANGLE_UNIT() SI_UNIT($,.RADIAN.) );
#2477 = ( NAMED_UNIT(*) SI_UNIT($,.STERADIAN.) SOLID_ANGLE_UNIT() );
#2478 = UNCERTAINTY_MEASURE_WITH_UNIT(LENGTH_MEASURE(1.E-07),#2475,
  'distance_accuracy_value','confusion accuracy');
#2479 = CONTEXT_DEPENDENT_SHAPE_REPRESENTATION(#2480,#2482);
#2480 = ( REPRESENTATION_RELATIONSHIP('','',#1619,#1596) 
REPRESENTATION_RELATIONSHIP_WITH_TRANSFORMATION(#2481) 
SHAPE_REPRESENTATION_RELATIONSHIP() );
#2481 = ITEM_DEFINED_TRANSFORMATION('','',#11,#1597);
#2482 = PRODUCT_DEFINITION_SHAPE('Placement','Placement of an item',
  #2483);
#2483 = NEXT_ASSEMBLY_USAGE_OCCURRENCE('5','=>[0:1:1:7]','',#1591,#1614,
  $);
#2484 = PRODUCT_RELATED_PRODUCT_CATEGORY('part',$,(#1616));
#2485 = SHAPE_DEFINITION_REPRESENTATION(#2486,#2492);
#2486 = PRODUCT_DEFINITION_SHAPE('','',#2487);
#2487 = PRODUCT_DEFINITION('design','',#2488,#2491);
#2488 = PRODUCT_DEFINITION_FORMATION('','',#2489);
#2489 = PRODUCT('R_0603_1608Metric','R_0603_1608Metric','',(#2490));
#2490 = PRODUCT_CONTEXT('',#2,'mechanical');
#2491 = PRODUCT_DEFINITION_CONTEXT('part definition',#2,'design');
#2492 = SHAPE_REPRESENTATION('',(#11,#2493),#2497);
#2493 = AXIS2_PLACEMENT_3D('',#2494,#2495,#2496);
#2494 = CARTESIAN_POINT('',(0.,0.,0.));
#2495 = DIRECTION('',(0.,0.,1.));
#2496 = DIRECTION('',(1.,0.,-0.));
#2497 = ( GEOMETRIC_REPRESENTATION_CONTEXT(3) 
GLOBAL_UNCERTAINTY_ASSIGNED_CONTEXT((#2501)) 
GLOBAL_UNIT_ASSIGNED_CONTEXT((#2498,#2499,#2500)) REPRESENTATION_CONTEXT
('Context #1','3D Context with UNIT and UNCERTAINTY') );
#2498 = ( LENGTH_UNIT() NAMED_UNIT(*) SI_UNIT(.MILLI.,.METRE.) );
#2499 = ( NAMED_UNIT(*) PLANE_ANGLE_UNIT() SI_UNIT($,.RADIAN.) );
#2500 = ( NAMED_UNIT(*) SI_UNIT($,.STERADIAN.) SOLID_ANGLE_UNIT() );
#2501 = UNCERTAINTY_MEASURE_WITH_UNIT(LENGTH_MEASURE(1.E-07),#2498,
  'distance_accuracy_value','confusion accuracy');
#2502 = CONTEXT_DEPENDENT_SHAPE_REPRESENTATION(#2503,#2505);
#2503 = ( REPRESENTATION_RELATIONSHIP('','',#2492,#10) 
REPRESENTATION_RELATIONSHIP_WITH_TRANSFORMATION(#2504) 
SHAPE_REPRESENTATION_RELATIONSHIP() );
#2504 = ITEM_DEFINED_TRANSFORMATION('','',#11,#23);
#2505 = PRODUCT_DEFINITION_SHAPE('Placement','Placement of an item',
  #2506);
#2506 = NEXT_ASSEMBLY_USAGE_OCCURRENCE('8','R13','',#5,#2487,$);
#2507 = PRODUCT_RELATED_PRODUCT_CATEGORY('part',$,(#2489));
#2508 = SHAPE_DEFINITION_REPRESENTATION(#2509,#2515);
#2509 = PRODUCT_DEFINITION_SHAPE('','',#2510);
#2510 = PRODUCT_DEFINITION('design','',#2511,#2514);
#2511 = PRODUCT_DEFINITION_FORMATION('','',#2512);
#2512 = PRODUCT('R_0603_1608Metric','R_0603_1608Metric','',(#2513));
#2513 = PRODUCT_CONTEXT('',#2,'mechanical');
#2514 = PRODUCT_DEFINITION_CONTEXT('part definition',#2,'design');
#2515 = ADVANCED_BREP_SHAPE_REPRESENTATION('',(#11,#2516),#3306);
#2516 = MANIFOLD_SOLID_BREP('',#2517);
#2517 = CLOSED_SHELL('',(#2518,#2558,#2641,#2666,#2691,#2758,#2775,#2792
    ,#2841,#2858,#2875,#2924,#2941,#3010,#3041,#3065,#3134,#3158,#3175,
    #3192,#3209,#3226,#3243,#3260,#3277,#3294));
#2518 = ADVANCED_FACE('',(#2519),#2553,.F.);
#2519 = FACE_BOUND('',#2520,.F.);
#2520 = EDGE_LOOP('',(#2521,#2531,#2539,#2547));
#2521 = ORIENTED_EDGE('',*,*,#2522,.F.);
#2522 = EDGE_CURVE('',#2523,#2525,#2527,.T.);
#2523 = VERTEX_POINT('',#2524);
#2524 = CARTESIAN_POINT('',(-0.8,-0.4,4.5E-02));
#2525 = VERTEX_POINT('',#2526);
#2526 = CARTESIAN_POINT('',(-0.8,-0.4,0.405));
#2527 = LINE('',#2528,#2529);
#2528 = CARTESIAN_POINT('',(-0.8,-0.4,0.));
#2529 = VECTOR('',#2530,1.);
#2530 = DIRECTION('',(0.,0.,1.));
#2531 = ORIENTED_EDGE('',*,*,#2532,.T.);
#2532 = EDGE_CURVE('',#2523,#2533,#2535,.T.);
#2533 = VERTEX_POINT('',#2534);
#2534 = CARTESIAN_POINT('',(-0.8,0.4,4.5E-02));
#2535 = LINE('',#2536,#2537);
#2536 = CARTESIAN_POINT('',(-0.8,-0.4,4.5E-02));
#2537 = VECTOR('',#2538,1.);
#2538 = DIRECTION('',(0.,1.,0.));
#2539 = ORIENTED_EDGE('',*,*,#2540,.T.);
#2540 = EDGE_CURVE('',#2533,#2541,#2543,.T.);
#2541 = VERTEX_POINT('',#2542);
#2542 = CARTESIAN_POINT('',(-0.8,0.4,0.405));
#2543 = LINE('',#2544,#2545);
#2544 = CARTESIAN_POINT('',(-0.8,0.4,0.));
#2545 = VECTOR('',#2546,1.);
#2546 = DIRECTION('',(0.,0.,1.));
#2547 = ORIENTED_EDGE('',*,*,#2548,.F.);
#2548 = EDGE_CURVE('',#2525,#2541,#2549,.T.);
#2549 = LINE('',#2550,#2551);
#2550 = CARTESIAN_POINT('',(-0.8,-0.4,0.405));
#2551 = VECTOR('',#2552,1.);
#2552 = DIRECTION('',(0.,1.,0.));
#2553 = PLANE('',#2554);
#2554 = AXIS2_PLACEMENT_3D('',#2555,#2556,#2557);
#2555 = CARTESIAN_POINT('',(-0.8,-0.4,0.));
#2556 = DIRECTION('',(1.,0.,0.));
#2557 = DIRECTION('',(0.,0.,1.));
#2558 = ADVANCED_FACE('',(#2559),#2636,.F.);
#2559 = FACE_BOUND('',#2560,.F.);
#2560 = EDGE_LOOP('',(#2561,#2571,#2578,#2579,#2588,#2596,#2605,#2613,
    #2621,#2629));
#2561 = ORIENTED_EDGE('',*,*,#2562,.F.);
#2562 = EDGE_CURVE('',#2563,#2565,#2567,.T.);
#2563 = VERTEX_POINT('',#2564);
#2564 = CARTESIAN_POINT('',(-0.755,-0.4,-2.775557561563E-17));
#2565 = VERTEX_POINT('',#2566);
#2566 = CARTESIAN_POINT('',(-0.545,-0.4,-2.775557561563E-17));
#2567 = LINE('',#2568,#2569);
#2568 = CARTESIAN_POINT('',(-0.8,-0.4,0.));
#2569 = VECTOR('',#2570,1.);
#2570 = DIRECTION('',(1.,0.,0.));
#2571 = ORIENTED_EDGE('',*,*,#2572,.F.);
#2572 = EDGE_CURVE('',#2523,#2563,#2573,.T.);
#2573 = CIRCLE('',#2574,4.5E-02);
#2574 = AXIS2_PLACEMENT_3D('',#2575,#2576,#2577);
#2575 = CARTESIAN_POINT('',(-0.755,-0.4,4.5E-02));
#2576 = DIRECTION('',(0.,-1.,0.));
#2577 = DIRECTION('',(0.,0.,1.));
#2578 = ORIENTED_EDGE('',*,*,#2522,.T.);
#2579 = ORIENTED_EDGE('',*,*,#2580,.T.);
#2580 = EDGE_CURVE('',#2525,#2581,#2583,.T.);
#2581 = VERTEX_POINT('',#2582);
#2582 = CARTESIAN_POINT('',(-0.755,-0.4,0.45));
#2583 = CIRCLE('',#2584,4.5E-02);
#2584 = AXIS2_PLACEMENT_3D('',#2585,#2586,#2587);
#2585 = CARTESIAN_POINT('',(-0.755,-0.4,0.405));
#2586 = DIRECTION('',(0.,1.,0.));
#2587 = DIRECTION('',(0.,-0.,1.));
#2588 = ORIENTED_EDGE('',*,*,#2589,.T.);
#2589 = EDGE_CURVE('',#2581,#2590,#2592,.T.);
#2590 = VERTEX_POINT('',#2591);
#2591 = CARTESIAN_POINT('',(-0.545,-0.4,0.45));
#2592 = LINE('',#2593,#2594);
#2593 = CARTESIAN_POINT('',(-0.8,-0.4,0.45));
#2594 = VECTOR('',#2595,1.);
#2595 = DIRECTION('',(1.,0.,0.));
#2596 = ORIENTED_EDGE('',*,*,#2597,.F.);
#2597 = EDGE_CURVE('',#2598,#2590,#2600,.T.);
#2598 = VERTEX_POINT('',#2599);
#2599 = CARTESIAN_POINT('',(-0.5,-0.4,0.405));
#2600 = CIRCLE('',#2601,4.5E-02);
#2601 = AXIS2_PLACEMENT_3D('',#2602,#2603,#2604);
#2602 = CARTESIAN_POINT('',(-0.545,-0.4,0.405));
#2603 = DIRECTION('',(0.,-1.,0.));
#2604 = DIRECTION('',(0.,0.,1.));
#2605 = ORIENTED_EDGE('',*,*,#2606,.F.);
#2606 = EDGE_CURVE('',#2607,#2598,#2609,.T.);
#2607 = VERTEX_POINT('',#2608);
#2608 = CARTESIAN_POINT('',(-0.755,-0.4,0.405));
#2609 = LINE('',#2610,#2611);
#2610 = CARTESIAN_POINT('',(-0.755,-0.4,0.405));
#2611 = VECTOR('',#2612,1.);
#2612 = DIRECTION('',(1.,0.,0.));
#2613 = ORIENTED_EDGE('',*,*,#2614,.F.);
#2614 = EDGE_CURVE('',#2615,#2607,#2617,.T.);
#2615 = VERTEX_POINT('',#2616);
#2616 = CARTESIAN_POINT('',(-0.755,-0.4,4.5E-02));
#2617 = LINE('',#2618,#2619);
#2618 = CARTESIAN_POINT('',(-0.755,-0.4,4.5E-02));
#2619 = VECTOR('',#2620,1.);
#2620 = DIRECTION('',(0.,0.,1.));
#2621 = ORIENTED_EDGE('',*,*,#2622,.T.);
#2622 = EDGE_CURVE('',#2615,#2623,#2625,.T.);
#2623 = VERTEX_POINT('',#2624);
#2624 = CARTESIAN_POINT('',(-0.5,-0.4,4.5E-02));
#2625 = LINE('',#2626,#2627);
#2626 = CARTESIAN_POINT('',(-0.755,-0.4,4.5E-02));
#2627 = VECTOR('',#2628,1.);
#2628 = DIRECTION('',(1.,0.,0.));
#2629 = ORIENTED_EDGE('',*,*,#2630,.T.);
#2630 = EDGE_CURVE('',#2623,#2565,#2631,.T.);
#2631 = CIRCLE('',#2632,4.5E-02);
#2632 = AXIS2_PLACEMENT_3D('',#2633,#2634,#2635);
#2633 = CARTESIAN_POINT('',(-0.545,-0.4,4.5E-02));
#2634 = DIRECTION('',(0.,1.,0.));
#2635 = DIRECTION('',(0.,-0.,1.));
#2636 = PLANE('',#2637);
#2637 = AXIS2_PLACEMENT_3D('',#2638,#2639,#2640);
#2638 = CARTESIAN_POINT('',(-0.8,-0.4,0.));
#2639 = DIRECTION('',(0.,1.,0.));
#2640 = DIRECTION('',(0.,-0.,1.));
#2641 = ADVANCED_FACE('',(#2642),#2661,.T.);
#2642 = FACE_BOUND('',#2643,.T.);
#2643 = EDGE_LOOP('',(#2644,#2645,#2654,#2660));
#2644 = ORIENTED_EDGE('',*,*,#2532,.T.);
#2645 = ORIENTED_EDGE('',*,*,#2646,.T.);
#2646 = EDGE_CURVE('',#2533,#2647,#2649,.T.);
#2647 = VERTEX_POINT('',#2648);
#2648 = CARTESIAN_POINT('',(-0.755,0.4,-2.775557561563E-17));
#2649 = CIRCLE('',#2650,4.5E-02);
#2650 = AXIS2_PLACEMENT_3D('',#2651,#2652,#2653);
#2651 = CARTESIAN_POINT('',(-0.755,0.4,4.5E-02));
#2652 = DIRECTION('',(0.,-1.,0.));
#2653 = DIRECTION('',(0.,0.,1.));
#2654 = ORIENTED_EDGE('',*,*,#2655,.F.);
#2655 = EDGE_CURVE('',#2563,#2647,#2656,.T.);
#2656 = LINE('',#2657,#2658);
#2657 = CARTESIAN_POINT('',(-0.755,-0.4,-2.775557561563E-17));
#2658 = VECTOR('',#2659,1.);
#2659 = DIRECTION('',(0.,1.,0.));
#2660 = ORIENTED_EDGE('',*,*,#2572,.F.);
#2661 = CYLINDRICAL_SURFACE('',#2662,4.5E-02);
#2662 = AXIS2_PLACEMENT_3D('',#2663,#2664,#2665);
#2663 = CARTESIAN_POINT('',(-0.755,-0.4,4.5E-02));
#2664 = DIRECTION('',(0.,1.,0.));
#2665 = DIRECTION('',(-1.,0.,0.));
#2666 = ADVANCED_FACE('',(#2667),#2686,.T.);
#2667 = FACE_BOUND('',#2668,.T.);
#2668 = EDGE_LOOP('',(#2669,#2670,#2678,#2685));
#2669 = ORIENTED_EDGE('',*,*,#2580,.T.);
#2670 = ORIENTED_EDGE('',*,*,#2671,.T.);
#2671 = EDGE_CURVE('',#2581,#2672,#2674,.T.);
#2672 = VERTEX_POINT('',#2673);
#2673 = CARTESIAN_POINT('',(-0.755,0.4,0.45));
#2674 = LINE('',#2675,#2676);
#2675 = CARTESIAN_POINT('',(-0.755,-0.4,0.45));
#2676 = VECTOR('',#2677,1.);
#2677 = DIRECTION('',(0.,1.,0.));
#2678 = ORIENTED_EDGE('',*,*,#2679,.F.);
#2679 = EDGE_CURVE('',#2541,#2672,#2680,.T.);
#2680 = CIRCLE('',#2681,4.5E-02);
#2681 = AXIS2_PLACEMENT_3D('',#2682,#2683,#2684);
#2682 = CARTESIAN_POINT('',(-0.755,0.4,0.405));
#2683 = DIRECTION('',(0.,1.,0.));
#2684 = DIRECTION('',(0.,-0.,1.));
#2685 = ORIENTED_EDGE('',*,*,#2548,.F.);
#2686 = CYLINDRICAL_SURFACE('',#2687,4.5E-02);
#2687 = AXIS2_PLACEMENT_3D('',#2688,#2689,#2690);
#2688 = CARTESIAN_POINT('',(-0.755,-0.4,0.405));
#2689 = DIRECTION('',(0.,1.,0.));
#2690 = DIRECTION('',(-1.,0.,0.));
#2691 = ADVANCED_FACE('',(#2692),#2753,.T.);
#2692 = FACE_BOUND('',#2693,.T.);
#2693 = EDGE_LOOP('',(#2694,#2702,#2703,#2704,#2705,#2713,#2722,#2730,
    #2738,#2746));
#2694 = ORIENTED_EDGE('',*,*,#2695,.F.);
#2695 = EDGE_CURVE('',#2647,#2696,#2698,.T.);
#2696 = VERTEX_POINT('',#2697);
#2697 = CARTESIAN_POINT('',(-0.545,0.4,-2.775557561563E-17));
#2698 = LINE('',#2699,#2700);
#2699 = CARTESIAN_POINT('',(-0.8,0.4,0.));
#2700 = VECTOR('',#2701,1.);
#2701 = DIRECTION('',(1.,0.,0.));
#2702 = ORIENTED_EDGE('',*,*,#2646,.F.);
#2703 = ORIENTED_EDGE('',*,*,#2540,.T.);
#2704 = ORIENTED_EDGE('',*,*,#2679,.T.);
#2705 = ORIENTED_EDGE('',*,*,#2706,.T.);
#2706 = EDGE_CURVE('',#2672,#2707,#2709,.T.);
#2707 = VERTEX_POINT('',#2708);
#2708 = CARTESIAN_POINT('',(-0.545,0.4,0.45));
#2709 = LINE('',#2710,#2711);
#2710 = CARTESIAN_POINT('',(-0.8,0.4,0.45));
#2711 = VECTOR('',#2712,1.);
#2712 = DIRECTION('',(1.,0.,0.));
#2713 = ORIENTED_EDGE('',*,*,#2714,.F.);
#2714 = EDGE_CURVE('',#2715,#2707,#2717,.T.);
#2715 = VERTEX_POINT('',#2716);
#2716 = CARTESIAN_POINT('',(-0.5,0.4,0.405));
#2717 = CIRCLE('',#2718,4.5E-02);
#2718 = AXIS2_PLACEMENT_3D('',#2719,#2720,#2721);
#2719 = CARTESIAN_POINT('',(-0.545,0.4,0.405));
#2720 = DIRECTION('',(0.,-1.,0.));
#2721 = DIRECTION('',(0.,0.,1.));
#2722 = ORIENTED_EDGE('',*,*,#2723,.F.);
#2723 = EDGE_CURVE('',#2724,#2715,#2726,.T.);
#2724 = VERTEX_POINT('',#2725);
#2725 = CARTESIAN_POINT('',(-0.755,0.4,0.405));
#2726 = LINE('',#2727,#2728);
#2727 = CARTESIAN_POINT('',(-0.755,0.4,0.405));
#2728 = VECTOR('',#2729,1.);
#2729 = DIRECTION('',(1.,0.,0.));
#2730 = ORIENTED_EDGE('',*,*,#2731,.F.);
#2731 = EDGE_CURVE('',#2732,#2724,#2734,.T.);
#2732 = VERTEX_POINT('',#2733);
#2733 = CARTESIAN_POINT('',(-0.755,0.4,4.5E-02));
#2734 = LINE('',#2735,#2736);
#2735 = CARTESIAN_POINT('',(-0.755,0.4,4.5E-02));
#2736 = VECTOR('',#2737,1.);
#2737 = DIRECTION('',(0.,0.,1.));
#2738 = ORIENTED_EDGE('',*,*,#2739,.T.);
#2739 = EDGE_CURVE('',#2732,#2740,#2742,.T.);
#2740 = VERTEX_POINT('',#2741);
#2741 = CARTESIAN_POINT('',(-0.5,0.4,4.5E-02));
#2742 = LINE('',#2743,#2744);
#2743 = CARTESIAN_POINT('',(-0.755,0.4,4.5E-02));
#2744 = VECTOR('',#2745,1.);
#2745 = DIRECTION('',(1.,0.,0.));
#2746 = ORIENTED_EDGE('',*,*,#2747,.T.);
#2747 = EDGE_CURVE('',#2740,#2696,#2748,.T.);
#2748 = CIRCLE('',#2749,4.5E-02);
#2749 = AXIS2_PLACEMENT_3D('',#2750,#2751,#2752);
#2750 = CARTESIAN_POINT('',(-0.545,0.4,4.5E-02));
#2751 = DIRECTION('',(0.,1.,0.));
#2752 = DIRECTION('',(0.,-0.,1.));
#2753 = PLANE('',#2754);
#2754 = AXIS2_PLACEMENT_3D('',#2755,#2756,#2757);
#2755 = CARTESIAN_POINT('',(-0.8,0.4,0.));
#2756 = DIRECTION('',(0.,1.,0.));
#2757 = DIRECTION('',(0.,-0.,1.));
#2758 = ADVANCED_FACE('',(#2759),#2770,.F.);
#2759 = FACE_BOUND('',#2760,.F.);
#2760 = EDGE_LOOP('',(#2761,#2762,#2763,#2764));
#2761 = ORIENTED_EDGE('',*,*,#2695,.F.);
#2762 = ORIENTED_EDGE('',*,*,#2655,.F.);
#2763 = ORIENTED_EDGE('',*,*,#2562,.T.);
#2764 = ORIENTED_EDGE('',*,*,#2765,.T.);
#2765 = EDGE_CURVE('',#2565,#2696,#2766,.T.);
#2766 = LINE('',#2767,#2768);
#2767 = CARTESIAN_POINT('',(-0.545,-0.4,-2.775557561563E-17));
#2768 = VECTOR('',#2769,1.);
#2769 = DIRECTION('',(0.,1.,0.));
#2770 = PLANE('',#2771);
#2771 = AXIS2_PLACEMENT_3D('',#2772,#2773,#2774);
#2772 = CARTESIAN_POINT('',(-0.8,-0.4,0.));
#2773 = DIRECTION('',(0.,0.,1.));
#2774 = DIRECTION('',(1.,0.,-0.));
#2775 = ADVANCED_FACE('',(#2776),#2787,.T.);
#2776 = FACE_BOUND('',#2777,.T.);
#2777 = EDGE_LOOP('',(#2778,#2779,#2780,#2781));
#2778 = ORIENTED_EDGE('',*,*,#2630,.T.);
#2779 = ORIENTED_EDGE('',*,*,#2765,.T.);
#2780 = ORIENTED_EDGE('',*,*,#2747,.F.);
#2781 = ORIENTED_EDGE('',*,*,#2782,.F.);
#2782 = EDGE_CURVE('',#2623,#2740,#2783,.T.);
#2783 = LINE('',#2784,#2785);
#2784 = CARTESIAN_POINT('',(-0.5,-0.4,4.5E-02));
#2785 = VECTOR('',#2786,1.);
#2786 = DIRECTION('',(0.,1.,0.));
#2787 = CYLINDRICAL_SURFACE('',#2788,4.5E-02);
#2788 = AXIS2_PLACEMENT_3D('',#2789,#2790,#2791);
#2789 = CARTESIAN_POINT('',(-0.545,-0.4,4.5E-02));
#2790 = DIRECTION('',(0.,1.,0.));
#2791 = DIRECTION('',(1.,0.,0.));
#2792 = ADVANCED_FACE('',(#2793),#2836,.F.);
#2793 = FACE_BOUND('',#2794,.F.);
#2794 = EDGE_LOOP('',(#2795,#2796,#2797,#2798,#2806,#2814,#2822,#2830));
#2795 = ORIENTED_EDGE('',*,*,#2622,.F.);
#2796 = ORIENTED_EDGE('',*,*,#2614,.T.);
#2797 = ORIENTED_EDGE('',*,*,#2606,.T.);
#2798 = ORIENTED_EDGE('',*,*,#2799,.T.);
#2799 = EDGE_CURVE('',#2598,#2800,#2802,.T.);
#2800 = VERTEX_POINT('',#2801);
#2801 = CARTESIAN_POINT('',(0.5,-0.4,0.405));
#2802 = LINE('',#2803,#2804);
#2803 = CARTESIAN_POINT('',(-0.5,-0.4,0.405));
#2804 = VECTOR('',#2805,1.);
#2805 = DIRECTION('',(1.,0.,0.));
#2806 = ORIENTED_EDGE('',*,*,#2807,.T.);
#2807 = EDGE_CURVE('',#2800,#2808,#2810,.T.);
#2808 = VERTEX_POINT('',#2809);
#2809 = CARTESIAN_POINT('',(0.755,-0.4,0.405));
#2810 = LINE('',#2811,#2812);
#2811 = CARTESIAN_POINT('',(-0.755,-0.4,0.405));
#2812 = VECTOR('',#2813,1.);
#2813 = DIRECTION('',(1.,0.,0.));
#2814 = ORIENTED_EDGE('',*,*,#2815,.F.);
#2815 = EDGE_CURVE('',#2816,#2808,#2818,.T.);
#2816 = VERTEX_POINT('',#2817);
#2817 = CARTESIAN_POINT('',(0.755,-0.4,4.5E-02));
#2818 = LINE('',#2819,#2820);
#2819 = CARTESIAN_POINT('',(0.755,-0.4,4.5E-02));
#2820 = VECTOR('',#2821,1.);
#2821 = DIRECTION('',(0.,0.,1.));
#2822 = ORIENTED_EDGE('',*,*,#2823,.F.);
#2823 = EDGE_CURVE('',#2824,#2816,#2826,.T.);
#2824 = VERTEX_POINT('',#2825);
#2825 = CARTESIAN_POINT('',(0.5,-0.4,4.5E-02));
#2826 = LINE('',#2827,#2828);
#2827 = CARTESIAN_POINT('',(-0.755,-0.4,4.5E-02));
#2828 = VECTOR('',#2829,1.);
#2829 = DIRECTION('',(1.,0.,0.));
#2830 = ORIENTED_EDGE('',*,*,#2831,.F.);
#2831 = EDGE_CURVE('',#2623,#2824,#2832,.T.);
#2832 = LINE('',#2833,#2834);
#2833 = CARTESIAN_POINT('',(-0.755,-0.4,4.5E-02));
#2834 = VECTOR('',#2835,1.);
#2835 = DIRECTION('',(1.,0.,0.));
#2836 = PLANE('',#2837);
#2837 = AXIS2_PLACEMENT_3D('',#2838,#2839,#2840);
#2838 = CARTESIAN_POINT('',(-0.755,-0.4,4.5E-02));
#2839 = DIRECTION('',(0.,1.,0.));
#2840 = DIRECTION('',(0.,-0.,1.));
#2841 = ADVANCED_FACE('',(#2842),#2853,.T.);
#2842 = FACE_BOUND('',#2843,.T.);
#2843 = EDGE_LOOP('',(#2844,#2845,#2846,#2847));
#2844 = ORIENTED_EDGE('',*,*,#2706,.F.);
#2845 = ORIENTED_EDGE('',*,*,#2671,.F.);
#2846 = ORIENTED_EDGE('',*,*,#2589,.T.);
#2847 = ORIENTED_EDGE('',*,*,#2848,.T.);
#2848 = EDGE_CURVE('',#2590,#2707,#2849,.T.);
#2849 = LINE('',#2850,#2851);
#2850 = CARTESIAN_POINT('',(-0.545,-0.4,0.45));
#2851 = VECTOR('',#2852,1.);
#2852 = DIRECTION('',(0.,1.,0.));
#2853 = PLANE('',#2854);
#2854 = AXIS2_PLACEMENT_3D('',#2855,#2856,#2857);
#2855 = CARTESIAN_POINT('',(-0.8,-0.4,0.45));
#2856 = DIRECTION('',(0.,0.,1.));
#2857 = DIRECTION('',(1.,0.,-0.));
#2858 = ADVANCED_FACE('',(#2859),#2870,.T.);
#2859 = FACE_BOUND('',#2860,.T.);
#2860 = EDGE_LOOP('',(#2861,#2867,#2868,#2869));
#2861 = ORIENTED_EDGE('',*,*,#2862,.T.);
#2862 = EDGE_CURVE('',#2598,#2715,#2863,.T.);
#2863 = LINE('',#2864,#2865);
#2864 = CARTESIAN_POINT('',(-0.5,-0.4,0.405));
#2865 = VECTOR('',#2866,1.);
#2866 = DIRECTION('',(0.,1.,0.));
#2867 = ORIENTED_EDGE('',*,*,#2714,.T.);
#2868 = ORIENTED_EDGE('',*,*,#2848,.F.);
#2869 = ORIENTED_EDGE('',*,*,#2597,.F.);
#2870 = CYLINDRICAL_SURFACE('',#2871,4.5E-02);
#2871 = AXIS2_PLACEMENT_3D('',#2872,#2873,#2874);
#2872 = CARTESIAN_POINT('',(-0.545,-0.4,0.405));
#2873 = DIRECTION('',(0.,1.,0.));
#2874 = DIRECTION('',(1.,0.,0.));
#2875 = ADVANCED_FACE('',(#2876),#2919,.T.);
#2876 = FACE_BOUND('',#2877,.T.);
#2877 = EDGE_LOOP('',(#2878,#2879,#2880,#2881,#2889,#2897,#2905,#2913));
#2878 = ORIENTED_EDGE('',*,*,#2739,.F.);
#2879 = ORIENTED_EDGE('',*,*,#2731,.T.);
#2880 = ORIENTED_EDGE('',*,*,#2723,.T.);
#2881 = ORIENTED_EDGE('',*,*,#2882,.T.);
#2882 = EDGE_CURVE('',#2715,#2883,#2885,.T.);
#2883 = VERTEX_POINT('',#2884);
#2884 = CARTESIAN_POINT('',(0.5,0.4,0.405));
#2885 = LINE('',#2886,#2887);
#2886 = CARTESIAN_POINT('',(-0.5,0.4,0.405));
#2887 = VECTOR('',#2888,1.);
#2888 = DIRECTION('',(1.,0.,0.));
#2889 = ORIENTED_EDGE('',*,*,#2890,.T.);
#2890 = EDGE_CURVE('',#2883,#2891,#2893,.T.);
#2891 = VERTEX_POINT('',#2892);
#2892 = CARTESIAN_POINT('',(0.755,0.4,0.405));
#2893 = LINE('',#2894,#2895);
#2894 = CARTESIAN_POINT('',(-0.755,0.4,0.405));
#2895 = VECTOR('',#2896,1.);
#2896 = DIRECTION('',(1.,0.,0.));
#2897 = ORIENTED_EDGE('',*,*,#2898,.F.);
#2898 = EDGE_CURVE('',#2899,#2891,#2901,.T.);
#2899 = VERTEX_POINT('',#2900);
#2900 = CARTESIAN_POINT('',(0.755,0.4,4.5E-02));
#2901 = LINE('',#2902,#2903);
#2902 = CARTESIAN_POINT('',(0.755,0.4,4.5E-02));
#2903 = VECTOR('',#2904,1.);
#2904 = DIRECTION('',(0.,0.,1.));
#2905 = ORIENTED_EDGE('',*,*,#2906,.F.);
#2906 = EDGE_CURVE('',#2907,#2899,#2909,.T.);
#2907 = VERTEX_POINT('',#2908);
#2908 = CARTESIAN_POINT('',(0.5,0.4,4.5E-02));
#2909 = LINE('',#2910,#2911);
#2910 = CARTESIAN_POINT('',(-0.755,0.4,4.5E-02));
#2911 = VECTOR('',#2912,1.);
#2912 = DIRECTION('',(1.,0.,0.));
#2913 = ORIENTED_EDGE('',*,*,#2914,.F.);
#2914 = EDGE_CURVE('',#2740,#2907,#2915,.T.);
#2915 = LINE('',#2916,#2917);
#2916 = CARTESIAN_POINT('',(-0.755,0.4,4.5E-02));
#2917 = VECTOR('',#2918,1.);
#2918 = DIRECTION('',(1.,0.,0.));
#2919 = PLANE('',#2920);
#2920 = AXIS2_PLACEMENT_3D('',#2921,#2922,#2923);
#2921 = CARTESIAN_POINT('',(-0.755,0.4,4.5E-02));
#2922 = DIRECTION('',(0.,1.,0.));
#2923 = DIRECTION('',(0.,-0.,1.));
#2924 = ADVANCED_FACE('',(#2925),#2936,.F.);
#2925 = FACE_BOUND('',#2926,.F.);
#2926 = EDGE_LOOP('',(#2927,#2928,#2929,#2935));
#2927 = ORIENTED_EDGE('',*,*,#2782,.F.);
#2928 = ORIENTED_EDGE('',*,*,#2831,.T.);
#2929 = ORIENTED_EDGE('',*,*,#2930,.T.);
#2930 = EDGE_CURVE('',#2824,#2907,#2931,.T.);
#2931 = LINE('',#2932,#2933);
#2932 = CARTESIAN_POINT('',(0.5,-0.4,4.5E-02));
#2933 = VECTOR('',#2934,1.);
#2934 = DIRECTION('',(0.,1.,0.));
#2935 = ORIENTED_EDGE('',*,*,#2914,.F.);
#2936 = PLANE('',#2937);
#2937 = AXIS2_PLACEMENT_3D('',#2938,#2939,#2940);
#2938 = CARTESIAN_POINT('',(-0.755,-0.4,4.5E-02));
#2939 = DIRECTION('',(0.,0.,1.));
#2940 = DIRECTION('',(1.,0.,-0.));
#2941 = ADVANCED_FACE('',(#2942),#3005,.F.);
#2942 = FACE_BOUND('',#2943,.F.);
#2943 = EDGE_LOOP('',(#2944,#2954,#2961,#2962,#2963,#2964,#2973,#2981,
    #2990,#2998));
#2944 = ORIENTED_EDGE('',*,*,#2945,.F.);
#2945 = EDGE_CURVE('',#2946,#2948,#2950,.T.);
#2946 = VERTEX_POINT('',#2947);
#2947 = CARTESIAN_POINT('',(0.545,-0.4,-2.775557561563E-17));
#2948 = VERTEX_POINT('',#2949);
#2949 = CARTESIAN_POINT('',(0.755,-0.4,-2.775557561563E-17));
#2950 = LINE('',#2951,#2952);
#2951 = CARTESIAN_POINT('',(0.5,-0.4,0.));
#2952 = VECTOR('',#2953,1.);
#2953 = DIRECTION('',(1.,0.,0.));
#2954 = ORIENTED_EDGE('',*,*,#2955,.F.);
#2955 = EDGE_CURVE('',#2824,#2946,#2956,.T.);
#2956 = CIRCLE('',#2957,4.5E-02);
#2957 = AXIS2_PLACEMENT_3D('',#2958,#2959,#2960);
#2958 = CARTESIAN_POINT('',(0.545,-0.4,4.5E-02));
#2959 = DIRECTION('',(0.,-1.,0.));
#2960 = DIRECTION('',(0.,0.,1.));
#2961 = ORIENTED_EDGE('',*,*,#2823,.T.);
#2962 = ORIENTED_EDGE('',*,*,#2815,.T.);
#2963 = ORIENTED_EDGE('',*,*,#2807,.F.);
#2964 = ORIENTED_EDGE('',*,*,#2965,.T.);
#2965 = EDGE_CURVE('',#2800,#2966,#2968,.T.);
#2966 = VERTEX_POINT('',#2967);
#2967 = CARTESIAN_POINT('',(0.545,-0.4,0.45));
#2968 = CIRCLE('',#2969,4.5E-02);
#2969 = AXIS2_PLACEMENT_3D('',#2970,#2971,#2972);
#2970 = CARTESIAN_POINT('',(0.545,-0.4,0.405));
#2971 = DIRECTION('',(0.,1.,0.));
#2972 = DIRECTION('',(0.,-0.,1.));
#2973 = ORIENTED_EDGE('',*,*,#2974,.T.);
#2974 = EDGE_CURVE('',#2966,#2975,#2977,.T.);
#2975 = VERTEX_POINT('',#2976);
#2976 = CARTESIAN_POINT('',(0.755,-0.4,0.45));
#2977 = LINE('',#2978,#2979);
#2978 = CARTESIAN_POINT('',(0.5,-0.4,0.45));
#2979 = VECTOR('',#2980,1.);
#2980 = DIRECTION('',(1.,0.,0.));
#2981 = ORIENTED_EDGE('',*,*,#2982,.F.);
#2982 = EDGE_CURVE('',#2983,#2975,#2985,.T.);
#2983 = VERTEX_POINT('',#2984);
#2984 = CARTESIAN_POINT('',(0.8,-0.4,0.405));
#2985 = CIRCLE('',#2986,4.5E-02);
#2986 = AXIS2_PLACEMENT_3D('',#2987,#2988,#2989);
#2987 = CARTESIAN_POINT('',(0.755,-0.4,0.405));
#2988 = DIRECTION('',(0.,-1.,0.));
#2989 = DIRECTION('',(0.,0.,1.));
#2990 = ORIENTED_EDGE('',*,*,#2991,.F.);
#2991 = EDGE_CURVE('',#2992,#2983,#2994,.T.);
#2992 = VERTEX_POINT('',#2993);
#2993 = CARTESIAN_POINT('',(0.8,-0.4,4.5E-02));
#2994 = LINE('',#2995,#2996);
#2995 = CARTESIAN_POINT('',(0.8,-0.4,0.));
#2996 = VECTOR('',#2997,1.);
#2997 = DIRECTION('',(0.,0.,1.));
#2998 = ORIENTED_EDGE('',*,*,#2999,.T.);
#2999 = EDGE_CURVE('',#2992,#2948,#3000,.T.);
#3000 = CIRCLE('',#3001,4.5E-02);
#3001 = AXIS2_PLACEMENT_3D('',#3002,#3003,#3004);
#3002 = CARTESIAN_POINT('',(0.755,-0.4,4.5E-02));
#3003 = DIRECTION('',(0.,1.,0.));
#3004 = DIRECTION('',(0.,-0.,1.));
#3005 = PLANE('',#3006);
#3006 = AXIS2_PLACEMENT_3D('',#3007,#3008,#3009);
#3007 = CARTESIAN_POINT('',(0.5,-0.4,0.));
#3008 = DIRECTION('',(0.,1.,0.));
#3009 = DIRECTION('',(0.,-0.,1.));
#3010 = ADVANCED_FACE('',(#3011),#3036,.F.);
#3011 = FACE_BOUND('',#3012,.F.);
#3012 = EDGE_LOOP('',(#3013,#3014,#3022,#3030));
#3013 = ORIENTED_EDGE('',*,*,#2799,.F.);
#3014 = ORIENTED_EDGE('',*,*,#3015,.T.);
#3015 = EDGE_CURVE('',#2598,#3016,#3018,.T.);
#3016 = VERTEX_POINT('',#3017);
#3017 = CARTESIAN_POINT('',(-0.5,-0.4,0.45));
#3018 = LINE('',#3019,#3020);
#3019 = CARTESIAN_POINT('',(-0.5,-0.4,0.405));
#3020 = VECTOR('',#3021,1.);
#3021 = DIRECTION('',(0.,0.,1.));
#3022 = ORIENTED_EDGE('',*,*,#3023,.T.);
#3023 = EDGE_CURVE('',#3016,#3024,#3026,.T.);
#3024 = VERTEX_POINT('',#3025);
#3025 = CARTESIAN_POINT('',(0.5,-0.4,0.45));
#3026 = LINE('',#3027,#3028);
#3027 = CARTESIAN_POINT('',(-0.5,-0.4,0.45));
#3028 = VECTOR('',#3029,1.);
#3029 = DIRECTION('',(1.,0.,0.));
#3030 = ORIENTED_EDGE('',*,*,#3031,.F.);
#3031 = EDGE_CURVE('',#2800,#3024,#3032,.T.);
#3032 = LINE('',#3033,#3034);
#3033 = CARTESIAN_POINT('',(0.5,-0.4,0.405));
#3034 = VECTOR('',#3035,1.);
#3035 = DIRECTION('',(0.,0.,1.));
#3036 = PLANE('',#3037);
#3037 = AXIS2_PLACEMENT_3D('',#3038,#3039,#3040);
#3038 = CARTESIAN_POINT('',(-0.5,-0.4,0.405));
#3039 = DIRECTION('',(0.,1.,0.));
#3040 = DIRECTION('',(0.,-0.,1.));
#3041 = ADVANCED_FACE('',(#3042),#3060,.F.);
#3042 = FACE_BOUND('',#3043,.F.);
#3043 = EDGE_LOOP('',(#3044,#3045,#3046,#3054));
#3044 = ORIENTED_EDGE('',*,*,#3015,.F.);
#3045 = ORIENTED_EDGE('',*,*,#2862,.T.);
#3046 = ORIENTED_EDGE('',*,*,#3047,.T.);
#3047 = EDGE_CURVE('',#2715,#3048,#3050,.T.);
#3048 = VERTEX_POINT('',#3049);
#3049 = CARTESIAN_POINT('',(-0.5,0.4,0.45));
#3050 = LINE('',#3051,#3052);
#3051 = CARTESIAN_POINT('',(-0.5,0.4,0.405));
#3052 = VECTOR('',#3053,1.);
#3053 = DIRECTION('',(0.,0.,1.));
#3054 = ORIENTED_EDGE('',*,*,#3055,.F.);
#3055 = EDGE_CURVE('',#3016,#3048,#3056,.T.);
#3056 = LINE('',#3057,#3058);
#3057 = CARTESIAN_POINT('',(-0.5,-0.4,0.45));
#3058 = VECTOR('',#3059,1.);
#3059 = DIRECTION('',(0.,1.,0.));
#3060 = PLANE('',#3061);
#3061 = AXIS2_PLACEMENT_3D('',#3062,#3063,#3064);
#3062 = CARTESIAN_POINT('',(-0.5,-0.4,0.405));
#3063 = DIRECTION('',(1.,0.,0.));
#3064 = DIRECTION('',(0.,0.,1.));
#3065 = ADVANCED_FACE('',(#3066),#3129,.T.);
#3066 = FACE_BOUND('',#3067,.T.);
#3067 = EDGE_LOOP('',(#3068,#3078,#3085,#3086,#3087,#3088,#3097,#3105,
    #3114,#3122));
#3068 = ORIENTED_EDGE('',*,*,#3069,.F.);
#3069 = EDGE_CURVE('',#3070,#3072,#3074,.T.);
#3070 = VERTEX_POINT('',#3071);
#3071 = CARTESIAN_POINT('',(0.545,0.4,-2.775557561563E-17));
#3072 = VERTEX_POINT('',#3073);
#3073 = CARTESIAN_POINT('',(0.755,0.4,-2.775557561563E-17));
#3074 = LINE('',#3075,#3076);
#3075 = CARTESIAN_POINT('',(0.5,0.4,0.));
#3076 = VECTOR('',#3077,1.);
#3077 = DIRECTION('',(1.,0.,0.));
#3078 = ORIENTED_EDGE('',*,*,#3079,.F.);
#3079 = EDGE_CURVE('',#2907,#3070,#3080,.T.);
#3080 = CIRCLE('',#3081,4.5E-02);
#3081 = AXIS2_PLACEMENT_3D('',#3082,#3083,#3084);
#3082 = CARTESIAN_POINT('',(0.545,0.4,4.5E-02));
#3083 = DIRECTION('',(0.,-1.,0.));
#3084 = DIRECTION('',(0.,0.,1.));
#3085 = ORIENTED_EDGE('',*,*,#2906,.T.);
#3086 = ORIENTED_EDGE('',*,*,#2898,.T.);
#3087 = ORIENTED_EDGE('',*,*,#2890,.F.);
#3088 = ORIENTED_EDGE('',*,*,#3089,.T.);
#3089 = EDGE_CURVE('',#2883,#3090,#3092,.T.);
#3090 = VERTEX_POINT('',#3091);
#3091 = CARTESIAN_POINT('',(0.545,0.4,0.45));
#3092 = CIRCLE('',#3093,4.5E-02);
#3093 = AXIS2_PLACEMENT_3D('',#3094,#3095,#3096);
#3094 = CARTESIAN_POINT('',(0.545,0.4,0.405));
#3095 = DIRECTION('',(0.,1.,0.));
#3096 = DIRECTION('',(0.,-0.,1.));
#3097 = ORIENTED_EDGE('',*,*,#3098,.T.);
#3098 = EDGE_CURVE('',#3090,#3099,#3101,.T.);
#3099 = VERTEX_POINT('',#3100);
#3100 = CARTESIAN_POINT('',(0.755,0.4,0.45));
#3101 = LINE('',#3102,#3103);
#3102 = CARTESIAN_POINT('',(0.5,0.4,0.45));
#3103 = VECTOR('',#3104,1.);
#3104 = DIRECTION('',(1.,0.,0.));
#3105 = ORIENTED_EDGE('',*,*,#3106,.F.);
#3106 = EDGE_CURVE('',#3107,#3099,#3109,.T.);
#3107 = VERTEX_POINT('',#3108);
#3108 = CARTESIAN_POINT('',(0.8,0.4,0.405));
#3109 = CIRCLE('',#3110,4.5E-02);
#3110 = AXIS2_PLACEMENT_3D('',#3111,#3112,#3113);
#3111 = CARTESIAN_POINT('',(0.755,0.4,0.405));
#3112 = DIRECTION('',(0.,-1.,0.));
#3113 = DIRECTION('',(0.,0.,1.));
#3114 = ORIENTED_EDGE('',*,*,#3115,.F.);
#3115 = EDGE_CURVE('',#3116,#3107,#3118,.T.);
#3116 = VERTEX_POINT('',#3117);
#3117 = CARTESIAN_POINT('',(0.8,0.4,4.5E-02));
#3118 = LINE('',#3119,#3120);
#3119 = CARTESIAN_POINT('',(0.8,0.4,0.));
#3120 = VECTOR('',#3121,1.);
#3121 = DIRECTION('',(0.,0.,1.));
#3122 = ORIENTED_EDGE('',*,*,#3123,.T.);
#3123 = EDGE_CURVE('',#3116,#3072,#3124,.T.);
#3124 = CIRCLE('',#3125,4.5E-02);
#3125 = AXIS2_PLACEMENT_3D('',#3126,#3127,#3128);
#3126 = CARTESIAN_POINT('',(0.755,0.4,4.5E-02));
#3127 = DIRECTION('',(0.,1.,0.));
#3128 = DIRECTION('',(0.,-0.,1.));
#3129 = PLANE('',#3130);
#3130 = AXIS2_PLACEMENT_3D('',#3131,#3132,#3133);
#3131 = CARTESIAN_POINT('',(0.5,0.4,0.));
#3132 = DIRECTION('',(0.,1.,0.));
#3133 = DIRECTION('',(0.,-0.,1.));
#3134 = ADVANCED_FACE('',(#3135),#3153,.T.);
#3135 = FACE_BOUND('',#3136,.T.);
#3136 = EDGE_LOOP('',(#3137,#3138,#3139,#3147));
#3137 = ORIENTED_EDGE('',*,*,#2882,.F.);
#3138 = ORIENTED_EDGE('',*,*,#3047,.T.);
#3139 = ORIENTED_EDGE('',*,*,#3140,.T.);
#3140 = EDGE_CURVE('',#3048,#3141,#3143,.T.);
#3141 = VERTEX_POINT('',#3142);
#3142 = CARTESIAN_POINT('',(0.5,0.4,0.45));
#3143 = LINE('',#3144,#3145);
#3144 = CARTESIAN_POINT('',(-0.5,0.4,0.45));
#3145 = VECTOR('',#3146,1.);
#3146 = DIRECTION('',(1.,0.,0.));
#3147 = ORIENTED_EDGE('',*,*,#3148,.F.);
#3148 = EDGE_CURVE('',#2883,#3141,#3149,.T.);
#3149 = LINE('',#3150,#3151);
#3150 = CARTESIAN_POINT('',(0.5,0.4,0.405));
#3151 = VECTOR('',#3152,1.);
#3152 = DIRECTION('',(0.,0.,1.));
#3153 = PLANE('',#3154);
#3154 = AXIS2_PLACEMENT_3D('',#3155,#3156,#3157);
#3155 = CARTESIAN_POINT('',(-0.5,0.4,0.405));
#3156 = DIRECTION('',(0.,1.,0.));
#3157 = DIRECTION('',(0.,-0.,1.));
#3158 = ADVANCED_FACE('',(#3159),#3170,.T.);
#3159 = FACE_BOUND('',#3160,.T.);
#3160 = EDGE_LOOP('',(#3161,#3162,#3163,#3169));
#3161 = ORIENTED_EDGE('',*,*,#2930,.T.);
#3162 = ORIENTED_EDGE('',*,*,#3079,.T.);
#3163 = ORIENTED_EDGE('',*,*,#3164,.F.);
#3164 = EDGE_CURVE('',#2946,#3070,#3165,.T.);
#3165 = LINE('',#3166,#3167);
#3166 = CARTESIAN_POINT('',(0.545,-0.4,-2.775557561563E-17));
#3167 = VECTOR('',#3168,1.);
#3168 = DIRECTION('',(0.,1.,0.));
#3169 = ORIENTED_EDGE('',*,*,#2955,.F.);
#3170 = CYLINDRICAL_SURFACE('',#3171,4.5E-02);
#3171 = AXIS2_PLACEMENT_3D('',#3172,#3173,#3174);
#3172 = CARTESIAN_POINT('',(0.545,-0.4,4.5E-02));
#3173 = DIRECTION('',(0.,1.,0.));
#3174 = DIRECTION('',(-1.,0.,0.));
#3175 = ADVANCED_FACE('',(#3176),#3187,.F.);
#3176 = FACE_BOUND('',#3177,.F.);
#3177 = EDGE_LOOP('',(#3178,#3179,#3180,#3181));
#3178 = ORIENTED_EDGE('',*,*,#3069,.F.);
#3179 = ORIENTED_EDGE('',*,*,#3164,.F.);
#3180 = ORIENTED_EDGE('',*,*,#2945,.T.);
#3181 = ORIENTED_EDGE('',*,*,#3182,.T.);
#3182 = EDGE_CURVE('',#2948,#3072,#3183,.T.);
#3183 = LINE('',#3184,#3185);
#3184 = CARTESIAN_POINT('',(0.755,-0.4,-2.775557561563E-17));
#3185 = VECTOR('',#3186,1.);
#3186 = DIRECTION('',(0.,1.,0.));
#3187 = PLANE('',#3188);
#3188 = AXIS2_PLACEMENT_3D('',#3189,#3190,#3191);
#3189 = CARTESIAN_POINT('',(0.5,-0.4,0.));
#3190 = DIRECTION('',(0.,0.,1.));
#3191 = DIRECTION('',(1.,0.,-0.));
#3192 = ADVANCED_FACE('',(#3193),#3204,.T.);
#3193 = FACE_BOUND('',#3194,.T.);
#3194 = EDGE_LOOP('',(#3195,#3196,#3197,#3198));
#3195 = ORIENTED_EDGE('',*,*,#2999,.T.);
#3196 = ORIENTED_EDGE('',*,*,#3182,.T.);
#3197 = ORIENTED_EDGE('',*,*,#3123,.F.);
#3198 = ORIENTED_EDGE('',*,*,#3199,.F.);
#3199 = EDGE_CURVE('',#2992,#3116,#3200,.T.);
#3200 = LINE('',#3201,#3202);
#3201 = CARTESIAN_POINT('',(0.8,-0.4,4.5E-02));
#3202 = VECTOR('',#3203,1.);
#3203 = DIRECTION('',(0.,1.,0.));
#3204 = CYLINDRICAL_SURFACE('',#3205,4.5E-02);
#3205 = AXIS2_PLACEMENT_3D('',#3206,#3207,#3208);
#3206 = CARTESIAN_POINT('',(0.755,-0.4,4.5E-02));
#3207 = DIRECTION('',(0.,1.,0.));
#3208 = DIRECTION('',(1.,0.,0.));
#3209 = ADVANCED_FACE('',(#3210),#3221,.T.);
#3210 = FACE_BOUND('',#3211,.T.);
#3211 = EDGE_LOOP('',(#3212,#3213,#3214,#3215));
#3212 = ORIENTED_EDGE('',*,*,#2991,.F.);
#3213 = ORIENTED_EDGE('',*,*,#3199,.T.);
#3214 = ORIENTED_EDGE('',*,*,#3115,.T.);
#3215 = ORIENTED_EDGE('',*,*,#3216,.F.);
#3216 = EDGE_CURVE('',#2983,#3107,#3217,.T.);
#3217 = LINE('',#3218,#3219);
#3218 = CARTESIAN_POINT('',(0.8,-0.4,0.405));
#3219 = VECTOR('',#3220,1.);
#3220 = DIRECTION('',(0.,1.,0.));
#3221 = PLANE('',#3222);
#3222 = AXIS2_PLACEMENT_3D('',#3223,#3224,#3225);
#3223 = CARTESIAN_POINT('',(0.8,-0.4,0.));
#3224 = DIRECTION('',(1.,0.,0.));
#3225 = DIRECTION('',(0.,0.,1.));
#3226 = ADVANCED_FACE('',(#3227),#3238,.T.);
#3227 = FACE_BOUND('',#3228,.T.);
#3228 = EDGE_LOOP('',(#3229,#3230,#3231,#3237));
#3229 = ORIENTED_EDGE('',*,*,#3216,.T.);
#3230 = ORIENTED_EDGE('',*,*,#3106,.T.);
#3231 = ORIENTED_EDGE('',*,*,#3232,.F.);
#3232 = EDGE_CURVE('',#2975,#3099,#3233,.T.);
#3233 = LINE('',#3234,#3235);
#3234 = CARTESIAN_POINT('',(0.755,-0.4,0.45));
#3235 = VECTOR('',#3236,1.);
#3236 = DIRECTION('',(0.,1.,0.));
#3237 = ORIENTED_EDGE('',*,*,#2982,.F.);
#3238 = CYLINDRICAL_SURFACE('',#3239,4.5E-02);
#3239 = AXIS2_PLACEMENT_3D('',#3240,#3241,#3242);
#3240 = CARTESIAN_POINT('',(0.755,-0.4,0.405));
#3241 = DIRECTION('',(0.,1.,0.));
#3242 = DIRECTION('',(1.,0.,0.));
#3243 = ADVANCED_FACE('',(#3244),#3255,.T.);
#3244 = FACE_BOUND('',#3245,.T.);
#3245 = EDGE_LOOP('',(#3246,#3247,#3253,#3254));
#3246 = ORIENTED_EDGE('',*,*,#3098,.F.);
#3247 = ORIENTED_EDGE('',*,*,#3248,.F.);
#3248 = EDGE_CURVE('',#2966,#3090,#3249,.T.);
#3249 = LINE('',#3250,#3251);
#3250 = CARTESIAN_POINT('',(0.545,-0.4,0.45));
#3251 = VECTOR('',#3252,1.);
#3252 = DIRECTION('',(0.,1.,0.));
#3253 = ORIENTED_EDGE('',*,*,#2974,.T.);
#3254 = ORIENTED_EDGE('',*,*,#3232,.T.);
#3255 = PLANE('',#3256);
#3256 = AXIS2_PLACEMENT_3D('',#3257,#3258,#3259);
#3257 = CARTESIAN_POINT('',(0.5,-0.4,0.45));
#3258 = DIRECTION('',(0.,0.,1.));
#3259 = DIRECTION('',(1.,0.,-0.));
#3260 = ADVANCED_FACE('',(#3261),#3272,.T.);
#3261 = FACE_BOUND('',#3262,.T.);
#3262 = EDGE_LOOP('',(#3263,#3264,#3265,#3266));
#3263 = ORIENTED_EDGE('',*,*,#2965,.T.);
#3264 = ORIENTED_EDGE('',*,*,#3248,.T.);
#3265 = ORIENTED_EDGE('',*,*,#3089,.F.);
#3266 = ORIENTED_EDGE('',*,*,#3267,.F.);
#3267 = EDGE_CURVE('',#2800,#2883,#3268,.T.);
#3268 = LINE('',#3269,#3270);
#3269 = CARTESIAN_POINT('',(0.5,-0.4,0.405));
#3270 = VECTOR('',#3271,1.);
#3271 = DIRECTION('',(0.,1.,0.));
#3272 = CYLINDRICAL_SURFACE('',#3273,4.5E-02);
#3273 = AXIS2_PLACEMENT_3D('',#3274,#3275,#3276);
#3274 = CARTESIAN_POINT('',(0.545,-0.4,0.405));
#3275 = DIRECTION('',(0.,1.,0.));
#3276 = DIRECTION('',(-1.,0.,0.));
#3277 = ADVANCED_FACE('',(#3278),#3289,.T.);
#3278 = FACE_BOUND('',#3279,.T.);
#3279 = EDGE_LOOP('',(#3280,#3281,#3282,#3283));
#3280 = ORIENTED_EDGE('',*,*,#3031,.F.);
#3281 = ORIENTED_EDGE('',*,*,#3267,.T.);
#3282 = ORIENTED_EDGE('',*,*,#3148,.T.);
#3283 = ORIENTED_EDGE('',*,*,#3284,.F.);
#3284 = EDGE_CURVE('',#3024,#3141,#3285,.T.);
#3285 = LINE('',#3286,#3287);
#3286 = CARTESIAN_POINT('',(0.5,-0.4,0.45));
#3287 = VECTOR('',#3288,1.);
#3288 = DIRECTION('',(0.,1.,0.));
#3289 = PLANE('',#3290);
#3290 = AXIS2_PLACEMENT_3D('',#3291,#3292,#3293);
#3291 = CARTESIAN_POINT('',(0.5,-0.4,0.405));
#3292 = DIRECTION('',(1.,0.,0.));
#3293 = DIRECTION('',(0.,0.,1.));
#3294 = ADVANCED_FACE('',(#3295),#3301,.T.);
#3295 = FACE_BOUND('',#3296,.T.);
#3296 = EDGE_LOOP('',(#3297,#3298,#3299,#3300));
#3297 = ORIENTED_EDGE('',*,*,#3055,.F.);
#3298 = ORIENTED_EDGE('',*,*,#3023,.T.);
#3299 = ORIENTED_EDGE('',*,*,#3284,.T.);
#3300 = ORIENTED_EDGE('',*,*,#3140,.F.);
#3301 = PLANE('',#3302);
#3302 = AXIS2_PLACEMENT_3D('',#3303,#3304,#3305);
#3303 = CARTESIAN_POINT('',(-0.5,-0.4,0.45));
#3304 = DIRECTION('',(0.,0.,1.));
#3305 = DIRECTION('',(1.,0.,-0.));
#3306 = ( GEOMETRIC_REPRESENTATION_CONTEXT(3) 
GLOBAL_UNCERTAINTY_ASSIGNED_CONTEXT((#3310)) 
GLOBAL_UNIT_ASSIGNED_CONTEXT((#3307,#3308,#3309)) REPRESENTATION_CONTEXT
('Context #1','3D Context with UNIT and UNCERTAINTY') );
#3307 = ( LENGTH_UNIT() NAMED_UNIT(*) SI_UNIT(.MILLI.,.METRE.) );
#3308 = ( NAMED_UNIT(*) PLANE_ANGLE_UNIT() SI_UNIT($,.RADIAN.) );
#3309 = ( NAMED_UNIT(*) SI_UNIT($,.STERADIAN.) SOLID_ANGLE_UNIT() );
#3310 = UNCERTAINTY_MEASURE_WITH_UNIT(LENGTH_MEASURE(1.E-07),#3307,
  'distance_accuracy_value','confusion accuracy');
#3311 = CONTEXT_DEPENDENT_SHAPE_REPRESENTATION(#3312,#3314);
#3312 = ( REPRESENTATION_RELATIONSHIP('','',#2515,#2492) 
REPRESENTATION_RELATIONSHIP_WITH_TRANSFORMATION(#3313) 
SHAPE_REPRESENTATION_RELATIONSHIP() );
#3313 = ITEM_DEFINED_TRANSFORMATION('','',#11,#2493);
#3314 = PRODUCT_DEFINITION_SHAPE('Placement','Placement of an item',
  #3315);
#3315 = NEXT_ASSEMBLY_USAGE_OCCURRENCE('7','=>[0:1:1:9]','',#2487,#2510,
  $);
#3316 = PRODUCT_RELATED_PRODUCT_CATEGORY('part',$,(#2512));
#3317 = CONTEXT_DEPENDENT_SHAPE_REPRESENTATION(#3318,#3320);
#3318 = ( REPRESENTATION_RELATIONSHIP('','',#1596,#10) 
REPRESENTATION_RELATIONSHIP_WITH_TRANSFORMATION(#3319) 
SHAPE_REPRESENTATION_RELATIONSHIP() );
#3319 = ITEM_DEFINED_TRANSFORMATION('','',#11,#27);
#3320 = PRODUCT_DEFINITION_SHAPE('Placement','Placement of an item',
  #3321);
#3321 = NEXT_ASSEMBLY_USAGE_OCCURRENCE('9','C22','',#5,#1591,$);
#3322 = SHAPE_DEFINITION_REPRESENTATION(#3323,#3329);
#3323 = PRODUCT_DEFINITION_SHAPE('','',#3324);
#3324 = PRODUCT_DEFINITION('design','',#3325,#3328);
#3325 = PRODUCT_DEFINITION_FORMATION('','',#3326);
#3326 = PRODUCT('Mounting_Wuerth_WA-SMSI-M2_H0.5mm_9774005243',
  'Mounting_Wuerth_WA-SMSI-M2_H0.5mm_9774005243','',(#3327));
#3327 = PRODUCT_CONTEXT('',#2,'mechanical');
#3328 = PRODUCT_DEFINITION_CONTEXT('part definition',#2,'design');
#3329 = SHAPE_REPRESENTATION('',(#11,#3330),#3334);
#3330 = AXIS2_PLACEMENT_3D('',#3331,#3332,#3333);
#3331 = CARTESIAN_POINT('',(0.,0.,0.));
#3332 = DIRECTION('',(0.,0.,1.));
#3333 = DIRECTION('',(1.,0.,-0.));
#3334 = ( GEOMETRIC_REPRESENTATION_CONTEXT(3) 
GLOBAL_UNCERTAINTY_ASSIGNED_CONTEXT((#3338)) 
GLOBAL_UNIT_ASSIGNED_CONTEXT((#3335,#3336,#3337)) REPRESENTATION_CONTEXT
('Context #1','3D Context with UNIT and UNCERTAINTY') );
#3335 = ( LENGTH_UNIT() NAMED_UNIT(*) SI_UNIT(.MILLI.,.METRE.) );
#3336 = ( NAMED_UNIT(*) PLANE_ANGLE_UNIT() SI_UNIT($,.RADIAN.) );
#3337 = ( NAMED_UNIT(*) SI_UNIT($,.STERADIAN.) SOLID_ANGLE_UNIT() );
#3338 = UNCERTAINTY_MEASURE_WITH_UNIT(LENGTH_MEASURE(1.E-07),#3335,
  'distance_accuracy_value','confusion accuracy');
#3339 = CONTEXT_DEPENDENT_SHAPE_REPRESENTATION(#3340,#3342);
#3340 = ( REPRESENTATION_RELATIONSHIP('','',#3329,#10) 
REPRESENTATION_RELATIONSHIP_WITH_TRANSFORMATION(#3341) 
SHAPE_REPRESENTATION_RELATIONSHIP() );
#3341 = ITEM_DEFINED_TRANSFORMATION('','',#11,#31);
#3342 = PRODUCT_DEFINITION_SHAPE('Placement','Placement of an item',
  #3343);
#3343 = NEXT_ASSEMBLY_USAGE_OCCURRENCE('11','H1','',#5,#3324,$);
#3344 = PRODUCT_RELATED_PRODUCT_CATEGORY('part',$,(#3326));
#3345 = SHAPE_DEFINITION_REPRESENTATION(#3346,#3352);
#3346 = PRODUCT_DEFINITION_SHAPE('','',#3347);
#3347 = PRODUCT_DEFINITION('design','',#3348,#3351);
#3348 = PRODUCT_DEFINITION_FORMATION('','',#3349);
#3349 = PRODUCT('Mounting_Wuerth_WA-SMSI-M2_H0.5mm_9774005243',
  'Mounting_Wuerth_WA-SMSI-M2_H0.5mm_9774005243','',(#3350));
#3350 = PRODUCT_CONTEXT('',#2,'mechanical');
#3351 = PRODUCT_DEFINITION_CONTEXT('part definition',#2,'design');
#3352 = ADVANCED_BREP_SHAPE_REPRESENTATION('',(#11,#3353),#3515);
#3353 = MANIFOLD_SOLID_BREP('',#3354);
#3354 = CLOSED_SHELL('',(#3355,#3383,#3408,#3433,#3458,#3478,#3498));
#3355 = ADVANCED_FACE('',(#3356,#3367),#3378,.T.);
#3356 = FACE_BOUND('',#3357,.T.);
#3357 = EDGE_LOOP('',(#3358));
#3358 = ORIENTED_EDGE('',*,*,#3359,.F.);
#3359 = EDGE_CURVE('',#3360,#3360,#3362,.T.);
#3360 = VERTEX_POINT('',#3361);
#3361 = CARTESIAN_POINT('',(1.,-3.593666812434E-17,0.5));
#3362 = CIRCLE('',#3363,1.);
#3363 = AXIS2_PLACEMENT_3D('',#3364,#3365,#3366);
#3364 = CARTESIAN_POINT('',(4.440892098501E-16,-3.593666812434E-17,0.5)
  );
#3365 = DIRECTION('',(0.,0.,1.));
#3366 = DIRECTION('',(1.,7.850924614063E-33,-0.));
#3367 = FACE_BOUND('',#3368,.T.);
#3368 = EDGE_LOOP('',(#3369));
#3369 = ORIENTED_EDGE('',*,*,#3370,.T.);
#3370 = EDGE_CURVE('',#3371,#3371,#3373,.T.);
#3371 = VERTEX_POINT('',#3372);
#3372 = CARTESIAN_POINT('',(2.175,0.,0.5));
#3373 = CIRCLE('',#3374,2.175);
#3374 = AXIS2_PLACEMENT_3D('',#3375,#3376,#3377);
#3375 = CARTESIAN_POINT('',(0.,0.,0.5));
#3376 = DIRECTION('',(0.,0.,1.));
#3377 = DIRECTION('',(1.,0.,-0.));
#3378 = PLANE('',#3379);
#3379 = AXIS2_PLACEMENT_3D('',#3380,#3381,#3382);
#3380 = CARTESIAN_POINT('',(-1.571770267287E-16,6.839013379049E-17,0.5)
  );
#3381 = DIRECTION('',(0.,0.,1.));
#3382 = DIRECTION('',(1.,0.,-0.));
#3383 = ADVANCED_FACE('',(#3384),#3403,.F.);
#3384 = FACE_BOUND('',#3385,.F.);
#3385 = EDGE_LOOP('',(#3386,#3395,#3401,#3402));
#3386 = ORIENTED_EDGE('',*,*,#3387,.T.);
#3387 = EDGE_CURVE('',#3388,#3388,#3390,.T.);
#3388 = VERTEX_POINT('',#3389);
#3389 = CARTESIAN_POINT('',(0.785,-3.593666812434E-17,0.285));
#3390 = CIRCLE('',#3391,0.785);
#3391 = AXIS2_PLACEMENT_3D('',#3392,#3393,#3394);
#3392 = CARTESIAN_POINT('',(4.440892098501E-16,-3.593666812434E-17,0.285
    ));
#3393 = DIRECTION('',(0.,0.,1.));
#3394 = DIRECTION('',(1.,7.850924614063E-33,-0.));
#3395 = ORIENTED_EDGE('',*,*,#3396,.F.);
#3396 = EDGE_CURVE('',#3360,#3388,#3397,.T.);
#3397 = LINE('',#3398,#3399);
#3398 = CARTESIAN_POINT('',(0.785,-3.593666812434E-17,0.285));
#3399 = VECTOR('',#3400,1.);
#3400 = DIRECTION('',(-0.707106781187,-5.551442033184E-33,
    -0.707106781187));
#3401 = ORIENTED_EDGE('',*,*,#3359,.F.);
#3402 = ORIENTED_EDGE('',*,*,#3396,.T.);
#3403 = CONICAL_SURFACE('',#3404,0.785,0.785398163397);
#3404 = AXIS2_PLACEMENT_3D('',#3405,#3406,#3407);
#3405 = CARTESIAN_POINT('',(4.440892098501E-16,-3.593666812434E-17,0.285
    ));
#3406 = DIRECTION('',(0.,0.,1.));
#3407 = DIRECTION('',(1.,7.850924614063E-33,-0.));
#3408 = ADVANCED_FACE('',(#3409),#3428,.T.);
#3409 = FACE_BOUND('',#3410,.T.);
#3410 = EDGE_LOOP('',(#3411,#3420,#3426,#3427));
#3411 = ORIENTED_EDGE('',*,*,#3412,.T.);
#3412 = EDGE_CURVE('',#3413,#3413,#3415,.T.);
#3413 = VERTEX_POINT('',#3414);
#3414 = CARTESIAN_POINT('',(2.175,0.,0.));
#3415 = CIRCLE('',#3416,2.175);
#3416 = AXIS2_PLACEMENT_3D('',#3417,#3418,#3419);
#3417 = CARTESIAN_POINT('',(0.,0.,0.));
#3418 = DIRECTION('',(0.,0.,1.));
#3419 = DIRECTION('',(1.,0.,-0.));
#3420 = ORIENTED_EDGE('',*,*,#3421,.T.);
#3421 = EDGE_CURVE('',#3413,#3371,#3422,.T.);
#3422 = LINE('',#3423,#3424);
#3423 = CARTESIAN_POINT('',(2.175,0.,0.));
#3424 = VECTOR('',#3425,1.);
#3425 = DIRECTION('',(0.,0.,1.));
#3426 = ORIENTED_EDGE('',*,*,#3370,.F.);
#3427 = ORIENTED_EDGE('',*,*,#3421,.F.);
#3428 = CYLINDRICAL_SURFACE('',#3429,2.175);
#3429 = AXIS2_PLACEMENT_3D('',#3430,#3431,#3432);
#3430 = CARTESIAN_POINT('',(0.,0.,0.));
#3431 = DIRECTION('',(-0.,-0.,-1.));
#3432 = DIRECTION('',(1.,0.,0.));
#3433 = ADVANCED_FACE('',(#3434),#3453,.F.);
#3434 = FACE_BOUND('',#3435,.F.);
#3435 = EDGE_LOOP('',(#3436,#3444,#3451,#3452));
#3436 = ORIENTED_EDGE('',*,*,#3437,.T.);
#3437 = EDGE_CURVE('',#3388,#3438,#3440,.T.);
#3438 = VERTEX_POINT('',#3439);
#3439 = CARTESIAN_POINT('',(0.785,-3.593666812434E-17,-0.9));
#3440 = LINE('',#3441,#3442);
#3441 = CARTESIAN_POINT('',(0.785,-3.593666812434E-17,0.5));
#3442 = VECTOR('',#3443,1.);
#3443 = DIRECTION('',(-0.,-0.,-1.));
#3444 = ORIENTED_EDGE('',*,*,#3445,.T.);
#3445 = EDGE_CURVE('',#3438,#3438,#3446,.T.);
#3446 = CIRCLE('',#3447,0.785);
#3447 = AXIS2_PLACEMENT_3D('',#3448,#3449,#3450);
#3448 = CARTESIAN_POINT('',(4.440892098501E-16,-3.593666812434E-17,-0.9)
  );
#3449 = DIRECTION('',(0.,0.,1.));
#3450 = DIRECTION('',(1.,0.,-0.));
#3451 = ORIENTED_EDGE('',*,*,#3437,.F.);
#3452 = ORIENTED_EDGE('',*,*,#3387,.F.);
#3453 = CYLINDRICAL_SURFACE('',#3454,0.785);
#3454 = AXIS2_PLACEMENT_3D('',#3455,#3456,#3457);
#3455 = CARTESIAN_POINT('',(4.440892098501E-16,-3.593666812434E-17,0.5)
  );
#3456 = DIRECTION('',(0.,0.,1.));
#3457 = DIRECTION('',(1.,0.,-0.));
#3458 = ADVANCED_FACE('',(#3459,#3462),#3473,.F.);
#3459 = FACE_BOUND('',#3460,.F.);
#3460 = EDGE_LOOP('',(#3461));
#3461 = ORIENTED_EDGE('',*,*,#3412,.T.);
#3462 = FACE_BOUND('',#3463,.F.);
#3463 = EDGE_LOOP('',(#3464));
#3464 = ORIENTED_EDGE('',*,*,#3465,.T.);
#3465 = EDGE_CURVE('',#3466,#3466,#3468,.T.);
#3466 = VERTEX_POINT('',#3467);
#3467 = CARTESIAN_POINT('',(1.4,-3.593666812434E-17,0.));
#3468 = CIRCLE('',#3469,1.4);
#3469 = AXIS2_PLACEMENT_3D('',#3470,#3471,#3472);
#3470 = CARTESIAN_POINT('',(4.440892098501E-16,-3.593666812434E-17,0.));
#3471 = DIRECTION('',(0.,0.,-1.));
#3472 = DIRECTION('',(1.,0.,0.));
#3473 = PLANE('',#3474);
#3474 = AXIS2_PLACEMENT_3D('',#3475,#3476,#3477);
#3475 = CARTESIAN_POINT('',(-1.571770267287E-16,6.839013379049E-17,0.));
#3476 = DIRECTION('',(0.,0.,1.));
#3477 = DIRECTION('',(1.,0.,-0.));
#3478 = ADVANCED_FACE('',(#3479,#3490),#3493,.T.);
#3479 = FACE_BOUND('',#3480,.T.);
#3480 = EDGE_LOOP('',(#3481));
#3481 = ORIENTED_EDGE('',*,*,#3482,.T.);
#3482 = EDGE_CURVE('',#3483,#3483,#3485,.T.);
#3483 = VERTEX_POINT('',#3484);
#3484 = CARTESIAN_POINT('',(1.4,-3.593666812434E-17,-0.9));
#3485 = CIRCLE('',#3486,1.4);
#3486 = AXIS2_PLACEMENT_3D('',#3487,#3488,#3489);
#3487 = CARTESIAN_POINT('',(4.440892098501E-16,-3.593666812434E-17,-0.9)
  );
#3488 = DIRECTION('',(0.,0.,-1.));
#3489 = DIRECTION('',(1.,0.,0.));
#3490 = FACE_BOUND('',#3491,.T.);
#3491 = EDGE_LOOP('',(#3492));
#3492 = ORIENTED_EDGE('',*,*,#3445,.T.);
#3493 = PLANE('',#3494);
#3494 = AXIS2_PLACEMENT_3D('',#3495,#3496,#3497);
#3495 = CARTESIAN_POINT('',(3.35755389686E-16,-7.093212970392E-17,-0.9)
  );
#3496 = DIRECTION('',(-0.,-0.,-1.));
#3497 = DIRECTION('',(-1.,0.,0.));
#3498 = ADVANCED_FACE('',(#3499),#3510,.T.);
#3499 = FACE_BOUND('',#3500,.T.);
#3500 = EDGE_LOOP('',(#3501,#3502,#3508,#3509));
#3501 = ORIENTED_EDGE('',*,*,#3465,.T.);
#3502 = ORIENTED_EDGE('',*,*,#3503,.T.);
#3503 = EDGE_CURVE('',#3466,#3483,#3504,.T.);
#3504 = LINE('',#3505,#3506);
#3505 = CARTESIAN_POINT('',(1.4,-3.593666812434E-17,0.));
#3506 = VECTOR('',#3507,1.);
#3507 = DIRECTION('',(-0.,-0.,-1.));
#3508 = ORIENTED_EDGE('',*,*,#3482,.F.);
#3509 = ORIENTED_EDGE('',*,*,#3503,.F.);
#3510 = CYLINDRICAL_SURFACE('',#3511,1.4);
#3511 = AXIS2_PLACEMENT_3D('',#3512,#3513,#3514);
#3512 = CARTESIAN_POINT('',(4.440892098501E-16,-3.593666812434E-17,0.));
#3513 = DIRECTION('',(-0.,-0.,1.));
#3514 = DIRECTION('',(1.,0.,0.));
#3515 = ( GEOMETRIC_REPRESENTATION_CONTEXT(3) 
GLOBAL_UNCERTAINTY_ASSIGNED_CONTEXT((#3519)) 
GLOBAL_UNIT_ASSIGNED_CONTEXT((#3516,#3517,#3518)) REPRESENTATION_CONTEXT
('Context #1','3D Context with UNIT and UNCERTAINTY') );
#3516 = ( LENGTH_UNIT() NAMED_UNIT(*) SI_UNIT(.MILLI.,.METRE.) );
#3517 = ( NAMED_UNIT(*) PLANE_ANGLE_UNIT() SI_UNIT($,.RADIAN.) );
#3518 = ( NAMED_UNIT(*) SI_UNIT($,.STERADIAN.) SOLID_ANGLE_UNIT() );
#3519 = UNCERTAINTY_MEASURE_WITH_UNIT(LENGTH_MEASURE(1.E-07),#3516,
  'distance_accuracy_value','confusion accuracy');
#3520 = CONTEXT_DEPENDENT_SHAPE_REPRESENTATION(#3521,#3523);
#3521 = ( REPRESENTATION_RELATIONSHIP('','',#3352,#3329) 
REPRESENTATION_RELATIONSHIP_WITH_TRANSFORMATION(#3522) 
SHAPE_REPRESENTATION_RELATIONSHIP() );
#3522 = ITEM_DEFINED_TRANSFORMATION('','',#11,#3330);
#3523 = PRODUCT_DEFINITION_SHAPE('Placement','Placement of an item',
  #3524);
#3524 = NEXT_ASSEMBLY_USAGE_OCCURRENCE('10','=>[0:1:1:11]','',#3324,
  #3347,$);
#3525 = PRODUCT_RELATED_PRODUCT_CATEGORY('part',$,(#3349));
#3526 = CONTEXT_DEPENDENT_SHAPE_REPRESENTATION(#3527,#3529);
#3527 = ( REPRESENTATION_RELATIONSHIP('','',#2492,#10) 
REPRESENTATION_RELATIONSHIP_WITH_TRANSFORMATION(#3528) 
SHAPE_REPRESENTATION_RELATIONSHIP() );
#3528 = ITEM_DEFINED_TRANSFORMATION('','',#11,#35);
#3529 = PRODUCT_DEFINITION_SHAPE('Placement','Placement of an item',
  #3530);
#3530 = NEXT_ASSEMBLY_USAGE_OCCURRENCE('12','R12','',#5,#2487,$);
#3531 = CONTEXT_DEPENDENT_SHAPE_REPRESENTATION(#3532,#3534);
#3532 = ( REPRESENTATION_RELATIONSHIP('','',#1596,#10) 
REPRESENTATION_RELATIONSHIP_WITH_TRANSFORMATION(#3533) 
SHAPE_REPRESENTATION_RELATIONSHIP() );
#3533 = ITEM_DEFINED_TRANSFORMATION('','',#11,#39);
#3534 = PRODUCT_DEFINITION_SHAPE('Placement','Placement of an item',
  #3535);
#3535 = NEXT_ASSEMBLY_USAGE_OCCURRENCE('13','C17','',#5,#1591,$);
#3536 = CONTEXT_DEPENDENT_SHAPE_REPRESENTATION(#3537,#3539);
#3537 = ( REPRESENTATION_RELATIONSHIP('','',#3329,#10) 
REPRESENTATION_RELATIONSHIP_WITH_TRANSFORMATION(#3538) 
SHAPE_REPRESENTATION_RELATIONSHIP() );
#3538 = ITEM_DEFINED_TRANSFORMATION('','',#11,#43);
#3539 = PRODUCT_DEFINITION_SHAPE('Placement','Placement of an item',
  #3540);
#3540 = NEXT_ASSEMBLY_USAGE_OCCURRENCE('14','H2','',#5,#3324,$);
#3541 = CONTEXT_DEPENDENT_SHAPE_REPRESENTATION(#3542,#3544);
#3542 = ( REPRESENTATION_RELATIONSHIP('','',#1596,#10) 
REPRESENTATION_RELATIONSHIP_WITH_TRANSFORMATION(#3543) 
SHAPE_REPRESENTATION_RELATIONSHIP() );
#3543 = ITEM_DEFINED_TRANSFORMATION('','',#11,#47);
#3544 = PRODUCT_DEFINITION_SHAPE('Placement','Placement of an item',
  #3545);
#3545 = NEXT_ASSEMBLY_USAGE_OCCURRENCE('15','C14','',#5,#1591,$);
#3546 = CONTEXT_DEPENDENT_SHAPE_REPRESENTATION(#3547,#3549);
#3547 = ( REPRESENTATION_RELATIONSHIP('','',#1596,#10) 
REPRESENTATION_RELATIONSHIP_WITH_TRANSFORMATION(#3548) 
SHAPE_REPRESENTATION_RELATIONSHIP() );
#3548 = ITEM_DEFINED_TRANSFORMATION('','',#11,#51);
#3549 = PRODUCT_DEFINITION_SHAPE('Placement','Placement of an item',
  #3550);
#3550 = NEXT_ASSEMBLY_USAGE_OCCURRENCE('16','C16','',#5,#1591,$);
#3551 = CONTEXT_DEPENDENT_SHAPE_REPRESENTATION(#3552,#3554);
#3552 = ( REPRESENTATION_RELATIONSHIP('','',#1596,#10) 
REPRESENTATION_RELATIONSHIP_WITH_TRANSFORMATION(#3553) 
SHAPE_REPRESENTATION_RELATIONSHIP() );
#3553 = ITEM_DEFINED_TRANSFORMATION('','',#11,#55);
#3554 = PRODUCT_DEFINITION_SHAPE('Placement','Placement of an item',
  #3555);
#3555 = NEXT_ASSEMBLY_USAGE_OCCURRENCE('17','C18','',#5,#1591,$);
#3556 = SHAPE_DEFINITION_REPRESENTATION(#3557,#3563);
#3557 = PRODUCT_DEFINITION_SHAPE('','',#3558);
#3558 = PRODUCT_DEFINITION('design','',#3559,#3562);
#3559 = PRODUCT_DEFINITION_FORMATION('','',#3560);
#3560 = PRODUCT('oled_board_pad','oled_board_pad','',(#3561));
#3561 = PRODUCT_CONTEXT('',#2,'mechanical');
#3562 = PRODUCT_DEFINITION_CONTEXT('part definition',#2,'design');
#3563 = SHAPE_REPRESENTATION('',(#11,#3564,#3714,#4004,#4057,#4207,#4497
    ,#4647,#4937,#5087,#5237,#5527,#5817,#6107,#6397,#6547,#6837,#7127,
    #7417,#7707,#7997,#8287,#8437,#8727,#8877,#9167,#9317,#9607,#9757,
    #10047,#10197,#10487,#10637,#10927,#11077,#11367,#11525,#11578,
    #11631,#11684,#11737,#11895,#11948,#12001),#12151);
#3564 = MANIFOLD_SOLID_BREP('',#3565);
#3565 = CLOSED_SHELL('',(#3566,#3606,#3637,#3668,#3690,#3702));
#3566 = ADVANCED_FACE('',(#3567),#3601,.T.);
#3567 = FACE_BOUND('',#3568,.T.);
#3568 = EDGE_LOOP('',(#3569,#3579,#3587,#3595));
#3569 = ORIENTED_EDGE('',*,*,#3570,.T.);
#3570 = EDGE_CURVE('',#3571,#3573,#3575,.T.);
#3571 = VERTEX_POINT('',#3572);
#3572 = CARTESIAN_POINT('',(11.075,-5.77,0.91));
#3573 = VERTEX_POINT('',#3574);
#3574 = CARTESIAN_POINT('',(11.075,-5.77,0.95));
#3575 = LINE('',#3576,#3577);
#3576 = CARTESIAN_POINT('',(11.075,-5.77,0.91));
#3577 = VECTOR('',#3578,1.);
#3578 = DIRECTION('',(0.,0.,1.));
#3579 = ORIENTED_EDGE('',*,*,#3580,.T.);
#3580 = EDGE_CURVE('',#3573,#3581,#3583,.T.);
#3581 = VERTEX_POINT('',#3582);
#3582 = CARTESIAN_POINT('',(11.075,-5.37,0.95));
#3583 = LINE('',#3584,#3585);
#3584 = CARTESIAN_POINT('',(11.075,-5.77,0.95));
#3585 = VECTOR('',#3586,1.);
#3586 = DIRECTION('',(0.,1.,0.));
#3587 = ORIENTED_EDGE('',*,*,#3588,.F.);
#3588 = EDGE_CURVE('',#3589,#3581,#3591,.T.);
#3589 = VERTEX_POINT('',#3590);
#3590 = CARTESIAN_POINT('',(11.075,-5.37,0.91));
#3591 = LINE('',#3592,#3593);
#3592 = CARTESIAN_POINT('',(11.075,-5.37,0.91));
#3593 = VECTOR('',#3594,1.);
#3594 = DIRECTION('',(0.,0.,1.));
#3595 = ORIENTED_EDGE('',*,*,#3596,.F.);
#3596 = EDGE_CURVE('',#3571,#3589,#3597,.T.);
#3597 = LINE('',#3598,#3599);
#3598 = CARTESIAN_POINT('',(11.075,-5.77,0.91));
#3599 = VECTOR('',#3600,1.);
#3600 = DIRECTION('',(0.,1.,0.));
#3601 = PLANE('',#3602);
#3602 = AXIS2_PLACEMENT_3D('',#3603,#3604,#3605);
#3603 = CARTESIAN_POINT('',(11.075,-5.77,0.91));
#3604 = DIRECTION('',(-1.,0.,0.));
#3605 = DIRECTION('',(0.,1.,0.));
#3606 = ADVANCED_FACE('',(#3607),#3632,.T.);
#3607 = FACE_BOUND('',#3608,.T.);
#3608 = EDGE_LOOP('',(#3609,#3610,#3618,#3626));
#3609 = ORIENTED_EDGE('',*,*,#3588,.T.);
#3610 = ORIENTED_EDGE('',*,*,#3611,.T.);
#3611 = EDGE_CURVE('',#3581,#3612,#3614,.T.);
#3612 = VERTEX_POINT('',#3613);
#3613 = CARTESIAN_POINT('',(13.075,-5.37,0.95));
#3614 = LINE('',#3615,#3616);
#3615 = CARTESIAN_POINT('',(11.075,-5.37,0.95));
#3616 = VECTOR('',#3617,1.);
#3617 = DIRECTION('',(1.,0.,0.));
#3618 = ORIENTED_EDGE('',*,*,#3619,.F.);
#3619 = EDGE_CURVE('',#3620,#3612,#3622,.T.);
#3620 = VERTEX_POINT('',#3621);
#3621 = CARTESIAN_POINT('',(13.075,-5.37,0.91));
#3622 = LINE('',#3623,#3624);
#3623 = CARTESIAN_POINT('',(13.075,-5.37,0.91));
#3624 = VECTOR('',#3625,1.);
#3625 = DIRECTION('',(0.,0.,1.));
#3626 = ORIENTED_EDGE('',*,*,#3627,.F.);
#3627 = EDGE_CURVE('',#3589,#3620,#3628,.T.);
#3628 = LINE('',#3629,#3630);
#3629 = CARTESIAN_POINT('',(11.075,-5.37,0.91));
#3630 = VECTOR('',#3631,1.);
#3631 = DIRECTION('',(1.,0.,0.));
#3632 = PLANE('',#3633);
#3633 = AXIS2_PLACEMENT_3D('',#3634,#3635,#3636);
#3634 = CARTESIAN_POINT('',(11.075,-5.37,0.91));
#3635 = DIRECTION('',(0.,1.,0.));
#3636 = DIRECTION('',(1.,0.,0.));
#3637 = ADVANCED_FACE('',(#3638),#3663,.T.);
#3638 = FACE_BOUND('',#3639,.T.);
#3639 = EDGE_LOOP('',(#3640,#3641,#3649,#3657));
#3640 = ORIENTED_EDGE('',*,*,#3619,.T.);
#3641 = ORIENTED_EDGE('',*,*,#3642,.T.);
#3642 = EDGE_CURVE('',#3612,#3643,#3645,.T.);
#3643 = VERTEX_POINT('',#3644);
#3644 = CARTESIAN_POINT('',(13.075,-5.77,0.95));
#3645 = LINE('',#3646,#3647);
#3646 = CARTESIAN_POINT('',(13.075,-5.37,0.95));
#3647 = VECTOR('',#3648,1.);
#3648 = DIRECTION('',(0.,-1.,0.));
#3649 = ORIENTED_EDGE('',*,*,#3650,.F.);
#3650 = EDGE_CURVE('',#3651,#3643,#3653,.T.);
#3651 = VERTEX_POINT('',#3652);
#3652 = CARTESIAN_POINT('',(13.075,-5.77,0.91));
#3653 = LINE('',#3654,#3655);
#3654 = CARTESIAN_POINT('',(13.075,-5.77,0.91));
#3655 = VECTOR('',#3656,1.);
#3656 = DIRECTION('',(0.,0.,1.));
#3657 = ORIENTED_EDGE('',*,*,#3658,.F.);
#3658 = EDGE_CURVE('',#3620,#3651,#3659,.T.);
#3659 = LINE('',#3660,#3661);
#3660 = CARTESIAN_POINT('',(13.075,-5.37,0.91));
#3661 = VECTOR('',#3662,1.);
#3662 = DIRECTION('',(0.,-1.,0.));
#3663 = PLANE('',#3664);
#3664 = AXIS2_PLACEMENT_3D('',#3665,#3666,#3667);
#3665 = CARTESIAN_POINT('',(13.075,-5.37,0.91));
#3666 = DIRECTION('',(1.,0.,-0.));
#3667 = DIRECTION('',(0.,-1.,0.));
#3668 = ADVANCED_FACE('',(#3669),#3685,.T.);
#3669 = FACE_BOUND('',#3670,.T.);
#3670 = EDGE_LOOP('',(#3671,#3672,#3678,#3679));
#3671 = ORIENTED_EDGE('',*,*,#3650,.T.);
#3672 = ORIENTED_EDGE('',*,*,#3673,.T.);
#3673 = EDGE_CURVE('',#3643,#3573,#3674,.T.);
#3674 = LINE('',#3675,#3676);
#3675 = CARTESIAN_POINT('',(13.075,-5.77,0.95));
#3676 = VECTOR('',#3677,1.);
#3677 = DIRECTION('',(-1.,0.,0.));
#3678 = ORIENTED_EDGE('',*,*,#3570,.F.);
#3679 = ORIENTED_EDGE('',*,*,#3680,.F.);
#3680 = EDGE_CURVE('',#3651,#3571,#3681,.T.);
#3681 = LINE('',#3682,#3683);
#3682 = CARTESIAN_POINT('',(13.075,-5.77,0.91));
#3683 = VECTOR('',#3684,1.);
#3684 = DIRECTION('',(-1.,0.,0.));
#3685 = PLANE('',#3686);
#3686 = AXIS2_PLACEMENT_3D('',#3687,#3688,#3689);
#3687 = CARTESIAN_POINT('',(13.075,-5.77,0.91));
#3688 = DIRECTION('',(0.,-1.,0.));
#3689 = DIRECTION('',(-1.,0.,0.));
#3690 = ADVANCED_FACE('',(#3691),#3697,.F.);
#3691 = FACE_BOUND('',#3692,.T.);
#3692 = EDGE_LOOP('',(#3693,#3694,#3695,#3696));
#3693 = ORIENTED_EDGE('',*,*,#3596,.T.);
#3694 = ORIENTED_EDGE('',*,*,#3627,.T.);
#3695 = ORIENTED_EDGE('',*,*,#3658,.T.);
#3696 = ORIENTED_EDGE('',*,*,#3680,.T.);
#3697 = PLANE('',#3698);
#3698 = AXIS2_PLACEMENT_3D('',#3699,#3700,#3701);
#3699 = CARTESIAN_POINT('',(0.,0.,0.91));
#3700 = DIRECTION('',(0.,0.,1.));
#3701 = DIRECTION('',(1.,0.,-0.));
#3702 = ADVANCED_FACE('',(#3703),#3709,.T.);
#3703 = FACE_BOUND('',#3704,.F.);
#3704 = EDGE_LOOP('',(#3705,#3706,#3707,#3708));
#3705 = ORIENTED_EDGE('',*,*,#3580,.T.);
#3706 = ORIENTED_EDGE('',*,*,#3611,.T.);
#3707 = ORIENTED_EDGE('',*,*,#3642,.T.);
#3708 = ORIENTED_EDGE('',*,*,#3673,.T.);
#3709 = PLANE('',#3710);
#3710 = AXIS2_PLACEMENT_3D('',#3711,#3712,#3713);
#3711 = CARTESIAN_POINT('',(0.,0.,0.95));
#3712 = DIRECTION('',(0.,0.,1.));
#3713 = DIRECTION('',(1.,0.,-0.));
#3714 = MANIFOLD_SOLID_BREP('',#3715);
#3715 = CLOSED_SHELL('',(#3716,#3758,#3789,#3822,#3853,#3886,#3917,#3950
    ,#3972,#3988));
#3716 = ADVANCED_FACE('',(#3717),#3753,.T.);
#3717 = FACE_BOUND('',#3718,.F.);
#3718 = EDGE_LOOP('',(#3719,#3729,#3738,#3746));
#3719 = ORIENTED_EDGE('',*,*,#3720,.T.);
#3720 = EDGE_CURVE('',#3721,#3723,#3725,.T.);
#3721 = VERTEX_POINT('',#3722);
#3722 = CARTESIAN_POINT('',(17.2,-3.925,0.));
#3723 = VERTEX_POINT('',#3724);
#3724 = CARTESIAN_POINT('',(17.2,-3.925,-4.E-02));
#3725 = LINE('',#3726,#3727);
#3726 = CARTESIAN_POINT('',(17.2,-3.925,0.));
#3727 = VECTOR('',#3728,1.);
#3728 = DIRECTION('',(0.,0.,-1.));
#3729 = ORIENTED_EDGE('',*,*,#3730,.T.);
#3730 = EDGE_CURVE('',#3723,#3731,#3733,.T.);
#3731 = VERTEX_POINT('',#3732);
#3732 = CARTESIAN_POINT('',(17.4,-3.725,-4.E-02));
#3733 = CIRCLE('',#3734,0.200001216283);
#3734 = AXIS2_PLACEMENT_3D('',#3735,#3736,#3737);
#3735 = CARTESIAN_POINT('',(17.400001216279,-3.925001216279,-4.E-02));
#3736 = DIRECTION('',(0.,0.,-1.));
#3737 = DIRECTION('',(-0.999999999982,6.081358948015E-06,0.));
#3738 = ORIENTED_EDGE('',*,*,#3739,.F.);
#3739 = EDGE_CURVE('',#3740,#3731,#3742,.T.);
#3740 = VERTEX_POINT('',#3741);
#3741 = CARTESIAN_POINT('',(17.4,-3.725,0.));
#3742 = LINE('',#3743,#3744);
#3743 = CARTESIAN_POINT('',(17.4,-3.725,0.));
#3744 = VECTOR('',#3745,1.);
#3745 = DIRECTION('',(0.,0.,-1.));
#3746 = ORIENTED_EDGE('',*,*,#3747,.F.);
#3747 = EDGE_CURVE('',#3721,#3740,#3748,.T.);
#3748 = CIRCLE('',#3749,0.200001216283);
#3749 = AXIS2_PLACEMENT_3D('',#3750,#3751,#3752);
#3750 = CARTESIAN_POINT('',(17.400001216279,-3.925001216279,0.));
#3751 = DIRECTION('',(0.,0.,-1.));
#3752 = DIRECTION('',(-0.999999999982,6.081358948015E-06,0.));
#3753 = CYLINDRICAL_SURFACE('',#3754,0.200001216283);
#3754 = AXIS2_PLACEMENT_3D('',#3755,#3756,#3757);
#3755 = CARTESIAN_POINT('',(17.400001216279,-3.925001216279,0.));
#3756 = DIRECTION('',(-0.,-0.,1.));
#3757 = DIRECTION('',(-0.999999999982,6.081358948015E-06,0.));
#3758 = ADVANCED_FACE('',(#3759),#3784,.F.);
#3759 = FACE_BOUND('',#3760,.F.);
#3760 = EDGE_LOOP('',(#3761,#3762,#3770,#3778));
#3761 = ORIENTED_EDGE('',*,*,#3739,.T.);
#3762 = ORIENTED_EDGE('',*,*,#3763,.T.);
#3763 = EDGE_CURVE('',#3731,#3764,#3766,.T.);
#3764 = VERTEX_POINT('',#3765);
#3765 = CARTESIAN_POINT('',(17.8,-3.725,-4.E-02));
#3766 = LINE('',#3767,#3768);
#3767 = CARTESIAN_POINT('',(17.4,-3.725,-4.E-02));
#3768 = VECTOR('',#3769,1.);
#3769 = DIRECTION('',(1.,0.,0.));
#3770 = ORIENTED_EDGE('',*,*,#3771,.F.);
#3771 = EDGE_CURVE('',#3772,#3764,#3774,.T.);
#3772 = VERTEX_POINT('',#3773);
#3773 = CARTESIAN_POINT('',(17.8,-3.725,0.));
#3774 = LINE('',#3775,#3776);
#3775 = CARTESIAN_POINT('',(17.8,-3.725,0.));
#3776 = VECTOR('',#3777,1.);
#3777 = DIRECTION('',(0.,0.,-1.));
#3778 = ORIENTED_EDGE('',*,*,#3779,.F.);
#3779 = EDGE_CURVE('',#3740,#3772,#3780,.T.);
#3780 = LINE('',#3781,#3782);
#3781 = CARTESIAN_POINT('',(17.4,-3.725,0.));
#3782 = VECTOR('',#3783,1.);
#3783 = DIRECTION('',(1.,0.,0.));
#3784 = PLANE('',#3785);
#3785 = AXIS2_PLACEMENT_3D('',#3786,#3787,#3788);
#3786 = CARTESIAN_POINT('',(17.4,-3.725,0.));
#3787 = DIRECTION('',(0.,-1.,0.));
#3788 = DIRECTION('',(1.,0.,0.));
#3789 = ADVANCED_FACE('',(#3790),#3817,.T.);
#3790 = FACE_BOUND('',#3791,.F.);
#3791 = EDGE_LOOP('',(#3792,#3793,#3802,#3810));
#3792 = ORIENTED_EDGE('',*,*,#3771,.T.);
#3793 = ORIENTED_EDGE('',*,*,#3794,.T.);
#3794 = EDGE_CURVE('',#3764,#3795,#3797,.T.);
#3795 = VERTEX_POINT('',#3796);
#3796 = CARTESIAN_POINT('',(18.,-3.925,-4.E-02));
#3797 = CIRCLE('',#3798,0.200001216283);
#3798 = AXIS2_PLACEMENT_3D('',#3799,#3800,#3801);
#3799 = CARTESIAN_POINT('',(17.799998783721,-3.925001216279,-4.E-02));
#3800 = DIRECTION('',(0.,0.,-1.));
#3801 = DIRECTION('',(6.081358936913E-06,0.999999999982,0.));
#3802 = ORIENTED_EDGE('',*,*,#3803,.F.);
#3803 = EDGE_CURVE('',#3804,#3795,#3806,.T.);
#3804 = VERTEX_POINT('',#3805);
#3805 = CARTESIAN_POINT('',(18.,-3.925,0.));
#3806 = LINE('',#3807,#3808);
#3807 = CARTESIAN_POINT('',(18.,-3.925,0.));
#3808 = VECTOR('',#3809,1.);
#3809 = DIRECTION('',(0.,0.,-1.));
#3810 = ORIENTED_EDGE('',*,*,#3811,.F.);
#3811 = EDGE_CURVE('',#3772,#3804,#3812,.T.);
#3812 = CIRCLE('',#3813,0.200001216283);
#3813 = AXIS2_PLACEMENT_3D('',#3814,#3815,#3816);
#3814 = CARTESIAN_POINT('',(17.799998783721,-3.925001216279,0.));
#3815 = DIRECTION('',(0.,0.,-1.));
#3816 = DIRECTION('',(6.081358936913E-06,0.999999999982,0.));
#3817 = CYLINDRICAL_SURFACE('',#3818,0.200001216283);
#3818 = AXIS2_PLACEMENT_3D('',#3819,#3820,#3821);
#3819 = CARTESIAN_POINT('',(17.799998783721,-3.925001216279,0.));
#3820 = DIRECTION('',(-0.,-0.,1.));
#3821 = DIRECTION('',(6.081358936913E-06,0.999999999982,0.));
#3822 = ADVANCED_FACE('',(#3823),#3848,.F.);
#3823 = FACE_BOUND('',#3824,.F.);
#3824 = EDGE_LOOP('',(#3825,#3826,#3834,#3842));
#3825 = ORIENTED_EDGE('',*,*,#3803,.T.);
#3826 = ORIENTED_EDGE('',*,*,#3827,.T.);
#3827 = EDGE_CURVE('',#3795,#3828,#3830,.T.);
#3828 = VERTEX_POINT('',#3829);
#3829 = CARTESIAN_POINT('',(18.,-4.475,-4.E-02));
#3830 = LINE('',#3831,#3832);
#3831 = CARTESIAN_POINT('',(18.,-3.925,-4.E-02));
#3832 = VECTOR('',#3833,1.);
#3833 = DIRECTION('',(0.,-1.,0.));
#3834 = ORIENTED_EDGE('',*,*,#3835,.F.);
#3835 = EDGE_CURVE('',#3836,#3828,#3838,.T.);
#3836 = VERTEX_POINT('',#3837);
#3837 = CARTESIAN_POINT('',(18.,-4.475,0.));
#3838 = LINE('',#3839,#3840);
#3839 = CARTESIAN_POINT('',(18.,-4.475,0.));
#3840 = VECTOR('',#3841,1.);
#3841 = DIRECTION('',(0.,0.,-1.));
#3842 = ORIENTED_EDGE('',*,*,#3843,.F.);
#3843 = EDGE_CURVE('',#3804,#3836,#3844,.T.);
#3844 = LINE('',#3845,#3846);
#3845 = CARTESIAN_POINT('',(18.,-3.925,0.));
#3846 = VECTOR('',#3847,1.);
#3847 = DIRECTION('',(0.,-1.,0.));
#3848 = PLANE('',#3849);
#3849 = AXIS2_PLACEMENT_3D('',#3850,#3851,#3852);
#3850 = CARTESIAN_POINT('',(18.,-3.925,0.));
#3851 = DIRECTION('',(-1.,-0.,-0.));
#3852 = DIRECTION('',(0.,-1.,0.));
#3853 = ADVANCED_FACE('',(#3854),#3881,.T.);
#3854 = FACE_BOUND('',#3855,.F.);
#3855 = EDGE_LOOP('',(#3856,#3857,#3866,#3874));
#3856 = ORIENTED_EDGE('',*,*,#3835,.T.);
#3857 = ORIENTED_EDGE('',*,*,#3858,.T.);
#3858 = EDGE_CURVE('',#3828,#3859,#3861,.T.);
#3859 = VERTEX_POINT('',#3860);
#3860 = CARTESIAN_POINT('',(17.8,-4.675,-4.E-02));
#3861 = CIRCLE('',#3862,0.200001216283);
#3862 = AXIS2_PLACEMENT_3D('',#3863,#3864,#3865);
#3863 = CARTESIAN_POINT('',(17.799998783721,-4.474998783721,-4.E-02));
#3864 = DIRECTION('',(0.,0.,-1.));
#3865 = DIRECTION('',(0.999999999982,-6.081358932472E-06,0.));
#3866 = ORIENTED_EDGE('',*,*,#3867,.F.);
#3867 = EDGE_CURVE('',#3868,#3859,#3870,.T.);
#3868 = VERTEX_POINT('',#3869);
#3869 = CARTESIAN_POINT('',(17.8,-4.675,0.));
#3870 = LINE('',#3871,#3872);
#3871 = CARTESIAN_POINT('',(17.8,-4.675,0.));
#3872 = VECTOR('',#3873,1.);
#3873 = DIRECTION('',(0.,0.,-1.));
#3874 = ORIENTED_EDGE('',*,*,#3875,.F.);
#3875 = EDGE_CURVE('',#3836,#3868,#3876,.T.);
#3876 = CIRCLE('',#3877,0.200001216283);
#3877 = AXIS2_PLACEMENT_3D('',#3878,#3879,#3880);
#3878 = CARTESIAN_POINT('',(17.799998783721,-4.474998783721,0.));
#3879 = DIRECTION('',(0.,0.,-1.));
#3880 = DIRECTION('',(0.999999999982,-6.081358932472E-06,0.));
#3881 = CYLINDRICAL_SURFACE('',#3882,0.200001216283);
#3882 = AXIS2_PLACEMENT_3D('',#3883,#3884,#3885);
#3883 = CARTESIAN_POINT('',(17.799998783721,-4.474998783721,0.));
#3884 = DIRECTION('',(-0.,-0.,1.));
#3885 = DIRECTION('',(0.999999999982,-6.081358932472E-06,0.));
#3886 = ADVANCED_FACE('',(#3887),#3912,.F.);
#3887 = FACE_BOUND('',#3888,.F.);
#3888 = EDGE_LOOP('',(#3889,#3890,#3898,#3906));
#3889 = ORIENTED_EDGE('',*,*,#3867,.T.);
#3890 = ORIENTED_EDGE('',*,*,#3891,.T.);
#3891 = EDGE_CURVE('',#3859,#3892,#3894,.T.);
#3892 = VERTEX_POINT('',#3893);
#3893 = CARTESIAN_POINT('',(17.4,-4.675,-4.E-02));
#3894 = LINE('',#3895,#3896);
#3895 = CARTESIAN_POINT('',(17.8,-4.675,-4.E-02));
#3896 = VECTOR('',#3897,1.);
#3897 = DIRECTION('',(-1.,0.,0.));
#3898 = ORIENTED_EDGE('',*,*,#3899,.F.);
#3899 = EDGE_CURVE('',#3900,#3892,#3902,.T.);
#3900 = VERTEX_POINT('',#3901);
#3901 = CARTESIAN_POINT('',(17.4,-4.675,0.));
#3902 = LINE('',#3903,#3904);
#3903 = CARTESIAN_POINT('',(17.4,-4.675,0.));
#3904 = VECTOR('',#3905,1.);
#3905 = DIRECTION('',(0.,0.,-1.));
#3906 = ORIENTED_EDGE('',*,*,#3907,.F.);
#3907 = EDGE_CURVE('',#3868,#3900,#3908,.T.);
#3908 = LINE('',#3909,#3910);
#3909 = CARTESIAN_POINT('',(17.8,-4.675,0.));
#3910 = VECTOR('',#3911,1.);
#3911 = DIRECTION('',(-1.,0.,0.));
#3912 = PLANE('',#3913);
#3913 = AXIS2_PLACEMENT_3D('',#3914,#3915,#3916);
#3914 = CARTESIAN_POINT('',(17.8,-4.675,0.));
#3915 = DIRECTION('',(0.,1.,0.));
#3916 = DIRECTION('',(-1.,0.,0.));
#3917 = ADVANCED_FACE('',(#3918),#3945,.T.);
#3918 = FACE_BOUND('',#3919,.F.);
#3919 = EDGE_LOOP('',(#3920,#3921,#3930,#3938));
#3920 = ORIENTED_EDGE('',*,*,#3899,.T.);
#3921 = ORIENTED_EDGE('',*,*,#3922,.T.);
#3922 = EDGE_CURVE('',#3892,#3923,#3925,.T.);
#3923 = VERTEX_POINT('',#3924);
#3924 = CARTESIAN_POINT('',(17.2,-4.475,-4.E-02));
#3925 = CIRCLE('',#3926,0.200001216283);
#3926 = AXIS2_PLACEMENT_3D('',#3927,#3928,#3929);
#3927 = CARTESIAN_POINT('',(17.400001216279,-4.474998783721,-4.E-02));
#3928 = DIRECTION('',(0.,0.,-1.));
#3929 = DIRECTION('',(-6.081358954676E-06,-0.999999999982,-0.));
#3930 = ORIENTED_EDGE('',*,*,#3931,.F.);
#3931 = EDGE_CURVE('',#3932,#3923,#3934,.T.);
#3932 = VERTEX_POINT('',#3933);
#3933 = CARTESIAN_POINT('',(17.2,-4.475,0.));
#3934 = LINE('',#3935,#3936);
#3935 = CARTESIAN_POINT('',(17.2,-4.475,0.));
#3936 = VECTOR('',#3937,1.);
#3937 = DIRECTION('',(0.,0.,-1.));
#3938 = ORIENTED_EDGE('',*,*,#3939,.F.);
#3939 = EDGE_CURVE('',#3900,#3932,#3940,.T.);
#3940 = CIRCLE('',#3941,0.200001216283);
#3941 = AXIS2_PLACEMENT_3D('',#3942,#3943,#3944);
#3942 = CARTESIAN_POINT('',(17.400001216279,-4.474998783721,0.));
#3943 = DIRECTION('',(0.,0.,-1.));
#3944 = DIRECTION('',(-6.081358954676E-06,-0.999999999982,-0.));
#3945 = CYLINDRICAL_SURFACE('',#3946,0.200001216283);
#3946 = AXIS2_PLACEMENT_3D('',#3947,#3948,#3949);
#3947 = CARTESIAN_POINT('',(17.400001216279,-4.474998783721,0.));
#3948 = DIRECTION('',(-0.,-0.,1.));
#3949 = DIRECTION('',(-6.081358954676E-06,-0.999999999982,-0.));
#3950 = ADVANCED_FACE('',(#3951),#3967,.F.);
#3951 = FACE_BOUND('',#3952,.F.);
#3952 = EDGE_LOOP('',(#3953,#3954,#3960,#3961));
#3953 = ORIENTED_EDGE('',*,*,#3931,.T.);
#3954 = ORIENTED_EDGE('',*,*,#3955,.T.);
#3955 = EDGE_CURVE('',#3923,#3723,#3956,.T.);
#3956 = LINE('',#3957,#3958);
#3957 = CARTESIAN_POINT('',(17.2,-4.475,-4.E-02));
#3958 = VECTOR('',#3959,1.);
#3959 = DIRECTION('',(0.,1.,0.));
#3960 = ORIENTED_EDGE('',*,*,#3720,.F.);
#3961 = ORIENTED_EDGE('',*,*,#3962,.F.);
#3962 = EDGE_CURVE('',#3932,#3721,#3963,.T.);
#3963 = LINE('',#3964,#3965);
#3964 = CARTESIAN_POINT('',(17.2,-4.475,0.));
#3965 = VECTOR('',#3966,1.);
#3966 = DIRECTION('',(0.,1.,0.));
#3967 = PLANE('',#3968);
#3968 = AXIS2_PLACEMENT_3D('',#3969,#3970,#3971);
#3969 = CARTESIAN_POINT('',(17.2,-4.475,0.));
#3970 = DIRECTION('',(1.,-0.,0.));
#3971 = DIRECTION('',(0.,1.,0.));
#3972 = ADVANCED_FACE('',(#3973),#3983,.F.);
#3973 = FACE_BOUND('',#3974,.F.);
#3974 = EDGE_LOOP('',(#3975,#3976,#3977,#3978,#3979,#3980,#3981,#3982));
#3975 = ORIENTED_EDGE('',*,*,#3747,.T.);
#3976 = ORIENTED_EDGE('',*,*,#3779,.T.);
#3977 = ORIENTED_EDGE('',*,*,#3811,.T.);
#3978 = ORIENTED_EDGE('',*,*,#3843,.T.);
#3979 = ORIENTED_EDGE('',*,*,#3875,.T.);
#3980 = ORIENTED_EDGE('',*,*,#3907,.T.);
#3981 = ORIENTED_EDGE('',*,*,#3939,.T.);
#3982 = ORIENTED_EDGE('',*,*,#3962,.T.);
#3983 = PLANE('',#3984);
#3984 = AXIS2_PLACEMENT_3D('',#3985,#3986,#3987);
#3985 = CARTESIAN_POINT('',(0.,0.,0.));
#3986 = DIRECTION('',(-0.,-0.,-1.));
#3987 = DIRECTION('',(-1.,0.,0.));
#3988 = ADVANCED_FACE('',(#3989),#3999,.T.);
#3989 = FACE_BOUND('',#3990,.T.);
#3990 = EDGE_LOOP('',(#3991,#3992,#3993,#3994,#3995,#3996,#3997,#3998));
#3991 = ORIENTED_EDGE('',*,*,#3730,.T.);
#3992 = ORIENTED_EDGE('',*,*,#3763,.T.);
#3993 = ORIENTED_EDGE('',*,*,#3794,.T.);
#3994 = ORIENTED_EDGE('',*,*,#3827,.T.);
#3995 = ORIENTED_EDGE('',*,*,#3858,.T.);
#3996 = ORIENTED_EDGE('',*,*,#3891,.T.);
#3997 = ORIENTED_EDGE('',*,*,#3922,.T.);
#3998 = ORIENTED_EDGE('',*,*,#3955,.T.);
#3999 = PLANE('',#4000);
#4000 = AXIS2_PLACEMENT_3D('',#4001,#4002,#4003);
#4001 = CARTESIAN_POINT('',(0.,0.,-4.E-02));
#4002 = DIRECTION('',(-0.,-0.,-1.));
#4003 = DIRECTION('',(-1.,0.,0.));
#4004 = MANIFOLD_SOLID_BREP('',#4005);
#4005 = CLOSED_SHELL('',(#4006,#4039,#4048));
#4006 = ADVANCED_FACE('',(#4007),#4034,.T.);
#4007 = FACE_BOUND('',#4008,.T.);
#4008 = EDGE_LOOP('',(#4009,#4019,#4026,#4027));
#4009 = ORIENTED_EDGE('',*,*,#4010,.T.);
#4010 = EDGE_CURVE('',#4011,#4013,#4015,.T.);
#4011 = VERTEX_POINT('',#4012);
#4012 = CARTESIAN_POINT('',(14.525,-1.45,0.));
#4013 = VERTEX_POINT('',#4014);
#4014 = CARTESIAN_POINT('',(14.525,-1.45,-4.E-02));
#4015 = LINE('',#4016,#4017);
#4016 = CARTESIAN_POINT('',(14.525,-1.45,0.));
#4017 = VECTOR('',#4018,1.);
#4018 = DIRECTION('',(0.,0.,-1.));
#4019 = ORIENTED_EDGE('',*,*,#4020,.T.);
#4020 = EDGE_CURVE('',#4013,#4013,#4021,.T.);
#4021 = CIRCLE('',#4022,0.5);
#4022 = AXIS2_PLACEMENT_3D('',#4023,#4024,#4025);
#4023 = CARTESIAN_POINT('',(14.025,-1.45,-4.E-02));
#4024 = DIRECTION('',(0.,0.,1.));
#4025 = DIRECTION('',(1.,0.,-0.));
#4026 = ORIENTED_EDGE('',*,*,#4010,.F.);
#4027 = ORIENTED_EDGE('',*,*,#4028,.F.);
#4028 = EDGE_CURVE('',#4011,#4011,#4029,.T.);
#4029 = CIRCLE('',#4030,0.5);
#4030 = AXIS2_PLACEMENT_3D('',#4031,#4032,#4033);
#4031 = CARTESIAN_POINT('',(14.025,-1.45,0.));
#4032 = DIRECTION('',(0.,0.,1.));
#4033 = DIRECTION('',(1.,0.,-0.));
#4034 = CYLINDRICAL_SURFACE('',#4035,0.5);
#4035 = AXIS2_PLACEMENT_3D('',#4036,#4037,#4038);
#4036 = CARTESIAN_POINT('',(14.025,-1.45,0.));
#4037 = DIRECTION('',(0.,0.,1.));
#4038 = DIRECTION('',(1.,0.,-0.));
#4039 = ADVANCED_FACE('',(#4040),#4043,.F.);
#4040 = FACE_BOUND('',#4041,.T.);
#4041 = EDGE_LOOP('',(#4042));
#4042 = ORIENTED_EDGE('',*,*,#4028,.T.);
#4043 = PLANE('',#4044);
#4044 = AXIS2_PLACEMENT_3D('',#4045,#4046,#4047);
#4045 = CARTESIAN_POINT('',(0.,0.,0.));
#4046 = DIRECTION('',(-0.,-0.,-1.));
#4047 = DIRECTION('',(-1.,0.,0.));
#4048 = ADVANCED_FACE('',(#4049),#4052,.T.);
#4049 = FACE_BOUND('',#4050,.F.);
#4050 = EDGE_LOOP('',(#4051));
#4051 = ORIENTED_EDGE('',*,*,#4020,.T.);
#4052 = PLANE('',#4053);
#4053 = AXIS2_PLACEMENT_3D('',#4054,#4055,#4056);
#4054 = CARTESIAN_POINT('',(0.,0.,-4.E-02));
#4055 = DIRECTION('',(-0.,-0.,-1.));
#4056 = DIRECTION('',(-1.,0.,0.));
#4057 = MANIFOLD_SOLID_BREP('',#4058);
#4058 = CLOSED_SHELL('',(#4059,#4099,#4130,#4161,#4183,#4195));
#4059 = ADVANCED_FACE('',(#4060),#4094,.T.);
#4060 = FACE_BOUND('',#4061,.T.);
#4061 = EDGE_LOOP('',(#4062,#4072,#4080,#4088));
#4062 = ORIENTED_EDGE('',*,*,#4063,.T.);
#4063 = EDGE_CURVE('',#4064,#4066,#4068,.T.);
#4064 = VERTEX_POINT('',#4065);
#4065 = CARTESIAN_POINT('',(11.075,-6.39,0.91));
#4066 = VERTEX_POINT('',#4067);
#4067 = CARTESIAN_POINT('',(11.075,-6.39,0.95));
#4068 = LINE('',#4069,#4070);
#4069 = CARTESIAN_POINT('',(11.075,-6.39,0.91));
#4070 = VECTOR('',#4071,1.);
#4071 = DIRECTION('',(0.,0.,1.));
#4072 = ORIENTED_EDGE('',*,*,#4073,.T.);
#4073 = EDGE_CURVE('',#4066,#4074,#4076,.T.);
#4074 = VERTEX_POINT('',#4075);
#4075 = CARTESIAN_POINT('',(11.075,-5.99,0.95));
#4076 = LINE('',#4077,#4078);
#4077 = CARTESIAN_POINT('',(11.075,-6.39,0.95));
#4078 = VECTOR('',#4079,1.);
#4079 = DIRECTION('',(0.,1.,0.));
#4080 = ORIENTED_EDGE('',*,*,#4081,.F.);
#4081 = EDGE_CURVE('',#4082,#4074,#4084,.T.);
#4082 = VERTEX_POINT('',#4083);
#4083 = CARTESIAN_POINT('',(11.075,-5.99,0.91));
#4084 = LINE('',#4085,#4086);
#4085 = CARTESIAN_POINT('',(11.075,-5.99,0.91));
#4086 = VECTOR('',#4087,1.);
#4087 = DIRECTION('',(0.,0.,1.));
#4088 = ORIENTED_EDGE('',*,*,#4089,.F.);
#4089 = EDGE_CURVE('',#4064,#4082,#4090,.T.);
#4090 = LINE('',#4091,#4092);
#4091 = CARTESIAN_POINT('',(11.075,-6.39,0.91));
#4092 = VECTOR('',#4093,1.);
#4093 = DIRECTION('',(0.,1.,0.));
#4094 = PLANE('',#4095);
#4095 = AXIS2_PLACEMENT_3D('',#4096,#4097,#4098);
#4096 = CARTESIAN_POINT('',(11.075,-6.39,0.91));
#4097 = DIRECTION('',(-1.,0.,0.));
#4098 = DIRECTION('',(0.,1.,0.));
#4099 = ADVANCED_FACE('',(#4100),#4125,.T.);
#4100 = FACE_BOUND('',#4101,.T.);
#4101 = EDGE_LOOP('',(#4102,#4103,#4111,#4119));
#4102 = ORIENTED_EDGE('',*,*,#4081,.T.);
#4103 = ORIENTED_EDGE('',*,*,#4104,.T.);
#4104 = EDGE_CURVE('',#4074,#4105,#4107,.T.);
#4105 = VERTEX_POINT('',#4106);
#4106 = CARTESIAN_POINT('',(13.075,-5.99,0.95));
#4107 = LINE('',#4108,#4109);
#4108 = CARTESIAN_POINT('',(11.075,-5.99,0.95));
#4109 = VECTOR('',#4110,1.);
#4110 = DIRECTION('',(1.,0.,0.));
#4111 = ORIENTED_EDGE('',*,*,#4112,.F.);
#4112 = EDGE_CURVE('',#4113,#4105,#4115,.T.);
#4113 = VERTEX_POINT('',#4114);
#4114 = CARTESIAN_POINT('',(13.075,-5.99,0.91));
#4115 = LINE('',#4116,#4117);
#4116 = CARTESIAN_POINT('',(13.075,-5.99,0.91));
#4117 = VECTOR('',#4118,1.);
#4118 = DIRECTION('',(0.,0.,1.));
#4119 = ORIENTED_EDGE('',*,*,#4120,.F.);
#4120 = EDGE_CURVE('',#4082,#4113,#4121,.T.);
#4121 = LINE('',#4122,#4123);
#4122 = CARTESIAN_POINT('',(11.075,-5.99,0.91));
#4123 = VECTOR('',#4124,1.);
#4124 = DIRECTION('',(1.,0.,0.));
#4125 = PLANE('',#4126);
#4126 = AXIS2_PLACEMENT_3D('',#4127,#4128,#4129);
#4127 = CARTESIAN_POINT('',(11.075,-5.99,0.91));
#4128 = DIRECTION('',(0.,1.,0.));
#4129 = DIRECTION('',(1.,0.,0.));
#4130 = ADVANCED_FACE('',(#4131),#4156,.T.);
#4131 = FACE_BOUND('',#4132,.T.);
#4132 = EDGE_LOOP('',(#4133,#4134,#4142,#4150));
#4133 = ORIENTED_EDGE('',*,*,#4112,.T.);
#4134 = ORIENTED_EDGE('',*,*,#4135,.T.);
#4135 = EDGE_CURVE('',#4105,#4136,#4138,.T.);
#4136 = VERTEX_POINT('',#4137);
#4137 = CARTESIAN_POINT('',(13.075,-6.39,0.95));
#4138 = LINE('',#4139,#4140);
#4139 = CARTESIAN_POINT('',(13.075,-5.99,0.95));
#4140 = VECTOR('',#4141,1.);
#4141 = DIRECTION('',(0.,-1.,0.));
#4142 = ORIENTED_EDGE('',*,*,#4143,.F.);
#4143 = EDGE_CURVE('',#4144,#4136,#4146,.T.);
#4144 = VERTEX_POINT('',#4145);
#4145 = CARTESIAN_POINT('',(13.075,-6.39,0.91));
#4146 = LINE('',#4147,#4148);
#4147 = CARTESIAN_POINT('',(13.075,-6.39,0.91));
#4148 = VECTOR('',#4149,1.);
#4149 = DIRECTION('',(0.,0.,1.));
#4150 = ORIENTED_EDGE('',*,*,#4151,.F.);
#4151 = EDGE_CURVE('',#4113,#4144,#4152,.T.);
#4152 = LINE('',#4153,#4154);
#4153 = CARTESIAN_POINT('',(13.075,-5.99,0.91));
#4154 = VECTOR('',#4155,1.);
#4155 = DIRECTION('',(0.,-1.,0.));
#4156 = PLANE('',#4157);
#4157 = AXIS2_PLACEMENT_3D('',#4158,#4159,#4160);
#4158 = CARTESIAN_POINT('',(13.075,-5.99,0.91));
#4159 = DIRECTION('',(1.,0.,-0.));
#4160 = DIRECTION('',(0.,-1.,0.));
#4161 = ADVANCED_FACE('',(#4162),#4178,.T.);
#4162 = FACE_BOUND('',#4163,.T.);
#4163 = EDGE_LOOP('',(#4164,#4165,#4171,#4172));
#4164 = ORIENTED_EDGE('',*,*,#4143,.T.);
#4165 = ORIENTED_EDGE('',*,*,#4166,.T.);
#4166 = EDGE_CURVE('',#4136,#4066,#4167,.T.);
#4167 = LINE('',#4168,#4169);
#4168 = CARTESIAN_POINT('',(13.075,-6.39,0.95));
#4169 = VECTOR('',#4170,1.);
#4170 = DIRECTION('',(-1.,0.,0.));
#4171 = ORIENTED_EDGE('',*,*,#4063,.F.);
#4172 = ORIENTED_EDGE('',*,*,#4173,.F.);
#4173 = EDGE_CURVE('',#4144,#4064,#4174,.T.);
#4174 = LINE('',#4175,#4176);
#4175 = CARTESIAN_POINT('',(13.075,-6.39,0.91));
#4176 = VECTOR('',#4177,1.);
#4177 = DIRECTION('',(-1.,0.,0.));
#4178 = PLANE('',#4179);
#4179 = AXIS2_PLACEMENT_3D('',#4180,#4181,#4182);
#4180 = CARTESIAN_POINT('',(13.075,-6.39,0.91));
#4181 = DIRECTION('',(0.,-1.,0.));
#4182 = DIRECTION('',(-1.,0.,0.));
#4183 = ADVANCED_FACE('',(#4184),#4190,.F.);
#4184 = FACE_BOUND('',#4185,.T.);
#4185 = EDGE_LOOP('',(#4186,#4187,#4188,#4189));
#4186 = ORIENTED_EDGE('',*,*,#4089,.T.);
#4187 = ORIENTED_EDGE('',*,*,#4120,.T.);
#4188 = ORIENTED_EDGE('',*,*,#4151,.T.);
#4189 = ORIENTED_EDGE('',*,*,#4173,.T.);
#4190 = PLANE('',#4191);
#4191 = AXIS2_PLACEMENT_3D('',#4192,#4193,#4194);
#4192 = CARTESIAN_POINT('',(0.,0.,0.91));
#4193 = DIRECTION('',(0.,0.,1.));
#4194 = DIRECTION('',(1.,0.,-0.));
#4195 = ADVANCED_FACE('',(#4196),#4202,.T.);
#4196 = FACE_BOUND('',#4197,.F.);
#4197 = EDGE_LOOP('',(#4198,#4199,#4200,#4201));
#4198 = ORIENTED_EDGE('',*,*,#4073,.T.);
#4199 = ORIENTED_EDGE('',*,*,#4104,.T.);
#4200 = ORIENTED_EDGE('',*,*,#4135,.T.);
#4201 = ORIENTED_EDGE('',*,*,#4166,.T.);
#4202 = PLANE('',#4203);
#4203 = AXIS2_PLACEMENT_3D('',#4204,#4205,#4206);
#4204 = CARTESIAN_POINT('',(0.,0.,0.95));
#4205 = DIRECTION('',(0.,0.,1.));
#4206 = DIRECTION('',(1.,0.,-0.));
#4207 = MANIFOLD_SOLID_BREP('',#4208);
#4208 = CLOSED_SHELL('',(#4209,#4251,#4282,#4315,#4346,#4379,#4410,#4443
    ,#4465,#4481));
#4209 = ADVANCED_FACE('',(#4210),#4246,.T.);
#4210 = FACE_BOUND('',#4211,.F.);
#4211 = EDGE_LOOP('',(#4212,#4222,#4231,#4239));
#4212 = ORIENTED_EDGE('',*,*,#4213,.T.);
#4213 = EDGE_CURVE('',#4214,#4216,#4218,.T.);
#4214 = VERTEX_POINT('',#4215);
#4215 = CARTESIAN_POINT('',(8.725,-0.7,0.));
#4216 = VERTEX_POINT('',#4217);
#4217 = CARTESIAN_POINT('',(8.725,-0.7,-4.E-02));
#4218 = LINE('',#4219,#4220);
#4219 = CARTESIAN_POINT('',(8.725,-0.7,0.));
#4220 = VECTOR('',#4221,1.);
#4221 = DIRECTION('',(0.,0.,-1.));
#4222 = ORIENTED_EDGE('',*,*,#4223,.T.);
#4223 = EDGE_CURVE('',#4216,#4224,#4226,.T.);
#4224 = VERTEX_POINT('',#4225);
#4225 = CARTESIAN_POINT('',(8.975,-0.45,-4.E-02));
#4226 = CIRCLE('',#4227,0.249998959685);
#4227 = AXIS2_PLACEMENT_3D('',#4228,#4229,#4230);
#4228 = CARTESIAN_POINT('',(8.974998959683,-0.699998959683,-4.E-02));
#4229 = DIRECTION('',(0.,0.,-1.));
#4230 = DIRECTION('',(-0.999999999991,-4.161285829961E-06,-0.));
#4231 = ORIENTED_EDGE('',*,*,#4232,.F.);
#4232 = EDGE_CURVE('',#4233,#4224,#4235,.T.);
#4233 = VERTEX_POINT('',#4234);
#4234 = CARTESIAN_POINT('',(8.975,-0.45,0.));
#4235 = LINE('',#4236,#4237);
#4236 = CARTESIAN_POINT('',(8.975,-0.45,0.));
#4237 = VECTOR('',#4238,1.);
#4238 = DIRECTION('',(0.,0.,-1.));
#4239 = ORIENTED_EDGE('',*,*,#4240,.F.);
#4240 = EDGE_CURVE('',#4214,#4233,#4241,.T.);
#4241 = CIRCLE('',#4242,0.249998959685);
#4242 = AXIS2_PLACEMENT_3D('',#4243,#4244,#4245);
#4243 = CARTESIAN_POINT('',(8.974998959683,-0.699998959683,0.));
#4244 = DIRECTION('',(0.,0.,-1.));
#4245 = DIRECTION('',(-0.999999999991,-4.161285829961E-06,-0.));
#4246 = CYLINDRICAL_SURFACE('',#4247,0.249998959685);
#4247 = AXIS2_PLACEMENT_3D('',#4248,#4249,#4250);
#4248 = CARTESIAN_POINT('',(8.974998959683,-0.699998959683,0.));
#4249 = DIRECTION('',(-0.,-0.,1.));
#4250 = DIRECTION('',(-0.999999999991,-4.161285829961E-06,-0.));
#4251 = ADVANCED_FACE('',(#4252),#4277,.F.);
#4252 = FACE_BOUND('',#4253,.F.);
#4253 = EDGE_LOOP('',(#4254,#4255,#4263,#4271));
#4254 = ORIENTED_EDGE('',*,*,#4232,.T.);
#4255 = ORIENTED_EDGE('',*,*,#4256,.T.);
#4256 = EDGE_CURVE('',#4224,#4257,#4259,.T.);
#4257 = VERTEX_POINT('',#4258);
#4258 = CARTESIAN_POINT('',(9.475,-0.45,-4.E-02));
#4259 = LINE('',#4260,#4261);
#4260 = CARTESIAN_POINT('',(8.975,-0.45,-4.E-02));
#4261 = VECTOR('',#4262,1.);
#4262 = DIRECTION('',(1.,0.,0.));
#4263 = ORIENTED_EDGE('',*,*,#4264,.F.);
#4264 = EDGE_CURVE('',#4265,#4257,#4267,.T.);
#4265 = VERTEX_POINT('',#4266);
#4266 = CARTESIAN_POINT('',(9.475,-0.45,0.));
#4267 = LINE('',#4268,#4269);
#4268 = CARTESIAN_POINT('',(9.475,-0.45,0.));
#4269 = VECTOR('',#4270,1.);
#4270 = DIRECTION('',(0.,0.,-1.));
#4271 = ORIENTED_EDGE('',*,*,#4272,.F.);
#4272 = EDGE_CURVE('',#4233,#4265,#4273,.T.);
#4273 = LINE('',#4274,#4275);
#4274 = CARTESIAN_POINT('',(8.975,-0.45,0.));
#4275 = VECTOR('',#4276,1.);
#4276 = DIRECTION('',(1.,0.,0.));
#4277 = PLANE('',#4278);
#4278 = AXIS2_PLACEMENT_3D('',#4279,#4280,#4281);
#4279 = CARTESIAN_POINT('',(8.975,-0.45,0.));
#4280 = DIRECTION('',(0.,-1.,0.));
#4281 = DIRECTION('',(1.,0.,0.));
#4282 = ADVANCED_FACE('',(#4283),#4310,.T.);
#4283 = FACE_BOUND('',#4284,.F.);
#4284 = EDGE_LOOP('',(#4285,#4286,#4295,#4303));
#4285 = ORIENTED_EDGE('',*,*,#4264,.T.);
#4286 = ORIENTED_EDGE('',*,*,#4287,.T.);
#4287 = EDGE_CURVE('',#4257,#4288,#4290,.T.);
#4288 = VERTEX_POINT('',#4289);
#4289 = CARTESIAN_POINT('',(9.725,-0.7,-4.E-02));
#4290 = CIRCLE('',#4291,0.249998959685);
#4291 = AXIS2_PLACEMENT_3D('',#4292,#4293,#4294);
#4292 = CARTESIAN_POINT('',(9.475001040317,-0.699998959683,-4.E-02));
#4293 = DIRECTION('',(0.,0.,-1.));
#4294 = DIRECTION('',(-4.161285822856E-06,0.999999999991,0.));
#4295 = ORIENTED_EDGE('',*,*,#4296,.F.);
#4296 = EDGE_CURVE('',#4297,#4288,#4299,.T.);
#4297 = VERTEX_POINT('',#4298);
#4298 = CARTESIAN_POINT('',(9.725,-0.7,0.));
#4299 = LINE('',#4300,#4301);
#4300 = CARTESIAN_POINT('',(9.725,-0.7,0.));
#4301 = VECTOR('',#4302,1.);
#4302 = DIRECTION('',(0.,0.,-1.));
#4303 = ORIENTED_EDGE('',*,*,#4304,.F.);
#4304 = EDGE_CURVE('',#4265,#4297,#4305,.T.);
#4305 = CIRCLE('',#4306,0.249998959685);
#4306 = AXIS2_PLACEMENT_3D('',#4307,#4308,#4309);
#4307 = CARTESIAN_POINT('',(9.475001040317,-0.699998959683,0.));
#4308 = DIRECTION('',(0.,0.,-1.));
#4309 = DIRECTION('',(-4.161285822856E-06,0.999999999991,0.));
#4310 = CYLINDRICAL_SURFACE('',#4311,0.249998959685);
#4311 = AXIS2_PLACEMENT_3D('',#4312,#4313,#4314);
#4312 = CARTESIAN_POINT('',(9.475001040317,-0.699998959683,0.));
#4313 = DIRECTION('',(-0.,-0.,1.));
#4314 = DIRECTION('',(-4.161285822856E-06,0.999999999991,0.));
#4315 = ADVANCED_FACE('',(#4316),#4341,.F.);
#4316 = FACE_BOUND('',#4317,.F.);
#4317 = EDGE_LOOP('',(#4318,#4319,#4327,#4335));
#4318 = ORIENTED_EDGE('',*,*,#4296,.T.);
#4319 = ORIENTED_EDGE('',*,*,#4320,.T.);
#4320 = EDGE_CURVE('',#4288,#4321,#4323,.T.);
#4321 = VERTEX_POINT('',#4322);
#4322 = CARTESIAN_POINT('',(9.725,-2.2,-4.E-02));
#4323 = LINE('',#4324,#4325);
#4324 = CARTESIAN_POINT('',(9.725,-0.7,-4.E-02));
#4325 = VECTOR('',#4326,1.);
#4326 = DIRECTION('',(0.,-1.,0.));
#4327 = ORIENTED_EDGE('',*,*,#4328,.F.);
#4328 = EDGE_CURVE('',#4329,#4321,#4331,.T.);
#4329 = VERTEX_POINT('',#4330);
#4330 = CARTESIAN_POINT('',(9.725,-2.2,0.));
#4331 = LINE('',#4332,#4333);
#4332 = CARTESIAN_POINT('',(9.725,-2.2,0.));
#4333 = VECTOR('',#4334,1.);
#4334 = DIRECTION('',(0.,0.,-1.));
#4335 = ORIENTED_EDGE('',*,*,#4336,.F.);
#4336 = EDGE_CURVE('',#4297,#4329,#4337,.T.);
#4337 = LINE('',#4338,#4339);
#4338 = CARTESIAN_POINT('',(9.725,-0.7,0.));
#4339 = VECTOR('',#4340,1.);
#4340 = DIRECTION('',(0.,-1.,0.));
#4341 = PLANE('',#4342);
#4342 = AXIS2_PLACEMENT_3D('',#4343,#4344,#4345);
#4343 = CARTESIAN_POINT('',(9.725,-0.7,0.));
#4344 = DIRECTION('',(-1.,-0.,-0.));
#4345 = DIRECTION('',(0.,-1.,0.));
#4346 = ADVANCED_FACE('',(#4347),#4374,.T.);
#4347 = FACE_BOUND('',#4348,.F.);
#4348 = EDGE_LOOP('',(#4349,#4350,#4359,#4367));
#4349 = ORIENTED_EDGE('',*,*,#4328,.T.);
#4350 = ORIENTED_EDGE('',*,*,#4351,.T.);
#4351 = EDGE_CURVE('',#4321,#4352,#4354,.T.);
#4352 = VERTEX_POINT('',#4353);
#4353 = CARTESIAN_POINT('',(9.475,-2.45,-4.E-02));
#4354 = CIRCLE('',#4355,0.249998959685);
#4355 = AXIS2_PLACEMENT_3D('',#4356,#4357,#4358);
#4356 = CARTESIAN_POINT('',(9.475001040317,-2.200001040317,-4.E-02));
#4357 = DIRECTION('',(0.,0.,-1.));
#4358 = DIRECTION('',(0.999999999991,4.161285828185E-06,0.));
#4359 = ORIENTED_EDGE('',*,*,#4360,.F.);
#4360 = EDGE_CURVE('',#4361,#4352,#4363,.T.);
#4361 = VERTEX_POINT('',#4362);
#4362 = CARTESIAN_POINT('',(9.475,-2.45,0.));
#4363 = LINE('',#4364,#4365);
#4364 = CARTESIAN_POINT('',(9.475,-2.45,0.));
#4365 = VECTOR('',#4366,1.);
#4366 = DIRECTION('',(0.,0.,-1.));
#4367 = ORIENTED_EDGE('',*,*,#4368,.F.);
#4368 = EDGE_CURVE('',#4329,#4361,#4369,.T.);
#4369 = CIRCLE('',#4370,0.249998959685);
#4370 = AXIS2_PLACEMENT_3D('',#4371,#4372,#4373);
#4371 = CARTESIAN_POINT('',(9.475001040317,-2.200001040317,0.));
#4372 = DIRECTION('',(0.,0.,-1.));
#4373 = DIRECTION('',(0.999999999991,4.161285828185E-06,0.));
#4374 = CYLINDRICAL_SURFACE('',#4375,0.249998959685);
#4375 = AXIS2_PLACEMENT_3D('',#4376,#4377,#4378);
#4376 = CARTESIAN_POINT('',(9.475001040317,-2.200001040317,0.));
#4377 = DIRECTION('',(-0.,-0.,1.));
#4378 = DIRECTION('',(0.999999999991,4.161285828185E-06,0.));
#4379 = ADVANCED_FACE('',(#4380),#4405,.F.);
#4380 = FACE_BOUND('',#4381,.F.);
#4381 = EDGE_LOOP('',(#4382,#4383,#4391,#4399));
#4382 = ORIENTED_EDGE('',*,*,#4360,.T.);
#4383 = ORIENTED_EDGE('',*,*,#4384,.T.);
#4384 = EDGE_CURVE('',#4352,#4385,#4387,.T.);
#4385 = VERTEX_POINT('',#4386);
#4386 = CARTESIAN_POINT('',(8.975,-2.45,-4.E-02));
#4387 = LINE('',#4388,#4389);
#4388 = CARTESIAN_POINT('',(9.475,-2.45,-4.E-02));
#4389 = VECTOR('',#4390,1.);
#4390 = DIRECTION('',(-1.,0.,0.));
#4391 = ORIENTED_EDGE('',*,*,#4392,.F.);
#4392 = EDGE_CURVE('',#4393,#4385,#4395,.T.);
#4393 = VERTEX_POINT('',#4394);
#4394 = CARTESIAN_POINT('',(8.975,-2.45,0.));
#4395 = LINE('',#4396,#4397);
#4396 = CARTESIAN_POINT('',(8.975,-2.45,0.));
#4397 = VECTOR('',#4398,1.);
#4398 = DIRECTION('',(0.,0.,-1.));
#4399 = ORIENTED_EDGE('',*,*,#4400,.F.);
#4400 = EDGE_CURVE('',#4361,#4393,#4401,.T.);
#4401 = LINE('',#4402,#4403);
#4402 = CARTESIAN_POINT('',(9.475,-2.45,0.));
#4403 = VECTOR('',#4404,1.);
#4404 = DIRECTION('',(-1.,0.,0.));
#4405 = PLANE('',#4406);
#4406 = AXIS2_PLACEMENT_3D('',#4407,#4408,#4409);
#4407 = CARTESIAN_POINT('',(9.475,-2.45,0.));
#4408 = DIRECTION('',(0.,1.,0.));
#4409 = DIRECTION('',(-1.,0.,0.));
#4410 = ADVANCED_FACE('',(#4411),#4438,.T.);
#4411 = FACE_BOUND('',#4412,.F.);
#4412 = EDGE_LOOP('',(#4413,#4414,#4423,#4431));
#4413 = ORIENTED_EDGE('',*,*,#4392,.T.);
#4414 = ORIENTED_EDGE('',*,*,#4415,.T.);
#4415 = EDGE_CURVE('',#4385,#4416,#4418,.T.);
#4416 = VERTEX_POINT('',#4417);
#4417 = CARTESIAN_POINT('',(8.725,-2.2,-4.E-02));
#4418 = CIRCLE('',#4419,0.249998959685);
#4419 = AXIS2_PLACEMENT_3D('',#4420,#4421,#4422);
#4420 = CARTESIAN_POINT('',(8.974998959683,-2.200001040317,-4.E-02));
#4421 = DIRECTION('',(0.,0.,-1.));
#4422 = DIRECTION('',(4.161285822856E-06,-0.999999999991,0.));
#4423 = ORIENTED_EDGE('',*,*,#4424,.F.);
#4424 = EDGE_CURVE('',#4425,#4416,#4427,.T.);
#4425 = VERTEX_POINT('',#4426);
#4426 = CARTESIAN_POINT('',(8.725,-2.2,0.));
#4427 = LINE('',#4428,#4429);
#4428 = CARTESIAN_POINT('',(8.725,-2.2,0.));
#4429 = VECTOR('',#4430,1.);
#4430 = DIRECTION('',(0.,0.,-1.));
#4431 = ORIENTED_EDGE('',*,*,#4432,.F.);
#4432 = EDGE_CURVE('',#4393,#4425,#4433,.T.);
#4433 = CIRCLE('',#4434,0.249998959685);
#4434 = AXIS2_PLACEMENT_3D('',#4435,#4436,#4437);
#4435 = CARTESIAN_POINT('',(8.974998959683,-2.200001040317,0.));
#4436 = DIRECTION('',(0.,0.,-1.));
#4437 = DIRECTION('',(4.161285822856E-06,-0.999999999991,0.));
#4438 = CYLINDRICAL_SURFACE('',#4439,0.249998959685);
#4439 = AXIS2_PLACEMENT_3D('',#4440,#4441,#4442);
#4440 = CARTESIAN_POINT('',(8.974998959683,-2.200001040317,0.));
#4441 = DIRECTION('',(-0.,-0.,1.));
#4442 = DIRECTION('',(4.161285822856E-06,-0.999999999991,0.));
#4443 = ADVANCED_FACE('',(#4444),#4460,.F.);
#4444 = FACE_BOUND('',#4445,.F.);
#4445 = EDGE_LOOP('',(#4446,#4447,#4453,#4454));
#4446 = ORIENTED_EDGE('',*,*,#4424,.T.);
#4447 = ORIENTED_EDGE('',*,*,#4448,.T.);
#4448 = EDGE_CURVE('',#4416,#4216,#4449,.T.);
#4449 = LINE('',#4450,#4451);
#4450 = CARTESIAN_POINT('',(8.725,-2.2,-4.E-02));
#4451 = VECTOR('',#4452,1.);
#4452 = DIRECTION('',(0.,1.,0.));
#4453 = ORIENTED_EDGE('',*,*,#4213,.F.);
#4454 = ORIENTED_EDGE('',*,*,#4455,.F.);
#4455 = EDGE_CURVE('',#4425,#4214,#4456,.T.);
#4456 = LINE('',#4457,#4458);
#4457 = CARTESIAN_POINT('',(8.725,-2.2,0.));
#4458 = VECTOR('',#4459,1.);
#4459 = DIRECTION('',(0.,1.,0.));
#4460 = PLANE('',#4461);
#4461 = AXIS2_PLACEMENT_3D('',#4462,#4463,#4464);
#4462 = CARTESIAN_POINT('',(8.725,-2.2,0.));
#4463 = DIRECTION('',(1.,-0.,0.));
#4464 = DIRECTION('',(0.,1.,0.));
#4465 = ADVANCED_FACE('',(#4466),#4476,.F.);
#4466 = FACE_BOUND('',#4467,.F.);
#4467 = EDGE_LOOP('',(#4468,#4469,#4470,#4471,#4472,#4473,#4474,#4475));
#4468 = ORIENTED_EDGE('',*,*,#4240,.T.);
#4469 = ORIENTED_EDGE('',*,*,#4272,.T.);
#4470 = ORIENTED_EDGE('',*,*,#4304,.T.);
#4471 = ORIENTED_EDGE('',*,*,#4336,.T.);
#4472 = ORIENTED_EDGE('',*,*,#4368,.T.);
#4473 = ORIENTED_EDGE('',*,*,#4400,.T.);
#4474 = ORIENTED_EDGE('',*,*,#4432,.T.);
#4475 = ORIENTED_EDGE('',*,*,#4455,.T.);
#4476 = PLANE('',#4477);
#4477 = AXIS2_PLACEMENT_3D('',#4478,#4479,#4480);
#4478 = CARTESIAN_POINT('',(0.,0.,0.));
#4479 = DIRECTION('',(-0.,-0.,-1.));
#4480 = DIRECTION('',(-1.,0.,0.));
#4481 = ADVANCED_FACE('',(#4482),#4492,.T.);
#4482 = FACE_BOUND('',#4483,.T.);
#4483 = EDGE_LOOP('',(#4484,#4485,#4486,#4487,#4488,#4489,#4490,#4491));
#4484 = ORIENTED_EDGE('',*,*,#4223,.T.);
#4485 = ORIENTED_EDGE('',*,*,#4256,.T.);
#4486 = ORIENTED_EDGE('',*,*,#4287,.T.);
#4487 = ORIENTED_EDGE('',*,*,#4320,.T.);
#4488 = ORIENTED_EDGE('',*,*,#4351,.T.);
#4489 = ORIENTED_EDGE('',*,*,#4384,.T.);
#4490 = ORIENTED_EDGE('',*,*,#4415,.T.);
#4491 = ORIENTED_EDGE('',*,*,#4448,.T.);
#4492 = PLANE('',#4493);
#4493 = AXIS2_PLACEMENT_3D('',#4494,#4495,#4496);
#4494 = CARTESIAN_POINT('',(0.,0.,-4.E-02));
#4495 = DIRECTION('',(-0.,-0.,-1.));
#4496 = DIRECTION('',(-1.,0.,0.));
#4497 = MANIFOLD_SOLID_BREP('',#4498);
#4498 = CLOSED_SHELL('',(#4499,#4539,#4570,#4601,#4623,#4635));
#4499 = ADVANCED_FACE('',(#4500),#4534,.T.);
#4500 = FACE_BOUND('',#4501,.T.);
#4501 = EDGE_LOOP('',(#4502,#4512,#4520,#4528));
#4502 = ORIENTED_EDGE('',*,*,#4503,.T.);
#4503 = EDGE_CURVE('',#4504,#4506,#4508,.T.);
#4504 = VERTEX_POINT('',#4505);
#4505 = CARTESIAN_POINT('',(11.075,-7.01,0.91));
#4506 = VERTEX_POINT('',#4507);
#4507 = CARTESIAN_POINT('',(11.075,-7.01,0.95));
#4508 = LINE('',#4509,#4510);
#4509 = CARTESIAN_POINT('',(11.075,-7.01,0.91));
#4510 = VECTOR('',#4511,1.);
#4511 = DIRECTION('',(0.,0.,1.));
#4512 = ORIENTED_EDGE('',*,*,#4513,.T.);
#4513 = EDGE_CURVE('',#4506,#4514,#4516,.T.);
#4514 = VERTEX_POINT('',#4515);
#4515 = CARTESIAN_POINT('',(11.075,-6.61,0.95));
#4516 = LINE('',#4517,#4518);
#4517 = CARTESIAN_POINT('',(11.075,-7.01,0.95));
#4518 = VECTOR('',#4519,1.);
#4519 = DIRECTION('',(0.,1.,0.));
#4520 = ORIENTED_EDGE('',*,*,#4521,.F.);
#4521 = EDGE_CURVE('',#4522,#4514,#4524,.T.);
#4522 = VERTEX_POINT('',#4523);
#4523 = CARTESIAN_POINT('',(11.075,-6.61,0.91));
#4524 = LINE('',#4525,#4526);
#4525 = CARTESIAN_POINT('',(11.075,-6.61,0.91));
#4526 = VECTOR('',#4527,1.);
#4527 = DIRECTION('',(0.,0.,1.));
#4528 = ORIENTED_EDGE('',*,*,#4529,.F.);
#4529 = EDGE_CURVE('',#4504,#4522,#4530,.T.);
#4530 = LINE('',#4531,#4532);
#4531 = CARTESIAN_POINT('',(11.075,-7.01,0.91));
#4532 = VECTOR('',#4533,1.);
#4533 = DIRECTION('',(0.,1.,0.));
#4534 = PLANE('',#4535);
#4535 = AXIS2_PLACEMENT_3D('',#4536,#4537,#4538);
#4536 = CARTESIAN_POINT('',(11.075,-7.01,0.91));
#4537 = DIRECTION('',(-1.,0.,0.));
#4538 = DIRECTION('',(0.,1.,0.));
#4539 = ADVANCED_FACE('',(#4540),#4565,.T.);
#4540 = FACE_BOUND('',#4541,.T.);
#4541 = EDGE_LOOP('',(#4542,#4543,#4551,#4559));
#4542 = ORIENTED_EDGE('',*,*,#4521,.T.);
#4543 = ORIENTED_EDGE('',*,*,#4544,.T.);
#4544 = EDGE_CURVE('',#4514,#4545,#4547,.T.);
#4545 = VERTEX_POINT('',#4546);
#4546 = CARTESIAN_POINT('',(13.075,-6.61,0.95));
#4547 = LINE('',#4548,#4549);
#4548 = CARTESIAN_POINT('',(11.075,-6.61,0.95));
#4549 = VECTOR('',#4550,1.);
#4550 = DIRECTION('',(1.,0.,0.));
#4551 = ORIENTED_EDGE('',*,*,#4552,.F.);
#4552 = EDGE_CURVE('',#4553,#4545,#4555,.T.);
#4553 = VERTEX_POINT('',#4554);
#4554 = CARTESIAN_POINT('',(13.075,-6.61,0.91));
#4555 = LINE('',#4556,#4557);
#4556 = CARTESIAN_POINT('',(13.075,-6.61,0.91));
#4557 = VECTOR('',#4558,1.);
#4558 = DIRECTION('',(0.,0.,1.));
#4559 = ORIENTED_EDGE('',*,*,#4560,.F.);
#4560 = EDGE_CURVE('',#4522,#4553,#4561,.T.);
#4561 = LINE('',#4562,#4563);
#4562 = CARTESIAN_POINT('',(11.075,-6.61,0.91));
#4563 = VECTOR('',#4564,1.);
#4564 = DIRECTION('',(1.,0.,0.));
#4565 = PLANE('',#4566);
#4566 = AXIS2_PLACEMENT_3D('',#4567,#4568,#4569);
#4567 = CARTESIAN_POINT('',(11.075,-6.61,0.91));
#4568 = DIRECTION('',(0.,1.,0.));
#4569 = DIRECTION('',(1.,0.,0.));
#4570 = ADVANCED_FACE('',(#4571),#4596,.T.);
#4571 = FACE_BOUND('',#4572,.T.);
#4572 = EDGE_LOOP('',(#4573,#4574,#4582,#4590));
#4573 = ORIENTED_EDGE('',*,*,#4552,.T.);
#4574 = ORIENTED_EDGE('',*,*,#4575,.T.);
#4575 = EDGE_CURVE('',#4545,#4576,#4578,.T.);
#4576 = VERTEX_POINT('',#4577);
#4577 = CARTESIAN_POINT('',(13.075,-7.01,0.95));
#4578 = LINE('',#4579,#4580);
#4579 = CARTESIAN_POINT('',(13.075,-6.61,0.95));
#4580 = VECTOR('',#4581,1.);
#4581 = DIRECTION('',(0.,-1.,0.));
#4582 = ORIENTED_EDGE('',*,*,#4583,.F.);
#4583 = EDGE_CURVE('',#4584,#4576,#4586,.T.);
#4584 = VERTEX_POINT('',#4585);
#4585 = CARTESIAN_POINT('',(13.075,-7.01,0.91));
#4586 = LINE('',#4587,#4588);
#4587 = CARTESIAN_POINT('',(13.075,-7.01,0.91));
#4588 = VECTOR('',#4589,1.);
#4589 = DIRECTION('',(0.,0.,1.));
#4590 = ORIENTED_EDGE('',*,*,#4591,.F.);
#4591 = EDGE_CURVE('',#4553,#4584,#4592,.T.);
#4592 = LINE('',#4593,#4594);
#4593 = CARTESIAN_POINT('',(13.075,-6.61,0.91));
#4594 = VECTOR('',#4595,1.);
#4595 = DIRECTION('',(0.,-1.,0.));
#4596 = PLANE('',#4597);
#4597 = AXIS2_PLACEMENT_3D('',#4598,#4599,#4600);
#4598 = CARTESIAN_POINT('',(13.075,-6.61,0.91));
#4599 = DIRECTION('',(1.,0.,-0.));
#4600 = DIRECTION('',(0.,-1.,0.));
#4601 = ADVANCED_FACE('',(#4602),#4618,.T.);
#4602 = FACE_BOUND('',#4603,.T.);
#4603 = EDGE_LOOP('',(#4604,#4605,#4611,#4612));
#4604 = ORIENTED_EDGE('',*,*,#4583,.T.);
#4605 = ORIENTED_EDGE('',*,*,#4606,.T.);
#4606 = EDGE_CURVE('',#4576,#4506,#4607,.T.);
#4607 = LINE('',#4608,#4609);
#4608 = CARTESIAN_POINT('',(13.075,-7.01,0.95));
#4609 = VECTOR('',#4610,1.);
#4610 = DIRECTION('',(-1.,0.,0.));
#4611 = ORIENTED_EDGE('',*,*,#4503,.F.);
#4612 = ORIENTED_EDGE('',*,*,#4613,.F.);
#4613 = EDGE_CURVE('',#4584,#4504,#4614,.T.);
#4614 = LINE('',#4615,#4616);
#4615 = CARTESIAN_POINT('',(13.075,-7.01,0.91));
#4616 = VECTOR('',#4617,1.);
#4617 = DIRECTION('',(-1.,0.,0.));
#4618 = PLANE('',#4619);
#4619 = AXIS2_PLACEMENT_3D('',#4620,#4621,#4622);
#4620 = CARTESIAN_POINT('',(13.075,-7.01,0.91));
#4621 = DIRECTION('',(0.,-1.,0.));
#4622 = DIRECTION('',(-1.,0.,0.));
#4623 = ADVANCED_FACE('',(#4624),#4630,.F.);
#4624 = FACE_BOUND('',#4625,.T.);
#4625 = EDGE_LOOP('',(#4626,#4627,#4628,#4629));
#4626 = ORIENTED_EDGE('',*,*,#4529,.T.);
#4627 = ORIENTED_EDGE('',*,*,#4560,.T.);
#4628 = ORIENTED_EDGE('',*,*,#4591,.T.);
#4629 = ORIENTED_EDGE('',*,*,#4613,.T.);
#4630 = PLANE('',#4631);
#4631 = AXIS2_PLACEMENT_3D('',#4632,#4633,#4634);
#4632 = CARTESIAN_POINT('',(0.,0.,0.91));
#4633 = DIRECTION('',(0.,0.,1.));
#4634 = DIRECTION('',(1.,0.,-0.));
#4635 = ADVANCED_FACE('',(#4636),#4642,.T.);
#4636 = FACE_BOUND('',#4637,.F.);
#4637 = EDGE_LOOP('',(#4638,#4639,#4640,#4641));
#4638 = ORIENTED_EDGE('',*,*,#4513,.T.);
#4639 = ORIENTED_EDGE('',*,*,#4544,.T.);
#4640 = ORIENTED_EDGE('',*,*,#4575,.T.);
#4641 = ORIENTED_EDGE('',*,*,#4606,.T.);
#4642 = PLANE('',#4643);
#4643 = AXIS2_PLACEMENT_3D('',#4644,#4645,#4646);
#4644 = CARTESIAN_POINT('',(0.,0.,0.95));
#4645 = DIRECTION('',(0.,0.,1.));
#4646 = DIRECTION('',(1.,0.,-0.));
#4647 = MANIFOLD_SOLID_BREP('',#4648);
#4648 = CLOSED_SHELL('',(#4649,#4691,#4722,#4755,#4786,#4819,#4850,#4883
    ,#4905,#4921));
#4649 = ADVANCED_FACE('',(#4650),#4686,.T.);
#4650 = FACE_BOUND('',#4651,.F.);
#4651 = EDGE_LOOP('',(#4652,#4662,#4671,#4679));
#4652 = ORIENTED_EDGE('',*,*,#4653,.T.);
#4653 = EDGE_CURVE('',#4654,#4656,#4658,.T.);
#4654 = VERTEX_POINT('',#4655);
#4655 = CARTESIAN_POINT('',(7.225,-0.7,0.));
#4656 = VERTEX_POINT('',#4657);
#4657 = CARTESIAN_POINT('',(7.225,-0.7,-4.E-02));
#4658 = LINE('',#4659,#4660);
#4659 = CARTESIAN_POINT('',(7.225,-0.7,0.));
#4660 = VECTOR('',#4661,1.);
#4661 = DIRECTION('',(0.,0.,-1.));
#4662 = ORIENTED_EDGE('',*,*,#4663,.T.);
#4663 = EDGE_CURVE('',#4656,#4664,#4666,.T.);
#4664 = VERTEX_POINT('',#4665);
#4665 = CARTESIAN_POINT('',(7.475,-0.45,-4.E-02));
#4666 = CIRCLE('',#4667,0.249998959685);
#4667 = AXIS2_PLACEMENT_3D('',#4668,#4669,#4670);
#4668 = CARTESIAN_POINT('',(7.474998959683,-0.699998959683,-4.E-02));
#4669 = DIRECTION('',(0.,0.,-1.));
#4670 = DIRECTION('',(-0.999999999991,-4.161285829961E-06,-0.));
#4671 = ORIENTED_EDGE('',*,*,#4672,.F.);
#4672 = EDGE_CURVE('',#4673,#4664,#4675,.T.);
#4673 = VERTEX_POINT('',#4674);
#4674 = CARTESIAN_POINT('',(7.475,-0.45,0.));
#4675 = LINE('',#4676,#4677);
#4676 = CARTESIAN_POINT('',(7.475,-0.45,0.));
#4677 = VECTOR('',#4678,1.);
#4678 = DIRECTION('',(0.,0.,-1.));
#4679 = ORIENTED_EDGE('',*,*,#4680,.F.);
#4680 = EDGE_CURVE('',#4654,#4673,#4681,.T.);
#4681 = CIRCLE('',#4682,0.249998959685);
#4682 = AXIS2_PLACEMENT_3D('',#4683,#4684,#4685);
#4683 = CARTESIAN_POINT('',(7.474998959683,-0.699998959683,0.));
#4684 = DIRECTION('',(0.,0.,-1.));
#4685 = DIRECTION('',(-0.999999999991,-4.161285829961E-06,-0.));
#4686 = CYLINDRICAL_SURFACE('',#4687,0.249998959685);
#4687 = AXIS2_PLACEMENT_3D('',#4688,#4689,#4690);
#4688 = CARTESIAN_POINT('',(7.474998959683,-0.699998959683,0.));
#4689 = DIRECTION('',(-0.,-0.,1.));
#4690 = DIRECTION('',(-0.999999999991,-4.161285829961E-06,-0.));
#4691 = ADVANCED_FACE('',(#4692),#4717,.F.);
#4692 = FACE_BOUND('',#4693,.F.);
#4693 = EDGE_LOOP('',(#4694,#4695,#4703,#4711));
#4694 = ORIENTED_EDGE('',*,*,#4672,.T.);
#4695 = ORIENTED_EDGE('',*,*,#4696,.T.);
#4696 = EDGE_CURVE('',#4664,#4697,#4699,.T.);
#4697 = VERTEX_POINT('',#4698);
#4698 = CARTESIAN_POINT('',(7.975,-0.45,-4.E-02));
#4699 = LINE('',#4700,#4701);
#4700 = CARTESIAN_POINT('',(7.475,-0.45,-4.E-02));
#4701 = VECTOR('',#4702,1.);
#4702 = DIRECTION('',(1.,0.,0.));
#4703 = ORIENTED_EDGE('',*,*,#4704,.F.);
#4704 = EDGE_CURVE('',#4705,#4697,#4707,.T.);
#4705 = VERTEX_POINT('',#4706);
#4706 = CARTESIAN_POINT('',(7.975,-0.45,0.));
#4707 = LINE('',#4708,#4709);
#4708 = CARTESIAN_POINT('',(7.975,-0.45,0.));
#4709 = VECTOR('',#4710,1.);
#4710 = DIRECTION('',(0.,0.,-1.));
#4711 = ORIENTED_EDGE('',*,*,#4712,.F.);
#4712 = EDGE_CURVE('',#4673,#4705,#4713,.T.);
#4713 = LINE('',#4714,#4715);
#4714 = CARTESIAN_POINT('',(7.475,-0.45,0.));
#4715 = VECTOR('',#4716,1.);
#4716 = DIRECTION('',(1.,0.,0.));
#4717 = PLANE('',#4718);
#4718 = AXIS2_PLACEMENT_3D('',#4719,#4720,#4721);
#4719 = CARTESIAN_POINT('',(7.475,-0.45,0.));
#4720 = DIRECTION('',(0.,-1.,0.));
#4721 = DIRECTION('',(1.,0.,0.));
#4722 = ADVANCED_FACE('',(#4723),#4750,.T.);
#4723 = FACE_BOUND('',#4724,.F.);
#4724 = EDGE_LOOP('',(#4725,#4726,#4735,#4743));
#4725 = ORIENTED_EDGE('',*,*,#4704,.T.);
#4726 = ORIENTED_EDGE('',*,*,#4727,.T.);
#4727 = EDGE_CURVE('',#4697,#4728,#4730,.T.);
#4728 = VERTEX_POINT('',#4729);
#4729 = CARTESIAN_POINT('',(8.225,-0.7,-4.E-02));
#4730 = CIRCLE('',#4731,0.249998959685);
#4731 = AXIS2_PLACEMENT_3D('',#4732,#4733,#4734);
#4732 = CARTESIAN_POINT('',(7.975001040317,-0.699998959683,-4.E-02));
#4733 = DIRECTION('',(0.,0.,-1.));
#4734 = DIRECTION('',(-4.161285826408E-06,0.999999999991,0.));
#4735 = ORIENTED_EDGE('',*,*,#4736,.F.);
#4736 = EDGE_CURVE('',#4737,#4728,#4739,.T.);
#4737 = VERTEX_POINT('',#4738);
#4738 = CARTESIAN_POINT('',(8.225,-0.7,0.));
#4739 = LINE('',#4740,#4741);
#4740 = CARTESIAN_POINT('',(8.225,-0.7,0.));
#4741 = VECTOR('',#4742,1.);
#4742 = DIRECTION('',(0.,0.,-1.));
#4743 = ORIENTED_EDGE('',*,*,#4744,.F.);
#4744 = EDGE_CURVE('',#4705,#4737,#4745,.T.);
#4745 = CIRCLE('',#4746,0.249998959685);
#4746 = AXIS2_PLACEMENT_3D('',#4747,#4748,#4749);
#4747 = CARTESIAN_POINT('',(7.975001040317,-0.699998959683,0.));
#4748 = DIRECTION('',(0.,0.,-1.));
#4749 = DIRECTION('',(-4.161285826408E-06,0.999999999991,0.));
#4750 = CYLINDRICAL_SURFACE('',#4751,0.249998959685);
#4751 = AXIS2_PLACEMENT_3D('',#4752,#4753,#4754);
#4752 = CARTESIAN_POINT('',(7.975001040317,-0.699998959683,0.));
#4753 = DIRECTION('',(-0.,-0.,1.));
#4754 = DIRECTION('',(-4.161285826408E-06,0.999999999991,0.));
#4755 = ADVANCED_FACE('',(#4756),#4781,.F.);
#4756 = FACE_BOUND('',#4757,.F.);
#4757 = EDGE_LOOP('',(#4758,#4759,#4767,#4775));
#4758 = ORIENTED_EDGE('',*,*,#4736,.T.);
#4759 = ORIENTED_EDGE('',*,*,#4760,.T.);
#4760 = EDGE_CURVE('',#4728,#4761,#4763,.T.);
#4761 = VERTEX_POINT('',#4762);
#4762 = CARTESIAN_POINT('',(8.225,-2.2,-4.E-02));
#4763 = LINE('',#4764,#4765);
#4764 = CARTESIAN_POINT('',(8.225,-0.7,-4.E-02));
#4765 = VECTOR('',#4766,1.);
#4766 = DIRECTION('',(0.,-1.,0.));
#4767 = ORIENTED_EDGE('',*,*,#4768,.F.);
#4768 = EDGE_CURVE('',#4769,#4761,#4771,.T.);
#4769 = VERTEX_POINT('',#4770);
#4770 = CARTESIAN_POINT('',(8.225,-2.2,0.));
#4771 = LINE('',#4772,#4773);
#4772 = CARTESIAN_POINT('',(8.225,-2.2,0.));
#4773 = VECTOR('',#4774,1.);
#4774 = DIRECTION('',(0.,0.,-1.));
#4775 = ORIENTED_EDGE('',*,*,#4776,.F.);
#4776 = EDGE_CURVE('',#4737,#4769,#4777,.T.);
#4777 = LINE('',#4778,#4779);
#4778 = CARTESIAN_POINT('',(8.225,-0.7,0.));
#4779 = VECTOR('',#4780,1.);
#4780 = DIRECTION('',(0.,-1.,0.));
#4781 = PLANE('',#4782);
#4782 = AXIS2_PLACEMENT_3D('',#4783,#4784,#4785);
#4783 = CARTESIAN_POINT('',(8.225,-0.7,0.));
#4784 = DIRECTION('',(-1.,-0.,-0.));
#4785 = DIRECTION('',(0.,-1.,0.));
#4786 = ADVANCED_FACE('',(#4787),#4814,.T.);
#4787 = FACE_BOUND('',#4788,.F.);
#4788 = EDGE_LOOP('',(#4789,#4790,#4799,#4807));
#4789 = ORIENTED_EDGE('',*,*,#4768,.T.);
#4790 = ORIENTED_EDGE('',*,*,#4791,.T.);
#4791 = EDGE_CURVE('',#4761,#4792,#4794,.T.);
#4792 = VERTEX_POINT('',#4793);
#4793 = CARTESIAN_POINT('',(7.975,-2.45,-4.E-02));
#4794 = CIRCLE('',#4795,0.249998959685);
#4795 = AXIS2_PLACEMENT_3D('',#4796,#4797,#4798);
#4796 = CARTESIAN_POINT('',(7.975001040317,-2.200001040317,-4.E-02));
#4797 = DIRECTION('',(0.,0.,-1.));
#4798 = DIRECTION('',(0.999999999991,4.161285828185E-06,0.));
#4799 = ORIENTED_EDGE('',*,*,#4800,.F.);
#4800 = EDGE_CURVE('',#4801,#4792,#4803,.T.);
#4801 = VERTEX_POINT('',#4802);
#4802 = CARTESIAN_POINT('',(7.975,-2.45,0.));
#4803 = LINE('',#4804,#4805);
#4804 = CARTESIAN_POINT('',(7.975,-2.45,0.));
#4805 = VECTOR('',#4806,1.);
#4806 = DIRECTION('',(0.,0.,-1.));
#4807 = ORIENTED_EDGE('',*,*,#4808,.F.);
#4808 = EDGE_CURVE('',#4769,#4801,#4809,.T.);
#4809 = CIRCLE('',#4810,0.249998959685);
#4810 = AXIS2_PLACEMENT_3D('',#4811,#4812,#4813);
#4811 = CARTESIAN_POINT('',(7.975001040317,-2.200001040317,0.));
#4812 = DIRECTION('',(0.,0.,-1.));
#4813 = DIRECTION('',(0.999999999991,4.161285828185E-06,0.));
#4814 = CYLINDRICAL_SURFACE('',#4815,0.249998959685);
#4815 = AXIS2_PLACEMENT_3D('',#4816,#4817,#4818);
#4816 = CARTESIAN_POINT('',(7.975001040317,-2.200001040317,0.));
#4817 = DIRECTION('',(-0.,-0.,1.));
#4818 = DIRECTION('',(0.999999999991,4.161285828185E-06,0.));
#4819 = ADVANCED_FACE('',(#4820),#4845,.F.);
#4820 = FACE_BOUND('',#4821,.F.);
#4821 = EDGE_LOOP('',(#4822,#4823,#4831,#4839));
#4822 = ORIENTED_EDGE('',*,*,#4800,.T.);
#4823 = ORIENTED_EDGE('',*,*,#4824,.T.);
#4824 = EDGE_CURVE('',#4792,#4825,#4827,.T.);
#4825 = VERTEX_POINT('',#4826);
#4826 = CARTESIAN_POINT('',(7.475,-2.45,-4.E-02));
#4827 = LINE('',#4828,#4829);
#4828 = CARTESIAN_POINT('',(7.975,-2.45,-4.E-02));
#4829 = VECTOR('',#4830,1.);
#4830 = DIRECTION('',(-1.,0.,0.));
#4831 = ORIENTED_EDGE('',*,*,#4832,.F.);
#4832 = EDGE_CURVE('',#4833,#4825,#4835,.T.);
#4833 = VERTEX_POINT('',#4834);
#4834 = CARTESIAN_POINT('',(7.475,-2.45,0.));
#4835 = LINE('',#4836,#4837);
#4836 = CARTESIAN_POINT('',(7.475,-2.45,0.));
#4837 = VECTOR('',#4838,1.);
#4838 = DIRECTION('',(0.,0.,-1.));
#4839 = ORIENTED_EDGE('',*,*,#4840,.F.);
#4840 = EDGE_CURVE('',#4801,#4833,#4841,.T.);
#4841 = LINE('',#4842,#4843);
#4842 = CARTESIAN_POINT('',(7.975,-2.45,0.));
#4843 = VECTOR('',#4844,1.);
#4844 = DIRECTION('',(-1.,0.,0.));
#4845 = PLANE('',#4846);
#4846 = AXIS2_PLACEMENT_3D('',#4847,#4848,#4849);
#4847 = CARTESIAN_POINT('',(7.975,-2.45,0.));
#4848 = DIRECTION('',(0.,1.,0.));
#4849 = DIRECTION('',(-1.,0.,0.));
#4850 = ADVANCED_FACE('',(#4851),#4878,.T.);
#4851 = FACE_BOUND('',#4852,.F.);
#4852 = EDGE_LOOP('',(#4853,#4854,#4863,#4871));
#4853 = ORIENTED_EDGE('',*,*,#4832,.T.);
#4854 = ORIENTED_EDGE('',*,*,#4855,.T.);
#4855 = EDGE_CURVE('',#4825,#4856,#4858,.T.);
#4856 = VERTEX_POINT('',#4857);
#4857 = CARTESIAN_POINT('',(7.225,-2.2,-4.E-02));
#4858 = CIRCLE('',#4859,0.249998959685);
#4859 = AXIS2_PLACEMENT_3D('',#4860,#4861,#4862);
#4860 = CARTESIAN_POINT('',(7.474998959683,-2.200001040317,-4.E-02));
#4861 = DIRECTION('',(0.,0.,-1.));
#4862 = DIRECTION('',(4.161285829961E-06,-0.999999999991,0.));
#4863 = ORIENTED_EDGE('',*,*,#4864,.F.);
#4864 = EDGE_CURVE('',#4865,#4856,#4867,.T.);
#4865 = VERTEX_POINT('',#4866);
#4866 = CARTESIAN_POINT('',(7.225,-2.2,0.));
#4867 = LINE('',#4868,#4869);
#4868 = CARTESIAN_POINT('',(7.225,-2.2,0.));
#4869 = VECTOR('',#4870,1.);
#4870 = DIRECTION('',(0.,0.,-1.));
#4871 = ORIENTED_EDGE('',*,*,#4872,.F.);
#4872 = EDGE_CURVE('',#4833,#4865,#4873,.T.);
#4873 = CIRCLE('',#4874,0.249998959685);
#4874 = AXIS2_PLACEMENT_3D('',#4875,#4876,#4877);
#4875 = CARTESIAN_POINT('',(7.474998959683,-2.200001040317,0.));
#4876 = DIRECTION('',(0.,0.,-1.));
#4877 = DIRECTION('',(4.161285829961E-06,-0.999999999991,0.));
#4878 = CYLINDRICAL_SURFACE('',#4879,0.249998959685);
#4879 = AXIS2_PLACEMENT_3D('',#4880,#4881,#4882);
#4880 = CARTESIAN_POINT('',(7.474998959683,-2.200001040317,0.));
#4881 = DIRECTION('',(-0.,-0.,1.));
#4882 = DIRECTION('',(4.161285829961E-06,-0.999999999991,0.));
#4883 = ADVANCED_FACE('',(#4884),#4900,.F.);
#4884 = FACE_BOUND('',#4885,.F.);
#4885 = EDGE_LOOP('',(#4886,#4887,#4893,#4894));
#4886 = ORIENTED_EDGE('',*,*,#4864,.T.);
#4887 = ORIENTED_EDGE('',*,*,#4888,.T.);
#4888 = EDGE_CURVE('',#4856,#4656,#4889,.T.);
#4889 = LINE('',#4890,#4891);
#4890 = CARTESIAN_POINT('',(7.225,-2.2,-4.E-02));
#4891 = VECTOR('',#4892,1.);
#4892 = DIRECTION('',(0.,1.,0.));
#4893 = ORIENTED_EDGE('',*,*,#4653,.F.);
#4894 = ORIENTED_EDGE('',*,*,#4895,.F.);
#4895 = EDGE_CURVE('',#4865,#4654,#4896,.T.);
#4896 = LINE('',#4897,#4898);
#4897 = CARTESIAN_POINT('',(7.225,-2.2,0.));
#4898 = VECTOR('',#4899,1.);
#4899 = DIRECTION('',(0.,1.,0.));
#4900 = PLANE('',#4901);
#4901 = AXIS2_PLACEMENT_3D('',#4902,#4903,#4904);
#4902 = CARTESIAN_POINT('',(7.225,-2.2,0.));
#4903 = DIRECTION('',(1.,-0.,0.));
#4904 = DIRECTION('',(0.,1.,0.));
#4905 = ADVANCED_FACE('',(#4906),#4916,.F.);
#4906 = FACE_BOUND('',#4907,.F.);
#4907 = EDGE_LOOP('',(#4908,#4909,#4910,#4911,#4912,#4913,#4914,#4915));
#4908 = ORIENTED_EDGE('',*,*,#4680,.T.);
#4909 = ORIENTED_EDGE('',*,*,#4712,.T.);
#4910 = ORIENTED_EDGE('',*,*,#4744,.T.);
#4911 = ORIENTED_EDGE('',*,*,#4776,.T.);
#4912 = ORIENTED_EDGE('',*,*,#4808,.T.);
#4913 = ORIENTED_EDGE('',*,*,#4840,.T.);
#4914 = ORIENTED_EDGE('',*,*,#4872,.T.);
#4915 = ORIENTED_EDGE('',*,*,#4895,.T.);
#4916 = PLANE('',#4917);
#4917 = AXIS2_PLACEMENT_3D('',#4918,#4919,#4920);
#4918 = CARTESIAN_POINT('',(0.,0.,0.));
#4919 = DIRECTION('',(-0.,-0.,-1.));
#4920 = DIRECTION('',(-1.,0.,0.));
#4921 = ADVANCED_FACE('',(#4922),#4932,.T.);
#4922 = FACE_BOUND('',#4923,.T.);
#4923 = EDGE_LOOP('',(#4924,#4925,#4926,#4927,#4928,#4929,#4930,#4931));
#4924 = ORIENTED_EDGE('',*,*,#4663,.T.);
#4925 = ORIENTED_EDGE('',*,*,#4696,.T.);
#4926 = ORIENTED_EDGE('',*,*,#4727,.T.);
#4927 = ORIENTED_EDGE('',*,*,#4760,.T.);
#4928 = ORIENTED_EDGE('',*,*,#4791,.T.);
#4929 = ORIENTED_EDGE('',*,*,#4824,.T.);
#4930 = ORIENTED_EDGE('',*,*,#4855,.T.);
#4931 = ORIENTED_EDGE('',*,*,#4888,.T.);
#4932 = PLANE('',#4933);
#4933 = AXIS2_PLACEMENT_3D('',#4934,#4935,#4936);
#4934 = CARTESIAN_POINT('',(0.,0.,-4.E-02));
#4935 = DIRECTION('',(-0.,-0.,-1.));
#4936 = DIRECTION('',(-1.,0.,0.));
#4937 = MANIFOLD_SOLID_BREP('',#4938);
#4938 = CLOSED_SHELL('',(#4939,#4979,#5010,#5041,#5063,#5075));
#4939 = ADVANCED_FACE('',(#4940),#4974,.T.);
#4940 = FACE_BOUND('',#4941,.T.);
#4941 = EDGE_LOOP('',(#4942,#4952,#4960,#4968));
#4942 = ORIENTED_EDGE('',*,*,#4943,.T.);
#4943 = EDGE_CURVE('',#4944,#4946,#4948,.T.);
#4944 = VERTEX_POINT('',#4945);
#4945 = CARTESIAN_POINT('',(11.075,-3.29,0.91));
#4946 = VERTEX_POINT('',#4947);
#4947 = CARTESIAN_POINT('',(11.075,-3.29,0.95));
#4948 = LINE('',#4949,#4950);
#4949 = CARTESIAN_POINT('',(11.075,-3.29,0.91));
#4950 = VECTOR('',#4951,1.);
#4951 = DIRECTION('',(0.,0.,1.));
#4952 = ORIENTED_EDGE('',*,*,#4953,.T.);
#4953 = EDGE_CURVE('',#4946,#4954,#4956,.T.);
#4954 = VERTEX_POINT('',#4955);
#4955 = CARTESIAN_POINT('',(11.075,-2.89,0.95));
#4956 = LINE('',#4957,#4958);
#4957 = CARTESIAN_POINT('',(11.075,-3.29,0.95));
#4958 = VECTOR('',#4959,1.);
#4959 = DIRECTION('',(0.,1.,0.));
#4960 = ORIENTED_EDGE('',*,*,#4961,.F.);
#4961 = EDGE_CURVE('',#4962,#4954,#4964,.T.);
#4962 = VERTEX_POINT('',#4963);
#4963 = CARTESIAN_POINT('',(11.075,-2.89,0.91));
#4964 = LINE('',#4965,#4966);
#4965 = CARTESIAN_POINT('',(11.075,-2.89,0.91));
#4966 = VECTOR('',#4967,1.);
#4967 = DIRECTION('',(0.,0.,1.));
#4968 = ORIENTED_EDGE('',*,*,#4969,.F.);
#4969 = EDGE_CURVE('',#4944,#4962,#4970,.T.);
#4970 = LINE('',#4971,#4972);
#4971 = CARTESIAN_POINT('',(11.075,-3.29,0.91));
#4972 = VECTOR('',#4973,1.);
#4973 = DIRECTION('',(0.,1.,0.));
#4974 = PLANE('',#4975);
#4975 = AXIS2_PLACEMENT_3D('',#4976,#4977,#4978);
#4976 = CARTESIAN_POINT('',(11.075,-3.29,0.91));
#4977 = DIRECTION('',(-1.,0.,0.));
#4978 = DIRECTION('',(0.,1.,0.));
#4979 = ADVANCED_FACE('',(#4980),#5005,.T.);
#4980 = FACE_BOUND('',#4981,.T.);
#4981 = EDGE_LOOP('',(#4982,#4983,#4991,#4999));
#4982 = ORIENTED_EDGE('',*,*,#4961,.T.);
#4983 = ORIENTED_EDGE('',*,*,#4984,.T.);
#4984 = EDGE_CURVE('',#4954,#4985,#4987,.T.);
#4985 = VERTEX_POINT('',#4986);
#4986 = CARTESIAN_POINT('',(13.075,-2.89,0.95));
#4987 = LINE('',#4988,#4989);
#4988 = CARTESIAN_POINT('',(11.075,-2.89,0.95));
#4989 = VECTOR('',#4990,1.);
#4990 = DIRECTION('',(1.,0.,0.));
#4991 = ORIENTED_EDGE('',*,*,#4992,.F.);
#4992 = EDGE_CURVE('',#4993,#4985,#4995,.T.);
#4993 = VERTEX_POINT('',#4994);
#4994 = CARTESIAN_POINT('',(13.075,-2.89,0.91));
#4995 = LINE('',#4996,#4997);
#4996 = CARTESIAN_POINT('',(13.075,-2.89,0.91));
#4997 = VECTOR('',#4998,1.);
#4998 = DIRECTION('',(0.,0.,1.));
#4999 = ORIENTED_EDGE('',*,*,#5000,.F.);
#5000 = EDGE_CURVE('',#4962,#4993,#5001,.T.);
#5001 = LINE('',#5002,#5003);
#5002 = CARTESIAN_POINT('',(11.075,-2.89,0.91));
#5003 = VECTOR('',#5004,1.);
#5004 = DIRECTION('',(1.,0.,0.));
#5005 = PLANE('',#5006);
#5006 = AXIS2_PLACEMENT_3D('',#5007,#5008,#5009);
#5007 = CARTESIAN_POINT('',(11.075,-2.89,0.91));
#5008 = DIRECTION('',(0.,1.,0.));
#5009 = DIRECTION('',(1.,0.,0.));
#5010 = ADVANCED_FACE('',(#5011),#5036,.T.);
#5011 = FACE_BOUND('',#5012,.T.);
#5012 = EDGE_LOOP('',(#5013,#5014,#5022,#5030));
#5013 = ORIENTED_EDGE('',*,*,#4992,.T.);
#5014 = ORIENTED_EDGE('',*,*,#5015,.T.);
#5015 = EDGE_CURVE('',#4985,#5016,#5018,.T.);
#5016 = VERTEX_POINT('',#5017);
#5017 = CARTESIAN_POINT('',(13.075,-3.29,0.95));
#5018 = LINE('',#5019,#5020);
#5019 = CARTESIAN_POINT('',(13.075,-2.89,0.95));
#5020 = VECTOR('',#5021,1.);
#5021 = DIRECTION('',(0.,-1.,0.));
#5022 = ORIENTED_EDGE('',*,*,#5023,.F.);
#5023 = EDGE_CURVE('',#5024,#5016,#5026,.T.);
#5024 = VERTEX_POINT('',#5025);
#5025 = CARTESIAN_POINT('',(13.075,-3.29,0.91));
#5026 = LINE('',#5027,#5028);
#5027 = CARTESIAN_POINT('',(13.075,-3.29,0.91));
#5028 = VECTOR('',#5029,1.);
#5029 = DIRECTION('',(0.,0.,1.));
#5030 = ORIENTED_EDGE('',*,*,#5031,.F.);
#5031 = EDGE_CURVE('',#4993,#5024,#5032,.T.);
#5032 = LINE('',#5033,#5034);
#5033 = CARTESIAN_POINT('',(13.075,-2.89,0.91));
#5034 = VECTOR('',#5035,1.);
#5035 = DIRECTION('',(0.,-1.,0.));
#5036 = PLANE('',#5037);
#5037 = AXIS2_PLACEMENT_3D('',#5038,#5039,#5040);
#5038 = CARTESIAN_POINT('',(13.075,-2.89,0.91));
#5039 = DIRECTION('',(1.,0.,-0.));
#5040 = DIRECTION('',(0.,-1.,0.));
#5041 = ADVANCED_FACE('',(#5042),#5058,.T.);
#5042 = FACE_BOUND('',#5043,.T.);
#5043 = EDGE_LOOP('',(#5044,#5045,#5051,#5052));
#5044 = ORIENTED_EDGE('',*,*,#5023,.T.);
#5045 = ORIENTED_EDGE('',*,*,#5046,.T.);
#5046 = EDGE_CURVE('',#5016,#4946,#5047,.T.);
#5047 = LINE('',#5048,#5049);
#5048 = CARTESIAN_POINT('',(13.075,-3.29,0.95));
#5049 = VECTOR('',#5050,1.);
#5050 = DIRECTION('',(-1.,0.,0.));
#5051 = ORIENTED_EDGE('',*,*,#4943,.F.);
#5052 = ORIENTED_EDGE('',*,*,#5053,.F.);
#5053 = EDGE_CURVE('',#5024,#4944,#5054,.T.);
#5054 = LINE('',#5055,#5056);
#5055 = CARTESIAN_POINT('',(13.075,-3.29,0.91));
#5056 = VECTOR('',#5057,1.);
#5057 = DIRECTION('',(-1.,0.,0.));
#5058 = PLANE('',#5059);
#5059 = AXIS2_PLACEMENT_3D('',#5060,#5061,#5062);
#5060 = CARTESIAN_POINT('',(13.075,-3.29,0.91));
#5061 = DIRECTION('',(0.,-1.,0.));
#5062 = DIRECTION('',(-1.,0.,0.));
#5063 = ADVANCED_FACE('',(#5064),#5070,.F.);
#5064 = FACE_BOUND('',#5065,.T.);
#5065 = EDGE_LOOP('',(#5066,#5067,#5068,#5069));
#5066 = ORIENTED_EDGE('',*,*,#4969,.T.);
#5067 = ORIENTED_EDGE('',*,*,#5000,.T.);
#5068 = ORIENTED_EDGE('',*,*,#5031,.T.);
#5069 = ORIENTED_EDGE('',*,*,#5053,.T.);
#5070 = PLANE('',#5071);
#5071 = AXIS2_PLACEMENT_3D('',#5072,#5073,#5074);
#5072 = CARTESIAN_POINT('',(0.,0.,0.91));
#5073 = DIRECTION('',(0.,0.,1.));
#5074 = DIRECTION('',(1.,0.,-0.));
#5075 = ADVANCED_FACE('',(#5076),#5082,.T.);
#5076 = FACE_BOUND('',#5077,.F.);
#5077 = EDGE_LOOP('',(#5078,#5079,#5080,#5081));
#5078 = ORIENTED_EDGE('',*,*,#4953,.T.);
#5079 = ORIENTED_EDGE('',*,*,#4984,.T.);
#5080 = ORIENTED_EDGE('',*,*,#5015,.T.);
#5081 = ORIENTED_EDGE('',*,*,#5046,.T.);
#5082 = PLANE('',#5083);
#5083 = AXIS2_PLACEMENT_3D('',#5084,#5085,#5086);
#5084 = CARTESIAN_POINT('',(0.,0.,0.95));
#5085 = DIRECTION('',(0.,0.,1.));
#5086 = DIRECTION('',(1.,0.,-0.));
#5087 = MANIFOLD_SOLID_BREP('',#5088);
#5088 = CLOSED_SHELL('',(#5089,#5129,#5160,#5191,#5213,#5225));
#5089 = ADVANCED_FACE('',(#5090),#5124,.T.);
#5090 = FACE_BOUND('',#5091,.T.);
#5091 = EDGE_LOOP('',(#5092,#5102,#5110,#5118));
#5092 = ORIENTED_EDGE('',*,*,#5093,.T.);
#5093 = EDGE_CURVE('',#5094,#5096,#5098,.T.);
#5094 = VERTEX_POINT('',#5095);
#5095 = CARTESIAN_POINT('',(11.075,-5.15,0.91));
#5096 = VERTEX_POINT('',#5097);
#5097 = CARTESIAN_POINT('',(11.075,-5.15,0.95));
#5098 = LINE('',#5099,#5100);
#5099 = CARTESIAN_POINT('',(11.075,-5.15,0.91));
#5100 = VECTOR('',#5101,1.);
#5101 = DIRECTION('',(0.,0.,1.));
#5102 = ORIENTED_EDGE('',*,*,#5103,.T.);
#5103 = EDGE_CURVE('',#5096,#5104,#5106,.T.);
#5104 = VERTEX_POINT('',#5105);
#5105 = CARTESIAN_POINT('',(11.075,-4.75,0.95));
#5106 = LINE('',#5107,#5108);
#5107 = CARTESIAN_POINT('',(11.075,-5.15,0.95));
#5108 = VECTOR('',#5109,1.);
#5109 = DIRECTION('',(0.,1.,0.));
#5110 = ORIENTED_EDGE('',*,*,#5111,.F.);
#5111 = EDGE_CURVE('',#5112,#5104,#5114,.T.);
#5112 = VERTEX_POINT('',#5113);
#5113 = CARTESIAN_POINT('',(11.075,-4.75,0.91));
#5114 = LINE('',#5115,#5116);
#5115 = CARTESIAN_POINT('',(11.075,-4.75,0.91));
#5116 = VECTOR('',#5117,1.);
#5117 = DIRECTION('',(0.,0.,1.));
#5118 = ORIENTED_EDGE('',*,*,#5119,.F.);
#5119 = EDGE_CURVE('',#5094,#5112,#5120,.T.);
#5120 = LINE('',#5121,#5122);
#5121 = CARTESIAN_POINT('',(11.075,-5.15,0.91));
#5122 = VECTOR('',#5123,1.);
#5123 = DIRECTION('',(0.,1.,0.));
#5124 = PLANE('',#5125);
#5125 = AXIS2_PLACEMENT_3D('',#5126,#5127,#5128);
#5126 = CARTESIAN_POINT('',(11.075,-5.15,0.91));
#5127 = DIRECTION('',(-1.,0.,0.));
#5128 = DIRECTION('',(0.,1.,0.));
#5129 = ADVANCED_FACE('',(#5130),#5155,.T.);
#5130 = FACE_BOUND('',#5131,.T.);
#5131 = EDGE_LOOP('',(#5132,#5133,#5141,#5149));
#5132 = ORIENTED_EDGE('',*,*,#5111,.T.);
#5133 = ORIENTED_EDGE('',*,*,#5134,.T.);
#5134 = EDGE_CURVE('',#5104,#5135,#5137,.T.);
#5135 = VERTEX_POINT('',#5136);
#5136 = CARTESIAN_POINT('',(13.075,-4.75,0.95));
#5137 = LINE('',#5138,#5139);
#5138 = CARTESIAN_POINT('',(11.075,-4.75,0.95));
#5139 = VECTOR('',#5140,1.);
#5140 = DIRECTION('',(1.,0.,0.));
#5141 = ORIENTED_EDGE('',*,*,#5142,.F.);
#5142 = EDGE_CURVE('',#5143,#5135,#5145,.T.);
#5143 = VERTEX_POINT('',#5144);
#5144 = CARTESIAN_POINT('',(13.075,-4.75,0.91));
#5145 = LINE('',#5146,#5147);
#5146 = CARTESIAN_POINT('',(13.075,-4.75,0.91));
#5147 = VECTOR('',#5148,1.);
#5148 = DIRECTION('',(0.,0.,1.));
#5149 = ORIENTED_EDGE('',*,*,#5150,.F.);
#5150 = EDGE_CURVE('',#5112,#5143,#5151,.T.);
#5151 = LINE('',#5152,#5153);
#5152 = CARTESIAN_POINT('',(11.075,-4.75,0.91));
#5153 = VECTOR('',#5154,1.);
#5154 = DIRECTION('',(1.,0.,0.));
#5155 = PLANE('',#5156);
#5156 = AXIS2_PLACEMENT_3D('',#5157,#5158,#5159);
#5157 = CARTESIAN_POINT('',(11.075,-4.75,0.91));
#5158 = DIRECTION('',(0.,1.,0.));
#5159 = DIRECTION('',(1.,0.,0.));
#5160 = ADVANCED_FACE('',(#5161),#5186,.T.);
#5161 = FACE_BOUND('',#5162,.T.);
#5162 = EDGE_LOOP('',(#5163,#5164,#5172,#5180));
#5163 = ORIENTED_EDGE('',*,*,#5142,.T.);
#5164 = ORIENTED_EDGE('',*,*,#5165,.T.);
#5165 = EDGE_CURVE('',#5135,#5166,#5168,.T.);
#5166 = VERTEX_POINT('',#5167);
#5167 = CARTESIAN_POINT('',(13.075,-5.15,0.95));
#5168 = LINE('',#5169,#5170);
#5169 = CARTESIAN_POINT('',(13.075,-4.75,0.95));
#5170 = VECTOR('',#5171,1.);
#5171 = DIRECTION('',(0.,-1.,0.));
#5172 = ORIENTED_EDGE('',*,*,#5173,.F.);
#5173 = EDGE_CURVE('',#5174,#5166,#5176,.T.);
#5174 = VERTEX_POINT('',#5175);
#5175 = CARTESIAN_POINT('',(13.075,-5.15,0.91));
#5176 = LINE('',#5177,#5178);
#5177 = CARTESIAN_POINT('',(13.075,-5.15,0.91));
#5178 = VECTOR('',#5179,1.);
#5179 = DIRECTION('',(0.,0.,1.));
#5180 = ORIENTED_EDGE('',*,*,#5181,.F.);
#5181 = EDGE_CURVE('',#5143,#5174,#5182,.T.);
#5182 = LINE('',#5183,#5184);
#5183 = CARTESIAN_POINT('',(13.075,-4.75,0.91));
#5184 = VECTOR('',#5185,1.);
#5185 = DIRECTION('',(0.,-1.,0.));
#5186 = PLANE('',#5187);
#5187 = AXIS2_PLACEMENT_3D('',#5188,#5189,#5190);
#5188 = CARTESIAN_POINT('',(13.075,-4.75,0.91));
#5189 = DIRECTION('',(1.,0.,-0.));
#5190 = DIRECTION('',(0.,-1.,0.));
#5191 = ADVANCED_FACE('',(#5192),#5208,.T.);
#5192 = FACE_BOUND('',#5193,.T.);
#5193 = EDGE_LOOP('',(#5194,#5195,#5201,#5202));
#5194 = ORIENTED_EDGE('',*,*,#5173,.T.);
#5195 = ORIENTED_EDGE('',*,*,#5196,.T.);
#5196 = EDGE_CURVE('',#5166,#5096,#5197,.T.);
#5197 = LINE('',#5198,#5199);
#5198 = CARTESIAN_POINT('',(13.075,-5.15,0.95));
#5199 = VECTOR('',#5200,1.);
#5200 = DIRECTION('',(-1.,0.,0.));
#5201 = ORIENTED_EDGE('',*,*,#5093,.F.);
#5202 = ORIENTED_EDGE('',*,*,#5203,.F.);
#5203 = EDGE_CURVE('',#5174,#5094,#5204,.T.);
#5204 = LINE('',#5205,#5206);
#5205 = CARTESIAN_POINT('',(13.075,-5.15,0.91));
#5206 = VECTOR('',#5207,1.);
#5207 = DIRECTION('',(-1.,0.,0.));
#5208 = PLANE('',#5209);
#5209 = AXIS2_PLACEMENT_3D('',#5210,#5211,#5212);
#5210 = CARTESIAN_POINT('',(13.075,-5.15,0.91));
#5211 = DIRECTION('',(0.,-1.,0.));
#5212 = DIRECTION('',(-1.,0.,0.));
#5213 = ADVANCED_FACE('',(#5214),#5220,.F.);
#5214 = FACE_BOUND('',#5215,.T.);
#5215 = EDGE_LOOP('',(#5216,#5217,#5218,#5219));
#5216 = ORIENTED_EDGE('',*,*,#5119,.T.);
#5217 = ORIENTED_EDGE('',*,*,#5150,.T.);
#5218 = ORIENTED_EDGE('',*,*,#5181,.T.);
#5219 = ORIENTED_EDGE('',*,*,#5203,.T.);
#5220 = PLANE('',#5221);
#5221 = AXIS2_PLACEMENT_3D('',#5222,#5223,#5224);
#5222 = CARTESIAN_POINT('',(0.,0.,0.91));
#5223 = DIRECTION('',(0.,0.,1.));
#5224 = DIRECTION('',(1.,0.,-0.));
#5225 = ADVANCED_FACE('',(#5226),#5232,.T.);
#5226 = FACE_BOUND('',#5227,.F.);
#5227 = EDGE_LOOP('',(#5228,#5229,#5230,#5231));
#5228 = ORIENTED_EDGE('',*,*,#5103,.T.);
#5229 = ORIENTED_EDGE('',*,*,#5134,.T.);
#5230 = ORIENTED_EDGE('',*,*,#5165,.T.);
#5231 = ORIENTED_EDGE('',*,*,#5196,.T.);
#5232 = PLANE('',#5233);
#5233 = AXIS2_PLACEMENT_3D('',#5234,#5235,#5236);
#5234 = CARTESIAN_POINT('',(0.,0.,0.95));
#5235 = DIRECTION('',(0.,0.,1.));
#5236 = DIRECTION('',(1.,0.,-0.));
#5237 = MANIFOLD_SOLID_BREP('',#5238);
#5238 = CLOSED_SHELL('',(#5239,#5281,#5312,#5345,#5376,#5409,#5440,#5473
    ,#5495,#5511));
#5239 = ADVANCED_FACE('',(#5240),#5276,.T.);
#5240 = FACE_BOUND('',#5241,.F.);
#5241 = EDGE_LOOP('',(#5242,#5252,#5261,#5269));
#5242 = ORIENTED_EDGE('',*,*,#5243,.T.);
#5243 = EDGE_CURVE('',#5244,#5246,#5248,.T.);
#5244 = VERTEX_POINT('',#5245);
#5245 = CARTESIAN_POINT('',(10.2,-4.7,0.));
#5246 = VERTEX_POINT('',#5247);
#5247 = CARTESIAN_POINT('',(10.2,-4.7,-4.E-02));
#5248 = LINE('',#5249,#5250);
#5249 = CARTESIAN_POINT('',(10.2,-4.7,0.));
#5250 = VECTOR('',#5251,1.);
#5251 = DIRECTION('',(0.,0.,-1.));
#5252 = ORIENTED_EDGE('',*,*,#5253,.T.);
#5253 = EDGE_CURVE('',#5246,#5254,#5256,.T.);
#5254 = VERTEX_POINT('',#5255);
#5255 = CARTESIAN_POINT('',(10.425,-4.475,-4.E-02));
#5256 = CIRCLE('',#5257,0.225000087974);
#5257 = AXIS2_PLACEMENT_3D('',#5258,#5259,#5260);
#5258 = CARTESIAN_POINT('',(10.425000087974,-4.700000087974,-4.E-02));
#5259 = DIRECTION('',(0.,0.,-1.));
#5260 = DIRECTION('',(-1.,3.909953655539E-07,0.));
#5261 = ORIENTED_EDGE('',*,*,#5262,.F.);
#5262 = EDGE_CURVE('',#5263,#5254,#5265,.T.);
#5263 = VERTEX_POINT('',#5264);
#5264 = CARTESIAN_POINT('',(10.425,-4.475,0.));
#5265 = LINE('',#5266,#5267);
#5266 = CARTESIAN_POINT('',(10.425,-4.475,0.));
#5267 = VECTOR('',#5268,1.);
#5268 = DIRECTION('',(0.,0.,-1.));
#5269 = ORIENTED_EDGE('',*,*,#5270,.F.);
#5270 = EDGE_CURVE('',#5244,#5263,#5271,.T.);
#5271 = CIRCLE('',#5272,0.225000087974);
#5272 = AXIS2_PLACEMENT_3D('',#5273,#5274,#5275);
#5273 = CARTESIAN_POINT('',(10.425000087974,-4.700000087974,0.));
#5274 = DIRECTION('',(0.,0.,-1.));
#5275 = DIRECTION('',(-1.,3.909953655539E-07,0.));
#5276 = CYLINDRICAL_SURFACE('',#5277,0.225000087974);
#5277 = AXIS2_PLACEMENT_3D('',#5278,#5279,#5280);
#5278 = CARTESIAN_POINT('',(10.425000087974,-4.700000087974,0.));
#5279 = DIRECTION('',(-0.,-0.,1.));
#5280 = DIRECTION('',(-1.,3.909953655539E-07,0.));
#5281 = ADVANCED_FACE('',(#5282),#5307,.F.);
#5282 = FACE_BOUND('',#5283,.F.);
#5283 = EDGE_LOOP('',(#5284,#5285,#5293,#5301));
#5284 = ORIENTED_EDGE('',*,*,#5262,.T.);
#5285 = ORIENTED_EDGE('',*,*,#5286,.T.);
#5286 = EDGE_CURVE('',#5254,#5287,#5289,.T.);
#5287 = VERTEX_POINT('',#5288);
#5288 = CARTESIAN_POINT('',(10.925,-4.475,-4.E-02));
#5289 = LINE('',#5290,#5291);
#5290 = CARTESIAN_POINT('',(10.425,-4.475,-4.E-02));
#5291 = VECTOR('',#5292,1.);
#5292 = DIRECTION('',(1.,0.,0.));
#5293 = ORIENTED_EDGE('',*,*,#5294,.F.);
#5294 = EDGE_CURVE('',#5295,#5287,#5297,.T.);
#5295 = VERTEX_POINT('',#5296);
#5296 = CARTESIAN_POINT('',(10.925,-4.475,0.));
#5297 = LINE('',#5298,#5299);
#5298 = CARTESIAN_POINT('',(10.925,-4.475,0.));
#5299 = VECTOR('',#5300,1.);
#5300 = DIRECTION('',(0.,0.,-1.));
#5301 = ORIENTED_EDGE('',*,*,#5302,.F.);
#5302 = EDGE_CURVE('',#5263,#5295,#5303,.T.);
#5303 = LINE('',#5304,#5305);
#5304 = CARTESIAN_POINT('',(10.425,-4.475,0.));
#5305 = VECTOR('',#5306,1.);
#5306 = DIRECTION('',(1.,0.,0.));
#5307 = PLANE('',#5308);
#5308 = AXIS2_PLACEMENT_3D('',#5309,#5310,#5311);
#5309 = CARTESIAN_POINT('',(10.425,-4.475,0.));
#5310 = DIRECTION('',(0.,-1.,0.));
#5311 = DIRECTION('',(1.,0.,0.));
#5312 = ADVANCED_FACE('',(#5313),#5340,.T.);
#5313 = FACE_BOUND('',#5314,.F.);
#5314 = EDGE_LOOP('',(#5315,#5316,#5325,#5333));
#5315 = ORIENTED_EDGE('',*,*,#5294,.T.);
#5316 = ORIENTED_EDGE('',*,*,#5317,.T.);
#5317 = EDGE_CURVE('',#5287,#5318,#5320,.T.);
#5318 = VERTEX_POINT('',#5319);
#5319 = CARTESIAN_POINT('',(11.15,-4.7,-4.E-02));
#5320 = CIRCLE('',#5321,0.225000087974);
#5321 = AXIS2_PLACEMENT_3D('',#5322,#5323,#5324);
#5322 = CARTESIAN_POINT('',(10.924999912026,-4.700000087974,-4.E-02));
#5323 = DIRECTION('',(0.,0.,-1.));
#5324 = DIRECTION('',(3.909953695014E-07,1.,0.));
#5325 = ORIENTED_EDGE('',*,*,#5326,.F.);
#5326 = EDGE_CURVE('',#5327,#5318,#5329,.T.);
#5327 = VERTEX_POINT('',#5328);
#5328 = CARTESIAN_POINT('',(11.15,-4.7,0.));
#5329 = LINE('',#5330,#5331);
#5330 = CARTESIAN_POINT('',(11.15,-4.7,0.));
#5331 = VECTOR('',#5332,1.);
#5332 = DIRECTION('',(0.,0.,-1.));
#5333 = ORIENTED_EDGE('',*,*,#5334,.F.);
#5334 = EDGE_CURVE('',#5295,#5327,#5335,.T.);
#5335 = CIRCLE('',#5336,0.225000087974);
#5336 = AXIS2_PLACEMENT_3D('',#5337,#5338,#5339);
#5337 = CARTESIAN_POINT('',(10.924999912026,-4.700000087974,0.));
#5338 = DIRECTION('',(0.,0.,-1.));
#5339 = DIRECTION('',(3.909953695014E-07,1.,0.));
#5340 = CYLINDRICAL_SURFACE('',#5341,0.225000087974);
#5341 = AXIS2_PLACEMENT_3D('',#5342,#5343,#5344);
#5342 = CARTESIAN_POINT('',(10.924999912026,-4.700000087974,0.));
#5343 = DIRECTION('',(-0.,-0.,1.));
#5344 = DIRECTION('',(3.909953695014E-07,1.,0.));
#5345 = ADVANCED_FACE('',(#5346),#5371,.F.);
#5346 = FACE_BOUND('',#5347,.F.);
#5347 = EDGE_LOOP('',(#5348,#5349,#5357,#5365));
#5348 = ORIENTED_EDGE('',*,*,#5326,.T.);
#5349 = ORIENTED_EDGE('',*,*,#5350,.T.);
#5350 = EDGE_CURVE('',#5318,#5351,#5353,.T.);
#5351 = VERTEX_POINT('',#5352);
#5352 = CARTESIAN_POINT('',(11.15,-5.15,-4.E-02));
#5353 = LINE('',#5354,#5355);
#5354 = CARTESIAN_POINT('',(11.15,-4.7,-4.E-02));
#5355 = VECTOR('',#5356,1.);
#5356 = DIRECTION('',(0.,-1.,0.));
#5357 = ORIENTED_EDGE('',*,*,#5358,.F.);
#5358 = EDGE_CURVE('',#5359,#5351,#5361,.T.);
#5359 = VERTEX_POINT('',#5360);
#5360 = CARTESIAN_POINT('',(11.15,-5.15,0.));
#5361 = LINE('',#5362,#5363);
#5362 = CARTESIAN_POINT('',(11.15,-5.15,0.));
#5363 = VECTOR('',#5364,1.);
#5364 = DIRECTION('',(0.,0.,-1.));
#5365 = ORIENTED_EDGE('',*,*,#5366,.F.);
#5366 = EDGE_CURVE('',#5327,#5359,#5367,.T.);
#5367 = LINE('',#5368,#5369);
#5368 = CARTESIAN_POINT('',(11.15,-4.7,0.));
#5369 = VECTOR('',#5370,1.);
#5370 = DIRECTION('',(0.,-1.,0.));
#5371 = PLANE('',#5372);
#5372 = AXIS2_PLACEMENT_3D('',#5373,#5374,#5375);
#5373 = CARTESIAN_POINT('',(11.15,-4.7,0.));
#5374 = DIRECTION('',(-1.,-0.,-0.));
#5375 = DIRECTION('',(0.,-1.,0.));
#5376 = ADVANCED_FACE('',(#5377),#5404,.T.);
#5377 = FACE_BOUND('',#5378,.F.);
#5378 = EDGE_LOOP('',(#5379,#5380,#5389,#5397));
#5379 = ORIENTED_EDGE('',*,*,#5358,.T.);
#5380 = ORIENTED_EDGE('',*,*,#5381,.T.);
#5381 = EDGE_CURVE('',#5351,#5382,#5384,.T.);
#5382 = VERTEX_POINT('',#5383);
#5383 = CARTESIAN_POINT('',(10.925,-5.375,-4.E-02));
#5384 = CIRCLE('',#5385,0.225000087974);
#5385 = AXIS2_PLACEMENT_3D('',#5386,#5387,#5388);
#5386 = CARTESIAN_POINT('',(10.924999912026,-5.149999912026,-4.E-02));
#5387 = DIRECTION('',(0.,0.,-1.));
#5388 = DIRECTION('',(1.,-3.909953695014E-07,0.));
#5389 = ORIENTED_EDGE('',*,*,#5390,.F.);
#5390 = EDGE_CURVE('',#5391,#5382,#5393,.T.);
#5391 = VERTEX_POINT('',#5392);
#5392 = CARTESIAN_POINT('',(10.925,-5.375,0.));
#5393 = LINE('',#5394,#5395);
#5394 = CARTESIAN_POINT('',(10.925,-5.375,0.));
#5395 = VECTOR('',#5396,1.);
#5396 = DIRECTION('',(0.,0.,-1.));
#5397 = ORIENTED_EDGE('',*,*,#5398,.F.);
#5398 = EDGE_CURVE('',#5359,#5391,#5399,.T.);
#5399 = CIRCLE('',#5400,0.225000087974);
#5400 = AXIS2_PLACEMENT_3D('',#5401,#5402,#5403);
#5401 = CARTESIAN_POINT('',(10.924999912026,-5.149999912026,0.));
#5402 = DIRECTION('',(0.,0.,-1.));
#5403 = DIRECTION('',(1.,-3.909953695014E-07,0.));
#5404 = CYLINDRICAL_SURFACE('',#5405,0.225000087974);
#5405 = AXIS2_PLACEMENT_3D('',#5406,#5407,#5408);
#5406 = CARTESIAN_POINT('',(10.924999912026,-5.149999912026,0.));
#5407 = DIRECTION('',(-0.,-0.,1.));
#5408 = DIRECTION('',(1.,-3.909953695014E-07,0.));
#5409 = ADVANCED_FACE('',(#5410),#5435,.F.);
#5410 = FACE_BOUND('',#5411,.F.);
#5411 = EDGE_LOOP('',(#5412,#5413,#5421,#5429));
#5412 = ORIENTED_EDGE('',*,*,#5390,.T.);
#5413 = ORIENTED_EDGE('',*,*,#5414,.T.);
#5414 = EDGE_CURVE('',#5382,#5415,#5417,.T.);
#5415 = VERTEX_POINT('',#5416);
#5416 = CARTESIAN_POINT('',(10.425,-5.375,-4.E-02));
#5417 = LINE('',#5418,#5419);
#5418 = CARTESIAN_POINT('',(10.925,-5.375,-4.E-02));
#5419 = VECTOR('',#5420,1.);
#5420 = DIRECTION('',(-1.,0.,0.));
#5421 = ORIENTED_EDGE('',*,*,#5422,.F.);
#5422 = EDGE_CURVE('',#5423,#5415,#5425,.T.);
#5423 = VERTEX_POINT('',#5424);
#5424 = CARTESIAN_POINT('',(10.425,-5.375,0.));
#5425 = LINE('',#5426,#5427);
#5426 = CARTESIAN_POINT('',(10.425,-5.375,0.));
#5427 = VECTOR('',#5428,1.);
#5428 = DIRECTION('',(0.,0.,-1.));
#5429 = ORIENTED_EDGE('',*,*,#5430,.F.);
#5430 = EDGE_CURVE('',#5391,#5423,#5431,.T.);
#5431 = LINE('',#5432,#5433);
#5432 = CARTESIAN_POINT('',(10.925,-5.375,0.));
#5433 = VECTOR('',#5434,1.);
#5434 = DIRECTION('',(-1.,0.,0.));
#5435 = PLANE('',#5436);
#5436 = AXIS2_PLACEMENT_3D('',#5437,#5438,#5439);
#5437 = CARTESIAN_POINT('',(10.925,-5.375,0.));
#5438 = DIRECTION('',(0.,1.,0.));
#5439 = DIRECTION('',(-1.,0.,0.));
#5440 = ADVANCED_FACE('',(#5441),#5468,.T.);
#5441 = FACE_BOUND('',#5442,.F.);
#5442 = EDGE_LOOP('',(#5443,#5444,#5453,#5461));
#5443 = ORIENTED_EDGE('',*,*,#5422,.T.);
#5444 = ORIENTED_EDGE('',*,*,#5445,.T.);
#5445 = EDGE_CURVE('',#5415,#5446,#5448,.T.);
#5446 = VERTEX_POINT('',#5447);
#5447 = CARTESIAN_POINT('',(10.2,-5.15,-4.E-02));
#5448 = CIRCLE('',#5449,0.225000087974);
#5449 = AXIS2_PLACEMENT_3D('',#5450,#5451,#5452);
#5450 = CARTESIAN_POINT('',(10.425000087974,-5.149999912026,-4.E-02));
#5451 = DIRECTION('',(0.,0.,-1.));
#5452 = DIRECTION('',(-3.909953616065E-07,-1.,-0.));
#5453 = ORIENTED_EDGE('',*,*,#5454,.F.);
#5454 = EDGE_CURVE('',#5455,#5446,#5457,.T.);
#5455 = VERTEX_POINT('',#5456);
#5456 = CARTESIAN_POINT('',(10.2,-5.15,0.));
#5457 = LINE('',#5458,#5459);
#5458 = CARTESIAN_POINT('',(10.2,-5.15,0.));
#5459 = VECTOR('',#5460,1.);
#5460 = DIRECTION('',(0.,0.,-1.));
#5461 = ORIENTED_EDGE('',*,*,#5462,.F.);
#5462 = EDGE_CURVE('',#5423,#5455,#5463,.T.);
#5463 = CIRCLE('',#5464,0.225000087974);
#5464 = AXIS2_PLACEMENT_3D('',#5465,#5466,#5467);
#5465 = CARTESIAN_POINT('',(10.425000087974,-5.149999912026,0.));
#5466 = DIRECTION('',(0.,0.,-1.));
#5467 = DIRECTION('',(-3.909953616065E-07,-1.,-0.));
#5468 = CYLINDRICAL_SURFACE('',#5469,0.225000087974);
#5469 = AXIS2_PLACEMENT_3D('',#5470,#5471,#5472);
#5470 = CARTESIAN_POINT('',(10.425000087974,-5.149999912026,0.));
#5471 = DIRECTION('',(-0.,-0.,1.));
#5472 = DIRECTION('',(-3.909953616065E-07,-1.,-0.));
#5473 = ADVANCED_FACE('',(#5474),#5490,.F.);
#5474 = FACE_BOUND('',#5475,.F.);
#5475 = EDGE_LOOP('',(#5476,#5477,#5483,#5484));
#5476 = ORIENTED_EDGE('',*,*,#5454,.T.);
#5477 = ORIENTED_EDGE('',*,*,#5478,.T.);
#5478 = EDGE_CURVE('',#5446,#5246,#5479,.T.);
#5479 = LINE('',#5480,#5481);
#5480 = CARTESIAN_POINT('',(10.2,-5.15,-4.E-02));
#5481 = VECTOR('',#5482,1.);
#5482 = DIRECTION('',(0.,1.,0.));
#5483 = ORIENTED_EDGE('',*,*,#5243,.F.);
#5484 = ORIENTED_EDGE('',*,*,#5485,.F.);
#5485 = EDGE_CURVE('',#5455,#5244,#5486,.T.);
#5486 = LINE('',#5487,#5488);
#5487 = CARTESIAN_POINT('',(10.2,-5.15,0.));
#5488 = VECTOR('',#5489,1.);
#5489 = DIRECTION('',(0.,1.,0.));
#5490 = PLANE('',#5491);
#5491 = AXIS2_PLACEMENT_3D('',#5492,#5493,#5494);
#5492 = CARTESIAN_POINT('',(10.2,-5.15,0.));
#5493 = DIRECTION('',(1.,-0.,0.));
#5494 = DIRECTION('',(0.,1.,0.));
#5495 = ADVANCED_FACE('',(#5496),#5506,.F.);
#5496 = FACE_BOUND('',#5497,.F.);
#5497 = EDGE_LOOP('',(#5498,#5499,#5500,#5501,#5502,#5503,#5504,#5505));
#5498 = ORIENTED_EDGE('',*,*,#5270,.T.);
#5499 = ORIENTED_EDGE('',*,*,#5302,.T.);
#5500 = ORIENTED_EDGE('',*,*,#5334,.T.);
#5501 = ORIENTED_EDGE('',*,*,#5366,.T.);
#5502 = ORIENTED_EDGE('',*,*,#5398,.T.);
#5503 = ORIENTED_EDGE('',*,*,#5430,.T.);
#5504 = ORIENTED_EDGE('',*,*,#5462,.T.);
#5505 = ORIENTED_EDGE('',*,*,#5485,.T.);
#5506 = PLANE('',#5507);
#5507 = AXIS2_PLACEMENT_3D('',#5508,#5509,#5510);
#5508 = CARTESIAN_POINT('',(0.,0.,0.));
#5509 = DIRECTION('',(-0.,-0.,-1.));
#5510 = DIRECTION('',(-1.,0.,0.));
#5511 = ADVANCED_FACE('',(#5512),#5522,.T.);
#5512 = FACE_BOUND('',#5513,.T.);
#5513 = EDGE_LOOP('',(#5514,#5515,#5516,#5517,#5518,#5519,#5520,#5521));
#5514 = ORIENTED_EDGE('',*,*,#5253,.T.);
#5515 = ORIENTED_EDGE('',*,*,#5286,.T.);
#5516 = ORIENTED_EDGE('',*,*,#5317,.T.);
#5517 = ORIENTED_EDGE('',*,*,#5350,.T.);
#5518 = ORIENTED_EDGE('',*,*,#5381,.T.);
#5519 = ORIENTED_EDGE('',*,*,#5414,.T.);
#5520 = ORIENTED_EDGE('',*,*,#5445,.T.);
#5521 = ORIENTED_EDGE('',*,*,#5478,.T.);
#5522 = PLANE('',#5523);
#5523 = AXIS2_PLACEMENT_3D('',#5524,#5525,#5526);
#5524 = CARTESIAN_POINT('',(0.,0.,-4.E-02));
#5525 = DIRECTION('',(-0.,-0.,-1.));
#5526 = DIRECTION('',(-1.,0.,0.));
#5527 = MANIFOLD_SOLID_BREP('',#5528);
#5528 = CLOSED_SHELL('',(#5529,#5571,#5602,#5635,#5666,#5699,#5730,#5763
    ,#5785,#5801));
#5529 = ADVANCED_FACE('',(#5530),#5566,.T.);
#5530 = FACE_BOUND('',#5531,.F.);
#5531 = EDGE_LOOP('',(#5532,#5542,#5551,#5559));
#5532 = ORIENTED_EDGE('',*,*,#5533,.T.);
#5533 = EDGE_CURVE('',#5534,#5536,#5538,.T.);
#5534 = VERTEX_POINT('',#5535);
#5535 = CARTESIAN_POINT('',(10.225,-0.7,0.));
#5536 = VERTEX_POINT('',#5537);
#5537 = CARTESIAN_POINT('',(10.225,-0.7,-4.E-02));
#5538 = LINE('',#5539,#5540);
#5539 = CARTESIAN_POINT('',(10.225,-0.7,0.));
#5540 = VECTOR('',#5541,1.);
#5541 = DIRECTION('',(0.,0.,-1.));
#5542 = ORIENTED_EDGE('',*,*,#5543,.T.);
#5543 = EDGE_CURVE('',#5536,#5544,#5546,.T.);
#5544 = VERTEX_POINT('',#5545);
#5545 = CARTESIAN_POINT('',(10.475,-0.45,-4.E-02));
#5546 = CIRCLE('',#5547,0.249998959685);
#5547 = AXIS2_PLACEMENT_3D('',#5548,#5549,#5550);
#5548 = CARTESIAN_POINT('',(10.474998959683,-0.699998959683,-4.E-02));
#5549 = DIRECTION('',(0.,0.,-1.));
#5550 = DIRECTION('',(-0.999999999991,-4.161285829961E-06,-0.));
#5551 = ORIENTED_EDGE('',*,*,#5552,.F.);
#5552 = EDGE_CURVE('',#5553,#5544,#5555,.T.);
#5553 = VERTEX_POINT('',#5554);
#5554 = CARTESIAN_POINT('',(10.475,-0.45,0.));
#5555 = LINE('',#5556,#5557);
#5556 = CARTESIAN_POINT('',(10.475,-0.45,0.));
#5557 = VECTOR('',#5558,1.);
#5558 = DIRECTION('',(0.,0.,-1.));
#5559 = ORIENTED_EDGE('',*,*,#5560,.F.);
#5560 = EDGE_CURVE('',#5534,#5553,#5561,.T.);
#5561 = CIRCLE('',#5562,0.249998959685);
#5562 = AXIS2_PLACEMENT_3D('',#5563,#5564,#5565);
#5563 = CARTESIAN_POINT('',(10.474998959683,-0.699998959683,0.));
#5564 = DIRECTION('',(0.,0.,-1.));
#5565 = DIRECTION('',(-0.999999999991,-4.161285829961E-06,-0.));
#5566 = CYLINDRICAL_SURFACE('',#5567,0.249998959685);
#5567 = AXIS2_PLACEMENT_3D('',#5568,#5569,#5570);
#5568 = CARTESIAN_POINT('',(10.474998959683,-0.699998959683,0.));
#5569 = DIRECTION('',(-0.,-0.,1.));
#5570 = DIRECTION('',(-0.999999999991,-4.161285829961E-06,-0.));
#5571 = ADVANCED_FACE('',(#5572),#5597,.F.);
#5572 = FACE_BOUND('',#5573,.F.);
#5573 = EDGE_LOOP('',(#5574,#5575,#5583,#5591));
#5574 = ORIENTED_EDGE('',*,*,#5552,.T.);
#5575 = ORIENTED_EDGE('',*,*,#5576,.T.);
#5576 = EDGE_CURVE('',#5544,#5577,#5579,.T.);
#5577 = VERTEX_POINT('',#5578);
#5578 = CARTESIAN_POINT('',(10.975,-0.45,-4.E-02));
#5579 = LINE('',#5580,#5581);
#5580 = CARTESIAN_POINT('',(10.475,-0.45,-4.E-02));
#5581 = VECTOR('',#5582,1.);
#5582 = DIRECTION('',(1.,0.,0.));
#5583 = ORIENTED_EDGE('',*,*,#5584,.F.);
#5584 = EDGE_CURVE('',#5585,#5577,#5587,.T.);
#5585 = VERTEX_POINT('',#5586);
#5586 = CARTESIAN_POINT('',(10.975,-0.45,0.));
#5587 = LINE('',#5588,#5589);
#5588 = CARTESIAN_POINT('',(10.975,-0.45,0.));
#5589 = VECTOR('',#5590,1.);
#5590 = DIRECTION('',(0.,0.,-1.));
#5591 = ORIENTED_EDGE('',*,*,#5592,.F.);
#5592 = EDGE_CURVE('',#5553,#5585,#5593,.T.);
#5593 = LINE('',#5594,#5595);
#5594 = CARTESIAN_POINT('',(10.475,-0.45,0.));
#5595 = VECTOR('',#5596,1.);
#5596 = DIRECTION('',(1.,0.,0.));
#5597 = PLANE('',#5598);
#5598 = AXIS2_PLACEMENT_3D('',#5599,#5600,#5601);
#5599 = CARTESIAN_POINT('',(10.475,-0.45,0.));
#5600 = DIRECTION('',(0.,-1.,0.));
#5601 = DIRECTION('',(1.,0.,0.));
#5602 = ADVANCED_FACE('',(#5603),#5630,.T.);
#5603 = FACE_BOUND('',#5604,.F.);
#5604 = EDGE_LOOP('',(#5605,#5606,#5615,#5623));
#5605 = ORIENTED_EDGE('',*,*,#5584,.T.);
#5606 = ORIENTED_EDGE('',*,*,#5607,.T.);
#5607 = EDGE_CURVE('',#5577,#5608,#5610,.T.);
#5608 = VERTEX_POINT('',#5609);
#5609 = CARTESIAN_POINT('',(11.225,-0.7,-4.E-02));
#5610 = CIRCLE('',#5611,0.249998959685);
#5611 = AXIS2_PLACEMENT_3D('',#5612,#5613,#5614);
#5612 = CARTESIAN_POINT('',(10.975001040317,-0.699998959683,-4.E-02));
#5613 = DIRECTION('',(0.,0.,-1.));
#5614 = DIRECTION('',(-4.161285822856E-06,0.999999999991,0.));
#5615 = ORIENTED_EDGE('',*,*,#5616,.F.);
#5616 = EDGE_CURVE('',#5617,#5608,#5619,.T.);
#5617 = VERTEX_POINT('',#5618);
#5618 = CARTESIAN_POINT('',(11.225,-0.7,0.));
#5619 = LINE('',#5620,#5621);
#5620 = CARTESIAN_POINT('',(11.225,-0.7,0.));
#5621 = VECTOR('',#5622,1.);
#5622 = DIRECTION('',(0.,0.,-1.));
#5623 = ORIENTED_EDGE('',*,*,#5624,.F.);
#5624 = EDGE_CURVE('',#5585,#5617,#5625,.T.);
#5625 = CIRCLE('',#5626,0.249998959685);
#5626 = AXIS2_PLACEMENT_3D('',#5627,#5628,#5629);
#5627 = CARTESIAN_POINT('',(10.975001040317,-0.699998959683,0.));
#5628 = DIRECTION('',(0.,0.,-1.));
#5629 = DIRECTION('',(-4.161285822856E-06,0.999999999991,0.));
#5630 = CYLINDRICAL_SURFACE('',#5631,0.249998959685);
#5631 = AXIS2_PLACEMENT_3D('',#5632,#5633,#5634);
#5632 = CARTESIAN_POINT('',(10.975001040317,-0.699998959683,0.));
#5633 = DIRECTION('',(-0.,-0.,1.));
#5634 = DIRECTION('',(-4.161285822856E-06,0.999999999991,0.));
#5635 = ADVANCED_FACE('',(#5636),#5661,.F.);
#5636 = FACE_BOUND('',#5637,.F.);
#5637 = EDGE_LOOP('',(#5638,#5639,#5647,#5655));
#5638 = ORIENTED_EDGE('',*,*,#5616,.T.);
#5639 = ORIENTED_EDGE('',*,*,#5640,.T.);
#5640 = EDGE_CURVE('',#5608,#5641,#5643,.T.);
#5641 = VERTEX_POINT('',#5642);
#5642 = CARTESIAN_POINT('',(11.225,-2.2,-4.E-02));
#5643 = LINE('',#5644,#5645);
#5644 = CARTESIAN_POINT('',(11.225,-0.7,-4.E-02));
#5645 = VECTOR('',#5646,1.);
#5646 = DIRECTION('',(0.,-1.,0.));
#5647 = ORIENTED_EDGE('',*,*,#5648,.F.);
#5648 = EDGE_CURVE('',#5649,#5641,#5651,.T.);
#5649 = VERTEX_POINT('',#5650);
#5650 = CARTESIAN_POINT('',(11.225,-2.2,0.));
#5651 = LINE('',#5652,#5653);
#5652 = CARTESIAN_POINT('',(11.225,-2.2,0.));
#5653 = VECTOR('',#5654,1.);
#5654 = DIRECTION('',(0.,0.,-1.));
#5655 = ORIENTED_EDGE('',*,*,#5656,.F.);
#5656 = EDGE_CURVE('',#5617,#5649,#5657,.T.);
#5657 = LINE('',#5658,#5659);
#5658 = CARTESIAN_POINT('',(11.225,-0.7,0.));
#5659 = VECTOR('',#5660,1.);
#5660 = DIRECTION('',(0.,-1.,0.));
#5661 = PLANE('',#5662);
#5662 = AXIS2_PLACEMENT_3D('',#5663,#5664,#5665);
#5663 = CARTESIAN_POINT('',(11.225,-0.7,0.));
#5664 = DIRECTION('',(-1.,-0.,-0.));
#5665 = DIRECTION('',(0.,-1.,0.));
#5666 = ADVANCED_FACE('',(#5667),#5694,.T.);
#5667 = FACE_BOUND('',#5668,.F.);
#5668 = EDGE_LOOP('',(#5669,#5670,#5679,#5687));
#5669 = ORIENTED_EDGE('',*,*,#5648,.T.);
#5670 = ORIENTED_EDGE('',*,*,#5671,.T.);
#5671 = EDGE_CURVE('',#5641,#5672,#5674,.T.);
#5672 = VERTEX_POINT('',#5673);
#5673 = CARTESIAN_POINT('',(10.975,-2.45,-4.E-02));
#5674 = CIRCLE('',#5675,0.249998959685);
#5675 = AXIS2_PLACEMENT_3D('',#5676,#5677,#5678);
#5676 = CARTESIAN_POINT('',(10.975001040317,-2.200001040317,-4.E-02));
#5677 = DIRECTION('',(0.,0.,-1.));
#5678 = DIRECTION('',(0.999999999991,4.161285828185E-06,0.));
#5679 = ORIENTED_EDGE('',*,*,#5680,.F.);
#5680 = EDGE_CURVE('',#5681,#5672,#5683,.T.);
#5681 = VERTEX_POINT('',#5682);
#5682 = CARTESIAN_POINT('',(10.975,-2.45,0.));
#5683 = LINE('',#5684,#5685);
#5684 = CARTESIAN_POINT('',(10.975,-2.45,0.));
#5685 = VECTOR('',#5686,1.);
#5686 = DIRECTION('',(0.,0.,-1.));
#5687 = ORIENTED_EDGE('',*,*,#5688,.F.);
#5688 = EDGE_CURVE('',#5649,#5681,#5689,.T.);
#5689 = CIRCLE('',#5690,0.249998959685);
#5690 = AXIS2_PLACEMENT_3D('',#5691,#5692,#5693);
#5691 = CARTESIAN_POINT('',(10.975001040317,-2.200001040317,0.));
#5692 = DIRECTION('',(0.,0.,-1.));
#5693 = DIRECTION('',(0.999999999991,4.161285828185E-06,0.));
#5694 = CYLINDRICAL_SURFACE('',#5695,0.249998959685);
#5695 = AXIS2_PLACEMENT_3D('',#5696,#5697,#5698);
#5696 = CARTESIAN_POINT('',(10.975001040317,-2.200001040317,0.));
#5697 = DIRECTION('',(-0.,-0.,1.));
#5698 = DIRECTION('',(0.999999999991,4.161285828185E-06,0.));
#5699 = ADVANCED_FACE('',(#5700),#5725,.F.);
#5700 = FACE_BOUND('',#5701,.F.);
#5701 = EDGE_LOOP('',(#5702,#5703,#5711,#5719));
#5702 = ORIENTED_EDGE('',*,*,#5680,.T.);
#5703 = ORIENTED_EDGE('',*,*,#5704,.T.);
#5704 = EDGE_CURVE('',#5672,#5705,#5707,.T.);
#5705 = VERTEX_POINT('',#5706);
#5706 = CARTESIAN_POINT('',(10.475,-2.45,-4.E-02));
#5707 = LINE('',#5708,#5709);
#5708 = CARTESIAN_POINT('',(10.975,-2.45,-4.E-02));
#5709 = VECTOR('',#5710,1.);
#5710 = DIRECTION('',(-1.,0.,0.));
#5711 = ORIENTED_EDGE('',*,*,#5712,.F.);
#5712 = EDGE_CURVE('',#5713,#5705,#5715,.T.);
#5713 = VERTEX_POINT('',#5714);
#5714 = CARTESIAN_POINT('',(10.475,-2.45,0.));
#5715 = LINE('',#5716,#5717);
#5716 = CARTESIAN_POINT('',(10.475,-2.45,0.));
#5717 = VECTOR('',#5718,1.);
#5718 = DIRECTION('',(0.,0.,-1.));
#5719 = ORIENTED_EDGE('',*,*,#5720,.F.);
#5720 = EDGE_CURVE('',#5681,#5713,#5721,.T.);
#5721 = LINE('',#5722,#5723);
#5722 = CARTESIAN_POINT('',(10.975,-2.45,0.));
#5723 = VECTOR('',#5724,1.);
#5724 = DIRECTION('',(-1.,0.,0.));
#5725 = PLANE('',#5726);
#5726 = AXIS2_PLACEMENT_3D('',#5727,#5728,#5729);
#5727 = CARTESIAN_POINT('',(10.975,-2.45,0.));
#5728 = DIRECTION('',(0.,1.,0.));
#5729 = DIRECTION('',(-1.,0.,0.));
#5730 = ADVANCED_FACE('',(#5731),#5758,.T.);
#5731 = FACE_BOUND('',#5732,.F.);
#5732 = EDGE_LOOP('',(#5733,#5734,#5743,#5751));
#5733 = ORIENTED_EDGE('',*,*,#5712,.T.);
#5734 = ORIENTED_EDGE('',*,*,#5735,.T.);
#5735 = EDGE_CURVE('',#5705,#5736,#5738,.T.);
#5736 = VERTEX_POINT('',#5737);
#5737 = CARTESIAN_POINT('',(10.225,-2.2,-4.E-02));
#5738 = CIRCLE('',#5739,0.249998959685);
#5739 = AXIS2_PLACEMENT_3D('',#5740,#5741,#5742);
#5740 = CARTESIAN_POINT('',(10.474998959683,-2.200001040317,-4.E-02));
#5741 = DIRECTION('',(0.,0.,-1.));
#5742 = DIRECTION('',(4.161285822856E-06,-0.999999999991,0.));
#5743 = ORIENTED_EDGE('',*,*,#5744,.F.);
#5744 = EDGE_CURVE('',#5745,#5736,#5747,.T.);
#5745 = VERTEX_POINT('',#5746);
#5746 = CARTESIAN_POINT('',(10.225,-2.2,0.));
#5747 = LINE('',#5748,#5749);
#5748 = CARTESIAN_POINT('',(10.225,-2.2,0.));
#5749 = VECTOR('',#5750,1.);
#5750 = DIRECTION('',(0.,0.,-1.));
#5751 = ORIENTED_EDGE('',*,*,#5752,.F.);
#5752 = EDGE_CURVE('',#5713,#5745,#5753,.T.);
#5753 = CIRCLE('',#5754,0.249998959685);
#5754 = AXIS2_PLACEMENT_3D('',#5755,#5756,#5757);
#5755 = CARTESIAN_POINT('',(10.474998959683,-2.200001040317,0.));
#5756 = DIRECTION('',(0.,0.,-1.));
#5757 = DIRECTION('',(4.161285822856E-06,-0.999999999991,0.));
#5758 = CYLINDRICAL_SURFACE('',#5759,0.249998959685);
#5759 = AXIS2_PLACEMENT_3D('',#5760,#5761,#5762);
#5760 = CARTESIAN_POINT('',(10.474998959683,-2.200001040317,0.));
#5761 = DIRECTION('',(-0.,-0.,1.));
#5762 = DIRECTION('',(4.161285822856E-06,-0.999999999991,0.));
#5763 = ADVANCED_FACE('',(#5764),#5780,.F.);
#5764 = FACE_BOUND('',#5765,.F.);
#5765 = EDGE_LOOP('',(#5766,#5767,#5773,#5774));
#5766 = ORIENTED_EDGE('',*,*,#5744,.T.);
#5767 = ORIENTED_EDGE('',*,*,#5768,.T.);
#5768 = EDGE_CURVE('',#5736,#5536,#5769,.T.);
#5769 = LINE('',#5770,#5771);
#5770 = CARTESIAN_POINT('',(10.225,-2.2,-4.E-02));
#5771 = VECTOR('',#5772,1.);
#5772 = DIRECTION('',(0.,1.,0.));
#5773 = ORIENTED_EDGE('',*,*,#5533,.F.);
#5774 = ORIENTED_EDGE('',*,*,#5775,.F.);
#5775 = EDGE_CURVE('',#5745,#5534,#5776,.T.);
#5776 = LINE('',#5777,#5778);
#5777 = CARTESIAN_POINT('',(10.225,-2.2,0.));
#5778 = VECTOR('',#5779,1.);
#5779 = DIRECTION('',(0.,1.,0.));
#5780 = PLANE('',#5781);
#5781 = AXIS2_PLACEMENT_3D('',#5782,#5783,#5784);
#5782 = CARTESIAN_POINT('',(10.225,-2.2,0.));
#5783 = DIRECTION('',(1.,-0.,0.));
#5784 = DIRECTION('',(0.,1.,0.));
#5785 = ADVANCED_FACE('',(#5786),#5796,.F.);
#5786 = FACE_BOUND('',#5787,.F.);
#5787 = EDGE_LOOP('',(#5788,#5789,#5790,#5791,#5792,#5793,#5794,#5795));
#5788 = ORIENTED_EDGE('',*,*,#5560,.T.);
#5789 = ORIENTED_EDGE('',*,*,#5592,.T.);
#5790 = ORIENTED_EDGE('',*,*,#5624,.T.);
#5791 = ORIENTED_EDGE('',*,*,#5656,.T.);
#5792 = ORIENTED_EDGE('',*,*,#5688,.T.);
#5793 = ORIENTED_EDGE('',*,*,#5720,.T.);
#5794 = ORIENTED_EDGE('',*,*,#5752,.T.);
#5795 = ORIENTED_EDGE('',*,*,#5775,.T.);
#5796 = PLANE('',#5797);
#5797 = AXIS2_PLACEMENT_3D('',#5798,#5799,#5800);
#5798 = CARTESIAN_POINT('',(0.,0.,0.));
#5799 = DIRECTION('',(-0.,-0.,-1.));
#5800 = DIRECTION('',(-1.,0.,0.));
#5801 = ADVANCED_FACE('',(#5802),#5812,.T.);
#5802 = FACE_BOUND('',#5803,.T.);
#5803 = EDGE_LOOP('',(#5804,#5805,#5806,#5807,#5808,#5809,#5810,#5811));
#5804 = ORIENTED_EDGE('',*,*,#5543,.T.);
#5805 = ORIENTED_EDGE('',*,*,#5576,.T.);
#5806 = ORIENTED_EDGE('',*,*,#5607,.T.);
#5807 = ORIENTED_EDGE('',*,*,#5640,.T.);
#5808 = ORIENTED_EDGE('',*,*,#5671,.T.);
#5809 = ORIENTED_EDGE('',*,*,#5704,.T.);
#5810 = ORIENTED_EDGE('',*,*,#5735,.T.);
#5811 = ORIENTED_EDGE('',*,*,#5768,.T.);
#5812 = PLANE('',#5813);
#5813 = AXIS2_PLACEMENT_3D('',#5814,#5815,#5816);
#5814 = CARTESIAN_POINT('',(0.,0.,-4.E-02));
#5815 = DIRECTION('',(-0.,-0.,-1.));
#5816 = DIRECTION('',(-1.,0.,0.));
#5817 = MANIFOLD_SOLID_BREP('',#5818);
#5818 = CLOSED_SHELL('',(#5819,#5861,#5892,#5925,#5956,#5989,#6020,#6053
    ,#6075,#6091));
#5819 = ADVANCED_FACE('',(#5820),#5856,.T.);
#5820 = FACE_BOUND('',#5821,.F.);
#5821 = EDGE_LOOP('',(#5822,#5832,#5841,#5849));
#5822 = ORIENTED_EDGE('',*,*,#5823,.T.);
#5823 = EDGE_CURVE('',#5824,#5826,#5828,.T.);
#5824 = VERTEX_POINT('',#5825);
#5825 = CARTESIAN_POINT('',(15.55,-3.925,0.));
#5826 = VERTEX_POINT('',#5827);
#5827 = CARTESIAN_POINT('',(15.55,-3.925,-4.E-02));
#5828 = LINE('',#5829,#5830);
#5829 = CARTESIAN_POINT('',(15.55,-3.925,0.));
#5830 = VECTOR('',#5831,1.);
#5831 = DIRECTION('',(0.,0.,-1.));
#5832 = ORIENTED_EDGE('',*,*,#5833,.T.);
#5833 = EDGE_CURVE('',#5826,#5834,#5836,.T.);
#5834 = VERTEX_POINT('',#5835);
#5835 = CARTESIAN_POINT('',(15.75,-3.725,-4.E-02));
#5836 = CIRCLE('',#5837,0.200001216283);
#5837 = AXIS2_PLACEMENT_3D('',#5838,#5839,#5840);
#5838 = CARTESIAN_POINT('',(15.750001216279,-3.925001216279,-4.E-02));
#5839 = DIRECTION('',(0.,0.,-1.));
#5840 = DIRECTION('',(-0.999999999982,6.08135892359E-06,0.));
#5841 = ORIENTED_EDGE('',*,*,#5842,.F.);
#5842 = EDGE_CURVE('',#5843,#5834,#5845,.T.);
#5843 = VERTEX_POINT('',#5844);
#5844 = CARTESIAN_POINT('',(15.75,-3.725,0.));
#5845 = LINE('',#5846,#5847);
#5846 = CARTESIAN_POINT('',(15.75,-3.725,0.));
#5847 = VECTOR('',#5848,1.);
#5848 = DIRECTION('',(0.,0.,-1.));
#5849 = ORIENTED_EDGE('',*,*,#5850,.F.);
#5850 = EDGE_CURVE('',#5824,#5843,#5851,.T.);
#5851 = CIRCLE('',#5852,0.200001216283);
#5852 = AXIS2_PLACEMENT_3D('',#5853,#5854,#5855);
#5853 = CARTESIAN_POINT('',(15.750001216279,-3.925001216279,0.));
#5854 = DIRECTION('',(0.,0.,-1.));
#5855 = DIRECTION('',(-0.999999999982,6.08135892359E-06,0.));
#5856 = CYLINDRICAL_SURFACE('',#5857,0.200001216283);
#5857 = AXIS2_PLACEMENT_3D('',#5858,#5859,#5860);
#5858 = CARTESIAN_POINT('',(15.750001216279,-3.925001216279,0.));
#5859 = DIRECTION('',(-0.,-0.,1.));
#5860 = DIRECTION('',(-0.999999999982,6.08135892359E-06,0.));
#5861 = ADVANCED_FACE('',(#5862),#5887,.F.);
#5862 = FACE_BOUND('',#5863,.F.);
#5863 = EDGE_LOOP('',(#5864,#5865,#5873,#5881));
#5864 = ORIENTED_EDGE('',*,*,#5842,.T.);
#5865 = ORIENTED_EDGE('',*,*,#5866,.T.);
#5866 = EDGE_CURVE('',#5834,#5867,#5869,.T.);
#5867 = VERTEX_POINT('',#5868);
#5868 = CARTESIAN_POINT('',(16.15,-3.725,-4.E-02));
#5869 = LINE('',#5870,#5871);
#5870 = CARTESIAN_POINT('',(15.75,-3.725,-4.E-02));
#5871 = VECTOR('',#5872,1.);
#5872 = DIRECTION('',(1.,0.,0.));
#5873 = ORIENTED_EDGE('',*,*,#5874,.F.);
#5874 = EDGE_CURVE('',#5875,#5867,#5877,.T.);
#5875 = VERTEX_POINT('',#5876);
#5876 = CARTESIAN_POINT('',(16.15,-3.725,0.));
#5877 = LINE('',#5878,#5879);
#5878 = CARTESIAN_POINT('',(16.15,-3.725,0.));
#5879 = VECTOR('',#5880,1.);
#5880 = DIRECTION('',(0.,0.,-1.));
#5881 = ORIENTED_EDGE('',*,*,#5882,.F.);
#5882 = EDGE_CURVE('',#5843,#5875,#5883,.T.);
#5883 = LINE('',#5884,#5885);
#5884 = CARTESIAN_POINT('',(15.75,-3.725,0.));
#5885 = VECTOR('',#5886,1.);
#5886 = DIRECTION('',(1.,0.,0.));
#5887 = PLANE('',#5888);
#5888 = AXIS2_PLACEMENT_3D('',#5889,#5890,#5891);
#5889 = CARTESIAN_POINT('',(15.75,-3.725,0.));
#5890 = DIRECTION('',(0.,-1.,0.));
#5891 = DIRECTION('',(1.,0.,0.));
#5892 = ADVANCED_FACE('',(#5893),#5920,.T.);
#5893 = FACE_BOUND('',#5894,.F.);
#5894 = EDGE_LOOP('',(#5895,#5896,#5905,#5913));
#5895 = ORIENTED_EDGE('',*,*,#5874,.T.);
#5896 = ORIENTED_EDGE('',*,*,#5897,.T.);
#5897 = EDGE_CURVE('',#5867,#5898,#5900,.T.);
#5898 = VERTEX_POINT('',#5899);
#5899 = CARTESIAN_POINT('',(16.35,-3.925,-4.E-02));
#5900 = CIRCLE('',#5901,0.200001216283);
#5901 = AXIS2_PLACEMENT_3D('',#5902,#5903,#5904);
#5902 = CARTESIAN_POINT('',(16.149998783721,-3.925001216279,-4.E-02));
#5903 = DIRECTION('',(0.,0.,-1.));
#5904 = DIRECTION('',(6.081358919149E-06,0.999999999982,0.));
#5905 = ORIENTED_EDGE('',*,*,#5906,.F.);
#5906 = EDGE_CURVE('',#5907,#5898,#5909,.T.);
#5907 = VERTEX_POINT('',#5908);
#5908 = CARTESIAN_POINT('',(16.35,-3.925,0.));
#5909 = LINE('',#5910,#5911);
#5910 = CARTESIAN_POINT('',(16.35,-3.925,0.));
#5911 = VECTOR('',#5912,1.);
#5912 = DIRECTION('',(0.,0.,-1.));
#5913 = ORIENTED_EDGE('',*,*,#5914,.F.);
#5914 = EDGE_CURVE('',#5875,#5907,#5915,.T.);
#5915 = CIRCLE('',#5916,0.200001216283);
#5916 = AXIS2_PLACEMENT_3D('',#5917,#5918,#5919);
#5917 = CARTESIAN_POINT('',(16.149998783721,-3.925001216279,0.));
#5918 = DIRECTION('',(0.,0.,-1.));
#5919 = DIRECTION('',(6.081358919149E-06,0.999999999982,0.));
#5920 = CYLINDRICAL_SURFACE('',#5921,0.200001216283);
#5921 = AXIS2_PLACEMENT_3D('',#5922,#5923,#5924);
#5922 = CARTESIAN_POINT('',(16.149998783721,-3.925001216279,0.));
#5923 = DIRECTION('',(-0.,-0.,1.));
#5924 = DIRECTION('',(6.081358919149E-06,0.999999999982,0.));
#5925 = ADVANCED_FACE('',(#5926),#5951,.F.);
#5926 = FACE_BOUND('',#5927,.F.);
#5927 = EDGE_LOOP('',(#5928,#5929,#5937,#5945));
#5928 = ORIENTED_EDGE('',*,*,#5906,.T.);
#5929 = ORIENTED_EDGE('',*,*,#5930,.T.);
#5930 = EDGE_CURVE('',#5898,#5931,#5933,.T.);
#5931 = VERTEX_POINT('',#5932);
#5932 = CARTESIAN_POINT('',(16.35,-4.475,-4.E-02));
#5933 = LINE('',#5934,#5935);
#5934 = CARTESIAN_POINT('',(16.35,-3.925,-4.E-02));
#5935 = VECTOR('',#5936,1.);
#5936 = DIRECTION('',(0.,-1.,0.));
#5937 = ORIENTED_EDGE('',*,*,#5938,.F.);
#5938 = EDGE_CURVE('',#5939,#5931,#5941,.T.);
#5939 = VERTEX_POINT('',#5940);
#5940 = CARTESIAN_POINT('',(16.35,-4.475,0.));
#5941 = LINE('',#5942,#5943);
#5942 = CARTESIAN_POINT('',(16.35,-4.475,0.));
#5943 = VECTOR('',#5944,1.);
#5944 = DIRECTION('',(0.,0.,-1.));
#5945 = ORIENTED_EDGE('',*,*,#5946,.F.);
#5946 = EDGE_CURVE('',#5907,#5939,#5947,.T.);
#5947 = LINE('',#5948,#5949);
#5948 = CARTESIAN_POINT('',(16.35,-3.925,0.));
#5949 = VECTOR('',#5950,1.);
#5950 = DIRECTION('',(0.,-1.,0.));
#5951 = PLANE('',#5952);
#5952 = AXIS2_PLACEMENT_3D('',#5953,#5954,#5955);
#5953 = CARTESIAN_POINT('',(16.35,-3.925,0.));
#5954 = DIRECTION('',(-1.,-0.,-0.));
#5955 = DIRECTION('',(0.,-1.,0.));
#5956 = ADVANCED_FACE('',(#5957),#5984,.T.);
#5957 = FACE_BOUND('',#5958,.F.);
#5958 = EDGE_LOOP('',(#5959,#5960,#5969,#5977));
#5959 = ORIENTED_EDGE('',*,*,#5938,.T.);
#5960 = ORIENTED_EDGE('',*,*,#5961,.T.);
#5961 = EDGE_CURVE('',#5931,#5962,#5964,.T.);
#5962 = VERTEX_POINT('',#5963);
#5963 = CARTESIAN_POINT('',(16.15,-4.675,-4.E-02));
#5964 = CIRCLE('',#5965,0.200001216283);
#5965 = AXIS2_PLACEMENT_3D('',#5966,#5967,#5968);
#5966 = CARTESIAN_POINT('',(16.149998783721,-4.474998783721,-4.E-02));
#5967 = DIRECTION('',(0.,0.,-1.));
#5968 = DIRECTION('',(0.999999999982,-6.081358936913E-06,0.));
#5969 = ORIENTED_EDGE('',*,*,#5970,.F.);
#5970 = EDGE_CURVE('',#5971,#5962,#5973,.T.);
#5971 = VERTEX_POINT('',#5972);
#5972 = CARTESIAN_POINT('',(16.15,-4.675,0.));
#5973 = LINE('',#5974,#5975);
#5974 = CARTESIAN_POINT('',(16.15,-4.675,0.));
#5975 = VECTOR('',#5976,1.);
#5976 = DIRECTION('',(0.,0.,-1.));
#5977 = ORIENTED_EDGE('',*,*,#5978,.F.);
#5978 = EDGE_CURVE('',#5939,#5971,#5979,.T.);
#5979 = CIRCLE('',#5980,0.200001216283);
#5980 = AXIS2_PLACEMENT_3D('',#5981,#5982,#5983);
#5981 = CARTESIAN_POINT('',(16.149998783721,-4.474998783721,0.));
#5982 = DIRECTION('',(0.,0.,-1.));
#5983 = DIRECTION('',(0.999999999982,-6.081358936913E-06,0.));
#5984 = CYLINDRICAL_SURFACE('',#5985,0.200001216283);
#5985 = AXIS2_PLACEMENT_3D('',#5986,#5987,#5988);
#5986 = CARTESIAN_POINT('',(16.149998783721,-4.474998783721,0.));
#5987 = DIRECTION('',(-0.,-0.,1.));
#5988 = DIRECTION('',(0.999999999982,-6.081358936913E-06,0.));
#5989 = ADVANCED_FACE('',(#5990),#6015,.F.);
#5990 = FACE_BOUND('',#5991,.F.);
#5991 = EDGE_LOOP('',(#5992,#5993,#6001,#6009));
#5992 = ORIENTED_EDGE('',*,*,#5970,.T.);
#5993 = ORIENTED_EDGE('',*,*,#5994,.T.);
#5994 = EDGE_CURVE('',#5962,#5995,#5997,.T.);
#5995 = VERTEX_POINT('',#5996);
#5996 = CARTESIAN_POINT('',(15.75,-4.675,-4.E-02));
#5997 = LINE('',#5998,#5999);
#5998 = CARTESIAN_POINT('',(16.15,-4.675,-4.E-02));
#5999 = VECTOR('',#6000,1.);
#6000 = DIRECTION('',(-1.,0.,0.));
#6001 = ORIENTED_EDGE('',*,*,#6002,.F.);
#6002 = EDGE_CURVE('',#6003,#5995,#6005,.T.);
#6003 = VERTEX_POINT('',#6004);
#6004 = CARTESIAN_POINT('',(15.75,-4.675,0.));
#6005 = LINE('',#6006,#6007);
#6006 = CARTESIAN_POINT('',(15.75,-4.675,0.));
#6007 = VECTOR('',#6008,1.);
#6008 = DIRECTION('',(0.,0.,-1.));
#6009 = ORIENTED_EDGE('',*,*,#6010,.F.);
#6010 = EDGE_CURVE('',#5971,#6003,#6011,.T.);
#6011 = LINE('',#6012,#6013);
#6012 = CARTESIAN_POINT('',(16.15,-4.675,0.));
#6013 = VECTOR('',#6014,1.);
#6014 = DIRECTION('',(-1.,0.,0.));
#6015 = PLANE('',#6016);
#6016 = AXIS2_PLACEMENT_3D('',#6017,#6018,#6019);
#6017 = CARTESIAN_POINT('',(16.15,-4.675,0.));
#6018 = DIRECTION('',(0.,1.,0.));
#6019 = DIRECTION('',(-1.,0.,0.));
#6020 = ADVANCED_FACE('',(#6021),#6048,.T.);
#6021 = FACE_BOUND('',#6022,.F.);
#6022 = EDGE_LOOP('',(#6023,#6024,#6033,#6041));
#6023 = ORIENTED_EDGE('',*,*,#6002,.T.);
#6024 = ORIENTED_EDGE('',*,*,#6025,.T.);
#6025 = EDGE_CURVE('',#5995,#6026,#6028,.T.);
#6026 = VERTEX_POINT('',#6027);
#6027 = CARTESIAN_POINT('',(15.55,-4.475,-4.E-02));
#6028 = CIRCLE('',#6029,0.200001216283);
#6029 = AXIS2_PLACEMENT_3D('',#6030,#6031,#6032);
#6030 = CARTESIAN_POINT('',(15.750001216279,-4.474998783721,-4.E-02));
#6031 = DIRECTION('',(0.,0.,-1.));
#6032 = DIRECTION('',(-6.081358919149E-06,-0.999999999982,-0.));
#6033 = ORIENTED_EDGE('',*,*,#6034,.F.);
#6034 = EDGE_CURVE('',#6035,#6026,#6037,.T.);
#6035 = VERTEX_POINT('',#6036);
#6036 = CARTESIAN_POINT('',(15.55,-4.475,0.));
#6037 = LINE('',#6038,#6039);
#6038 = CARTESIAN_POINT('',(15.55,-4.475,0.));
#6039 = VECTOR('',#6040,1.);
#6040 = DIRECTION('',(0.,0.,-1.));
#6041 = ORIENTED_EDGE('',*,*,#6042,.F.);
#6042 = EDGE_CURVE('',#6003,#6035,#6043,.T.);
#6043 = CIRCLE('',#6044,0.200001216283);
#6044 = AXIS2_PLACEMENT_3D('',#6045,#6046,#6047);
#6045 = CARTESIAN_POINT('',(15.750001216279,-4.474998783721,0.));
#6046 = DIRECTION('',(0.,0.,-1.));
#6047 = DIRECTION('',(-6.081358919149E-06,-0.999999999982,-0.));
#6048 = CYLINDRICAL_SURFACE('',#6049,0.200001216283);
#6049 = AXIS2_PLACEMENT_3D('',#6050,#6051,#6052);
#6050 = CARTESIAN_POINT('',(15.750001216279,-4.474998783721,0.));
#6051 = DIRECTION('',(-0.,-0.,1.));
#6052 = DIRECTION('',(-6.081358919149E-06,-0.999999999982,-0.));
#6053 = ADVANCED_FACE('',(#6054),#6070,.F.);
#6054 = FACE_BOUND('',#6055,.F.);
#6055 = EDGE_LOOP('',(#6056,#6057,#6063,#6064));
#6056 = ORIENTED_EDGE('',*,*,#6034,.T.);
#6057 = ORIENTED_EDGE('',*,*,#6058,.T.);
#6058 = EDGE_CURVE('',#6026,#5826,#6059,.T.);
#6059 = LINE('',#6060,#6061);
#6060 = CARTESIAN_POINT('',(15.55,-4.475,-4.E-02));
#6061 = VECTOR('',#6062,1.);
#6062 = DIRECTION('',(0.,1.,0.));
#6063 = ORIENTED_EDGE('',*,*,#5823,.F.);
#6064 = ORIENTED_EDGE('',*,*,#6065,.F.);
#6065 = EDGE_CURVE('',#6035,#5824,#6066,.T.);
#6066 = LINE('',#6067,#6068);
#6067 = CARTESIAN_POINT('',(15.55,-4.475,0.));
#6068 = VECTOR('',#6069,1.);
#6069 = DIRECTION('',(0.,1.,0.));
#6070 = PLANE('',#6071);
#6071 = AXIS2_PLACEMENT_3D('',#6072,#6073,#6074);
#6072 = CARTESIAN_POINT('',(15.55,-4.475,0.));
#6073 = DIRECTION('',(1.,-0.,0.));
#6074 = DIRECTION('',(0.,1.,0.));
#6075 = ADVANCED_FACE('',(#6076),#6086,.F.);
#6076 = FACE_BOUND('',#6077,.F.);
#6077 = EDGE_LOOP('',(#6078,#6079,#6080,#6081,#6082,#6083,#6084,#6085));
#6078 = ORIENTED_EDGE('',*,*,#5850,.T.);
#6079 = ORIENTED_EDGE('',*,*,#5882,.T.);
#6080 = ORIENTED_EDGE('',*,*,#5914,.T.);
#6081 = ORIENTED_EDGE('',*,*,#5946,.T.);
#6082 = ORIENTED_EDGE('',*,*,#5978,.T.);
#6083 = ORIENTED_EDGE('',*,*,#6010,.T.);
#6084 = ORIENTED_EDGE('',*,*,#6042,.T.);
#6085 = ORIENTED_EDGE('',*,*,#6065,.T.);
#6086 = PLANE('',#6087);
#6087 = AXIS2_PLACEMENT_3D('',#6088,#6089,#6090);
#6088 = CARTESIAN_POINT('',(0.,0.,0.));
#6089 = DIRECTION('',(-0.,-0.,-1.));
#6090 = DIRECTION('',(-1.,0.,0.));
#6091 = ADVANCED_FACE('',(#6092),#6102,.T.);
#6092 = FACE_BOUND('',#6093,.T.);
#6093 = EDGE_LOOP('',(#6094,#6095,#6096,#6097,#6098,#6099,#6100,#6101));
#6094 = ORIENTED_EDGE('',*,*,#5833,.T.);
#6095 = ORIENTED_EDGE('',*,*,#5866,.T.);
#6096 = ORIENTED_EDGE('',*,*,#5897,.T.);
#6097 = ORIENTED_EDGE('',*,*,#5930,.T.);
#6098 = ORIENTED_EDGE('',*,*,#5961,.T.);
#6099 = ORIENTED_EDGE('',*,*,#5994,.T.);
#6100 = ORIENTED_EDGE('',*,*,#6025,.T.);
#6101 = ORIENTED_EDGE('',*,*,#6058,.T.);
#6102 = PLANE('',#6103);
#6103 = AXIS2_PLACEMENT_3D('',#6104,#6105,#6106);
#6104 = CARTESIAN_POINT('',(0.,0.,-4.E-02));
#6105 = DIRECTION('',(-0.,-0.,-1.));
#6106 = DIRECTION('',(-1.,0.,0.));
#6107 = MANIFOLD_SOLID_BREP('',#6108);
#6108 = CLOSED_SHELL('',(#6109,#6151,#6182,#6215,#6246,#6279,#6310,#6343
    ,#6365,#6381));
#6109 = ADVANCED_FACE('',(#6110),#6146,.T.);
#6110 = FACE_BOUND('',#6111,.F.);
#6111 = EDGE_LOOP('',(#6112,#6122,#6131,#6139));
#6112 = ORIENTED_EDGE('',*,*,#6113,.T.);
#6113 = EDGE_CURVE('',#6114,#6116,#6118,.T.);
#6114 = VERTEX_POINT('',#6115);
#6115 = CARTESIAN_POINT('',(11.7,-4.7,0.));
#6116 = VERTEX_POINT('',#6117);
#6117 = CARTESIAN_POINT('',(11.7,-4.7,-4.E-02));
#6118 = LINE('',#6119,#6120);
#6119 = CARTESIAN_POINT('',(11.7,-4.7,0.));
#6120 = VECTOR('',#6121,1.);
#6121 = DIRECTION('',(0.,0.,-1.));
#6122 = ORIENTED_EDGE('',*,*,#6123,.T.);
#6123 = EDGE_CURVE('',#6116,#6124,#6126,.T.);
#6124 = VERTEX_POINT('',#6125);
#6125 = CARTESIAN_POINT('',(11.925,-4.475,-4.E-02));
#6126 = CIRCLE('',#6127,0.225000087974);
#6127 = AXIS2_PLACEMENT_3D('',#6128,#6129,#6130);
#6128 = CARTESIAN_POINT('',(11.925000087974,-4.700000087974,-4.E-02));
#6129 = DIRECTION('',(0.,0.,-1.));
#6130 = DIRECTION('',(-1.,3.909953655539E-07,0.));
#6131 = ORIENTED_EDGE('',*,*,#6132,.F.);
#6132 = EDGE_CURVE('',#6133,#6124,#6135,.T.);
#6133 = VERTEX_POINT('',#6134);
#6134 = CARTESIAN_POINT('',(11.925,-4.475,0.));
#6135 = LINE('',#6136,#6137);
#6136 = CARTESIAN_POINT('',(11.925,-4.475,0.));
#6137 = VECTOR('',#6138,1.);
#6138 = DIRECTION('',(0.,0.,-1.));
#6139 = ORIENTED_EDGE('',*,*,#6140,.F.);
#6140 = EDGE_CURVE('',#6114,#6133,#6141,.T.);
#6141 = CIRCLE('',#6142,0.225000087974);
#6142 = AXIS2_PLACEMENT_3D('',#6143,#6144,#6145);
#6143 = CARTESIAN_POINT('',(11.925000087974,-4.700000087974,0.));
#6144 = DIRECTION('',(0.,0.,-1.));
#6145 = DIRECTION('',(-1.,3.909953655539E-07,0.));
#6146 = CYLINDRICAL_SURFACE('',#6147,0.225000087974);
#6147 = AXIS2_PLACEMENT_3D('',#6148,#6149,#6150);
#6148 = CARTESIAN_POINT('',(11.925000087974,-4.700000087974,0.));
#6149 = DIRECTION('',(-0.,-0.,1.));
#6150 = DIRECTION('',(-1.,3.909953655539E-07,0.));
#6151 = ADVANCED_FACE('',(#6152),#6177,.F.);
#6152 = FACE_BOUND('',#6153,.F.);
#6153 = EDGE_LOOP('',(#6154,#6155,#6163,#6171));
#6154 = ORIENTED_EDGE('',*,*,#6132,.T.);
#6155 = ORIENTED_EDGE('',*,*,#6156,.T.);
#6156 = EDGE_CURVE('',#6124,#6157,#6159,.T.);
#6157 = VERTEX_POINT('',#6158);
#6158 = CARTESIAN_POINT('',(12.425,-4.475,-4.E-02));
#6159 = LINE('',#6160,#6161);
#6160 = CARTESIAN_POINT('',(11.925,-4.475,-4.E-02));
#6161 = VECTOR('',#6162,1.);
#6162 = DIRECTION('',(1.,0.,0.));
#6163 = ORIENTED_EDGE('',*,*,#6164,.F.);
#6164 = EDGE_CURVE('',#6165,#6157,#6167,.T.);
#6165 = VERTEX_POINT('',#6166);
#6166 = CARTESIAN_POINT('',(12.425,-4.475,0.));
#6167 = LINE('',#6168,#6169);
#6168 = CARTESIAN_POINT('',(12.425,-4.475,0.));
#6169 = VECTOR('',#6170,1.);
#6170 = DIRECTION('',(0.,0.,-1.));
#6171 = ORIENTED_EDGE('',*,*,#6172,.F.);
#6172 = EDGE_CURVE('',#6133,#6165,#6173,.T.);
#6173 = LINE('',#6174,#6175);
#6174 = CARTESIAN_POINT('',(11.925,-4.475,0.));
#6175 = VECTOR('',#6176,1.);
#6176 = DIRECTION('',(1.,0.,0.));
#6177 = PLANE('',#6178);
#6178 = AXIS2_PLACEMENT_3D('',#6179,#6180,#6181);
#6179 = CARTESIAN_POINT('',(11.925,-4.475,0.));
#6180 = DIRECTION('',(0.,-1.,0.));
#6181 = DIRECTION('',(1.,0.,0.));
#6182 = ADVANCED_FACE('',(#6183),#6210,.T.);
#6183 = FACE_BOUND('',#6184,.F.);
#6184 = EDGE_LOOP('',(#6185,#6186,#6195,#6203));
#6185 = ORIENTED_EDGE('',*,*,#6164,.T.);
#6186 = ORIENTED_EDGE('',*,*,#6187,.T.);
#6187 = EDGE_CURVE('',#6157,#6188,#6190,.T.);
#6188 = VERTEX_POINT('',#6189);
#6189 = CARTESIAN_POINT('',(12.65,-4.7,-4.E-02));
#6190 = CIRCLE('',#6191,0.225000087974);
#6191 = AXIS2_PLACEMENT_3D('',#6192,#6193,#6194);
#6192 = CARTESIAN_POINT('',(12.424999912026,-4.700000087974,-4.E-02));
#6193 = DIRECTION('',(0.,0.,-1.));
#6194 = DIRECTION('',(3.909953695014E-07,1.,0.));
#6195 = ORIENTED_EDGE('',*,*,#6196,.F.);
#6196 = EDGE_CURVE('',#6197,#6188,#6199,.T.);
#6197 = VERTEX_POINT('',#6198);
#6198 = CARTESIAN_POINT('',(12.65,-4.7,0.));
#6199 = LINE('',#6200,#6201);
#6200 = CARTESIAN_POINT('',(12.65,-4.7,0.));
#6201 = VECTOR('',#6202,1.);
#6202 = DIRECTION('',(0.,0.,-1.));
#6203 = ORIENTED_EDGE('',*,*,#6204,.F.);
#6204 = EDGE_CURVE('',#6165,#6197,#6205,.T.);
#6205 = CIRCLE('',#6206,0.225000087974);
#6206 = AXIS2_PLACEMENT_3D('',#6207,#6208,#6209);
#6207 = CARTESIAN_POINT('',(12.424999912026,-4.700000087974,0.));
#6208 = DIRECTION('',(0.,0.,-1.));
#6209 = DIRECTION('',(3.909953695014E-07,1.,0.));
#6210 = CYLINDRICAL_SURFACE('',#6211,0.225000087974);
#6211 = AXIS2_PLACEMENT_3D('',#6212,#6213,#6214);
#6212 = CARTESIAN_POINT('',(12.424999912026,-4.700000087974,0.));
#6213 = DIRECTION('',(-0.,-0.,1.));
#6214 = DIRECTION('',(3.909953695014E-07,1.,0.));
#6215 = ADVANCED_FACE('',(#6216),#6241,.F.);
#6216 = FACE_BOUND('',#6217,.F.);
#6217 = EDGE_LOOP('',(#6218,#6219,#6227,#6235));
#6218 = ORIENTED_EDGE('',*,*,#6196,.T.);
#6219 = ORIENTED_EDGE('',*,*,#6220,.T.);
#6220 = EDGE_CURVE('',#6188,#6221,#6223,.T.);
#6221 = VERTEX_POINT('',#6222);
#6222 = CARTESIAN_POINT('',(12.65,-5.15,-4.E-02));
#6223 = LINE('',#6224,#6225);
#6224 = CARTESIAN_POINT('',(12.65,-4.7,-4.E-02));
#6225 = VECTOR('',#6226,1.);
#6226 = DIRECTION('',(0.,-1.,0.));
#6227 = ORIENTED_EDGE('',*,*,#6228,.F.);
#6228 = EDGE_CURVE('',#6229,#6221,#6231,.T.);
#6229 = VERTEX_POINT('',#6230);
#6230 = CARTESIAN_POINT('',(12.65,-5.15,0.));
#6231 = LINE('',#6232,#6233);
#6232 = CARTESIAN_POINT('',(12.65,-5.15,0.));
#6233 = VECTOR('',#6234,1.);
#6234 = DIRECTION('',(0.,0.,-1.));
#6235 = ORIENTED_EDGE('',*,*,#6236,.F.);
#6236 = EDGE_CURVE('',#6197,#6229,#6237,.T.);
#6237 = LINE('',#6238,#6239);
#6238 = CARTESIAN_POINT('',(12.65,-4.7,0.));
#6239 = VECTOR('',#6240,1.);
#6240 = DIRECTION('',(0.,-1.,0.));
#6241 = PLANE('',#6242);
#6242 = AXIS2_PLACEMENT_3D('',#6243,#6244,#6245);
#6243 = CARTESIAN_POINT('',(12.65,-4.7,0.));
#6244 = DIRECTION('',(-1.,-0.,-0.));
#6245 = DIRECTION('',(0.,-1.,0.));
#6246 = ADVANCED_FACE('',(#6247),#6274,.T.);
#6247 = FACE_BOUND('',#6248,.F.);
#6248 = EDGE_LOOP('',(#6249,#6250,#6259,#6267));
#6249 = ORIENTED_EDGE('',*,*,#6228,.T.);
#6250 = ORIENTED_EDGE('',*,*,#6251,.T.);
#6251 = EDGE_CURVE('',#6221,#6252,#6254,.T.);
#6252 = VERTEX_POINT('',#6253);
#6253 = CARTESIAN_POINT('',(12.425,-5.375,-4.E-02));
#6254 = CIRCLE('',#6255,0.225000087974);
#6255 = AXIS2_PLACEMENT_3D('',#6256,#6257,#6258);
#6256 = CARTESIAN_POINT('',(12.424999912026,-5.149999912026,-4.E-02));
#6257 = DIRECTION('',(0.,0.,-1.));
#6258 = DIRECTION('',(1.,-3.909953695014E-07,0.));
#6259 = ORIENTED_EDGE('',*,*,#6260,.F.);
#6260 = EDGE_CURVE('',#6261,#6252,#6263,.T.);
#6261 = VERTEX_POINT('',#6262);
#6262 = CARTESIAN_POINT('',(12.425,-5.375,0.));
#6263 = LINE('',#6264,#6265);
#6264 = CARTESIAN_POINT('',(12.425,-5.375,0.));
#6265 = VECTOR('',#6266,1.);
#6266 = DIRECTION('',(0.,0.,-1.));
#6267 = ORIENTED_EDGE('',*,*,#6268,.F.);
#6268 = EDGE_CURVE('',#6229,#6261,#6269,.T.);
#6269 = CIRCLE('',#6270,0.225000087974);
#6270 = AXIS2_PLACEMENT_3D('',#6271,#6272,#6273);
#6271 = CARTESIAN_POINT('',(12.424999912026,-5.149999912026,0.));
#6272 = DIRECTION('',(0.,0.,-1.));
#6273 = DIRECTION('',(1.,-3.909953695014E-07,0.));
#6274 = CYLINDRICAL_SURFACE('',#6275,0.225000087974);
#6275 = AXIS2_PLACEMENT_3D('',#6276,#6277,#6278);
#6276 = CARTESIAN_POINT('',(12.424999912026,-5.149999912026,0.));
#6277 = DIRECTION('',(-0.,-0.,1.));
#6278 = DIRECTION('',(1.,-3.909953695014E-07,0.));
#6279 = ADVANCED_FACE('',(#6280),#6305,.F.);
#6280 = FACE_BOUND('',#6281,.F.);
#6281 = EDGE_LOOP('',(#6282,#6283,#6291,#6299));
#6282 = ORIENTED_EDGE('',*,*,#6260,.T.);
#6283 = ORIENTED_EDGE('',*,*,#6284,.T.);
#6284 = EDGE_CURVE('',#6252,#6285,#6287,.T.);
#6285 = VERTEX_POINT('',#6286);
#6286 = CARTESIAN_POINT('',(11.925,-5.375,-4.E-02));
#6287 = LINE('',#6288,#6289);
#6288 = CARTESIAN_POINT('',(12.425,-5.375,-4.E-02));
#6289 = VECTOR('',#6290,1.);
#6290 = DIRECTION('',(-1.,0.,0.));
#6291 = ORIENTED_EDGE('',*,*,#6292,.F.);
#6292 = EDGE_CURVE('',#6293,#6285,#6295,.T.);
#6293 = VERTEX_POINT('',#6294);
#6294 = CARTESIAN_POINT('',(11.925,-5.375,0.));
#6295 = LINE('',#6296,#6297);
#6296 = CARTESIAN_POINT('',(11.925,-5.375,0.));
#6297 = VECTOR('',#6298,1.);
#6298 = DIRECTION('',(0.,0.,-1.));
#6299 = ORIENTED_EDGE('',*,*,#6300,.F.);
#6300 = EDGE_CURVE('',#6261,#6293,#6301,.T.);
#6301 = LINE('',#6302,#6303);
#6302 = CARTESIAN_POINT('',(12.425,-5.375,0.));
#6303 = VECTOR('',#6304,1.);
#6304 = DIRECTION('',(-1.,0.,0.));
#6305 = PLANE('',#6306);
#6306 = AXIS2_PLACEMENT_3D('',#6307,#6308,#6309);
#6307 = CARTESIAN_POINT('',(12.425,-5.375,0.));
#6308 = DIRECTION('',(0.,1.,0.));
#6309 = DIRECTION('',(-1.,0.,0.));
#6310 = ADVANCED_FACE('',(#6311),#6338,.T.);
#6311 = FACE_BOUND('',#6312,.F.);
#6312 = EDGE_LOOP('',(#6313,#6314,#6323,#6331));
#6313 = ORIENTED_EDGE('',*,*,#6292,.T.);
#6314 = ORIENTED_EDGE('',*,*,#6315,.T.);
#6315 = EDGE_CURVE('',#6285,#6316,#6318,.T.);
#6316 = VERTEX_POINT('',#6317);
#6317 = CARTESIAN_POINT('',(11.7,-5.15,-4.E-02));
#6318 = CIRCLE('',#6319,0.225000087974);
#6319 = AXIS2_PLACEMENT_3D('',#6320,#6321,#6322);
#6320 = CARTESIAN_POINT('',(11.925000087974,-5.149999912026,-4.E-02));
#6321 = DIRECTION('',(0.,0.,-1.));
#6322 = DIRECTION('',(-3.909953616065E-07,-1.,-0.));
#6323 = ORIENTED_EDGE('',*,*,#6324,.F.);
#6324 = EDGE_CURVE('',#6325,#6316,#6327,.T.);
#6325 = VERTEX_POINT('',#6326);
#6326 = CARTESIAN_POINT('',(11.7,-5.15,0.));
#6327 = LINE('',#6328,#6329);
#6328 = CARTESIAN_POINT('',(11.7,-5.15,0.));
#6329 = VECTOR('',#6330,1.);
#6330 = DIRECTION('',(0.,0.,-1.));
#6331 = ORIENTED_EDGE('',*,*,#6332,.F.);
#6332 = EDGE_CURVE('',#6293,#6325,#6333,.T.);
#6333 = CIRCLE('',#6334,0.225000087974);
#6334 = AXIS2_PLACEMENT_3D('',#6335,#6336,#6337);
#6335 = CARTESIAN_POINT('',(11.925000087974,-5.149999912026,0.));
#6336 = DIRECTION('',(0.,0.,-1.));
#6337 = DIRECTION('',(-3.909953616065E-07,-1.,-0.));
#6338 = CYLINDRICAL_SURFACE('',#6339,0.225000087974);
#6339 = AXIS2_PLACEMENT_3D('',#6340,#6341,#6342);
#6340 = CARTESIAN_POINT('',(11.925000087974,-5.149999912026,0.));
#6341 = DIRECTION('',(-0.,-0.,1.));
#6342 = DIRECTION('',(-3.909953616065E-07,-1.,-0.));
#6343 = ADVANCED_FACE('',(#6344),#6360,.F.);
#6344 = FACE_BOUND('',#6345,.F.);
#6345 = EDGE_LOOP('',(#6346,#6347,#6353,#6354));
#6346 = ORIENTED_EDGE('',*,*,#6324,.T.);
#6347 = ORIENTED_EDGE('',*,*,#6348,.T.);
#6348 = EDGE_CURVE('',#6316,#6116,#6349,.T.);
#6349 = LINE('',#6350,#6351);
#6350 = CARTESIAN_POINT('',(11.7,-5.15,-4.E-02));
#6351 = VECTOR('',#6352,1.);
#6352 = DIRECTION('',(0.,1.,0.));
#6353 = ORIENTED_EDGE('',*,*,#6113,.F.);
#6354 = ORIENTED_EDGE('',*,*,#6355,.F.);
#6355 = EDGE_CURVE('',#6325,#6114,#6356,.T.);
#6356 = LINE('',#6357,#6358);
#6357 = CARTESIAN_POINT('',(11.7,-5.15,0.));
#6358 = VECTOR('',#6359,1.);
#6359 = DIRECTION('',(0.,1.,0.));
#6360 = PLANE('',#6361);
#6361 = AXIS2_PLACEMENT_3D('',#6362,#6363,#6364);
#6362 = CARTESIAN_POINT('',(11.7,-5.15,0.));
#6363 = DIRECTION('',(1.,-0.,0.));
#6364 = DIRECTION('',(0.,1.,0.));
#6365 = ADVANCED_FACE('',(#6366),#6376,.F.);
#6366 = FACE_BOUND('',#6367,.F.);
#6367 = EDGE_LOOP('',(#6368,#6369,#6370,#6371,#6372,#6373,#6374,#6375));
#6368 = ORIENTED_EDGE('',*,*,#6140,.T.);
#6369 = ORIENTED_EDGE('',*,*,#6172,.T.);
#6370 = ORIENTED_EDGE('',*,*,#6204,.T.);
#6371 = ORIENTED_EDGE('',*,*,#6236,.T.);
#6372 = ORIENTED_EDGE('',*,*,#6268,.T.);
#6373 = ORIENTED_EDGE('',*,*,#6300,.T.);
#6374 = ORIENTED_EDGE('',*,*,#6332,.T.);
#6375 = ORIENTED_EDGE('',*,*,#6355,.T.);
#6376 = PLANE('',#6377);
#6377 = AXIS2_PLACEMENT_3D('',#6378,#6379,#6380);
#6378 = CARTESIAN_POINT('',(0.,0.,0.));
#6379 = DIRECTION('',(-0.,-0.,-1.));
#6380 = DIRECTION('',(-1.,0.,0.));
#6381 = ADVANCED_FACE('',(#6382),#6392,.T.);
#6382 = FACE_BOUND('',#6383,.T.);
#6383 = EDGE_LOOP('',(#6384,#6385,#6386,#6387,#6388,#6389,#6390,#6391));
#6384 = ORIENTED_EDGE('',*,*,#6123,.T.);
#6385 = ORIENTED_EDGE('',*,*,#6156,.T.);
#6386 = ORIENTED_EDGE('',*,*,#6187,.T.);
#6387 = ORIENTED_EDGE('',*,*,#6220,.T.);
#6388 = ORIENTED_EDGE('',*,*,#6251,.T.);
#6389 = ORIENTED_EDGE('',*,*,#6284,.T.);
#6390 = ORIENTED_EDGE('',*,*,#6315,.T.);
#6391 = ORIENTED_EDGE('',*,*,#6348,.T.);
#6392 = PLANE('',#6393);
#6393 = AXIS2_PLACEMENT_3D('',#6394,#6395,#6396);
#6394 = CARTESIAN_POINT('',(0.,0.,-4.E-02));
#6395 = DIRECTION('',(-0.,-0.,-1.));
#6396 = DIRECTION('',(-1.,0.,0.));
#6397 = MANIFOLD_SOLID_BREP('',#6398);
#6398 = CLOSED_SHELL('',(#6399,#6439,#6470,#6501,#6523,#6535));
#6399 = ADVANCED_FACE('',(#6400),#6434,.T.);
#6400 = FACE_BOUND('',#6401,.T.);
#6401 = EDGE_LOOP('',(#6402,#6412,#6420,#6428));
#6402 = ORIENTED_EDGE('',*,*,#6403,.T.);
#6403 = EDGE_CURVE('',#6404,#6406,#6408,.T.);
#6404 = VERTEX_POINT('',#6405);
#6405 = CARTESIAN_POINT('',(11.075,-4.53,0.91));
#6406 = VERTEX_POINT('',#6407);
#6407 = CARTESIAN_POINT('',(11.075,-4.53,0.95));
#6408 = LINE('',#6409,#6410);
#6409 = CARTESIAN_POINT('',(11.075,-4.53,0.91));
#6410 = VECTOR('',#6411,1.);
#6411 = DIRECTION('',(0.,0.,1.));
#6412 = ORIENTED_EDGE('',*,*,#6413,.T.);
#6413 = EDGE_CURVE('',#6406,#6414,#6416,.T.);
#6414 = VERTEX_POINT('',#6415);
#6415 = CARTESIAN_POINT('',(11.075,-4.13,0.95));
#6416 = LINE('',#6417,#6418);
#6417 = CARTESIAN_POINT('',(11.075,-4.53,0.95));
#6418 = VECTOR('',#6419,1.);
#6419 = DIRECTION('',(0.,1.,0.));
#6420 = ORIENTED_EDGE('',*,*,#6421,.F.);
#6421 = EDGE_CURVE('',#6422,#6414,#6424,.T.);
#6422 = VERTEX_POINT('',#6423);
#6423 = CARTESIAN_POINT('',(11.075,-4.13,0.91));
#6424 = LINE('',#6425,#6426);
#6425 = CARTESIAN_POINT('',(11.075,-4.13,0.91));
#6426 = VECTOR('',#6427,1.);
#6427 = DIRECTION('',(0.,0.,1.));
#6428 = ORIENTED_EDGE('',*,*,#6429,.F.);
#6429 = EDGE_CURVE('',#6404,#6422,#6430,.T.);
#6430 = LINE('',#6431,#6432);
#6431 = CARTESIAN_POINT('',(11.075,-4.53,0.91));
#6432 = VECTOR('',#6433,1.);
#6433 = DIRECTION('',(0.,1.,0.));
#6434 = PLANE('',#6435);
#6435 = AXIS2_PLACEMENT_3D('',#6436,#6437,#6438);
#6436 = CARTESIAN_POINT('',(11.075,-4.53,0.91));
#6437 = DIRECTION('',(-1.,0.,0.));
#6438 = DIRECTION('',(0.,1.,0.));
#6439 = ADVANCED_FACE('',(#6440),#6465,.T.);
#6440 = FACE_BOUND('',#6441,.T.);
#6441 = EDGE_LOOP('',(#6442,#6443,#6451,#6459));
#6442 = ORIENTED_EDGE('',*,*,#6421,.T.);
#6443 = ORIENTED_EDGE('',*,*,#6444,.T.);
#6444 = EDGE_CURVE('',#6414,#6445,#6447,.T.);
#6445 = VERTEX_POINT('',#6446);
#6446 = CARTESIAN_POINT('',(13.075,-4.13,0.95));
#6447 = LINE('',#6448,#6449);
#6448 = CARTESIAN_POINT('',(11.075,-4.13,0.95));
#6449 = VECTOR('',#6450,1.);
#6450 = DIRECTION('',(1.,0.,0.));
#6451 = ORIENTED_EDGE('',*,*,#6452,.F.);
#6452 = EDGE_CURVE('',#6453,#6445,#6455,.T.);
#6453 = VERTEX_POINT('',#6454);
#6454 = CARTESIAN_POINT('',(13.075,-4.13,0.91));
#6455 = LINE('',#6456,#6457);
#6456 = CARTESIAN_POINT('',(13.075,-4.13,0.91));
#6457 = VECTOR('',#6458,1.);
#6458 = DIRECTION('',(0.,0.,1.));
#6459 = ORIENTED_EDGE('',*,*,#6460,.F.);
#6460 = EDGE_CURVE('',#6422,#6453,#6461,.T.);
#6461 = LINE('',#6462,#6463);
#6462 = CARTESIAN_POINT('',(11.075,-4.13,0.91));
#6463 = VECTOR('',#6464,1.);
#6464 = DIRECTION('',(1.,0.,0.));
#6465 = PLANE('',#6466);
#6466 = AXIS2_PLACEMENT_3D('',#6467,#6468,#6469);
#6467 = CARTESIAN_POINT('',(11.075,-4.13,0.91));
#6468 = DIRECTION('',(0.,1.,0.));
#6469 = DIRECTION('',(1.,0.,0.));
#6470 = ADVANCED_FACE('',(#6471),#6496,.T.);
#6471 = FACE_BOUND('',#6472,.T.);
#6472 = EDGE_LOOP('',(#6473,#6474,#6482,#6490));
#6473 = ORIENTED_EDGE('',*,*,#6452,.T.);
#6474 = ORIENTED_EDGE('',*,*,#6475,.T.);
#6475 = EDGE_CURVE('',#6445,#6476,#6478,.T.);
#6476 = VERTEX_POINT('',#6477);
#6477 = CARTESIAN_POINT('',(13.075,-4.53,0.95));
#6478 = LINE('',#6479,#6480);
#6479 = CARTESIAN_POINT('',(13.075,-4.13,0.95));
#6480 = VECTOR('',#6481,1.);
#6481 = DIRECTION('',(0.,-1.,0.));
#6482 = ORIENTED_EDGE('',*,*,#6483,.F.);
#6483 = EDGE_CURVE('',#6484,#6476,#6486,.T.);
#6484 = VERTEX_POINT('',#6485);
#6485 = CARTESIAN_POINT('',(13.075,-4.53,0.91));
#6486 = LINE('',#6487,#6488);
#6487 = CARTESIAN_POINT('',(13.075,-4.53,0.91));
#6488 = VECTOR('',#6489,1.);
#6489 = DIRECTION('',(0.,0.,1.));
#6490 = ORIENTED_EDGE('',*,*,#6491,.F.);
#6491 = EDGE_CURVE('',#6453,#6484,#6492,.T.);
#6492 = LINE('',#6493,#6494);
#6493 = CARTESIAN_POINT('',(13.075,-4.13,0.91));
#6494 = VECTOR('',#6495,1.);
#6495 = DIRECTION('',(0.,-1.,0.));
#6496 = PLANE('',#6497);
#6497 = AXIS2_PLACEMENT_3D('',#6498,#6499,#6500);
#6498 = CARTESIAN_POINT('',(13.075,-4.13,0.91));
#6499 = DIRECTION('',(1.,0.,-0.));
#6500 = DIRECTION('',(0.,-1.,0.));
#6501 = ADVANCED_FACE('',(#6502),#6518,.T.);
#6502 = FACE_BOUND('',#6503,.T.);
#6503 = EDGE_LOOP('',(#6504,#6505,#6511,#6512));
#6504 = ORIENTED_EDGE('',*,*,#6483,.T.);
#6505 = ORIENTED_EDGE('',*,*,#6506,.T.);
#6506 = EDGE_CURVE('',#6476,#6406,#6507,.T.);
#6507 = LINE('',#6508,#6509);
#6508 = CARTESIAN_POINT('',(13.075,-4.53,0.95));
#6509 = VECTOR('',#6510,1.);
#6510 = DIRECTION('',(-1.,0.,0.));
#6511 = ORIENTED_EDGE('',*,*,#6403,.F.);
#6512 = ORIENTED_EDGE('',*,*,#6513,.F.);
#6513 = EDGE_CURVE('',#6484,#6404,#6514,.T.);
#6514 = LINE('',#6515,#6516);
#6515 = CARTESIAN_POINT('',(13.075,-4.53,0.91));
#6516 = VECTOR('',#6517,1.);
#6517 = DIRECTION('',(-1.,0.,0.));
#6518 = PLANE('',#6519);
#6519 = AXIS2_PLACEMENT_3D('',#6520,#6521,#6522);
#6520 = CARTESIAN_POINT('',(13.075,-4.53,0.91));
#6521 = DIRECTION('',(0.,-1.,0.));
#6522 = DIRECTION('',(-1.,0.,0.));
#6523 = ADVANCED_FACE('',(#6524),#6530,.F.);
#6524 = FACE_BOUND('',#6525,.T.);
#6525 = EDGE_LOOP('',(#6526,#6527,#6528,#6529));
#6526 = ORIENTED_EDGE('',*,*,#6429,.T.);
#6527 = ORIENTED_EDGE('',*,*,#6460,.T.);
#6528 = ORIENTED_EDGE('',*,*,#6491,.T.);
#6529 = ORIENTED_EDGE('',*,*,#6513,.T.);
#6530 = PLANE('',#6531);
#6531 = AXIS2_PLACEMENT_3D('',#6532,#6533,#6534);
#6532 = CARTESIAN_POINT('',(0.,0.,0.91));
#6533 = DIRECTION('',(0.,0.,1.));
#6534 = DIRECTION('',(1.,0.,-0.));
#6535 = ADVANCED_FACE('',(#6536),#6542,.T.);
#6536 = FACE_BOUND('',#6537,.F.);
#6537 = EDGE_LOOP('',(#6538,#6539,#6540,#6541));
#6538 = ORIENTED_EDGE('',*,*,#6413,.T.);
#6539 = ORIENTED_EDGE('',*,*,#6444,.T.);
#6540 = ORIENTED_EDGE('',*,*,#6475,.T.);
#6541 = ORIENTED_EDGE('',*,*,#6506,.T.);
#6542 = PLANE('',#6543);
#6543 = AXIS2_PLACEMENT_3D('',#6544,#6545,#6546);
#6544 = CARTESIAN_POINT('',(0.,0.,0.95));
#6545 = DIRECTION('',(0.,0.,1.));
#6546 = DIRECTION('',(1.,0.,-0.));
#6547 = MANIFOLD_SOLID_BREP('',#6548);
#6548 = CLOSED_SHELL('',(#6549,#6591,#6622,#6655,#6686,#6719,#6750,#6783
    ,#6805,#6821));
#6549 = ADVANCED_FACE('',(#6550),#6586,.T.);
#6550 = FACE_BOUND('',#6551,.F.);
#6551 = EDGE_LOOP('',(#6552,#6562,#6571,#6579));
#6552 = ORIENTED_EDGE('',*,*,#6553,.T.);
#6553 = EDGE_CURVE('',#6554,#6556,#6558,.T.);
#6554 = VERTEX_POINT('',#6555);
#6555 = CARTESIAN_POINT('',(10.2,-6.25,0.));
#6556 = VERTEX_POINT('',#6557);
#6557 = CARTESIAN_POINT('',(10.2,-6.25,-4.E-02));
#6558 = LINE('',#6559,#6560);
#6559 = CARTESIAN_POINT('',(10.2,-6.25,0.));
#6560 = VECTOR('',#6561,1.);
#6561 = DIRECTION('',(0.,0.,-1.));
#6562 = ORIENTED_EDGE('',*,*,#6563,.T.);
#6563 = EDGE_CURVE('',#6556,#6564,#6566,.T.);
#6564 = VERTEX_POINT('',#6565);
#6565 = CARTESIAN_POINT('',(10.425,-6.025,-4.E-02));
#6566 = CIRCLE('',#6567,0.225000087974);
#6567 = AXIS2_PLACEMENT_3D('',#6568,#6569,#6570);
#6568 = CARTESIAN_POINT('',(10.425000087974,-6.250000087974,-4.E-02));
#6569 = DIRECTION('',(0.,0.,-1.));
#6570 = DIRECTION('',(-1.,3.90995357659E-07,0.));
#6571 = ORIENTED_EDGE('',*,*,#6572,.F.);
#6572 = EDGE_CURVE('',#6573,#6564,#6575,.T.);
#6573 = VERTEX_POINT('',#6574);
#6574 = CARTESIAN_POINT('',(10.425,-6.025,0.));
#6575 = LINE('',#6576,#6577);
#6576 = CARTESIAN_POINT('',(10.425,-6.025,0.));
#6577 = VECTOR('',#6578,1.);
#6578 = DIRECTION('',(0.,0.,-1.));
#6579 = ORIENTED_EDGE('',*,*,#6580,.F.);
#6580 = EDGE_CURVE('',#6554,#6573,#6581,.T.);
#6581 = CIRCLE('',#6582,0.225000087974);
#6582 = AXIS2_PLACEMENT_3D('',#6583,#6584,#6585);
#6583 = CARTESIAN_POINT('',(10.425000087974,-6.250000087974,0.));
#6584 = DIRECTION('',(0.,0.,-1.));
#6585 = DIRECTION('',(-1.,3.90995357659E-07,0.));
#6586 = CYLINDRICAL_SURFACE('',#6587,0.225000087974);
#6587 = AXIS2_PLACEMENT_3D('',#6588,#6589,#6590);
#6588 = CARTESIAN_POINT('',(10.425000087974,-6.250000087974,0.));
#6589 = DIRECTION('',(-0.,-0.,1.));
#6590 = DIRECTION('',(-1.,3.90995357659E-07,0.));
#6591 = ADVANCED_FACE('',(#6592),#6617,.F.);
#6592 = FACE_BOUND('',#6593,.F.);
#6593 = EDGE_LOOP('',(#6594,#6595,#6603,#6611));
#6594 = ORIENTED_EDGE('',*,*,#6572,.T.);
#6595 = ORIENTED_EDGE('',*,*,#6596,.T.);
#6596 = EDGE_CURVE('',#6564,#6597,#6599,.T.);
#6597 = VERTEX_POINT('',#6598);
#6598 = CARTESIAN_POINT('',(10.925,-6.025,-4.E-02));
#6599 = LINE('',#6600,#6601);
#6600 = CARTESIAN_POINT('',(10.425,-6.025,-4.E-02));
#6601 = VECTOR('',#6602,1.);
#6602 = DIRECTION('',(1.,0.,0.));
#6603 = ORIENTED_EDGE('',*,*,#6604,.F.);
#6604 = EDGE_CURVE('',#6605,#6597,#6607,.T.);
#6605 = VERTEX_POINT('',#6606);
#6606 = CARTESIAN_POINT('',(10.925,-6.025,0.));
#6607 = LINE('',#6608,#6609);
#6608 = CARTESIAN_POINT('',(10.925,-6.025,0.));
#6609 = VECTOR('',#6610,1.);
#6610 = DIRECTION('',(0.,0.,-1.));
#6611 = ORIENTED_EDGE('',*,*,#6612,.F.);
#6612 = EDGE_CURVE('',#6573,#6605,#6613,.T.);
#6613 = LINE('',#6614,#6615);
#6614 = CARTESIAN_POINT('',(10.425,-6.025,0.));
#6615 = VECTOR('',#6616,1.);
#6616 = DIRECTION('',(1.,0.,0.));
#6617 = PLANE('',#6618);
#6618 = AXIS2_PLACEMENT_3D('',#6619,#6620,#6621);
#6619 = CARTESIAN_POINT('',(10.425,-6.025,0.));
#6620 = DIRECTION('',(0.,-1.,0.));
#6621 = DIRECTION('',(1.,0.,0.));
#6622 = ADVANCED_FACE('',(#6623),#6650,.T.);
#6623 = FACE_BOUND('',#6624,.F.);
#6624 = EDGE_LOOP('',(#6625,#6626,#6635,#6643));
#6625 = ORIENTED_EDGE('',*,*,#6604,.T.);
#6626 = ORIENTED_EDGE('',*,*,#6627,.T.);
#6627 = EDGE_CURVE('',#6597,#6628,#6630,.T.);
#6628 = VERTEX_POINT('',#6629);
#6629 = CARTESIAN_POINT('',(11.15,-6.25,-4.E-02));
#6630 = CIRCLE('',#6631,0.225000087974);
#6631 = AXIS2_PLACEMENT_3D('',#6632,#6633,#6634);
#6632 = CARTESIAN_POINT('',(10.924999912026,-6.250000087974,-4.E-02));
#6633 = DIRECTION('',(0.,0.,-1.));
#6634 = DIRECTION('',(3.909953616065E-07,1.,0.));
#6635 = ORIENTED_EDGE('',*,*,#6636,.F.);
#6636 = EDGE_CURVE('',#6637,#6628,#6639,.T.);
#6637 = VERTEX_POINT('',#6638);
#6638 = CARTESIAN_POINT('',(11.15,-6.25,0.));
#6639 = LINE('',#6640,#6641);
#6640 = CARTESIAN_POINT('',(11.15,-6.25,0.));
#6641 = VECTOR('',#6642,1.);
#6642 = DIRECTION('',(0.,0.,-1.));
#6643 = ORIENTED_EDGE('',*,*,#6644,.F.);
#6644 = EDGE_CURVE('',#6605,#6637,#6645,.T.);
#6645 = CIRCLE('',#6646,0.225000087974);
#6646 = AXIS2_PLACEMENT_3D('',#6647,#6648,#6649);
#6647 = CARTESIAN_POINT('',(10.924999912026,-6.250000087974,0.));
#6648 = DIRECTION('',(0.,0.,-1.));
#6649 = DIRECTION('',(3.909953616065E-07,1.,0.));
#6650 = CYLINDRICAL_SURFACE('',#6651,0.225000087974);
#6651 = AXIS2_PLACEMENT_3D('',#6652,#6653,#6654);
#6652 = CARTESIAN_POINT('',(10.924999912026,-6.250000087974,0.));
#6653 = DIRECTION('',(-0.,-0.,1.));
#6654 = DIRECTION('',(3.909953616065E-07,1.,0.));
#6655 = ADVANCED_FACE('',(#6656),#6681,.F.);
#6656 = FACE_BOUND('',#6657,.F.);
#6657 = EDGE_LOOP('',(#6658,#6659,#6667,#6675));
#6658 = ORIENTED_EDGE('',*,*,#6636,.T.);
#6659 = ORIENTED_EDGE('',*,*,#6660,.T.);
#6660 = EDGE_CURVE('',#6628,#6661,#6663,.T.);
#6661 = VERTEX_POINT('',#6662);
#6662 = CARTESIAN_POINT('',(11.15,-6.7,-4.E-02));
#6663 = LINE('',#6664,#6665);
#6664 = CARTESIAN_POINT('',(11.15,-6.25,-4.E-02));
#6665 = VECTOR('',#6666,1.);
#6666 = DIRECTION('',(0.,-1.,0.));
#6667 = ORIENTED_EDGE('',*,*,#6668,.F.);
#6668 = EDGE_CURVE('',#6669,#6661,#6671,.T.);
#6669 = VERTEX_POINT('',#6670);
#6670 = CARTESIAN_POINT('',(11.15,-6.7,0.));
#6671 = LINE('',#6672,#6673);
#6672 = CARTESIAN_POINT('',(11.15,-6.7,0.));
#6673 = VECTOR('',#6674,1.);
#6674 = DIRECTION('',(0.,0.,-1.));
#6675 = ORIENTED_EDGE('',*,*,#6676,.F.);
#6676 = EDGE_CURVE('',#6637,#6669,#6677,.T.);
#6677 = LINE('',#6678,#6679);
#6678 = CARTESIAN_POINT('',(11.15,-6.25,0.));
#6679 = VECTOR('',#6680,1.);
#6680 = DIRECTION('',(0.,-1.,0.));
#6681 = PLANE('',#6682);
#6682 = AXIS2_PLACEMENT_3D('',#6683,#6684,#6685);
#6683 = CARTESIAN_POINT('',(11.15,-6.25,0.));
#6684 = DIRECTION('',(-1.,-0.,-0.));
#6685 = DIRECTION('',(0.,-1.,0.));
#6686 = ADVANCED_FACE('',(#6687),#6714,.T.);
#6687 = FACE_BOUND('',#6688,.F.);
#6688 = EDGE_LOOP('',(#6689,#6690,#6699,#6707));
#6689 = ORIENTED_EDGE('',*,*,#6668,.T.);
#6690 = ORIENTED_EDGE('',*,*,#6691,.T.);
#6691 = EDGE_CURVE('',#6661,#6692,#6694,.T.);
#6692 = VERTEX_POINT('',#6693);
#6693 = CARTESIAN_POINT('',(10.925,-6.925,-4.E-02));
#6694 = CIRCLE('',#6695,0.225000087974);
#6695 = AXIS2_PLACEMENT_3D('',#6696,#6697,#6698);
#6696 = CARTESIAN_POINT('',(10.924999912026,-6.699999912026,-4.E-02));
#6697 = DIRECTION('',(0.,0.,-1.));
#6698 = DIRECTION('',(1.,-3.909953695014E-07,0.));
#6699 = ORIENTED_EDGE('',*,*,#6700,.F.);
#6700 = EDGE_CURVE('',#6701,#6692,#6703,.T.);
#6701 = VERTEX_POINT('',#6702);
#6702 = CARTESIAN_POINT('',(10.925,-6.925,0.));
#6703 = LINE('',#6704,#6705);
#6704 = CARTESIAN_POINT('',(10.925,-6.925,0.));
#6705 = VECTOR('',#6706,1.);
#6706 = DIRECTION('',(0.,0.,-1.));
#6707 = ORIENTED_EDGE('',*,*,#6708,.F.);
#6708 = EDGE_CURVE('',#6669,#6701,#6709,.T.);
#6709 = CIRCLE('',#6710,0.225000087974);
#6710 = AXIS2_PLACEMENT_3D('',#6711,#6712,#6713);
#6711 = CARTESIAN_POINT('',(10.924999912026,-6.699999912026,0.));
#6712 = DIRECTION('',(0.,0.,-1.));
#6713 = DIRECTION('',(1.,-3.909953695014E-07,0.));
#6714 = CYLINDRICAL_SURFACE('',#6715,0.225000087974);
#6715 = AXIS2_PLACEMENT_3D('',#6716,#6717,#6718);
#6716 = CARTESIAN_POINT('',(10.924999912026,-6.699999912026,0.));
#6717 = DIRECTION('',(-0.,-0.,1.));
#6718 = DIRECTION('',(1.,-3.909953695014E-07,0.));
#6719 = ADVANCED_FACE('',(#6720),#6745,.F.);
#6720 = FACE_BOUND('',#6721,.F.);
#6721 = EDGE_LOOP('',(#6722,#6723,#6731,#6739));
#6722 = ORIENTED_EDGE('',*,*,#6700,.T.);
#6723 = ORIENTED_EDGE('',*,*,#6724,.T.);
#6724 = EDGE_CURVE('',#6692,#6725,#6727,.T.);
#6725 = VERTEX_POINT('',#6726);
#6726 = CARTESIAN_POINT('',(10.425,-6.925,-4.E-02));
#6727 = LINE('',#6728,#6729);
#6728 = CARTESIAN_POINT('',(10.925,-6.925,-4.E-02));
#6729 = VECTOR('',#6730,1.);
#6730 = DIRECTION('',(-1.,0.,0.));
#6731 = ORIENTED_EDGE('',*,*,#6732,.F.);
#6732 = EDGE_CURVE('',#6733,#6725,#6735,.T.);
#6733 = VERTEX_POINT('',#6734);
#6734 = CARTESIAN_POINT('',(10.425,-6.925,0.));
#6735 = LINE('',#6736,#6737);
#6736 = CARTESIAN_POINT('',(10.425,-6.925,0.));
#6737 = VECTOR('',#6738,1.);
#6738 = DIRECTION('',(0.,0.,-1.));
#6739 = ORIENTED_EDGE('',*,*,#6740,.F.);
#6740 = EDGE_CURVE('',#6701,#6733,#6741,.T.);
#6741 = LINE('',#6742,#6743);
#6742 = CARTESIAN_POINT('',(10.925,-6.925,0.));
#6743 = VECTOR('',#6744,1.);
#6744 = DIRECTION('',(-1.,0.,0.));
#6745 = PLANE('',#6746);
#6746 = AXIS2_PLACEMENT_3D('',#6747,#6748,#6749);
#6747 = CARTESIAN_POINT('',(10.925,-6.925,0.));
#6748 = DIRECTION('',(0.,1.,0.));
#6749 = DIRECTION('',(-1.,0.,0.));
#6750 = ADVANCED_FACE('',(#6751),#6778,.T.);
#6751 = FACE_BOUND('',#6752,.F.);
#6752 = EDGE_LOOP('',(#6753,#6754,#6763,#6771));
#6753 = ORIENTED_EDGE('',*,*,#6732,.T.);
#6754 = ORIENTED_EDGE('',*,*,#6755,.T.);
#6755 = EDGE_CURVE('',#6725,#6756,#6758,.T.);
#6756 = VERTEX_POINT('',#6757);
#6757 = CARTESIAN_POINT('',(10.2,-6.7,-4.E-02));
#6758 = CIRCLE('',#6759,0.225000087974);
#6759 = AXIS2_PLACEMENT_3D('',#6760,#6761,#6762);
#6760 = CARTESIAN_POINT('',(10.425000087974,-6.699999912026,-4.E-02));
#6761 = DIRECTION('',(0.,0.,-1.));
#6762 = DIRECTION('',(-3.909953616065E-07,-1.,-0.));
#6763 = ORIENTED_EDGE('',*,*,#6764,.F.);
#6764 = EDGE_CURVE('',#6765,#6756,#6767,.T.);
#6765 = VERTEX_POINT('',#6766);
#6766 = CARTESIAN_POINT('',(10.2,-6.7,0.));
#6767 = LINE('',#6768,#6769);
#6768 = CARTESIAN_POINT('',(10.2,-6.7,0.));
#6769 = VECTOR('',#6770,1.);
#6770 = DIRECTION('',(0.,0.,-1.));
#6771 = ORIENTED_EDGE('',*,*,#6772,.F.);
#6772 = EDGE_CURVE('',#6733,#6765,#6773,.T.);
#6773 = CIRCLE('',#6774,0.225000087974);
#6774 = AXIS2_PLACEMENT_3D('',#6775,#6776,#6777);
#6775 = CARTESIAN_POINT('',(10.425000087974,-6.699999912026,0.));
#6776 = DIRECTION('',(0.,0.,-1.));
#6777 = DIRECTION('',(-3.909953616065E-07,-1.,-0.));
#6778 = CYLINDRICAL_SURFACE('',#6779,0.225000087974);
#6779 = AXIS2_PLACEMENT_3D('',#6780,#6781,#6782);
#6780 = CARTESIAN_POINT('',(10.425000087974,-6.699999912026,0.));
#6781 = DIRECTION('',(-0.,-0.,1.));
#6782 = DIRECTION('',(-3.909953616065E-07,-1.,-0.));
#6783 = ADVANCED_FACE('',(#6784),#6800,.F.);
#6784 = FACE_BOUND('',#6785,.F.);
#6785 = EDGE_LOOP('',(#6786,#6787,#6793,#6794));
#6786 = ORIENTED_EDGE('',*,*,#6764,.T.);
#6787 = ORIENTED_EDGE('',*,*,#6788,.T.);
#6788 = EDGE_CURVE('',#6756,#6556,#6789,.T.);
#6789 = LINE('',#6790,#6791);
#6790 = CARTESIAN_POINT('',(10.2,-6.7,-4.E-02));
#6791 = VECTOR('',#6792,1.);
#6792 = DIRECTION('',(0.,1.,0.));
#6793 = ORIENTED_EDGE('',*,*,#6553,.F.);
#6794 = ORIENTED_EDGE('',*,*,#6795,.F.);
#6795 = EDGE_CURVE('',#6765,#6554,#6796,.T.);
#6796 = LINE('',#6797,#6798);
#6797 = CARTESIAN_POINT('',(10.2,-6.7,0.));
#6798 = VECTOR('',#6799,1.);
#6799 = DIRECTION('',(0.,1.,0.));
#6800 = PLANE('',#6801);
#6801 = AXIS2_PLACEMENT_3D('',#6802,#6803,#6804);
#6802 = CARTESIAN_POINT('',(10.2,-6.7,0.));
#6803 = DIRECTION('',(1.,-0.,0.));
#6804 = DIRECTION('',(0.,1.,0.));
#6805 = ADVANCED_FACE('',(#6806),#6816,.F.);
#6806 = FACE_BOUND('',#6807,.F.);
#6807 = EDGE_LOOP('',(#6808,#6809,#6810,#6811,#6812,#6813,#6814,#6815));
#6808 = ORIENTED_EDGE('',*,*,#6580,.T.);
#6809 = ORIENTED_EDGE('',*,*,#6612,.T.);
#6810 = ORIENTED_EDGE('',*,*,#6644,.T.);
#6811 = ORIENTED_EDGE('',*,*,#6676,.T.);
#6812 = ORIENTED_EDGE('',*,*,#6708,.T.);
#6813 = ORIENTED_EDGE('',*,*,#6740,.T.);
#6814 = ORIENTED_EDGE('',*,*,#6772,.T.);
#6815 = ORIENTED_EDGE('',*,*,#6795,.T.);
#6816 = PLANE('',#6817);
#6817 = AXIS2_PLACEMENT_3D('',#6818,#6819,#6820);
#6818 = CARTESIAN_POINT('',(0.,0.,0.));
#6819 = DIRECTION('',(-0.,-0.,-1.));
#6820 = DIRECTION('',(-1.,0.,0.));
#6821 = ADVANCED_FACE('',(#6822),#6832,.T.);
#6822 = FACE_BOUND('',#6823,.T.);
#6823 = EDGE_LOOP('',(#6824,#6825,#6826,#6827,#6828,#6829,#6830,#6831));
#6824 = ORIENTED_EDGE('',*,*,#6563,.T.);
#6825 = ORIENTED_EDGE('',*,*,#6596,.T.);
#6826 = ORIENTED_EDGE('',*,*,#6627,.T.);
#6827 = ORIENTED_EDGE('',*,*,#6660,.T.);
#6828 = ORIENTED_EDGE('',*,*,#6691,.T.);
#6829 = ORIENTED_EDGE('',*,*,#6724,.T.);
#6830 = ORIENTED_EDGE('',*,*,#6755,.T.);
#6831 = ORIENTED_EDGE('',*,*,#6788,.T.);
#6832 = PLANE('',#6833);
#6833 = AXIS2_PLACEMENT_3D('',#6834,#6835,#6836);
#6834 = CARTESIAN_POINT('',(0.,0.,-4.E-02));
#6835 = DIRECTION('',(-0.,-0.,-1.));
#6836 = DIRECTION('',(-1.,0.,0.));
#6837 = MANIFOLD_SOLID_BREP('',#6838);
#6838 = CLOSED_SHELL('',(#6839,#6881,#6912,#6945,#6976,#7009,#7040,#7073
    ,#7095,#7111));
#6839 = ADVANCED_FACE('',(#6840),#6876,.T.);
#6840 = FACE_BOUND('',#6841,.F.);
#6841 = EDGE_LOOP('',(#6842,#6852,#6861,#6869));
#6842 = ORIENTED_EDGE('',*,*,#6843,.T.);
#6843 = EDGE_CURVE('',#6844,#6846,#6848,.T.);
#6844 = VERTEX_POINT('',#6845);
#6845 = CARTESIAN_POINT('',(11.725,-0.7,0.));
#6846 = VERTEX_POINT('',#6847);
#6847 = CARTESIAN_POINT('',(11.725,-0.7,-4.E-02));
#6848 = LINE('',#6849,#6850);
#6849 = CARTESIAN_POINT('',(11.725,-0.7,0.));
#6850 = VECTOR('',#6851,1.);
#6851 = DIRECTION('',(0.,0.,-1.));
#6852 = ORIENTED_EDGE('',*,*,#6853,.T.);
#6853 = EDGE_CURVE('',#6846,#6854,#6856,.T.);
#6854 = VERTEX_POINT('',#6855);
#6855 = CARTESIAN_POINT('',(11.975,-0.45,-4.E-02));
#6856 = CIRCLE('',#6857,0.249998959685);
#6857 = AXIS2_PLACEMENT_3D('',#6858,#6859,#6860);
#6858 = CARTESIAN_POINT('',(11.974998959683,-0.699998959683,-4.E-02));
#6859 = DIRECTION('',(0.,0.,-1.));
#6860 = DIRECTION('',(-0.999999999991,-4.161285829961E-06,-0.));
#6861 = ORIENTED_EDGE('',*,*,#6862,.F.);
#6862 = EDGE_CURVE('',#6863,#6854,#6865,.T.);
#6863 = VERTEX_POINT('',#6864);
#6864 = CARTESIAN_POINT('',(11.975,-0.45,0.));
#6865 = LINE('',#6866,#6867);
#6866 = CARTESIAN_POINT('',(11.975,-0.45,0.));
#6867 = VECTOR('',#6868,1.);
#6868 = DIRECTION('',(0.,0.,-1.));
#6869 = ORIENTED_EDGE('',*,*,#6870,.F.);
#6870 = EDGE_CURVE('',#6844,#6863,#6871,.T.);
#6871 = CIRCLE('',#6872,0.249998959685);
#6872 = AXIS2_PLACEMENT_3D('',#6873,#6874,#6875);
#6873 = CARTESIAN_POINT('',(11.974998959683,-0.699998959683,0.));
#6874 = DIRECTION('',(0.,0.,-1.));
#6875 = DIRECTION('',(-0.999999999991,-4.161285829961E-06,-0.));
#6876 = CYLINDRICAL_SURFACE('',#6877,0.249998959685);
#6877 = AXIS2_PLACEMENT_3D('',#6878,#6879,#6880);
#6878 = CARTESIAN_POINT('',(11.974998959683,-0.699998959683,0.));
#6879 = DIRECTION('',(-0.,-0.,1.));
#6880 = DIRECTION('',(-0.999999999991,-4.161285829961E-06,-0.));
#6881 = ADVANCED_FACE('',(#6882),#6907,.F.);
#6882 = FACE_BOUND('',#6883,.F.);
#6883 = EDGE_LOOP('',(#6884,#6885,#6893,#6901));
#6884 = ORIENTED_EDGE('',*,*,#6862,.T.);
#6885 = ORIENTED_EDGE('',*,*,#6886,.T.);
#6886 = EDGE_CURVE('',#6854,#6887,#6889,.T.);
#6887 = VERTEX_POINT('',#6888);
#6888 = CARTESIAN_POINT('',(12.475,-0.45,-4.E-02));
#6889 = LINE('',#6890,#6891);
#6890 = CARTESIAN_POINT('',(11.975,-0.45,-4.E-02));
#6891 = VECTOR('',#6892,1.);
#6892 = DIRECTION('',(1.,0.,0.));
#6893 = ORIENTED_EDGE('',*,*,#6894,.F.);
#6894 = EDGE_CURVE('',#6895,#6887,#6897,.T.);
#6895 = VERTEX_POINT('',#6896);
#6896 = CARTESIAN_POINT('',(12.475,-0.45,0.));
#6897 = LINE('',#6898,#6899);
#6898 = CARTESIAN_POINT('',(12.475,-0.45,0.));
#6899 = VECTOR('',#6900,1.);
#6900 = DIRECTION('',(0.,0.,-1.));
#6901 = ORIENTED_EDGE('',*,*,#6902,.F.);
#6902 = EDGE_CURVE('',#6863,#6895,#6903,.T.);
#6903 = LINE('',#6904,#6905);
#6904 = CARTESIAN_POINT('',(11.975,-0.45,0.));
#6905 = VECTOR('',#6906,1.);
#6906 = DIRECTION('',(1.,0.,0.));
#6907 = PLANE('',#6908);
#6908 = AXIS2_PLACEMENT_3D('',#6909,#6910,#6911);
#6909 = CARTESIAN_POINT('',(11.975,-0.45,0.));
#6910 = DIRECTION('',(0.,-1.,0.));
#6911 = DIRECTION('',(1.,0.,0.));
#6912 = ADVANCED_FACE('',(#6913),#6940,.T.);
#6913 = FACE_BOUND('',#6914,.F.);
#6914 = EDGE_LOOP('',(#6915,#6916,#6925,#6933));
#6915 = ORIENTED_EDGE('',*,*,#6894,.T.);
#6916 = ORIENTED_EDGE('',*,*,#6917,.T.);
#6917 = EDGE_CURVE('',#6887,#6918,#6920,.T.);
#6918 = VERTEX_POINT('',#6919);
#6919 = CARTESIAN_POINT('',(12.725,-0.7,-4.E-02));
#6920 = CIRCLE('',#6921,0.249998959685);
#6921 = AXIS2_PLACEMENT_3D('',#6922,#6923,#6924);
#6922 = CARTESIAN_POINT('',(12.475001040317,-0.699998959683,-4.E-02));
#6923 = DIRECTION('',(0.,0.,-1.));
#6924 = DIRECTION('',(-4.161285822856E-06,0.999999999991,0.));
#6925 = ORIENTED_EDGE('',*,*,#6926,.F.);
#6926 = EDGE_CURVE('',#6927,#6918,#6929,.T.);
#6927 = VERTEX_POINT('',#6928);
#6928 = CARTESIAN_POINT('',(12.725,-0.7,0.));
#6929 = LINE('',#6930,#6931);
#6930 = CARTESIAN_POINT('',(12.725,-0.7,0.));
#6931 = VECTOR('',#6932,1.);
#6932 = DIRECTION('',(0.,0.,-1.));
#6933 = ORIENTED_EDGE('',*,*,#6934,.F.);
#6934 = EDGE_CURVE('',#6895,#6927,#6935,.T.);
#6935 = CIRCLE('',#6936,0.249998959685);
#6936 = AXIS2_PLACEMENT_3D('',#6937,#6938,#6939);
#6937 = CARTESIAN_POINT('',(12.475001040317,-0.699998959683,0.));
#6938 = DIRECTION('',(0.,0.,-1.));
#6939 = DIRECTION('',(-4.161285822856E-06,0.999999999991,0.));
#6940 = CYLINDRICAL_SURFACE('',#6941,0.249998959685);
#6941 = AXIS2_PLACEMENT_3D('',#6942,#6943,#6944);
#6942 = CARTESIAN_POINT('',(12.475001040317,-0.699998959683,0.));
#6943 = DIRECTION('',(-0.,-0.,1.));
#6944 = DIRECTION('',(-4.161285822856E-06,0.999999999991,0.));
#6945 = ADVANCED_FACE('',(#6946),#6971,.F.);
#6946 = FACE_BOUND('',#6947,.F.);
#6947 = EDGE_LOOP('',(#6948,#6949,#6957,#6965));
#6948 = ORIENTED_EDGE('',*,*,#6926,.T.);
#6949 = ORIENTED_EDGE('',*,*,#6950,.T.);
#6950 = EDGE_CURVE('',#6918,#6951,#6953,.T.);
#6951 = VERTEX_POINT('',#6952);
#6952 = CARTESIAN_POINT('',(12.725,-2.2,-4.E-02));
#6953 = LINE('',#6954,#6955);
#6954 = CARTESIAN_POINT('',(12.725,-0.7,-4.E-02));
#6955 = VECTOR('',#6956,1.);
#6956 = DIRECTION('',(0.,-1.,0.));
#6957 = ORIENTED_EDGE('',*,*,#6958,.F.);
#6958 = EDGE_CURVE('',#6959,#6951,#6961,.T.);
#6959 = VERTEX_POINT('',#6960);
#6960 = CARTESIAN_POINT('',(12.725,-2.2,0.));
#6961 = LINE('',#6962,#6963);
#6962 = CARTESIAN_POINT('',(12.725,-2.2,0.));
#6963 = VECTOR('',#6964,1.);
#6964 = DIRECTION('',(0.,0.,-1.));
#6965 = ORIENTED_EDGE('',*,*,#6966,.F.);
#6966 = EDGE_CURVE('',#6927,#6959,#6967,.T.);
#6967 = LINE('',#6968,#6969);
#6968 = CARTESIAN_POINT('',(12.725,-0.7,0.));
#6969 = VECTOR('',#6970,1.);
#6970 = DIRECTION('',(0.,-1.,0.));
#6971 = PLANE('',#6972);
#6972 = AXIS2_PLACEMENT_3D('',#6973,#6974,#6975);
#6973 = CARTESIAN_POINT('',(12.725,-0.7,0.));
#6974 = DIRECTION('',(-1.,-0.,-0.));
#6975 = DIRECTION('',(0.,-1.,0.));
#6976 = ADVANCED_FACE('',(#6977),#7004,.T.);
#6977 = FACE_BOUND('',#6978,.F.);
#6978 = EDGE_LOOP('',(#6979,#6980,#6989,#6997));
#6979 = ORIENTED_EDGE('',*,*,#6958,.T.);
#6980 = ORIENTED_EDGE('',*,*,#6981,.T.);
#6981 = EDGE_CURVE('',#6951,#6982,#6984,.T.);
#6982 = VERTEX_POINT('',#6983);
#6983 = CARTESIAN_POINT('',(12.475,-2.45,-4.E-02));
#6984 = CIRCLE('',#6985,0.249998959685);
#6985 = AXIS2_PLACEMENT_3D('',#6986,#6987,#6988);
#6986 = CARTESIAN_POINT('',(12.475001040317,-2.200001040317,-4.E-02));
#6987 = DIRECTION('',(0.,0.,-1.));
#6988 = DIRECTION('',(0.999999999991,4.161285828185E-06,0.));
#6989 = ORIENTED_EDGE('',*,*,#6990,.F.);
#6990 = EDGE_CURVE('',#6991,#6982,#6993,.T.);
#6991 = VERTEX_POINT('',#6992);
#6992 = CARTESIAN_POINT('',(12.475,-2.45,0.));
#6993 = LINE('',#6994,#6995);
#6994 = CARTESIAN_POINT('',(12.475,-2.45,0.));
#6995 = VECTOR('',#6996,1.);
#6996 = DIRECTION('',(0.,0.,-1.));
#6997 = ORIENTED_EDGE('',*,*,#6998,.F.);
#6998 = EDGE_CURVE('',#6959,#6991,#6999,.T.);
#6999 = CIRCLE('',#7000,0.249998959685);
#7000 = AXIS2_PLACEMENT_3D('',#7001,#7002,#7003);
#7001 = CARTESIAN_POINT('',(12.475001040317,-2.200001040317,0.));
#7002 = DIRECTION('',(0.,0.,-1.));
#7003 = DIRECTION('',(0.999999999991,4.161285828185E-06,0.));
#7004 = CYLINDRICAL_SURFACE('',#7005,0.249998959685);
#7005 = AXIS2_PLACEMENT_3D('',#7006,#7007,#7008);
#7006 = CARTESIAN_POINT('',(12.475001040317,-2.200001040317,0.));
#7007 = DIRECTION('',(-0.,-0.,1.));
#7008 = DIRECTION('',(0.999999999991,4.161285828185E-06,0.));
#7009 = ADVANCED_FACE('',(#7010),#7035,.F.);
#7010 = FACE_BOUND('',#7011,.F.);
#7011 = EDGE_LOOP('',(#7012,#7013,#7021,#7029));
#7012 = ORIENTED_EDGE('',*,*,#6990,.T.);
#7013 = ORIENTED_EDGE('',*,*,#7014,.T.);
#7014 = EDGE_CURVE('',#6982,#7015,#7017,.T.);
#7015 = VERTEX_POINT('',#7016);
#7016 = CARTESIAN_POINT('',(11.975,-2.45,-4.E-02));
#7017 = LINE('',#7018,#7019);
#7018 = CARTESIAN_POINT('',(12.475,-2.45,-4.E-02));
#7019 = VECTOR('',#7020,1.);
#7020 = DIRECTION('',(-1.,0.,0.));
#7021 = ORIENTED_EDGE('',*,*,#7022,.F.);
#7022 = EDGE_CURVE('',#7023,#7015,#7025,.T.);
#7023 = VERTEX_POINT('',#7024);
#7024 = CARTESIAN_POINT('',(11.975,-2.45,0.));
#7025 = LINE('',#7026,#7027);
#7026 = CARTESIAN_POINT('',(11.975,-2.45,0.));
#7027 = VECTOR('',#7028,1.);
#7028 = DIRECTION('',(0.,0.,-1.));
#7029 = ORIENTED_EDGE('',*,*,#7030,.F.);
#7030 = EDGE_CURVE('',#6991,#7023,#7031,.T.);
#7031 = LINE('',#7032,#7033);
#7032 = CARTESIAN_POINT('',(12.475,-2.45,0.));
#7033 = VECTOR('',#7034,1.);
#7034 = DIRECTION('',(-1.,0.,0.));
#7035 = PLANE('',#7036);
#7036 = AXIS2_PLACEMENT_3D('',#7037,#7038,#7039);
#7037 = CARTESIAN_POINT('',(12.475,-2.45,0.));
#7038 = DIRECTION('',(0.,1.,0.));
#7039 = DIRECTION('',(-1.,0.,0.));
#7040 = ADVANCED_FACE('',(#7041),#7068,.T.);
#7041 = FACE_BOUND('',#7042,.F.);
#7042 = EDGE_LOOP('',(#7043,#7044,#7053,#7061));
#7043 = ORIENTED_EDGE('',*,*,#7022,.T.);
#7044 = ORIENTED_EDGE('',*,*,#7045,.T.);
#7045 = EDGE_CURVE('',#7015,#7046,#7048,.T.);
#7046 = VERTEX_POINT('',#7047);
#7047 = CARTESIAN_POINT('',(11.725,-2.2,-4.E-02));
#7048 = CIRCLE('',#7049,0.249998959685);
#7049 = AXIS2_PLACEMENT_3D('',#7050,#7051,#7052);
#7050 = CARTESIAN_POINT('',(11.974998959683,-2.200001040317,-4.E-02));
#7051 = DIRECTION('',(0.,0.,-1.));
#7052 = DIRECTION('',(4.161285822856E-06,-0.999999999991,0.));
#7053 = ORIENTED_EDGE('',*,*,#7054,.F.);
#7054 = EDGE_CURVE('',#7055,#7046,#7057,.T.);
#7055 = VERTEX_POINT('',#7056);
#7056 = CARTESIAN_POINT('',(11.725,-2.2,0.));
#7057 = LINE('',#7058,#7059);
#7058 = CARTESIAN_POINT('',(11.725,-2.2,0.));
#7059 = VECTOR('',#7060,1.);
#7060 = DIRECTION('',(0.,0.,-1.));
#7061 = ORIENTED_EDGE('',*,*,#7062,.F.);
#7062 = EDGE_CURVE('',#7023,#7055,#7063,.T.);
#7063 = CIRCLE('',#7064,0.249998959685);
#7064 = AXIS2_PLACEMENT_3D('',#7065,#7066,#7067);
#7065 = CARTESIAN_POINT('',(11.974998959683,-2.200001040317,0.));
#7066 = DIRECTION('',(0.,0.,-1.));
#7067 = DIRECTION('',(4.161285822856E-06,-0.999999999991,0.));
#7068 = CYLINDRICAL_SURFACE('',#7069,0.249998959685);
#7069 = AXIS2_PLACEMENT_3D('',#7070,#7071,#7072);
#7070 = CARTESIAN_POINT('',(11.974998959683,-2.200001040317,0.));
#7071 = DIRECTION('',(-0.,-0.,1.));
#7072 = DIRECTION('',(4.161285822856E-06,-0.999999999991,0.));
#7073 = ADVANCED_FACE('',(#7074),#7090,.F.);
#7074 = FACE_BOUND('',#7075,.F.);
#7075 = EDGE_LOOP('',(#7076,#7077,#7083,#7084));
#7076 = ORIENTED_EDGE('',*,*,#7054,.T.);
#7077 = ORIENTED_EDGE('',*,*,#7078,.T.);
#7078 = EDGE_CURVE('',#7046,#6846,#7079,.T.);
#7079 = LINE('',#7080,#7081);
#7080 = CARTESIAN_POINT('',(11.725,-2.2,-4.E-02));
#7081 = VECTOR('',#7082,1.);
#7082 = DIRECTION('',(0.,1.,0.));
#7083 = ORIENTED_EDGE('',*,*,#6843,.F.);
#7084 = ORIENTED_EDGE('',*,*,#7085,.F.);
#7085 = EDGE_CURVE('',#7055,#6844,#7086,.T.);
#7086 = LINE('',#7087,#7088);
#7087 = CARTESIAN_POINT('',(11.725,-2.2,0.));
#7088 = VECTOR('',#7089,1.);
#7089 = DIRECTION('',(0.,1.,0.));
#7090 = PLANE('',#7091);
#7091 = AXIS2_PLACEMENT_3D('',#7092,#7093,#7094);
#7092 = CARTESIAN_POINT('',(11.725,-2.2,0.));
#7093 = DIRECTION('',(1.,-0.,0.));
#7094 = DIRECTION('',(0.,1.,0.));
#7095 = ADVANCED_FACE('',(#7096),#7106,.F.);
#7096 = FACE_BOUND('',#7097,.F.);
#7097 = EDGE_LOOP('',(#7098,#7099,#7100,#7101,#7102,#7103,#7104,#7105));
#7098 = ORIENTED_EDGE('',*,*,#6870,.T.);
#7099 = ORIENTED_EDGE('',*,*,#6902,.T.);
#7100 = ORIENTED_EDGE('',*,*,#6934,.T.);
#7101 = ORIENTED_EDGE('',*,*,#6966,.T.);
#7102 = ORIENTED_EDGE('',*,*,#6998,.T.);
#7103 = ORIENTED_EDGE('',*,*,#7030,.T.);
#7104 = ORIENTED_EDGE('',*,*,#7062,.T.);
#7105 = ORIENTED_EDGE('',*,*,#7085,.T.);
#7106 = PLANE('',#7107);
#7107 = AXIS2_PLACEMENT_3D('',#7108,#7109,#7110);
#7108 = CARTESIAN_POINT('',(0.,0.,0.));
#7109 = DIRECTION('',(-0.,-0.,-1.));
#7110 = DIRECTION('',(-1.,0.,0.));
#7111 = ADVANCED_FACE('',(#7112),#7122,.T.);
#7112 = FACE_BOUND('',#7113,.T.);
#7113 = EDGE_LOOP('',(#7114,#7115,#7116,#7117,#7118,#7119,#7120,#7121));
#7114 = ORIENTED_EDGE('',*,*,#6853,.T.);
#7115 = ORIENTED_EDGE('',*,*,#6886,.T.);
#7116 = ORIENTED_EDGE('',*,*,#6917,.T.);
#7117 = ORIENTED_EDGE('',*,*,#6950,.T.);
#7118 = ORIENTED_EDGE('',*,*,#6981,.T.);
#7119 = ORIENTED_EDGE('',*,*,#7014,.T.);
#7120 = ORIENTED_EDGE('',*,*,#7045,.T.);
#7121 = ORIENTED_EDGE('',*,*,#7078,.T.);
#7122 = PLANE('',#7123);
#7123 = AXIS2_PLACEMENT_3D('',#7124,#7125,#7126);
#7124 = CARTESIAN_POINT('',(0.,0.,-4.E-02));
#7125 = DIRECTION('',(-0.,-0.,-1.));
#7126 = DIRECTION('',(-1.,0.,0.));
#7127 = MANIFOLD_SOLID_BREP('',#7128);
#7128 = CLOSED_SHELL('',(#7129,#7171,#7202,#7235,#7266,#7299,#7330,#7363
    ,#7385,#7401));
#7129 = ADVANCED_FACE('',(#7130),#7166,.T.);
#7130 = FACE_BOUND('',#7131,.F.);
#7131 = EDGE_LOOP('',(#7132,#7142,#7151,#7159));
#7132 = ORIENTED_EDGE('',*,*,#7133,.T.);
#7133 = EDGE_CURVE('',#7134,#7136,#7138,.T.);
#7134 = VERTEX_POINT('',#7135);
#7135 = CARTESIAN_POINT('',(11.7,-6.25,0.));
#7136 = VERTEX_POINT('',#7137);
#7137 = CARTESIAN_POINT('',(11.7,-6.25,-4.E-02));
#7138 = LINE('',#7139,#7140);
#7139 = CARTESIAN_POINT('',(11.7,-6.25,0.));
#7140 = VECTOR('',#7141,1.);
#7141 = DIRECTION('',(0.,0.,-1.));
#7142 = ORIENTED_EDGE('',*,*,#7143,.T.);
#7143 = EDGE_CURVE('',#7136,#7144,#7146,.T.);
#7144 = VERTEX_POINT('',#7145);
#7145 = CARTESIAN_POINT('',(11.925,-6.025,-4.E-02));
#7146 = CIRCLE('',#7147,0.225000087974);
#7147 = AXIS2_PLACEMENT_3D('',#7148,#7149,#7150);
#7148 = CARTESIAN_POINT('',(11.925000087974,-6.250000087974,-4.E-02));
#7149 = DIRECTION('',(0.,0.,-1.));
#7150 = DIRECTION('',(-1.,3.90995357659E-07,0.));
#7151 = ORIENTED_EDGE('',*,*,#7152,.F.);
#7152 = EDGE_CURVE('',#7153,#7144,#7155,.T.);
#7153 = VERTEX_POINT('',#7154);
#7154 = CARTESIAN_POINT('',(11.925,-6.025,0.));
#7155 = LINE('',#7156,#7157);
#7156 = CARTESIAN_POINT('',(11.925,-6.025,0.));
#7157 = VECTOR('',#7158,1.);
#7158 = DIRECTION('',(0.,0.,-1.));
#7159 = ORIENTED_EDGE('',*,*,#7160,.F.);
#7160 = EDGE_CURVE('',#7134,#7153,#7161,.T.);
#7161 = CIRCLE('',#7162,0.225000087974);
#7162 = AXIS2_PLACEMENT_3D('',#7163,#7164,#7165);
#7163 = CARTESIAN_POINT('',(11.925000087974,-6.250000087974,0.));
#7164 = DIRECTION('',(0.,0.,-1.));
#7165 = DIRECTION('',(-1.,3.90995357659E-07,0.));
#7166 = CYLINDRICAL_SURFACE('',#7167,0.225000087974);
#7167 = AXIS2_PLACEMENT_3D('',#7168,#7169,#7170);
#7168 = CARTESIAN_POINT('',(11.925000087974,-6.250000087974,0.));
#7169 = DIRECTION('',(-0.,-0.,1.));
#7170 = DIRECTION('',(-1.,3.90995357659E-07,0.));
#7171 = ADVANCED_FACE('',(#7172),#7197,.F.);
#7172 = FACE_BOUND('',#7173,.F.);
#7173 = EDGE_LOOP('',(#7174,#7175,#7183,#7191));
#7174 = ORIENTED_EDGE('',*,*,#7152,.T.);
#7175 = ORIENTED_EDGE('',*,*,#7176,.T.);
#7176 = EDGE_CURVE('',#7144,#7177,#7179,.T.);
#7177 = VERTEX_POINT('',#7178);
#7178 = CARTESIAN_POINT('',(12.425,-6.025,-4.E-02));
#7179 = LINE('',#7180,#7181);
#7180 = CARTESIAN_POINT('',(11.925,-6.025,-4.E-02));
#7181 = VECTOR('',#7182,1.);
#7182 = DIRECTION('',(1.,0.,0.));
#7183 = ORIENTED_EDGE('',*,*,#7184,.F.);
#7184 = EDGE_CURVE('',#7185,#7177,#7187,.T.);
#7185 = VERTEX_POINT('',#7186);
#7186 = CARTESIAN_POINT('',(12.425,-6.025,0.));
#7187 = LINE('',#7188,#7189);
#7188 = CARTESIAN_POINT('',(12.425,-6.025,0.));
#7189 = VECTOR('',#7190,1.);
#7190 = DIRECTION('',(0.,0.,-1.));
#7191 = ORIENTED_EDGE('',*,*,#7192,.F.);
#7192 = EDGE_CURVE('',#7153,#7185,#7193,.T.);
#7193 = LINE('',#7194,#7195);
#7194 = CARTESIAN_POINT('',(11.925,-6.025,0.));
#7195 = VECTOR('',#7196,1.);
#7196 = DIRECTION('',(1.,0.,0.));
#7197 = PLANE('',#7198);
#7198 = AXIS2_PLACEMENT_3D('',#7199,#7200,#7201);
#7199 = CARTESIAN_POINT('',(11.925,-6.025,0.));
#7200 = DIRECTION('',(0.,-1.,0.));
#7201 = DIRECTION('',(1.,0.,0.));
#7202 = ADVANCED_FACE('',(#7203),#7230,.T.);
#7203 = FACE_BOUND('',#7204,.F.);
#7204 = EDGE_LOOP('',(#7205,#7206,#7215,#7223));
#7205 = ORIENTED_EDGE('',*,*,#7184,.T.);
#7206 = ORIENTED_EDGE('',*,*,#7207,.T.);
#7207 = EDGE_CURVE('',#7177,#7208,#7210,.T.);
#7208 = VERTEX_POINT('',#7209);
#7209 = CARTESIAN_POINT('',(12.65,-6.25,-4.E-02));
#7210 = CIRCLE('',#7211,0.225000087974);
#7211 = AXIS2_PLACEMENT_3D('',#7212,#7213,#7214);
#7212 = CARTESIAN_POINT('',(12.424999912026,-6.250000087974,-4.E-02));
#7213 = DIRECTION('',(0.,0.,-1.));
#7214 = DIRECTION('',(3.909953616065E-07,1.,0.));
#7215 = ORIENTED_EDGE('',*,*,#7216,.F.);
#7216 = EDGE_CURVE('',#7217,#7208,#7219,.T.);
#7217 = VERTEX_POINT('',#7218);
#7218 = CARTESIAN_POINT('',(12.65,-6.25,0.));
#7219 = LINE('',#7220,#7221);
#7220 = CARTESIAN_POINT('',(12.65,-6.25,0.));
#7221 = VECTOR('',#7222,1.);
#7222 = DIRECTION('',(0.,0.,-1.));
#7223 = ORIENTED_EDGE('',*,*,#7224,.F.);
#7224 = EDGE_CURVE('',#7185,#7217,#7225,.T.);
#7225 = CIRCLE('',#7226,0.225000087974);
#7226 = AXIS2_PLACEMENT_3D('',#7227,#7228,#7229);
#7227 = CARTESIAN_POINT('',(12.424999912026,-6.250000087974,0.));
#7228 = DIRECTION('',(0.,0.,-1.));
#7229 = DIRECTION('',(3.909953616065E-07,1.,0.));
#7230 = CYLINDRICAL_SURFACE('',#7231,0.225000087974);
#7231 = AXIS2_PLACEMENT_3D('',#7232,#7233,#7234);
#7232 = CARTESIAN_POINT('',(12.424999912026,-6.250000087974,0.));
#7233 = DIRECTION('',(-0.,-0.,1.));
#7234 = DIRECTION('',(3.909953616065E-07,1.,0.));
#7235 = ADVANCED_FACE('',(#7236),#7261,.F.);
#7236 = FACE_BOUND('',#7237,.F.);
#7237 = EDGE_LOOP('',(#7238,#7239,#7247,#7255));
#7238 = ORIENTED_EDGE('',*,*,#7216,.T.);
#7239 = ORIENTED_EDGE('',*,*,#7240,.T.);
#7240 = EDGE_CURVE('',#7208,#7241,#7243,.T.);
#7241 = VERTEX_POINT('',#7242);
#7242 = CARTESIAN_POINT('',(12.65,-6.7,-4.E-02));
#7243 = LINE('',#7244,#7245);
#7244 = CARTESIAN_POINT('',(12.65,-6.25,-4.E-02));
#7245 = VECTOR('',#7246,1.);
#7246 = DIRECTION('',(0.,-1.,0.));
#7247 = ORIENTED_EDGE('',*,*,#7248,.F.);
#7248 = EDGE_CURVE('',#7249,#7241,#7251,.T.);
#7249 = VERTEX_POINT('',#7250);
#7250 = CARTESIAN_POINT('',(12.65,-6.7,0.));
#7251 = LINE('',#7252,#7253);
#7252 = CARTESIAN_POINT('',(12.65,-6.7,0.));
#7253 = VECTOR('',#7254,1.);
#7254 = DIRECTION('',(0.,0.,-1.));
#7255 = ORIENTED_EDGE('',*,*,#7256,.F.);
#7256 = EDGE_CURVE('',#7217,#7249,#7257,.T.);
#7257 = LINE('',#7258,#7259);
#7258 = CARTESIAN_POINT('',(12.65,-6.25,0.));
#7259 = VECTOR('',#7260,1.);
#7260 = DIRECTION('',(0.,-1.,0.));
#7261 = PLANE('',#7262);
#7262 = AXIS2_PLACEMENT_3D('',#7263,#7264,#7265);
#7263 = CARTESIAN_POINT('',(12.65,-6.25,0.));
#7264 = DIRECTION('',(-1.,-0.,-0.));
#7265 = DIRECTION('',(0.,-1.,0.));
#7266 = ADVANCED_FACE('',(#7267),#7294,.T.);
#7267 = FACE_BOUND('',#7268,.F.);
#7268 = EDGE_LOOP('',(#7269,#7270,#7279,#7287));
#7269 = ORIENTED_EDGE('',*,*,#7248,.T.);
#7270 = ORIENTED_EDGE('',*,*,#7271,.T.);
#7271 = EDGE_CURVE('',#7241,#7272,#7274,.T.);
#7272 = VERTEX_POINT('',#7273);
#7273 = CARTESIAN_POINT('',(12.425,-6.925,-4.E-02));
#7274 = CIRCLE('',#7275,0.225000087974);
#7275 = AXIS2_PLACEMENT_3D('',#7276,#7277,#7278);
#7276 = CARTESIAN_POINT('',(12.424999912026,-6.699999912026,-4.E-02));
#7277 = DIRECTION('',(0.,0.,-1.));
#7278 = DIRECTION('',(1.,-3.909953695014E-07,0.));
#7279 = ORIENTED_EDGE('',*,*,#7280,.F.);
#7280 = EDGE_CURVE('',#7281,#7272,#7283,.T.);
#7281 = VERTEX_POINT('',#7282);
#7282 = CARTESIAN_POINT('',(12.425,-6.925,0.));
#7283 = LINE('',#7284,#7285);
#7284 = CARTESIAN_POINT('',(12.425,-6.925,0.));
#7285 = VECTOR('',#7286,1.);
#7286 = DIRECTION('',(0.,0.,-1.));
#7287 = ORIENTED_EDGE('',*,*,#7288,.F.);
#7288 = EDGE_CURVE('',#7249,#7281,#7289,.T.);
#7289 = CIRCLE('',#7290,0.225000087974);
#7290 = AXIS2_PLACEMENT_3D('',#7291,#7292,#7293);
#7291 = CARTESIAN_POINT('',(12.424999912026,-6.699999912026,0.));
#7292 = DIRECTION('',(0.,0.,-1.));
#7293 = DIRECTION('',(1.,-3.909953695014E-07,0.));
#7294 = CYLINDRICAL_SURFACE('',#7295,0.225000087974);
#7295 = AXIS2_PLACEMENT_3D('',#7296,#7297,#7298);
#7296 = CARTESIAN_POINT('',(12.424999912026,-6.699999912026,0.));
#7297 = DIRECTION('',(-0.,-0.,1.));
#7298 = DIRECTION('',(1.,-3.909953695014E-07,0.));
#7299 = ADVANCED_FACE('',(#7300),#7325,.F.);
#7300 = FACE_BOUND('',#7301,.F.);
#7301 = EDGE_LOOP('',(#7302,#7303,#7311,#7319));
#7302 = ORIENTED_EDGE('',*,*,#7280,.T.);
#7303 = ORIENTED_EDGE('',*,*,#7304,.T.);
#7304 = EDGE_CURVE('',#7272,#7305,#7307,.T.);
#7305 = VERTEX_POINT('',#7306);
#7306 = CARTESIAN_POINT('',(11.925,-6.925,-4.E-02));
#7307 = LINE('',#7308,#7309);
#7308 = CARTESIAN_POINT('',(12.425,-6.925,-4.E-02));
#7309 = VECTOR('',#7310,1.);
#7310 = DIRECTION('',(-1.,0.,0.));
#7311 = ORIENTED_EDGE('',*,*,#7312,.F.);
#7312 = EDGE_CURVE('',#7313,#7305,#7315,.T.);
#7313 = VERTEX_POINT('',#7314);
#7314 = CARTESIAN_POINT('',(11.925,-6.925,0.));
#7315 = LINE('',#7316,#7317);
#7316 = CARTESIAN_POINT('',(11.925,-6.925,0.));
#7317 = VECTOR('',#7318,1.);
#7318 = DIRECTION('',(0.,0.,-1.));
#7319 = ORIENTED_EDGE('',*,*,#7320,.F.);
#7320 = EDGE_CURVE('',#7281,#7313,#7321,.T.);
#7321 = LINE('',#7322,#7323);
#7322 = CARTESIAN_POINT('',(12.425,-6.925,0.));
#7323 = VECTOR('',#7324,1.);
#7324 = DIRECTION('',(-1.,0.,0.));
#7325 = PLANE('',#7326);
#7326 = AXIS2_PLACEMENT_3D('',#7327,#7328,#7329);
#7327 = CARTESIAN_POINT('',(12.425,-6.925,0.));
#7328 = DIRECTION('',(0.,1.,0.));
#7329 = DIRECTION('',(-1.,0.,0.));
#7330 = ADVANCED_FACE('',(#7331),#7358,.T.);
#7331 = FACE_BOUND('',#7332,.F.);
#7332 = EDGE_LOOP('',(#7333,#7334,#7343,#7351));
#7333 = ORIENTED_EDGE('',*,*,#7312,.T.);
#7334 = ORIENTED_EDGE('',*,*,#7335,.T.);
#7335 = EDGE_CURVE('',#7305,#7336,#7338,.T.);
#7336 = VERTEX_POINT('',#7337);
#7337 = CARTESIAN_POINT('',(11.7,-6.7,-4.E-02));
#7338 = CIRCLE('',#7339,0.225000087974);
#7339 = AXIS2_PLACEMENT_3D('',#7340,#7341,#7342);
#7340 = CARTESIAN_POINT('',(11.925000087974,-6.699999912026,-4.E-02));
#7341 = DIRECTION('',(0.,0.,-1.));
#7342 = DIRECTION('',(-3.909953616065E-07,-1.,-0.));
#7343 = ORIENTED_EDGE('',*,*,#7344,.F.);
#7344 = EDGE_CURVE('',#7345,#7336,#7347,.T.);
#7345 = VERTEX_POINT('',#7346);
#7346 = CARTESIAN_POINT('',(11.7,-6.7,0.));
#7347 = LINE('',#7348,#7349);
#7348 = CARTESIAN_POINT('',(11.7,-6.7,0.));
#7349 = VECTOR('',#7350,1.);
#7350 = DIRECTION('',(0.,0.,-1.));
#7351 = ORIENTED_EDGE('',*,*,#7352,.F.);
#7352 = EDGE_CURVE('',#7313,#7345,#7353,.T.);
#7353 = CIRCLE('',#7354,0.225000087974);
#7354 = AXIS2_PLACEMENT_3D('',#7355,#7356,#7357);
#7355 = CARTESIAN_POINT('',(11.925000087974,-6.699999912026,0.));
#7356 = DIRECTION('',(0.,0.,-1.));
#7357 = DIRECTION('',(-3.909953616065E-07,-1.,-0.));
#7358 = CYLINDRICAL_SURFACE('',#7359,0.225000087974);
#7359 = AXIS2_PLACEMENT_3D('',#7360,#7361,#7362);
#7360 = CARTESIAN_POINT('',(11.925000087974,-6.699999912026,0.));
#7361 = DIRECTION('',(-0.,-0.,1.));
#7362 = DIRECTION('',(-3.909953616065E-07,-1.,-0.));
#7363 = ADVANCED_FACE('',(#7364),#7380,.F.);
#7364 = FACE_BOUND('',#7365,.F.);
#7365 = EDGE_LOOP('',(#7366,#7367,#7373,#7374));
#7366 = ORIENTED_EDGE('',*,*,#7344,.T.);
#7367 = ORIENTED_EDGE('',*,*,#7368,.T.);
#7368 = EDGE_CURVE('',#7336,#7136,#7369,.T.);
#7369 = LINE('',#7370,#7371);
#7370 = CARTESIAN_POINT('',(11.7,-6.7,-4.E-02));
#7371 = VECTOR('',#7372,1.);
#7372 = DIRECTION('',(0.,1.,0.));
#7373 = ORIENTED_EDGE('',*,*,#7133,.F.);
#7374 = ORIENTED_EDGE('',*,*,#7375,.F.);
#7375 = EDGE_CURVE('',#7345,#7134,#7376,.T.);
#7376 = LINE('',#7377,#7378);
#7377 = CARTESIAN_POINT('',(11.7,-6.7,0.));
#7378 = VECTOR('',#7379,1.);
#7379 = DIRECTION('',(0.,1.,0.));
#7380 = PLANE('',#7381);
#7381 = AXIS2_PLACEMENT_3D('',#7382,#7383,#7384);
#7382 = CARTESIAN_POINT('',(11.7,-6.7,0.));
#7383 = DIRECTION('',(1.,-0.,0.));
#7384 = DIRECTION('',(0.,1.,0.));
#7385 = ADVANCED_FACE('',(#7386),#7396,.F.);
#7386 = FACE_BOUND('',#7387,.F.);
#7387 = EDGE_LOOP('',(#7388,#7389,#7390,#7391,#7392,#7393,#7394,#7395));
#7388 = ORIENTED_EDGE('',*,*,#7160,.T.);
#7389 = ORIENTED_EDGE('',*,*,#7192,.T.);
#7390 = ORIENTED_EDGE('',*,*,#7224,.T.);
#7391 = ORIENTED_EDGE('',*,*,#7256,.T.);
#7392 = ORIENTED_EDGE('',*,*,#7288,.T.);
#7393 = ORIENTED_EDGE('',*,*,#7320,.T.);
#7394 = ORIENTED_EDGE('',*,*,#7352,.T.);
#7395 = ORIENTED_EDGE('',*,*,#7375,.T.);
#7396 = PLANE('',#7397);
#7397 = AXIS2_PLACEMENT_3D('',#7398,#7399,#7400);
#7398 = CARTESIAN_POINT('',(0.,0.,0.));
#7399 = DIRECTION('',(-0.,-0.,-1.));
#7400 = DIRECTION('',(-1.,0.,0.));
#7401 = ADVANCED_FACE('',(#7402),#7412,.T.);
#7402 = FACE_BOUND('',#7403,.T.);
#7403 = EDGE_LOOP('',(#7404,#7405,#7406,#7407,#7408,#7409,#7410,#7411));
#7404 = ORIENTED_EDGE('',*,*,#7143,.T.);
#7405 = ORIENTED_EDGE('',*,*,#7176,.T.);
#7406 = ORIENTED_EDGE('',*,*,#7207,.T.);
#7407 = ORIENTED_EDGE('',*,*,#7240,.T.);
#7408 = ORIENTED_EDGE('',*,*,#7271,.T.);
#7409 = ORIENTED_EDGE('',*,*,#7304,.T.);
#7410 = ORIENTED_EDGE('',*,*,#7335,.T.);
#7411 = ORIENTED_EDGE('',*,*,#7368,.T.);
#7412 = PLANE('',#7413);
#7413 = AXIS2_PLACEMENT_3D('',#7414,#7415,#7416);
#7414 = CARTESIAN_POINT('',(0.,0.,-4.E-02));
#7415 = DIRECTION('',(-0.,-0.,-1.));
#7416 = DIRECTION('',(-1.,0.,0.));
#7417 = MANIFOLD_SOLID_BREP('',#7418);
#7418 = CLOSED_SHELL('',(#7419,#7461,#7492,#7525,#7556,#7589,#7620,#7653
    ,#7675,#7691));
#7419 = ADVANCED_FACE('',(#7420),#7456,.T.);
#7420 = FACE_BOUND('',#7421,.F.);
#7421 = EDGE_LOOP('',(#7422,#7432,#7441,#7449));
#7422 = ORIENTED_EDGE('',*,*,#7423,.T.);
#7423 = EDGE_CURVE('',#7424,#7426,#7428,.T.);
#7424 = VERTEX_POINT('',#7425);
#7425 = CARTESIAN_POINT('',(18.725,-6.925,0.));
#7426 = VERTEX_POINT('',#7427);
#7427 = CARTESIAN_POINT('',(18.725,-6.925,-4.E-02));
#7428 = LINE('',#7429,#7430);
#7429 = CARTESIAN_POINT('',(18.725,-6.925,0.));
#7430 = VECTOR('',#7431,1.);
#7431 = DIRECTION('',(0.,0.,-1.));
#7432 = ORIENTED_EDGE('',*,*,#7433,.T.);
#7433 = EDGE_CURVE('',#7426,#7434,#7436,.T.);
#7434 = VERTEX_POINT('',#7435);
#7435 = CARTESIAN_POINT('',(18.925,-6.725,-4.E-02));
#7436 = CIRCLE('',#7437,0.200001216283);
#7437 = AXIS2_PLACEMENT_3D('',#7438,#7439,#7440);
#7438 = CARTESIAN_POINT('',(18.925001216279,-6.925001216279,-4.E-02));
#7439 = DIRECTION('',(0.,0.,-1.));
#7440 = DIRECTION('',(-0.999999999982,6.081358919149E-06,0.));
#7441 = ORIENTED_EDGE('',*,*,#7442,.F.);
#7442 = EDGE_CURVE('',#7443,#7434,#7445,.T.);
#7443 = VERTEX_POINT('',#7444);
#7444 = CARTESIAN_POINT('',(18.925,-6.725,0.));
#7445 = LINE('',#7446,#7447);
#7446 = CARTESIAN_POINT('',(18.925,-6.725,0.));
#7447 = VECTOR('',#7448,1.);
#7448 = DIRECTION('',(0.,0.,-1.));
#7449 = ORIENTED_EDGE('',*,*,#7450,.F.);
#7450 = EDGE_CURVE('',#7424,#7443,#7451,.T.);
#7451 = CIRCLE('',#7452,0.200001216283);
#7452 = AXIS2_PLACEMENT_3D('',#7453,#7454,#7455);
#7453 = CARTESIAN_POINT('',(18.925001216279,-6.925001216279,0.));
#7454 = DIRECTION('',(0.,0.,-1.));
#7455 = DIRECTION('',(-0.999999999982,6.081358919149E-06,0.));
#7456 = CYLINDRICAL_SURFACE('',#7457,0.200001216283);
#7457 = AXIS2_PLACEMENT_3D('',#7458,#7459,#7460);
#7458 = CARTESIAN_POINT('',(18.925001216279,-6.925001216279,0.));
#7459 = DIRECTION('',(-0.,-0.,1.));
#7460 = DIRECTION('',(-0.999999999982,6.081358919149E-06,0.));
#7461 = ADVANCED_FACE('',(#7462),#7487,.F.);
#7462 = FACE_BOUND('',#7463,.F.);
#7463 = EDGE_LOOP('',(#7464,#7465,#7473,#7481));
#7464 = ORIENTED_EDGE('',*,*,#7442,.T.);
#7465 = ORIENTED_EDGE('',*,*,#7466,.T.);
#7466 = EDGE_CURVE('',#7434,#7467,#7469,.T.);
#7467 = VERTEX_POINT('',#7468);
#7468 = CARTESIAN_POINT('',(19.325,-6.725,-4.E-02));
#7469 = LINE('',#7470,#7471);
#7470 = CARTESIAN_POINT('',(18.925,-6.725,-4.E-02));
#7471 = VECTOR('',#7472,1.);
#7472 = DIRECTION('',(1.,0.,0.));
#7473 = ORIENTED_EDGE('',*,*,#7474,.F.);
#7474 = EDGE_CURVE('',#7475,#7467,#7477,.T.);
#7475 = VERTEX_POINT('',#7476);
#7476 = CARTESIAN_POINT('',(19.325,-6.725,0.));
#7477 = LINE('',#7478,#7479);
#7478 = CARTESIAN_POINT('',(19.325,-6.725,0.));
#7479 = VECTOR('',#7480,1.);
#7480 = DIRECTION('',(0.,0.,-1.));
#7481 = ORIENTED_EDGE('',*,*,#7482,.F.);
#7482 = EDGE_CURVE('',#7443,#7475,#7483,.T.);
#7483 = LINE('',#7484,#7485);
#7484 = CARTESIAN_POINT('',(18.925,-6.725,0.));
#7485 = VECTOR('',#7486,1.);
#7486 = DIRECTION('',(1.,0.,0.));
#7487 = PLANE('',#7488);
#7488 = AXIS2_PLACEMENT_3D('',#7489,#7490,#7491);
#7489 = CARTESIAN_POINT('',(18.925,-6.725,0.));
#7490 = DIRECTION('',(0.,-1.,0.));
#7491 = DIRECTION('',(1.,0.,0.));
#7492 = ADVANCED_FACE('',(#7493),#7520,.T.);
#7493 = FACE_BOUND('',#7494,.F.);
#7494 = EDGE_LOOP('',(#7495,#7496,#7505,#7513));
#7495 = ORIENTED_EDGE('',*,*,#7474,.T.);
#7496 = ORIENTED_EDGE('',*,*,#7497,.T.);
#7497 = EDGE_CURVE('',#7467,#7498,#7500,.T.);
#7498 = VERTEX_POINT('',#7499);
#7499 = CARTESIAN_POINT('',(19.525,-6.925,-4.E-02));
#7500 = CIRCLE('',#7501,0.200001216283);
#7501 = AXIS2_PLACEMENT_3D('',#7502,#7503,#7504);
#7502 = CARTESIAN_POINT('',(19.324998783721,-6.925001216279,-4.E-02));
#7503 = DIRECTION('',(0.,0.,-1.));
#7504 = DIRECTION('',(6.081358919149E-06,0.999999999982,0.));
#7505 = ORIENTED_EDGE('',*,*,#7506,.F.);
#7506 = EDGE_CURVE('',#7507,#7498,#7509,.T.);
#7507 = VERTEX_POINT('',#7508);
#7508 = CARTESIAN_POINT('',(19.525,-6.925,0.));
#7509 = LINE('',#7510,#7511);
#7510 = CARTESIAN_POINT('',(19.525,-6.925,0.));
#7511 = VECTOR('',#7512,1.);
#7512 = DIRECTION('',(0.,0.,-1.));
#7513 = ORIENTED_EDGE('',*,*,#7514,.F.);
#7514 = EDGE_CURVE('',#7475,#7507,#7515,.T.);
#7515 = CIRCLE('',#7516,0.200001216283);
#7516 = AXIS2_PLACEMENT_3D('',#7517,#7518,#7519);
#7517 = CARTESIAN_POINT('',(19.324998783721,-6.925001216279,0.));
#7518 = DIRECTION('',(0.,0.,-1.));
#7519 = DIRECTION('',(6.081358919149E-06,0.999999999982,0.));
#7520 = CYLINDRICAL_SURFACE('',#7521,0.200001216283);
#7521 = AXIS2_PLACEMENT_3D('',#7522,#7523,#7524);
#7522 = CARTESIAN_POINT('',(19.324998783721,-6.925001216279,0.));
#7523 = DIRECTION('',(-0.,-0.,1.));
#7524 = DIRECTION('',(6.081358919149E-06,0.999999999982,0.));
#7525 = ADVANCED_FACE('',(#7526),#7551,.F.);
#7526 = FACE_BOUND('',#7527,.F.);
#7527 = EDGE_LOOP('',(#7528,#7529,#7537,#7545));
#7528 = ORIENTED_EDGE('',*,*,#7506,.T.);
#7529 = ORIENTED_EDGE('',*,*,#7530,.T.);
#7530 = EDGE_CURVE('',#7498,#7531,#7533,.T.);
#7531 = VERTEX_POINT('',#7532);
#7532 = CARTESIAN_POINT('',(19.525,-7.475,-4.E-02));
#7533 = LINE('',#7534,#7535);
#7534 = CARTESIAN_POINT('',(19.525,-6.925,-4.E-02));
#7535 = VECTOR('',#7536,1.);
#7536 = DIRECTION('',(0.,-1.,0.));
#7537 = ORIENTED_EDGE('',*,*,#7538,.F.);
#7538 = EDGE_CURVE('',#7539,#7531,#7541,.T.);
#7539 = VERTEX_POINT('',#7540);
#7540 = CARTESIAN_POINT('',(19.525,-7.475,0.));
#7541 = LINE('',#7542,#7543);
#7542 = CARTESIAN_POINT('',(19.525,-7.475,0.));
#7543 = VECTOR('',#7544,1.);
#7544 = DIRECTION('',(0.,0.,-1.));
#7545 = ORIENTED_EDGE('',*,*,#7546,.F.);
#7546 = EDGE_CURVE('',#7507,#7539,#7547,.T.);
#7547 = LINE('',#7548,#7549);
#7548 = CARTESIAN_POINT('',(19.525,-6.925,0.));
#7549 = VECTOR('',#7550,1.);
#7550 = DIRECTION('',(0.,-1.,0.));
#7551 = PLANE('',#7552);
#7552 = AXIS2_PLACEMENT_3D('',#7553,#7554,#7555);
#7553 = CARTESIAN_POINT('',(19.525,-6.925,0.));
#7554 = DIRECTION('',(-1.,-0.,-0.));
#7555 = DIRECTION('',(0.,-1.,0.));
#7556 = ADVANCED_FACE('',(#7557),#7584,.T.);
#7557 = FACE_BOUND('',#7558,.F.);
#7558 = EDGE_LOOP('',(#7559,#7560,#7569,#7577));
#7559 = ORIENTED_EDGE('',*,*,#7538,.T.);
#7560 = ORIENTED_EDGE('',*,*,#7561,.T.);
#7561 = EDGE_CURVE('',#7531,#7562,#7564,.T.);
#7562 = VERTEX_POINT('',#7563);
#7563 = CARTESIAN_POINT('',(19.325,-7.675,-4.E-02));
#7564 = CIRCLE('',#7565,0.200001216283);
#7565 = AXIS2_PLACEMENT_3D('',#7566,#7567,#7568);
#7566 = CARTESIAN_POINT('',(19.324998783721,-7.474998783721,-4.E-02));
#7567 = DIRECTION('',(0.,0.,-1.));
#7568 = DIRECTION('',(0.999999999982,-6.081358910268E-06,0.));
#7569 = ORIENTED_EDGE('',*,*,#7570,.F.);
#7570 = EDGE_CURVE('',#7571,#7562,#7573,.T.);
#7571 = VERTEX_POINT('',#7572);
#7572 = CARTESIAN_POINT('',(19.325,-7.675,0.));
#7573 = LINE('',#7574,#7575);
#7574 = CARTESIAN_POINT('',(19.325,-7.675,0.));
#7575 = VECTOR('',#7576,1.);
#7576 = DIRECTION('',(0.,0.,-1.));
#7577 = ORIENTED_EDGE('',*,*,#7578,.F.);
#7578 = EDGE_CURVE('',#7539,#7571,#7579,.T.);
#7579 = CIRCLE('',#7580,0.200001216283);
#7580 = AXIS2_PLACEMENT_3D('',#7581,#7582,#7583);
#7581 = CARTESIAN_POINT('',(19.324998783721,-7.474998783721,0.));
#7582 = DIRECTION('',(0.,0.,-1.));
#7583 = DIRECTION('',(0.999999999982,-6.081358910268E-06,0.));
#7584 = CYLINDRICAL_SURFACE('',#7585,0.200001216283);
#7585 = AXIS2_PLACEMENT_3D('',#7586,#7587,#7588);
#7586 = CARTESIAN_POINT('',(19.324998783721,-7.474998783721,0.));
#7587 = DIRECTION('',(-0.,-0.,1.));
#7588 = DIRECTION('',(0.999999999982,-6.081358910268E-06,0.));
#7589 = ADVANCED_FACE('',(#7590),#7615,.F.);
#7590 = FACE_BOUND('',#7591,.F.);
#7591 = EDGE_LOOP('',(#7592,#7593,#7601,#7609));
#7592 = ORIENTED_EDGE('',*,*,#7570,.T.);
#7593 = ORIENTED_EDGE('',*,*,#7594,.T.);
#7594 = EDGE_CURVE('',#7562,#7595,#7597,.T.);
#7595 = VERTEX_POINT('',#7596);
#7596 = CARTESIAN_POINT('',(18.925,-7.675,-4.E-02));
#7597 = LINE('',#7598,#7599);
#7598 = CARTESIAN_POINT('',(19.325,-7.675,-4.E-02));
#7599 = VECTOR('',#7600,1.);
#7600 = DIRECTION('',(-1.,0.,0.));
#7601 = ORIENTED_EDGE('',*,*,#7602,.F.);
#7602 = EDGE_CURVE('',#7603,#7595,#7605,.T.);
#7603 = VERTEX_POINT('',#7604);
#7604 = CARTESIAN_POINT('',(18.925,-7.675,0.));
#7605 = LINE('',#7606,#7607);
#7606 = CARTESIAN_POINT('',(18.925,-7.675,0.));
#7607 = VECTOR('',#7608,1.);
#7608 = DIRECTION('',(0.,0.,-1.));
#7609 = ORIENTED_EDGE('',*,*,#7610,.F.);
#7610 = EDGE_CURVE('',#7571,#7603,#7611,.T.);
#7611 = LINE('',#7612,#7613);
#7612 = CARTESIAN_POINT('',(19.325,-7.675,0.));
#7613 = VECTOR('',#7614,1.);
#7614 = DIRECTION('',(-1.,0.,0.));
#7615 = PLANE('',#7616);
#7616 = AXIS2_PLACEMENT_3D('',#7617,#7618,#7619);
#7617 = CARTESIAN_POINT('',(19.325,-7.675,0.));
#7618 = DIRECTION('',(0.,1.,0.));
#7619 = DIRECTION('',(-1.,0.,0.));
#7620 = ADVANCED_FACE('',(#7621),#7648,.T.);
#7621 = FACE_BOUND('',#7622,.F.);
#7622 = EDGE_LOOP('',(#7623,#7624,#7633,#7641));
#7623 = ORIENTED_EDGE('',*,*,#7602,.T.);
#7624 = ORIENTED_EDGE('',*,*,#7625,.T.);
#7625 = EDGE_CURVE('',#7595,#7626,#7628,.T.);
#7626 = VERTEX_POINT('',#7627);
#7627 = CARTESIAN_POINT('',(18.725,-7.475,-4.E-02));
#7628 = CIRCLE('',#7629,0.200001216283);
#7629 = AXIS2_PLACEMENT_3D('',#7630,#7631,#7632);
#7630 = CARTESIAN_POINT('',(18.925001216279,-7.474998783721,-4.E-02));
#7631 = DIRECTION('',(0.,0.,-1.));
#7632 = DIRECTION('',(-6.081358919149E-06,-0.999999999982,-0.));
#7633 = ORIENTED_EDGE('',*,*,#7634,.F.);
#7634 = EDGE_CURVE('',#7635,#7626,#7637,.T.);
#7635 = VERTEX_POINT('',#7636);
#7636 = CARTESIAN_POINT('',(18.725,-7.475,0.));
#7637 = LINE('',#7638,#7639);
#7638 = CARTESIAN_POINT('',(18.725,-7.475,0.));
#7639 = VECTOR('',#7640,1.);
#7640 = DIRECTION('',(0.,0.,-1.));
#7641 = ORIENTED_EDGE('',*,*,#7642,.F.);
#7642 = EDGE_CURVE('',#7603,#7635,#7643,.T.);
#7643 = CIRCLE('',#7644,0.200001216283);
#7644 = AXIS2_PLACEMENT_3D('',#7645,#7646,#7647);
#7645 = CARTESIAN_POINT('',(18.925001216279,-7.474998783721,0.));
#7646 = DIRECTION('',(0.,0.,-1.));
#7647 = DIRECTION('',(-6.081358919149E-06,-0.999999999982,-0.));
#7648 = CYLINDRICAL_SURFACE('',#7649,0.200001216283);
#7649 = AXIS2_PLACEMENT_3D('',#7650,#7651,#7652);
#7650 = CARTESIAN_POINT('',(18.925001216279,-7.474998783721,0.));
#7651 = DIRECTION('',(-0.,-0.,1.));
#7652 = DIRECTION('',(-6.081358919149E-06,-0.999999999982,-0.));
#7653 = ADVANCED_FACE('',(#7654),#7670,.F.);
#7654 = FACE_BOUND('',#7655,.F.);
#7655 = EDGE_LOOP('',(#7656,#7657,#7663,#7664));
#7656 = ORIENTED_EDGE('',*,*,#7634,.T.);
#7657 = ORIENTED_EDGE('',*,*,#7658,.T.);
#7658 = EDGE_CURVE('',#7626,#7426,#7659,.T.);
#7659 = LINE('',#7660,#7661);
#7660 = CARTESIAN_POINT('',(18.725,-7.475,-4.E-02));
#7661 = VECTOR('',#7662,1.);
#7662 = DIRECTION('',(0.,1.,0.));
#7663 = ORIENTED_EDGE('',*,*,#7423,.F.);
#7664 = ORIENTED_EDGE('',*,*,#7665,.F.);
#7665 = EDGE_CURVE('',#7635,#7424,#7666,.T.);
#7666 = LINE('',#7667,#7668);
#7667 = CARTESIAN_POINT('',(18.725,-7.475,0.));
#7668 = VECTOR('',#7669,1.);
#7669 = DIRECTION('',(0.,1.,0.));
#7670 = PLANE('',#7671);
#7671 = AXIS2_PLACEMENT_3D('',#7672,#7673,#7674);
#7672 = CARTESIAN_POINT('',(18.725,-7.475,0.));
#7673 = DIRECTION('',(1.,-0.,0.));
#7674 = DIRECTION('',(0.,1.,0.));
#7675 = ADVANCED_FACE('',(#7676),#7686,.F.);
#7676 = FACE_BOUND('',#7677,.F.);
#7677 = EDGE_LOOP('',(#7678,#7679,#7680,#7681,#7682,#7683,#7684,#7685));
#7678 = ORIENTED_EDGE('',*,*,#7450,.T.);
#7679 = ORIENTED_EDGE('',*,*,#7482,.T.);
#7680 = ORIENTED_EDGE('',*,*,#7514,.T.);
#7681 = ORIENTED_EDGE('',*,*,#7546,.T.);
#7682 = ORIENTED_EDGE('',*,*,#7578,.T.);
#7683 = ORIENTED_EDGE('',*,*,#7610,.T.);
#7684 = ORIENTED_EDGE('',*,*,#7642,.T.);
#7685 = ORIENTED_EDGE('',*,*,#7665,.T.);
#7686 = PLANE('',#7687);
#7687 = AXIS2_PLACEMENT_3D('',#7688,#7689,#7690);
#7688 = CARTESIAN_POINT('',(0.,0.,0.));
#7689 = DIRECTION('',(-0.,-0.,-1.));
#7690 = DIRECTION('',(-1.,0.,0.));
#7691 = ADVANCED_FACE('',(#7692),#7702,.T.);
#7692 = FACE_BOUND('',#7693,.T.);
#7693 = EDGE_LOOP('',(#7694,#7695,#7696,#7697,#7698,#7699,#7700,#7701));
#7694 = ORIENTED_EDGE('',*,*,#7433,.T.);
#7695 = ORIENTED_EDGE('',*,*,#7466,.T.);
#7696 = ORIENTED_EDGE('',*,*,#7497,.T.);
#7697 = ORIENTED_EDGE('',*,*,#7530,.T.);
#7698 = ORIENTED_EDGE('',*,*,#7561,.T.);
#7699 = ORIENTED_EDGE('',*,*,#7594,.T.);
#7700 = ORIENTED_EDGE('',*,*,#7625,.T.);
#7701 = ORIENTED_EDGE('',*,*,#7658,.T.);
#7702 = PLANE('',#7703);
#7703 = AXIS2_PLACEMENT_3D('',#7704,#7705,#7706);
#7704 = CARTESIAN_POINT('',(0.,0.,-4.E-02));
#7705 = DIRECTION('',(-0.,-0.,-1.));
#7706 = DIRECTION('',(-1.,0.,0.));
#7707 = MANIFOLD_SOLID_BREP('',#7708);
#7708 = CLOSED_SHELL('',(#7709,#7751,#7782,#7815,#7846,#7879,#7910,#7943
    ,#7965,#7981));
#7709 = ADVANCED_FACE('',(#7710),#7746,.T.);
#7710 = FACE_BOUND('',#7711,.F.);
#7711 = EDGE_LOOP('',(#7712,#7722,#7731,#7739));
#7712 = ORIENTED_EDGE('',*,*,#7713,.T.);
#7713 = EDGE_CURVE('',#7714,#7716,#7718,.T.);
#7714 = VERTEX_POINT('',#7715);
#7715 = CARTESIAN_POINT('',(17.15,-5.45,0.));
#7716 = VERTEX_POINT('',#7717);
#7717 = CARTESIAN_POINT('',(17.15,-5.45,-4.E-02));
#7718 = LINE('',#7719,#7720);
#7719 = CARTESIAN_POINT('',(17.15,-5.45,0.));
#7720 = VECTOR('',#7721,1.);
#7721 = DIRECTION('',(0.,0.,-1.));
#7722 = ORIENTED_EDGE('',*,*,#7723,.T.);
#7723 = EDGE_CURVE('',#7716,#7724,#7726,.T.);
#7724 = VERTEX_POINT('',#7725);
#7725 = CARTESIAN_POINT('',(17.375,-5.225,-4.E-02));
#7726 = CIRCLE('',#7727,0.225000087974);
#7727 = AXIS2_PLACEMENT_3D('',#7728,#7729,#7730);
#7728 = CARTESIAN_POINT('',(17.375000087974,-5.450000087974,-4.E-02));
#7729 = DIRECTION('',(0.,0.,-1.));
#7730 = DIRECTION('',(-1.,3.909953734488E-07,0.));
#7731 = ORIENTED_EDGE('',*,*,#7732,.F.);
#7732 = EDGE_CURVE('',#7733,#7724,#7735,.T.);
#7733 = VERTEX_POINT('',#7734);
#7734 = CARTESIAN_POINT('',(17.375,-5.225,0.));
#7735 = LINE('',#7736,#7737);
#7736 = CARTESIAN_POINT('',(17.375,-5.225,0.));
#7737 = VECTOR('',#7738,1.);
#7738 = DIRECTION('',(0.,0.,-1.));
#7739 = ORIENTED_EDGE('',*,*,#7740,.F.);
#7740 = EDGE_CURVE('',#7714,#7733,#7741,.T.);
#7741 = CIRCLE('',#7742,0.225000087974);
#7742 = AXIS2_PLACEMENT_3D('',#7743,#7744,#7745);
#7743 = CARTESIAN_POINT('',(17.375000087974,-5.450000087974,0.));
#7744 = DIRECTION('',(0.,0.,-1.));
#7745 = DIRECTION('',(-1.,3.909953734488E-07,0.));
#7746 = CYLINDRICAL_SURFACE('',#7747,0.225000087974);
#7747 = AXIS2_PLACEMENT_3D('',#7748,#7749,#7750);
#7748 = CARTESIAN_POINT('',(17.375000087974,-5.450000087974,0.));
#7749 = DIRECTION('',(-0.,-0.,1.));
#7750 = DIRECTION('',(-1.,3.909953734488E-07,0.));
#7751 = ADVANCED_FACE('',(#7752),#7777,.F.);
#7752 = FACE_BOUND('',#7753,.F.);
#7753 = EDGE_LOOP('',(#7754,#7755,#7763,#7771));
#7754 = ORIENTED_EDGE('',*,*,#7732,.T.);
#7755 = ORIENTED_EDGE('',*,*,#7756,.T.);
#7756 = EDGE_CURVE('',#7724,#7757,#7759,.T.);
#7757 = VERTEX_POINT('',#7758);
#7758 = CARTESIAN_POINT('',(17.825,-5.225,-4.E-02));
#7759 = LINE('',#7760,#7761);
#7760 = CARTESIAN_POINT('',(17.375,-5.225,-4.E-02));
#7761 = VECTOR('',#7762,1.);
#7762 = DIRECTION('',(1.,0.,0.));
#7763 = ORIENTED_EDGE('',*,*,#7764,.F.);
#7764 = EDGE_CURVE('',#7765,#7757,#7767,.T.);
#7765 = VERTEX_POINT('',#7766);
#7766 = CARTESIAN_POINT('',(17.825,-5.225,0.));
#7767 = LINE('',#7768,#7769);
#7768 = CARTESIAN_POINT('',(17.825,-5.225,0.));
#7769 = VECTOR('',#7770,1.);
#7770 = DIRECTION('',(0.,0.,-1.));
#7771 = ORIENTED_EDGE('',*,*,#7772,.F.);
#7772 = EDGE_CURVE('',#7733,#7765,#7773,.T.);
#7773 = LINE('',#7774,#7775);
#7774 = CARTESIAN_POINT('',(17.375,-5.225,0.));
#7775 = VECTOR('',#7776,1.);
#7776 = DIRECTION('',(1.,0.,0.));
#7777 = PLANE('',#7778);
#7778 = AXIS2_PLACEMENT_3D('',#7779,#7780,#7781);
#7779 = CARTESIAN_POINT('',(17.375,-5.225,0.));
#7780 = DIRECTION('',(0.,-1.,0.));
#7781 = DIRECTION('',(1.,0.,0.));
#7782 = ADVANCED_FACE('',(#7783),#7810,.T.);
#7783 = FACE_BOUND('',#7784,.F.);
#7784 = EDGE_LOOP('',(#7785,#7786,#7795,#7803));
#7785 = ORIENTED_EDGE('',*,*,#7764,.T.);
#7786 = ORIENTED_EDGE('',*,*,#7787,.T.);
#7787 = EDGE_CURVE('',#7757,#7788,#7790,.T.);
#7788 = VERTEX_POINT('',#7789);
#7789 = CARTESIAN_POINT('',(18.05,-5.45,-4.E-02));
#7790 = CIRCLE('',#7791,0.225000087974);
#7791 = AXIS2_PLACEMENT_3D('',#7792,#7793,#7794);
#7792 = CARTESIAN_POINT('',(17.824999912026,-5.450000087974,-4.E-02));
#7793 = DIRECTION('',(0.,0.,-1.));
#7794 = DIRECTION('',(3.909953458166E-07,1.,0.));
#7795 = ORIENTED_EDGE('',*,*,#7796,.F.);
#7796 = EDGE_CURVE('',#7797,#7788,#7799,.T.);
#7797 = VERTEX_POINT('',#7798);
#7798 = CARTESIAN_POINT('',(18.05,-5.45,0.));
#7799 = LINE('',#7800,#7801);
#7800 = CARTESIAN_POINT('',(18.05,-5.45,0.));
#7801 = VECTOR('',#7802,1.);
#7802 = DIRECTION('',(0.,0.,-1.));
#7803 = ORIENTED_EDGE('',*,*,#7804,.F.);
#7804 = EDGE_CURVE('',#7765,#7797,#7805,.T.);
#7805 = CIRCLE('',#7806,0.225000087974);
#7806 = AXIS2_PLACEMENT_3D('',#7807,#7808,#7809);
#7807 = CARTESIAN_POINT('',(17.824999912026,-5.450000087974,0.));
#7808 = DIRECTION('',(0.,0.,-1.));
#7809 = DIRECTION('',(3.909953458166E-07,1.,0.));
#7810 = CYLINDRICAL_SURFACE('',#7811,0.225000087974);
#7811 = AXIS2_PLACEMENT_3D('',#7812,#7813,#7814);
#7812 = CARTESIAN_POINT('',(17.824999912026,-5.450000087974,0.));
#7813 = DIRECTION('',(-0.,-0.,1.));
#7814 = DIRECTION('',(3.909953458166E-07,1.,0.));
#7815 = ADVANCED_FACE('',(#7816),#7841,.F.);
#7816 = FACE_BOUND('',#7817,.F.);
#7817 = EDGE_LOOP('',(#7818,#7819,#7827,#7835));
#7818 = ORIENTED_EDGE('',*,*,#7796,.T.);
#7819 = ORIENTED_EDGE('',*,*,#7820,.T.);
#7820 = EDGE_CURVE('',#7788,#7821,#7823,.T.);
#7821 = VERTEX_POINT('',#7822);
#7822 = CARTESIAN_POINT('',(18.05,-5.95,-4.E-02));
#7823 = LINE('',#7824,#7825);
#7824 = CARTESIAN_POINT('',(18.05,-5.45,-4.E-02));
#7825 = VECTOR('',#7826,1.);
#7826 = DIRECTION('',(0.,-1.,0.));
#7827 = ORIENTED_EDGE('',*,*,#7828,.F.);
#7828 = EDGE_CURVE('',#7829,#7821,#7831,.T.);
#7829 = VERTEX_POINT('',#7830);
#7830 = CARTESIAN_POINT('',(18.05,-5.95,0.));
#7831 = LINE('',#7832,#7833);
#7832 = CARTESIAN_POINT('',(18.05,-5.95,0.));
#7833 = VECTOR('',#7834,1.);
#7834 = DIRECTION('',(0.,0.,-1.));
#7835 = ORIENTED_EDGE('',*,*,#7836,.F.);
#7836 = EDGE_CURVE('',#7797,#7829,#7837,.T.);
#7837 = LINE('',#7838,#7839);
#7838 = CARTESIAN_POINT('',(18.05,-5.45,0.));
#7839 = VECTOR('',#7840,1.);
#7840 = DIRECTION('',(0.,-1.,0.));
#7841 = PLANE('',#7842);
#7842 = AXIS2_PLACEMENT_3D('',#7843,#7844,#7845);
#7843 = CARTESIAN_POINT('',(18.05,-5.45,0.));
#7844 = DIRECTION('',(-1.,-0.,-0.));
#7845 = DIRECTION('',(0.,-1.,0.));
#7846 = ADVANCED_FACE('',(#7847),#7874,.T.);
#7847 = FACE_BOUND('',#7848,.F.);
#7848 = EDGE_LOOP('',(#7849,#7850,#7859,#7867));
#7849 = ORIENTED_EDGE('',*,*,#7828,.T.);
#7850 = ORIENTED_EDGE('',*,*,#7851,.T.);
#7851 = EDGE_CURVE('',#7821,#7852,#7854,.T.);
#7852 = VERTEX_POINT('',#7853);
#7853 = CARTESIAN_POINT('',(17.825,-6.175,-4.E-02));
#7854 = CIRCLE('',#7855,0.225000087974);
#7855 = AXIS2_PLACEMENT_3D('',#7856,#7857,#7858);
#7856 = CARTESIAN_POINT('',(17.824999912026,-5.949999912026,-4.E-02));
#7857 = DIRECTION('',(0.,0.,-1.));
#7858 = DIRECTION('',(1.,-3.90995357659E-07,0.));
#7859 = ORIENTED_EDGE('',*,*,#7860,.F.);
#7860 = EDGE_CURVE('',#7861,#7852,#7863,.T.);
#7861 = VERTEX_POINT('',#7862);
#7862 = CARTESIAN_POINT('',(17.825,-6.175,0.));
#7863 = LINE('',#7864,#7865);
#7864 = CARTESIAN_POINT('',(17.825,-6.175,0.));
#7865 = VECTOR('',#7866,1.);
#7866 = DIRECTION('',(0.,0.,-1.));
#7867 = ORIENTED_EDGE('',*,*,#7868,.F.);
#7868 = EDGE_CURVE('',#7829,#7861,#7869,.T.);
#7869 = CIRCLE('',#7870,0.225000087974);
#7870 = AXIS2_PLACEMENT_3D('',#7871,#7872,#7873);
#7871 = CARTESIAN_POINT('',(17.824999912026,-5.949999912026,0.));
#7872 = DIRECTION('',(0.,0.,-1.));
#7873 = DIRECTION('',(1.,-3.90995357659E-07,0.));
#7874 = CYLINDRICAL_SURFACE('',#7875,0.225000087974);
#7875 = AXIS2_PLACEMENT_3D('',#7876,#7877,#7878);
#7876 = CARTESIAN_POINT('',(17.824999912026,-5.949999912026,0.));
#7877 = DIRECTION('',(-0.,-0.,1.));
#7878 = DIRECTION('',(1.,-3.90995357659E-07,0.));
#7879 = ADVANCED_FACE('',(#7880),#7905,.F.);
#7880 = FACE_BOUND('',#7881,.F.);
#7881 = EDGE_LOOP('',(#7882,#7883,#7891,#7899));
#7882 = ORIENTED_EDGE('',*,*,#7860,.T.);
#7883 = ORIENTED_EDGE('',*,*,#7884,.T.);
#7884 = EDGE_CURVE('',#7852,#7885,#7887,.T.);
#7885 = VERTEX_POINT('',#7886);
#7886 = CARTESIAN_POINT('',(17.375,-6.175,-4.E-02));
#7887 = LINE('',#7888,#7889);
#7888 = CARTESIAN_POINT('',(17.825,-6.175,-4.E-02));
#7889 = VECTOR('',#7890,1.);
#7890 = DIRECTION('',(-1.,0.,0.));
#7891 = ORIENTED_EDGE('',*,*,#7892,.F.);
#7892 = EDGE_CURVE('',#7893,#7885,#7895,.T.);
#7893 = VERTEX_POINT('',#7894);
#7894 = CARTESIAN_POINT('',(17.375,-6.175,0.));
#7895 = LINE('',#7896,#7897);
#7896 = CARTESIAN_POINT('',(17.375,-6.175,0.));
#7897 = VECTOR('',#7898,1.);
#7898 = DIRECTION('',(0.,0.,-1.));
#7899 = ORIENTED_EDGE('',*,*,#7900,.F.);
#7900 = EDGE_CURVE('',#7861,#7893,#7901,.T.);
#7901 = LINE('',#7902,#7903);
#7902 = CARTESIAN_POINT('',(17.825,-6.175,0.));
#7903 = VECTOR('',#7904,1.);
#7904 = DIRECTION('',(-1.,0.,0.));
#7905 = PLANE('',#7906);
#7906 = AXIS2_PLACEMENT_3D('',#7907,#7908,#7909);
#7907 = CARTESIAN_POINT('',(17.825,-6.175,0.));
#7908 = DIRECTION('',(0.,1.,0.));
#7909 = DIRECTION('',(-1.,0.,0.));
#7910 = ADVANCED_FACE('',(#7911),#7938,.T.);
#7911 = FACE_BOUND('',#7912,.F.);
#7912 = EDGE_LOOP('',(#7913,#7914,#7923,#7931));
#7913 = ORIENTED_EDGE('',*,*,#7892,.T.);
#7914 = ORIENTED_EDGE('',*,*,#7915,.T.);
#7915 = EDGE_CURVE('',#7885,#7916,#7918,.T.);
#7916 = VERTEX_POINT('',#7917);
#7917 = CARTESIAN_POINT('',(17.15,-5.95,-4.E-02));
#7918 = CIRCLE('',#7919,0.225000087974);
#7919 = AXIS2_PLACEMENT_3D('',#7920,#7921,#7922);
#7920 = CARTESIAN_POINT('',(17.375000087974,-5.949999912026,-4.E-02));
#7921 = DIRECTION('',(0.,0.,-1.));
#7922 = DIRECTION('',(-3.909953773963E-07,-1.,-0.));
#7923 = ORIENTED_EDGE('',*,*,#7924,.F.);
#7924 = EDGE_CURVE('',#7925,#7916,#7927,.T.);
#7925 = VERTEX_POINT('',#7926);
#7926 = CARTESIAN_POINT('',(17.15,-5.95,0.));
#7927 = LINE('',#7928,#7929);
#7928 = CARTESIAN_POINT('',(17.15,-5.95,0.));
#7929 = VECTOR('',#7930,1.);
#7930 = DIRECTION('',(0.,0.,-1.));
#7931 = ORIENTED_EDGE('',*,*,#7932,.F.);
#7932 = EDGE_CURVE('',#7893,#7925,#7933,.T.);
#7933 = CIRCLE('',#7934,0.225000087974);
#7934 = AXIS2_PLACEMENT_3D('',#7935,#7936,#7937);
#7935 = CARTESIAN_POINT('',(17.375000087974,-5.949999912026,0.));
#7936 = DIRECTION('',(0.,0.,-1.));
#7937 = DIRECTION('',(-3.909953773963E-07,-1.,-0.));
#7938 = CYLINDRICAL_SURFACE('',#7939,0.225000087974);
#7939 = AXIS2_PLACEMENT_3D('',#7940,#7941,#7942);
#7940 = CARTESIAN_POINT('',(17.375000087974,-5.949999912026,0.));
#7941 = DIRECTION('',(-0.,-0.,1.));
#7942 = DIRECTION('',(-3.909953773963E-07,-1.,-0.));
#7943 = ADVANCED_FACE('',(#7944),#7960,.F.);
#7944 = FACE_BOUND('',#7945,.F.);
#7945 = EDGE_LOOP('',(#7946,#7947,#7953,#7954));
#7946 = ORIENTED_EDGE('',*,*,#7924,.T.);
#7947 = ORIENTED_EDGE('',*,*,#7948,.T.);
#7948 = EDGE_CURVE('',#7916,#7716,#7949,.T.);
#7949 = LINE('',#7950,#7951);
#7950 = CARTESIAN_POINT('',(17.15,-5.95,-4.E-02));
#7951 = VECTOR('',#7952,1.);
#7952 = DIRECTION('',(0.,1.,0.));
#7953 = ORIENTED_EDGE('',*,*,#7713,.F.);
#7954 = ORIENTED_EDGE('',*,*,#7955,.F.);
#7955 = EDGE_CURVE('',#7925,#7714,#7956,.T.);
#7956 = LINE('',#7957,#7958);
#7957 = CARTESIAN_POINT('',(17.15,-5.95,0.));
#7958 = VECTOR('',#7959,1.);
#7959 = DIRECTION('',(0.,1.,0.));
#7960 = PLANE('',#7961);
#7961 = AXIS2_PLACEMENT_3D('',#7962,#7963,#7964);
#7962 = CARTESIAN_POINT('',(17.15,-5.95,0.));
#7963 = DIRECTION('',(1.,-0.,0.));
#7964 = DIRECTION('',(0.,1.,0.));
#7965 = ADVANCED_FACE('',(#7966),#7976,.F.);
#7966 = FACE_BOUND('',#7967,.F.);
#7967 = EDGE_LOOP('',(#7968,#7969,#7970,#7971,#7972,#7973,#7974,#7975));
#7968 = ORIENTED_EDGE('',*,*,#7740,.T.);
#7969 = ORIENTED_EDGE('',*,*,#7772,.T.);
#7970 = ORIENTED_EDGE('',*,*,#7804,.T.);
#7971 = ORIENTED_EDGE('',*,*,#7836,.T.);
#7972 = ORIENTED_EDGE('',*,*,#7868,.T.);
#7973 = ORIENTED_EDGE('',*,*,#7900,.T.);
#7974 = ORIENTED_EDGE('',*,*,#7932,.T.);
#7975 = ORIENTED_EDGE('',*,*,#7955,.T.);
#7976 = PLANE('',#7977);
#7977 = AXIS2_PLACEMENT_3D('',#7978,#7979,#7980);
#7978 = CARTESIAN_POINT('',(0.,0.,0.));
#7979 = DIRECTION('',(-0.,-0.,-1.));
#7980 = DIRECTION('',(-1.,0.,0.));
#7981 = ADVANCED_FACE('',(#7982),#7992,.T.);
#7982 = FACE_BOUND('',#7983,.T.);
#7983 = EDGE_LOOP('',(#7984,#7985,#7986,#7987,#7988,#7989,#7990,#7991));
#7984 = ORIENTED_EDGE('',*,*,#7723,.T.);
#7985 = ORIENTED_EDGE('',*,*,#7756,.T.);
#7986 = ORIENTED_EDGE('',*,*,#7787,.T.);
#7987 = ORIENTED_EDGE('',*,*,#7820,.T.);
#7988 = ORIENTED_EDGE('',*,*,#7851,.T.);
#7989 = ORIENTED_EDGE('',*,*,#7884,.T.);
#7990 = ORIENTED_EDGE('',*,*,#7915,.T.);
#7991 = ORIENTED_EDGE('',*,*,#7948,.T.);
#7992 = PLANE('',#7993);
#7993 = AXIS2_PLACEMENT_3D('',#7994,#7995,#7996);
#7994 = CARTESIAN_POINT('',(0.,0.,-4.E-02));
#7995 = DIRECTION('',(-0.,-0.,-1.));
#7996 = DIRECTION('',(-1.,0.,0.));
#7997 = MANIFOLD_SOLID_BREP('',#7998);
#7998 = CLOSED_SHELL('',(#7999,#8041,#8072,#8105,#8136,#8169,#8200,#8233
    ,#8255,#8271));
#7999 = ADVANCED_FACE('',(#8000),#8036,.T.);
#8000 = FACE_BOUND('',#8001,.F.);
#8001 = EDGE_LOOP('',(#8002,#8012,#8021,#8029));
#8002 = ORIENTED_EDGE('',*,*,#8003,.T.);
#8003 = EDGE_CURVE('',#8004,#8006,#8008,.T.);
#8004 = VERTEX_POINT('',#8005);
#8005 = CARTESIAN_POINT('',(17.15,-6.95,0.));
#8006 = VERTEX_POINT('',#8007);
#8007 = CARTESIAN_POINT('',(17.15,-6.95,-4.E-02));
#8008 = LINE('',#8009,#8010);
#8009 = CARTESIAN_POINT('',(17.15,-6.95,0.));
#8010 = VECTOR('',#8011,1.);
#8011 = DIRECTION('',(0.,0.,-1.));
#8012 = ORIENTED_EDGE('',*,*,#8013,.T.);
#8013 = EDGE_CURVE('',#8006,#8014,#8016,.T.);
#8014 = VERTEX_POINT('',#8015);
#8015 = CARTESIAN_POINT('',(17.375,-6.725,-4.E-02));
#8016 = CIRCLE('',#8017,0.225000087974);
#8017 = AXIS2_PLACEMENT_3D('',#8018,#8019,#8020);
#8018 = CARTESIAN_POINT('',(17.375000087974,-6.950000087974,-4.E-02));
#8019 = DIRECTION('',(0.,0.,-1.));
#8020 = DIRECTION('',(-1.,3.909953734488E-07,0.));
#8021 = ORIENTED_EDGE('',*,*,#8022,.F.);
#8022 = EDGE_CURVE('',#8023,#8014,#8025,.T.);
#8023 = VERTEX_POINT('',#8024);
#8024 = CARTESIAN_POINT('',(17.375,-6.725,0.));
#8025 = LINE('',#8026,#8027);
#8026 = CARTESIAN_POINT('',(17.375,-6.725,0.));
#8027 = VECTOR('',#8028,1.);
#8028 = DIRECTION('',(0.,0.,-1.));
#8029 = ORIENTED_EDGE('',*,*,#8030,.F.);
#8030 = EDGE_CURVE('',#8004,#8023,#8031,.T.);
#8031 = CIRCLE('',#8032,0.225000087974);
#8032 = AXIS2_PLACEMENT_3D('',#8033,#8034,#8035);
#8033 = CARTESIAN_POINT('',(17.375000087974,-6.950000087974,0.));
#8034 = DIRECTION('',(0.,0.,-1.));
#8035 = DIRECTION('',(-1.,3.909953734488E-07,0.));
#8036 = CYLINDRICAL_SURFACE('',#8037,0.225000087974);
#8037 = AXIS2_PLACEMENT_3D('',#8038,#8039,#8040);
#8038 = CARTESIAN_POINT('',(17.375000087974,-6.950000087974,0.));
#8039 = DIRECTION('',(-0.,-0.,1.));
#8040 = DIRECTION('',(-1.,3.909953734488E-07,0.));
#8041 = ADVANCED_FACE('',(#8042),#8067,.F.);
#8042 = FACE_BOUND('',#8043,.F.);
#8043 = EDGE_LOOP('',(#8044,#8045,#8053,#8061));
#8044 = ORIENTED_EDGE('',*,*,#8022,.T.);
#8045 = ORIENTED_EDGE('',*,*,#8046,.T.);
#8046 = EDGE_CURVE('',#8014,#8047,#8049,.T.);
#8047 = VERTEX_POINT('',#8048);
#8048 = CARTESIAN_POINT('',(17.825,-6.725,-4.E-02));
#8049 = LINE('',#8050,#8051);
#8050 = CARTESIAN_POINT('',(17.375,-6.725,-4.E-02));
#8051 = VECTOR('',#8052,1.);
#8052 = DIRECTION('',(1.,0.,0.));
#8053 = ORIENTED_EDGE('',*,*,#8054,.F.);
#8054 = EDGE_CURVE('',#8055,#8047,#8057,.T.);
#8055 = VERTEX_POINT('',#8056);
#8056 = CARTESIAN_POINT('',(17.825,-6.725,0.));
#8057 = LINE('',#8058,#8059);
#8058 = CARTESIAN_POINT('',(17.825,-6.725,0.));
#8059 = VECTOR('',#8060,1.);
#8060 = DIRECTION('',(0.,0.,-1.));
#8061 = ORIENTED_EDGE('',*,*,#8062,.F.);
#8062 = EDGE_CURVE('',#8023,#8055,#8063,.T.);
#8063 = LINE('',#8064,#8065);
#8064 = CARTESIAN_POINT('',(17.375,-6.725,0.));
#8065 = VECTOR('',#8066,1.);
#8066 = DIRECTION('',(1.,0.,0.));
#8067 = PLANE('',#8068);
#8068 = AXIS2_PLACEMENT_3D('',#8069,#8070,#8071);
#8069 = CARTESIAN_POINT('',(17.375,-6.725,0.));
#8070 = DIRECTION('',(0.,-1.,0.));
#8071 = DIRECTION('',(1.,0.,0.));
#8072 = ADVANCED_FACE('',(#8073),#8100,.T.);
#8073 = FACE_BOUND('',#8074,.F.);
#8074 = EDGE_LOOP('',(#8075,#8076,#8085,#8093));
#8075 = ORIENTED_EDGE('',*,*,#8054,.T.);
#8076 = ORIENTED_EDGE('',*,*,#8077,.T.);
#8077 = EDGE_CURVE('',#8047,#8078,#8080,.T.);
#8078 = VERTEX_POINT('',#8079);
#8079 = CARTESIAN_POINT('',(18.05,-6.95,-4.E-02));
#8080 = CIRCLE('',#8081,0.225000087974);
#8081 = AXIS2_PLACEMENT_3D('',#8082,#8083,#8084);
#8082 = CARTESIAN_POINT('',(17.824999912026,-6.950000087974,-4.E-02));
#8083 = DIRECTION('',(0.,0.,-1.));
#8084 = DIRECTION('',(3.909953458166E-07,1.,0.));
#8085 = ORIENTED_EDGE('',*,*,#8086,.F.);
#8086 = EDGE_CURVE('',#8087,#8078,#8089,.T.);
#8087 = VERTEX_POINT('',#8088);
#8088 = CARTESIAN_POINT('',(18.05,-6.95,0.));
#8089 = LINE('',#8090,#8091);
#8090 = CARTESIAN_POINT('',(18.05,-6.95,0.));
#8091 = VECTOR('',#8092,1.);
#8092 = DIRECTION('',(0.,0.,-1.));
#8093 = ORIENTED_EDGE('',*,*,#8094,.F.);
#8094 = EDGE_CURVE('',#8055,#8087,#8095,.T.);
#8095 = CIRCLE('',#8096,0.225000087974);
#8096 = AXIS2_PLACEMENT_3D('',#8097,#8098,#8099);
#8097 = CARTESIAN_POINT('',(17.824999912026,-6.950000087974,0.));
#8098 = DIRECTION('',(0.,0.,-1.));
#8099 = DIRECTION('',(3.909953458166E-07,1.,0.));
#8100 = CYLINDRICAL_SURFACE('',#8101,0.225000087974);
#8101 = AXIS2_PLACEMENT_3D('',#8102,#8103,#8104);
#8102 = CARTESIAN_POINT('',(17.824999912026,-6.950000087974,0.));
#8103 = DIRECTION('',(-0.,-0.,1.));
#8104 = DIRECTION('',(3.909953458166E-07,1.,0.));
#8105 = ADVANCED_FACE('',(#8106),#8131,.F.);
#8106 = FACE_BOUND('',#8107,.F.);
#8107 = EDGE_LOOP('',(#8108,#8109,#8117,#8125));
#8108 = ORIENTED_EDGE('',*,*,#8086,.T.);
#8109 = ORIENTED_EDGE('',*,*,#8110,.T.);
#8110 = EDGE_CURVE('',#8078,#8111,#8113,.T.);
#8111 = VERTEX_POINT('',#8112);
#8112 = CARTESIAN_POINT('',(18.05,-7.45,-4.E-02));
#8113 = LINE('',#8114,#8115);
#8114 = CARTESIAN_POINT('',(18.05,-6.95,-4.E-02));
#8115 = VECTOR('',#8116,1.);
#8116 = DIRECTION('',(0.,-1.,0.));
#8117 = ORIENTED_EDGE('',*,*,#8118,.F.);
#8118 = EDGE_CURVE('',#8119,#8111,#8121,.T.);
#8119 = VERTEX_POINT('',#8120);
#8120 = CARTESIAN_POINT('',(18.05,-7.45,0.));
#8121 = LINE('',#8122,#8123);
#8122 = CARTESIAN_POINT('',(18.05,-7.45,0.));
#8123 = VECTOR('',#8124,1.);
#8124 = DIRECTION('',(0.,0.,-1.));
#8125 = ORIENTED_EDGE('',*,*,#8126,.F.);
#8126 = EDGE_CURVE('',#8087,#8119,#8127,.T.);
#8127 = LINE('',#8128,#8129);
#8128 = CARTESIAN_POINT('',(18.05,-6.95,0.));
#8129 = VECTOR('',#8130,1.);
#8130 = DIRECTION('',(0.,-1.,0.));
#8131 = PLANE('',#8132);
#8132 = AXIS2_PLACEMENT_3D('',#8133,#8134,#8135);
#8133 = CARTESIAN_POINT('',(18.05,-6.95,0.));
#8134 = DIRECTION('',(-1.,-0.,-0.));
#8135 = DIRECTION('',(0.,-1.,0.));
#8136 = ADVANCED_FACE('',(#8137),#8164,.T.);
#8137 = FACE_BOUND('',#8138,.F.);
#8138 = EDGE_LOOP('',(#8139,#8140,#8149,#8157));
#8139 = ORIENTED_EDGE('',*,*,#8118,.T.);
#8140 = ORIENTED_EDGE('',*,*,#8141,.T.);
#8141 = EDGE_CURVE('',#8111,#8142,#8144,.T.);
#8142 = VERTEX_POINT('',#8143);
#8143 = CARTESIAN_POINT('',(17.825,-7.675,-4.E-02));
#8144 = CIRCLE('',#8145,0.225000087974);
#8145 = AXIS2_PLACEMENT_3D('',#8146,#8147,#8148);
#8146 = CARTESIAN_POINT('',(17.824999912026,-7.449999912026,-4.E-02));
#8147 = DIRECTION('',(0.,0.,-1.));
#8148 = DIRECTION('',(1.,-3.90995357659E-07,0.));
#8149 = ORIENTED_EDGE('',*,*,#8150,.F.);
#8150 = EDGE_CURVE('',#8151,#8142,#8153,.T.);
#8151 = VERTEX_POINT('',#8152);
#8152 = CARTESIAN_POINT('',(17.825,-7.675,0.));
#8153 = LINE('',#8154,#8155);
#8154 = CARTESIAN_POINT('',(17.825,-7.675,0.));
#8155 = VECTOR('',#8156,1.);
#8156 = DIRECTION('',(0.,0.,-1.));
#8157 = ORIENTED_EDGE('',*,*,#8158,.F.);
#8158 = EDGE_CURVE('',#8119,#8151,#8159,.T.);
#8159 = CIRCLE('',#8160,0.225000087974);
#8160 = AXIS2_PLACEMENT_3D('',#8161,#8162,#8163);
#8161 = CARTESIAN_POINT('',(17.824999912026,-7.449999912026,0.));
#8162 = DIRECTION('',(0.,0.,-1.));
#8163 = DIRECTION('',(1.,-3.90995357659E-07,0.));
#8164 = CYLINDRICAL_SURFACE('',#8165,0.225000087974);
#8165 = AXIS2_PLACEMENT_3D('',#8166,#8167,#8168);
#8166 = CARTESIAN_POINT('',(17.824999912026,-7.449999912026,0.));
#8167 = DIRECTION('',(-0.,-0.,1.));
#8168 = DIRECTION('',(1.,-3.90995357659E-07,0.));
#8169 = ADVANCED_FACE('',(#8170),#8195,.F.);
#8170 = FACE_BOUND('',#8171,.F.);
#8171 = EDGE_LOOP('',(#8172,#8173,#8181,#8189));
#8172 = ORIENTED_EDGE('',*,*,#8150,.T.);
#8173 = ORIENTED_EDGE('',*,*,#8174,.T.);
#8174 = EDGE_CURVE('',#8142,#8175,#8177,.T.);
#8175 = VERTEX_POINT('',#8176);
#8176 = CARTESIAN_POINT('',(17.375,-7.675,-4.E-02));
#8177 = LINE('',#8178,#8179);
#8178 = CARTESIAN_POINT('',(17.825,-7.675,-4.E-02));
#8179 = VECTOR('',#8180,1.);
#8180 = DIRECTION('',(-1.,0.,0.));
#8181 = ORIENTED_EDGE('',*,*,#8182,.F.);
#8182 = EDGE_CURVE('',#8183,#8175,#8185,.T.);
#8183 = VERTEX_POINT('',#8184);
#8184 = CARTESIAN_POINT('',(17.375,-7.675,0.));
#8185 = LINE('',#8186,#8187);
#8186 = CARTESIAN_POINT('',(17.375,-7.675,0.));
#8187 = VECTOR('',#8188,1.);
#8188 = DIRECTION('',(0.,0.,-1.));
#8189 = ORIENTED_EDGE('',*,*,#8190,.F.);
#8190 = EDGE_CURVE('',#8151,#8183,#8191,.T.);
#8191 = LINE('',#8192,#8193);
#8192 = CARTESIAN_POINT('',(17.825,-7.675,0.));
#8193 = VECTOR('',#8194,1.);
#8194 = DIRECTION('',(-1.,0.,0.));
#8195 = PLANE('',#8196);
#8196 = AXIS2_PLACEMENT_3D('',#8197,#8198,#8199);
#8197 = CARTESIAN_POINT('',(17.825,-7.675,0.));
#8198 = DIRECTION('',(0.,1.,0.));
#8199 = DIRECTION('',(-1.,0.,0.));
#8200 = ADVANCED_FACE('',(#8201),#8228,.T.);
#8201 = FACE_BOUND('',#8202,.F.);
#8202 = EDGE_LOOP('',(#8203,#8204,#8213,#8221));
#8203 = ORIENTED_EDGE('',*,*,#8182,.T.);
#8204 = ORIENTED_EDGE('',*,*,#8205,.T.);
#8205 = EDGE_CURVE('',#8175,#8206,#8208,.T.);
#8206 = VERTEX_POINT('',#8207);
#8207 = CARTESIAN_POINT('',(17.15,-7.45,-4.E-02));
#8208 = CIRCLE('',#8209,0.225000087974);
#8209 = AXIS2_PLACEMENT_3D('',#8210,#8211,#8212);
#8210 = CARTESIAN_POINT('',(17.375000087974,-7.449999912026,-4.E-02));
#8211 = DIRECTION('',(0.,0.,-1.));
#8212 = DIRECTION('',(-3.909953773963E-07,-1.,-0.));
#8213 = ORIENTED_EDGE('',*,*,#8214,.F.);
#8214 = EDGE_CURVE('',#8215,#8206,#8217,.T.);
#8215 = VERTEX_POINT('',#8216);
#8216 = CARTESIAN_POINT('',(17.15,-7.45,0.));
#8217 = LINE('',#8218,#8219);
#8218 = CARTESIAN_POINT('',(17.15,-7.45,0.));
#8219 = VECTOR('',#8220,1.);
#8220 = DIRECTION('',(0.,0.,-1.));
#8221 = ORIENTED_EDGE('',*,*,#8222,.F.);
#8222 = EDGE_CURVE('',#8183,#8215,#8223,.T.);
#8223 = CIRCLE('',#8224,0.225000087974);
#8224 = AXIS2_PLACEMENT_3D('',#8225,#8226,#8227);
#8225 = CARTESIAN_POINT('',(17.375000087974,-7.449999912026,0.));
#8226 = DIRECTION('',(0.,0.,-1.));
#8227 = DIRECTION('',(-3.909953773963E-07,-1.,-0.));
#8228 = CYLINDRICAL_SURFACE('',#8229,0.225000087974);
#8229 = AXIS2_PLACEMENT_3D('',#8230,#8231,#8232);
#8230 = CARTESIAN_POINT('',(17.375000087974,-7.449999912026,0.));
#8231 = DIRECTION('',(-0.,-0.,1.));
#8232 = DIRECTION('',(-3.909953773963E-07,-1.,-0.));
#8233 = ADVANCED_FACE('',(#8234),#8250,.F.);
#8234 = FACE_BOUND('',#8235,.F.);
#8235 = EDGE_LOOP('',(#8236,#8237,#8243,#8244));
#8236 = ORIENTED_EDGE('',*,*,#8214,.T.);
#8237 = ORIENTED_EDGE('',*,*,#8238,.T.);
#8238 = EDGE_CURVE('',#8206,#8006,#8239,.T.);
#8239 = LINE('',#8240,#8241);
#8240 = CARTESIAN_POINT('',(17.15,-7.45,-4.E-02));
#8241 = VECTOR('',#8242,1.);
#8242 = DIRECTION('',(0.,1.,0.));
#8243 = ORIENTED_EDGE('',*,*,#8003,.F.);
#8244 = ORIENTED_EDGE('',*,*,#8245,.F.);
#8245 = EDGE_CURVE('',#8215,#8004,#8246,.T.);
#8246 = LINE('',#8247,#8248);
#8247 = CARTESIAN_POINT('',(17.15,-7.45,0.));
#8248 = VECTOR('',#8249,1.);
#8249 = DIRECTION('',(0.,1.,0.));
#8250 = PLANE('',#8251);
#8251 = AXIS2_PLACEMENT_3D('',#8252,#8253,#8254);
#8252 = CARTESIAN_POINT('',(17.15,-7.45,0.));
#8253 = DIRECTION('',(1.,-0.,0.));
#8254 = DIRECTION('',(0.,1.,0.));
#8255 = ADVANCED_FACE('',(#8256),#8266,.F.);
#8256 = FACE_BOUND('',#8257,.F.);
#8257 = EDGE_LOOP('',(#8258,#8259,#8260,#8261,#8262,#8263,#8264,#8265));
#8258 = ORIENTED_EDGE('',*,*,#8030,.T.);
#8259 = ORIENTED_EDGE('',*,*,#8062,.T.);
#8260 = ORIENTED_EDGE('',*,*,#8094,.T.);
#8261 = ORIENTED_EDGE('',*,*,#8126,.T.);
#8262 = ORIENTED_EDGE('',*,*,#8158,.T.);
#8263 = ORIENTED_EDGE('',*,*,#8190,.T.);
#8264 = ORIENTED_EDGE('',*,*,#8222,.T.);
#8265 = ORIENTED_EDGE('',*,*,#8245,.T.);
#8266 = PLANE('',#8267);
#8267 = AXIS2_PLACEMENT_3D('',#8268,#8269,#8270);
#8268 = CARTESIAN_POINT('',(0.,0.,0.));
#8269 = DIRECTION('',(-0.,-0.,-1.));
#8270 = DIRECTION('',(-1.,0.,0.));
#8271 = ADVANCED_FACE('',(#8272),#8282,.T.);
#8272 = FACE_BOUND('',#8273,.T.);
#8273 = EDGE_LOOP('',(#8274,#8275,#8276,#8277,#8278,#8279,#8280,#8281));
#8274 = ORIENTED_EDGE('',*,*,#8013,.T.);
#8275 = ORIENTED_EDGE('',*,*,#8046,.T.);
#8276 = ORIENTED_EDGE('',*,*,#8077,.T.);
#8277 = ORIENTED_EDGE('',*,*,#8110,.T.);
#8278 = ORIENTED_EDGE('',*,*,#8141,.T.);
#8279 = ORIENTED_EDGE('',*,*,#8174,.T.);
#8280 = ORIENTED_EDGE('',*,*,#8205,.T.);
#8281 = ORIENTED_EDGE('',*,*,#8238,.T.);
#8282 = PLANE('',#8283);
#8283 = AXIS2_PLACEMENT_3D('',#8284,#8285,#8286);
#8284 = CARTESIAN_POINT('',(0.,0.,-4.E-02));
#8285 = DIRECTION('',(-0.,-0.,-1.));
#8286 = DIRECTION('',(-1.,0.,0.));
#8287 = MANIFOLD_SOLID_BREP('',#8288);
#8288 = CLOSED_SHELL('',(#8289,#8329,#8360,#8391,#8413,#8425));
#8289 = ADVANCED_FACE('',(#8290),#8324,.T.);
#8290 = FACE_BOUND('',#8291,.T.);
#8291 = EDGE_LOOP('',(#8292,#8302,#8310,#8318));
#8292 = ORIENTED_EDGE('',*,*,#8293,.T.);
#8293 = EDGE_CURVE('',#8294,#8296,#8298,.T.);
#8294 = VERTEX_POINT('',#8295);
#8295 = CARTESIAN_POINT('',(11.075,-0.81,0.91));
#8296 = VERTEX_POINT('',#8297);
#8297 = CARTESIAN_POINT('',(11.075,-0.81,0.95));
#8298 = LINE('',#8299,#8300);
#8299 = CARTESIAN_POINT('',(11.075,-0.81,0.91));
#8300 = VECTOR('',#8301,1.);
#8301 = DIRECTION('',(0.,0.,1.));
#8302 = ORIENTED_EDGE('',*,*,#8303,.T.);
#8303 = EDGE_CURVE('',#8296,#8304,#8306,.T.);
#8304 = VERTEX_POINT('',#8305);
#8305 = CARTESIAN_POINT('',(11.075,-0.41,0.95));
#8306 = LINE('',#8307,#8308);
#8307 = CARTESIAN_POINT('',(11.075,-0.81,0.95));
#8308 = VECTOR('',#8309,1.);
#8309 = DIRECTION('',(0.,1.,0.));
#8310 = ORIENTED_EDGE('',*,*,#8311,.F.);
#8311 = EDGE_CURVE('',#8312,#8304,#8314,.T.);
#8312 = VERTEX_POINT('',#8313);
#8313 = CARTESIAN_POINT('',(11.075,-0.41,0.91));
#8314 = LINE('',#8315,#8316);
#8315 = CARTESIAN_POINT('',(11.075,-0.41,0.91));
#8316 = VECTOR('',#8317,1.);
#8317 = DIRECTION('',(0.,0.,1.));
#8318 = ORIENTED_EDGE('',*,*,#8319,.F.);
#8319 = EDGE_CURVE('',#8294,#8312,#8320,.T.);
#8320 = LINE('',#8321,#8322);
#8321 = CARTESIAN_POINT('',(11.075,-0.81,0.91));
#8322 = VECTOR('',#8323,1.);
#8323 = DIRECTION('',(0.,1.,0.));
#8324 = PLANE('',#8325);
#8325 = AXIS2_PLACEMENT_3D('',#8326,#8327,#8328);
#8326 = CARTESIAN_POINT('',(11.075,-0.81,0.91));
#8327 = DIRECTION('',(-1.,0.,0.));
#8328 = DIRECTION('',(0.,1.,0.));
#8329 = ADVANCED_FACE('',(#8330),#8355,.T.);
#8330 = FACE_BOUND('',#8331,.T.);
#8331 = EDGE_LOOP('',(#8332,#8333,#8341,#8349));
#8332 = ORIENTED_EDGE('',*,*,#8311,.T.);
#8333 = ORIENTED_EDGE('',*,*,#8334,.T.);
#8334 = EDGE_CURVE('',#8304,#8335,#8337,.T.);
#8335 = VERTEX_POINT('',#8336);
#8336 = CARTESIAN_POINT('',(13.075,-0.41,0.95));
#8337 = LINE('',#8338,#8339);
#8338 = CARTESIAN_POINT('',(11.075,-0.41,0.95));
#8339 = VECTOR('',#8340,1.);
#8340 = DIRECTION('',(1.,0.,0.));
#8341 = ORIENTED_EDGE('',*,*,#8342,.F.);
#8342 = EDGE_CURVE('',#8343,#8335,#8345,.T.);
#8343 = VERTEX_POINT('',#8344);
#8344 = CARTESIAN_POINT('',(13.075,-0.41,0.91));
#8345 = LINE('',#8346,#8347);
#8346 = CARTESIAN_POINT('',(13.075,-0.41,0.91));
#8347 = VECTOR('',#8348,1.);
#8348 = DIRECTION('',(0.,0.,1.));
#8349 = ORIENTED_EDGE('',*,*,#8350,.F.);
#8350 = EDGE_CURVE('',#8312,#8343,#8351,.T.);
#8351 = LINE('',#8352,#8353);
#8352 = CARTESIAN_POINT('',(11.075,-0.41,0.91));
#8353 = VECTOR('',#8354,1.);
#8354 = DIRECTION('',(1.,0.,0.));
#8355 = PLANE('',#8356);
#8356 = AXIS2_PLACEMENT_3D('',#8357,#8358,#8359);
#8357 = CARTESIAN_POINT('',(11.075,-0.41,0.91));
#8358 = DIRECTION('',(0.,1.,0.));
#8359 = DIRECTION('',(1.,0.,0.));
#8360 = ADVANCED_FACE('',(#8361),#8386,.T.);
#8361 = FACE_BOUND('',#8362,.T.);
#8362 = EDGE_LOOP('',(#8363,#8364,#8372,#8380));
#8363 = ORIENTED_EDGE('',*,*,#8342,.T.);
#8364 = ORIENTED_EDGE('',*,*,#8365,.T.);
#8365 = EDGE_CURVE('',#8335,#8366,#8368,.T.);
#8366 = VERTEX_POINT('',#8367);
#8367 = CARTESIAN_POINT('',(13.075,-0.81,0.95));
#8368 = LINE('',#8369,#8370);
#8369 = CARTESIAN_POINT('',(13.075,-0.41,0.95));
#8370 = VECTOR('',#8371,1.);
#8371 = DIRECTION('',(0.,-1.,0.));
#8372 = ORIENTED_EDGE('',*,*,#8373,.F.);
#8373 = EDGE_CURVE('',#8374,#8366,#8376,.T.);
#8374 = VERTEX_POINT('',#8375);
#8375 = CARTESIAN_POINT('',(13.075,-0.81,0.91));
#8376 = LINE('',#8377,#8378);
#8377 = CARTESIAN_POINT('',(13.075,-0.81,0.91));
#8378 = VECTOR('',#8379,1.);
#8379 = DIRECTION('',(0.,0.,1.));
#8380 = ORIENTED_EDGE('',*,*,#8381,.F.);
#8381 = EDGE_CURVE('',#8343,#8374,#8382,.T.);
#8382 = LINE('',#8383,#8384);
#8383 = CARTESIAN_POINT('',(13.075,-0.41,0.91));
#8384 = VECTOR('',#8385,1.);
#8385 = DIRECTION('',(0.,-1.,0.));
#8386 = PLANE('',#8387);
#8387 = AXIS2_PLACEMENT_3D('',#8388,#8389,#8390);
#8388 = CARTESIAN_POINT('',(13.075,-0.41,0.91));
#8389 = DIRECTION('',(1.,0.,-0.));
#8390 = DIRECTION('',(0.,-1.,0.));
#8391 = ADVANCED_FACE('',(#8392),#8408,.T.);
#8392 = FACE_BOUND('',#8393,.T.);
#8393 = EDGE_LOOP('',(#8394,#8395,#8401,#8402));
#8394 = ORIENTED_EDGE('',*,*,#8373,.T.);
#8395 = ORIENTED_EDGE('',*,*,#8396,.T.);
#8396 = EDGE_CURVE('',#8366,#8296,#8397,.T.);
#8397 = LINE('',#8398,#8399);
#8398 = CARTESIAN_POINT('',(13.075,-0.81,0.95));
#8399 = VECTOR('',#8400,1.);
#8400 = DIRECTION('',(-1.,0.,0.));
#8401 = ORIENTED_EDGE('',*,*,#8293,.F.);
#8402 = ORIENTED_EDGE('',*,*,#8403,.F.);
#8403 = EDGE_CURVE('',#8374,#8294,#8404,.T.);
#8404 = LINE('',#8405,#8406);
#8405 = CARTESIAN_POINT('',(13.075,-0.81,0.91));
#8406 = VECTOR('',#8407,1.);
#8407 = DIRECTION('',(-1.,0.,0.));
#8408 = PLANE('',#8409);
#8409 = AXIS2_PLACEMENT_3D('',#8410,#8411,#8412);
#8410 = CARTESIAN_POINT('',(13.075,-0.81,0.91));
#8411 = DIRECTION('',(0.,-1.,0.));
#8412 = DIRECTION('',(-1.,0.,0.));
#8413 = ADVANCED_FACE('',(#8414),#8420,.F.);
#8414 = FACE_BOUND('',#8415,.T.);
#8415 = EDGE_LOOP('',(#8416,#8417,#8418,#8419));
#8416 = ORIENTED_EDGE('',*,*,#8319,.T.);
#8417 = ORIENTED_EDGE('',*,*,#8350,.T.);
#8418 = ORIENTED_EDGE('',*,*,#8381,.T.);
#8419 = ORIENTED_EDGE('',*,*,#8403,.T.);
#8420 = PLANE('',#8421);
#8421 = AXIS2_PLACEMENT_3D('',#8422,#8423,#8424);
#8422 = CARTESIAN_POINT('',(0.,0.,0.91));
#8423 = DIRECTION('',(0.,0.,1.));
#8424 = DIRECTION('',(1.,0.,-0.));
#8425 = ADVANCED_FACE('',(#8426),#8432,.T.);
#8426 = FACE_BOUND('',#8427,.F.);
#8427 = EDGE_LOOP('',(#8428,#8429,#8430,#8431));
#8428 = ORIENTED_EDGE('',*,*,#8303,.T.);
#8429 = ORIENTED_EDGE('',*,*,#8334,.T.);
#8430 = ORIENTED_EDGE('',*,*,#8365,.T.);
#8431 = ORIENTED_EDGE('',*,*,#8396,.T.);
#8432 = PLANE('',#8433);
#8433 = AXIS2_PLACEMENT_3D('',#8434,#8435,#8436);
#8434 = CARTESIAN_POINT('',(0.,0.,0.95));
#8435 = DIRECTION('',(0.,0.,1.));
#8436 = DIRECTION('',(1.,0.,-0.));
#8437 = MANIFOLD_SOLID_BREP('',#8438);
#8438 = CLOSED_SHELL('',(#8439,#8481,#8512,#8545,#8576,#8609,#8640,#8673
    ,#8695,#8711));
#8439 = ADVANCED_FACE('',(#8440),#8476,.T.);
#8440 = FACE_BOUND('',#8441,.F.);
#8441 = EDGE_LOOP('',(#8442,#8452,#8461,#8469));
#8442 = ORIENTED_EDGE('',*,*,#8443,.T.);
#8443 = EDGE_CURVE('',#8444,#8446,#8448,.T.);
#8444 = VERTEX_POINT('',#8445);
#8445 = CARTESIAN_POINT('',(18.75,-1.75,0.));
#8446 = VERTEX_POINT('',#8447);
#8447 = CARTESIAN_POINT('',(18.75,-1.75,-4.E-02));
#8448 = LINE('',#8449,#8450);
#8449 = CARTESIAN_POINT('',(18.75,-1.75,0.));
#8450 = VECTOR('',#8451,1.);
#8451 = DIRECTION('',(0.,0.,-1.));
#8452 = ORIENTED_EDGE('',*,*,#8453,.T.);
#8453 = EDGE_CURVE('',#8446,#8454,#8456,.T.);
#8454 = VERTEX_POINT('',#8455);
#8455 = CARTESIAN_POINT('',(18.975,-1.525,-4.E-02));
#8456 = CIRCLE('',#8457,0.225000087974);
#8457 = AXIS2_PLACEMENT_3D('',#8458,#8459,#8460);
#8458 = CARTESIAN_POINT('',(18.975000087974,-1.750000087974,-4.E-02));
#8459 = DIRECTION('',(0.,0.,-1.));
#8460 = DIRECTION('',(-1.,3.909953704882E-07,0.));
#8461 = ORIENTED_EDGE('',*,*,#8462,.F.);
#8462 = EDGE_CURVE('',#8463,#8454,#8465,.T.);
#8463 = VERTEX_POINT('',#8464);
#8464 = CARTESIAN_POINT('',(18.975,-1.525,0.));
#8465 = LINE('',#8466,#8467);
#8466 = CARTESIAN_POINT('',(18.975,-1.525,0.));
#8467 = VECTOR('',#8468,1.);
#8468 = DIRECTION('',(0.,0.,-1.));
#8469 = ORIENTED_EDGE('',*,*,#8470,.F.);
#8470 = EDGE_CURVE('',#8444,#8463,#8471,.T.);
#8471 = CIRCLE('',#8472,0.225000087974);
#8472 = AXIS2_PLACEMENT_3D('',#8473,#8474,#8475);
#8473 = CARTESIAN_POINT('',(18.975000087974,-1.750000087974,0.));
#8474 = DIRECTION('',(0.,0.,-1.));
#8475 = DIRECTION('',(-1.,3.909953704882E-07,0.));
#8476 = CYLINDRICAL_SURFACE('',#8477,0.225000087974);
#8477 = AXIS2_PLACEMENT_3D('',#8478,#8479,#8480);
#8478 = CARTESIAN_POINT('',(18.975000087974,-1.750000087974,0.));
#8479 = DIRECTION('',(-0.,-0.,1.));
#8480 = DIRECTION('',(-1.,3.909953704882E-07,0.));
#8481 = ADVANCED_FACE('',(#8482),#8507,.F.);
#8482 = FACE_BOUND('',#8483,.F.);
#8483 = EDGE_LOOP('',(#8484,#8485,#8493,#8501));
#8484 = ORIENTED_EDGE('',*,*,#8462,.T.);
#8485 = ORIENTED_EDGE('',*,*,#8486,.T.);
#8486 = EDGE_CURVE('',#8454,#8487,#8489,.T.);
#8487 = VERTEX_POINT('',#8488);
#8488 = CARTESIAN_POINT('',(19.425,-1.525,-4.E-02));
#8489 = LINE('',#8490,#8491);
#8490 = CARTESIAN_POINT('',(18.975,-1.525,-4.E-02));
#8491 = VECTOR('',#8492,1.);
#8492 = DIRECTION('',(1.,0.,0.));
#8493 = ORIENTED_EDGE('',*,*,#8494,.F.);
#8494 = EDGE_CURVE('',#8495,#8487,#8497,.T.);
#8495 = VERTEX_POINT('',#8496);
#8496 = CARTESIAN_POINT('',(19.425,-1.525,0.));
#8497 = LINE('',#8498,#8499);
#8498 = CARTESIAN_POINT('',(19.425,-1.525,0.));
#8499 = VECTOR('',#8500,1.);
#8500 = DIRECTION('',(0.,0.,-1.));
#8501 = ORIENTED_EDGE('',*,*,#8502,.F.);
#8502 = EDGE_CURVE('',#8463,#8495,#8503,.T.);
#8503 = LINE('',#8504,#8505);
#8504 = CARTESIAN_POINT('',(18.975,-1.525,0.));
#8505 = VECTOR('',#8506,1.);
#8506 = DIRECTION('',(1.,0.,0.));
#8507 = PLANE('',#8508);
#8508 = AXIS2_PLACEMENT_3D('',#8509,#8510,#8511);
#8509 = CARTESIAN_POINT('',(18.975,-1.525,0.));
#8510 = DIRECTION('',(0.,-1.,0.));
#8511 = DIRECTION('',(1.,0.,0.));
#8512 = ADVANCED_FACE('',(#8513),#8540,.T.);
#8513 = FACE_BOUND('',#8514,.F.);
#8514 = EDGE_LOOP('',(#8515,#8516,#8525,#8533));
#8515 = ORIENTED_EDGE('',*,*,#8494,.T.);
#8516 = ORIENTED_EDGE('',*,*,#8517,.T.);
#8517 = EDGE_CURVE('',#8487,#8518,#8520,.T.);
#8518 = VERTEX_POINT('',#8519);
#8519 = CARTESIAN_POINT('',(19.65,-1.75,-4.E-02));
#8520 = CIRCLE('',#8521,0.225000087974);
#8521 = AXIS2_PLACEMENT_3D('',#8522,#8523,#8524);
#8522 = CARTESIAN_POINT('',(19.424999912026,-1.750000087974,-4.E-02));
#8523 = DIRECTION('',(0.,0.,-1.));
#8524 = DIRECTION('',(3.909953773963E-07,1.,0.));
#8525 = ORIENTED_EDGE('',*,*,#8526,.F.);
#8526 = EDGE_CURVE('',#8527,#8518,#8529,.T.);
#8527 = VERTEX_POINT('',#8528);
#8528 = CARTESIAN_POINT('',(19.65,-1.75,0.));
#8529 = LINE('',#8530,#8531);
#8530 = CARTESIAN_POINT('',(19.65,-1.75,0.));
#8531 = VECTOR('',#8532,1.);
#8532 = DIRECTION('',(0.,0.,-1.));
#8533 = ORIENTED_EDGE('',*,*,#8534,.F.);
#8534 = EDGE_CURVE('',#8495,#8527,#8535,.T.);
#8535 = CIRCLE('',#8536,0.225000087974);
#8536 = AXIS2_PLACEMENT_3D('',#8537,#8538,#8539);
#8537 = CARTESIAN_POINT('',(19.424999912026,-1.750000087974,0.));
#8538 = DIRECTION('',(0.,0.,-1.));
#8539 = DIRECTION('',(3.909953773963E-07,1.,0.));
#8540 = CYLINDRICAL_SURFACE('',#8541,0.225000087974);
#8541 = AXIS2_PLACEMENT_3D('',#8542,#8543,#8544);
#8542 = CARTESIAN_POINT('',(19.424999912026,-1.750000087974,0.));
#8543 = DIRECTION('',(-0.,-0.,1.));
#8544 = DIRECTION('',(3.909953773963E-07,1.,0.));
#8545 = ADVANCED_FACE('',(#8546),#8571,.F.);
#8546 = FACE_BOUND('',#8547,.F.);
#8547 = EDGE_LOOP('',(#8548,#8549,#8557,#8565));
#8548 = ORIENTED_EDGE('',*,*,#8526,.T.);
#8549 = ORIENTED_EDGE('',*,*,#8550,.T.);
#8550 = EDGE_CURVE('',#8518,#8551,#8553,.T.);
#8551 = VERTEX_POINT('',#8552);
#8552 = CARTESIAN_POINT('',(19.65,-2.25,-4.E-02));
#8553 = LINE('',#8554,#8555);
#8554 = CARTESIAN_POINT('',(19.65,-1.75,-4.E-02));
#8555 = VECTOR('',#8556,1.);
#8556 = DIRECTION('',(0.,-1.,0.));
#8557 = ORIENTED_EDGE('',*,*,#8558,.F.);
#8558 = EDGE_CURVE('',#8559,#8551,#8561,.T.);
#8559 = VERTEX_POINT('',#8560);
#8560 = CARTESIAN_POINT('',(19.65,-2.25,0.));
#8561 = LINE('',#8562,#8563);
#8562 = CARTESIAN_POINT('',(19.65,-2.25,0.));
#8563 = VECTOR('',#8564,1.);
#8564 = DIRECTION('',(0.,0.,-1.));
#8565 = ORIENTED_EDGE('',*,*,#8566,.F.);
#8566 = EDGE_CURVE('',#8527,#8559,#8567,.T.);
#8567 = LINE('',#8568,#8569);
#8568 = CARTESIAN_POINT('',(19.65,-1.75,0.));
#8569 = VECTOR('',#8570,1.);
#8570 = DIRECTION('',(0.,-1.,0.));
#8571 = PLANE('',#8572);
#8572 = AXIS2_PLACEMENT_3D('',#8573,#8574,#8575);
#8573 = CARTESIAN_POINT('',(19.65,-1.75,0.));
#8574 = DIRECTION('',(-1.,-0.,-0.));
#8575 = DIRECTION('',(0.,-1.,0.));
#8576 = ADVANCED_FACE('',(#8577),#8604,.T.);
#8577 = FACE_BOUND('',#8578,.F.);
#8578 = EDGE_LOOP('',(#8579,#8580,#8589,#8597));
#8579 = ORIENTED_EDGE('',*,*,#8558,.T.);
#8580 = ORIENTED_EDGE('',*,*,#8581,.T.);
#8581 = EDGE_CURVE('',#8551,#8582,#8584,.T.);
#8582 = VERTEX_POINT('',#8583);
#8583 = CARTESIAN_POINT('',(19.425,-2.475,-4.E-02));
#8584 = CIRCLE('',#8585,0.225000087974);
#8585 = AXIS2_PLACEMENT_3D('',#8586,#8587,#8588);
#8586 = CARTESIAN_POINT('',(19.424999912026,-2.249999912026,-4.E-02));
#8587 = DIRECTION('',(0.,0.,-1.));
#8588 = DIRECTION('',(1.,-3.909953695014E-07,0.));
#8589 = ORIENTED_EDGE('',*,*,#8590,.F.);
#8590 = EDGE_CURVE('',#8591,#8582,#8593,.T.);
#8591 = VERTEX_POINT('',#8592);
#8592 = CARTESIAN_POINT('',(19.425,-2.475,0.));
#8593 = LINE('',#8594,#8595);
#8594 = CARTESIAN_POINT('',(19.425,-2.475,0.));
#8595 = VECTOR('',#8596,1.);
#8596 = DIRECTION('',(0.,0.,-1.));
#8597 = ORIENTED_EDGE('',*,*,#8598,.F.);
#8598 = EDGE_CURVE('',#8559,#8591,#8599,.T.);
#8599 = CIRCLE('',#8600,0.225000087974);
#8600 = AXIS2_PLACEMENT_3D('',#8601,#8602,#8603);
#8601 = CARTESIAN_POINT('',(19.424999912026,-2.249999912026,0.));
#8602 = DIRECTION('',(0.,0.,-1.));
#8603 = DIRECTION('',(1.,-3.909953695014E-07,0.));
#8604 = CYLINDRICAL_SURFACE('',#8605,0.225000087974);
#8605 = AXIS2_PLACEMENT_3D('',#8606,#8607,#8608);
#8606 = CARTESIAN_POINT('',(19.424999912026,-2.249999912026,0.));
#8607 = DIRECTION('',(-0.,-0.,1.));
#8608 = DIRECTION('',(1.,-3.909953695014E-07,0.));
#8609 = ADVANCED_FACE('',(#8610),#8635,.F.);
#8610 = FACE_BOUND('',#8611,.F.);
#8611 = EDGE_LOOP('',(#8612,#8613,#8621,#8629));
#8612 = ORIENTED_EDGE('',*,*,#8590,.T.);
#8613 = ORIENTED_EDGE('',*,*,#8614,.T.);
#8614 = EDGE_CURVE('',#8582,#8615,#8617,.T.);
#8615 = VERTEX_POINT('',#8616);
#8616 = CARTESIAN_POINT('',(18.975,-2.475,-4.E-02));
#8617 = LINE('',#8618,#8619);
#8618 = CARTESIAN_POINT('',(19.425,-2.475,-4.E-02));
#8619 = VECTOR('',#8620,1.);
#8620 = DIRECTION('',(-1.,0.,0.));
#8621 = ORIENTED_EDGE('',*,*,#8622,.F.);
#8622 = EDGE_CURVE('',#8623,#8615,#8625,.T.);
#8623 = VERTEX_POINT('',#8624);
#8624 = CARTESIAN_POINT('',(18.975,-2.475,0.));
#8625 = LINE('',#8626,#8627);
#8626 = CARTESIAN_POINT('',(18.975,-2.475,0.));
#8627 = VECTOR('',#8628,1.);
#8628 = DIRECTION('',(0.,0.,-1.));
#8629 = ORIENTED_EDGE('',*,*,#8630,.F.);
#8630 = EDGE_CURVE('',#8591,#8623,#8631,.T.);
#8631 = LINE('',#8632,#8633);
#8632 = CARTESIAN_POINT('',(19.425,-2.475,0.));
#8633 = VECTOR('',#8634,1.);
#8634 = DIRECTION('',(-1.,0.,0.));
#8635 = PLANE('',#8636);
#8636 = AXIS2_PLACEMENT_3D('',#8637,#8638,#8639);
#8637 = CARTESIAN_POINT('',(19.425,-2.475,0.));
#8638 = DIRECTION('',(0.,1.,0.));
#8639 = DIRECTION('',(-1.,0.,0.));
#8640 = ADVANCED_FACE('',(#8641),#8668,.T.);
#8641 = FACE_BOUND('',#8642,.F.);
#8642 = EDGE_LOOP('',(#8643,#8644,#8653,#8661));
#8643 = ORIENTED_EDGE('',*,*,#8622,.T.);
#8644 = ORIENTED_EDGE('',*,*,#8645,.T.);
#8645 = EDGE_CURVE('',#8615,#8646,#8648,.T.);
#8646 = VERTEX_POINT('',#8647);
#8647 = CARTESIAN_POINT('',(18.75,-2.25,-4.E-02));
#8648 = CIRCLE('',#8649,0.225000087974);
#8649 = AXIS2_PLACEMENT_3D('',#8650,#8651,#8652);
#8650 = CARTESIAN_POINT('',(18.975000087974,-2.249999912026,-4.E-02));
#8651 = DIRECTION('',(0.,0.,-1.));
#8652 = DIRECTION('',(-3.909953773963E-07,-1.,-0.));
#8653 = ORIENTED_EDGE('',*,*,#8654,.F.);
#8654 = EDGE_CURVE('',#8655,#8646,#8657,.T.);
#8655 = VERTEX_POINT('',#8656);
#8656 = CARTESIAN_POINT('',(18.75,-2.25,0.));
#8657 = LINE('',#8658,#8659);
#8658 = CARTESIAN_POINT('',(18.75,-2.25,0.));
#8659 = VECTOR('',#8660,1.);
#8660 = DIRECTION('',(0.,0.,-1.));
#8661 = ORIENTED_EDGE('',*,*,#8662,.F.);
#8662 = EDGE_CURVE('',#8623,#8655,#8663,.T.);
#8663 = CIRCLE('',#8664,0.225000087974);
#8664 = AXIS2_PLACEMENT_3D('',#8665,#8666,#8667);
#8665 = CARTESIAN_POINT('',(18.975000087974,-2.249999912026,0.));
#8666 = DIRECTION('',(0.,0.,-1.));
#8667 = DIRECTION('',(-3.909953773963E-07,-1.,-0.));
#8668 = CYLINDRICAL_SURFACE('',#8669,0.225000087974);
#8669 = AXIS2_PLACEMENT_3D('',#8670,#8671,#8672);
#8670 = CARTESIAN_POINT('',(18.975000087974,-2.249999912026,0.));
#8671 = DIRECTION('',(-0.,-0.,1.));
#8672 = DIRECTION('',(-3.909953773963E-07,-1.,-0.));
#8673 = ADVANCED_FACE('',(#8674),#8690,.F.);
#8674 = FACE_BOUND('',#8675,.F.);
#8675 = EDGE_LOOP('',(#8676,#8677,#8683,#8684));
#8676 = ORIENTED_EDGE('',*,*,#8654,.T.);
#8677 = ORIENTED_EDGE('',*,*,#8678,.T.);
#8678 = EDGE_CURVE('',#8646,#8446,#8679,.T.);
#8679 = LINE('',#8680,#8681);
#8680 = CARTESIAN_POINT('',(18.75,-2.25,-4.E-02));
#8681 = VECTOR('',#8682,1.);
#8682 = DIRECTION('',(0.,1.,0.));
#8683 = ORIENTED_EDGE('',*,*,#8443,.F.);
#8684 = ORIENTED_EDGE('',*,*,#8685,.F.);
#8685 = EDGE_CURVE('',#8655,#8444,#8686,.T.);
#8686 = LINE('',#8687,#8688);
#8687 = CARTESIAN_POINT('',(18.75,-2.25,0.));
#8688 = VECTOR('',#8689,1.);
#8689 = DIRECTION('',(0.,1.,0.));
#8690 = PLANE('',#8691);
#8691 = AXIS2_PLACEMENT_3D('',#8692,#8693,#8694);
#8692 = CARTESIAN_POINT('',(18.75,-2.25,0.));
#8693 = DIRECTION('',(1.,-0.,0.));
#8694 = DIRECTION('',(0.,1.,0.));
#8695 = ADVANCED_FACE('',(#8696),#8706,.F.);
#8696 = FACE_BOUND('',#8697,.F.);
#8697 = EDGE_LOOP('',(#8698,#8699,#8700,#8701,#8702,#8703,#8704,#8705));
#8698 = ORIENTED_EDGE('',*,*,#8470,.T.);
#8699 = ORIENTED_EDGE('',*,*,#8502,.T.);
#8700 = ORIENTED_EDGE('',*,*,#8534,.T.);
#8701 = ORIENTED_EDGE('',*,*,#8566,.T.);
#8702 = ORIENTED_EDGE('',*,*,#8598,.T.);
#8703 = ORIENTED_EDGE('',*,*,#8630,.T.);
#8704 = ORIENTED_EDGE('',*,*,#8662,.T.);
#8705 = ORIENTED_EDGE('',*,*,#8685,.T.);
#8706 = PLANE('',#8707);
#8707 = AXIS2_PLACEMENT_3D('',#8708,#8709,#8710);
#8708 = CARTESIAN_POINT('',(0.,0.,0.));
#8709 = DIRECTION('',(-0.,-0.,-1.));
#8710 = DIRECTION('',(-1.,0.,0.));
#8711 = ADVANCED_FACE('',(#8712),#8722,.T.);
#8712 = FACE_BOUND('',#8713,.T.);
#8713 = EDGE_LOOP('',(#8714,#8715,#8716,#8717,#8718,#8719,#8720,#8721));
#8714 = ORIENTED_EDGE('',*,*,#8453,.T.);
#8715 = ORIENTED_EDGE('',*,*,#8486,.T.);
#8716 = ORIENTED_EDGE('',*,*,#8517,.T.);
#8717 = ORIENTED_EDGE('',*,*,#8550,.T.);
#8718 = ORIENTED_EDGE('',*,*,#8581,.T.);
#8719 = ORIENTED_EDGE('',*,*,#8614,.T.);
#8720 = ORIENTED_EDGE('',*,*,#8645,.T.);
#8721 = ORIENTED_EDGE('',*,*,#8678,.T.);
#8722 = PLANE('',#8723);
#8723 = AXIS2_PLACEMENT_3D('',#8724,#8725,#8726);
#8724 = CARTESIAN_POINT('',(0.,0.,-4.E-02));
#8725 = DIRECTION('',(-0.,-0.,-1.));
#8726 = DIRECTION('',(-1.,0.,0.));
#8727 = MANIFOLD_SOLID_BREP('',#8728);
#8728 = CLOSED_SHELL('',(#8729,#8769,#8800,#8831,#8853,#8865));
#8729 = ADVANCED_FACE('',(#8730),#8764,.T.);
#8730 = FACE_BOUND('',#8731,.T.);
#8731 = EDGE_LOOP('',(#8732,#8742,#8750,#8758));
#8732 = ORIENTED_EDGE('',*,*,#8733,.T.);
#8733 = EDGE_CURVE('',#8734,#8736,#8738,.T.);
#8734 = VERTEX_POINT('',#8735);
#8735 = CARTESIAN_POINT('',(11.075,-7.63,0.91));
#8736 = VERTEX_POINT('',#8737);
#8737 = CARTESIAN_POINT('',(11.075,-7.63,0.95));
#8738 = LINE('',#8739,#8740);
#8739 = CARTESIAN_POINT('',(11.075,-7.63,0.91));
#8740 = VECTOR('',#8741,1.);
#8741 = DIRECTION('',(0.,0.,1.));
#8742 = ORIENTED_EDGE('',*,*,#8743,.T.);
#8743 = EDGE_CURVE('',#8736,#8744,#8746,.T.);
#8744 = VERTEX_POINT('',#8745);
#8745 = CARTESIAN_POINT('',(11.075,-7.23,0.95));
#8746 = LINE('',#8747,#8748);
#8747 = CARTESIAN_POINT('',(11.075,-7.63,0.95));
#8748 = VECTOR('',#8749,1.);
#8749 = DIRECTION('',(0.,1.,0.));
#8750 = ORIENTED_EDGE('',*,*,#8751,.F.);
#8751 = EDGE_CURVE('',#8752,#8744,#8754,.T.);
#8752 = VERTEX_POINT('',#8753);
#8753 = CARTESIAN_POINT('',(11.075,-7.23,0.91));
#8754 = LINE('',#8755,#8756);
#8755 = CARTESIAN_POINT('',(11.075,-7.23,0.91));
#8756 = VECTOR('',#8757,1.);
#8757 = DIRECTION('',(0.,0.,1.));
#8758 = ORIENTED_EDGE('',*,*,#8759,.F.);
#8759 = EDGE_CURVE('',#8734,#8752,#8760,.T.);
#8760 = LINE('',#8761,#8762);
#8761 = CARTESIAN_POINT('',(11.075,-7.63,0.91));
#8762 = VECTOR('',#8763,1.);
#8763 = DIRECTION('',(0.,1.,0.));
#8764 = PLANE('',#8765);
#8765 = AXIS2_PLACEMENT_3D('',#8766,#8767,#8768);
#8766 = CARTESIAN_POINT('',(11.075,-7.63,0.91));
#8767 = DIRECTION('',(-1.,0.,0.));
#8768 = DIRECTION('',(0.,1.,0.));
#8769 = ADVANCED_FACE('',(#8770),#8795,.T.);
#8770 = FACE_BOUND('',#8771,.T.);
#8771 = EDGE_LOOP('',(#8772,#8773,#8781,#8789));
#8772 = ORIENTED_EDGE('',*,*,#8751,.T.);
#8773 = ORIENTED_EDGE('',*,*,#8774,.T.);
#8774 = EDGE_CURVE('',#8744,#8775,#8777,.T.);
#8775 = VERTEX_POINT('',#8776);
#8776 = CARTESIAN_POINT('',(13.075,-7.23,0.95));
#8777 = LINE('',#8778,#8779);
#8778 = CARTESIAN_POINT('',(11.075,-7.23,0.95));
#8779 = VECTOR('',#8780,1.);
#8780 = DIRECTION('',(1.,0.,0.));
#8781 = ORIENTED_EDGE('',*,*,#8782,.F.);
#8782 = EDGE_CURVE('',#8783,#8775,#8785,.T.);
#8783 = VERTEX_POINT('',#8784);
#8784 = CARTESIAN_POINT('',(13.075,-7.23,0.91));
#8785 = LINE('',#8786,#8787);
#8786 = CARTESIAN_POINT('',(13.075,-7.23,0.91));
#8787 = VECTOR('',#8788,1.);
#8788 = DIRECTION('',(0.,0.,1.));
#8789 = ORIENTED_EDGE('',*,*,#8790,.F.);
#8790 = EDGE_CURVE('',#8752,#8783,#8791,.T.);
#8791 = LINE('',#8792,#8793);
#8792 = CARTESIAN_POINT('',(11.075,-7.23,0.91));
#8793 = VECTOR('',#8794,1.);
#8794 = DIRECTION('',(1.,0.,0.));
#8795 = PLANE('',#8796);
#8796 = AXIS2_PLACEMENT_3D('',#8797,#8798,#8799);
#8797 = CARTESIAN_POINT('',(11.075,-7.23,0.91));
#8798 = DIRECTION('',(0.,1.,0.));
#8799 = DIRECTION('',(1.,0.,0.));
#8800 = ADVANCED_FACE('',(#8801),#8826,.T.);
#8801 = FACE_BOUND('',#8802,.T.);
#8802 = EDGE_LOOP('',(#8803,#8804,#8812,#8820));
#8803 = ORIENTED_EDGE('',*,*,#8782,.T.);
#8804 = ORIENTED_EDGE('',*,*,#8805,.T.);
#8805 = EDGE_CURVE('',#8775,#8806,#8808,.T.);
#8806 = VERTEX_POINT('',#8807);
#8807 = CARTESIAN_POINT('',(13.075,-7.63,0.95));
#8808 = LINE('',#8809,#8810);
#8809 = CARTESIAN_POINT('',(13.075,-7.23,0.95));
#8810 = VECTOR('',#8811,1.);
#8811 = DIRECTION('',(0.,-1.,0.));
#8812 = ORIENTED_EDGE('',*,*,#8813,.F.);
#8813 = EDGE_CURVE('',#8814,#8806,#8816,.T.);
#8814 = VERTEX_POINT('',#8815);
#8815 = CARTESIAN_POINT('',(13.075,-7.63,0.91));
#8816 = LINE('',#8817,#8818);
#8817 = CARTESIAN_POINT('',(13.075,-7.63,0.91));
#8818 = VECTOR('',#8819,1.);
#8819 = DIRECTION('',(0.,0.,1.));
#8820 = ORIENTED_EDGE('',*,*,#8821,.F.);
#8821 = EDGE_CURVE('',#8783,#8814,#8822,.T.);
#8822 = LINE('',#8823,#8824);
#8823 = CARTESIAN_POINT('',(13.075,-7.23,0.91));
#8824 = VECTOR('',#8825,1.);
#8825 = DIRECTION('',(0.,-1.,0.));
#8826 = PLANE('',#8827);
#8827 = AXIS2_PLACEMENT_3D('',#8828,#8829,#8830);
#8828 = CARTESIAN_POINT('',(13.075,-7.23,0.91));
#8829 = DIRECTION('',(1.,0.,-0.));
#8830 = DIRECTION('',(0.,-1.,0.));
#8831 = ADVANCED_FACE('',(#8832),#8848,.T.);
#8832 = FACE_BOUND('',#8833,.T.);
#8833 = EDGE_LOOP('',(#8834,#8835,#8841,#8842));
#8834 = ORIENTED_EDGE('',*,*,#8813,.T.);
#8835 = ORIENTED_EDGE('',*,*,#8836,.T.);
#8836 = EDGE_CURVE('',#8806,#8736,#8837,.T.);
#8837 = LINE('',#8838,#8839);
#8838 = CARTESIAN_POINT('',(13.075,-7.63,0.95));
#8839 = VECTOR('',#8840,1.);
#8840 = DIRECTION('',(-1.,0.,0.));
#8841 = ORIENTED_EDGE('',*,*,#8733,.F.);
#8842 = ORIENTED_EDGE('',*,*,#8843,.F.);
#8843 = EDGE_CURVE('',#8814,#8734,#8844,.T.);
#8844 = LINE('',#8845,#8846);
#8845 = CARTESIAN_POINT('',(13.075,-7.63,0.91));
#8846 = VECTOR('',#8847,1.);
#8847 = DIRECTION('',(-1.,0.,0.));
#8848 = PLANE('',#8849);
#8849 = AXIS2_PLACEMENT_3D('',#8850,#8851,#8852);
#8850 = CARTESIAN_POINT('',(13.075,-7.63,0.91));
#8851 = DIRECTION('',(0.,-1.,0.));
#8852 = DIRECTION('',(-1.,0.,0.));
#8853 = ADVANCED_FACE('',(#8854),#8860,.F.);
#8854 = FACE_BOUND('',#8855,.T.);
#8855 = EDGE_LOOP('',(#8856,#8857,#8858,#8859));
#8856 = ORIENTED_EDGE('',*,*,#8759,.T.);
#8857 = ORIENTED_EDGE('',*,*,#8790,.T.);
#8858 = ORIENTED_EDGE('',*,*,#8821,.T.);
#8859 = ORIENTED_EDGE('',*,*,#8843,.T.);
#8860 = PLANE('',#8861);
#8861 = AXIS2_PLACEMENT_3D('',#8862,#8863,#8864);
#8862 = CARTESIAN_POINT('',(0.,0.,0.91));
#8863 = DIRECTION('',(0.,0.,1.));
#8864 = DIRECTION('',(1.,0.,-0.));
#8865 = ADVANCED_FACE('',(#8866),#8872,.T.);
#8866 = FACE_BOUND('',#8867,.F.);
#8867 = EDGE_LOOP('',(#8868,#8869,#8870,#8871));
#8868 = ORIENTED_EDGE('',*,*,#8743,.T.);
#8869 = ORIENTED_EDGE('',*,*,#8774,.T.);
#8870 = ORIENTED_EDGE('',*,*,#8805,.T.);
#8871 = ORIENTED_EDGE('',*,*,#8836,.T.);
#8872 = PLANE('',#8873);
#8873 = AXIS2_PLACEMENT_3D('',#8874,#8875,#8876);
#8874 = CARTESIAN_POINT('',(0.,0.,0.95));
#8875 = DIRECTION('',(0.,0.,1.));
#8876 = DIRECTION('',(1.,0.,-0.));
#8877 = MANIFOLD_SOLID_BREP('',#8878);
#8878 = CLOSED_SHELL('',(#8879,#8921,#8952,#8985,#9016,#9049,#9080,#9113
    ,#9135,#9151));
#8879 = ADVANCED_FACE('',(#8880),#8916,.T.);
#8880 = FACE_BOUND('',#8881,.F.);
#8881 = EDGE_LOOP('',(#8882,#8892,#8901,#8909));
#8882 = ORIENTED_EDGE('',*,*,#8883,.T.);
#8883 = EDGE_CURVE('',#8884,#8886,#8888,.T.);
#8884 = VERTEX_POINT('',#8885);
#8885 = CARTESIAN_POINT('',(20.375,-6.925,0.));
#8886 = VERTEX_POINT('',#8887);
#8887 = CARTESIAN_POINT('',(20.375,-6.925,-4.E-02));
#8888 = LINE('',#8889,#8890);
#8889 = CARTESIAN_POINT('',(20.375,-6.925,0.));
#8890 = VECTOR('',#8891,1.);
#8891 = DIRECTION('',(0.,0.,-1.));
#8892 = ORIENTED_EDGE('',*,*,#8893,.T.);
#8893 = EDGE_CURVE('',#8886,#8894,#8896,.T.);
#8894 = VERTEX_POINT('',#8895);
#8895 = CARTESIAN_POINT('',(20.575,-6.725,-4.E-02));
#8896 = CIRCLE('',#8897,0.200001216283);
#8897 = AXIS2_PLACEMENT_3D('',#8898,#8899,#8900);
#8898 = CARTESIAN_POINT('',(20.575001216279,-6.925001216279,-4.E-02));
#8899 = DIRECTION('',(0.,0.,-1.));
#8900 = DIRECTION('',(-0.999999999982,6.081358936913E-06,0.));
#8901 = ORIENTED_EDGE('',*,*,#8902,.F.);
#8902 = EDGE_CURVE('',#8903,#8894,#8905,.T.);
#8903 = VERTEX_POINT('',#8904);
#8904 = CARTESIAN_POINT('',(20.575,-6.725,0.));
#8905 = LINE('',#8906,#8907);
#8906 = CARTESIAN_POINT('',(20.575,-6.725,0.));
#8907 = VECTOR('',#8908,1.);
#8908 = DIRECTION('',(0.,0.,-1.));
#8909 = ORIENTED_EDGE('',*,*,#8910,.F.);
#8910 = EDGE_CURVE('',#8884,#8903,#8911,.T.);
#8911 = CIRCLE('',#8912,0.200001216283);
#8912 = AXIS2_PLACEMENT_3D('',#8913,#8914,#8915);
#8913 = CARTESIAN_POINT('',(20.575001216279,-6.925001216279,0.));
#8914 = DIRECTION('',(0.,0.,-1.));
#8915 = DIRECTION('',(-0.999999999982,6.081358936913E-06,0.));
#8916 = CYLINDRICAL_SURFACE('',#8917,0.200001216283);
#8917 = AXIS2_PLACEMENT_3D('',#8918,#8919,#8920);
#8918 = CARTESIAN_POINT('',(20.575001216279,-6.925001216279,0.));
#8919 = DIRECTION('',(-0.,-0.,1.));
#8920 = DIRECTION('',(-0.999999999982,6.081358936913E-06,0.));
#8921 = ADVANCED_FACE('',(#8922),#8947,.F.);
#8922 = FACE_BOUND('',#8923,.F.);
#8923 = EDGE_LOOP('',(#8924,#8925,#8933,#8941));
#8924 = ORIENTED_EDGE('',*,*,#8902,.T.);
#8925 = ORIENTED_EDGE('',*,*,#8926,.T.);
#8926 = EDGE_CURVE('',#8894,#8927,#8929,.T.);
#8927 = VERTEX_POINT('',#8928);
#8928 = CARTESIAN_POINT('',(20.975,-6.725,-4.E-02));
#8929 = LINE('',#8930,#8931);
#8930 = CARTESIAN_POINT('',(20.575,-6.725,-4.E-02));
#8931 = VECTOR('',#8932,1.);
#8932 = DIRECTION('',(1.,0.,0.));
#8933 = ORIENTED_EDGE('',*,*,#8934,.F.);
#8934 = EDGE_CURVE('',#8935,#8927,#8937,.T.);
#8935 = VERTEX_POINT('',#8936);
#8936 = CARTESIAN_POINT('',(20.975,-6.725,0.));
#8937 = LINE('',#8938,#8939);
#8938 = CARTESIAN_POINT('',(20.975,-6.725,0.));
#8939 = VECTOR('',#8940,1.);
#8940 = DIRECTION('',(0.,0.,-1.));
#8941 = ORIENTED_EDGE('',*,*,#8942,.F.);
#8942 = EDGE_CURVE('',#8903,#8935,#8943,.T.);
#8943 = LINE('',#8944,#8945);
#8944 = CARTESIAN_POINT('',(20.575,-6.725,0.));
#8945 = VECTOR('',#8946,1.);
#8946 = DIRECTION('',(1.,0.,0.));
#8947 = PLANE('',#8948);
#8948 = AXIS2_PLACEMENT_3D('',#8949,#8950,#8951);
#8949 = CARTESIAN_POINT('',(20.575,-6.725,0.));
#8950 = DIRECTION('',(0.,-1.,0.));
#8951 = DIRECTION('',(1.,0.,0.));
#8952 = ADVANCED_FACE('',(#8953),#8980,.T.);
#8953 = FACE_BOUND('',#8954,.F.);
#8954 = EDGE_LOOP('',(#8955,#8956,#8965,#8973));
#8955 = ORIENTED_EDGE('',*,*,#8934,.T.);
#8956 = ORIENTED_EDGE('',*,*,#8957,.T.);
#8957 = EDGE_CURVE('',#8927,#8958,#8960,.T.);
#8958 = VERTEX_POINT('',#8959);
#8959 = CARTESIAN_POINT('',(21.175,-6.925,-4.E-02));
#8960 = CIRCLE('',#8961,0.200001216283);
#8961 = AXIS2_PLACEMENT_3D('',#8962,#8963,#8964);
#8962 = CARTESIAN_POINT('',(20.974998783721,-6.925001216279,-4.E-02));
#8963 = DIRECTION('',(0.,0.,-1.));
#8964 = DIRECTION('',(6.081358954676E-06,0.999999999982,0.));
#8965 = ORIENTED_EDGE('',*,*,#8966,.F.);
#8966 = EDGE_CURVE('',#8967,#8958,#8969,.T.);
#8967 = VERTEX_POINT('',#8968);
#8968 = CARTESIAN_POINT('',(21.175,-6.925,0.));
#8969 = LINE('',#8970,#8971);
#8970 = CARTESIAN_POINT('',(21.175,-6.925,0.));
#8971 = VECTOR('',#8972,1.);
#8972 = DIRECTION('',(0.,0.,-1.));
#8973 = ORIENTED_EDGE('',*,*,#8974,.F.);
#8974 = EDGE_CURVE('',#8935,#8967,#8975,.T.);
#8975 = CIRCLE('',#8976,0.200001216283);
#8976 = AXIS2_PLACEMENT_3D('',#8977,#8978,#8979);
#8977 = CARTESIAN_POINT('',(20.974998783721,-6.925001216279,0.));
#8978 = DIRECTION('',(0.,0.,-1.));
#8979 = DIRECTION('',(6.081358954676E-06,0.999999999982,0.));
#8980 = CYLINDRICAL_SURFACE('',#8981,0.200001216283);
#8981 = AXIS2_PLACEMENT_3D('',#8982,#8983,#8984);
#8982 = CARTESIAN_POINT('',(20.974998783721,-6.925001216279,0.));
#8983 = DIRECTION('',(-0.,-0.,1.));
#8984 = DIRECTION('',(6.081358954676E-06,0.999999999982,0.));
#8985 = ADVANCED_FACE('',(#8986),#9011,.F.);
#8986 = FACE_BOUND('',#8987,.F.);
#8987 = EDGE_LOOP('',(#8988,#8989,#8997,#9005));
#8988 = ORIENTED_EDGE('',*,*,#8966,.T.);
#8989 = ORIENTED_EDGE('',*,*,#8990,.T.);
#8990 = EDGE_CURVE('',#8958,#8991,#8993,.T.);
#8991 = VERTEX_POINT('',#8992);
#8992 = CARTESIAN_POINT('',(21.175,-7.475,-4.E-02));
#8993 = LINE('',#8994,#8995);
#8994 = CARTESIAN_POINT('',(21.175,-6.925,-4.E-02));
#8995 = VECTOR('',#8996,1.);
#8996 = DIRECTION('',(0.,-1.,0.));
#8997 = ORIENTED_EDGE('',*,*,#8998,.F.);
#8998 = EDGE_CURVE('',#8999,#8991,#9001,.T.);
#8999 = VERTEX_POINT('',#9000);
#9000 = CARTESIAN_POINT('',(21.175,-7.475,0.));
#9001 = LINE('',#9002,#9003);
#9002 = CARTESIAN_POINT('',(21.175,-7.475,0.));
#9003 = VECTOR('',#9004,1.);
#9004 = DIRECTION('',(0.,0.,-1.));
#9005 = ORIENTED_EDGE('',*,*,#9006,.F.);
#9006 = EDGE_CURVE('',#8967,#8999,#9007,.T.);
#9007 = LINE('',#9008,#9009);
#9008 = CARTESIAN_POINT('',(21.175,-6.925,0.));
#9009 = VECTOR('',#9010,1.);
#9010 = DIRECTION('',(0.,-1.,0.));
#9011 = PLANE('',#9012);
#9012 = AXIS2_PLACEMENT_3D('',#9013,#9014,#9015);
#9013 = CARTESIAN_POINT('',(21.175,-6.925,0.));
#9014 = DIRECTION('',(-1.,-0.,-0.));
#9015 = DIRECTION('',(0.,-1.,0.));
#9016 = ADVANCED_FACE('',(#9017),#9044,.T.);
#9017 = FACE_BOUND('',#9018,.F.);
#9018 = EDGE_LOOP('',(#9019,#9020,#9029,#9037));
#9019 = ORIENTED_EDGE('',*,*,#8998,.T.);
#9020 = ORIENTED_EDGE('',*,*,#9021,.T.);
#9021 = EDGE_CURVE('',#8991,#9022,#9024,.T.);
#9022 = VERTEX_POINT('',#9023);
#9023 = CARTESIAN_POINT('',(20.975,-7.675,-4.E-02));
#9024 = CIRCLE('',#9025,0.200001216283);
#9025 = AXIS2_PLACEMENT_3D('',#9026,#9027,#9028);
#9026 = CARTESIAN_POINT('',(20.974998783721,-7.474998783721,-4.E-02));
#9027 = DIRECTION('',(0.,0.,-1.));
#9028 = DIRECTION('',(0.999999999982,-6.081358941354E-06,0.));
#9029 = ORIENTED_EDGE('',*,*,#9030,.F.);
#9030 = EDGE_CURVE('',#9031,#9022,#9033,.T.);
#9031 = VERTEX_POINT('',#9032);
#9032 = CARTESIAN_POINT('',(20.975,-7.675,0.));
#9033 = LINE('',#9034,#9035);
#9034 = CARTESIAN_POINT('',(20.975,-7.675,0.));
#9035 = VECTOR('',#9036,1.);
#9036 = DIRECTION('',(0.,0.,-1.));
#9037 = ORIENTED_EDGE('',*,*,#9038,.F.);
#9038 = EDGE_CURVE('',#8999,#9031,#9039,.T.);
#9039 = CIRCLE('',#9040,0.200001216283);
#9040 = AXIS2_PLACEMENT_3D('',#9041,#9042,#9043);
#9041 = CARTESIAN_POINT('',(20.974998783721,-7.474998783721,0.));
#9042 = DIRECTION('',(0.,0.,-1.));
#9043 = DIRECTION('',(0.999999999982,-6.081358941354E-06,0.));
#9044 = CYLINDRICAL_SURFACE('',#9045,0.200001216283);
#9045 = AXIS2_PLACEMENT_3D('',#9046,#9047,#9048);
#9046 = CARTESIAN_POINT('',(20.974998783721,-7.474998783721,0.));
#9047 = DIRECTION('',(-0.,-0.,1.));
#9048 = DIRECTION('',(0.999999999982,-6.081358941354E-06,0.));
#9049 = ADVANCED_FACE('',(#9050),#9075,.F.);
#9050 = FACE_BOUND('',#9051,.F.);
#9051 = EDGE_LOOP('',(#9052,#9053,#9061,#9069));
#9052 = ORIENTED_EDGE('',*,*,#9030,.T.);
#9053 = ORIENTED_EDGE('',*,*,#9054,.T.);
#9054 = EDGE_CURVE('',#9022,#9055,#9057,.T.);
#9055 = VERTEX_POINT('',#9056);
#9056 = CARTESIAN_POINT('',(20.575,-7.675,-4.E-02));
#9057 = LINE('',#9058,#9059);
#9058 = CARTESIAN_POINT('',(20.975,-7.675,-4.E-02));
#9059 = VECTOR('',#9060,1.);
#9060 = DIRECTION('',(-1.,0.,0.));
#9061 = ORIENTED_EDGE('',*,*,#9062,.F.);
#9062 = EDGE_CURVE('',#9063,#9055,#9065,.T.);
#9063 = VERTEX_POINT('',#9064);
#9064 = CARTESIAN_POINT('',(20.575,-7.675,0.));
#9065 = LINE('',#9066,#9067);
#9066 = CARTESIAN_POINT('',(20.575,-7.675,0.));
#9067 = VECTOR('',#9068,1.);
#9068 = DIRECTION('',(0.,0.,-1.));
#9069 = ORIENTED_EDGE('',*,*,#9070,.F.);
#9070 = EDGE_CURVE('',#9031,#9063,#9071,.T.);
#9071 = LINE('',#9072,#9073);
#9072 = CARTESIAN_POINT('',(20.975,-7.675,0.));
#9073 = VECTOR('',#9074,1.);
#9074 = DIRECTION('',(-1.,0.,0.));
#9075 = PLANE('',#9076);
#9076 = AXIS2_PLACEMENT_3D('',#9077,#9078,#9079);
#9077 = CARTESIAN_POINT('',(20.975,-7.675,0.));
#9078 = DIRECTION('',(0.,1.,0.));
#9079 = DIRECTION('',(-1.,0.,0.));
#9080 = ADVANCED_FACE('',(#9081),#9108,.T.);
#9081 = FACE_BOUND('',#9082,.F.);
#9082 = EDGE_LOOP('',(#9083,#9084,#9093,#9101));
#9083 = ORIENTED_EDGE('',*,*,#9062,.T.);
#9084 = ORIENTED_EDGE('',*,*,#9085,.T.);
#9085 = EDGE_CURVE('',#9055,#9086,#9088,.T.);
#9086 = VERTEX_POINT('',#9087);
#9087 = CARTESIAN_POINT('',(20.375,-7.475,-4.E-02));
#9088 = CIRCLE('',#9089,0.200001216283);
#9089 = AXIS2_PLACEMENT_3D('',#9090,#9091,#9092);
#9090 = CARTESIAN_POINT('',(20.575001216279,-7.474998783721,-4.E-02));
#9091 = DIRECTION('',(0.,0.,-1.));
#9092 = DIRECTION('',(-6.081358936913E-06,-0.999999999982,-0.));
#9093 = ORIENTED_EDGE('',*,*,#9094,.F.);
#9094 = EDGE_CURVE('',#9095,#9086,#9097,.T.);
#9095 = VERTEX_POINT('',#9096);
#9096 = CARTESIAN_POINT('',(20.375,-7.475,0.));
#9097 = LINE('',#9098,#9099);
#9098 = CARTESIAN_POINT('',(20.375,-7.475,0.));
#9099 = VECTOR('',#9100,1.);
#9100 = DIRECTION('',(0.,0.,-1.));
#9101 = ORIENTED_EDGE('',*,*,#9102,.F.);
#9102 = EDGE_CURVE('',#9063,#9095,#9103,.T.);
#9103 = CIRCLE('',#9104,0.200001216283);
#9104 = AXIS2_PLACEMENT_3D('',#9105,#9106,#9107);
#9105 = CARTESIAN_POINT('',(20.575001216279,-7.474998783721,0.));
#9106 = DIRECTION('',(0.,0.,-1.));
#9107 = DIRECTION('',(-6.081358936913E-06,-0.999999999982,-0.));
#9108 = CYLINDRICAL_SURFACE('',#9109,0.200001216283);
#9109 = AXIS2_PLACEMENT_3D('',#9110,#9111,#9112);
#9110 = CARTESIAN_POINT('',(20.575001216279,-7.474998783721,0.));
#9111 = DIRECTION('',(-0.,-0.,1.));
#9112 = DIRECTION('',(-6.081358936913E-06,-0.999999999982,-0.));
#9113 = ADVANCED_FACE('',(#9114),#9130,.F.);
#9114 = FACE_BOUND('',#9115,.F.);
#9115 = EDGE_LOOP('',(#9116,#9117,#9123,#9124));
#9116 = ORIENTED_EDGE('',*,*,#9094,.T.);
#9117 = ORIENTED_EDGE('',*,*,#9118,.T.);
#9118 = EDGE_CURVE('',#9086,#8886,#9119,.T.);
#9119 = LINE('',#9120,#9121);
#9120 = CARTESIAN_POINT('',(20.375,-7.475,-4.E-02));
#9121 = VECTOR('',#9122,1.);
#9122 = DIRECTION('',(0.,1.,0.));
#9123 = ORIENTED_EDGE('',*,*,#8883,.F.);
#9124 = ORIENTED_EDGE('',*,*,#9125,.F.);
#9125 = EDGE_CURVE('',#9095,#8884,#9126,.T.);
#9126 = LINE('',#9127,#9128);
#9127 = CARTESIAN_POINT('',(20.375,-7.475,0.));
#9128 = VECTOR('',#9129,1.);
#9129 = DIRECTION('',(0.,1.,0.));
#9130 = PLANE('',#9131);
#9131 = AXIS2_PLACEMENT_3D('',#9132,#9133,#9134);
#9132 = CARTESIAN_POINT('',(20.375,-7.475,0.));
#9133 = DIRECTION('',(1.,-0.,0.));
#9134 = DIRECTION('',(0.,1.,0.));
#9135 = ADVANCED_FACE('',(#9136),#9146,.F.);
#9136 = FACE_BOUND('',#9137,.F.);
#9137 = EDGE_LOOP('',(#9138,#9139,#9140,#9141,#9142,#9143,#9144,#9145));
#9138 = ORIENTED_EDGE('',*,*,#8910,.T.);
#9139 = ORIENTED_EDGE('',*,*,#8942,.T.);
#9140 = ORIENTED_EDGE('',*,*,#8974,.T.);
#9141 = ORIENTED_EDGE('',*,*,#9006,.T.);
#9142 = ORIENTED_EDGE('',*,*,#9038,.T.);
#9143 = ORIENTED_EDGE('',*,*,#9070,.T.);
#9144 = ORIENTED_EDGE('',*,*,#9102,.T.);
#9145 = ORIENTED_EDGE('',*,*,#9125,.T.);
#9146 = PLANE('',#9147);
#9147 = AXIS2_PLACEMENT_3D('',#9148,#9149,#9150);
#9148 = CARTESIAN_POINT('',(0.,0.,0.));
#9149 = DIRECTION('',(-0.,-0.,-1.));
#9150 = DIRECTION('',(-1.,0.,0.));
#9151 = ADVANCED_FACE('',(#9152),#9162,.T.);
#9152 = FACE_BOUND('',#9153,.T.);
#9153 = EDGE_LOOP('',(#9154,#9155,#9156,#9157,#9158,#9159,#9160,#9161));
#9154 = ORIENTED_EDGE('',*,*,#8893,.T.);
#9155 = ORIENTED_EDGE('',*,*,#8926,.T.);
#9156 = ORIENTED_EDGE('',*,*,#8957,.T.);
#9157 = ORIENTED_EDGE('',*,*,#8990,.T.);
#9158 = ORIENTED_EDGE('',*,*,#9021,.T.);
#9159 = ORIENTED_EDGE('',*,*,#9054,.T.);
#9160 = ORIENTED_EDGE('',*,*,#9085,.T.);
#9161 = ORIENTED_EDGE('',*,*,#9118,.T.);
#9162 = PLANE('',#9163);
#9163 = AXIS2_PLACEMENT_3D('',#9164,#9165,#9166);
#9164 = CARTESIAN_POINT('',(0.,0.,-4.E-02));
#9165 = DIRECTION('',(-0.,-0.,-1.));
#9166 = DIRECTION('',(-1.,0.,0.));
#9167 = MANIFOLD_SOLID_BREP('',#9168);
#9168 = CLOSED_SHELL('',(#9169,#9209,#9240,#9271,#9293,#9305));
#9169 = ADVANCED_FACE('',(#9170),#9204,.T.);
#9170 = FACE_BOUND('',#9171,.T.);
#9171 = EDGE_LOOP('',(#9172,#9182,#9190,#9198));
#9172 = ORIENTED_EDGE('',*,*,#9173,.T.);
#9173 = EDGE_CURVE('',#9174,#9176,#9178,.T.);
#9174 = VERTEX_POINT('',#9175);
#9175 = CARTESIAN_POINT('',(11.075,-8.25,0.91));
#9176 = VERTEX_POINT('',#9177);
#9177 = CARTESIAN_POINT('',(11.075,-8.25,0.95));
#9178 = LINE('',#9179,#9180);
#9179 = CARTESIAN_POINT('',(11.075,-8.25,0.91));
#9180 = VECTOR('',#9181,1.);
#9181 = DIRECTION('',(0.,0.,1.));
#9182 = ORIENTED_EDGE('',*,*,#9183,.T.);
#9183 = EDGE_CURVE('',#9176,#9184,#9186,.T.);
#9184 = VERTEX_POINT('',#9185);
#9185 = CARTESIAN_POINT('',(11.075,-7.85,0.95));
#9186 = LINE('',#9187,#9188);
#9187 = CARTESIAN_POINT('',(11.075,-8.25,0.95));
#9188 = VECTOR('',#9189,1.);
#9189 = DIRECTION('',(0.,1.,0.));
#9190 = ORIENTED_EDGE('',*,*,#9191,.F.);
#9191 = EDGE_CURVE('',#9192,#9184,#9194,.T.);
#9192 = VERTEX_POINT('',#9193);
#9193 = CARTESIAN_POINT('',(11.075,-7.85,0.91));
#9194 = LINE('',#9195,#9196);
#9195 = CARTESIAN_POINT('',(11.075,-7.85,0.91));
#9196 = VECTOR('',#9197,1.);
#9197 = DIRECTION('',(0.,0.,1.));
#9198 = ORIENTED_EDGE('',*,*,#9199,.F.);
#9199 = EDGE_CURVE('',#9174,#9192,#9200,.T.);
#9200 = LINE('',#9201,#9202);
#9201 = CARTESIAN_POINT('',(11.075,-8.25,0.91));
#9202 = VECTOR('',#9203,1.);
#9203 = DIRECTION('',(0.,1.,0.));
#9204 = PLANE('',#9205);
#9205 = AXIS2_PLACEMENT_3D('',#9206,#9207,#9208);
#9206 = CARTESIAN_POINT('',(11.075,-8.25,0.91));
#9207 = DIRECTION('',(-1.,0.,0.));
#9208 = DIRECTION('',(0.,1.,0.));
#9209 = ADVANCED_FACE('',(#9210),#9235,.T.);
#9210 = FACE_BOUND('',#9211,.T.);
#9211 = EDGE_LOOP('',(#9212,#9213,#9221,#9229));
#9212 = ORIENTED_EDGE('',*,*,#9191,.T.);
#9213 = ORIENTED_EDGE('',*,*,#9214,.T.);
#9214 = EDGE_CURVE('',#9184,#9215,#9217,.T.);
#9215 = VERTEX_POINT('',#9216);
#9216 = CARTESIAN_POINT('',(13.075,-7.85,0.95));
#9217 = LINE('',#9218,#9219);
#9218 = CARTESIAN_POINT('',(11.075,-7.85,0.95));
#9219 = VECTOR('',#9220,1.);
#9220 = DIRECTION('',(1.,0.,0.));
#9221 = ORIENTED_EDGE('',*,*,#9222,.F.);
#9222 = EDGE_CURVE('',#9223,#9215,#9225,.T.);
#9223 = VERTEX_POINT('',#9224);
#9224 = CARTESIAN_POINT('',(13.075,-7.85,0.91));
#9225 = LINE('',#9226,#9227);
#9226 = CARTESIAN_POINT('',(13.075,-7.85,0.91));
#9227 = VECTOR('',#9228,1.);
#9228 = DIRECTION('',(0.,0.,1.));
#9229 = ORIENTED_EDGE('',*,*,#9230,.F.);
#9230 = EDGE_CURVE('',#9192,#9223,#9231,.T.);
#9231 = LINE('',#9232,#9233);
#9232 = CARTESIAN_POINT('',(11.075,-7.85,0.91));
#9233 = VECTOR('',#9234,1.);
#9234 = DIRECTION('',(1.,0.,0.));
#9235 = PLANE('',#9236);
#9236 = AXIS2_PLACEMENT_3D('',#9237,#9238,#9239);
#9237 = CARTESIAN_POINT('',(11.075,-7.85,0.91));
#9238 = DIRECTION('',(0.,1.,0.));
#9239 = DIRECTION('',(1.,0.,0.));
#9240 = ADVANCED_FACE('',(#9241),#9266,.T.);
#9241 = FACE_BOUND('',#9242,.T.);
#9242 = EDGE_LOOP('',(#9243,#9244,#9252,#9260));
#9243 = ORIENTED_EDGE('',*,*,#9222,.T.);
#9244 = ORIENTED_EDGE('',*,*,#9245,.T.);
#9245 = EDGE_CURVE('',#9215,#9246,#9248,.T.);
#9246 = VERTEX_POINT('',#9247);
#9247 = CARTESIAN_POINT('',(13.075,-8.25,0.95));
#9248 = LINE('',#9249,#9250);
#9249 = CARTESIAN_POINT('',(13.075,-7.85,0.95));
#9250 = VECTOR('',#9251,1.);
#9251 = DIRECTION('',(0.,-1.,0.));
#9252 = ORIENTED_EDGE('',*,*,#9253,.F.);
#9253 = EDGE_CURVE('',#9254,#9246,#9256,.T.);
#9254 = VERTEX_POINT('',#9255);
#9255 = CARTESIAN_POINT('',(13.075,-8.25,0.91));
#9256 = LINE('',#9257,#9258);
#9257 = CARTESIAN_POINT('',(13.075,-8.25,0.91));
#9258 = VECTOR('',#9259,1.);
#9259 = DIRECTION('',(0.,0.,1.));
#9260 = ORIENTED_EDGE('',*,*,#9261,.F.);
#9261 = EDGE_CURVE('',#9223,#9254,#9262,.T.);
#9262 = LINE('',#9263,#9264);
#9263 = CARTESIAN_POINT('',(13.075,-7.85,0.91));
#9264 = VECTOR('',#9265,1.);
#9265 = DIRECTION('',(0.,-1.,0.));
#9266 = PLANE('',#9267);
#9267 = AXIS2_PLACEMENT_3D('',#9268,#9269,#9270);
#9268 = CARTESIAN_POINT('',(13.075,-7.85,0.91));
#9269 = DIRECTION('',(1.,0.,-0.));
#9270 = DIRECTION('',(0.,-1.,0.));
#9271 = ADVANCED_FACE('',(#9272),#9288,.T.);
#9272 = FACE_BOUND('',#9273,.T.);
#9273 = EDGE_LOOP('',(#9274,#9275,#9281,#9282));
#9274 = ORIENTED_EDGE('',*,*,#9253,.T.);
#9275 = ORIENTED_EDGE('',*,*,#9276,.T.);
#9276 = EDGE_CURVE('',#9246,#9176,#9277,.T.);
#9277 = LINE('',#9278,#9279);
#9278 = CARTESIAN_POINT('',(13.075,-8.25,0.95));
#9279 = VECTOR('',#9280,1.);
#9280 = DIRECTION('',(-1.,0.,0.));
#9281 = ORIENTED_EDGE('',*,*,#9173,.F.);
#9282 = ORIENTED_EDGE('',*,*,#9283,.F.);
#9283 = EDGE_CURVE('',#9254,#9174,#9284,.T.);
#9284 = LINE('',#9285,#9286);
#9285 = CARTESIAN_POINT('',(13.075,-8.25,0.91));
#9286 = VECTOR('',#9287,1.);
#9287 = DIRECTION('',(-1.,0.,0.));
#9288 = PLANE('',#9289);
#9289 = AXIS2_PLACEMENT_3D('',#9290,#9291,#9292);
#9290 = CARTESIAN_POINT('',(13.075,-8.25,0.91));
#9291 = DIRECTION('',(0.,-1.,0.));
#9292 = DIRECTION('',(-1.,0.,0.));
#9293 = ADVANCED_FACE('',(#9294),#9300,.F.);
#9294 = FACE_BOUND('',#9295,.T.);
#9295 = EDGE_LOOP('',(#9296,#9297,#9298,#9299));
#9296 = ORIENTED_EDGE('',*,*,#9199,.T.);
#9297 = ORIENTED_EDGE('',*,*,#9230,.T.);
#9298 = ORIENTED_EDGE('',*,*,#9261,.T.);
#9299 = ORIENTED_EDGE('',*,*,#9283,.T.);
#9300 = PLANE('',#9301);
#9301 = AXIS2_PLACEMENT_3D('',#9302,#9303,#9304);
#9302 = CARTESIAN_POINT('',(0.,0.,0.91));
#9303 = DIRECTION('',(0.,0.,1.));
#9304 = DIRECTION('',(1.,0.,-0.));
#9305 = ADVANCED_FACE('',(#9306),#9312,.T.);
#9306 = FACE_BOUND('',#9307,.F.);
#9307 = EDGE_LOOP('',(#9308,#9309,#9310,#9311));
#9308 = ORIENTED_EDGE('',*,*,#9183,.T.);
#9309 = ORIENTED_EDGE('',*,*,#9214,.T.);
#9310 = ORIENTED_EDGE('',*,*,#9245,.T.);
#9311 = ORIENTED_EDGE('',*,*,#9276,.T.);
#9312 = PLANE('',#9313);
#9313 = AXIS2_PLACEMENT_3D('',#9314,#9315,#9316);
#9314 = CARTESIAN_POINT('',(0.,0.,0.95));
#9315 = DIRECTION('',(0.,0.,1.));
#9316 = DIRECTION('',(1.,0.,-0.));
#9317 = MANIFOLD_SOLID_BREP('',#9318);
#9318 = CLOSED_SHELL('',(#9319,#9361,#9392,#9425,#9456,#9489,#9520,#9553
    ,#9575,#9591));
#9319 = ADVANCED_FACE('',(#9320),#9356,.T.);
#9320 = FACE_BOUND('',#9321,.F.);
#9321 = EDGE_LOOP('',(#9322,#9332,#9341,#9349));
#9322 = ORIENTED_EDGE('',*,*,#9323,.T.);
#9323 = EDGE_CURVE('',#9324,#9326,#9328,.T.);
#9324 = VERTEX_POINT('',#9325);
#9325 = CARTESIAN_POINT('',(15.6,-5.45,0.));
#9326 = VERTEX_POINT('',#9327);
#9327 = CARTESIAN_POINT('',(15.6,-5.45,-4.E-02));
#9328 = LINE('',#9329,#9330);
#9329 = CARTESIAN_POINT('',(15.6,-5.45,0.));
#9330 = VECTOR('',#9331,1.);
#9331 = DIRECTION('',(0.,0.,-1.));
#9332 = ORIENTED_EDGE('',*,*,#9333,.T.);
#9333 = EDGE_CURVE('',#9326,#9334,#9336,.T.);
#9334 = VERTEX_POINT('',#9335);
#9335 = CARTESIAN_POINT('',(15.825,-5.225,-4.E-02));
#9336 = CIRCLE('',#9337,0.225000087974);
#9337 = AXIS2_PLACEMENT_3D('',#9338,#9339,#9340);
#9338 = CARTESIAN_POINT('',(15.825000087974,-5.450000087974,-4.E-02));
#9339 = DIRECTION('',(0.,0.,-1.));
#9340 = DIRECTION('',(-1.,3.909953655539E-07,0.));
#9341 = ORIENTED_EDGE('',*,*,#9342,.F.);
#9342 = EDGE_CURVE('',#9343,#9334,#9345,.T.);
#9343 = VERTEX_POINT('',#9344);
#9344 = CARTESIAN_POINT('',(15.825,-5.225,0.));
#9345 = LINE('',#9346,#9347);
#9346 = CARTESIAN_POINT('',(15.825,-5.225,0.));
#9347 = VECTOR('',#9348,1.);
#9348 = DIRECTION('',(0.,0.,-1.));
#9349 = ORIENTED_EDGE('',*,*,#9350,.F.);
#9350 = EDGE_CURVE('',#9324,#9343,#9351,.T.);
#9351 = CIRCLE('',#9352,0.225000087974);
#9352 = AXIS2_PLACEMENT_3D('',#9353,#9354,#9355);
#9353 = CARTESIAN_POINT('',(15.825000087974,-5.450000087974,0.));
#9354 = DIRECTION('',(0.,0.,-1.));
#9355 = DIRECTION('',(-1.,3.909953655539E-07,0.));
#9356 = CYLINDRICAL_SURFACE('',#9357,0.225000087974);
#9357 = AXIS2_PLACEMENT_3D('',#9358,#9359,#9360);
#9358 = CARTESIAN_POINT('',(15.825000087974,-5.450000087974,0.));
#9359 = DIRECTION('',(-0.,-0.,1.));
#9360 = DIRECTION('',(-1.,3.909953655539E-07,0.));
#9361 = ADVANCED_FACE('',(#9362),#9387,.F.);
#9362 = FACE_BOUND('',#9363,.F.);
#9363 = EDGE_LOOP('',(#9364,#9365,#9373,#9381));
#9364 = ORIENTED_EDGE('',*,*,#9342,.T.);
#9365 = ORIENTED_EDGE('',*,*,#9366,.T.);
#9366 = EDGE_CURVE('',#9334,#9367,#9369,.T.);
#9367 = VERTEX_POINT('',#9368);
#9368 = CARTESIAN_POINT('',(16.275,-5.225,-4.E-02));
#9369 = LINE('',#9370,#9371);
#9370 = CARTESIAN_POINT('',(15.825,-5.225,-4.E-02));
#9371 = VECTOR('',#9372,1.);
#9372 = DIRECTION('',(1.,0.,0.));
#9373 = ORIENTED_EDGE('',*,*,#9374,.F.);
#9374 = EDGE_CURVE('',#9375,#9367,#9377,.T.);
#9375 = VERTEX_POINT('',#9376);
#9376 = CARTESIAN_POINT('',(16.275,-5.225,0.));
#9377 = LINE('',#9378,#9379);
#9378 = CARTESIAN_POINT('',(16.275,-5.225,0.));
#9379 = VECTOR('',#9380,1.);
#9380 = DIRECTION('',(0.,0.,-1.));
#9381 = ORIENTED_EDGE('',*,*,#9382,.F.);
#9382 = EDGE_CURVE('',#9343,#9375,#9383,.T.);
#9383 = LINE('',#9384,#9385);
#9384 = CARTESIAN_POINT('',(15.825,-5.225,0.));
#9385 = VECTOR('',#9386,1.);
#9386 = DIRECTION('',(1.,0.,0.));
#9387 = PLANE('',#9388);
#9388 = AXIS2_PLACEMENT_3D('',#9389,#9390,#9391);
#9389 = CARTESIAN_POINT('',(15.825,-5.225,0.));
#9390 = DIRECTION('',(0.,-1.,0.));
#9391 = DIRECTION('',(1.,0.,0.));
#9392 = ADVANCED_FACE('',(#9393),#9420,.T.);
#9393 = FACE_BOUND('',#9394,.F.);
#9394 = EDGE_LOOP('',(#9395,#9396,#9405,#9413));
#9395 = ORIENTED_EDGE('',*,*,#9374,.T.);
#9396 = ORIENTED_EDGE('',*,*,#9397,.T.);
#9397 = EDGE_CURVE('',#9367,#9398,#9400,.T.);
#9398 = VERTEX_POINT('',#9399);
#9399 = CARTESIAN_POINT('',(16.5,-5.45,-4.E-02));
#9400 = CIRCLE('',#9401,0.225000087974);
#9401 = AXIS2_PLACEMENT_3D('',#9402,#9403,#9404);
#9402 = CARTESIAN_POINT('',(16.274999912026,-5.450000087974,-4.E-02));
#9403 = DIRECTION('',(0.,0.,-1.));
#9404 = DIRECTION('',(3.909953773963E-07,1.,0.));
#9405 = ORIENTED_EDGE('',*,*,#9406,.F.);
#9406 = EDGE_CURVE('',#9407,#9398,#9409,.T.);
#9407 = VERTEX_POINT('',#9408);
#9408 = CARTESIAN_POINT('',(16.5,-5.45,0.));
#9409 = LINE('',#9410,#9411);
#9410 = CARTESIAN_POINT('',(16.5,-5.45,0.));
#9411 = VECTOR('',#9412,1.);
#9412 = DIRECTION('',(0.,0.,-1.));
#9413 = ORIENTED_EDGE('',*,*,#9414,.F.);
#9414 = EDGE_CURVE('',#9375,#9407,#9415,.T.);
#9415 = CIRCLE('',#9416,0.225000087974);
#9416 = AXIS2_PLACEMENT_3D('',#9417,#9418,#9419);
#9417 = CARTESIAN_POINT('',(16.274999912026,-5.450000087974,0.));
#9418 = DIRECTION('',(0.,0.,-1.));
#9419 = DIRECTION('',(3.909953773963E-07,1.,0.));
#9420 = CYLINDRICAL_SURFACE('',#9421,0.225000087974);
#9421 = AXIS2_PLACEMENT_3D('',#9422,#9423,#9424);
#9422 = CARTESIAN_POINT('',(16.274999912026,-5.450000087974,0.));
#9423 = DIRECTION('',(-0.,-0.,1.));
#9424 = DIRECTION('',(3.909953773963E-07,1.,0.));
#9425 = ADVANCED_FACE('',(#9426),#9451,.F.);
#9426 = FACE_BOUND('',#9427,.F.);
#9427 = EDGE_LOOP('',(#9428,#9429,#9437,#9445));
#9428 = ORIENTED_EDGE('',*,*,#9406,.T.);
#9429 = ORIENTED_EDGE('',*,*,#9430,.T.);
#9430 = EDGE_CURVE('',#9398,#9431,#9433,.T.);
#9431 = VERTEX_POINT('',#9432);
#9432 = CARTESIAN_POINT('',(16.5,-5.95,-4.E-02));
#9433 = LINE('',#9434,#9435);
#9434 = CARTESIAN_POINT('',(16.5,-5.45,-4.E-02));
#9435 = VECTOR('',#9436,1.);
#9436 = DIRECTION('',(0.,-1.,0.));
#9437 = ORIENTED_EDGE('',*,*,#9438,.F.);
#9438 = EDGE_CURVE('',#9439,#9431,#9441,.T.);
#9439 = VERTEX_POINT('',#9440);
#9440 = CARTESIAN_POINT('',(16.5,-5.95,0.));
#9441 = LINE('',#9442,#9443);
#9442 = CARTESIAN_POINT('',(16.5,-5.95,0.));
#9443 = VECTOR('',#9444,1.);
#9444 = DIRECTION('',(0.,0.,-1.));
#9445 = ORIENTED_EDGE('',*,*,#9446,.F.);
#9446 = EDGE_CURVE('',#9407,#9439,#9447,.T.);
#9447 = LINE('',#9448,#9449);
#9448 = CARTESIAN_POINT('',(16.5,-5.45,0.));
#9449 = VECTOR('',#9450,1.);
#9450 = DIRECTION('',(0.,-1.,0.));
#9451 = PLANE('',#9452);
#9452 = AXIS2_PLACEMENT_3D('',#9453,#9454,#9455);
#9453 = CARTESIAN_POINT('',(16.5,-5.45,0.));
#9454 = DIRECTION('',(-1.,-0.,-0.));
#9455 = DIRECTION('',(0.,-1.,0.));
#9456 = ADVANCED_FACE('',(#9457),#9484,.T.);
#9457 = FACE_BOUND('',#9458,.F.);
#9458 = EDGE_LOOP('',(#9459,#9460,#9469,#9477));
#9459 = ORIENTED_EDGE('',*,*,#9438,.T.);
#9460 = ORIENTED_EDGE('',*,*,#9461,.T.);
#9461 = EDGE_CURVE('',#9431,#9462,#9464,.T.);
#9462 = VERTEX_POINT('',#9463);
#9463 = CARTESIAN_POINT('',(16.275,-6.175,-4.E-02));
#9464 = CIRCLE('',#9465,0.225000087974);
#9465 = AXIS2_PLACEMENT_3D('',#9466,#9467,#9468);
#9466 = CARTESIAN_POINT('',(16.274999912026,-5.949999912026,-4.E-02));
#9467 = DIRECTION('',(0.,0.,-1.));
#9468 = DIRECTION('',(1.,-3.909953734488E-07,0.));
#9469 = ORIENTED_EDGE('',*,*,#9470,.F.);
#9470 = EDGE_CURVE('',#9471,#9462,#9473,.T.);
#9471 = VERTEX_POINT('',#9472);
#9472 = CARTESIAN_POINT('',(16.275,-6.175,0.));
#9473 = LINE('',#9474,#9475);
#9474 = CARTESIAN_POINT('',(16.275,-6.175,0.));
#9475 = VECTOR('',#9476,1.);
#9476 = DIRECTION('',(0.,0.,-1.));
#9477 = ORIENTED_EDGE('',*,*,#9478,.F.);
#9478 = EDGE_CURVE('',#9439,#9471,#9479,.T.);
#9479 = CIRCLE('',#9480,0.225000087974);
#9480 = AXIS2_PLACEMENT_3D('',#9481,#9482,#9483);
#9481 = CARTESIAN_POINT('',(16.274999912026,-5.949999912026,0.));
#9482 = DIRECTION('',(0.,0.,-1.));
#9483 = DIRECTION('',(1.,-3.909953734488E-07,0.));
#9484 = CYLINDRICAL_SURFACE('',#9485,0.225000087974);
#9485 = AXIS2_PLACEMENT_3D('',#9486,#9487,#9488);
#9486 = CARTESIAN_POINT('',(16.274999912026,-5.949999912026,0.));
#9487 = DIRECTION('',(-0.,-0.,1.));
#9488 = DIRECTION('',(1.,-3.909953734488E-07,0.));
#9489 = ADVANCED_FACE('',(#9490),#9515,.F.);
#9490 = FACE_BOUND('',#9491,.F.);
#9491 = EDGE_LOOP('',(#9492,#9493,#9501,#9509));
#9492 = ORIENTED_EDGE('',*,*,#9470,.T.);
#9493 = ORIENTED_EDGE('',*,*,#9494,.T.);
#9494 = EDGE_CURVE('',#9462,#9495,#9497,.T.);
#9495 = VERTEX_POINT('',#9496);
#9496 = CARTESIAN_POINT('',(15.825,-6.175,-4.E-02));
#9497 = LINE('',#9498,#9499);
#9498 = CARTESIAN_POINT('',(16.275,-6.175,-4.E-02));
#9499 = VECTOR('',#9500,1.);
#9500 = DIRECTION('',(-1.,0.,0.));
#9501 = ORIENTED_EDGE('',*,*,#9502,.F.);
#9502 = EDGE_CURVE('',#9503,#9495,#9505,.T.);
#9503 = VERTEX_POINT('',#9504);
#9504 = CARTESIAN_POINT('',(15.825,-6.175,0.));
#9505 = LINE('',#9506,#9507);
#9506 = CARTESIAN_POINT('',(15.825,-6.175,0.));
#9507 = VECTOR('',#9508,1.);
#9508 = DIRECTION('',(0.,0.,-1.));
#9509 = ORIENTED_EDGE('',*,*,#9510,.F.);
#9510 = EDGE_CURVE('',#9471,#9503,#9511,.T.);
#9511 = LINE('',#9512,#9513);
#9512 = CARTESIAN_POINT('',(16.275,-6.175,0.));
#9513 = VECTOR('',#9514,1.);
#9514 = DIRECTION('',(-1.,0.,0.));
#9515 = PLANE('',#9516);
#9516 = AXIS2_PLACEMENT_3D('',#9517,#9518,#9519);
#9517 = CARTESIAN_POINT('',(16.275,-6.175,0.));
#9518 = DIRECTION('',(0.,1.,0.));
#9519 = DIRECTION('',(-1.,0.,0.));
#9520 = ADVANCED_FACE('',(#9521),#9548,.T.);
#9521 = FACE_BOUND('',#9522,.F.);
#9522 = EDGE_LOOP('',(#9523,#9524,#9533,#9541));
#9523 = ORIENTED_EDGE('',*,*,#9502,.T.);
#9524 = ORIENTED_EDGE('',*,*,#9525,.T.);
#9525 = EDGE_CURVE('',#9495,#9526,#9528,.T.);
#9526 = VERTEX_POINT('',#9527);
#9527 = CARTESIAN_POINT('',(15.6,-5.95,-4.E-02));
#9528 = CIRCLE('',#9529,0.225000087974);
#9529 = AXIS2_PLACEMENT_3D('',#9530,#9531,#9532);
#9530 = CARTESIAN_POINT('',(15.825000087974,-5.949999912026,-4.E-02));
#9531 = DIRECTION('',(0.,0.,-1.));
#9532 = DIRECTION('',(-3.909953695014E-07,-1.,-0.));
#9533 = ORIENTED_EDGE('',*,*,#9534,.F.);
#9534 = EDGE_CURVE('',#9535,#9526,#9537,.T.);
#9535 = VERTEX_POINT('',#9536);
#9536 = CARTESIAN_POINT('',(15.6,-5.95,0.));
#9537 = LINE('',#9538,#9539);
#9538 = CARTESIAN_POINT('',(15.6,-5.95,0.));
#9539 = VECTOR('',#9540,1.);
#9540 = DIRECTION('',(0.,0.,-1.));
#9541 = ORIENTED_EDGE('',*,*,#9542,.F.);
#9542 = EDGE_CURVE('',#9503,#9535,#9543,.T.);
#9543 = CIRCLE('',#9544,0.225000087974);
#9544 = AXIS2_PLACEMENT_3D('',#9545,#9546,#9547);
#9545 = CARTESIAN_POINT('',(15.825000087974,-5.949999912026,0.));
#9546 = DIRECTION('',(0.,0.,-1.));
#9547 = DIRECTION('',(-3.909953695014E-07,-1.,-0.));
#9548 = CYLINDRICAL_SURFACE('',#9549,0.225000087974);
#9549 = AXIS2_PLACEMENT_3D('',#9550,#9551,#9552);
#9550 = CARTESIAN_POINT('',(15.825000087974,-5.949999912026,0.));
#9551 = DIRECTION('',(-0.,-0.,1.));
#9552 = DIRECTION('',(-3.909953695014E-07,-1.,-0.));
#9553 = ADVANCED_FACE('',(#9554),#9570,.F.);
#9554 = FACE_BOUND('',#9555,.F.);
#9555 = EDGE_LOOP('',(#9556,#9557,#9563,#9564));
#9556 = ORIENTED_EDGE('',*,*,#9534,.T.);
#9557 = ORIENTED_EDGE('',*,*,#9558,.T.);
#9558 = EDGE_CURVE('',#9526,#9326,#9559,.T.);
#9559 = LINE('',#9560,#9561);
#9560 = CARTESIAN_POINT('',(15.6,-5.95,-4.E-02));
#9561 = VECTOR('',#9562,1.);
#9562 = DIRECTION('',(0.,1.,0.));
#9563 = ORIENTED_EDGE('',*,*,#9323,.F.);
#9564 = ORIENTED_EDGE('',*,*,#9565,.F.);
#9565 = EDGE_CURVE('',#9535,#9324,#9566,.T.);
#9566 = LINE('',#9567,#9568);
#9567 = CARTESIAN_POINT('',(15.6,-5.95,0.));
#9568 = VECTOR('',#9569,1.);
#9569 = DIRECTION('',(0.,1.,0.));
#9570 = PLANE('',#9571);
#9571 = AXIS2_PLACEMENT_3D('',#9572,#9573,#9574);
#9572 = CARTESIAN_POINT('',(15.6,-5.95,0.));
#9573 = DIRECTION('',(1.,-0.,0.));
#9574 = DIRECTION('',(0.,1.,0.));
#9575 = ADVANCED_FACE('',(#9576),#9586,.F.);
#9576 = FACE_BOUND('',#9577,.F.);
#9577 = EDGE_LOOP('',(#9578,#9579,#9580,#9581,#9582,#9583,#9584,#9585));
#9578 = ORIENTED_EDGE('',*,*,#9350,.T.);
#9579 = ORIENTED_EDGE('',*,*,#9382,.T.);
#9580 = ORIENTED_EDGE('',*,*,#9414,.T.);
#9581 = ORIENTED_EDGE('',*,*,#9446,.T.);
#9582 = ORIENTED_EDGE('',*,*,#9478,.T.);
#9583 = ORIENTED_EDGE('',*,*,#9510,.T.);
#9584 = ORIENTED_EDGE('',*,*,#9542,.T.);
#9585 = ORIENTED_EDGE('',*,*,#9565,.T.);
#9586 = PLANE('',#9587);
#9587 = AXIS2_PLACEMENT_3D('',#9588,#9589,#9590);
#9588 = CARTESIAN_POINT('',(0.,0.,0.));
#9589 = DIRECTION('',(-0.,-0.,-1.));
#9590 = DIRECTION('',(-1.,0.,0.));
#9591 = ADVANCED_FACE('',(#9592),#9602,.T.);
#9592 = FACE_BOUND('',#9593,.T.);
#9593 = EDGE_LOOP('',(#9594,#9595,#9596,#9597,#9598,#9599,#9600,#9601));
#9594 = ORIENTED_EDGE('',*,*,#9333,.T.);
#9595 = ORIENTED_EDGE('',*,*,#9366,.T.);
#9596 = ORIENTED_EDGE('',*,*,#9397,.T.);
#9597 = ORIENTED_EDGE('',*,*,#9430,.T.);
#9598 = ORIENTED_EDGE('',*,*,#9461,.T.);
#9599 = ORIENTED_EDGE('',*,*,#9494,.T.);
#9600 = ORIENTED_EDGE('',*,*,#9525,.T.);
#9601 = ORIENTED_EDGE('',*,*,#9558,.T.);
#9602 = PLANE('',#9603);
#9603 = AXIS2_PLACEMENT_3D('',#9604,#9605,#9606);
#9604 = CARTESIAN_POINT('',(0.,0.,-4.E-02));
#9605 = DIRECTION('',(-0.,-0.,-1.));
#9606 = DIRECTION('',(-1.,0.,0.));
#9607 = MANIFOLD_SOLID_BREP('',#9608);
#9608 = CLOSED_SHELL('',(#9609,#9649,#9680,#9711,#9733,#9745));
#9609 = ADVANCED_FACE('',(#9610),#9644,.T.);
#9610 = FACE_BOUND('',#9611,.T.);
#9611 = EDGE_LOOP('',(#9612,#9622,#9630,#9638));
#9612 = ORIENTED_EDGE('',*,*,#9613,.T.);
#9613 = EDGE_CURVE('',#9614,#9616,#9618,.T.);
#9614 = VERTEX_POINT('',#9615);
#9615 = CARTESIAN_POINT('',(11.075,-8.87,0.91));
#9616 = VERTEX_POINT('',#9617);
#9617 = CARTESIAN_POINT('',(11.075,-8.87,0.95));
#9618 = LINE('',#9619,#9620);
#9619 = CARTESIAN_POINT('',(11.075,-8.87,0.91));
#9620 = VECTOR('',#9621,1.);
#9621 = DIRECTION('',(0.,0.,1.));
#9622 = ORIENTED_EDGE('',*,*,#9623,.T.);
#9623 = EDGE_CURVE('',#9616,#9624,#9626,.T.);
#9624 = VERTEX_POINT('',#9625);
#9625 = CARTESIAN_POINT('',(11.075,-8.47,0.95));
#9626 = LINE('',#9627,#9628);
#9627 = CARTESIAN_POINT('',(11.075,-8.87,0.95));
#9628 = VECTOR('',#9629,1.);
#9629 = DIRECTION('',(0.,1.,0.));
#9630 = ORIENTED_EDGE('',*,*,#9631,.F.);
#9631 = EDGE_CURVE('',#9632,#9624,#9634,.T.);
#9632 = VERTEX_POINT('',#9633);
#9633 = CARTESIAN_POINT('',(11.075,-8.47,0.91));
#9634 = LINE('',#9635,#9636);
#9635 = CARTESIAN_POINT('',(11.075,-8.47,0.91));
#9636 = VECTOR('',#9637,1.);
#9637 = DIRECTION('',(0.,0.,1.));
#9638 = ORIENTED_EDGE('',*,*,#9639,.F.);
#9639 = EDGE_CURVE('',#9614,#9632,#9640,.T.);
#9640 = LINE('',#9641,#9642);
#9641 = CARTESIAN_POINT('',(11.075,-8.87,0.91));
#9642 = VECTOR('',#9643,1.);
#9643 = DIRECTION('',(0.,1.,0.));
#9644 = PLANE('',#9645);
#9645 = AXIS2_PLACEMENT_3D('',#9646,#9647,#9648);
#9646 = CARTESIAN_POINT('',(11.075,-8.87,0.91));
#9647 = DIRECTION('',(-1.,0.,0.));
#9648 = DIRECTION('',(0.,1.,0.));
#9649 = ADVANCED_FACE('',(#9650),#9675,.T.);
#9650 = FACE_BOUND('',#9651,.T.);
#9651 = EDGE_LOOP('',(#9652,#9653,#9661,#9669));
#9652 = ORIENTED_EDGE('',*,*,#9631,.T.);
#9653 = ORIENTED_EDGE('',*,*,#9654,.T.);
#9654 = EDGE_CURVE('',#9624,#9655,#9657,.T.);
#9655 = VERTEX_POINT('',#9656);
#9656 = CARTESIAN_POINT('',(13.075,-8.47,0.95));
#9657 = LINE('',#9658,#9659);
#9658 = CARTESIAN_POINT('',(11.075,-8.47,0.95));
#9659 = VECTOR('',#9660,1.);
#9660 = DIRECTION('',(1.,0.,0.));
#9661 = ORIENTED_EDGE('',*,*,#9662,.F.);
#9662 = EDGE_CURVE('',#9663,#9655,#9665,.T.);
#9663 = VERTEX_POINT('',#9664);
#9664 = CARTESIAN_POINT('',(13.075,-8.47,0.91));
#9665 = LINE('',#9666,#9667);
#9666 = CARTESIAN_POINT('',(13.075,-8.47,0.91));
#9667 = VECTOR('',#9668,1.);
#9668 = DIRECTION('',(0.,0.,1.));
#9669 = ORIENTED_EDGE('',*,*,#9670,.F.);
#9670 = EDGE_CURVE('',#9632,#9663,#9671,.T.);
#9671 = LINE('',#9672,#9673);
#9672 = CARTESIAN_POINT('',(11.075,-8.47,0.91));
#9673 = VECTOR('',#9674,1.);
#9674 = DIRECTION('',(1.,0.,0.));
#9675 = PLANE('',#9676);
#9676 = AXIS2_PLACEMENT_3D('',#9677,#9678,#9679);
#9677 = CARTESIAN_POINT('',(11.075,-8.47,0.91));
#9678 = DIRECTION('',(0.,1.,0.));
#9679 = DIRECTION('',(1.,0.,0.));
#9680 = ADVANCED_FACE('',(#9681),#9706,.T.);
#9681 = FACE_BOUND('',#9682,.T.);
#9682 = EDGE_LOOP('',(#9683,#9684,#9692,#9700));
#9683 = ORIENTED_EDGE('',*,*,#9662,.T.);
#9684 = ORIENTED_EDGE('',*,*,#9685,.T.);
#9685 = EDGE_CURVE('',#9655,#9686,#9688,.T.);
#9686 = VERTEX_POINT('',#9687);
#9687 = CARTESIAN_POINT('',(13.075,-8.87,0.95));
#9688 = LINE('',#9689,#9690);
#9689 = CARTESIAN_POINT('',(13.075,-8.47,0.95));
#9690 = VECTOR('',#9691,1.);
#9691 = DIRECTION('',(0.,-1.,0.));
#9692 = ORIENTED_EDGE('',*,*,#9693,.F.);
#9693 = EDGE_CURVE('',#9694,#9686,#9696,.T.);
#9694 = VERTEX_POINT('',#9695);
#9695 = CARTESIAN_POINT('',(13.075,-8.87,0.91));
#9696 = LINE('',#9697,#9698);
#9697 = CARTESIAN_POINT('',(13.075,-8.87,0.91));
#9698 = VECTOR('',#9699,1.);
#9699 = DIRECTION('',(0.,0.,1.));
#9700 = ORIENTED_EDGE('',*,*,#9701,.F.);
#9701 = EDGE_CURVE('',#9663,#9694,#9702,.T.);
#9702 = LINE('',#9703,#9704);
#9703 = CARTESIAN_POINT('',(13.075,-8.47,0.91));
#9704 = VECTOR('',#9705,1.);
#9705 = DIRECTION('',(0.,-1.,0.));
#9706 = PLANE('',#9707);
#9707 = AXIS2_PLACEMENT_3D('',#9708,#9709,#9710);
#9708 = CARTESIAN_POINT('',(13.075,-8.47,0.91));
#9709 = DIRECTION('',(1.,0.,-0.));
#9710 = DIRECTION('',(0.,-1.,0.));
#9711 = ADVANCED_FACE('',(#9712),#9728,.T.);
#9712 = FACE_BOUND('',#9713,.T.);
#9713 = EDGE_LOOP('',(#9714,#9715,#9721,#9722));
#9714 = ORIENTED_EDGE('',*,*,#9693,.T.);
#9715 = ORIENTED_EDGE('',*,*,#9716,.T.);
#9716 = EDGE_CURVE('',#9686,#9616,#9717,.T.);
#9717 = LINE('',#9718,#9719);
#9718 = CARTESIAN_POINT('',(13.075,-8.87,0.95));
#9719 = VECTOR('',#9720,1.);
#9720 = DIRECTION('',(-1.,0.,0.));
#9721 = ORIENTED_EDGE('',*,*,#9613,.F.);
#9722 = ORIENTED_EDGE('',*,*,#9723,.F.);
#9723 = EDGE_CURVE('',#9694,#9614,#9724,.T.);
#9724 = LINE('',#9725,#9726);
#9725 = CARTESIAN_POINT('',(13.075,-8.87,0.91));
#9726 = VECTOR('',#9727,1.);
#9727 = DIRECTION('',(-1.,0.,0.));
#9728 = PLANE('',#9729);
#9729 = AXIS2_PLACEMENT_3D('',#9730,#9731,#9732);
#9730 = CARTESIAN_POINT('',(13.075,-8.87,0.91));
#9731 = DIRECTION('',(0.,-1.,0.));
#9732 = DIRECTION('',(-1.,0.,0.));
#9733 = ADVANCED_FACE('',(#9734),#9740,.F.);
#9734 = FACE_BOUND('',#9735,.T.);
#9735 = EDGE_LOOP('',(#9736,#9737,#9738,#9739));
#9736 = ORIENTED_EDGE('',*,*,#9639,.T.);
#9737 = ORIENTED_EDGE('',*,*,#9670,.T.);
#9738 = ORIENTED_EDGE('',*,*,#9701,.T.);
#9739 = ORIENTED_EDGE('',*,*,#9723,.T.);
#9740 = PLANE('',#9741);
#9741 = AXIS2_PLACEMENT_3D('',#9742,#9743,#9744);
#9742 = CARTESIAN_POINT('',(0.,0.,0.91));
#9743 = DIRECTION('',(0.,0.,1.));
#9744 = DIRECTION('',(1.,0.,-0.));
#9745 = ADVANCED_FACE('',(#9746),#9752,.T.);
#9746 = FACE_BOUND('',#9747,.F.);
#9747 = EDGE_LOOP('',(#9748,#9749,#9750,#9751));
#9748 = ORIENTED_EDGE('',*,*,#9623,.T.);
#9749 = ORIENTED_EDGE('',*,*,#9654,.T.);
#9750 = ORIENTED_EDGE('',*,*,#9685,.T.);
#9751 = ORIENTED_EDGE('',*,*,#9716,.T.);
#9752 = PLANE('',#9753);
#9753 = AXIS2_PLACEMENT_3D('',#9754,#9755,#9756);
#9754 = CARTESIAN_POINT('',(0.,0.,0.95));
#9755 = DIRECTION('',(0.,0.,1.));
#9756 = DIRECTION('',(1.,0.,-0.));
#9757 = MANIFOLD_SOLID_BREP('',#9758);
#9758 = CLOSED_SHELL('',(#9759,#9801,#9832,#9865,#9896,#9929,#9960,#9993
    ,#10015,#10031));
#9759 = ADVANCED_FACE('',(#9760),#9796,.T.);
#9760 = FACE_BOUND('',#9761,.F.);
#9761 = EDGE_LOOP('',(#9762,#9772,#9781,#9789));
#9762 = ORIENTED_EDGE('',*,*,#9763,.T.);
#9763 = EDGE_CURVE('',#9764,#9766,#9768,.T.);
#9764 = VERTEX_POINT('',#9765);
#9765 = CARTESIAN_POINT('',(15.6,-6.95,0.));
#9766 = VERTEX_POINT('',#9767);
#9767 = CARTESIAN_POINT('',(15.6,-6.95,-4.E-02));
#9768 = LINE('',#9769,#9770);
#9769 = CARTESIAN_POINT('',(15.6,-6.95,0.));
#9770 = VECTOR('',#9771,1.);
#9771 = DIRECTION('',(0.,0.,-1.));
#9772 = ORIENTED_EDGE('',*,*,#9773,.T.);
#9773 = EDGE_CURVE('',#9766,#9774,#9776,.T.);
#9774 = VERTEX_POINT('',#9775);
#9775 = CARTESIAN_POINT('',(15.825,-6.725,-4.E-02));
#9776 = CIRCLE('',#9777,0.225000087974);
#9777 = AXIS2_PLACEMENT_3D('',#9778,#9779,#9780);
#9778 = CARTESIAN_POINT('',(15.825000087974,-6.950000087974,-4.E-02));
#9779 = DIRECTION('',(0.,0.,-1.));
#9780 = DIRECTION('',(-1.,3.909953655539E-07,0.));
#9781 = ORIENTED_EDGE('',*,*,#9782,.F.);
#9782 = EDGE_CURVE('',#9783,#9774,#9785,.T.);
#9783 = VERTEX_POINT('',#9784);
#9784 = CARTESIAN_POINT('',(15.825,-6.725,0.));
#9785 = LINE('',#9786,#9787);
#9786 = CARTESIAN_POINT('',(15.825,-6.725,0.));
#9787 = VECTOR('',#9788,1.);
#9788 = DIRECTION('',(0.,0.,-1.));
#9789 = ORIENTED_EDGE('',*,*,#9790,.F.);
#9790 = EDGE_CURVE('',#9764,#9783,#9791,.T.);
#9791 = CIRCLE('',#9792,0.225000087974);
#9792 = AXIS2_PLACEMENT_3D('',#9793,#9794,#9795);
#9793 = CARTESIAN_POINT('',(15.825000087974,-6.950000087974,0.));
#9794 = DIRECTION('',(0.,0.,-1.));
#9795 = DIRECTION('',(-1.,3.909953655539E-07,0.));
#9796 = CYLINDRICAL_SURFACE('',#9797,0.225000087974);
#9797 = AXIS2_PLACEMENT_3D('',#9798,#9799,#9800);
#9798 = CARTESIAN_POINT('',(15.825000087974,-6.950000087974,0.));
#9799 = DIRECTION('',(-0.,-0.,1.));
#9800 = DIRECTION('',(-1.,3.909953655539E-07,0.));
#9801 = ADVANCED_FACE('',(#9802),#9827,.F.);
#9802 = FACE_BOUND('',#9803,.F.);
#9803 = EDGE_LOOP('',(#9804,#9805,#9813,#9821));
#9804 = ORIENTED_EDGE('',*,*,#9782,.T.);
#9805 = ORIENTED_EDGE('',*,*,#9806,.T.);
#9806 = EDGE_CURVE('',#9774,#9807,#9809,.T.);
#9807 = VERTEX_POINT('',#9808);
#9808 = CARTESIAN_POINT('',(16.275,-6.725,-4.E-02));
#9809 = LINE('',#9810,#9811);
#9810 = CARTESIAN_POINT('',(15.825,-6.725,-4.E-02));
#9811 = VECTOR('',#9812,1.);
#9812 = DIRECTION('',(1.,0.,0.));
#9813 = ORIENTED_EDGE('',*,*,#9814,.F.);
#9814 = EDGE_CURVE('',#9815,#9807,#9817,.T.);
#9815 = VERTEX_POINT('',#9816);
#9816 = CARTESIAN_POINT('',(16.275,-6.725,0.));
#9817 = LINE('',#9818,#9819);
#9818 = CARTESIAN_POINT('',(16.275,-6.725,0.));
#9819 = VECTOR('',#9820,1.);
#9820 = DIRECTION('',(0.,0.,-1.));
#9821 = ORIENTED_EDGE('',*,*,#9822,.F.);
#9822 = EDGE_CURVE('',#9783,#9815,#9823,.T.);
#9823 = LINE('',#9824,#9825);
#9824 = CARTESIAN_POINT('',(15.825,-6.725,0.));
#9825 = VECTOR('',#9826,1.);
#9826 = DIRECTION('',(1.,0.,0.));
#9827 = PLANE('',#9828);
#9828 = AXIS2_PLACEMENT_3D('',#9829,#9830,#9831);
#9829 = CARTESIAN_POINT('',(15.825,-6.725,0.));
#9830 = DIRECTION('',(0.,-1.,0.));
#9831 = DIRECTION('',(1.,0.,0.));
#9832 = ADVANCED_FACE('',(#9833),#9860,.T.);
#9833 = FACE_BOUND('',#9834,.F.);
#9834 = EDGE_LOOP('',(#9835,#9836,#9845,#9853));
#9835 = ORIENTED_EDGE('',*,*,#9814,.T.);
#9836 = ORIENTED_EDGE('',*,*,#9837,.T.);
#9837 = EDGE_CURVE('',#9807,#9838,#9840,.T.);
#9838 = VERTEX_POINT('',#9839);
#9839 = CARTESIAN_POINT('',(16.5,-6.95,-4.E-02));
#9840 = CIRCLE('',#9841,0.225000087974);
#9841 = AXIS2_PLACEMENT_3D('',#9842,#9843,#9844);
#9842 = CARTESIAN_POINT('',(16.274999912026,-6.950000087974,-4.E-02));
#9843 = DIRECTION('',(0.,0.,-1.));
#9844 = DIRECTION('',(3.909953773963E-07,1.,0.));
#9845 = ORIENTED_EDGE('',*,*,#9846,.F.);
#9846 = EDGE_CURVE('',#9847,#9838,#9849,.T.);
#9847 = VERTEX_POINT('',#9848);
#9848 = CARTESIAN_POINT('',(16.5,-6.95,0.));
#9849 = LINE('',#9850,#9851);
#9850 = CARTESIAN_POINT('',(16.5,-6.95,0.));
#9851 = VECTOR('',#9852,1.);
#9852 = DIRECTION('',(0.,0.,-1.));
#9853 = ORIENTED_EDGE('',*,*,#9854,.F.);
#9854 = EDGE_CURVE('',#9815,#9847,#9855,.T.);
#9855 = CIRCLE('',#9856,0.225000087974);
#9856 = AXIS2_PLACEMENT_3D('',#9857,#9858,#9859);
#9857 = CARTESIAN_POINT('',(16.274999912026,-6.950000087974,0.));
#9858 = DIRECTION('',(0.,0.,-1.));
#9859 = DIRECTION('',(3.909953773963E-07,1.,0.));
#9860 = CYLINDRICAL_SURFACE('',#9861,0.225000087974);
#9861 = AXIS2_PLACEMENT_3D('',#9862,#9863,#9864);
#9862 = CARTESIAN_POINT('',(16.274999912026,-6.950000087974,0.));
#9863 = DIRECTION('',(-0.,-0.,1.));
#9864 = DIRECTION('',(3.909953773963E-07,1.,0.));
#9865 = ADVANCED_FACE('',(#9866),#9891,.F.);
#9866 = FACE_BOUND('',#9867,.F.);
#9867 = EDGE_LOOP('',(#9868,#9869,#9877,#9885));
#9868 = ORIENTED_EDGE('',*,*,#9846,.T.);
#9869 = ORIENTED_EDGE('',*,*,#9870,.T.);
#9870 = EDGE_CURVE('',#9838,#9871,#9873,.T.);
#9871 = VERTEX_POINT('',#9872);
#9872 = CARTESIAN_POINT('',(16.5,-7.45,-4.E-02));
#9873 = LINE('',#9874,#9875);
#9874 = CARTESIAN_POINT('',(16.5,-6.95,-4.E-02));
#9875 = VECTOR('',#9876,1.);
#9876 = DIRECTION('',(0.,-1.,0.));
#9877 = ORIENTED_EDGE('',*,*,#9878,.F.);
#9878 = EDGE_CURVE('',#9879,#9871,#9881,.T.);
#9879 = VERTEX_POINT('',#9880);
#9880 = CARTESIAN_POINT('',(16.5,-7.45,0.));
#9881 = LINE('',#9882,#9883);
#9882 = CARTESIAN_POINT('',(16.5,-7.45,0.));
#9883 = VECTOR('',#9884,1.);
#9884 = DIRECTION('',(0.,0.,-1.));
#9885 = ORIENTED_EDGE('',*,*,#9886,.F.);
#9886 = EDGE_CURVE('',#9847,#9879,#9887,.T.);
#9887 = LINE('',#9888,#9889);
#9888 = CARTESIAN_POINT('',(16.5,-6.95,0.));
#9889 = VECTOR('',#9890,1.);
#9890 = DIRECTION('',(0.,-1.,0.));
#9891 = PLANE('',#9892);
#9892 = AXIS2_PLACEMENT_3D('',#9893,#9894,#9895);
#9893 = CARTESIAN_POINT('',(16.5,-6.95,0.));
#9894 = DIRECTION('',(-1.,-0.,-0.));
#9895 = DIRECTION('',(0.,-1.,0.));
#9896 = ADVANCED_FACE('',(#9897),#9924,.T.);
#9897 = FACE_BOUND('',#9898,.F.);
#9898 = EDGE_LOOP('',(#9899,#9900,#9909,#9917));
#9899 = ORIENTED_EDGE('',*,*,#9878,.T.);
#9900 = ORIENTED_EDGE('',*,*,#9901,.T.);
#9901 = EDGE_CURVE('',#9871,#9902,#9904,.T.);
#9902 = VERTEX_POINT('',#9903);
#9903 = CARTESIAN_POINT('',(16.275,-7.675,-4.E-02));
#9904 = CIRCLE('',#9905,0.225000087974);
#9905 = AXIS2_PLACEMENT_3D('',#9906,#9907,#9908);
#9906 = CARTESIAN_POINT('',(16.274999912026,-7.449999912026,-4.E-02));
#9907 = DIRECTION('',(0.,0.,-1.));
#9908 = DIRECTION('',(1.,-3.909953734488E-07,0.));
#9909 = ORIENTED_EDGE('',*,*,#9910,.F.);
#9910 = EDGE_CURVE('',#9911,#9902,#9913,.T.);
#9911 = VERTEX_POINT('',#9912);
#9912 = CARTESIAN_POINT('',(16.275,-7.675,0.));
#9913 = LINE('',#9914,#9915);
#9914 = CARTESIAN_POINT('',(16.275,-7.675,0.));
#9915 = VECTOR('',#9916,1.);
#9916 = DIRECTION('',(0.,0.,-1.));
#9917 = ORIENTED_EDGE('',*,*,#9918,.F.);
#9918 = EDGE_CURVE('',#9879,#9911,#9919,.T.);
#9919 = CIRCLE('',#9920,0.225000087974);
#9920 = AXIS2_PLACEMENT_3D('',#9921,#9922,#9923);
#9921 = CARTESIAN_POINT('',(16.274999912026,-7.449999912026,0.));
#9922 = DIRECTION('',(0.,0.,-1.));
#9923 = DIRECTION('',(1.,-3.909953734488E-07,0.));
#9924 = CYLINDRICAL_SURFACE('',#9925,0.225000087974);
#9925 = AXIS2_PLACEMENT_3D('',#9926,#9927,#9928);
#9926 = CARTESIAN_POINT('',(16.274999912026,-7.449999912026,0.));
#9927 = DIRECTION('',(-0.,-0.,1.));
#9928 = DIRECTION('',(1.,-3.909953734488E-07,0.));
#9929 = ADVANCED_FACE('',(#9930),#9955,.F.);
#9930 = FACE_BOUND('',#9931,.F.);
#9931 = EDGE_LOOP('',(#9932,#9933,#9941,#9949));
#9932 = ORIENTED_EDGE('',*,*,#9910,.T.);
#9933 = ORIENTED_EDGE('',*,*,#9934,.T.);
#9934 = EDGE_CURVE('',#9902,#9935,#9937,.T.);
#9935 = VERTEX_POINT('',#9936);
#9936 = CARTESIAN_POINT('',(15.825,-7.675,-4.E-02));
#9937 = LINE('',#9938,#9939);
#9938 = CARTESIAN_POINT('',(16.275,-7.675,-4.E-02));
#9939 = VECTOR('',#9940,1.);
#9940 = DIRECTION('',(-1.,0.,0.));
#9941 = ORIENTED_EDGE('',*,*,#9942,.F.);
#9942 = EDGE_CURVE('',#9943,#9935,#9945,.T.);
#9943 = VERTEX_POINT('',#9944);
#9944 = CARTESIAN_POINT('',(15.825,-7.675,0.));
#9945 = LINE('',#9946,#9947);
#9946 = CARTESIAN_POINT('',(15.825,-7.675,0.));
#9947 = VECTOR('',#9948,1.);
#9948 = DIRECTION('',(0.,0.,-1.));
#9949 = ORIENTED_EDGE('',*,*,#9950,.F.);
#9950 = EDGE_CURVE('',#9911,#9943,#9951,.T.);
#9951 = LINE('',#9952,#9953);
#9952 = CARTESIAN_POINT('',(16.275,-7.675,0.));
#9953 = VECTOR('',#9954,1.);
#9954 = DIRECTION('',(-1.,0.,0.));
#9955 = PLANE('',#9956);
#9956 = AXIS2_PLACEMENT_3D('',#9957,#9958,#9959);
#9957 = CARTESIAN_POINT('',(16.275,-7.675,0.));
#9958 = DIRECTION('',(0.,1.,0.));
#9959 = DIRECTION('',(-1.,0.,0.));
#9960 = ADVANCED_FACE('',(#9961),#9988,.T.);
#9961 = FACE_BOUND('',#9962,.F.);
#9962 = EDGE_LOOP('',(#9963,#9964,#9973,#9981));
#9963 = ORIENTED_EDGE('',*,*,#9942,.T.);
#9964 = ORIENTED_EDGE('',*,*,#9965,.T.);
#9965 = EDGE_CURVE('',#9935,#9966,#9968,.T.);
#9966 = VERTEX_POINT('',#9967);
#9967 = CARTESIAN_POINT('',(15.6,-7.45,-4.E-02));
#9968 = CIRCLE('',#9969,0.225000087974);
#9969 = AXIS2_PLACEMENT_3D('',#9970,#9971,#9972);
#9970 = CARTESIAN_POINT('',(15.825000087974,-7.449999912026,-4.E-02));
#9971 = DIRECTION('',(0.,0.,-1.));
#9972 = DIRECTION('',(-3.909953695014E-07,-1.,-0.));
#9973 = ORIENTED_EDGE('',*,*,#9974,.F.);
#9974 = EDGE_CURVE('',#9975,#9966,#9977,.T.);
#9975 = VERTEX_POINT('',#9976);
#9976 = CARTESIAN_POINT('',(15.6,-7.45,0.));
#9977 = LINE('',#9978,#9979);
#9978 = CARTESIAN_POINT('',(15.6,-7.45,0.));
#9979 = VECTOR('',#9980,1.);
#9980 = DIRECTION('',(0.,0.,-1.));
#9981 = ORIENTED_EDGE('',*,*,#9982,.F.);
#9982 = EDGE_CURVE('',#9943,#9975,#9983,.T.);
#9983 = CIRCLE('',#9984,0.225000087974);
#9984 = AXIS2_PLACEMENT_3D('',#9985,#9986,#9987);
#9985 = CARTESIAN_POINT('',(15.825000087974,-7.449999912026,0.));
#9986 = DIRECTION('',(0.,0.,-1.));
#9987 = DIRECTION('',(-3.909953695014E-07,-1.,-0.));
#9988 = CYLINDRICAL_SURFACE('',#9989,0.225000087974);
#9989 = AXIS2_PLACEMENT_3D('',#9990,#9991,#9992);
#9990 = CARTESIAN_POINT('',(15.825000087974,-7.449999912026,0.));
#9991 = DIRECTION('',(-0.,-0.,1.));
#9992 = DIRECTION('',(-3.909953695014E-07,-1.,-0.));
#9993 = ADVANCED_FACE('',(#9994),#10010,.F.);
#9994 = FACE_BOUND('',#9995,.F.);
#9995 = EDGE_LOOP('',(#9996,#9997,#10003,#10004));
#9996 = ORIENTED_EDGE('',*,*,#9974,.T.);
#9997 = ORIENTED_EDGE('',*,*,#9998,.T.);
#9998 = EDGE_CURVE('',#9966,#9766,#9999,.T.);
#9999 = LINE('',#10000,#10001);
#10000 = CARTESIAN_POINT('',(15.6,-7.45,-4.E-02));
#10001 = VECTOR('',#10002,1.);
#10002 = DIRECTION('',(0.,1.,0.));
#10003 = ORIENTED_EDGE('',*,*,#9763,.F.);
#10004 = ORIENTED_EDGE('',*,*,#10005,.F.);
#10005 = EDGE_CURVE('',#9975,#9764,#10006,.T.);
#10006 = LINE('',#10007,#10008);
#10007 = CARTESIAN_POINT('',(15.6,-7.45,0.));
#10008 = VECTOR('',#10009,1.);
#10009 = DIRECTION('',(0.,1.,0.));
#10010 = PLANE('',#10011);
#10011 = AXIS2_PLACEMENT_3D('',#10012,#10013,#10014);
#10012 = CARTESIAN_POINT('',(15.6,-7.45,0.));
#10013 = DIRECTION('',(1.,-0.,0.));
#10014 = DIRECTION('',(0.,1.,0.));
#10015 = ADVANCED_FACE('',(#10016),#10026,.F.);
#10016 = FACE_BOUND('',#10017,.F.);
#10017 = EDGE_LOOP('',(#10018,#10019,#10020,#10021,#10022,#10023,#10024,
    #10025));
#10018 = ORIENTED_EDGE('',*,*,#9790,.T.);
#10019 = ORIENTED_EDGE('',*,*,#9822,.T.);
#10020 = ORIENTED_EDGE('',*,*,#9854,.T.);
#10021 = ORIENTED_EDGE('',*,*,#9886,.T.);
#10022 = ORIENTED_EDGE('',*,*,#9918,.T.);
#10023 = ORIENTED_EDGE('',*,*,#9950,.T.);
#10024 = ORIENTED_EDGE('',*,*,#9982,.T.);
#10025 = ORIENTED_EDGE('',*,*,#10005,.T.);
#10026 = PLANE('',#10027);
#10027 = AXIS2_PLACEMENT_3D('',#10028,#10029,#10030);
#10028 = CARTESIAN_POINT('',(0.,0.,0.));
#10029 = DIRECTION('',(-0.,-0.,-1.));
#10030 = DIRECTION('',(-1.,0.,0.));
#10031 = ADVANCED_FACE('',(#10032),#10042,.T.);
#10032 = FACE_BOUND('',#10033,.T.);
#10033 = EDGE_LOOP('',(#10034,#10035,#10036,#10037,#10038,#10039,#10040,
    #10041));
#10034 = ORIENTED_EDGE('',*,*,#9773,.T.);
#10035 = ORIENTED_EDGE('',*,*,#9806,.T.);
#10036 = ORIENTED_EDGE('',*,*,#9837,.T.);
#10037 = ORIENTED_EDGE('',*,*,#9870,.T.);
#10038 = ORIENTED_EDGE('',*,*,#9901,.T.);
#10039 = ORIENTED_EDGE('',*,*,#9934,.T.);
#10040 = ORIENTED_EDGE('',*,*,#9965,.T.);
#10041 = ORIENTED_EDGE('',*,*,#9998,.T.);
#10042 = PLANE('',#10043);
#10043 = AXIS2_PLACEMENT_3D('',#10044,#10045,#10046);
#10044 = CARTESIAN_POINT('',(0.,0.,-4.E-02));
#10045 = DIRECTION('',(-0.,-0.,-1.));
#10046 = DIRECTION('',(-1.,0.,0.));
#10047 = MANIFOLD_SOLID_BREP('',#10048);
#10048 = CLOSED_SHELL('',(#10049,#10089,#10120,#10151,#10173,#10185));
#10049 = ADVANCED_FACE('',(#10050),#10084,.T.);
#10050 = FACE_BOUND('',#10051,.T.);
#10051 = EDGE_LOOP('',(#10052,#10062,#10070,#10078));
#10052 = ORIENTED_EDGE('',*,*,#10053,.T.);
#10053 = EDGE_CURVE('',#10054,#10056,#10058,.T.);
#10054 = VERTEX_POINT('',#10055);
#10055 = CARTESIAN_POINT('',(11.075,-1.43,0.91));
#10056 = VERTEX_POINT('',#10057);
#10057 = CARTESIAN_POINT('',(11.075,-1.43,0.95));
#10058 = LINE('',#10059,#10060);
#10059 = CARTESIAN_POINT('',(11.075,-1.43,0.91));
#10060 = VECTOR('',#10061,1.);
#10061 = DIRECTION('',(0.,0.,1.));
#10062 = ORIENTED_EDGE('',*,*,#10063,.T.);
#10063 = EDGE_CURVE('',#10056,#10064,#10066,.T.);
#10064 = VERTEX_POINT('',#10065);
#10065 = CARTESIAN_POINT('',(11.075,-1.03,0.95));
#10066 = LINE('',#10067,#10068);
#10067 = CARTESIAN_POINT('',(11.075,-1.43,0.95));
#10068 = VECTOR('',#10069,1.);
#10069 = DIRECTION('',(0.,1.,0.));
#10070 = ORIENTED_EDGE('',*,*,#10071,.F.);
#10071 = EDGE_CURVE('',#10072,#10064,#10074,.T.);
#10072 = VERTEX_POINT('',#10073);
#10073 = CARTESIAN_POINT('',(11.075,-1.03,0.91));
#10074 = LINE('',#10075,#10076);
#10075 = CARTESIAN_POINT('',(11.075,-1.03,0.91));
#10076 = VECTOR('',#10077,1.);
#10077 = DIRECTION('',(0.,0.,1.));
#10078 = ORIENTED_EDGE('',*,*,#10079,.F.);
#10079 = EDGE_CURVE('',#10054,#10072,#10080,.T.);
#10080 = LINE('',#10081,#10082);
#10081 = CARTESIAN_POINT('',(11.075,-1.43,0.91));
#10082 = VECTOR('',#10083,1.);
#10083 = DIRECTION('',(0.,1.,0.));
#10084 = PLANE('',#10085);
#10085 = AXIS2_PLACEMENT_3D('',#10086,#10087,#10088);
#10086 = CARTESIAN_POINT('',(11.075,-1.43,0.91));
#10087 = DIRECTION('',(-1.,0.,0.));
#10088 = DIRECTION('',(0.,1.,0.));
#10089 = ADVANCED_FACE('',(#10090),#10115,.T.);
#10090 = FACE_BOUND('',#10091,.T.);
#10091 = EDGE_LOOP('',(#10092,#10093,#10101,#10109));
#10092 = ORIENTED_EDGE('',*,*,#10071,.T.);
#10093 = ORIENTED_EDGE('',*,*,#10094,.T.);
#10094 = EDGE_CURVE('',#10064,#10095,#10097,.T.);
#10095 = VERTEX_POINT('',#10096);
#10096 = CARTESIAN_POINT('',(13.075,-1.03,0.95));
#10097 = LINE('',#10098,#10099);
#10098 = CARTESIAN_POINT('',(11.075,-1.03,0.95));
#10099 = VECTOR('',#10100,1.);
#10100 = DIRECTION('',(1.,0.,0.));
#10101 = ORIENTED_EDGE('',*,*,#10102,.F.);
#10102 = EDGE_CURVE('',#10103,#10095,#10105,.T.);
#10103 = VERTEX_POINT('',#10104);
#10104 = CARTESIAN_POINT('',(13.075,-1.03,0.91));
#10105 = LINE('',#10106,#10107);
#10106 = CARTESIAN_POINT('',(13.075,-1.03,0.91));
#10107 = VECTOR('',#10108,1.);
#10108 = DIRECTION('',(0.,0.,1.));
#10109 = ORIENTED_EDGE('',*,*,#10110,.F.);
#10110 = EDGE_CURVE('',#10072,#10103,#10111,.T.);
#10111 = LINE('',#10112,#10113);
#10112 = CARTESIAN_POINT('',(11.075,-1.03,0.91));
#10113 = VECTOR('',#10114,1.);
#10114 = DIRECTION('',(1.,0.,0.));
#10115 = PLANE('',#10116);
#10116 = AXIS2_PLACEMENT_3D('',#10117,#10118,#10119);
#10117 = CARTESIAN_POINT('',(11.075,-1.03,0.91));
#10118 = DIRECTION('',(0.,1.,0.));
#10119 = DIRECTION('',(1.,0.,0.));
#10120 = ADVANCED_FACE('',(#10121),#10146,.T.);
#10121 = FACE_BOUND('',#10122,.T.);
#10122 = EDGE_LOOP('',(#10123,#10124,#10132,#10140));
#10123 = ORIENTED_EDGE('',*,*,#10102,.T.);
#10124 = ORIENTED_EDGE('',*,*,#10125,.T.);
#10125 = EDGE_CURVE('',#10095,#10126,#10128,.T.);
#10126 = VERTEX_POINT('',#10127);
#10127 = CARTESIAN_POINT('',(13.075,-1.43,0.95));
#10128 = LINE('',#10129,#10130);
#10129 = CARTESIAN_POINT('',(13.075,-1.03,0.95));
#10130 = VECTOR('',#10131,1.);
#10131 = DIRECTION('',(0.,-1.,0.));
#10132 = ORIENTED_EDGE('',*,*,#10133,.F.);
#10133 = EDGE_CURVE('',#10134,#10126,#10136,.T.);
#10134 = VERTEX_POINT('',#10135);
#10135 = CARTESIAN_POINT('',(13.075,-1.43,0.91));
#10136 = LINE('',#10137,#10138);
#10137 = CARTESIAN_POINT('',(13.075,-1.43,0.91));
#10138 = VECTOR('',#10139,1.);
#10139 = DIRECTION('',(0.,0.,1.));
#10140 = ORIENTED_EDGE('',*,*,#10141,.F.);
#10141 = EDGE_CURVE('',#10103,#10134,#10142,.T.);
#10142 = LINE('',#10143,#10144);
#10143 = CARTESIAN_POINT('',(13.075,-1.03,0.91));
#10144 = VECTOR('',#10145,1.);
#10145 = DIRECTION('',(0.,-1.,0.));
#10146 = PLANE('',#10147);
#10147 = AXIS2_PLACEMENT_3D('',#10148,#10149,#10150);
#10148 = CARTESIAN_POINT('',(13.075,-1.03,0.91));
#10149 = DIRECTION('',(1.,0.,-0.));
#10150 = DIRECTION('',(0.,-1.,0.));
#10151 = ADVANCED_FACE('',(#10152),#10168,.T.);
#10152 = FACE_BOUND('',#10153,.T.);
#10153 = EDGE_LOOP('',(#10154,#10155,#10161,#10162));
#10154 = ORIENTED_EDGE('',*,*,#10133,.T.);
#10155 = ORIENTED_EDGE('',*,*,#10156,.T.);
#10156 = EDGE_CURVE('',#10126,#10056,#10157,.T.);
#10157 = LINE('',#10158,#10159);
#10158 = CARTESIAN_POINT('',(13.075,-1.43,0.95));
#10159 = VECTOR('',#10160,1.);
#10160 = DIRECTION('',(-1.,0.,0.));
#10161 = ORIENTED_EDGE('',*,*,#10053,.F.);
#10162 = ORIENTED_EDGE('',*,*,#10163,.F.);
#10163 = EDGE_CURVE('',#10134,#10054,#10164,.T.);
#10164 = LINE('',#10165,#10166);
#10165 = CARTESIAN_POINT('',(13.075,-1.43,0.91));
#10166 = VECTOR('',#10167,1.);
#10167 = DIRECTION('',(-1.,0.,0.));
#10168 = PLANE('',#10169);
#10169 = AXIS2_PLACEMENT_3D('',#10170,#10171,#10172);
#10170 = CARTESIAN_POINT('',(13.075,-1.43,0.91));
#10171 = DIRECTION('',(0.,-1.,0.));
#10172 = DIRECTION('',(-1.,0.,0.));
#10173 = ADVANCED_FACE('',(#10174),#10180,.F.);
#10174 = FACE_BOUND('',#10175,.T.);
#10175 = EDGE_LOOP('',(#10176,#10177,#10178,#10179));
#10176 = ORIENTED_EDGE('',*,*,#10079,.T.);
#10177 = ORIENTED_EDGE('',*,*,#10110,.T.);
#10178 = ORIENTED_EDGE('',*,*,#10141,.T.);
#10179 = ORIENTED_EDGE('',*,*,#10163,.T.);
#10180 = PLANE('',#10181);
#10181 = AXIS2_PLACEMENT_3D('',#10182,#10183,#10184);
#10182 = CARTESIAN_POINT('',(0.,0.,0.91));
#10183 = DIRECTION('',(0.,0.,1.));
#10184 = DIRECTION('',(1.,0.,-0.));
#10185 = ADVANCED_FACE('',(#10186),#10192,.T.);
#10186 = FACE_BOUND('',#10187,.F.);
#10187 = EDGE_LOOP('',(#10188,#10189,#10190,#10191));
#10188 = ORIENTED_EDGE('',*,*,#10063,.T.);
#10189 = ORIENTED_EDGE('',*,*,#10094,.T.);
#10190 = ORIENTED_EDGE('',*,*,#10125,.T.);
#10191 = ORIENTED_EDGE('',*,*,#10156,.T.);
#10192 = PLANE('',#10193);
#10193 = AXIS2_PLACEMENT_3D('',#10194,#10195,#10196);
#10194 = CARTESIAN_POINT('',(0.,0.,0.95));
#10195 = DIRECTION('',(0.,0.,1.));
#10196 = DIRECTION('',(1.,0.,-0.));
#10197 = MANIFOLD_SOLID_BREP('',#10198);
#10198 = CLOSED_SHELL('',(#10199,#10241,#10272,#10305,#10336,#10369,
    #10400,#10433,#10455,#10471));
#10199 = ADVANCED_FACE('',(#10200),#10236,.T.);
#10200 = FACE_BOUND('',#10201,.F.);
#10201 = EDGE_LOOP('',(#10202,#10212,#10221,#10229));
#10202 = ORIENTED_EDGE('',*,*,#10203,.T.);
#10203 = EDGE_CURVE('',#10204,#10206,#10208,.T.);
#10204 = VERTEX_POINT('',#10205);
#10205 = CARTESIAN_POINT('',(20.3,-1.75,0.));
#10206 = VERTEX_POINT('',#10207);
#10207 = CARTESIAN_POINT('',(20.3,-1.75,-4.E-02));
#10208 = LINE('',#10209,#10210);
#10209 = CARTESIAN_POINT('',(20.3,-1.75,0.));
#10210 = VECTOR('',#10211,1.);
#10211 = DIRECTION('',(0.,0.,-1.));
#10212 = ORIENTED_EDGE('',*,*,#10213,.T.);
#10213 = EDGE_CURVE('',#10206,#10214,#10216,.T.);
#10214 = VERTEX_POINT('',#10215);
#10215 = CARTESIAN_POINT('',(20.525,-1.525,-4.E-02));
#10216 = CIRCLE('',#10217,0.225000087974);
#10217 = AXIS2_PLACEMENT_3D('',#10218,#10219,#10220);
#10218 = CARTESIAN_POINT('',(20.525000087974,-1.750000087974,-4.E-02));
#10219 = DIRECTION('',(0.,0.,-1.));
#10220 = DIRECTION('',(-1.,3.90995357659E-07,0.));
#10221 = ORIENTED_EDGE('',*,*,#10222,.F.);
#10222 = EDGE_CURVE('',#10223,#10214,#10225,.T.);
#10223 = VERTEX_POINT('',#10224);
#10224 = CARTESIAN_POINT('',(20.525,-1.525,0.));
#10225 = LINE('',#10226,#10227);
#10226 = CARTESIAN_POINT('',(20.525,-1.525,0.));
#10227 = VECTOR('',#10228,1.);
#10228 = DIRECTION('',(0.,0.,-1.));
#10229 = ORIENTED_EDGE('',*,*,#10230,.F.);
#10230 = EDGE_CURVE('',#10204,#10223,#10231,.T.);
#10231 = CIRCLE('',#10232,0.225000087974);
#10232 = AXIS2_PLACEMENT_3D('',#10233,#10234,#10235);
#10233 = CARTESIAN_POINT('',(20.525000087974,-1.750000087974,0.));
#10234 = DIRECTION('',(0.,0.,-1.));
#10235 = DIRECTION('',(-1.,3.90995357659E-07,0.));
#10236 = CYLINDRICAL_SURFACE('',#10237,0.225000087974);
#10237 = AXIS2_PLACEMENT_3D('',#10238,#10239,#10240);
#10238 = CARTESIAN_POINT('',(20.525000087974,-1.750000087974,0.));
#10239 = DIRECTION('',(-0.,-0.,1.));
#10240 = DIRECTION('',(-1.,3.90995357659E-07,0.));
#10241 = ADVANCED_FACE('',(#10242),#10267,.F.);
#10242 = FACE_BOUND('',#10243,.F.);
#10243 = EDGE_LOOP('',(#10244,#10245,#10253,#10261));
#10244 = ORIENTED_EDGE('',*,*,#10222,.T.);
#10245 = ORIENTED_EDGE('',*,*,#10246,.T.);
#10246 = EDGE_CURVE('',#10214,#10247,#10249,.T.);
#10247 = VERTEX_POINT('',#10248);
#10248 = CARTESIAN_POINT('',(20.975,-1.525,-4.E-02));
#10249 = LINE('',#10250,#10251);
#10250 = CARTESIAN_POINT('',(20.525,-1.525,-4.E-02));
#10251 = VECTOR('',#10252,1.);
#10252 = DIRECTION('',(1.,0.,0.));
#10253 = ORIENTED_EDGE('',*,*,#10254,.F.);
#10254 = EDGE_CURVE('',#10255,#10247,#10257,.T.);
#10255 = VERTEX_POINT('',#10256);
#10256 = CARTESIAN_POINT('',(20.975,-1.525,0.));
#10257 = LINE('',#10258,#10259);
#10258 = CARTESIAN_POINT('',(20.975,-1.525,0.));
#10259 = VECTOR('',#10260,1.);
#10260 = DIRECTION('',(0.,0.,-1.));
#10261 = ORIENTED_EDGE('',*,*,#10262,.F.);
#10262 = EDGE_CURVE('',#10223,#10255,#10263,.T.);
#10263 = LINE('',#10264,#10265);
#10264 = CARTESIAN_POINT('',(20.525,-1.525,0.));
#10265 = VECTOR('',#10266,1.);
#10266 = DIRECTION('',(1.,0.,0.));
#10267 = PLANE('',#10268);
#10268 = AXIS2_PLACEMENT_3D('',#10269,#10270,#10271);
#10269 = CARTESIAN_POINT('',(20.525,-1.525,0.));
#10270 = DIRECTION('',(0.,-1.,0.));
#10271 = DIRECTION('',(1.,0.,0.));
#10272 = ADVANCED_FACE('',(#10273),#10300,.T.);
#10273 = FACE_BOUND('',#10274,.F.);
#10274 = EDGE_LOOP('',(#10275,#10276,#10285,#10293));
#10275 = ORIENTED_EDGE('',*,*,#10254,.T.);
#10276 = ORIENTED_EDGE('',*,*,#10277,.T.);
#10277 = EDGE_CURVE('',#10247,#10278,#10280,.T.);
#10278 = VERTEX_POINT('',#10279);
#10279 = CARTESIAN_POINT('',(21.2,-1.75,-4.E-02));
#10280 = CIRCLE('',#10281,0.225000087974);
#10281 = AXIS2_PLACEMENT_3D('',#10282,#10283,#10284);
#10282 = CARTESIAN_POINT('',(20.974999912026,-1.750000087974,-4.E-02));
#10283 = DIRECTION('',(0.,0.,-1.));
#10284 = DIRECTION('',(3.909953773963E-07,1.,0.));
#10285 = ORIENTED_EDGE('',*,*,#10286,.F.);
#10286 = EDGE_CURVE('',#10287,#10278,#10289,.T.);
#10287 = VERTEX_POINT('',#10288);
#10288 = CARTESIAN_POINT('',(21.2,-1.75,0.));
#10289 = LINE('',#10290,#10291);
#10290 = CARTESIAN_POINT('',(21.2,-1.75,0.));
#10291 = VECTOR('',#10292,1.);
#10292 = DIRECTION('',(0.,0.,-1.));
#10293 = ORIENTED_EDGE('',*,*,#10294,.F.);
#10294 = EDGE_CURVE('',#10255,#10287,#10295,.T.);
#10295 = CIRCLE('',#10296,0.225000087974);
#10296 = AXIS2_PLACEMENT_3D('',#10297,#10298,#10299);
#10297 = CARTESIAN_POINT('',(20.974999912026,-1.750000087974,0.));
#10298 = DIRECTION('',(0.,0.,-1.));
#10299 = DIRECTION('',(3.909953773963E-07,1.,0.));
#10300 = CYLINDRICAL_SURFACE('',#10301,0.225000087974);
#10301 = AXIS2_PLACEMENT_3D('',#10302,#10303,#10304);
#10302 = CARTESIAN_POINT('',(20.974999912026,-1.750000087974,0.));
#10303 = DIRECTION('',(-0.,-0.,1.));
#10304 = DIRECTION('',(3.909953773963E-07,1.,0.));
#10305 = ADVANCED_FACE('',(#10306),#10331,.F.);
#10306 = FACE_BOUND('',#10307,.F.);
#10307 = EDGE_LOOP('',(#10308,#10309,#10317,#10325));
#10308 = ORIENTED_EDGE('',*,*,#10286,.T.);
#10309 = ORIENTED_EDGE('',*,*,#10310,.T.);
#10310 = EDGE_CURVE('',#10278,#10311,#10313,.T.);
#10311 = VERTEX_POINT('',#10312);
#10312 = CARTESIAN_POINT('',(21.2,-2.25,-4.E-02));
#10313 = LINE('',#10314,#10315);
#10314 = CARTESIAN_POINT('',(21.2,-1.75,-4.E-02));
#10315 = VECTOR('',#10316,1.);
#10316 = DIRECTION('',(0.,-1.,0.));
#10317 = ORIENTED_EDGE('',*,*,#10318,.F.);
#10318 = EDGE_CURVE('',#10319,#10311,#10321,.T.);
#10319 = VERTEX_POINT('',#10320);
#10320 = CARTESIAN_POINT('',(21.2,-2.25,0.));
#10321 = LINE('',#10322,#10323);
#10322 = CARTESIAN_POINT('',(21.2,-2.25,0.));
#10323 = VECTOR('',#10324,1.);
#10324 = DIRECTION('',(0.,0.,-1.));
#10325 = ORIENTED_EDGE('',*,*,#10326,.F.);
#10326 = EDGE_CURVE('',#10287,#10319,#10327,.T.);
#10327 = LINE('',#10328,#10329);
#10328 = CARTESIAN_POINT('',(21.2,-1.75,0.));
#10329 = VECTOR('',#10330,1.);
#10330 = DIRECTION('',(0.,-1.,0.));
#10331 = PLANE('',#10332);
#10332 = AXIS2_PLACEMENT_3D('',#10333,#10334,#10335);
#10333 = CARTESIAN_POINT('',(21.2,-1.75,0.));
#10334 = DIRECTION('',(-1.,-0.,-0.));
#10335 = DIRECTION('',(0.,-1.,0.));
#10336 = ADVANCED_FACE('',(#10337),#10364,.T.);
#10337 = FACE_BOUND('',#10338,.F.);
#10338 = EDGE_LOOP('',(#10339,#10340,#10349,#10357));
#10339 = ORIENTED_EDGE('',*,*,#10318,.T.);
#10340 = ORIENTED_EDGE('',*,*,#10341,.T.);
#10341 = EDGE_CURVE('',#10311,#10342,#10344,.T.);
#10342 = VERTEX_POINT('',#10343);
#10343 = CARTESIAN_POINT('',(20.975,-2.475,-4.E-02));
#10344 = CIRCLE('',#10345,0.225000087974);
#10345 = AXIS2_PLACEMENT_3D('',#10346,#10347,#10348);
#10346 = CARTESIAN_POINT('',(20.974999912026,-2.249999912026,-4.E-02));
#10347 = DIRECTION('',(0.,0.,-1.));
#10348 = DIRECTION('',(1.,-3.909953616065E-07,0.));
#10349 = ORIENTED_EDGE('',*,*,#10350,.F.);
#10350 = EDGE_CURVE('',#10351,#10342,#10353,.T.);
#10351 = VERTEX_POINT('',#10352);
#10352 = CARTESIAN_POINT('',(20.975,-2.475,0.));
#10353 = LINE('',#10354,#10355);
#10354 = CARTESIAN_POINT('',(20.975,-2.475,0.));
#10355 = VECTOR('',#10356,1.);
#10356 = DIRECTION('',(0.,0.,-1.));
#10357 = ORIENTED_EDGE('',*,*,#10358,.F.);
#10358 = EDGE_CURVE('',#10319,#10351,#10359,.T.);
#10359 = CIRCLE('',#10360,0.225000087974);
#10360 = AXIS2_PLACEMENT_3D('',#10361,#10362,#10363);
#10361 = CARTESIAN_POINT('',(20.974999912026,-2.249999912026,0.));
#10362 = DIRECTION('',(0.,0.,-1.));
#10363 = DIRECTION('',(1.,-3.909953616065E-07,0.));
#10364 = CYLINDRICAL_SURFACE('',#10365,0.225000087974);
#10365 = AXIS2_PLACEMENT_3D('',#10366,#10367,#10368);
#10366 = CARTESIAN_POINT('',(20.974999912026,-2.249999912026,0.));
#10367 = DIRECTION('',(-0.,-0.,1.));
#10368 = DIRECTION('',(1.,-3.909953616065E-07,0.));
#10369 = ADVANCED_FACE('',(#10370),#10395,.F.);
#10370 = FACE_BOUND('',#10371,.F.);
#10371 = EDGE_LOOP('',(#10372,#10373,#10381,#10389));
#10372 = ORIENTED_EDGE('',*,*,#10350,.T.);
#10373 = ORIENTED_EDGE('',*,*,#10374,.T.);
#10374 = EDGE_CURVE('',#10342,#10375,#10377,.T.);
#10375 = VERTEX_POINT('',#10376);
#10376 = CARTESIAN_POINT('',(20.525,-2.475,-4.E-02));
#10377 = LINE('',#10378,#10379);
#10378 = CARTESIAN_POINT('',(20.975,-2.475,-4.E-02));
#10379 = VECTOR('',#10380,1.);
#10380 = DIRECTION('',(-1.,0.,0.));
#10381 = ORIENTED_EDGE('',*,*,#10382,.F.);
#10382 = EDGE_CURVE('',#10383,#10375,#10385,.T.);
#10383 = VERTEX_POINT('',#10384);
#10384 = CARTESIAN_POINT('',(20.525,-2.475,0.));
#10385 = LINE('',#10386,#10387);
#10386 = CARTESIAN_POINT('',(20.525,-2.475,0.));
#10387 = VECTOR('',#10388,1.);
#10388 = DIRECTION('',(0.,0.,-1.));
#10389 = ORIENTED_EDGE('',*,*,#10390,.F.);
#10390 = EDGE_CURVE('',#10351,#10383,#10391,.T.);
#10391 = LINE('',#10392,#10393);
#10392 = CARTESIAN_POINT('',(20.975,-2.475,0.));
#10393 = VECTOR('',#10394,1.);
#10394 = DIRECTION('',(-1.,0.,0.));
#10395 = PLANE('',#10396);
#10396 = AXIS2_PLACEMENT_3D('',#10397,#10398,#10399);
#10397 = CARTESIAN_POINT('',(20.975,-2.475,0.));
#10398 = DIRECTION('',(0.,1.,0.));
#10399 = DIRECTION('',(-1.,0.,0.));
#10400 = ADVANCED_FACE('',(#10401),#10428,.T.);
#10401 = FACE_BOUND('',#10402,.F.);
#10402 = EDGE_LOOP('',(#10403,#10404,#10413,#10421));
#10403 = ORIENTED_EDGE('',*,*,#10382,.T.);
#10404 = ORIENTED_EDGE('',*,*,#10405,.T.);
#10405 = EDGE_CURVE('',#10375,#10406,#10408,.T.);
#10406 = VERTEX_POINT('',#10407);
#10407 = CARTESIAN_POINT('',(20.3,-2.25,-4.E-02));
#10408 = CIRCLE('',#10409,0.225000087974);
#10409 = AXIS2_PLACEMENT_3D('',#10410,#10411,#10412);
#10410 = CARTESIAN_POINT('',(20.525000087974,-2.249999912026,-4.E-02));
#10411 = DIRECTION('',(0.,0.,-1.));
#10412 = DIRECTION('',(-3.909953773963E-07,-1.,-0.));
#10413 = ORIENTED_EDGE('',*,*,#10414,.F.);
#10414 = EDGE_CURVE('',#10415,#10406,#10417,.T.);
#10415 = VERTEX_POINT('',#10416);
#10416 = CARTESIAN_POINT('',(20.3,-2.25,0.));
#10417 = LINE('',#10418,#10419);
#10418 = CARTESIAN_POINT('',(20.3,-2.25,0.));
#10419 = VECTOR('',#10420,1.);
#10420 = DIRECTION('',(0.,0.,-1.));
#10421 = ORIENTED_EDGE('',*,*,#10422,.F.);
#10422 = EDGE_CURVE('',#10383,#10415,#10423,.T.);
#10423 = CIRCLE('',#10424,0.225000087974);
#10424 = AXIS2_PLACEMENT_3D('',#10425,#10426,#10427);
#10425 = CARTESIAN_POINT('',(20.525000087974,-2.249999912026,0.));
#10426 = DIRECTION('',(0.,0.,-1.));
#10427 = DIRECTION('',(-3.909953773963E-07,-1.,-0.));
#10428 = CYLINDRICAL_SURFACE('',#10429,0.225000087974);
#10429 = AXIS2_PLACEMENT_3D('',#10430,#10431,#10432);
#10430 = CARTESIAN_POINT('',(20.525000087974,-2.249999912026,0.));
#10431 = DIRECTION('',(-0.,-0.,1.));
#10432 = DIRECTION('',(-3.909953773963E-07,-1.,-0.));
#10433 = ADVANCED_FACE('',(#10434),#10450,.F.);
#10434 = FACE_BOUND('',#10435,.F.);
#10435 = EDGE_LOOP('',(#10436,#10437,#10443,#10444));
#10436 = ORIENTED_EDGE('',*,*,#10414,.T.);
#10437 = ORIENTED_EDGE('',*,*,#10438,.T.);
#10438 = EDGE_CURVE('',#10406,#10206,#10439,.T.);
#10439 = LINE('',#10440,#10441);
#10440 = CARTESIAN_POINT('',(20.3,-2.25,-4.E-02));
#10441 = VECTOR('',#10442,1.);
#10442 = DIRECTION('',(0.,1.,0.));
#10443 = ORIENTED_EDGE('',*,*,#10203,.F.);
#10444 = ORIENTED_EDGE('',*,*,#10445,.F.);
#10445 = EDGE_CURVE('',#10415,#10204,#10446,.T.);
#10446 = LINE('',#10447,#10448);
#10447 = CARTESIAN_POINT('',(20.3,-2.25,0.));
#10448 = VECTOR('',#10449,1.);
#10449 = DIRECTION('',(0.,1.,0.));
#10450 = PLANE('',#10451);
#10451 = AXIS2_PLACEMENT_3D('',#10452,#10453,#10454);
#10452 = CARTESIAN_POINT('',(20.3,-2.25,0.));
#10453 = DIRECTION('',(1.,-0.,0.));
#10454 = DIRECTION('',(0.,1.,0.));
#10455 = ADVANCED_FACE('',(#10456),#10466,.F.);
#10456 = FACE_BOUND('',#10457,.F.);
#10457 = EDGE_LOOP('',(#10458,#10459,#10460,#10461,#10462,#10463,#10464,
    #10465));
#10458 = ORIENTED_EDGE('',*,*,#10230,.T.);
#10459 = ORIENTED_EDGE('',*,*,#10262,.T.);
#10460 = ORIENTED_EDGE('',*,*,#10294,.T.);
#10461 = ORIENTED_EDGE('',*,*,#10326,.T.);
#10462 = ORIENTED_EDGE('',*,*,#10358,.T.);
#10463 = ORIENTED_EDGE('',*,*,#10390,.T.);
#10464 = ORIENTED_EDGE('',*,*,#10422,.T.);
#10465 = ORIENTED_EDGE('',*,*,#10445,.T.);
#10466 = PLANE('',#10467);
#10467 = AXIS2_PLACEMENT_3D('',#10468,#10469,#10470);
#10468 = CARTESIAN_POINT('',(0.,0.,0.));
#10469 = DIRECTION('',(-0.,-0.,-1.));
#10470 = DIRECTION('',(-1.,0.,0.));
#10471 = ADVANCED_FACE('',(#10472),#10482,.T.);
#10472 = FACE_BOUND('',#10473,.T.);
#10473 = EDGE_LOOP('',(#10474,#10475,#10476,#10477,#10478,#10479,#10480,
    #10481));
#10474 = ORIENTED_EDGE('',*,*,#10213,.T.);
#10475 = ORIENTED_EDGE('',*,*,#10246,.T.);
#10476 = ORIENTED_EDGE('',*,*,#10277,.T.);
#10477 = ORIENTED_EDGE('',*,*,#10310,.T.);
#10478 = ORIENTED_EDGE('',*,*,#10341,.T.);
#10479 = ORIENTED_EDGE('',*,*,#10374,.T.);
#10480 = ORIENTED_EDGE('',*,*,#10405,.T.);
#10481 = ORIENTED_EDGE('',*,*,#10438,.T.);
#10482 = PLANE('',#10483);
#10483 = AXIS2_PLACEMENT_3D('',#10484,#10485,#10486);
#10484 = CARTESIAN_POINT('',(0.,0.,-4.E-02));
#10485 = DIRECTION('',(-0.,-0.,-1.));
#10486 = DIRECTION('',(-1.,0.,0.));
#10487 = MANIFOLD_SOLID_BREP('',#10488);
#10488 = CLOSED_SHELL('',(#10489,#10529,#10560,#10591,#10613,#10625));
#10489 = ADVANCED_FACE('',(#10490),#10524,.T.);
#10490 = FACE_BOUND('',#10491,.T.);
#10491 = EDGE_LOOP('',(#10492,#10502,#10510,#10518));
#10492 = ORIENTED_EDGE('',*,*,#10493,.T.);
#10493 = EDGE_CURVE('',#10494,#10496,#10498,.T.);
#10494 = VERTEX_POINT('',#10495);
#10495 = CARTESIAN_POINT('',(11.075,-2.05,0.91));
#10496 = VERTEX_POINT('',#10497);
#10497 = CARTESIAN_POINT('',(11.075,-2.05,0.95));
#10498 = LINE('',#10499,#10500);
#10499 = CARTESIAN_POINT('',(11.075,-2.05,0.91));
#10500 = VECTOR('',#10501,1.);
#10501 = DIRECTION('',(0.,0.,1.));
#10502 = ORIENTED_EDGE('',*,*,#10503,.T.);
#10503 = EDGE_CURVE('',#10496,#10504,#10506,.T.);
#10504 = VERTEX_POINT('',#10505);
#10505 = CARTESIAN_POINT('',(11.075,-1.65,0.95));
#10506 = LINE('',#10507,#10508);
#10507 = CARTESIAN_POINT('',(11.075,-2.05,0.95));
#10508 = VECTOR('',#10509,1.);
#10509 = DIRECTION('',(0.,1.,0.));
#10510 = ORIENTED_EDGE('',*,*,#10511,.F.);
#10511 = EDGE_CURVE('',#10512,#10504,#10514,.T.);
#10512 = VERTEX_POINT('',#10513);
#10513 = CARTESIAN_POINT('',(11.075,-1.65,0.91));
#10514 = LINE('',#10515,#10516);
#10515 = CARTESIAN_POINT('',(11.075,-1.65,0.91));
#10516 = VECTOR('',#10517,1.);
#10517 = DIRECTION('',(0.,0.,1.));
#10518 = ORIENTED_EDGE('',*,*,#10519,.F.);
#10519 = EDGE_CURVE('',#10494,#10512,#10520,.T.);
#10520 = LINE('',#10521,#10522);
#10521 = CARTESIAN_POINT('',(11.075,-2.05,0.91));
#10522 = VECTOR('',#10523,1.);
#10523 = DIRECTION('',(0.,1.,0.));
#10524 = PLANE('',#10525);
#10525 = AXIS2_PLACEMENT_3D('',#10526,#10527,#10528);
#10526 = CARTESIAN_POINT('',(11.075,-2.05,0.91));
#10527 = DIRECTION('',(-1.,0.,0.));
#10528 = DIRECTION('',(0.,1.,0.));
#10529 = ADVANCED_FACE('',(#10530),#10555,.T.);
#10530 = FACE_BOUND('',#10531,.T.);
#10531 = EDGE_LOOP('',(#10532,#10533,#10541,#10549));
#10532 = ORIENTED_EDGE('',*,*,#10511,.T.);
#10533 = ORIENTED_EDGE('',*,*,#10534,.T.);
#10534 = EDGE_CURVE('',#10504,#10535,#10537,.T.);
#10535 = VERTEX_POINT('',#10536);
#10536 = CARTESIAN_POINT('',(13.075,-1.65,0.95));
#10537 = LINE('',#10538,#10539);
#10538 = CARTESIAN_POINT('',(11.075,-1.65,0.95));
#10539 = VECTOR('',#10540,1.);
#10540 = DIRECTION('',(1.,0.,0.));
#10541 = ORIENTED_EDGE('',*,*,#10542,.F.);
#10542 = EDGE_CURVE('',#10543,#10535,#10545,.T.);
#10543 = VERTEX_POINT('',#10544);
#10544 = CARTESIAN_POINT('',(13.075,-1.65,0.91));
#10545 = LINE('',#10546,#10547);
#10546 = CARTESIAN_POINT('',(13.075,-1.65,0.91));
#10547 = VECTOR('',#10548,1.);
#10548 = DIRECTION('',(0.,0.,1.));
#10549 = ORIENTED_EDGE('',*,*,#10550,.F.);
#10550 = EDGE_CURVE('',#10512,#10543,#10551,.T.);
#10551 = LINE('',#10552,#10553);
#10552 = CARTESIAN_POINT('',(11.075,-1.65,0.91));
#10553 = VECTOR('',#10554,1.);
#10554 = DIRECTION('',(1.,0.,0.));
#10555 = PLANE('',#10556);
#10556 = AXIS2_PLACEMENT_3D('',#10557,#10558,#10559);
#10557 = CARTESIAN_POINT('',(11.075,-1.65,0.91));
#10558 = DIRECTION('',(0.,1.,0.));
#10559 = DIRECTION('',(1.,0.,0.));
#10560 = ADVANCED_FACE('',(#10561),#10586,.T.);
#10561 = FACE_BOUND('',#10562,.T.);
#10562 = EDGE_LOOP('',(#10563,#10564,#10572,#10580));
#10563 = ORIENTED_EDGE('',*,*,#10542,.T.);
#10564 = ORIENTED_EDGE('',*,*,#10565,.T.);
#10565 = EDGE_CURVE('',#10535,#10566,#10568,.T.);
#10566 = VERTEX_POINT('',#10567);
#10567 = CARTESIAN_POINT('',(13.075,-2.05,0.95));
#10568 = LINE('',#10569,#10570);
#10569 = CARTESIAN_POINT('',(13.075,-1.65,0.95));
#10570 = VECTOR('',#10571,1.);
#10571 = DIRECTION('',(0.,-1.,0.));
#10572 = ORIENTED_EDGE('',*,*,#10573,.F.);
#10573 = EDGE_CURVE('',#10574,#10566,#10576,.T.);
#10574 = VERTEX_POINT('',#10575);
#10575 = CARTESIAN_POINT('',(13.075,-2.05,0.91));
#10576 = LINE('',#10577,#10578);
#10577 = CARTESIAN_POINT('',(13.075,-2.05,0.91));
#10578 = VECTOR('',#10579,1.);
#10579 = DIRECTION('',(0.,0.,1.));
#10580 = ORIENTED_EDGE('',*,*,#10581,.F.);
#10581 = EDGE_CURVE('',#10543,#10574,#10582,.T.);
#10582 = LINE('',#10583,#10584);
#10583 = CARTESIAN_POINT('',(13.075,-1.65,0.91));
#10584 = VECTOR('',#10585,1.);
#10585 = DIRECTION('',(0.,-1.,0.));
#10586 = PLANE('',#10587);
#10587 = AXIS2_PLACEMENT_3D('',#10588,#10589,#10590);
#10588 = CARTESIAN_POINT('',(13.075,-1.65,0.91));
#10589 = DIRECTION('',(1.,0.,-0.));
#10590 = DIRECTION('',(0.,-1.,0.));
#10591 = ADVANCED_FACE('',(#10592),#10608,.T.);
#10592 = FACE_BOUND('',#10593,.T.);
#10593 = EDGE_LOOP('',(#10594,#10595,#10601,#10602));
#10594 = ORIENTED_EDGE('',*,*,#10573,.T.);
#10595 = ORIENTED_EDGE('',*,*,#10596,.T.);
#10596 = EDGE_CURVE('',#10566,#10496,#10597,.T.);
#10597 = LINE('',#10598,#10599);
#10598 = CARTESIAN_POINT('',(13.075,-2.05,0.95));
#10599 = VECTOR('',#10600,1.);
#10600 = DIRECTION('',(-1.,0.,0.));
#10601 = ORIENTED_EDGE('',*,*,#10493,.F.);
#10602 = ORIENTED_EDGE('',*,*,#10603,.F.);
#10603 = EDGE_CURVE('',#10574,#10494,#10604,.T.);
#10604 = LINE('',#10605,#10606);
#10605 = CARTESIAN_POINT('',(13.075,-2.05,0.91));
#10606 = VECTOR('',#10607,1.);
#10607 = DIRECTION('',(-1.,0.,0.));
#10608 = PLANE('',#10609);
#10609 = AXIS2_PLACEMENT_3D('',#10610,#10611,#10612);
#10610 = CARTESIAN_POINT('',(13.075,-2.05,0.91));
#10611 = DIRECTION('',(0.,-1.,0.));
#10612 = DIRECTION('',(-1.,0.,0.));
#10613 = ADVANCED_FACE('',(#10614),#10620,.F.);
#10614 = FACE_BOUND('',#10615,.T.);
#10615 = EDGE_LOOP('',(#10616,#10617,#10618,#10619));
#10616 = ORIENTED_EDGE('',*,*,#10519,.T.);
#10617 = ORIENTED_EDGE('',*,*,#10550,.T.);
#10618 = ORIENTED_EDGE('',*,*,#10581,.T.);
#10619 = ORIENTED_EDGE('',*,*,#10603,.T.);
#10620 = PLANE('',#10621);
#10621 = AXIS2_PLACEMENT_3D('',#10622,#10623,#10624);
#10622 = CARTESIAN_POINT('',(0.,0.,0.91));
#10623 = DIRECTION('',(0.,0.,1.));
#10624 = DIRECTION('',(1.,0.,-0.));
#10625 = ADVANCED_FACE('',(#10626),#10632,.T.);
#10626 = FACE_BOUND('',#10627,.F.);
#10627 = EDGE_LOOP('',(#10628,#10629,#10630,#10631));
#10628 = ORIENTED_EDGE('',*,*,#10503,.T.);
#10629 = ORIENTED_EDGE('',*,*,#10534,.T.);
#10630 = ORIENTED_EDGE('',*,*,#10565,.T.);
#10631 = ORIENTED_EDGE('',*,*,#10596,.T.);
#10632 = PLANE('',#10633);
#10633 = AXIS2_PLACEMENT_3D('',#10634,#10635,#10636);
#10634 = CARTESIAN_POINT('',(0.,0.,0.95));
#10635 = DIRECTION('',(0.,0.,1.));
#10636 = DIRECTION('',(1.,0.,-0.));
#10637 = MANIFOLD_SOLID_BREP('',#10638);
#10638 = CLOSED_SHELL('',(#10639,#10681,#10712,#10745,#10776,#10809,
    #10840,#10873,#10895,#10911));
#10639 = ADVANCED_FACE('',(#10640),#10676,.T.);
#10640 = FACE_BOUND('',#10641,.F.);
#10641 = EDGE_LOOP('',(#10642,#10652,#10661,#10669));
#10642 = ORIENTED_EDGE('',*,*,#10643,.T.);
#10643 = EDGE_CURVE('',#10644,#10646,#10648,.T.);
#10644 = VERTEX_POINT('',#10645);
#10645 = CARTESIAN_POINT('',(15.55,-1.75,0.));
#10646 = VERTEX_POINT('',#10647);
#10647 = CARTESIAN_POINT('',(15.55,-1.75,-4.E-02));
#10648 = LINE('',#10649,#10650);
#10649 = CARTESIAN_POINT('',(15.55,-1.75,0.));
#10650 = VECTOR('',#10651,1.);
#10651 = DIRECTION('',(0.,0.,-1.));
#10652 = ORIENTED_EDGE('',*,*,#10653,.T.);
#10653 = EDGE_CURVE('',#10646,#10654,#10656,.T.);
#10654 = VERTEX_POINT('',#10655);
#10655 = CARTESIAN_POINT('',(15.775,-1.525,-4.E-02));
#10656 = CIRCLE('',#10657,0.225000087974);
#10657 = AXIS2_PLACEMENT_3D('',#10658,#10659,#10660);
#10658 = CARTESIAN_POINT('',(15.775000087974,-1.750000087974,-4.E-02));
#10659 = DIRECTION('',(0.,0.,-1.));
#10660 = DIRECTION('',(-1.,3.90995350751E-07,0.));
#10661 = ORIENTED_EDGE('',*,*,#10662,.F.);
#10662 = EDGE_CURVE('',#10663,#10654,#10665,.T.);
#10663 = VERTEX_POINT('',#10664);
#10664 = CARTESIAN_POINT('',(15.775,-1.525,0.));
#10665 = LINE('',#10666,#10667);
#10666 = CARTESIAN_POINT('',(15.775,-1.525,0.));
#10667 = VECTOR('',#10668,1.);
#10668 = DIRECTION('',(0.,0.,-1.));
#10669 = ORIENTED_EDGE('',*,*,#10670,.F.);
#10670 = EDGE_CURVE('',#10644,#10663,#10671,.T.);
#10671 = CIRCLE('',#10672,0.225000087974);
#10672 = AXIS2_PLACEMENT_3D('',#10673,#10674,#10675);
#10673 = CARTESIAN_POINT('',(15.775000087974,-1.750000087974,0.));
#10674 = DIRECTION('',(0.,0.,-1.));
#10675 = DIRECTION('',(-1.,3.90995350751E-07,0.));
#10676 = CYLINDRICAL_SURFACE('',#10677,0.225000087974);
#10677 = AXIS2_PLACEMENT_3D('',#10678,#10679,#10680);
#10678 = CARTESIAN_POINT('',(15.775000087974,-1.750000087974,0.));
#10679 = DIRECTION('',(-0.,-0.,1.));
#10680 = DIRECTION('',(-1.,3.90995350751E-07,0.));
#10681 = ADVANCED_FACE('',(#10682),#10707,.F.);
#10682 = FACE_BOUND('',#10683,.F.);
#10683 = EDGE_LOOP('',(#10684,#10685,#10693,#10701));
#10684 = ORIENTED_EDGE('',*,*,#10662,.T.);
#10685 = ORIENTED_EDGE('',*,*,#10686,.T.);
#10686 = EDGE_CURVE('',#10654,#10687,#10689,.T.);
#10687 = VERTEX_POINT('',#10688);
#10688 = CARTESIAN_POINT('',(16.225,-1.525,-4.E-02));
#10689 = LINE('',#10690,#10691);
#10690 = CARTESIAN_POINT('',(15.775,-1.525,-4.E-02));
#10691 = VECTOR('',#10692,1.);
#10692 = DIRECTION('',(1.,0.,0.));
#10693 = ORIENTED_EDGE('',*,*,#10694,.F.);
#10694 = EDGE_CURVE('',#10695,#10687,#10697,.T.);
#10695 = VERTEX_POINT('',#10696);
#10696 = CARTESIAN_POINT('',(16.225,-1.525,0.));
#10697 = LINE('',#10698,#10699);
#10698 = CARTESIAN_POINT('',(16.225,-1.525,0.));
#10699 = VECTOR('',#10700,1.);
#10700 = DIRECTION('',(0.,0.,-1.));
#10701 = ORIENTED_EDGE('',*,*,#10702,.F.);
#10702 = EDGE_CURVE('',#10663,#10695,#10703,.T.);
#10703 = LINE('',#10704,#10705);
#10704 = CARTESIAN_POINT('',(15.775,-1.525,0.));
#10705 = VECTOR('',#10706,1.);
#10706 = DIRECTION('',(1.,0.,0.));
#10707 = PLANE('',#10708);
#10708 = AXIS2_PLACEMENT_3D('',#10709,#10710,#10711);
#10709 = CARTESIAN_POINT('',(15.775,-1.525,0.));
#10710 = DIRECTION('',(0.,-1.,0.));
#10711 = DIRECTION('',(1.,0.,0.));
#10712 = ADVANCED_FACE('',(#10713),#10740,.T.);
#10713 = FACE_BOUND('',#10714,.F.);
#10714 = EDGE_LOOP('',(#10715,#10716,#10725,#10733));
#10715 = ORIENTED_EDGE('',*,*,#10694,.T.);
#10716 = ORIENTED_EDGE('',*,*,#10717,.T.);
#10717 = EDGE_CURVE('',#10687,#10718,#10720,.T.);
#10718 = VERTEX_POINT('',#10719);
#10719 = CARTESIAN_POINT('',(16.45,-1.75,-4.E-02));
#10720 = CIRCLE('',#10721,0.225000087974);
#10721 = AXIS2_PLACEMENT_3D('',#10722,#10723,#10724);
#10722 = CARTESIAN_POINT('',(16.224999912026,-1.750000087974,-4.E-02));
#10723 = DIRECTION('',(0.,0.,-1.));
#10724 = DIRECTION('',(3.909953773963E-07,1.,0.));
#10725 = ORIENTED_EDGE('',*,*,#10726,.F.);
#10726 = EDGE_CURVE('',#10727,#10718,#10729,.T.);
#10727 = VERTEX_POINT('',#10728);
#10728 = CARTESIAN_POINT('',(16.45,-1.75,0.));
#10729 = LINE('',#10730,#10731);
#10730 = CARTESIAN_POINT('',(16.45,-1.75,0.));
#10731 = VECTOR('',#10732,1.);
#10732 = DIRECTION('',(0.,0.,-1.));
#10733 = ORIENTED_EDGE('',*,*,#10734,.F.);
#10734 = EDGE_CURVE('',#10695,#10727,#10735,.T.);
#10735 = CIRCLE('',#10736,0.225000087974);
#10736 = AXIS2_PLACEMENT_3D('',#10737,#10738,#10739);
#10737 = CARTESIAN_POINT('',(16.224999912026,-1.750000087974,0.));
#10738 = DIRECTION('',(0.,0.,-1.));
#10739 = DIRECTION('',(3.909953773963E-07,1.,0.));
#10740 = CYLINDRICAL_SURFACE('',#10741,0.225000087974);
#10741 = AXIS2_PLACEMENT_3D('',#10742,#10743,#10744);
#10742 = CARTESIAN_POINT('',(16.224999912026,-1.750000087974,0.));
#10743 = DIRECTION('',(-0.,-0.,1.));
#10744 = DIRECTION('',(3.909953773963E-07,1.,0.));
#10745 = ADVANCED_FACE('',(#10746),#10771,.F.);
#10746 = FACE_BOUND('',#10747,.F.);
#10747 = EDGE_LOOP('',(#10748,#10749,#10757,#10765));
#10748 = ORIENTED_EDGE('',*,*,#10726,.T.);
#10749 = ORIENTED_EDGE('',*,*,#10750,.T.);
#10750 = EDGE_CURVE('',#10718,#10751,#10753,.T.);
#10751 = VERTEX_POINT('',#10752);
#10752 = CARTESIAN_POINT('',(16.45,-2.25,-4.E-02));
#10753 = LINE('',#10754,#10755);
#10754 = CARTESIAN_POINT('',(16.45,-1.75,-4.E-02));
#10755 = VECTOR('',#10756,1.);
#10756 = DIRECTION('',(0.,-1.,0.));
#10757 = ORIENTED_EDGE('',*,*,#10758,.F.);
#10758 = EDGE_CURVE('',#10759,#10751,#10761,.T.);
#10759 = VERTEX_POINT('',#10760);
#10760 = CARTESIAN_POINT('',(16.45,-2.25,0.));
#10761 = LINE('',#10762,#10763);
#10762 = CARTESIAN_POINT('',(16.45,-2.25,0.));
#10763 = VECTOR('',#10764,1.);
#10764 = DIRECTION('',(0.,0.,-1.));
#10765 = ORIENTED_EDGE('',*,*,#10766,.F.);
#10766 = EDGE_CURVE('',#10727,#10759,#10767,.T.);
#10767 = LINE('',#10768,#10769);
#10768 = CARTESIAN_POINT('',(16.45,-1.75,0.));
#10769 = VECTOR('',#10770,1.);
#10770 = DIRECTION('',(0.,-1.,0.));
#10771 = PLANE('',#10772);
#10772 = AXIS2_PLACEMENT_3D('',#10773,#10774,#10775);
#10773 = CARTESIAN_POINT('',(16.45,-1.75,0.));
#10774 = DIRECTION('',(-1.,-0.,-0.));
#10775 = DIRECTION('',(0.,-1.,0.));
#10776 = ADVANCED_FACE('',(#10777),#10804,.T.);
#10777 = FACE_BOUND('',#10778,.F.);
#10778 = EDGE_LOOP('',(#10779,#10780,#10789,#10797));
#10779 = ORIENTED_EDGE('',*,*,#10758,.T.);
#10780 = ORIENTED_EDGE('',*,*,#10781,.T.);
#10781 = EDGE_CURVE('',#10751,#10782,#10784,.T.);
#10782 = VERTEX_POINT('',#10783);
#10783 = CARTESIAN_POINT('',(16.225,-2.475,-4.E-02));
#10784 = CIRCLE('',#10785,0.225000087974);
#10785 = AXIS2_PLACEMENT_3D('',#10786,#10787,#10788);
#10786 = CARTESIAN_POINT('',(16.224999912026,-2.249999912026,-4.E-02));
#10787 = DIRECTION('',(0.,0.,-1.));
#10788 = DIRECTION('',(1.,-3.909953616065E-07,0.));
#10789 = ORIENTED_EDGE('',*,*,#10790,.F.);
#10790 = EDGE_CURVE('',#10791,#10782,#10793,.T.);
#10791 = VERTEX_POINT('',#10792);
#10792 = CARTESIAN_POINT('',(16.225,-2.475,0.));
#10793 = LINE('',#10794,#10795);
#10794 = CARTESIAN_POINT('',(16.225,-2.475,0.));
#10795 = VECTOR('',#10796,1.);
#10796 = DIRECTION('',(0.,0.,-1.));
#10797 = ORIENTED_EDGE('',*,*,#10798,.F.);
#10798 = EDGE_CURVE('',#10759,#10791,#10799,.T.);
#10799 = CIRCLE('',#10800,0.225000087974);
#10800 = AXIS2_PLACEMENT_3D('',#10801,#10802,#10803);
#10801 = CARTESIAN_POINT('',(16.224999912026,-2.249999912026,0.));
#10802 = DIRECTION('',(0.,0.,-1.));
#10803 = DIRECTION('',(1.,-3.909953616065E-07,0.));
#10804 = CYLINDRICAL_SURFACE('',#10805,0.225000087974);
#10805 = AXIS2_PLACEMENT_3D('',#10806,#10807,#10808);
#10806 = CARTESIAN_POINT('',(16.224999912026,-2.249999912026,0.));
#10807 = DIRECTION('',(-0.,-0.,1.));
#10808 = DIRECTION('',(1.,-3.909953616065E-07,0.));
#10809 = ADVANCED_FACE('',(#10810),#10835,.F.);
#10810 = FACE_BOUND('',#10811,.F.);
#10811 = EDGE_LOOP('',(#10812,#10813,#10821,#10829));
#10812 = ORIENTED_EDGE('',*,*,#10790,.T.);
#10813 = ORIENTED_EDGE('',*,*,#10814,.T.);
#10814 = EDGE_CURVE('',#10782,#10815,#10817,.T.);
#10815 = VERTEX_POINT('',#10816);
#10816 = CARTESIAN_POINT('',(15.775,-2.475,-4.E-02));
#10817 = LINE('',#10818,#10819);
#10818 = CARTESIAN_POINT('',(16.225,-2.475,-4.E-02));
#10819 = VECTOR('',#10820,1.);
#10820 = DIRECTION('',(-1.,0.,0.));
#10821 = ORIENTED_EDGE('',*,*,#10822,.F.);
#10822 = EDGE_CURVE('',#10823,#10815,#10825,.T.);
#10823 = VERTEX_POINT('',#10824);
#10824 = CARTESIAN_POINT('',(15.775,-2.475,0.));
#10825 = LINE('',#10826,#10827);
#10826 = CARTESIAN_POINT('',(15.775,-2.475,0.));
#10827 = VECTOR('',#10828,1.);
#10828 = DIRECTION('',(0.,0.,-1.));
#10829 = ORIENTED_EDGE('',*,*,#10830,.F.);
#10830 = EDGE_CURVE('',#10791,#10823,#10831,.T.);
#10831 = LINE('',#10832,#10833);
#10832 = CARTESIAN_POINT('',(16.225,-2.475,0.));
#10833 = VECTOR('',#10834,1.);
#10834 = DIRECTION('',(-1.,0.,0.));
#10835 = PLANE('',#10836);
#10836 = AXIS2_PLACEMENT_3D('',#10837,#10838,#10839);
#10837 = CARTESIAN_POINT('',(16.225,-2.475,0.));
#10838 = DIRECTION('',(0.,1.,0.));
#10839 = DIRECTION('',(-1.,0.,0.));
#10840 = ADVANCED_FACE('',(#10841),#10868,.T.);
#10841 = FACE_BOUND('',#10842,.F.);
#10842 = EDGE_LOOP('',(#10843,#10844,#10853,#10861));
#10843 = ORIENTED_EDGE('',*,*,#10822,.T.);
#10844 = ORIENTED_EDGE('',*,*,#10845,.T.);
#10845 = EDGE_CURVE('',#10815,#10846,#10848,.T.);
#10846 = VERTEX_POINT('',#10847);
#10847 = CARTESIAN_POINT('',(15.55,-2.25,-4.E-02));
#10848 = CIRCLE('',#10849,0.225000087974);
#10849 = AXIS2_PLACEMENT_3D('',#10850,#10851,#10852);
#10850 = CARTESIAN_POINT('',(15.775000087974,-2.249999912026,-4.E-02));
#10851 = DIRECTION('',(0.,0.,-1.));
#10852 = DIRECTION('',(-3.909953537115E-07,-1.,-0.));
#10853 = ORIENTED_EDGE('',*,*,#10854,.F.);
#10854 = EDGE_CURVE('',#10855,#10846,#10857,.T.);
#10855 = VERTEX_POINT('',#10856);
#10856 = CARTESIAN_POINT('',(15.55,-2.25,0.));
#10857 = LINE('',#10858,#10859);
#10858 = CARTESIAN_POINT('',(15.55,-2.25,0.));
#10859 = VECTOR('',#10860,1.);
#10860 = DIRECTION('',(0.,0.,-1.));
#10861 = ORIENTED_EDGE('',*,*,#10862,.F.);
#10862 = EDGE_CURVE('',#10823,#10855,#10863,.T.);
#10863 = CIRCLE('',#10864,0.225000087974);
#10864 = AXIS2_PLACEMENT_3D('',#10865,#10866,#10867);
#10865 = CARTESIAN_POINT('',(15.775000087974,-2.249999912026,0.));
#10866 = DIRECTION('',(0.,0.,-1.));
#10867 = DIRECTION('',(-3.909953537115E-07,-1.,-0.));
#10868 = CYLINDRICAL_SURFACE('',#10869,0.225000087974);
#10869 = AXIS2_PLACEMENT_3D('',#10870,#10871,#10872);
#10870 = CARTESIAN_POINT('',(15.775000087974,-2.249999912026,0.));
#10871 = DIRECTION('',(-0.,-0.,1.));
#10872 = DIRECTION('',(-3.909953537115E-07,-1.,-0.));
#10873 = ADVANCED_FACE('',(#10874),#10890,.F.);
#10874 = FACE_BOUND('',#10875,.F.);
#10875 = EDGE_LOOP('',(#10876,#10877,#10883,#10884));
#10876 = ORIENTED_EDGE('',*,*,#10854,.T.);
#10877 = ORIENTED_EDGE('',*,*,#10878,.T.);
#10878 = EDGE_CURVE('',#10846,#10646,#10879,.T.);
#10879 = LINE('',#10880,#10881);
#10880 = CARTESIAN_POINT('',(15.55,-2.25,-4.E-02));
#10881 = VECTOR('',#10882,1.);
#10882 = DIRECTION('',(0.,1.,0.));
#10883 = ORIENTED_EDGE('',*,*,#10643,.F.);
#10884 = ORIENTED_EDGE('',*,*,#10885,.F.);
#10885 = EDGE_CURVE('',#10855,#10644,#10886,.T.);
#10886 = LINE('',#10887,#10888);
#10887 = CARTESIAN_POINT('',(15.55,-2.25,0.));
#10888 = VECTOR('',#10889,1.);
#10889 = DIRECTION('',(0.,1.,0.));
#10890 = PLANE('',#10891);
#10891 = AXIS2_PLACEMENT_3D('',#10892,#10893,#10894);
#10892 = CARTESIAN_POINT('',(15.55,-2.25,0.));
#10893 = DIRECTION('',(1.,-0.,0.));
#10894 = DIRECTION('',(0.,1.,0.));
#10895 = ADVANCED_FACE('',(#10896),#10906,.F.);
#10896 = FACE_BOUND('',#10897,.F.);
#10897 = EDGE_LOOP('',(#10898,#10899,#10900,#10901,#10902,#10903,#10904,
    #10905));
#10898 = ORIENTED_EDGE('',*,*,#10670,.T.);
#10899 = ORIENTED_EDGE('',*,*,#10702,.T.);
#10900 = ORIENTED_EDGE('',*,*,#10734,.T.);
#10901 = ORIENTED_EDGE('',*,*,#10766,.T.);
#10902 = ORIENTED_EDGE('',*,*,#10798,.T.);
#10903 = ORIENTED_EDGE('',*,*,#10830,.T.);
#10904 = ORIENTED_EDGE('',*,*,#10862,.T.);
#10905 = ORIENTED_EDGE('',*,*,#10885,.T.);
#10906 = PLANE('',#10907);
#10907 = AXIS2_PLACEMENT_3D('',#10908,#10909,#10910);
#10908 = CARTESIAN_POINT('',(0.,0.,0.));
#10909 = DIRECTION('',(-0.,-0.,-1.));
#10910 = DIRECTION('',(-1.,0.,0.));
#10911 = ADVANCED_FACE('',(#10912),#10922,.T.);
#10912 = FACE_BOUND('',#10913,.T.);
#10913 = EDGE_LOOP('',(#10914,#10915,#10916,#10917,#10918,#10919,#10920,
    #10921));
#10914 = ORIENTED_EDGE('',*,*,#10653,.T.);
#10915 = ORIENTED_EDGE('',*,*,#10686,.T.);
#10916 = ORIENTED_EDGE('',*,*,#10717,.T.);
#10917 = ORIENTED_EDGE('',*,*,#10750,.T.);
#10918 = ORIENTED_EDGE('',*,*,#10781,.T.);
#10919 = ORIENTED_EDGE('',*,*,#10814,.T.);
#10920 = ORIENTED_EDGE('',*,*,#10845,.T.);
#10921 = ORIENTED_EDGE('',*,*,#10878,.T.);
#10922 = PLANE('',#10923);
#10923 = AXIS2_PLACEMENT_3D('',#10924,#10925,#10926);
#10924 = CARTESIAN_POINT('',(0.,0.,-4.E-02));
#10925 = DIRECTION('',(-0.,-0.,-1.));
#10926 = DIRECTION('',(-1.,0.,0.));
#10927 = MANIFOLD_SOLID_BREP('',#10928);
#10928 = CLOSED_SHELL('',(#10929,#10969,#11000,#11031,#11053,#11065));
#10929 = ADVANCED_FACE('',(#10930),#10964,.T.);
#10930 = FACE_BOUND('',#10931,.T.);
#10931 = EDGE_LOOP('',(#10932,#10942,#10950,#10958));
#10932 = ORIENTED_EDGE('',*,*,#10933,.T.);
#10933 = EDGE_CURVE('',#10934,#10936,#10938,.T.);
#10934 = VERTEX_POINT('',#10935);
#10935 = CARTESIAN_POINT('',(11.075,-2.67,0.91));
#10936 = VERTEX_POINT('',#10937);
#10937 = CARTESIAN_POINT('',(11.075,-2.67,0.95));
#10938 = LINE('',#10939,#10940);
#10939 = CARTESIAN_POINT('',(11.075,-2.67,0.91));
#10940 = VECTOR('',#10941,1.);
#10941 = DIRECTION('',(0.,0.,1.));
#10942 = ORIENTED_EDGE('',*,*,#10943,.T.);
#10943 = EDGE_CURVE('',#10936,#10944,#10946,.T.);
#10944 = VERTEX_POINT('',#10945);
#10945 = CARTESIAN_POINT('',(11.075,-2.27,0.95));
#10946 = LINE('',#10947,#10948);
#10947 = CARTESIAN_POINT('',(11.075,-2.67,0.95));
#10948 = VECTOR('',#10949,1.);
#10949 = DIRECTION('',(0.,1.,0.));
#10950 = ORIENTED_EDGE('',*,*,#10951,.F.);
#10951 = EDGE_CURVE('',#10952,#10944,#10954,.T.);
#10952 = VERTEX_POINT('',#10953);
#10953 = CARTESIAN_POINT('',(11.075,-2.27,0.91));
#10954 = LINE('',#10955,#10956);
#10955 = CARTESIAN_POINT('',(11.075,-2.27,0.91));
#10956 = VECTOR('',#10957,1.);
#10957 = DIRECTION('',(0.,0.,1.));
#10958 = ORIENTED_EDGE('',*,*,#10959,.F.);
#10959 = EDGE_CURVE('',#10934,#10952,#10960,.T.);
#10960 = LINE('',#10961,#10962);
#10961 = CARTESIAN_POINT('',(11.075,-2.67,0.91));
#10962 = VECTOR('',#10963,1.);
#10963 = DIRECTION('',(0.,1.,0.));
#10964 = PLANE('',#10965);
#10965 = AXIS2_PLACEMENT_3D('',#10966,#10967,#10968);
#10966 = CARTESIAN_POINT('',(11.075,-2.67,0.91));
#10967 = DIRECTION('',(-1.,0.,0.));
#10968 = DIRECTION('',(0.,1.,0.));
#10969 = ADVANCED_FACE('',(#10970),#10995,.T.);
#10970 = FACE_BOUND('',#10971,.T.);
#10971 = EDGE_LOOP('',(#10972,#10973,#10981,#10989));
#10972 = ORIENTED_EDGE('',*,*,#10951,.T.);
#10973 = ORIENTED_EDGE('',*,*,#10974,.T.);
#10974 = EDGE_CURVE('',#10944,#10975,#10977,.T.);
#10975 = VERTEX_POINT('',#10976);
#10976 = CARTESIAN_POINT('',(13.075,-2.27,0.95));
#10977 = LINE('',#10978,#10979);
#10978 = CARTESIAN_POINT('',(11.075,-2.27,0.95));
#10979 = VECTOR('',#10980,1.);
#10980 = DIRECTION('',(1.,0.,0.));
#10981 = ORIENTED_EDGE('',*,*,#10982,.F.);
#10982 = EDGE_CURVE('',#10983,#10975,#10985,.T.);
#10983 = VERTEX_POINT('',#10984);
#10984 = CARTESIAN_POINT('',(13.075,-2.27,0.91));
#10985 = LINE('',#10986,#10987);
#10986 = CARTESIAN_POINT('',(13.075,-2.27,0.91));
#10987 = VECTOR('',#10988,1.);
#10988 = DIRECTION('',(0.,0.,1.));
#10989 = ORIENTED_EDGE('',*,*,#10990,.F.);
#10990 = EDGE_CURVE('',#10952,#10983,#10991,.T.);
#10991 = LINE('',#10992,#10993);
#10992 = CARTESIAN_POINT('',(11.075,-2.27,0.91));
#10993 = VECTOR('',#10994,1.);
#10994 = DIRECTION('',(1.,0.,0.));
#10995 = PLANE('',#10996);
#10996 = AXIS2_PLACEMENT_3D('',#10997,#10998,#10999);
#10997 = CARTESIAN_POINT('',(11.075,-2.27,0.91));
#10998 = DIRECTION('',(0.,1.,0.));
#10999 = DIRECTION('',(1.,0.,0.));
#11000 = ADVANCED_FACE('',(#11001),#11026,.T.);
#11001 = FACE_BOUND('',#11002,.T.);
#11002 = EDGE_LOOP('',(#11003,#11004,#11012,#11020));
#11003 = ORIENTED_EDGE('',*,*,#10982,.T.);
#11004 = ORIENTED_EDGE('',*,*,#11005,.T.);
#11005 = EDGE_CURVE('',#10975,#11006,#11008,.T.);
#11006 = VERTEX_POINT('',#11007);
#11007 = CARTESIAN_POINT('',(13.075,-2.67,0.95));
#11008 = LINE('',#11009,#11010);
#11009 = CARTESIAN_POINT('',(13.075,-2.27,0.95));
#11010 = VECTOR('',#11011,1.);
#11011 = DIRECTION('',(0.,-1.,0.));
#11012 = ORIENTED_EDGE('',*,*,#11013,.F.);
#11013 = EDGE_CURVE('',#11014,#11006,#11016,.T.);
#11014 = VERTEX_POINT('',#11015);
#11015 = CARTESIAN_POINT('',(13.075,-2.67,0.91));
#11016 = LINE('',#11017,#11018);
#11017 = CARTESIAN_POINT('',(13.075,-2.67,0.91));
#11018 = VECTOR('',#11019,1.);
#11019 = DIRECTION('',(0.,0.,1.));
#11020 = ORIENTED_EDGE('',*,*,#11021,.F.);
#11021 = EDGE_CURVE('',#10983,#11014,#11022,.T.);
#11022 = LINE('',#11023,#11024);
#11023 = CARTESIAN_POINT('',(13.075,-2.27,0.91));
#11024 = VECTOR('',#11025,1.);
#11025 = DIRECTION('',(0.,-1.,0.));
#11026 = PLANE('',#11027);
#11027 = AXIS2_PLACEMENT_3D('',#11028,#11029,#11030);
#11028 = CARTESIAN_POINT('',(13.075,-2.27,0.91));
#11029 = DIRECTION('',(1.,0.,-0.));
#11030 = DIRECTION('',(0.,-1.,0.));
#11031 = ADVANCED_FACE('',(#11032),#11048,.T.);
#11032 = FACE_BOUND('',#11033,.T.);
#11033 = EDGE_LOOP('',(#11034,#11035,#11041,#11042));
#11034 = ORIENTED_EDGE('',*,*,#11013,.T.);
#11035 = ORIENTED_EDGE('',*,*,#11036,.T.);
#11036 = EDGE_CURVE('',#11006,#10936,#11037,.T.);
#11037 = LINE('',#11038,#11039);
#11038 = CARTESIAN_POINT('',(13.075,-2.67,0.95));
#11039 = VECTOR('',#11040,1.);
#11040 = DIRECTION('',(-1.,0.,0.));
#11041 = ORIENTED_EDGE('',*,*,#10933,.F.);
#11042 = ORIENTED_EDGE('',*,*,#11043,.F.);
#11043 = EDGE_CURVE('',#11014,#10934,#11044,.T.);
#11044 = LINE('',#11045,#11046);
#11045 = CARTESIAN_POINT('',(13.075,-2.67,0.91));
#11046 = VECTOR('',#11047,1.);
#11047 = DIRECTION('',(-1.,0.,0.));
#11048 = PLANE('',#11049);
#11049 = AXIS2_PLACEMENT_3D('',#11050,#11051,#11052);
#11050 = CARTESIAN_POINT('',(13.075,-2.67,0.91));
#11051 = DIRECTION('',(0.,-1.,0.));
#11052 = DIRECTION('',(-1.,0.,0.));
#11053 = ADVANCED_FACE('',(#11054),#11060,.F.);
#11054 = FACE_BOUND('',#11055,.T.);
#11055 = EDGE_LOOP('',(#11056,#11057,#11058,#11059));
#11056 = ORIENTED_EDGE('',*,*,#10959,.T.);
#11057 = ORIENTED_EDGE('',*,*,#10990,.T.);
#11058 = ORIENTED_EDGE('',*,*,#11021,.T.);
#11059 = ORIENTED_EDGE('',*,*,#11043,.T.);
#11060 = PLANE('',#11061);
#11061 = AXIS2_PLACEMENT_3D('',#11062,#11063,#11064);
#11062 = CARTESIAN_POINT('',(0.,0.,0.91));
#11063 = DIRECTION('',(0.,0.,1.));
#11064 = DIRECTION('',(1.,0.,-0.));
#11065 = ADVANCED_FACE('',(#11066),#11072,.T.);
#11066 = FACE_BOUND('',#11067,.F.);
#11067 = EDGE_LOOP('',(#11068,#11069,#11070,#11071));
#11068 = ORIENTED_EDGE('',*,*,#10943,.T.);
#11069 = ORIENTED_EDGE('',*,*,#10974,.T.);
#11070 = ORIENTED_EDGE('',*,*,#11005,.T.);
#11071 = ORIENTED_EDGE('',*,*,#11036,.T.);
#11072 = PLANE('',#11073);
#11073 = AXIS2_PLACEMENT_3D('',#11074,#11075,#11076);
#11074 = CARTESIAN_POINT('',(0.,0.,0.95));
#11075 = DIRECTION('',(0.,0.,1.));
#11076 = DIRECTION('',(1.,0.,-0.));
#11077 = MANIFOLD_SOLID_BREP('',#11078);
#11078 = CLOSED_SHELL('',(#11079,#11121,#11152,#11185,#11216,#11249,
    #11280,#11313,#11335,#11351));
#11079 = ADVANCED_FACE('',(#11080),#11116,.T.);
#11080 = FACE_BOUND('',#11081,.F.);
#11081 = EDGE_LOOP('',(#11082,#11092,#11101,#11109));
#11082 = ORIENTED_EDGE('',*,*,#11083,.T.);
#11083 = EDGE_CURVE('',#11084,#11086,#11088,.T.);
#11084 = VERTEX_POINT('',#11085);
#11085 = CARTESIAN_POINT('',(17.1,-1.75,0.));
#11086 = VERTEX_POINT('',#11087);
#11087 = CARTESIAN_POINT('',(17.1,-1.75,-4.E-02));
#11088 = LINE('',#11089,#11090);
#11089 = CARTESIAN_POINT('',(17.1,-1.75,0.));
#11090 = VECTOR('',#11091,1.);
#11091 = DIRECTION('',(0.,0.,-1.));
#11092 = ORIENTED_EDGE('',*,*,#11093,.T.);
#11093 = EDGE_CURVE('',#11086,#11094,#11096,.T.);
#11094 = VERTEX_POINT('',#11095);
#11095 = CARTESIAN_POINT('',(17.325,-1.525,-4.E-02));
#11096 = CIRCLE('',#11097,0.225000087974);
#11097 = AXIS2_PLACEMENT_3D('',#11098,#11099,#11100);
#11098 = CARTESIAN_POINT('',(17.325000087974,-1.750000087974,-4.E-02));
#11099 = DIRECTION('',(0.,0.,-1.));
#11100 = DIRECTION('',(-1.,3.909953655539E-07,0.));
#11101 = ORIENTED_EDGE('',*,*,#11102,.F.);
#11102 = EDGE_CURVE('',#11103,#11094,#11105,.T.);
#11103 = VERTEX_POINT('',#11104);
#11104 = CARTESIAN_POINT('',(17.325,-1.525,0.));
#11105 = LINE('',#11106,#11107);
#11106 = CARTESIAN_POINT('',(17.325,-1.525,0.));
#11107 = VECTOR('',#11108,1.);
#11108 = DIRECTION('',(0.,0.,-1.));
#11109 = ORIENTED_EDGE('',*,*,#11110,.F.);
#11110 = EDGE_CURVE('',#11084,#11103,#11111,.T.);
#11111 = CIRCLE('',#11112,0.225000087974);
#11112 = AXIS2_PLACEMENT_3D('',#11113,#11114,#11115);
#11113 = CARTESIAN_POINT('',(17.325000087974,-1.750000087974,0.));
#11114 = DIRECTION('',(0.,0.,-1.));
#11115 = DIRECTION('',(-1.,3.909953655539E-07,0.));
#11116 = CYLINDRICAL_SURFACE('',#11117,0.225000087974);
#11117 = AXIS2_PLACEMENT_3D('',#11118,#11119,#11120);
#11118 = CARTESIAN_POINT('',(17.325000087974,-1.750000087974,0.));
#11119 = DIRECTION('',(-0.,-0.,1.));
#11120 = DIRECTION('',(-1.,3.909953655539E-07,0.));
#11121 = ADVANCED_FACE('',(#11122),#11147,.F.);
#11122 = FACE_BOUND('',#11123,.F.);
#11123 = EDGE_LOOP('',(#11124,#11125,#11133,#11141));
#11124 = ORIENTED_EDGE('',*,*,#11102,.T.);
#11125 = ORIENTED_EDGE('',*,*,#11126,.T.);
#11126 = EDGE_CURVE('',#11094,#11127,#11129,.T.);
#11127 = VERTEX_POINT('',#11128);
#11128 = CARTESIAN_POINT('',(17.775,-1.525,-4.E-02));
#11129 = LINE('',#11130,#11131);
#11130 = CARTESIAN_POINT('',(17.325,-1.525,-4.E-02));
#11131 = VECTOR('',#11132,1.);
#11132 = DIRECTION('',(1.,0.,0.));
#11133 = ORIENTED_EDGE('',*,*,#11134,.F.);
#11134 = EDGE_CURVE('',#11135,#11127,#11137,.T.);
#11135 = VERTEX_POINT('',#11136);
#11136 = CARTESIAN_POINT('',(17.775,-1.525,0.));
#11137 = LINE('',#11138,#11139);
#11138 = CARTESIAN_POINT('',(17.775,-1.525,0.));
#11139 = VECTOR('',#11140,1.);
#11140 = DIRECTION('',(0.,0.,-1.));
#11141 = ORIENTED_EDGE('',*,*,#11142,.F.);
#11142 = EDGE_CURVE('',#11103,#11135,#11143,.T.);
#11143 = LINE('',#11144,#11145);
#11144 = CARTESIAN_POINT('',(17.325,-1.525,0.));
#11145 = VECTOR('',#11146,1.);
#11146 = DIRECTION('',(1.,0.,0.));
#11147 = PLANE('',#11148);
#11148 = AXIS2_PLACEMENT_3D('',#11149,#11150,#11151);
#11149 = CARTESIAN_POINT('',(17.325,-1.525,0.));
#11150 = DIRECTION('',(0.,-1.,0.));
#11151 = DIRECTION('',(1.,0.,0.));
#11152 = ADVANCED_FACE('',(#11153),#11180,.T.);
#11153 = FACE_BOUND('',#11154,.F.);
#11154 = EDGE_LOOP('',(#11155,#11156,#11165,#11173));
#11155 = ORIENTED_EDGE('',*,*,#11134,.T.);
#11156 = ORIENTED_EDGE('',*,*,#11157,.T.);
#11157 = EDGE_CURVE('',#11127,#11158,#11160,.T.);
#11158 = VERTEX_POINT('',#11159);
#11159 = CARTESIAN_POINT('',(18.,-1.75,-4.E-02));
#11160 = CIRCLE('',#11161,0.225000087974);
#11161 = AXIS2_PLACEMENT_3D('',#11162,#11163,#11164);
#11162 = CARTESIAN_POINT('',(17.774999912026,-1.750000087974,-4.E-02));
#11163 = DIRECTION('',(0.,0.,-1.));
#11164 = DIRECTION('',(3.909953616065E-07,1.,0.));
#11165 = ORIENTED_EDGE('',*,*,#11166,.F.);
#11166 = EDGE_CURVE('',#11167,#11158,#11169,.T.);
#11167 = VERTEX_POINT('',#11168);
#11168 = CARTESIAN_POINT('',(18.,-1.75,0.));
#11169 = LINE('',#11170,#11171);
#11170 = CARTESIAN_POINT('',(18.,-1.75,0.));
#11171 = VECTOR('',#11172,1.);
#11172 = DIRECTION('',(0.,0.,-1.));
#11173 = ORIENTED_EDGE('',*,*,#11174,.F.);
#11174 = EDGE_CURVE('',#11135,#11167,#11175,.T.);
#11175 = CIRCLE('',#11176,0.225000087974);
#11176 = AXIS2_PLACEMENT_3D('',#11177,#11178,#11179);
#11177 = CARTESIAN_POINT('',(17.774999912026,-1.750000087974,0.));
#11178 = DIRECTION('',(0.,0.,-1.));
#11179 = DIRECTION('',(3.909953616065E-07,1.,0.));
#11180 = CYLINDRICAL_SURFACE('',#11181,0.225000087974);
#11181 = AXIS2_PLACEMENT_3D('',#11182,#11183,#11184);
#11182 = CARTESIAN_POINT('',(17.774999912026,-1.750000087974,0.));
#11183 = DIRECTION('',(-0.,-0.,1.));
#11184 = DIRECTION('',(3.909953616065E-07,1.,0.));
#11185 = ADVANCED_FACE('',(#11186),#11211,.F.);
#11186 = FACE_BOUND('',#11187,.F.);
#11187 = EDGE_LOOP('',(#11188,#11189,#11197,#11205));
#11188 = ORIENTED_EDGE('',*,*,#11166,.T.);
#11189 = ORIENTED_EDGE('',*,*,#11190,.T.);
#11190 = EDGE_CURVE('',#11158,#11191,#11193,.T.);
#11191 = VERTEX_POINT('',#11192);
#11192 = CARTESIAN_POINT('',(18.,-2.25,-4.E-02));
#11193 = LINE('',#11194,#11195);
#11194 = CARTESIAN_POINT('',(18.,-1.75,-4.E-02));
#11195 = VECTOR('',#11196,1.);
#11196 = DIRECTION('',(0.,-1.,0.));
#11197 = ORIENTED_EDGE('',*,*,#11198,.F.);
#11198 = EDGE_CURVE('',#11199,#11191,#11201,.T.);
#11199 = VERTEX_POINT('',#11200);
#11200 = CARTESIAN_POINT('',(18.,-2.25,0.));
#11201 = LINE('',#11202,#11203);
#11202 = CARTESIAN_POINT('',(18.,-2.25,0.));
#11203 = VECTOR('',#11204,1.);
#11204 = DIRECTION('',(0.,0.,-1.));
#11205 = ORIENTED_EDGE('',*,*,#11206,.F.);
#11206 = EDGE_CURVE('',#11167,#11199,#11207,.T.);
#11207 = LINE('',#11208,#11209);
#11208 = CARTESIAN_POINT('',(18.,-1.75,0.));
#11209 = VECTOR('',#11210,1.);
#11210 = DIRECTION('',(0.,-1.,0.));
#11211 = PLANE('',#11212);
#11212 = AXIS2_PLACEMENT_3D('',#11213,#11214,#11215);
#11213 = CARTESIAN_POINT('',(18.,-1.75,0.));
#11214 = DIRECTION('',(-1.,-0.,-0.));
#11215 = DIRECTION('',(0.,-1.,0.));
#11216 = ADVANCED_FACE('',(#11217),#11244,.T.);
#11217 = FACE_BOUND('',#11218,.F.);
#11218 = EDGE_LOOP('',(#11219,#11220,#11229,#11237));
#11219 = ORIENTED_EDGE('',*,*,#11198,.T.);
#11220 = ORIENTED_EDGE('',*,*,#11221,.T.);
#11221 = EDGE_CURVE('',#11191,#11222,#11224,.T.);
#11222 = VERTEX_POINT('',#11223);
#11223 = CARTESIAN_POINT('',(17.775,-2.475,-4.E-02));
#11224 = CIRCLE('',#11225,0.225000087974);
#11225 = AXIS2_PLACEMENT_3D('',#11226,#11227,#11228);
#11226 = CARTESIAN_POINT('',(17.774999912026,-2.249999912026,-4.E-02));
#11227 = DIRECTION('',(0.,0.,-1.));
#11228 = DIRECTION('',(1.,-3.909953734488E-07,0.));
#11229 = ORIENTED_EDGE('',*,*,#11230,.F.);
#11230 = EDGE_CURVE('',#11231,#11222,#11233,.T.);
#11231 = VERTEX_POINT('',#11232);
#11232 = CARTESIAN_POINT('',(17.775,-2.475,0.));
#11233 = LINE('',#11234,#11235);
#11234 = CARTESIAN_POINT('',(17.775,-2.475,0.));
#11235 = VECTOR('',#11236,1.);
#11236 = DIRECTION('',(0.,0.,-1.));
#11237 = ORIENTED_EDGE('',*,*,#11238,.F.);
#11238 = EDGE_CURVE('',#11199,#11231,#11239,.T.);
#11239 = CIRCLE('',#11240,0.225000087974);
#11240 = AXIS2_PLACEMENT_3D('',#11241,#11242,#11243);
#11241 = CARTESIAN_POINT('',(17.774999912026,-2.249999912026,0.));
#11242 = DIRECTION('',(0.,0.,-1.));
#11243 = DIRECTION('',(1.,-3.909953734488E-07,0.));
#11244 = CYLINDRICAL_SURFACE('',#11245,0.225000087974);
#11245 = AXIS2_PLACEMENT_3D('',#11246,#11247,#11248);
#11246 = CARTESIAN_POINT('',(17.774999912026,-2.249999912026,0.));
#11247 = DIRECTION('',(-0.,-0.,1.));
#11248 = DIRECTION('',(1.,-3.909953734488E-07,0.));
#11249 = ADVANCED_FACE('',(#11250),#11275,.F.);
#11250 = FACE_BOUND('',#11251,.F.);
#11251 = EDGE_LOOP('',(#11252,#11253,#11261,#11269));
#11252 = ORIENTED_EDGE('',*,*,#11230,.T.);
#11253 = ORIENTED_EDGE('',*,*,#11254,.T.);
#11254 = EDGE_CURVE('',#11222,#11255,#11257,.T.);
#11255 = VERTEX_POINT('',#11256);
#11256 = CARTESIAN_POINT('',(17.325,-2.475,-4.E-02));
#11257 = LINE('',#11258,#11259);
#11258 = CARTESIAN_POINT('',(17.775,-2.475,-4.E-02));
#11259 = VECTOR('',#11260,1.);
#11260 = DIRECTION('',(-1.,0.,0.));
#11261 = ORIENTED_EDGE('',*,*,#11262,.F.);
#11262 = EDGE_CURVE('',#11263,#11255,#11265,.T.);
#11263 = VERTEX_POINT('',#11264);
#11264 = CARTESIAN_POINT('',(17.325,-2.475,0.));
#11265 = LINE('',#11266,#11267);
#11266 = CARTESIAN_POINT('',(17.325,-2.475,0.));
#11267 = VECTOR('',#11268,1.);
#11268 = DIRECTION('',(0.,0.,-1.));
#11269 = ORIENTED_EDGE('',*,*,#11270,.F.);
#11270 = EDGE_CURVE('',#11231,#11263,#11271,.T.);
#11271 = LINE('',#11272,#11273);
#11272 = CARTESIAN_POINT('',(17.775,-2.475,0.));
#11273 = VECTOR('',#11274,1.);
#11274 = DIRECTION('',(-1.,0.,0.));
#11275 = PLANE('',#11276);
#11276 = AXIS2_PLACEMENT_3D('',#11277,#11278,#11279);
#11277 = CARTESIAN_POINT('',(17.775,-2.475,0.));
#11278 = DIRECTION('',(0.,1.,0.));
#11279 = DIRECTION('',(-1.,0.,0.));
#11280 = ADVANCED_FACE('',(#11281),#11308,.T.);
#11281 = FACE_BOUND('',#11282,.F.);
#11282 = EDGE_LOOP('',(#11283,#11284,#11293,#11301));
#11283 = ORIENTED_EDGE('',*,*,#11262,.T.);
#11284 = ORIENTED_EDGE('',*,*,#11285,.T.);
#11285 = EDGE_CURVE('',#11255,#11286,#11288,.T.);
#11286 = VERTEX_POINT('',#11287);
#11287 = CARTESIAN_POINT('',(17.1,-2.25,-4.E-02));
#11288 = CIRCLE('',#11289,0.225000087974);
#11289 = AXIS2_PLACEMENT_3D('',#11290,#11291,#11292);
#11290 = CARTESIAN_POINT('',(17.325000087974,-2.249999912026,-4.E-02));
#11291 = DIRECTION('',(0.,0.,-1.));
#11292 = DIRECTION('',(-3.909953773963E-07,-1.,-0.));
#11293 = ORIENTED_EDGE('',*,*,#11294,.F.);
#11294 = EDGE_CURVE('',#11295,#11286,#11297,.T.);
#11295 = VERTEX_POINT('',#11296);
#11296 = CARTESIAN_POINT('',(17.1,-2.25,0.));
#11297 = LINE('',#11298,#11299);
#11298 = CARTESIAN_POINT('',(17.1,-2.25,0.));
#11299 = VECTOR('',#11300,1.);
#11300 = DIRECTION('',(0.,0.,-1.));
#11301 = ORIENTED_EDGE('',*,*,#11302,.F.);
#11302 = EDGE_CURVE('',#11263,#11295,#11303,.T.);
#11303 = CIRCLE('',#11304,0.225000087974);
#11304 = AXIS2_PLACEMENT_3D('',#11305,#11306,#11307);
#11305 = CARTESIAN_POINT('',(17.325000087974,-2.249999912026,0.));
#11306 = DIRECTION('',(0.,0.,-1.));
#11307 = DIRECTION('',(-3.909953773963E-07,-1.,-0.));
#11308 = CYLINDRICAL_SURFACE('',#11309,0.225000087974);
#11309 = AXIS2_PLACEMENT_3D('',#11310,#11311,#11312);
#11310 = CARTESIAN_POINT('',(17.325000087974,-2.249999912026,0.));
#11311 = DIRECTION('',(-0.,-0.,1.));
#11312 = DIRECTION('',(-3.909953773963E-07,-1.,-0.));
#11313 = ADVANCED_FACE('',(#11314),#11330,.F.);
#11314 = FACE_BOUND('',#11315,.F.);
#11315 = EDGE_LOOP('',(#11316,#11317,#11323,#11324));
#11316 = ORIENTED_EDGE('',*,*,#11294,.T.);
#11317 = ORIENTED_EDGE('',*,*,#11318,.T.);
#11318 = EDGE_CURVE('',#11286,#11086,#11319,.T.);
#11319 = LINE('',#11320,#11321);
#11320 = CARTESIAN_POINT('',(17.1,-2.25,-4.E-02));
#11321 = VECTOR('',#11322,1.);
#11322 = DIRECTION('',(0.,1.,0.));
#11323 = ORIENTED_EDGE('',*,*,#11083,.F.);
#11324 = ORIENTED_EDGE('',*,*,#11325,.F.);
#11325 = EDGE_CURVE('',#11295,#11084,#11326,.T.);
#11326 = LINE('',#11327,#11328);
#11327 = CARTESIAN_POINT('',(17.1,-2.25,0.));
#11328 = VECTOR('',#11329,1.);
#11329 = DIRECTION('',(0.,1.,0.));
#11330 = PLANE('',#11331);
#11331 = AXIS2_PLACEMENT_3D('',#11332,#11333,#11334);
#11332 = CARTESIAN_POINT('',(17.1,-2.25,0.));
#11333 = DIRECTION('',(1.,-0.,0.));
#11334 = DIRECTION('',(0.,1.,0.));
#11335 = ADVANCED_FACE('',(#11336),#11346,.F.);
#11336 = FACE_BOUND('',#11337,.F.);
#11337 = EDGE_LOOP('',(#11338,#11339,#11340,#11341,#11342,#11343,#11344,
    #11345));
#11338 = ORIENTED_EDGE('',*,*,#11110,.T.);
#11339 = ORIENTED_EDGE('',*,*,#11142,.T.);
#11340 = ORIENTED_EDGE('',*,*,#11174,.T.);
#11341 = ORIENTED_EDGE('',*,*,#11206,.T.);
#11342 = ORIENTED_EDGE('',*,*,#11238,.T.);
#11343 = ORIENTED_EDGE('',*,*,#11270,.T.);
#11344 = ORIENTED_EDGE('',*,*,#11302,.T.);
#11345 = ORIENTED_EDGE('',*,*,#11325,.T.);
#11346 = PLANE('',#11347);
#11347 = AXIS2_PLACEMENT_3D('',#11348,#11349,#11350);
#11348 = CARTESIAN_POINT('',(0.,0.,0.));
#11349 = DIRECTION('',(-0.,-0.,-1.));
#11350 = DIRECTION('',(-1.,0.,0.));
#11351 = ADVANCED_FACE('',(#11352),#11362,.T.);
#11352 = FACE_BOUND('',#11353,.T.);
#11353 = EDGE_LOOP('',(#11354,#11355,#11356,#11357,#11358,#11359,#11360,
    #11361));
#11354 = ORIENTED_EDGE('',*,*,#11093,.T.);
#11355 = ORIENTED_EDGE('',*,*,#11126,.T.);
#11356 = ORIENTED_EDGE('',*,*,#11157,.T.);
#11357 = ORIENTED_EDGE('',*,*,#11190,.T.);
#11358 = ORIENTED_EDGE('',*,*,#11221,.T.);
#11359 = ORIENTED_EDGE('',*,*,#11254,.T.);
#11360 = ORIENTED_EDGE('',*,*,#11285,.T.);
#11361 = ORIENTED_EDGE('',*,*,#11318,.T.);
#11362 = PLANE('',#11363);
#11363 = AXIS2_PLACEMENT_3D('',#11364,#11365,#11366);
#11364 = CARTESIAN_POINT('',(0.,0.,-4.E-02));
#11365 = DIRECTION('',(-0.,-0.,-1.));
#11366 = DIRECTION('',(-1.,0.,0.));
#11367 = MANIFOLD_SOLID_BREP('',#11368);
#11368 = CLOSED_SHELL('',(#11369,#11411,#11442,#11464,#11497,#11511));
#11369 = ADVANCED_FACE('',(#11370),#11406,.T.);
#11370 = FACE_BOUND('',#11371,.F.);
#11371 = EDGE_LOOP('',(#11372,#11382,#11391,#11399));
#11372 = ORIENTED_EDGE('',*,*,#11373,.T.);
#11373 = EDGE_CURVE('',#11374,#11376,#11378,.T.);
#11374 = VERTEX_POINT('',#11375);
#11375 = CARTESIAN_POINT('',(5.545831,-4.698587,0.));
#11376 = VERTEX_POINT('',#11377);
#11377 = CARTESIAN_POINT('',(5.545831,-4.698587,-4.E-02));
#11378 = LINE('',#11379,#11380);
#11379 = CARTESIAN_POINT('',(5.545831,-4.698587,0.));
#11380 = VECTOR('',#11381,1.);
#11381 = DIRECTION('',(0.,0.,-1.));
#11382 = ORIENTED_EDGE('',*,*,#11383,.T.);
#11383 = EDGE_CURVE('',#11376,#11384,#11386,.T.);
#11384 = VERTEX_POINT('',#11385);
#11385 = CARTESIAN_POINT('',(5.545831,-4.401413,-4.E-02));
#11386 = CIRCLE('',#11387,2.649999957949);
#11387 = AXIS2_PLACEMENT_3D('',#11388,#11389,#11390);
#11388 = CARTESIAN_POINT('',(2.9,-4.55,-4.E-02));
#11389 = DIRECTION('',(0.,0.,-1.));
#11390 = DIRECTION('',(0.998426808296,-5.607056692748E-02,0.));
#11391 = ORIENTED_EDGE('',*,*,#11392,.F.);
#11392 = EDGE_CURVE('',#11393,#11384,#11395,.T.);
#11393 = VERTEX_POINT('',#11394);
#11394 = CARTESIAN_POINT('',(5.545831,-4.401413,0.));
#11395 = LINE('',#11396,#11397);
#11396 = CARTESIAN_POINT('',(5.545831,-4.401413,0.));
#11397 = VECTOR('',#11398,1.);
#11398 = DIRECTION('',(0.,0.,-1.));
#11399 = ORIENTED_EDGE('',*,*,#11400,.F.);
#11400 = EDGE_CURVE('',#11374,#11393,#11401,.T.);
#11401 = CIRCLE('',#11402,2.649999957949);
#11402 = AXIS2_PLACEMENT_3D('',#11403,#11404,#11405);
#11403 = CARTESIAN_POINT('',(2.9,-4.55,0.));
#11404 = DIRECTION('',(0.,0.,-1.));
#11405 = DIRECTION('',(0.998426808296,-5.607056692748E-02,0.));
#11406 = CYLINDRICAL_SURFACE('',#11407,2.649999957949);
#11407 = AXIS2_PLACEMENT_3D('',#11408,#11409,#11410);
#11408 = CARTESIAN_POINT('',(2.9,-4.55,0.));
#11409 = DIRECTION('',(-0.,-0.,1.));
#11410 = DIRECTION('',(0.998426808296,-5.607056692748E-02,0.));
#11411 = ADVANCED_FACE('',(#11412),#11437,.F.);
#11412 = FACE_BOUND('',#11413,.F.);
#11413 = EDGE_LOOP('',(#11414,#11415,#11423,#11431));
#11414 = ORIENTED_EDGE('',*,*,#11392,.T.);
#11415 = ORIENTED_EDGE('',*,*,#11416,.T.);
#11416 = EDGE_CURVE('',#11384,#11417,#11419,.T.);
#11417 = VERTEX_POINT('',#11418);
#11418 = CARTESIAN_POINT('',(5.545831,-4.668053,-4.E-02));
#11419 = LINE('',#11420,#11421);
#11420 = CARTESIAN_POINT('',(5.545831,-4.401413,-4.E-02));
#11421 = VECTOR('',#11422,1.);
#11422 = DIRECTION('',(0.,-1.,0.));
#11423 = ORIENTED_EDGE('',*,*,#11424,.F.);
#11424 = EDGE_CURVE('',#11425,#11417,#11427,.T.);
#11425 = VERTEX_POINT('',#11426);
#11426 = CARTESIAN_POINT('',(5.545831,-4.668053,0.));
#11427 = LINE('',#11428,#11429);
#11428 = CARTESIAN_POINT('',(5.545831,-4.668053,0.));
#11429 = VECTOR('',#11430,1.);
#11430 = DIRECTION('',(0.,0.,-1.));
#11431 = ORIENTED_EDGE('',*,*,#11432,.F.);
#11432 = EDGE_CURVE('',#11393,#11425,#11433,.T.);
#11433 = LINE('',#11434,#11435);
#11434 = CARTESIAN_POINT('',(5.545831,-4.401413,0.));
#11435 = VECTOR('',#11436,1.);
#11436 = DIRECTION('',(0.,-1.,0.));
#11437 = PLANE('',#11438);
#11438 = AXIS2_PLACEMENT_3D('',#11439,#11440,#11441);
#11439 = CARTESIAN_POINT('',(5.545831,-4.401413,0.));
#11440 = DIRECTION('',(-1.,-0.,-0.));
#11441 = DIRECTION('',(0.,-1.,0.));
#11442 = ADVANCED_FACE('',(#11443),#11459,.F.);
#11443 = FACE_BOUND('',#11444,.F.);
#11444 = EDGE_LOOP('',(#11445,#11446,#11452,#11453));
#11445 = ORIENTED_EDGE('',*,*,#11424,.T.);
#11446 = ORIENTED_EDGE('',*,*,#11447,.T.);
#11447 = EDGE_CURVE('',#11417,#11376,#11448,.T.);
#11448 = LINE('',#11449,#11450);
#11449 = CARTESIAN_POINT('',(5.545831,-4.668053,-4.E-02));
#11450 = VECTOR('',#11451,1.);
#11451 = DIRECTION('',(0.,-1.,0.));
#11452 = ORIENTED_EDGE('',*,*,#11373,.F.);
#11453 = ORIENTED_EDGE('',*,*,#11454,.F.);
#11454 = EDGE_CURVE('',#11425,#11374,#11455,.T.);
#11455 = LINE('',#11456,#11457);
#11456 = CARTESIAN_POINT('',(5.545831,-4.668053,0.));
#11457 = VECTOR('',#11458,1.);
#11458 = DIRECTION('',(0.,-1.,0.));
#11459 = PLANE('',#11460);
#11460 = AXIS2_PLACEMENT_3D('',#11461,#11462,#11463);
#11461 = CARTESIAN_POINT('',(5.545831,-4.668053,0.));
#11462 = DIRECTION('',(-1.,-0.,-0.));
#11463 = DIRECTION('',(0.,-1.,0.));
#11464 = ADVANCED_FACE('',(#11465),#11492,.F.);
#11465 = FACE_BOUND('',#11466,.F.);
#11466 = EDGE_LOOP('',(#11467,#11477,#11484,#11485));
#11467 = ORIENTED_EDGE('',*,*,#11468,.T.);
#11468 = EDGE_CURVE('',#11469,#11471,#11473,.T.);
#11469 = VERTEX_POINT('',#11470);
#11470 = CARTESIAN_POINT('',(4.404637,-4.55,0.));
#11471 = VERTEX_POINT('',#11472);
#11472 = CARTESIAN_POINT('',(4.404637,-4.55,-4.E-02));
#11473 = LINE('',#11474,#11475);
#11474 = CARTESIAN_POINT('',(4.404637,-4.55,0.));
#11475 = VECTOR('',#11476,1.);
#11476 = DIRECTION('',(0.,0.,-1.));
#11477 = ORIENTED_EDGE('',*,*,#11478,.T.);
#11478 = EDGE_CURVE('',#11471,#11471,#11479,.T.);
#11479 = CIRCLE('',#11480,1.504637);
#11480 = AXIS2_PLACEMENT_3D('',#11481,#11482,#11483);
#11481 = CARTESIAN_POINT('',(2.9,-4.55,-4.E-02));
#11482 = DIRECTION('',(0.,0.,1.));
#11483 = DIRECTION('',(1.,0.,-0.));
#11484 = ORIENTED_EDGE('',*,*,#11468,.F.);
#11485 = ORIENTED_EDGE('',*,*,#11486,.F.);
#11486 = EDGE_CURVE('',#11469,#11469,#11487,.T.);
#11487 = CIRCLE('',#11488,1.504637);
#11488 = AXIS2_PLACEMENT_3D('',#11489,#11490,#11491);
#11489 = CARTESIAN_POINT('',(2.9,-4.55,0.));
#11490 = DIRECTION('',(0.,0.,1.));
#11491 = DIRECTION('',(1.,0.,-0.));
#11492 = CYLINDRICAL_SURFACE('',#11493,1.504637);
#11493 = AXIS2_PLACEMENT_3D('',#11494,#11495,#11496);
#11494 = CARTESIAN_POINT('',(2.9,-4.55,0.));
#11495 = DIRECTION('',(0.,0.,1.));
#11496 = DIRECTION('',(1.,0.,-0.));
#11497 = ADVANCED_FACE('',(#11498,#11503),#11506,.F.);
#11498 = FACE_BOUND('',#11499,.F.);
#11499 = EDGE_LOOP('',(#11500,#11501,#11502));
#11500 = ORIENTED_EDGE('',*,*,#11400,.T.);
#11501 = ORIENTED_EDGE('',*,*,#11432,.T.);
#11502 = ORIENTED_EDGE('',*,*,#11454,.T.);
#11503 = FACE_BOUND('',#11504,.F.);
#11504 = EDGE_LOOP('',(#11505));
#11505 = ORIENTED_EDGE('',*,*,#11486,.T.);
#11506 = PLANE('',#11507);
#11507 = AXIS2_PLACEMENT_3D('',#11508,#11509,#11510);
#11508 = CARTESIAN_POINT('',(0.,0.,0.));
#11509 = DIRECTION('',(-0.,-0.,-1.));
#11510 = DIRECTION('',(-1.,0.,0.));
#11511 = ADVANCED_FACE('',(#11512,#11517),#11520,.T.);
#11512 = FACE_BOUND('',#11513,.T.);
#11513 = EDGE_LOOP('',(#11514,#11515,#11516));
#11514 = ORIENTED_EDGE('',*,*,#11383,.T.);
#11515 = ORIENTED_EDGE('',*,*,#11416,.T.);
#11516 = ORIENTED_EDGE('',*,*,#11447,.T.);
#11517 = FACE_BOUND('',#11518,.T.);
#11518 = EDGE_LOOP('',(#11519));
#11519 = ORIENTED_EDGE('',*,*,#11478,.T.);
#11520 = PLANE('',#11521);
#11521 = AXIS2_PLACEMENT_3D('',#11522,#11523,#11524);
#11522 = CARTESIAN_POINT('',(0.,0.,-4.E-02));
#11523 = DIRECTION('',(-0.,-0.,-1.));
#11524 = DIRECTION('',(-1.,0.,0.));
#11525 = MANIFOLD_SOLID_BREP('',#11526);
#11526 = CLOSED_SHELL('',(#11527,#11560,#11569));
#11527 = ADVANCED_FACE('',(#11528),#11555,.T.);
#11528 = FACE_BOUND('',#11529,.T.);
#11529 = EDGE_LOOP('',(#11530,#11540,#11547,#11548));
#11530 = ORIENTED_EDGE('',*,*,#11531,.T.);
#11531 = EDGE_CURVE('',#11532,#11534,#11536,.T.);
#11532 = VERTEX_POINT('',#11533);
#11533 = CARTESIAN_POINT('',(3.220999,-6.625,0.));
#11534 = VERTEX_POINT('',#11535);
#11535 = CARTESIAN_POINT('',(3.220999,-6.625,-4.E-02));
#11536 = LINE('',#11537,#11538);
#11537 = CARTESIAN_POINT('',(3.220999,-6.625,0.));
#11538 = VECTOR('',#11539,1.);
#11539 = DIRECTION('',(0.,0.,-1.));
#11540 = ORIENTED_EDGE('',*,*,#11541,.T.);
#11541 = EDGE_CURVE('',#11534,#11534,#11542,.T.);
#11542 = CIRCLE('',#11543,0.320999);
#11543 = AXIS2_PLACEMENT_3D('',#11544,#11545,#11546);
#11544 = CARTESIAN_POINT('',(2.9,-6.625,-4.E-02));
#11545 = DIRECTION('',(0.,0.,1.));
#11546 = DIRECTION('',(1.,0.,-0.));
#11547 = ORIENTED_EDGE('',*,*,#11531,.F.);
#11548 = ORIENTED_EDGE('',*,*,#11549,.F.);
#11549 = EDGE_CURVE('',#11532,#11532,#11550,.T.);
#11550 = CIRCLE('',#11551,0.320999);
#11551 = AXIS2_PLACEMENT_3D('',#11552,#11553,#11554);
#11552 = CARTESIAN_POINT('',(2.9,-6.625,0.));
#11553 = DIRECTION('',(0.,0.,1.));
#11554 = DIRECTION('',(1.,0.,-0.));
#11555 = CYLINDRICAL_SURFACE('',#11556,0.320999);
#11556 = AXIS2_PLACEMENT_3D('',#11557,#11558,#11559);
#11557 = CARTESIAN_POINT('',(2.9,-6.625,0.));
#11558 = DIRECTION('',(0.,0.,1.));
#11559 = DIRECTION('',(1.,0.,-0.));
#11560 = ADVANCED_FACE('',(#11561),#11564,.F.);
#11561 = FACE_BOUND('',#11562,.T.);
#11562 = EDGE_LOOP('',(#11563));
#11563 = ORIENTED_EDGE('',*,*,#11549,.T.);
#11564 = PLANE('',#11565);
#11565 = AXIS2_PLACEMENT_3D('',#11566,#11567,#11568);
#11566 = CARTESIAN_POINT('',(0.,0.,0.));
#11567 = DIRECTION('',(-0.,-0.,-1.));
#11568 = DIRECTION('',(-1.,0.,0.));
#11569 = ADVANCED_FACE('',(#11570),#11573,.T.);
#11570 = FACE_BOUND('',#11571,.F.);
#11571 = EDGE_LOOP('',(#11572));
#11572 = ORIENTED_EDGE('',*,*,#11541,.T.);
#11573 = PLANE('',#11574);
#11574 = AXIS2_PLACEMENT_3D('',#11575,#11576,#11577);
#11575 = CARTESIAN_POINT('',(0.,0.,-4.E-02));
#11576 = DIRECTION('',(-0.,-0.,-1.));
#11577 = DIRECTION('',(-1.,0.,0.));
#11578 = MANIFOLD_SOLID_BREP('',#11579);
#11579 = CLOSED_SHELL('',(#11580,#11613,#11622));
#11580 = ADVANCED_FACE('',(#11581),#11608,.T.);
#11581 = FACE_BOUND('',#11582,.T.);
#11582 = EDGE_LOOP('',(#11583,#11593,#11600,#11601));
#11583 = ORIENTED_EDGE('',*,*,#11584,.T.);
#11584 = EDGE_CURVE('',#11585,#11587,#11589,.T.);
#11585 = VERTEX_POINT('',#11586);
#11586 = CARTESIAN_POINT('',(5.295999,-4.55,0.));
#11587 = VERTEX_POINT('',#11588);
#11588 = CARTESIAN_POINT('',(5.295999,-4.55,-4.E-02));
#11589 = LINE('',#11590,#11591);
#11590 = CARTESIAN_POINT('',(5.295999,-4.55,0.));
#11591 = VECTOR('',#11592,1.);
#11592 = DIRECTION('',(0.,0.,-1.));
#11593 = ORIENTED_EDGE('',*,*,#11594,.T.);
#11594 = EDGE_CURVE('',#11587,#11587,#11595,.T.);
#11595 = CIRCLE('',#11596,0.320999);
#11596 = AXIS2_PLACEMENT_3D('',#11597,#11598,#11599);
#11597 = CARTESIAN_POINT('',(4.975,-4.55,-4.E-02));
#11598 = DIRECTION('',(0.,0.,1.));
#11599 = DIRECTION('',(1.,0.,-0.));
#11600 = ORIENTED_EDGE('',*,*,#11584,.F.);
#11601 = ORIENTED_EDGE('',*,*,#11602,.F.);
#11602 = EDGE_CURVE('',#11585,#11585,#11603,.T.);
#11603 = CIRCLE('',#11604,0.320999);
#11604 = AXIS2_PLACEMENT_3D('',#11605,#11606,#11607);
#11605 = CARTESIAN_POINT('',(4.975,-4.55,0.));
#11606 = DIRECTION('',(0.,0.,1.));
#11607 = DIRECTION('',(1.,0.,-0.));
#11608 = CYLINDRICAL_SURFACE('',#11609,0.320999);
#11609 = AXIS2_PLACEMENT_3D('',#11610,#11611,#11612);
#11610 = CARTESIAN_POINT('',(4.975,-4.55,0.));
#11611 = DIRECTION('',(0.,0.,1.));
#11612 = DIRECTION('',(1.,0.,-0.));
#11613 = ADVANCED_FACE('',(#11614),#11617,.F.);
#11614 = FACE_BOUND('',#11615,.T.);
#11615 = EDGE_LOOP('',(#11616));
#11616 = ORIENTED_EDGE('',*,*,#11602,.T.);
#11617 = PLANE('',#11618);
#11618 = AXIS2_PLACEMENT_3D('',#11619,#11620,#11621);
#11619 = CARTESIAN_POINT('',(0.,0.,0.));
#11620 = DIRECTION('',(-0.,-0.,-1.));
#11621 = DIRECTION('',(-1.,0.,0.));
#11622 = ADVANCED_FACE('',(#11623),#11626,.T.);
#11623 = FACE_BOUND('',#11624,.F.);
#11624 = EDGE_LOOP('',(#11625));
#11625 = ORIENTED_EDGE('',*,*,#11594,.T.);
#11626 = PLANE('',#11627);
#11627 = AXIS2_PLACEMENT_3D('',#11628,#11629,#11630);
#11628 = CARTESIAN_POINT('',(0.,0.,-4.E-02));
#11629 = DIRECTION('',(-0.,-0.,-1.));
#11630 = DIRECTION('',(-1.,0.,0.));
#11631 = MANIFOLD_SOLID_BREP('',#11632);
#11632 = CLOSED_SHELL('',(#11633,#11666,#11675));
#11633 = ADVANCED_FACE('',(#11634),#11661,.T.);
#11634 = FACE_BOUND('',#11635,.T.);
#11635 = EDGE_LOOP('',(#11636,#11646,#11653,#11654));
#11636 = ORIENTED_EDGE('',*,*,#11637,.T.);
#11637 = EDGE_CURVE('',#11638,#11640,#11642,.T.);
#11638 = VERTEX_POINT('',#11639);
#11639 = CARTESIAN_POINT('',(3.220999,-2.475,0.));
#11640 = VERTEX_POINT('',#11641);
#11641 = CARTESIAN_POINT('',(3.220999,-2.475,-4.E-02));
#11642 = LINE('',#11643,#11644);
#11643 = CARTESIAN_POINT('',(3.220999,-2.475,0.));
#11644 = VECTOR('',#11645,1.);
#11645 = DIRECTION('',(0.,0.,-1.));
#11646 = ORIENTED_EDGE('',*,*,#11647,.T.);
#11647 = EDGE_CURVE('',#11640,#11640,#11648,.T.);
#11648 = CIRCLE('',#11649,0.320999);
#11649 = AXIS2_PLACEMENT_3D('',#11650,#11651,#11652);
#11650 = CARTESIAN_POINT('',(2.9,-2.475,-4.E-02));
#11651 = DIRECTION('',(0.,0.,1.));
#11652 = DIRECTION('',(1.,0.,-0.));
#11653 = ORIENTED_EDGE('',*,*,#11637,.F.);
#11654 = ORIENTED_EDGE('',*,*,#11655,.F.);
#11655 = EDGE_CURVE('',#11638,#11638,#11656,.T.);
#11656 = CIRCLE('',#11657,0.320999);
#11657 = AXIS2_PLACEMENT_3D('',#11658,#11659,#11660);
#11658 = CARTESIAN_POINT('',(2.9,-2.475,0.));
#11659 = DIRECTION('',(0.,0.,1.));
#11660 = DIRECTION('',(1.,0.,-0.));
#11661 = CYLINDRICAL_SURFACE('',#11662,0.320999);
#11662 = AXIS2_PLACEMENT_3D('',#11663,#11664,#11665);
#11663 = CARTESIAN_POINT('',(2.9,-2.475,0.));
#11664 = DIRECTION('',(0.,0.,1.));
#11665 = DIRECTION('',(1.,0.,-0.));
#11666 = ADVANCED_FACE('',(#11667),#11670,.F.);
#11667 = FACE_BOUND('',#11668,.T.);
#11668 = EDGE_LOOP('',(#11669));
#11669 = ORIENTED_EDGE('',*,*,#11655,.T.);
#11670 = PLANE('',#11671);
#11671 = AXIS2_PLACEMENT_3D('',#11672,#11673,#11674);
#11672 = CARTESIAN_POINT('',(0.,0.,0.));
#11673 = DIRECTION('',(-0.,-0.,-1.));
#11674 = DIRECTION('',(-1.,0.,0.));
#11675 = ADVANCED_FACE('',(#11676),#11679,.T.);
#11676 = FACE_BOUND('',#11677,.F.);
#11677 = EDGE_LOOP('',(#11678));
#11678 = ORIENTED_EDGE('',*,*,#11647,.T.);
#11679 = PLANE('',#11680);
#11680 = AXIS2_PLACEMENT_3D('',#11681,#11682,#11683);
#11681 = CARTESIAN_POINT('',(0.,0.,-4.E-02));
#11682 = DIRECTION('',(-0.,-0.,-1.));
#11683 = DIRECTION('',(-1.,0.,0.));
#11684 = MANIFOLD_SOLID_BREP('',#11685);
#11685 = CLOSED_SHELL('',(#11686,#11719,#11728));
#11686 = ADVANCED_FACE('',(#11687),#11714,.T.);
#11687 = FACE_BOUND('',#11688,.T.);
#11688 = EDGE_LOOP('',(#11689,#11699,#11706,#11707));
#11689 = ORIENTED_EDGE('',*,*,#11690,.T.);
#11690 = EDGE_CURVE('',#11691,#11693,#11695,.T.);
#11691 = VERTEX_POINT('',#11692);
#11692 = CARTESIAN_POINT('',(36.370999,-4.55,0.));
#11693 = VERTEX_POINT('',#11694);
#11694 = CARTESIAN_POINT('',(36.370999,-4.55,-4.E-02));
#11695 = LINE('',#11696,#11697);
#11696 = CARTESIAN_POINT('',(36.370999,-4.55,0.));
#11697 = VECTOR('',#11698,1.);
#11698 = DIRECTION('',(0.,0.,-1.));
#11699 = ORIENTED_EDGE('',*,*,#11700,.T.);
#11700 = EDGE_CURVE('',#11693,#11693,#11701,.T.);
#11701 = CIRCLE('',#11702,0.320999);
#11702 = AXIS2_PLACEMENT_3D('',#11703,#11704,#11705);
#11703 = CARTESIAN_POINT('',(36.05,-4.55,-4.E-02));
#11704 = DIRECTION('',(0.,0.,1.));
#11705 = DIRECTION('',(1.,0.,-0.));
#11706 = ORIENTED_EDGE('',*,*,#11690,.F.);
#11707 = ORIENTED_EDGE('',*,*,#11708,.F.);
#11708 = EDGE_CURVE('',#11691,#11691,#11709,.T.);
#11709 = CIRCLE('',#11710,0.320999);
#11710 = AXIS2_PLACEMENT_3D('',#11711,#11712,#11713);
#11711 = CARTESIAN_POINT('',(36.05,-4.55,0.));
#11712 = DIRECTION('',(0.,0.,1.));
#11713 = DIRECTION('',(1.,0.,-0.));
#11714 = CYLINDRICAL_SURFACE('',#11715,0.320999);
#11715 = AXIS2_PLACEMENT_3D('',#11716,#11717,#11718);
#11716 = CARTESIAN_POINT('',(36.05,-4.55,0.));
#11717 = DIRECTION('',(0.,0.,1.));
#11718 = DIRECTION('',(1.,0.,-0.));
#11719 = ADVANCED_FACE('',(#11720),#11723,.F.);
#11720 = FACE_BOUND('',#11721,.T.);
#11721 = EDGE_LOOP('',(#11722));
#11722 = ORIENTED_EDGE('',*,*,#11708,.T.);
#11723 = PLANE('',#11724);
#11724 = AXIS2_PLACEMENT_3D('',#11725,#11726,#11727);
#11725 = CARTESIAN_POINT('',(0.,0.,0.));
#11726 = DIRECTION('',(-0.,-0.,-1.));
#11727 = DIRECTION('',(-1.,0.,0.));
#11728 = ADVANCED_FACE('',(#11729),#11732,.T.);
#11729 = FACE_BOUND('',#11730,.F.);
#11730 = EDGE_LOOP('',(#11731));
#11731 = ORIENTED_EDGE('',*,*,#11700,.T.);
#11732 = PLANE('',#11733);
#11733 = AXIS2_PLACEMENT_3D('',#11734,#11735,#11736);
#11734 = CARTESIAN_POINT('',(0.,0.,-4.E-02));
#11735 = DIRECTION('',(-0.,-0.,-1.));
#11736 = DIRECTION('',(-1.,0.,0.));
#11737 = MANIFOLD_SOLID_BREP('',#11738);
#11738 = CLOSED_SHELL('',(#11739,#11781,#11812,#11834,#11867,#11881));
#11739 = ADVANCED_FACE('',(#11740),#11776,.T.);
#11740 = FACE_BOUND('',#11741,.F.);
#11741 = EDGE_LOOP('',(#11742,#11752,#11761,#11769));
#11742 = ORIENTED_EDGE('',*,*,#11743,.T.);
#11743 = EDGE_CURVE('',#11744,#11746,#11748,.T.);
#11744 = VERTEX_POINT('',#11745);
#11745 = CARTESIAN_POINT('',(36.620831,-4.698587,0.));
#11746 = VERTEX_POINT('',#11747);
#11747 = CARTESIAN_POINT('',(36.620831,-4.698587,-4.E-02));
#11748 = LINE('',#11749,#11750);
#11749 = CARTESIAN_POINT('',(36.620831,-4.698587,0.));
#11750 = VECTOR('',#11751,1.);
#11751 = DIRECTION('',(0.,0.,-1.));
#11752 = ORIENTED_EDGE('',*,*,#11753,.T.);
#11753 = EDGE_CURVE('',#11746,#11754,#11756,.T.);
#11754 = VERTEX_POINT('',#11755);
#11755 = CARTESIAN_POINT('',(36.620831,-4.401413,-4.E-02));
#11756 = CIRCLE('',#11757,2.649999957949);
#11757 = AXIS2_PLACEMENT_3D('',#11758,#11759,#11760);
#11758 = CARTESIAN_POINT('',(33.975,-4.55,-4.E-02));
#11759 = DIRECTION('',(0.,0.,-1.));
#11760 = DIRECTION('',(0.998426808296,-5.607056692748E-02,0.));
#11761 = ORIENTED_EDGE('',*,*,#11762,.F.);
#11762 = EDGE_CURVE('',#11763,#11754,#11765,.T.);
#11763 = VERTEX_POINT('',#11764);
#11764 = CARTESIAN_POINT('',(36.620831,-4.401413,0.));
#11765 = LINE('',#11766,#11767);
#11766 = CARTESIAN_POINT('',(36.620831,-4.401413,0.));
#11767 = VECTOR('',#11768,1.);
#11768 = DIRECTION('',(0.,0.,-1.));
#11769 = ORIENTED_EDGE('',*,*,#11770,.F.);
#11770 = EDGE_CURVE('',#11744,#11763,#11771,.T.);
#11771 = CIRCLE('',#11772,2.649999957949);
#11772 = AXIS2_PLACEMENT_3D('',#11773,#11774,#11775);
#11773 = CARTESIAN_POINT('',(33.975,-4.55,0.));
#11774 = DIRECTION('',(0.,0.,-1.));
#11775 = DIRECTION('',(0.998426808296,-5.607056692748E-02,0.));
#11776 = CYLINDRICAL_SURFACE('',#11777,2.649999957949);
#11777 = AXIS2_PLACEMENT_3D('',#11778,#11779,#11780);
#11778 = CARTESIAN_POINT('',(33.975,-4.55,0.));
#11779 = DIRECTION('',(-0.,-0.,1.));
#11780 = DIRECTION('',(0.998426808296,-5.607056692748E-02,0.));
#11781 = ADVANCED_FACE('',(#11782),#11807,.F.);
#11782 = FACE_BOUND('',#11783,.F.);
#11783 = EDGE_LOOP('',(#11784,#11785,#11793,#11801));
#11784 = ORIENTED_EDGE('',*,*,#11762,.T.);
#11785 = ORIENTED_EDGE('',*,*,#11786,.T.);
#11786 = EDGE_CURVE('',#11754,#11787,#11789,.T.);
#11787 = VERTEX_POINT('',#11788);
#11788 = CARTESIAN_POINT('',(36.620831,-4.668053,-4.E-02));
#11789 = LINE('',#11790,#11791);
#11790 = CARTESIAN_POINT('',(36.620831,-4.401413,-4.E-02));
#11791 = VECTOR('',#11792,1.);
#11792 = DIRECTION('',(0.,-1.,0.));
#11793 = ORIENTED_EDGE('',*,*,#11794,.F.);
#11794 = EDGE_CURVE('',#11795,#11787,#11797,.T.);
#11795 = VERTEX_POINT('',#11796);
#11796 = CARTESIAN_POINT('',(36.620831,-4.668053,0.));
#11797 = LINE('',#11798,#11799);
#11798 = CARTESIAN_POINT('',(36.620831,-4.668053,0.));
#11799 = VECTOR('',#11800,1.);
#11800 = DIRECTION('',(0.,0.,-1.));
#11801 = ORIENTED_EDGE('',*,*,#11802,.F.);
#11802 = EDGE_CURVE('',#11763,#11795,#11803,.T.);
#11803 = LINE('',#11804,#11805);
#11804 = CARTESIAN_POINT('',(36.620831,-4.401413,0.));
#11805 = VECTOR('',#11806,1.);
#11806 = DIRECTION('',(0.,-1.,0.));
#11807 = PLANE('',#11808);
#11808 = AXIS2_PLACEMENT_3D('',#11809,#11810,#11811);
#11809 = CARTESIAN_POINT('',(36.620831,-4.401413,0.));
#11810 = DIRECTION('',(-1.,-0.,-0.));
#11811 = DIRECTION('',(0.,-1.,0.));
#11812 = ADVANCED_FACE('',(#11813),#11829,.F.);
#11813 = FACE_BOUND('',#11814,.F.);
#11814 = EDGE_LOOP('',(#11815,#11816,#11822,#11823));
#11815 = ORIENTED_EDGE('',*,*,#11794,.T.);
#11816 = ORIENTED_EDGE('',*,*,#11817,.T.);
#11817 = EDGE_CURVE('',#11787,#11746,#11818,.T.);
#11818 = LINE('',#11819,#11820);
#11819 = CARTESIAN_POINT('',(36.620831,-4.668053,-4.E-02));
#11820 = VECTOR('',#11821,1.);
#11821 = DIRECTION('',(0.,-1.,0.));
#11822 = ORIENTED_EDGE('',*,*,#11743,.F.);
#11823 = ORIENTED_EDGE('',*,*,#11824,.F.);
#11824 = EDGE_CURVE('',#11795,#11744,#11825,.T.);
#11825 = LINE('',#11826,#11827);
#11826 = CARTESIAN_POINT('',(36.620831,-4.668053,0.));
#11827 = VECTOR('',#11828,1.);
#11828 = DIRECTION('',(0.,-1.,0.));
#11829 = PLANE('',#11830);
#11830 = AXIS2_PLACEMENT_3D('',#11831,#11832,#11833);
#11831 = CARTESIAN_POINT('',(36.620831,-4.668053,0.));
#11832 = DIRECTION('',(-1.,-0.,-0.));
#11833 = DIRECTION('',(0.,-1.,0.));
#11834 = ADVANCED_FACE('',(#11835),#11862,.F.);
#11835 = FACE_BOUND('',#11836,.F.);
#11836 = EDGE_LOOP('',(#11837,#11847,#11854,#11855));
#11837 = ORIENTED_EDGE('',*,*,#11838,.T.);
#11838 = EDGE_CURVE('',#11839,#11841,#11843,.T.);
#11839 = VERTEX_POINT('',#11840);
#11840 = CARTESIAN_POINT('',(35.479637,-4.55,0.));
#11841 = VERTEX_POINT('',#11842);
#11842 = CARTESIAN_POINT('',(35.479637,-4.55,-4.E-02));
#11843 = LINE('',#11844,#11845);
#11844 = CARTESIAN_POINT('',(35.479637,-4.55,0.));
#11845 = VECTOR('',#11846,1.);
#11846 = DIRECTION('',(0.,0.,-1.));
#11847 = ORIENTED_EDGE('',*,*,#11848,.T.);
#11848 = EDGE_CURVE('',#11841,#11841,#11849,.T.);
#11849 = CIRCLE('',#11850,1.504637);
#11850 = AXIS2_PLACEMENT_3D('',#11851,#11852,#11853);
#11851 = CARTESIAN_POINT('',(33.975,-4.55,-4.E-02));
#11852 = DIRECTION('',(0.,0.,1.));
#11853 = DIRECTION('',(1.,0.,-0.));
#11854 = ORIENTED_EDGE('',*,*,#11838,.F.);
#11855 = ORIENTED_EDGE('',*,*,#11856,.F.);
#11856 = EDGE_CURVE('',#11839,#11839,#11857,.T.);
#11857 = CIRCLE('',#11858,1.504637);
#11858 = AXIS2_PLACEMENT_3D('',#11859,#11860,#11861);
#11859 = CARTESIAN_POINT('',(33.975,-4.55,0.));
#11860 = DIRECTION('',(0.,0.,1.));
#11861 = DIRECTION('',(1.,0.,-0.));
#11862 = CYLINDRICAL_SURFACE('',#11863,1.504637);
#11863 = AXIS2_PLACEMENT_3D('',#11864,#11865,#11866);
#11864 = CARTESIAN_POINT('',(33.975,-4.55,0.));
#11865 = DIRECTION('',(0.,0.,1.));
#11866 = DIRECTION('',(1.,0.,-0.));
#11867 = ADVANCED_FACE('',(#11868,#11873),#11876,.F.);
#11868 = FACE_BOUND('',#11869,.F.);
#11869 = EDGE_LOOP('',(#11870,#11871,#11872));
#11870 = ORIENTED_EDGE('',*,*,#11770,.T.);
#11871 = ORIENTED_EDGE('',*,*,#11802,.T.);
#11872 = ORIENTED_EDGE('',*,*,#11824,.T.);
#11873 = FACE_BOUND('',#11874,.F.);
#11874 = EDGE_LOOP('',(#11875));
#11875 = ORIENTED_EDGE('',*,*,#11856,.T.);
#11876 = PLANE('',#11877);
#11877 = AXIS2_PLACEMENT_3D('',#11878,#11879,#11880);
#11878 = CARTESIAN_POINT('',(0.,0.,0.));
#11879 = DIRECTION('',(-0.,-0.,-1.));
#11880 = DIRECTION('',(-1.,0.,0.));
#11881 = ADVANCED_FACE('',(#11882,#11887),#11890,.T.);
#11882 = FACE_BOUND('',#11883,.T.);
#11883 = EDGE_LOOP('',(#11884,#11885,#11886));
#11884 = ORIENTED_EDGE('',*,*,#11753,.T.);
#11885 = ORIENTED_EDGE('',*,*,#11786,.T.);
#11886 = ORIENTED_EDGE('',*,*,#11817,.T.);
#11887 = FACE_BOUND('',#11888,.T.);
#11888 = EDGE_LOOP('',(#11889));
#11889 = ORIENTED_EDGE('',*,*,#11848,.T.);
#11890 = PLANE('',#11891);
#11891 = AXIS2_PLACEMENT_3D('',#11892,#11893,#11894);
#11892 = CARTESIAN_POINT('',(0.,0.,-4.E-02));
#11893 = DIRECTION('',(-0.,-0.,-1.));
#11894 = DIRECTION('',(-1.,0.,0.));
#11895 = MANIFOLD_SOLID_BREP('',#11896);
#11896 = CLOSED_SHELL('',(#11897,#11930,#11939));
#11897 = ADVANCED_FACE('',(#11898),#11925,.T.);
#11898 = FACE_BOUND('',#11899,.T.);
#11899 = EDGE_LOOP('',(#11900,#11910,#11917,#11918));
#11900 = ORIENTED_EDGE('',*,*,#11901,.T.);
#11901 = EDGE_CURVE('',#11902,#11904,#11906,.T.);
#11902 = VERTEX_POINT('',#11903);
#11903 = CARTESIAN_POINT('',(34.295999,-6.625,0.));
#11904 = VERTEX_POINT('',#11905);
#11905 = CARTESIAN_POINT('',(34.295999,-6.625,-4.E-02));
#11906 = LINE('',#11907,#11908);
#11907 = CARTESIAN_POINT('',(34.295999,-6.625,0.));
#11908 = VECTOR('',#11909,1.);
#11909 = DIRECTION('',(0.,0.,-1.));
#11910 = ORIENTED_EDGE('',*,*,#11911,.T.);
#11911 = EDGE_CURVE('',#11904,#11904,#11912,.T.);
#11912 = CIRCLE('',#11913,0.320999);
#11913 = AXIS2_PLACEMENT_3D('',#11914,#11915,#11916);
#11914 = CARTESIAN_POINT('',(33.975,-6.625,-4.E-02));
#11915 = DIRECTION('',(0.,0.,1.));
#11916 = DIRECTION('',(1.,0.,-0.));
#11917 = ORIENTED_EDGE('',*,*,#11901,.F.);
#11918 = ORIENTED_EDGE('',*,*,#11919,.F.);
#11919 = EDGE_CURVE('',#11902,#11902,#11920,.T.);
#11920 = CIRCLE('',#11921,0.320999);
#11921 = AXIS2_PLACEMENT_3D('',#11922,#11923,#11924);
#11922 = CARTESIAN_POINT('',(33.975,-6.625,0.));
#11923 = DIRECTION('',(0.,0.,1.));
#11924 = DIRECTION('',(1.,0.,-0.));
#11925 = CYLINDRICAL_SURFACE('',#11926,0.320999);
#11926 = AXIS2_PLACEMENT_3D('',#11927,#11928,#11929);
#11927 = CARTESIAN_POINT('',(33.975,-6.625,0.));
#11928 = DIRECTION('',(0.,0.,1.));
#11929 = DIRECTION('',(1.,0.,-0.));
#11930 = ADVANCED_FACE('',(#11931),#11934,.F.);
#11931 = FACE_BOUND('',#11932,.T.);
#11932 = EDGE_LOOP('',(#11933));
#11933 = ORIENTED_EDGE('',*,*,#11919,.T.);
#11934 = PLANE('',#11935);
#11935 = AXIS2_PLACEMENT_3D('',#11936,#11937,#11938);
#11936 = CARTESIAN_POINT('',(0.,0.,0.));
#11937 = DIRECTION('',(-0.,-0.,-1.));
#11938 = DIRECTION('',(-1.,0.,0.));
#11939 = ADVANCED_FACE('',(#11940),#11943,.T.);
#11940 = FACE_BOUND('',#11941,.F.);
#11941 = EDGE_LOOP('',(#11942));
#11942 = ORIENTED_EDGE('',*,*,#11911,.T.);
#11943 = PLANE('',#11944);
#11944 = AXIS2_PLACEMENT_3D('',#11945,#11946,#11947);
#11945 = CARTESIAN_POINT('',(0.,0.,-4.E-02));
#11946 = DIRECTION('',(-0.,-0.,-1.));
#11947 = DIRECTION('',(-1.,0.,0.));
#11948 = MANIFOLD_SOLID_BREP('',#11949);
#11949 = CLOSED_SHELL('',(#11950,#11983,#11992));
#11950 = ADVANCED_FACE('',(#11951),#11978,.T.);
#11951 = FACE_BOUND('',#11952,.T.);
#11952 = EDGE_LOOP('',(#11953,#11963,#11970,#11971));
#11953 = ORIENTED_EDGE('',*,*,#11954,.T.);
#11954 = EDGE_CURVE('',#11955,#11957,#11959,.T.);
#11955 = VERTEX_POINT('',#11956);
#11956 = CARTESIAN_POINT('',(34.295999,-2.475,0.));
#11957 = VERTEX_POINT('',#11958);
#11958 = CARTESIAN_POINT('',(34.295999,-2.475,-4.E-02));
#11959 = LINE('',#11960,#11961);
#11960 = CARTESIAN_POINT('',(34.295999,-2.475,0.));
#11961 = VECTOR('',#11962,1.);
#11962 = DIRECTION('',(0.,0.,-1.));
#11963 = ORIENTED_EDGE('',*,*,#11964,.T.);
#11964 = EDGE_CURVE('',#11957,#11957,#11965,.T.);
#11965 = CIRCLE('',#11966,0.320999);
#11966 = AXIS2_PLACEMENT_3D('',#11967,#11968,#11969);
#11967 = CARTESIAN_POINT('',(33.975,-2.475,-4.E-02));
#11968 = DIRECTION('',(0.,0.,1.));
#11969 = DIRECTION('',(1.,0.,-0.));
#11970 = ORIENTED_EDGE('',*,*,#11954,.F.);
#11971 = ORIENTED_EDGE('',*,*,#11972,.F.);
#11972 = EDGE_CURVE('',#11955,#11955,#11973,.T.);
#11973 = CIRCLE('',#11974,0.320999);
#11974 = AXIS2_PLACEMENT_3D('',#11975,#11976,#11977);
#11975 = CARTESIAN_POINT('',(33.975,-2.475,0.));
#11976 = DIRECTION('',(0.,0.,1.));
#11977 = DIRECTION('',(1.,0.,-0.));
#11978 = CYLINDRICAL_SURFACE('',#11979,0.320999);
#11979 = AXIS2_PLACEMENT_3D('',#11980,#11981,#11982);
#11980 = CARTESIAN_POINT('',(33.975,-2.475,0.));
#11981 = DIRECTION('',(0.,0.,1.));
#11982 = DIRECTION('',(1.,0.,-0.));
#11983 = ADVANCED_FACE('',(#11984),#11987,.F.);
#11984 = FACE_BOUND('',#11985,.T.);
#11985 = EDGE_LOOP('',(#11986));
#11986 = ORIENTED_EDGE('',*,*,#11972,.T.);
#11987 = PLANE('',#11988);
#11988 = AXIS2_PLACEMENT_3D('',#11989,#11990,#11991);
#11989 = CARTESIAN_POINT('',(0.,0.,0.));
#11990 = DIRECTION('',(-0.,-0.,-1.));
#11991 = DIRECTION('',(-1.,0.,0.));
#11992 = ADVANCED_FACE('',(#11993),#11996,.T.);
#11993 = FACE_BOUND('',#11994,.F.);
#11994 = EDGE_LOOP('',(#11995));
#11995 = ORIENTED_EDGE('',*,*,#11964,.T.);
#11996 = PLANE('',#11997);
#11997 = AXIS2_PLACEMENT_3D('',#11998,#11999,#12000);
#11998 = CARTESIAN_POINT('',(0.,0.,-4.E-02));
#11999 = DIRECTION('',(-0.,-0.,-1.));
#12000 = DIRECTION('',(-1.,0.,0.));
#12001 = MANIFOLD_SOLID_BREP('',#12002);
#12002 = CLOSED_SHELL('',(#12003,#12043,#12074,#12105,#12127,#12139));
#12003 = ADVANCED_FACE('',(#12004),#12038,.T.);
#12004 = FACE_BOUND('',#12005,.T.);
#12005 = EDGE_LOOP('',(#12006,#12016,#12024,#12032));
#12006 = ORIENTED_EDGE('',*,*,#12007,.T.);
#12007 = EDGE_CURVE('',#12008,#12010,#12012,.T.);
#12008 = VERTEX_POINT('',#12009);
#12009 = CARTESIAN_POINT('',(11.075,-3.91,0.91));
#12010 = VERTEX_POINT('',#12011);
#12011 = CARTESIAN_POINT('',(11.075,-3.91,0.95));
#12012 = LINE('',#12013,#12014);
#12013 = CARTESIAN_POINT('',(11.075,-3.91,0.91));
#12014 = VECTOR('',#12015,1.);
#12015 = DIRECTION('',(0.,0.,1.));
#12016 = ORIENTED_EDGE('',*,*,#12017,.T.);
#12017 = EDGE_CURVE('',#12010,#12018,#12020,.T.);
#12018 = VERTEX_POINT('',#12019);
#12019 = CARTESIAN_POINT('',(11.075,-3.51,0.95));
#12020 = LINE('',#12021,#12022);
#12021 = CARTESIAN_POINT('',(11.075,-3.91,0.95));
#12022 = VECTOR('',#12023,1.);
#12023 = DIRECTION('',(0.,1.,0.));
#12024 = ORIENTED_EDGE('',*,*,#12025,.F.);
#12025 = EDGE_CURVE('',#12026,#12018,#12028,.T.);
#12026 = VERTEX_POINT('',#12027);
#12027 = CARTESIAN_POINT('',(11.075,-3.51,0.91));
#12028 = LINE('',#12029,#12030);
#12029 = CARTESIAN_POINT('',(11.075,-3.51,0.91));
#12030 = VECTOR('',#12031,1.);
#12031 = DIRECTION('',(0.,0.,1.));
#12032 = ORIENTED_EDGE('',*,*,#12033,.F.);
#12033 = EDGE_CURVE('',#12008,#12026,#12034,.T.);
#12034 = LINE('',#12035,#12036);
#12035 = CARTESIAN_POINT('',(11.075,-3.91,0.91));
#12036 = VECTOR('',#12037,1.);
#12037 = DIRECTION('',(0.,1.,0.));
#12038 = PLANE('',#12039);
#12039 = AXIS2_PLACEMENT_3D('',#12040,#12041,#12042);
#12040 = CARTESIAN_POINT('',(11.075,-3.91,0.91));
#12041 = DIRECTION('',(-1.,0.,0.));
#12042 = DIRECTION('',(0.,1.,0.));
#12043 = ADVANCED_FACE('',(#12044),#12069,.T.);
#12044 = FACE_BOUND('',#12045,.T.);
#12045 = EDGE_LOOP('',(#12046,#12047,#12055,#12063));
#12046 = ORIENTED_EDGE('',*,*,#12025,.T.);
#12047 = ORIENTED_EDGE('',*,*,#12048,.T.);
#12048 = EDGE_CURVE('',#12018,#12049,#12051,.T.);
#12049 = VERTEX_POINT('',#12050);
#12050 = CARTESIAN_POINT('',(13.075,-3.51,0.95));
#12051 = LINE('',#12052,#12053);
#12052 = CARTESIAN_POINT('',(11.075,-3.51,0.95));
#12053 = VECTOR('',#12054,1.);
#12054 = DIRECTION('',(1.,0.,0.));
#12055 = ORIENTED_EDGE('',*,*,#12056,.F.);
#12056 = EDGE_CURVE('',#12057,#12049,#12059,.T.);
#12057 = VERTEX_POINT('',#12058);
#12058 = CARTESIAN_POINT('',(13.075,-3.51,0.91));
#12059 = LINE('',#12060,#12061);
#12060 = CARTESIAN_POINT('',(13.075,-3.51,0.91));
#12061 = VECTOR('',#12062,1.);
#12062 = DIRECTION('',(0.,0.,1.));
#12063 = ORIENTED_EDGE('',*,*,#12064,.F.);
#12064 = EDGE_CURVE('',#12026,#12057,#12065,.T.);
#12065 = LINE('',#12066,#12067);
#12066 = CARTESIAN_POINT('',(11.075,-3.51,0.91));
#12067 = VECTOR('',#12068,1.);
#12068 = DIRECTION('',(1.,0.,0.));
#12069 = PLANE('',#12070);
#12070 = AXIS2_PLACEMENT_3D('',#12071,#12072,#12073);
#12071 = CARTESIAN_POINT('',(11.075,-3.51,0.91));
#12072 = DIRECTION('',(0.,1.,0.));
#12073 = DIRECTION('',(1.,0.,0.));
#12074 = ADVANCED_FACE('',(#12075),#12100,.T.);
#12075 = FACE_BOUND('',#12076,.T.);
#12076 = EDGE_LOOP('',(#12077,#12078,#12086,#12094));
#12077 = ORIENTED_EDGE('',*,*,#12056,.T.);
#12078 = ORIENTED_EDGE('',*,*,#12079,.T.);
#12079 = EDGE_CURVE('',#12049,#12080,#12082,.T.);
#12080 = VERTEX_POINT('',#12081);
#12081 = CARTESIAN_POINT('',(13.075,-3.91,0.95));
#12082 = LINE('',#12083,#12084);
#12083 = CARTESIAN_POINT('',(13.075,-3.51,0.95));
#12084 = VECTOR('',#12085,1.);
#12085 = DIRECTION('',(0.,-1.,0.));
#12086 = ORIENTED_EDGE('',*,*,#12087,.F.);
#12087 = EDGE_CURVE('',#12088,#12080,#12090,.T.);
#12088 = VERTEX_POINT('',#12089);
#12089 = CARTESIAN_POINT('',(13.075,-3.91,0.91));
#12090 = LINE('',#12091,#12092);
#12091 = CARTESIAN_POINT('',(13.075,-3.91,0.91));
#12092 = VECTOR('',#12093,1.);
#12093 = DIRECTION('',(0.,0.,1.));
#12094 = ORIENTED_EDGE('',*,*,#12095,.F.);
#12095 = EDGE_CURVE('',#12057,#12088,#12096,.T.);
#12096 = LINE('',#12097,#12098);
#12097 = CARTESIAN_POINT('',(13.075,-3.51,0.91));
#12098 = VECTOR('',#12099,1.);
#12099 = DIRECTION('',(0.,-1.,0.));
#12100 = PLANE('',#12101);
#12101 = AXIS2_PLACEMENT_3D('',#12102,#12103,#12104);
#12102 = CARTESIAN_POINT('',(13.075,-3.51,0.91));
#12103 = DIRECTION('',(1.,0.,-0.));
#12104 = DIRECTION('',(0.,-1.,0.));
#12105 = ADVANCED_FACE('',(#12106),#12122,.T.);
#12106 = FACE_BOUND('',#12107,.T.);
#12107 = EDGE_LOOP('',(#12108,#12109,#12115,#12116));
#12108 = ORIENTED_EDGE('',*,*,#12087,.T.);
#12109 = ORIENTED_EDGE('',*,*,#12110,.T.);
#12110 = EDGE_CURVE('',#12080,#12010,#12111,.T.);
#12111 = LINE('',#12112,#12113);
#12112 = CARTESIAN_POINT('',(13.075,-3.91,0.95));
#12113 = VECTOR('',#12114,1.);
#12114 = DIRECTION('',(-1.,0.,0.));
#12115 = ORIENTED_EDGE('',*,*,#12007,.F.);
#12116 = ORIENTED_EDGE('',*,*,#12117,.F.);
#12117 = EDGE_CURVE('',#12088,#12008,#12118,.T.);
#12118 = LINE('',#12119,#12120);
#12119 = CARTESIAN_POINT('',(13.075,-3.91,0.91));
#12120 = VECTOR('',#12121,1.);
#12121 = DIRECTION('',(-1.,0.,0.));
#12122 = PLANE('',#12123);
#12123 = AXIS2_PLACEMENT_3D('',#12124,#12125,#12126);
#12124 = CARTESIAN_POINT('',(13.075,-3.91,0.91));
#12125 = DIRECTION('',(0.,-1.,0.));
#12126 = DIRECTION('',(-1.,0.,0.));
#12127 = ADVANCED_FACE('',(#12128),#12134,.F.);
#12128 = FACE_BOUND('',#12129,.T.);
#12129 = EDGE_LOOP('',(#12130,#12131,#12132,#12133));
#12130 = ORIENTED_EDGE('',*,*,#12033,.T.);
#12131 = ORIENTED_EDGE('',*,*,#12064,.T.);
#12132 = ORIENTED_EDGE('',*,*,#12095,.T.);
#12133 = ORIENTED_EDGE('',*,*,#12117,.T.);
#12134 = PLANE('',#12135);
#12135 = AXIS2_PLACEMENT_3D('',#12136,#12137,#12138);
#12136 = CARTESIAN_POINT('',(0.,0.,0.91));
#12137 = DIRECTION('',(0.,0.,1.));
#12138 = DIRECTION('',(1.,0.,-0.));
#12139 = ADVANCED_FACE('',(#12140),#12146,.T.);
#12140 = FACE_BOUND('',#12141,.F.);
#12141 = EDGE_LOOP('',(#12142,#12143,#12144,#12145));
#12142 = ORIENTED_EDGE('',*,*,#12017,.T.);
#12143 = ORIENTED_EDGE('',*,*,#12048,.T.);
#12144 = ORIENTED_EDGE('',*,*,#12079,.T.);
#12145 = ORIENTED_EDGE('',*,*,#12110,.T.);
#12146 = PLANE('',#12147);
#12147 = AXIS2_PLACEMENT_3D('',#12148,#12149,#12150);
#12148 = CARTESIAN_POINT('',(0.,0.,0.95));
#12149 = DIRECTION('',(0.,0.,1.));
#12150 = DIRECTION('',(1.,0.,-0.));
#12151 = ( GEOMETRIC_REPRESENTATION_CONTEXT(3) 
GLOBAL_UNCERTAINTY_ASSIGNED_CONTEXT((#12155)) 
GLOBAL_UNIT_ASSIGNED_CONTEXT((#12152,#12153,#12154)) 
REPRESENTATION_CONTEXT('Context #1',
  '3D Context with UNIT and UNCERTAINTY') );
#12152 = ( LENGTH_UNIT() NAMED_UNIT(*) SI_UNIT(.MILLI.,.METRE.) );
#12153 = ( NAMED_UNIT(*) PLANE_ANGLE_UNIT() SI_UNIT($,.RADIAN.) );
#12154 = ( NAMED_UNIT(*) SI_UNIT($,.STERADIAN.) SOLID_ANGLE_UNIT() );
#12155 = UNCERTAINTY_MEASURE_WITH_UNIT(LENGTH_MEASURE(1.E-07),#12152,
  'distance_accuracy_value','confusion accuracy');
#12156 = CONTEXT_DEPENDENT_SHAPE_REPRESENTATION(#12157,#12159);
#12157 = ( REPRESENTATION_RELATIONSHIP('','',#3563,#10) 
REPRESENTATION_RELATIONSHIP_WITH_TRANSFORMATION(#12158) 
SHAPE_REPRESENTATION_RELATIONSHIP() );
#12158 = ITEM_DEFINED_TRANSFORMATION('','',#11,#59);
#12159 = PRODUCT_DEFINITION_SHAPE('Placement','Placement of an item',
  #12160);
#12160 = NEXT_ASSEMBLY_USAGE_OCCURRENCE('18','=>[0:1:1:12]','',#5,#3558,
  $);
#12161 = PRODUCT_RELATED_PRODUCT_CATEGORY('part',$,(#3560));
#12162 = SHAPE_DEFINITION_REPRESENTATION(#12163,#12169);
#12163 = PRODUCT_DEFINITION_SHAPE('','',#12164);
#12164 = PRODUCT_DEFINITION('design','',#12165,#12168);
#12165 = PRODUCT_DEFINITION_FORMATION('','',#12166);
#12166 = PRODUCT('oled_board_soldermask','oled_board_soldermask','',(
    #12167));
#12167 = PRODUCT_CONTEXT('',#2,'mechanical');
#12168 = PRODUCT_DEFINITION_CONTEXT('part definition',#2,'design');
#12169 = MANIFOLD_SURFACE_SHAPE_REPRESENTATION('',(#11,#12170),#12810);
#12170 = SHELL_BASED_SURFACE_MODEL('',(#12171));
#12171 = OPEN_SHELL('',(#12172));
#12172 = ADVANCED_FACE('',(#12173,#12307,#12341,#12375,#12409,#12443,
    #12477,#12488,#12499,#12533,#12567,#12601,#12635,#12669,#12703,
    #12737,#12771),#12805,.T.);
#12173 = FACE_BOUND('',#12174,.F.);
#12174 = EDGE_LOOP('',(#12175,#12186,#12194,#12202,#12210,#12219,#12227,
    #12235,#12243,#12252,#12260,#12268,#12276,#12285,#12293,#12301));
#12175 = ORIENTED_EDGE('',*,*,#12176,.T.);
#12176 = EDGE_CURVE('',#12177,#12179,#12181,.T.);
#12177 = VERTEX_POINT('',#12178);
#12178 = CARTESIAN_POINT('',(2.548E-03,-1.857139,0.96));
#12179 = VERTEX_POINT('',#12180);
#12180 = CARTESIAN_POINT('',(1.857139,-2.548E-03,0.96));
#12181 = CIRCLE('',#12182,2.00255313155);
#12182 = AXIS2_PLACEMENT_3D('',#12183,#12184,#12185);
#12183 = CARTESIAN_POINT('',(1.999998899006,-1.999998899006,0.96));
#12184 = DIRECTION('',(0.,0.,-1.));
#12185 = DIRECTION('',(-0.997452136243,7.133888072926E-02,0.));
#12186 = ORIENTED_EDGE('',*,*,#12187,.T.);
#12187 = EDGE_CURVE('',#12179,#12188,#12190,.T.);
#12188 = VERTEX_POINT('',#12189);
#12189 = CARTESIAN_POINT('',(2.,-0.,0.96));
#12190 = LINE('',#12191,#12192);
#12191 = CARTESIAN_POINT('',(1.857139,-2.548E-03,0.96));
#12192 = VECTOR('',#12193,1.);
#12193 = DIRECTION('',(0.999840985078,1.783268232742E-02,0.));
#12194 = ORIENTED_EDGE('',*,*,#12195,.T.);
#12195 = EDGE_CURVE('',#12188,#12196,#12198,.T.);
#12196 = VERTEX_POINT('',#12197);
#12197 = CARTESIAN_POINT('',(34.875,-0.,0.96));
#12198 = LINE('',#12199,#12200);
#12199 = CARTESIAN_POINT('',(2.,-0.,0.96));
#12200 = VECTOR('',#12201,1.);
#12201 = DIRECTION('',(1.,0.,0.));
#12202 = ORIENTED_EDGE('',*,*,#12203,.T.);
#12203 = EDGE_CURVE('',#12196,#12204,#12206,.T.);
#12204 = VERTEX_POINT('',#12205);
#12205 = CARTESIAN_POINT('',(35.017861,-2.548000000001E-03,0.96));
#12206 = LINE('',#12207,#12208);
#12207 = CARTESIAN_POINT('',(34.875,-0.,0.96));
#12208 = VECTOR('',#12209,1.);
#12209 = DIRECTION('',(0.999840985078,-1.783268232742E-02,0.));
#12210 = ORIENTED_EDGE('',*,*,#12211,.T.);
#12211 = EDGE_CURVE('',#12204,#12212,#12214,.T.);
#12212 = VERTEX_POINT('',#12213);
#12213 = CARTESIAN_POINT('',(36.872452,-1.857139,0.96));
#12214 = CIRCLE('',#12215,2.00255313155);
#12215 = AXIS2_PLACEMENT_3D('',#12216,#12217,#12218);
#12216 = CARTESIAN_POINT('',(34.875001100994,-1.999998899006,0.96));
#12217 = DIRECTION('',(0.,0.,-1.));
#12218 = DIRECTION('',(7.133888072925E-02,0.997452136243,0.));
#12219 = ORIENTED_EDGE('',*,*,#12220,.T.);
#12220 = EDGE_CURVE('',#12212,#12221,#12223,.T.);
#12221 = VERTEX_POINT('',#12222);
#12222 = CARTESIAN_POINT('',(36.875,-2.,0.96));
#12223 = LINE('',#12224,#12225);
#12224 = CARTESIAN_POINT('',(36.872452,-1.857139,0.96));
#12225 = VECTOR('',#12226,1.);
#12226 = DIRECTION('',(1.78326823274E-02,-0.999840985078,0.));
#12227 = ORIENTED_EDGE('',*,*,#12228,.T.);
#12228 = EDGE_CURVE('',#12221,#12229,#12231,.T.);
#12229 = VERTEX_POINT('',#12230);
#12230 = CARTESIAN_POINT('',(36.875,-7.1,0.96));
#12231 = LINE('',#12232,#12233);
#12232 = CARTESIAN_POINT('',(36.875,-2.,0.96));
#12233 = VECTOR('',#12234,1.);
#12234 = DIRECTION('',(0.,-1.,0.));
#12235 = ORIENTED_EDGE('',*,*,#12236,.T.);
#12236 = EDGE_CURVE('',#12229,#12237,#12239,.T.);
#12237 = VERTEX_POINT('',#12238);
#12238 = CARTESIAN_POINT('',(36.872452,-7.242861,0.96));
#12239 = LINE('',#12240,#12241);
#12240 = CARTESIAN_POINT('',(36.875,-7.1,0.96));
#12241 = VECTOR('',#12242,1.);
#12242 = DIRECTION('',(-1.78326823274E-02,-0.999840985078,0.));
#12243 = ORIENTED_EDGE('',*,*,#12244,.T.);
#12244 = EDGE_CURVE('',#12237,#12245,#12247,.T.);
#12245 = VERTEX_POINT('',#12246);
#12246 = CARTESIAN_POINT('',(35.017861,-9.097452,0.96));
#12247 = CIRCLE('',#12248,2.00255313155);
#12248 = AXIS2_PLACEMENT_3D('',#12249,#12250,#12251);
#12249 = CARTESIAN_POINT('',(34.875001100994,-7.100001100994,0.96));
#12250 = DIRECTION('',(0.,0.,-1.));
#12251 = DIRECTION('',(0.997452136243,-7.133888072926E-02,0.));
#12252 = ORIENTED_EDGE('',*,*,#12253,.T.);
#12253 = EDGE_CURVE('',#12245,#12254,#12256,.T.);
#12254 = VERTEX_POINT('',#12255);
#12255 = CARTESIAN_POINT('',(34.875,-9.1,0.96));
#12256 = LINE('',#12257,#12258);
#12257 = CARTESIAN_POINT('',(35.017861,-9.097452,0.96));
#12258 = VECTOR('',#12259,1.);
#12259 = DIRECTION('',(-0.999840985078,-1.783268232742E-02,0.));
#12260 = ORIENTED_EDGE('',*,*,#12261,.T.);
#12261 = EDGE_CURVE('',#12254,#12262,#12264,.T.);
#12262 = VERTEX_POINT('',#12263);
#12263 = CARTESIAN_POINT('',(2.,-9.1,0.96));
#12264 = LINE('',#12265,#12266);
#12265 = CARTESIAN_POINT('',(34.875,-9.1,0.96));
#12266 = VECTOR('',#12267,1.);
#12267 = DIRECTION('',(-1.,0.,0.));
#12268 = ORIENTED_EDGE('',*,*,#12269,.T.);
#12269 = EDGE_CURVE('',#12262,#12270,#12272,.T.);
#12270 = VERTEX_POINT('',#12271);
#12271 = CARTESIAN_POINT('',(1.857139,-9.097452,0.96));
#12272 = LINE('',#12273,#12274);
#12273 = CARTESIAN_POINT('',(2.,-9.1,0.96));
#12274 = VECTOR('',#12275,1.);
#12275 = DIRECTION('',(-0.999840985078,1.783268232742E-02,0.));
#12276 = ORIENTED_EDGE('',*,*,#12277,.T.);
#12277 = EDGE_CURVE('',#12270,#12278,#12280,.T.);
#12278 = VERTEX_POINT('',#12279);
#12279 = CARTESIAN_POINT('',(2.548E-03,-7.242861,0.96));
#12280 = CIRCLE('',#12281,2.00255313155);
#12281 = AXIS2_PLACEMENT_3D('',#12282,#12283,#12284);
#12282 = CARTESIAN_POINT('',(1.999998899006,-7.100001100994,0.96));
#12283 = DIRECTION('',(0.,0.,-1.));
#12284 = DIRECTION('',(-7.133888072926E-02,-0.997452136243,-0.));
#12285 = ORIENTED_EDGE('',*,*,#12286,.T.);
#12286 = EDGE_CURVE('',#12278,#12287,#12289,.T.);
#12287 = VERTEX_POINT('',#12288);
#12288 = CARTESIAN_POINT('',(0.,-7.1,0.96));
#12289 = LINE('',#12290,#12291);
#12290 = CARTESIAN_POINT('',(2.548E-03,-7.242861,0.96));
#12291 = VECTOR('',#12292,1.);
#12292 = DIRECTION('',(-1.783268232742E-02,0.999840985078,0.));
#12293 = ORIENTED_EDGE('',*,*,#12294,.T.);
#12294 = EDGE_CURVE('',#12287,#12295,#12297,.T.);
#12295 = VERTEX_POINT('',#12296);
#12296 = CARTESIAN_POINT('',(0.,-2.,0.96));
#12297 = LINE('',#12298,#12299);
#12298 = CARTESIAN_POINT('',(0.,-7.1,0.96));
#12299 = VECTOR('',#12300,1.);
#12300 = DIRECTION('',(0.,1.,0.));
#12301 = ORIENTED_EDGE('',*,*,#12302,.T.);
#12302 = EDGE_CURVE('',#12295,#12177,#12303,.T.);
#12303 = LINE('',#12304,#12305);
#12304 = CARTESIAN_POINT('',(0.,-2.,0.96));
#12305 = VECTOR('',#12306,1.);
#12306 = DIRECTION('',(1.783268232742E-02,0.999840985078,0.));
#12307 = FACE_BOUND('',#12308,.F.);
#12308 = EDGE_LOOP('',(#12309,#12319,#12327,#12335));
#12309 = ORIENTED_EDGE('',*,*,#12310,.T.);
#12310 = EDGE_CURVE('',#12311,#12313,#12315,.T.);
#12311 = VERTEX_POINT('',#12312);
#12312 = CARTESIAN_POINT('',(13.075,-8.87,0.96));
#12313 = VERTEX_POINT('',#12314);
#12314 = CARTESIAN_POINT('',(13.075,-8.47,0.96));
#12315 = LINE('',#12316,#12317);
#12316 = CARTESIAN_POINT('',(13.075,-8.87,0.96));
#12317 = VECTOR('',#12318,1.);
#12318 = DIRECTION('',(0.,1.,0.));
#12319 = ORIENTED_EDGE('',*,*,#12320,.T.);
#12320 = EDGE_CURVE('',#12313,#12321,#12323,.T.);
#12321 = VERTEX_POINT('',#12322);
#12322 = CARTESIAN_POINT('',(11.075,-8.47,0.96));
#12323 = LINE('',#12324,#12325);
#12324 = CARTESIAN_POINT('',(13.075,-8.47,0.96));
#12325 = VECTOR('',#12326,1.);
#12326 = DIRECTION('',(-1.,0.,0.));
#12327 = ORIENTED_EDGE('',*,*,#12328,.T.);
#12328 = EDGE_CURVE('',#12321,#12329,#12331,.T.);
#12329 = VERTEX_POINT('',#12330);
#12330 = CARTESIAN_POINT('',(11.075,-8.87,0.96));
#12331 = LINE('',#12332,#12333);
#12332 = CARTESIAN_POINT('',(11.075,-8.47,0.96));
#12333 = VECTOR('',#12334,1.);
#12334 = DIRECTION('',(0.,-1.,0.));
#12335 = ORIENTED_EDGE('',*,*,#12336,.T.);
#12336 = EDGE_CURVE('',#12329,#12311,#12337,.T.);
#12337 = LINE('',#12338,#12339);
#12338 = CARTESIAN_POINT('',(11.075,-8.87,0.96));
#12339 = VECTOR('',#12340,1.);
#12340 = DIRECTION('',(1.,0.,0.));
#12341 = FACE_BOUND('',#12342,.F.);
#12342 = EDGE_LOOP('',(#12343,#12353,#12361,#12369));
#12343 = ORIENTED_EDGE('',*,*,#12344,.T.);
#12344 = EDGE_CURVE('',#12345,#12347,#12349,.T.);
#12345 = VERTEX_POINT('',#12346);
#12346 = CARTESIAN_POINT('',(13.075,-8.25,0.96));
#12347 = VERTEX_POINT('',#12348);
#12348 = CARTESIAN_POINT('',(13.075,-7.85,0.96));
#12349 = LINE('',#12350,#12351);
#12350 = CARTESIAN_POINT('',(13.075,-8.25,0.96));
#12351 = VECTOR('',#12352,1.);
#12352 = DIRECTION('',(0.,1.,0.));
#12353 = ORIENTED_EDGE('',*,*,#12354,.T.);
#12354 = EDGE_CURVE('',#12347,#12355,#12357,.T.);
#12355 = VERTEX_POINT('',#12356);
#12356 = CARTESIAN_POINT('',(11.075,-7.85,0.96));
#12357 = LINE('',#12358,#12359);
#12358 = CARTESIAN_POINT('',(13.075,-7.85,0.96));
#12359 = VECTOR('',#12360,1.);
#12360 = DIRECTION('',(-1.,0.,0.));
#12361 = ORIENTED_EDGE('',*,*,#12362,.T.);
#12362 = EDGE_CURVE('',#12355,#12363,#12365,.T.);
#12363 = VERTEX_POINT('',#12364);
#12364 = CARTESIAN_POINT('',(11.075,-8.25,0.96));
#12365 = LINE('',#12366,#12367);
#12366 = CARTESIAN_POINT('',(11.075,-7.85,0.96));
#12367 = VECTOR('',#12368,1.);
#12368 = DIRECTION('',(0.,-1.,0.));
#12369 = ORIENTED_EDGE('',*,*,#12370,.T.);
#12370 = EDGE_CURVE('',#12363,#12345,#12371,.T.);
#12371 = LINE('',#12372,#12373);
#12372 = CARTESIAN_POINT('',(11.075,-8.25,0.96));
#12373 = VECTOR('',#12374,1.);
#12374 = DIRECTION('',(1.,0.,0.));
#12375 = FACE_BOUND('',#12376,.F.);
#12376 = EDGE_LOOP('',(#12377,#12387,#12395,#12403));
#12377 = ORIENTED_EDGE('',*,*,#12378,.T.);
#12378 = EDGE_CURVE('',#12379,#12381,#12383,.T.);
#12379 = VERTEX_POINT('',#12380);
#12380 = CARTESIAN_POINT('',(13.075,-7.63,0.96));
#12381 = VERTEX_POINT('',#12382);
#12382 = CARTESIAN_POINT('',(13.075,-7.23,0.96));
#12383 = LINE('',#12384,#12385);
#12384 = CARTESIAN_POINT('',(13.075,-7.63,0.96));
#12385 = VECTOR('',#12386,1.);
#12386 = DIRECTION('',(0.,1.,0.));
#12387 = ORIENTED_EDGE('',*,*,#12388,.T.);
#12388 = EDGE_CURVE('',#12381,#12389,#12391,.T.);
#12389 = VERTEX_POINT('',#12390);
#12390 = CARTESIAN_POINT('',(11.075,-7.23,0.96));
#12391 = LINE('',#12392,#12393);
#12392 = CARTESIAN_POINT('',(13.075,-7.23,0.96));
#12393 = VECTOR('',#12394,1.);
#12394 = DIRECTION('',(-1.,0.,0.));
#12395 = ORIENTED_EDGE('',*,*,#12396,.T.);
#12396 = EDGE_CURVE('',#12389,#12397,#12399,.T.);
#12397 = VERTEX_POINT('',#12398);
#12398 = CARTESIAN_POINT('',(11.075,-7.63,0.96));
#12399 = LINE('',#12400,#12401);
#12400 = CARTESIAN_POINT('',(11.075,-7.23,0.96));
#12401 = VECTOR('',#12402,1.);
#12402 = DIRECTION('',(0.,-1.,0.));
#12403 = ORIENTED_EDGE('',*,*,#12404,.T.);
#12404 = EDGE_CURVE('',#12397,#12379,#12405,.T.);
#12405 = LINE('',#12406,#12407);
#12406 = CARTESIAN_POINT('',(11.075,-7.63,0.96));
#12407 = VECTOR('',#12408,1.);
#12408 = DIRECTION('',(1.,0.,0.));
#12409 = FACE_BOUND('',#12410,.F.);
#12410 = EDGE_LOOP('',(#12411,#12421,#12429,#12437));
#12411 = ORIENTED_EDGE('',*,*,#12412,.T.);
#12412 = EDGE_CURVE('',#12413,#12415,#12417,.T.);
#12413 = VERTEX_POINT('',#12414);
#12414 = CARTESIAN_POINT('',(13.075,-7.01,0.96));
#12415 = VERTEX_POINT('',#12416);
#12416 = CARTESIAN_POINT('',(13.075,-6.61,0.96));
#12417 = LINE('',#12418,#12419);
#12418 = CARTESIAN_POINT('',(13.075,-7.01,0.96));
#12419 = VECTOR('',#12420,1.);
#12420 = DIRECTION('',(0.,1.,0.));
#12421 = ORIENTED_EDGE('',*,*,#12422,.T.);
#12422 = EDGE_CURVE('',#12415,#12423,#12425,.T.);
#12423 = VERTEX_POINT('',#12424);
#12424 = CARTESIAN_POINT('',(11.075,-6.61,0.96));
#12425 = LINE('',#12426,#12427);
#12426 = CARTESIAN_POINT('',(13.075,-6.61,0.96));
#12427 = VECTOR('',#12428,1.);
#12428 = DIRECTION('',(-1.,0.,0.));
#12429 = ORIENTED_EDGE('',*,*,#12430,.T.);
#12430 = EDGE_CURVE('',#12423,#12431,#12433,.T.);
#12431 = VERTEX_POINT('',#12432);
#12432 = CARTESIAN_POINT('',(11.075,-7.01,0.96));
#12433 = LINE('',#12434,#12435);
#12434 = CARTESIAN_POINT('',(11.075,-6.61,0.96));
#12435 = VECTOR('',#12436,1.);
#12436 = DIRECTION('',(0.,-1.,0.));
#12437 = ORIENTED_EDGE('',*,*,#12438,.T.);
#12438 = EDGE_CURVE('',#12431,#12413,#12439,.T.);
#12439 = LINE('',#12440,#12441);
#12440 = CARTESIAN_POINT('',(11.075,-7.01,0.96));
#12441 = VECTOR('',#12442,1.);
#12442 = DIRECTION('',(1.,0.,0.));
#12443 = FACE_BOUND('',#12444,.F.);
#12444 = EDGE_LOOP('',(#12445,#12455,#12463,#12471));
#12445 = ORIENTED_EDGE('',*,*,#12446,.T.);
#12446 = EDGE_CURVE('',#12447,#12449,#12451,.T.);
#12447 = VERTEX_POINT('',#12448);
#12448 = CARTESIAN_POINT('',(13.075,-6.39,0.96));
#12449 = VERTEX_POINT('',#12450);
#12450 = CARTESIAN_POINT('',(13.075,-5.99,0.96));
#12451 = LINE('',#12452,#12453);
#12452 = CARTESIAN_POINT('',(13.075,-6.39,0.96));
#12453 = VECTOR('',#12454,1.);
#12454 = DIRECTION('',(0.,1.,0.));
#12455 = ORIENTED_EDGE('',*,*,#12456,.T.);
#12456 = EDGE_CURVE('',#12449,#12457,#12459,.T.);
#12457 = VERTEX_POINT('',#12458);
#12458 = CARTESIAN_POINT('',(11.075,-5.99,0.96));
#12459 = LINE('',#12460,#12461);
#12460 = CARTESIAN_POINT('',(13.075,-5.99,0.96));
#12461 = VECTOR('',#12462,1.);
#12462 = DIRECTION('',(-1.,0.,0.));
#12463 = ORIENTED_EDGE('',*,*,#12464,.T.);
#12464 = EDGE_CURVE('',#12457,#12465,#12467,.T.);
#12465 = VERTEX_POINT('',#12466);
#12466 = CARTESIAN_POINT('',(11.075,-6.39,0.96));
#12467 = LINE('',#12468,#12469);
#12468 = CARTESIAN_POINT('',(11.075,-5.99,0.96));
#12469 = VECTOR('',#12470,1.);
#12470 = DIRECTION('',(0.,-1.,0.));
#12471 = ORIENTED_EDGE('',*,*,#12472,.T.);
#12472 = EDGE_CURVE('',#12465,#12447,#12473,.T.);
#12473 = LINE('',#12474,#12475);
#12474 = CARTESIAN_POINT('',(11.075,-6.39,0.96));
#12475 = VECTOR('',#12476,1.);
#12476 = DIRECTION('',(1.,0.,0.));
#12477 = FACE_BOUND('',#12478,.F.);
#12478 = EDGE_LOOP('',(#12479));
#12479 = ORIENTED_EDGE('',*,*,#12480,.T.);
#12480 = EDGE_CURVE('',#12481,#12481,#12483,.T.);
#12481 = VERTEX_POINT('',#12482);
#12482 = CARTESIAN_POINT('',(4.4,-4.55,0.96));
#12483 = CIRCLE('',#12484,1.5);
#12484 = AXIS2_PLACEMENT_3D('',#12485,#12486,#12487);
#12485 = CARTESIAN_POINT('',(2.9,-4.55,0.96));
#12486 = DIRECTION('',(0.,0.,1.));
#12487 = DIRECTION('',(1.,0.,-0.));
#12488 = FACE_BOUND('',#12489,.F.);
#12489 = EDGE_LOOP('',(#12490));
#12490 = ORIENTED_EDGE('',*,*,#12491,.T.);
#12491 = EDGE_CURVE('',#12492,#12492,#12494,.T.);
#12492 = VERTEX_POINT('',#12493);
#12493 = CARTESIAN_POINT('',(35.475,-4.55,0.96));
#12494 = CIRCLE('',#12495,1.5);
#12495 = AXIS2_PLACEMENT_3D('',#12496,#12497,#12498);
#12496 = CARTESIAN_POINT('',(33.975,-4.55,0.96));
#12497 = DIRECTION('',(0.,0.,1.));
#12498 = DIRECTION('',(1.,0.,-0.));
#12499 = FACE_BOUND('',#12500,.F.);
#12500 = EDGE_LOOP('',(#12501,#12511,#12519,#12527));
#12501 = ORIENTED_EDGE('',*,*,#12502,.T.);
#12502 = EDGE_CURVE('',#12503,#12505,#12507,.T.);
#12503 = VERTEX_POINT('',#12504);
#12504 = CARTESIAN_POINT('',(13.075,-5.77,0.96));
#12505 = VERTEX_POINT('',#12506);
#12506 = CARTESIAN_POINT('',(13.075,-5.37,0.96));
#12507 = LINE('',#12508,#12509);
#12508 = CARTESIAN_POINT('',(13.075,-5.77,0.96));
#12509 = VECTOR('',#12510,1.);
#12510 = DIRECTION('',(0.,1.,0.));
#12511 = ORIENTED_EDGE('',*,*,#12512,.T.);
#12512 = EDGE_CURVE('',#12505,#12513,#12515,.T.);
#12513 = VERTEX_POINT('',#12514);
#12514 = CARTESIAN_POINT('',(11.075,-5.37,0.96));
#12515 = LINE('',#12516,#12517);
#12516 = CARTESIAN_POINT('',(13.075,-5.37,0.96));
#12517 = VECTOR('',#12518,1.);
#12518 = DIRECTION('',(-1.,0.,0.));
#12519 = ORIENTED_EDGE('',*,*,#12520,.T.);
#12520 = EDGE_CURVE('',#12513,#12521,#12523,.T.);
#12521 = VERTEX_POINT('',#12522);
#12522 = CARTESIAN_POINT('',(11.075,-5.77,0.96));
#12523 = LINE('',#12524,#12525);
#12524 = CARTESIAN_POINT('',(11.075,-5.37,0.96));
#12525 = VECTOR('',#12526,1.);
#12526 = DIRECTION('',(0.,-1.,0.));
#12527 = ORIENTED_EDGE('',*,*,#12528,.T.);
#12528 = EDGE_CURVE('',#12521,#12503,#12529,.T.);
#12529 = LINE('',#12530,#12531);
#12530 = CARTESIAN_POINT('',(11.075,-5.77,0.96));
#12531 = VECTOR('',#12532,1.);
#12532 = DIRECTION('',(1.,0.,0.));
#12533 = FACE_BOUND('',#12534,.F.);
#12534 = EDGE_LOOP('',(#12535,#12545,#12553,#12561));
#12535 = ORIENTED_EDGE('',*,*,#12536,.T.);
#12536 = EDGE_CURVE('',#12537,#12539,#12541,.T.);
#12537 = VERTEX_POINT('',#12538);
#12538 = CARTESIAN_POINT('',(13.075,-5.15,0.96));
#12539 = VERTEX_POINT('',#12540);
#12540 = CARTESIAN_POINT('',(13.075,-4.75,0.96));
#12541 = LINE('',#12542,#12543);
#12542 = CARTESIAN_POINT('',(13.075,-5.15,0.96));
#12543 = VECTOR('',#12544,1.);
#12544 = DIRECTION('',(0.,1.,0.));
#12545 = ORIENTED_EDGE('',*,*,#12546,.T.);
#12546 = EDGE_CURVE('',#12539,#12547,#12549,.T.);
#12547 = VERTEX_POINT('',#12548);
#12548 = CARTESIAN_POINT('',(11.075,-4.75,0.96));
#12549 = LINE('',#12550,#12551);
#12550 = CARTESIAN_POINT('',(13.075,-4.75,0.96));
#12551 = VECTOR('',#12552,1.);
#12552 = DIRECTION('',(-1.,0.,0.));
#12553 = ORIENTED_EDGE('',*,*,#12554,.T.);
#12554 = EDGE_CURVE('',#12547,#12555,#12557,.T.);
#12555 = VERTEX_POINT('',#12556);
#12556 = CARTESIAN_POINT('',(11.075,-5.15,0.96));
#12557 = LINE('',#12558,#12559);
#12558 = CARTESIAN_POINT('',(11.075,-4.75,0.96));
#12559 = VECTOR('',#12560,1.);
#12560 = DIRECTION('',(0.,-1.,0.));
#12561 = ORIENTED_EDGE('',*,*,#12562,.T.);
#12562 = EDGE_CURVE('',#12555,#12537,#12563,.T.);
#12563 = LINE('',#12564,#12565);
#12564 = CARTESIAN_POINT('',(11.075,-5.15,0.96));
#12565 = VECTOR('',#12566,1.);
#12566 = DIRECTION('',(1.,0.,0.));
#12567 = FACE_BOUND('',#12568,.F.);
#12568 = EDGE_LOOP('',(#12569,#12579,#12587,#12595));
#12569 = ORIENTED_EDGE('',*,*,#12570,.T.);
#12570 = EDGE_CURVE('',#12571,#12573,#12575,.T.);
#12571 = VERTEX_POINT('',#12572);
#12572 = CARTESIAN_POINT('',(13.075,-4.53,0.96));
#12573 = VERTEX_POINT('',#12574);
#12574 = CARTESIAN_POINT('',(13.075,-4.13,0.96));
#12575 = LINE('',#12576,#12577);
#12576 = CARTESIAN_POINT('',(13.075,-4.53,0.96));
#12577 = VECTOR('',#12578,1.);
#12578 = DIRECTION('',(0.,1.,0.));
#12579 = ORIENTED_EDGE('',*,*,#12580,.T.);
#12580 = EDGE_CURVE('',#12573,#12581,#12583,.T.);
#12581 = VERTEX_POINT('',#12582);
#12582 = CARTESIAN_POINT('',(11.075,-4.13,0.96));
#12583 = LINE('',#12584,#12585);
#12584 = CARTESIAN_POINT('',(13.075,-4.13,0.96));
#12585 = VECTOR('',#12586,1.);
#12586 = DIRECTION('',(-1.,0.,0.));
#12587 = ORIENTED_EDGE('',*,*,#12588,.T.);
#12588 = EDGE_CURVE('',#12581,#12589,#12591,.T.);
#12589 = VERTEX_POINT('',#12590);
#12590 = CARTESIAN_POINT('',(11.075,-4.53,0.96));
#12591 = LINE('',#12592,#12593);
#12592 = CARTESIAN_POINT('',(11.075,-4.13,0.96));
#12593 = VECTOR('',#12594,1.);
#12594 = DIRECTION('',(0.,-1.,0.));
#12595 = ORIENTED_EDGE('',*,*,#12596,.T.);
#12596 = EDGE_CURVE('',#12589,#12571,#12597,.T.);
#12597 = LINE('',#12598,#12599);
#12598 = CARTESIAN_POINT('',(11.075,-4.53,0.96));
#12599 = VECTOR('',#12600,1.);
#12600 = DIRECTION('',(1.,0.,0.));
#12601 = FACE_BOUND('',#12602,.F.);
#12602 = EDGE_LOOP('',(#12603,#12613,#12621,#12629));
#12603 = ORIENTED_EDGE('',*,*,#12604,.T.);
#12604 = EDGE_CURVE('',#12605,#12607,#12609,.T.);
#12605 = VERTEX_POINT('',#12606);
#12606 = CARTESIAN_POINT('',(13.075,-3.91,0.96));
#12607 = VERTEX_POINT('',#12608);
#12608 = CARTESIAN_POINT('',(13.075,-3.51,0.96));
#12609 = LINE('',#12610,#12611);
#12610 = CARTESIAN_POINT('',(13.075,-3.91,0.96));
#12611 = VECTOR('',#12612,1.);
#12612 = DIRECTION('',(0.,1.,0.));
#12613 = ORIENTED_EDGE('',*,*,#12614,.T.);
#12614 = EDGE_CURVE('',#12607,#12615,#12617,.T.);
#12615 = VERTEX_POINT('',#12616);
#12616 = CARTESIAN_POINT('',(11.075,-3.51,0.96));
#12617 = LINE('',#12618,#12619);
#12618 = CARTESIAN_POINT('',(13.075,-3.51,0.96));
#12619 = VECTOR('',#12620,1.);
#12620 = DIRECTION('',(-1.,0.,0.));
#12621 = ORIENTED_EDGE('',*,*,#12622,.T.);
#12622 = EDGE_CURVE('',#12615,#12623,#12625,.T.);
#12623 = VERTEX_POINT('',#12624);
#12624 = CARTESIAN_POINT('',(11.075,-3.91,0.96));
#12625 = LINE('',#12626,#12627);
#12626 = CARTESIAN_POINT('',(11.075,-3.51,0.96));
#12627 = VECTOR('',#12628,1.);
#12628 = DIRECTION('',(0.,-1.,0.));
#12629 = ORIENTED_EDGE('',*,*,#12630,.T.);
#12630 = EDGE_CURVE('',#12623,#12605,#12631,.T.);
#12631 = LINE('',#12632,#12633);
#12632 = CARTESIAN_POINT('',(11.075,-3.91,0.96));
#12633 = VECTOR('',#12634,1.);
#12634 = DIRECTION('',(1.,0.,0.));
#12635 = FACE_BOUND('',#12636,.F.);
#12636 = EDGE_LOOP('',(#12637,#12647,#12655,#12663));
#12637 = ORIENTED_EDGE('',*,*,#12638,.T.);
#12638 = EDGE_CURVE('',#12639,#12641,#12643,.T.);
#12639 = VERTEX_POINT('',#12640);
#12640 = CARTESIAN_POINT('',(13.075,-3.29,0.96));
#12641 = VERTEX_POINT('',#12642);
#12642 = CARTESIAN_POINT('',(13.075,-2.89,0.96));
#12643 = LINE('',#12644,#12645);
#12644 = CARTESIAN_POINT('',(13.075,-3.29,0.96));
#12645 = VECTOR('',#12646,1.);
#12646 = DIRECTION('',(0.,1.,0.));
#12647 = ORIENTED_EDGE('',*,*,#12648,.T.);
#12648 = EDGE_CURVE('',#12641,#12649,#12651,.T.);
#12649 = VERTEX_POINT('',#12650);
#12650 = CARTESIAN_POINT('',(11.075,-2.89,0.96));
#12651 = LINE('',#12652,#12653);
#12652 = CARTESIAN_POINT('',(13.075,-2.89,0.96));
#12653 = VECTOR('',#12654,1.);
#12654 = DIRECTION('',(-1.,0.,0.));
#12655 = ORIENTED_EDGE('',*,*,#12656,.T.);
#12656 = EDGE_CURVE('',#12649,#12657,#12659,.T.);
#12657 = VERTEX_POINT('',#12658);
#12658 = CARTESIAN_POINT('',(11.075,-3.29,0.96));
#12659 = LINE('',#12660,#12661);
#12660 = CARTESIAN_POINT('',(11.075,-2.89,0.96));
#12661 = VECTOR('',#12662,1.);
#12662 = DIRECTION('',(0.,-1.,0.));
#12663 = ORIENTED_EDGE('',*,*,#12664,.T.);
#12664 = EDGE_CURVE('',#12657,#12639,#12665,.T.);
#12665 = LINE('',#12666,#12667);
#12666 = CARTESIAN_POINT('',(11.075,-3.29,0.96));
#12667 = VECTOR('',#12668,1.);
#12668 = DIRECTION('',(1.,0.,0.));
#12669 = FACE_BOUND('',#12670,.F.);
#12670 = EDGE_LOOP('',(#12671,#12681,#12689,#12697));
#12671 = ORIENTED_EDGE('',*,*,#12672,.T.);
#12672 = EDGE_CURVE('',#12673,#12675,#12677,.T.);
#12673 = VERTEX_POINT('',#12674);
#12674 = CARTESIAN_POINT('',(13.075,-2.67,0.96));
#12675 = VERTEX_POINT('',#12676);
#12676 = CARTESIAN_POINT('',(13.075,-2.27,0.96));
#12677 = LINE('',#12678,#12679);
#12678 = CARTESIAN_POINT('',(13.075,-2.67,0.96));
#12679 = VECTOR('',#12680,1.);
#12680 = DIRECTION('',(0.,1.,0.));
#12681 = ORIENTED_EDGE('',*,*,#12682,.T.);
#12682 = EDGE_CURVE('',#12675,#12683,#12685,.T.);
#12683 = VERTEX_POINT('',#12684);
#12684 = CARTESIAN_POINT('',(11.075,-2.27,0.96));
#12685 = LINE('',#12686,#12687);
#12686 = CARTESIAN_POINT('',(13.075,-2.27,0.96));
#12687 = VECTOR('',#12688,1.);
#12688 = DIRECTION('',(-1.,0.,0.));
#12689 = ORIENTED_EDGE('',*,*,#12690,.T.);
#12690 = EDGE_CURVE('',#12683,#12691,#12693,.T.);
#12691 = VERTEX_POINT('',#12692);
#12692 = CARTESIAN_POINT('',(11.075,-2.67,0.96));
#12693 = LINE('',#12694,#12695);
#12694 = CARTESIAN_POINT('',(11.075,-2.27,0.96));
#12695 = VECTOR('',#12696,1.);
#12696 = DIRECTION('',(0.,-1.,0.));
#12697 = ORIENTED_EDGE('',*,*,#12698,.T.);
#12698 = EDGE_CURVE('',#12691,#12673,#12699,.T.);
#12699 = LINE('',#12700,#12701);
#12700 = CARTESIAN_POINT('',(11.075,-2.67,0.96));
#12701 = VECTOR('',#12702,1.);
#12702 = DIRECTION('',(1.,0.,0.));
#12703 = FACE_BOUND('',#12704,.F.);
#12704 = EDGE_LOOP('',(#12705,#12715,#12723,#12731));
#12705 = ORIENTED_EDGE('',*,*,#12706,.T.);
#12706 = EDGE_CURVE('',#12707,#12709,#12711,.T.);
#12707 = VERTEX_POINT('',#12708);
#12708 = CARTESIAN_POINT('',(13.075,-2.05,0.96));
#12709 = VERTEX_POINT('',#12710);
#12710 = CARTESIAN_POINT('',(13.075,-1.65,0.96));
#12711 = LINE('',#12712,#12713);
#12712 = CARTESIAN_POINT('',(13.075,-2.05,0.96));
#12713 = VECTOR('',#12714,1.);
#12714 = DIRECTION('',(0.,1.,0.));
#12715 = ORIENTED_EDGE('',*,*,#12716,.T.);
#12716 = EDGE_CURVE('',#12709,#12717,#12719,.T.);
#12717 = VERTEX_POINT('',#12718);
#12718 = CARTESIAN_POINT('',(11.075,-1.65,0.96));
#12719 = LINE('',#12720,#12721);
#12720 = CARTESIAN_POINT('',(13.075,-1.65,0.96));
#12721 = VECTOR('',#12722,1.);
#12722 = DIRECTION('',(-1.,0.,0.));
#12723 = ORIENTED_EDGE('',*,*,#12724,.T.);
#12724 = EDGE_CURVE('',#12717,#12725,#12727,.T.);
#12725 = VERTEX_POINT('',#12726);
#12726 = CARTESIAN_POINT('',(11.075,-2.05,0.96));
#12727 = LINE('',#12728,#12729);
#12728 = CARTESIAN_POINT('',(11.075,-1.65,0.96));
#12729 = VECTOR('',#12730,1.);
#12730 = DIRECTION('',(0.,-1.,0.));
#12731 = ORIENTED_EDGE('',*,*,#12732,.T.);
#12732 = EDGE_CURVE('',#12725,#12707,#12733,.T.);
#12733 = LINE('',#12734,#12735);
#12734 = CARTESIAN_POINT('',(11.075,-2.05,0.96));
#12735 = VECTOR('',#12736,1.);
#12736 = DIRECTION('',(1.,0.,0.));
#12737 = FACE_BOUND('',#12738,.F.);
#12738 = EDGE_LOOP('',(#12739,#12749,#12757,#12765));
#12739 = ORIENTED_EDGE('',*,*,#12740,.T.);
#12740 = EDGE_CURVE('',#12741,#12743,#12745,.T.);
#12741 = VERTEX_POINT('',#12742);
#12742 = CARTESIAN_POINT('',(13.075,-1.43,0.96));
#12743 = VERTEX_POINT('',#12744);
#12744 = CARTESIAN_POINT('',(13.075,-1.03,0.96));
#12745 = LINE('',#12746,#12747);
#12746 = CARTESIAN_POINT('',(13.075,-1.43,0.96));
#12747 = VECTOR('',#12748,1.);
#12748 = DIRECTION('',(0.,1.,0.));
#12749 = ORIENTED_EDGE('',*,*,#12750,.T.);
#12750 = EDGE_CURVE('',#12743,#12751,#12753,.T.);
#12751 = VERTEX_POINT('',#12752);
#12752 = CARTESIAN_POINT('',(11.075,-1.03,0.96));
#12753 = LINE('',#12754,#12755);
#12754 = CARTESIAN_POINT('',(13.075,-1.03,0.96));
#12755 = VECTOR('',#12756,1.);
#12756 = DIRECTION('',(-1.,0.,0.));
#12757 = ORIENTED_EDGE('',*,*,#12758,.T.);
#12758 = EDGE_CURVE('',#12751,#12759,#12761,.T.);
#12759 = VERTEX_POINT('',#12760);
#12760 = CARTESIAN_POINT('',(11.075,-1.43,0.96));
#12761 = LINE('',#12762,#12763);
#12762 = CARTESIAN_POINT('',(11.075,-1.03,0.96));
#12763 = VECTOR('',#12764,1.);
#12764 = DIRECTION('',(0.,-1.,0.));
#12765 = ORIENTED_EDGE('',*,*,#12766,.T.);
#12766 = EDGE_CURVE('',#12759,#12741,#12767,.T.);
#12767 = LINE('',#12768,#12769);
#12768 = CARTESIAN_POINT('',(11.075,-1.43,0.96));
#12769 = VECTOR('',#12770,1.);
#12770 = DIRECTION('',(1.,0.,0.));
#12771 = FACE_BOUND('',#12772,.F.);
#12772 = EDGE_LOOP('',(#12773,#12783,#12791,#12799));
#12773 = ORIENTED_EDGE('',*,*,#12774,.T.);
#12774 = EDGE_CURVE('',#12775,#12777,#12779,.T.);
#12775 = VERTEX_POINT('',#12776);
#12776 = CARTESIAN_POINT('',(13.075,-0.81,0.96));
#12777 = VERTEX_POINT('',#12778);
#12778 = CARTESIAN_POINT('',(13.075,-0.41,0.96));
#12779 = LINE('',#12780,#12781);
#12780 = CARTESIAN_POINT('',(13.075,-0.81,0.96));
#12781 = VECTOR('',#12782,1.);
#12782 = DIRECTION('',(0.,1.,0.));
#12783 = ORIENTED_EDGE('',*,*,#12784,.T.);
#12784 = EDGE_CURVE('',#12777,#12785,#12787,.T.);
#12785 = VERTEX_POINT('',#12786);
#12786 = CARTESIAN_POINT('',(11.075,-0.41,0.96));
#12787 = LINE('',#12788,#12789);
#12788 = CARTESIAN_POINT('',(13.075,-0.41,0.96));
#12789 = VECTOR('',#12790,1.);
#12790 = DIRECTION('',(-1.,0.,0.));
#12791 = ORIENTED_EDGE('',*,*,#12792,.T.);
#12792 = EDGE_CURVE('',#12785,#12793,#12795,.T.);
#12793 = VERTEX_POINT('',#12794);
#12794 = CARTESIAN_POINT('',(11.075,-0.81,0.96));
#12795 = LINE('',#12796,#12797);
#12796 = CARTESIAN_POINT('',(11.075,-0.41,0.96));
#12797 = VECTOR('',#12798,1.);
#12798 = DIRECTION('',(0.,-1.,0.));
#12799 = ORIENTED_EDGE('',*,*,#12800,.T.);
#12800 = EDGE_CURVE('',#12793,#12775,#12801,.T.);
#12801 = LINE('',#12802,#12803);
#12802 = CARTESIAN_POINT('',(11.075,-0.81,0.96));
#12803 = VECTOR('',#12804,1.);
#12804 = DIRECTION('',(1.,0.,0.));
#12805 = PLANE('',#12806);
#12806 = AXIS2_PLACEMENT_3D('',#12807,#12808,#12809);
#12807 = CARTESIAN_POINT('',(0.,0.,0.96));
#12808 = DIRECTION('',(0.,0.,1.));
#12809 = DIRECTION('',(1.,0.,-0.));
#12810 = ( GEOMETRIC_REPRESENTATION_CONTEXT(3) 
GLOBAL_UNCERTAINTY_ASSIGNED_CONTEXT((#12814)) 
GLOBAL_UNIT_ASSIGNED_CONTEXT((#12811,#12812,#12813)) 
REPRESENTATION_CONTEXT('Context #1',
  '3D Context with UNIT and UNCERTAINTY') );
#12811 = ( LENGTH_UNIT() NAMED_UNIT(*) SI_UNIT(.MILLI.,.METRE.) );
#12812 = ( NAMED_UNIT(*) PLANE_ANGLE_UNIT() SI_UNIT($,.RADIAN.) );
#12813 = ( NAMED_UNIT(*) SI_UNIT($,.STERADIAN.) SOLID_ANGLE_UNIT() );
#12814 = UNCERTAINTY_MEASURE_WITH_UNIT(LENGTH_MEASURE(1.E-07),#12811,
  'distance_accuracy_value','confusion accuracy');
#12815 = CONTEXT_DEPENDENT_SHAPE_REPRESENTATION(#12816,#12818);
#12816 = ( REPRESENTATION_RELATIONSHIP('','',#12169,#10) 
REPRESENTATION_RELATIONSHIP_WITH_TRANSFORMATION(#12817) 
SHAPE_REPRESENTATION_RELATIONSHIP() );
#12817 = ITEM_DEFINED_TRANSFORMATION('','',#11,#63);
#12818 = PRODUCT_DEFINITION_SHAPE('Placement','Placement of an item',
  #12819);
#12819 = NEXT_ASSEMBLY_USAGE_OCCURRENCE('19','=>[0:1:1:13]','',#5,#12164
  ,$);
#12820 = PRODUCT_RELATED_PRODUCT_CATEGORY('part',$,(#12166));
#12821 = SHAPE_DEFINITION_REPRESENTATION(#12822,#12828);
#12822 = PRODUCT_DEFINITION_SHAPE('','',#12823);
#12823 = PRODUCT_DEFINITION('design','',#12824,#12827);
#12824 = PRODUCT_DEFINITION_FORMATION('','',#12825);
#12825 = PRODUCT('oled_board_soldermask','oled_board_soldermask','',(
    #12826));
#12826 = PRODUCT_CONTEXT('',#2,'mechanical');
#12827 = PRODUCT_DEFINITION_CONTEXT('part definition',#2,'design');
#12828 = SHAPE_REPRESENTATION('',(#11,#12829,#12859,#12889),#14464);
#12829 = SHELL_BASED_SURFACE_MODEL('',(#12830));
#12830 = OPEN_SHELL('',(#12831));
#12831 = ADVANCED_FACE('',(#12832,#12843),#12854,.T.);
#12832 = FACE_BOUND('',#12833,.F.);
#12833 = EDGE_LOOP('',(#12834));
#12834 = ORIENTED_EDGE('',*,*,#12835,.T.);
#12835 = EDGE_CURVE('',#12836,#12836,#12838,.T.);
#12836 = VERTEX_POINT('',#12837);
#12837 = CARTESIAN_POINT('',(4.404638,-4.55,-5.E-02));
#12838 = CIRCLE('',#12839,1.504638);
#12839 = AXIS2_PLACEMENT_3D('',#12840,#12841,#12842);
#12840 = CARTESIAN_POINT('',(2.9,-4.55,-5.E-02));
#12841 = DIRECTION('',(0.,0.,1.));
#12842 = DIRECTION('',(1.,0.,-0.));
#12843 = FACE_BOUND('',#12844,.T.);
#12844 = EDGE_LOOP('',(#12845));
#12845 = ORIENTED_EDGE('',*,*,#12846,.T.);
#12846 = EDGE_CURVE('',#12847,#12847,#12849,.T.);
#12847 = VERTEX_POINT('',#12848);
#12848 = CARTESIAN_POINT('',(4.4,-4.55,-5.E-02));
#12849 = CIRCLE('',#12850,1.5);
#12850 = AXIS2_PLACEMENT_3D('',#12851,#12852,#12853);
#12851 = CARTESIAN_POINT('',(2.9,-4.55,-5.E-02));
#12852 = DIRECTION('',(0.,0.,1.));
#12853 = DIRECTION('',(1.,0.,-0.));
#12854 = PLANE('',#12855);
#12855 = AXIS2_PLACEMENT_3D('',#12856,#12857,#12858);
#12856 = CARTESIAN_POINT('',(0.,0.,-5.E-02));
#12857 = DIRECTION('',(-0.,-0.,-1.));
#12858 = DIRECTION('',(-1.,0.,0.));
#12859 = SHELL_BASED_SURFACE_MODEL('',(#12860));
#12860 = OPEN_SHELL('',(#12861));
#12861 = ADVANCED_FACE('',(#12862,#12873),#12884,.T.);
#12862 = FACE_BOUND('',#12863,.F.);
#12863 = EDGE_LOOP('',(#12864));
#12864 = ORIENTED_EDGE('',*,*,#12865,.T.);
#12865 = EDGE_CURVE('',#12866,#12866,#12868,.T.);
#12866 = VERTEX_POINT('',#12867);
#12867 = CARTESIAN_POINT('',(35.479638,-4.55,-5.E-02));
#12868 = CIRCLE('',#12869,1.504638);
#12869 = AXIS2_PLACEMENT_3D('',#12870,#12871,#12872);
#12870 = CARTESIAN_POINT('',(33.975,-4.55,-5.E-02));
#12871 = DIRECTION('',(0.,0.,1.));
#12872 = DIRECTION('',(1.,0.,-0.));
#12873 = FACE_BOUND('',#12874,.T.);
#12874 = EDGE_LOOP('',(#12875));
#12875 = ORIENTED_EDGE('',*,*,#12876,.T.);
#12876 = EDGE_CURVE('',#12877,#12877,#12879,.T.);
#12877 = VERTEX_POINT('',#12878);
#12878 = CARTESIAN_POINT('',(35.475,-4.55,-5.E-02));
#12879 = CIRCLE('',#12880,1.5);
#12880 = AXIS2_PLACEMENT_3D('',#12881,#12882,#12883);
#12881 = CARTESIAN_POINT('',(33.975,-4.55,-5.E-02));
#12882 = DIRECTION('',(0.,0.,1.));
#12883 = DIRECTION('',(1.,0.,-0.));
#12884 = PLANE('',#12885);
#12885 = AXIS2_PLACEMENT_3D('',#12886,#12887,#12888);
#12886 = CARTESIAN_POINT('',(0.,0.,-5.E-02));
#12887 = DIRECTION('',(-0.,-0.,-1.));
#12888 = DIRECTION('',(-1.,0.,0.));
#12889 = SHELL_BASED_SURFACE_MODEL('',(#12890));
#12890 = OPEN_SHELL('',(#12891));
#12891 = ADVANCED_FACE('',(#12892,#13026,#13096,#13166,#13236,#13306,
    #13317,#13328,#13398,#13468,#13538,#13608,#13678,#13748,#13818,
    #13888,#13958,#14028,#14098,#14168,#14238,#14308,#14378,#14448),
  #14459,.T.);
#12892 = FACE_BOUND('',#12893,.T.);
#12893 = EDGE_LOOP('',(#12894,#12905,#12913,#12921,#12929,#12938,#12946,
    #12954,#12962,#12971,#12979,#12987,#12995,#13004,#13012,#13020));
#12894 = ORIENTED_EDGE('',*,*,#12895,.T.);
#12895 = EDGE_CURVE('',#12896,#12898,#12900,.T.);
#12896 = VERTEX_POINT('',#12897);
#12897 = CARTESIAN_POINT('',(2.548E-03,-1.857139,-5.E-02));
#12898 = VERTEX_POINT('',#12899);
#12899 = CARTESIAN_POINT('',(1.857139,-2.548E-03,-5.E-02));
#12900 = CIRCLE('',#12901,2.00255313155);
#12901 = AXIS2_PLACEMENT_3D('',#12902,#12903,#12904);
#12902 = CARTESIAN_POINT('',(1.999998899006,-1.999998899006,-5.E-02));
#12903 = DIRECTION('',(0.,0.,-1.));
#12904 = DIRECTION('',(-0.997452136243,7.133888072926E-02,0.));
#12905 = ORIENTED_EDGE('',*,*,#12906,.T.);
#12906 = EDGE_CURVE('',#12898,#12907,#12909,.T.);
#12907 = VERTEX_POINT('',#12908);
#12908 = CARTESIAN_POINT('',(2.,-0.,-5.E-02));
#12909 = LINE('',#12910,#12911);
#12910 = CARTESIAN_POINT('',(1.857139,-2.548E-03,-5.E-02));
#12911 = VECTOR('',#12912,1.);
#12912 = DIRECTION('',(0.999840985078,1.783268232742E-02,0.));
#12913 = ORIENTED_EDGE('',*,*,#12914,.T.);
#12914 = EDGE_CURVE('',#12907,#12915,#12917,.T.);
#12915 = VERTEX_POINT('',#12916);
#12916 = CARTESIAN_POINT('',(34.875,-0.,-5.E-02));
#12917 = LINE('',#12918,#12919);
#12918 = CARTESIAN_POINT('',(2.,-0.,-5.E-02));
#12919 = VECTOR('',#12920,1.);
#12920 = DIRECTION('',(1.,0.,0.));
#12921 = ORIENTED_EDGE('',*,*,#12922,.T.);
#12922 = EDGE_CURVE('',#12915,#12923,#12925,.T.);
#12923 = VERTEX_POINT('',#12924);
#12924 = CARTESIAN_POINT('',(35.017861,-2.548000000001E-03,-5.E-02));
#12925 = LINE('',#12926,#12927);
#12926 = CARTESIAN_POINT('',(34.875,-0.,-5.E-02));
#12927 = VECTOR('',#12928,1.);
#12928 = DIRECTION('',(0.999840985078,-1.783268232742E-02,0.));
#12929 = ORIENTED_EDGE('',*,*,#12930,.T.);
#12930 = EDGE_CURVE('',#12923,#12931,#12933,.T.);
#12931 = VERTEX_POINT('',#12932);
#12932 = CARTESIAN_POINT('',(36.872452,-1.857139,-5.E-02));
#12933 = CIRCLE('',#12934,2.00255313155);
#12934 = AXIS2_PLACEMENT_3D('',#12935,#12936,#12937);
#12935 = CARTESIAN_POINT('',(34.875001100994,-1.999998899006,-5.E-02));
#12936 = DIRECTION('',(0.,0.,-1.));
#12937 = DIRECTION('',(7.133888072925E-02,0.997452136243,0.));
#12938 = ORIENTED_EDGE('',*,*,#12939,.T.);
#12939 = EDGE_CURVE('',#12931,#12940,#12942,.T.);
#12940 = VERTEX_POINT('',#12941);
#12941 = CARTESIAN_POINT('',(36.875,-2.,-5.E-02));
#12942 = LINE('',#12943,#12944);
#12943 = CARTESIAN_POINT('',(36.872452,-1.857139,-5.E-02));
#12944 = VECTOR('',#12945,1.);
#12945 = DIRECTION('',(1.78326823274E-02,-0.999840985078,0.));
#12946 = ORIENTED_EDGE('',*,*,#12947,.T.);
#12947 = EDGE_CURVE('',#12940,#12948,#12950,.T.);
#12948 = VERTEX_POINT('',#12949);
#12949 = CARTESIAN_POINT('',(36.875,-7.1,-5.E-02));
#12950 = LINE('',#12951,#12952);
#12951 = CARTESIAN_POINT('',(36.875,-2.,-5.E-02));
#12952 = VECTOR('',#12953,1.);
#12953 = DIRECTION('',(0.,-1.,0.));
#12954 = ORIENTED_EDGE('',*,*,#12955,.T.);
#12955 = EDGE_CURVE('',#12948,#12956,#12958,.T.);
#12956 = VERTEX_POINT('',#12957);
#12957 = CARTESIAN_POINT('',(36.872452,-7.242861,-5.E-02));
#12958 = LINE('',#12959,#12960);
#12959 = CARTESIAN_POINT('',(36.875,-7.1,-5.E-02));
#12960 = VECTOR('',#12961,1.);
#12961 = DIRECTION('',(-1.78326823274E-02,-0.999840985078,0.));
#12962 = ORIENTED_EDGE('',*,*,#12963,.T.);
#12963 = EDGE_CURVE('',#12956,#12964,#12966,.T.);
#12964 = VERTEX_POINT('',#12965);
#12965 = CARTESIAN_POINT('',(35.017861,-9.097452,-5.E-02));
#12966 = CIRCLE('',#12967,2.00255313155);
#12967 = AXIS2_PLACEMENT_3D('',#12968,#12969,#12970);
#12968 = CARTESIAN_POINT('',(34.875001100994,-7.100001100994,-5.E-02));
#12969 = DIRECTION('',(0.,0.,-1.));
#12970 = DIRECTION('',(0.997452136243,-7.133888072926E-02,0.));
#12971 = ORIENTED_EDGE('',*,*,#12972,.T.);
#12972 = EDGE_CURVE('',#12964,#12973,#12975,.T.);
#12973 = VERTEX_POINT('',#12974);
#12974 = CARTESIAN_POINT('',(34.875,-9.1,-5.E-02));
#12975 = LINE('',#12976,#12977);
#12976 = CARTESIAN_POINT('',(35.017861,-9.097452,-5.E-02));
#12977 = VECTOR('',#12978,1.);
#12978 = DIRECTION('',(-0.999840985078,-1.783268232742E-02,0.));
#12979 = ORIENTED_EDGE('',*,*,#12980,.T.);
#12980 = EDGE_CURVE('',#12973,#12981,#12983,.T.);
#12981 = VERTEX_POINT('',#12982);
#12982 = CARTESIAN_POINT('',(2.,-9.1,-5.E-02));
#12983 = LINE('',#12984,#12985);
#12984 = CARTESIAN_POINT('',(34.875,-9.1,-5.E-02));
#12985 = VECTOR('',#12986,1.);
#12986 = DIRECTION('',(-1.,0.,0.));
#12987 = ORIENTED_EDGE('',*,*,#12988,.T.);
#12988 = EDGE_CURVE('',#12981,#12989,#12991,.T.);
#12989 = VERTEX_POINT('',#12990);
#12990 = CARTESIAN_POINT('',(1.857139,-9.097452,-5.E-02));
#12991 = LINE('',#12992,#12993);
#12992 = CARTESIAN_POINT('',(2.,-9.1,-5.E-02));
#12993 = VECTOR('',#12994,1.);
#12994 = DIRECTION('',(-0.999840985078,1.783268232742E-02,0.));
#12995 = ORIENTED_EDGE('',*,*,#12996,.T.);
#12996 = EDGE_CURVE('',#12989,#12997,#12999,.T.);
#12997 = VERTEX_POINT('',#12998);
#12998 = CARTESIAN_POINT('',(2.548E-03,-7.242861,-5.E-02));
#12999 = CIRCLE('',#13000,2.00255313155);
#13000 = AXIS2_PLACEMENT_3D('',#13001,#13002,#13003);
#13001 = CARTESIAN_POINT('',(1.999998899006,-7.100001100994,-5.E-02));
#13002 = DIRECTION('',(0.,0.,-1.));
#13003 = DIRECTION('',(-7.133888072926E-02,-0.997452136243,-0.));
#13004 = ORIENTED_EDGE('',*,*,#13005,.T.);
#13005 = EDGE_CURVE('',#12997,#13006,#13008,.T.);
#13006 = VERTEX_POINT('',#13007);
#13007 = CARTESIAN_POINT('',(0.,-7.1,-5.E-02));
#13008 = LINE('',#13009,#13010);
#13009 = CARTESIAN_POINT('',(2.548E-03,-7.242861,-5.E-02));
#13010 = VECTOR('',#13011,1.);
#13011 = DIRECTION('',(-1.783268232742E-02,0.999840985078,0.));
#13012 = ORIENTED_EDGE('',*,*,#13013,.T.);
#13013 = EDGE_CURVE('',#13006,#13014,#13016,.T.);
#13014 = VERTEX_POINT('',#13015);
#13015 = CARTESIAN_POINT('',(0.,-2.,-5.E-02));
#13016 = LINE('',#13017,#13018);
#13017 = CARTESIAN_POINT('',(0.,-7.1,-5.E-02));
#13018 = VECTOR('',#13019,1.);
#13019 = DIRECTION('',(0.,1.,0.));
#13020 = ORIENTED_EDGE('',*,*,#13021,.T.);
#13021 = EDGE_CURVE('',#13014,#12896,#13022,.T.);
#13022 = LINE('',#13023,#13024);
#13023 = CARTESIAN_POINT('',(0.,-2.,-5.E-02));
#13024 = VECTOR('',#13025,1.);
#13025 = DIRECTION('',(1.783268232742E-02,0.999840985078,0.));
#13026 = FACE_BOUND('',#13027,.T.);
#13027 = EDGE_LOOP('',(#13028,#13039,#13047,#13056,#13064,#13073,#13081,
    #13090));
#13028 = ORIENTED_EDGE('',*,*,#13029,.T.);
#13029 = EDGE_CURVE('',#13030,#13032,#13034,.T.);
#13030 = VERTEX_POINT('',#13031);
#13031 = CARTESIAN_POINT('',(16.5,-6.95,-5.E-02));
#13032 = VERTEX_POINT('',#13033);
#13033 = CARTESIAN_POINT('',(16.275,-6.725,-5.E-02));
#13034 = CIRCLE('',#13035,0.225000087974);
#13035 = AXIS2_PLACEMENT_3D('',#13036,#13037,#13038);
#13036 = CARTESIAN_POINT('',(16.274999912026,-6.950000087974,-5.E-02));
#13037 = DIRECTION('',(0.,0.,1.));
#13038 = DIRECTION('',(1.,3.909953734488E-07,-0.));
#13039 = ORIENTED_EDGE('',*,*,#13040,.T.);
#13040 = EDGE_CURVE('',#13032,#13041,#13043,.T.);
#13041 = VERTEX_POINT('',#13042);
#13042 = CARTESIAN_POINT('',(15.825,-6.725,-5.E-02));
#13043 = LINE('',#13044,#13045);
#13044 = CARTESIAN_POINT('',(16.275,-6.725,-5.E-02));
#13045 = VECTOR('',#13046,1.);
#13046 = DIRECTION('',(-1.,0.,0.));
#13047 = ORIENTED_EDGE('',*,*,#13048,.T.);
#13048 = EDGE_CURVE('',#13041,#13049,#13051,.T.);
#13049 = VERTEX_POINT('',#13050);
#13050 = CARTESIAN_POINT('',(15.6,-6.95,-5.E-02));
#13051 = CIRCLE('',#13052,0.225000087974);
#13052 = AXIS2_PLACEMENT_3D('',#13053,#13054,#13055);
#13053 = CARTESIAN_POINT('',(15.825000087974,-6.950000087974,-5.E-02));
#13054 = DIRECTION('',(0.,0.,1.));
#13055 = DIRECTION('',(-3.909953695014E-07,1.,0.));
#13056 = ORIENTED_EDGE('',*,*,#13057,.T.);
#13057 = EDGE_CURVE('',#13049,#13058,#13060,.T.);
#13058 = VERTEX_POINT('',#13059);
#13059 = CARTESIAN_POINT('',(15.6,-7.45,-5.E-02));
#13060 = LINE('',#13061,#13062);
#13061 = CARTESIAN_POINT('',(15.6,-6.95,-5.E-02));
#13062 = VECTOR('',#13063,1.);
#13063 = DIRECTION('',(0.,-1.,0.));
#13064 = ORIENTED_EDGE('',*,*,#13065,.T.);
#13065 = EDGE_CURVE('',#13058,#13066,#13068,.T.);
#13066 = VERTEX_POINT('',#13067);
#13067 = CARTESIAN_POINT('',(15.825,-7.675,-5.E-02));
#13068 = CIRCLE('',#13069,0.225000087974);
#13069 = AXIS2_PLACEMENT_3D('',#13070,#13071,#13072);
#13070 = CARTESIAN_POINT('',(15.825000087974,-7.449999912026,-5.E-02));
#13071 = DIRECTION('',(0.,0.,1.));
#13072 = DIRECTION('',(-1.,-3.909953695014E-07,0.));
#13073 = ORIENTED_EDGE('',*,*,#13074,.T.);
#13074 = EDGE_CURVE('',#13066,#13075,#13077,.T.);
#13075 = VERTEX_POINT('',#13076);
#13076 = CARTESIAN_POINT('',(16.275,-7.675,-5.E-02));
#13077 = LINE('',#13078,#13079);
#13078 = CARTESIAN_POINT('',(15.825,-7.675,-5.E-02));
#13079 = VECTOR('',#13080,1.);
#13080 = DIRECTION('',(1.,0.,0.));
#13081 = ORIENTED_EDGE('',*,*,#13082,.T.);
#13082 = EDGE_CURVE('',#13075,#13083,#13085,.T.);
#13083 = VERTEX_POINT('',#13084);
#13084 = CARTESIAN_POINT('',(16.5,-7.45,-5.E-02));
#13085 = CIRCLE('',#13086,0.225000087974);
#13086 = AXIS2_PLACEMENT_3D('',#13087,#13088,#13089);
#13087 = CARTESIAN_POINT('',(16.274999912026,-7.449999912026,-5.E-02));
#13088 = DIRECTION('',(0.,0.,1.));
#13089 = DIRECTION('',(3.909953773963E-07,-1.,0.));
#13090 = ORIENTED_EDGE('',*,*,#13091,.T.);
#13091 = EDGE_CURVE('',#13083,#13030,#13092,.T.);
#13092 = LINE('',#13093,#13094);
#13093 = CARTESIAN_POINT('',(16.5,-7.45,-5.E-02));
#13094 = VECTOR('',#13095,1.);
#13095 = DIRECTION('',(0.,1.,0.));
#13096 = FACE_BOUND('',#13097,.T.);
#13097 = EDGE_LOOP('',(#13098,#13109,#13117,#13126,#13134,#13143,#13151,
    #13160));
#13098 = ORIENTED_EDGE('',*,*,#13099,.T.);
#13099 = EDGE_CURVE('',#13100,#13102,#13104,.T.);
#13100 = VERTEX_POINT('',#13101);
#13101 = CARTESIAN_POINT('',(18.05,-6.95,-5.E-02));
#13102 = VERTEX_POINT('',#13103);
#13103 = CARTESIAN_POINT('',(17.825,-6.725,-5.E-02));
#13104 = CIRCLE('',#13105,0.225000087974);
#13105 = AXIS2_PLACEMENT_3D('',#13106,#13107,#13108);
#13106 = CARTESIAN_POINT('',(17.824999912026,-6.950000087974,-5.E-02));
#13107 = DIRECTION('',(0.,0.,1.));
#13108 = DIRECTION('',(1.,3.90995357659E-07,-0.));
#13109 = ORIENTED_EDGE('',*,*,#13110,.T.);
#13110 = EDGE_CURVE('',#13102,#13111,#13113,.T.);
#13111 = VERTEX_POINT('',#13112);
#13112 = CARTESIAN_POINT('',(17.375,-6.725,-5.E-02));
#13113 = LINE('',#13114,#13115);
#13114 = CARTESIAN_POINT('',(17.825,-6.725,-5.E-02));
#13115 = VECTOR('',#13116,1.);
#13116 = DIRECTION('',(-1.,0.,0.));
#13117 = ORIENTED_EDGE('',*,*,#13118,.T.);
#13118 = EDGE_CURVE('',#13111,#13119,#13121,.T.);
#13119 = VERTEX_POINT('',#13120);
#13120 = CARTESIAN_POINT('',(17.15,-6.95,-5.E-02));
#13121 = CIRCLE('',#13122,0.225000087974);
#13122 = AXIS2_PLACEMENT_3D('',#13123,#13124,#13125);
#13123 = CARTESIAN_POINT('',(17.375000087974,-6.950000087974,-5.E-02));
#13124 = DIRECTION('',(0.,0.,1.));
#13125 = DIRECTION('',(-3.909953773963E-07,1.,0.));
#13126 = ORIENTED_EDGE('',*,*,#13127,.T.);
#13127 = EDGE_CURVE('',#13119,#13128,#13130,.T.);
#13128 = VERTEX_POINT('',#13129);
#13129 = CARTESIAN_POINT('',(17.15,-7.45,-5.E-02));
#13130 = LINE('',#13131,#13132);
#13131 = CARTESIAN_POINT('',(17.15,-6.95,-5.E-02));
#13132 = VECTOR('',#13133,1.);
#13133 = DIRECTION('',(0.,-1.,0.));
#13134 = ORIENTED_EDGE('',*,*,#13135,.T.);
#13135 = EDGE_CURVE('',#13128,#13136,#13138,.T.);
#13136 = VERTEX_POINT('',#13137);
#13137 = CARTESIAN_POINT('',(17.375,-7.675,-5.E-02));
#13138 = CIRCLE('',#13139,0.225000087974);
#13139 = AXIS2_PLACEMENT_3D('',#13140,#13141,#13142);
#13140 = CARTESIAN_POINT('',(17.375000087974,-7.449999912026,-5.E-02));
#13141 = DIRECTION('',(0.,0.,1.));
#13142 = DIRECTION('',(-1.,-3.909953734488E-07,0.));
#13143 = ORIENTED_EDGE('',*,*,#13144,.T.);
#13144 = EDGE_CURVE('',#13136,#13145,#13147,.T.);
#13145 = VERTEX_POINT('',#13146);
#13146 = CARTESIAN_POINT('',(17.825,-7.675,-5.E-02));
#13147 = LINE('',#13148,#13149);
#13148 = CARTESIAN_POINT('',(17.375,-7.675,-5.E-02));
#13149 = VECTOR('',#13150,1.);
#13150 = DIRECTION('',(1.,0.,0.));
#13151 = ORIENTED_EDGE('',*,*,#13152,.T.);
#13152 = EDGE_CURVE('',#13145,#13153,#13155,.T.);
#13153 = VERTEX_POINT('',#13154);
#13154 = CARTESIAN_POINT('',(18.05,-7.45,-5.E-02));
#13155 = CIRCLE('',#13156,0.225000087974);
#13156 = AXIS2_PLACEMENT_3D('',#13157,#13158,#13159);
#13157 = CARTESIAN_POINT('',(17.824999912026,-7.449999912026,-5.E-02));
#13158 = DIRECTION('',(0.,0.,1.));
#13159 = DIRECTION('',(3.909953458166E-07,-1.,0.));
#13160 = ORIENTED_EDGE('',*,*,#13161,.T.);
#13161 = EDGE_CURVE('',#13153,#13100,#13162,.T.);
#13162 = LINE('',#13163,#13164);
#13163 = CARTESIAN_POINT('',(18.05,-7.45,-5.E-02));
#13164 = VECTOR('',#13165,1.);
#13165 = DIRECTION('',(0.,1.,0.));
#13166 = FACE_BOUND('',#13167,.T.);
#13167 = EDGE_LOOP('',(#13168,#13179,#13187,#13196,#13204,#13213,#13221,
    #13230));
#13168 = ORIENTED_EDGE('',*,*,#13169,.T.);
#13169 = EDGE_CURVE('',#13170,#13172,#13174,.T.);
#13170 = VERTEX_POINT('',#13171);
#13171 = CARTESIAN_POINT('',(19.525,-6.925,-5.E-02));
#13172 = VERTEX_POINT('',#13173);
#13173 = CARTESIAN_POINT('',(19.325,-6.725,-5.E-02));
#13174 = CIRCLE('',#13175,0.200001216283);
#13175 = AXIS2_PLACEMENT_3D('',#13176,#13177,#13178);
#13176 = CARTESIAN_POINT('',(19.324998783721,-6.925001216279,-5.E-02));
#13177 = DIRECTION('',(0.,0.,1.));
#13178 = DIRECTION('',(0.999999999982,6.081358919149E-06,-0.));
#13179 = ORIENTED_EDGE('',*,*,#13180,.T.);
#13180 = EDGE_CURVE('',#13172,#13181,#13183,.T.);
#13181 = VERTEX_POINT('',#13182);
#13182 = CARTESIAN_POINT('',(18.925,-6.725,-5.E-02));
#13183 = LINE('',#13184,#13185);
#13184 = CARTESIAN_POINT('',(19.325,-6.725,-5.E-02));
#13185 = VECTOR('',#13186,1.);
#13186 = DIRECTION('',(-1.,0.,0.));
#13187 = ORIENTED_EDGE('',*,*,#13188,.T.);
#13188 = EDGE_CURVE('',#13181,#13189,#13191,.T.);
#13189 = VERTEX_POINT('',#13190);
#13190 = CARTESIAN_POINT('',(18.725,-6.925,-5.E-02));
#13191 = CIRCLE('',#13192,0.200001216283);
#13192 = AXIS2_PLACEMENT_3D('',#13193,#13194,#13195);
#13193 = CARTESIAN_POINT('',(18.925001216279,-6.925001216279,-5.E-02));
#13194 = DIRECTION('',(0.,0.,1.));
#13195 = DIRECTION('',(-6.081358919149E-06,0.999999999982,0.));
#13196 = ORIENTED_EDGE('',*,*,#13197,.T.);
#13197 = EDGE_CURVE('',#13189,#13198,#13200,.T.);
#13198 = VERTEX_POINT('',#13199);
#13199 = CARTESIAN_POINT('',(18.725,-7.475,-5.E-02));
#13200 = LINE('',#13201,#13202);
#13201 = CARTESIAN_POINT('',(18.725,-6.925,-5.E-02));
#13202 = VECTOR('',#13203,1.);
#13203 = DIRECTION('',(0.,-1.,0.));
#13204 = ORIENTED_EDGE('',*,*,#13205,.T.);
#13205 = EDGE_CURVE('',#13198,#13206,#13208,.T.);
#13206 = VERTEX_POINT('',#13207);
#13207 = CARTESIAN_POINT('',(18.925,-7.675,-5.E-02));
#13208 = CIRCLE('',#13209,0.200001216283);
#13209 = AXIS2_PLACEMENT_3D('',#13210,#13211,#13212);
#13210 = CARTESIAN_POINT('',(18.925001216279,-7.474998783721,-5.E-02));
#13211 = DIRECTION('',(0.,0.,1.));
#13212 = DIRECTION('',(-0.999999999982,-6.081358910268E-06,0.));
#13213 = ORIENTED_EDGE('',*,*,#13214,.T.);
#13214 = EDGE_CURVE('',#13206,#13215,#13217,.T.);
#13215 = VERTEX_POINT('',#13216);
#13216 = CARTESIAN_POINT('',(19.325,-7.675,-5.E-02));
#13217 = LINE('',#13218,#13219);
#13218 = CARTESIAN_POINT('',(18.925,-7.675,-5.E-02));
#13219 = VECTOR('',#13220,1.);
#13220 = DIRECTION('',(1.,0.,0.));
#13221 = ORIENTED_EDGE('',*,*,#13222,.T.);
#13222 = EDGE_CURVE('',#13215,#13223,#13225,.T.);
#13223 = VERTEX_POINT('',#13224);
#13224 = CARTESIAN_POINT('',(19.525,-7.475,-5.E-02));
#13225 = CIRCLE('',#13226,0.200001216283);
#13226 = AXIS2_PLACEMENT_3D('',#13227,#13228,#13229);
#13227 = CARTESIAN_POINT('',(19.324998783721,-7.474998783721,-5.E-02));
#13228 = DIRECTION('',(0.,0.,1.));
#13229 = DIRECTION('',(6.081358919149E-06,-0.999999999982,0.));
#13230 = ORIENTED_EDGE('',*,*,#13231,.T.);
#13231 = EDGE_CURVE('',#13223,#13170,#13232,.T.);
#13232 = LINE('',#13233,#13234);
#13233 = CARTESIAN_POINT('',(19.525,-7.475,-5.E-02));
#13234 = VECTOR('',#13235,1.);
#13235 = DIRECTION('',(0.,1.,0.));
#13236 = FACE_BOUND('',#13237,.T.);
#13237 = EDGE_LOOP('',(#13238,#13249,#13257,#13266,#13274,#13283,#13291,
    #13300));
#13238 = ORIENTED_EDGE('',*,*,#13239,.T.);
#13239 = EDGE_CURVE('',#13240,#13242,#13244,.T.);
#13240 = VERTEX_POINT('',#13241);
#13241 = CARTESIAN_POINT('',(21.175,-6.925,-5.E-02));
#13242 = VERTEX_POINT('',#13243);
#13243 = CARTESIAN_POINT('',(20.975,-6.725,-5.E-02));
#13244 = CIRCLE('',#13245,0.200001216283);
#13245 = AXIS2_PLACEMENT_3D('',#13246,#13247,#13248);
#13246 = CARTESIAN_POINT('',(20.974998783721,-6.925001216279,-5.E-02));
#13247 = DIRECTION('',(0.,0.,1.));
#13248 = DIRECTION('',(0.999999999982,6.081358945794E-06,-0.));
#13249 = ORIENTED_EDGE('',*,*,#13250,.T.);
#13250 = EDGE_CURVE('',#13242,#13251,#13253,.T.);
#13251 = VERTEX_POINT('',#13252);
#13252 = CARTESIAN_POINT('',(20.575,-6.725,-5.E-02));
#13253 = LINE('',#13254,#13255);
#13254 = CARTESIAN_POINT('',(20.975,-6.725,-5.E-02));
#13255 = VECTOR('',#13256,1.);
#13256 = DIRECTION('',(-1.,0.,0.));
#13257 = ORIENTED_EDGE('',*,*,#13258,.T.);
#13258 = EDGE_CURVE('',#13251,#13259,#13261,.T.);
#13259 = VERTEX_POINT('',#13260);
#13260 = CARTESIAN_POINT('',(20.375,-6.925,-5.E-02));
#13261 = CIRCLE('',#13262,0.200001216283);
#13262 = AXIS2_PLACEMENT_3D('',#13263,#13264,#13265);
#13263 = CARTESIAN_POINT('',(20.575001216279,-6.925001216279,-5.E-02));
#13264 = DIRECTION('',(0.,0.,1.));
#13265 = DIRECTION('',(-6.081358936913E-06,0.999999999982,0.));
#13266 = ORIENTED_EDGE('',*,*,#13267,.T.);
#13267 = EDGE_CURVE('',#13259,#13268,#13270,.T.);
#13268 = VERTEX_POINT('',#13269);
#13269 = CARTESIAN_POINT('',(20.375,-7.475,-5.E-02));
#13270 = LINE('',#13271,#13272);
#13271 = CARTESIAN_POINT('',(20.375,-6.925,-5.E-02));
#13272 = VECTOR('',#13273,1.);
#13273 = DIRECTION('',(0.,-1.,0.));
#13274 = ORIENTED_EDGE('',*,*,#13275,.T.);
#13275 = EDGE_CURVE('',#13268,#13276,#13278,.T.);
#13276 = VERTEX_POINT('',#13277);
#13277 = CARTESIAN_POINT('',(20.575,-7.675,-5.E-02));
#13278 = CIRCLE('',#13279,0.200001216283);
#13279 = AXIS2_PLACEMENT_3D('',#13280,#13281,#13282);
#13280 = CARTESIAN_POINT('',(20.575001216279,-7.474998783721,-5.E-02));
#13281 = DIRECTION('',(0.,0.,1.));
#13282 = DIRECTION('',(-0.999999999982,-6.081358932472E-06,0.));
#13283 = ORIENTED_EDGE('',*,*,#13284,.T.);
#13284 = EDGE_CURVE('',#13276,#13285,#13287,.T.);
#13285 = VERTEX_POINT('',#13286);
#13286 = CARTESIAN_POINT('',(20.975,-7.675,-5.E-02));
#13287 = LINE('',#13288,#13289);
#13288 = CARTESIAN_POINT('',(20.575,-7.675,-5.E-02));
#13289 = VECTOR('',#13290,1.);
#13290 = DIRECTION('',(1.,0.,0.));
#13291 = ORIENTED_EDGE('',*,*,#13292,.T.);
#13292 = EDGE_CURVE('',#13285,#13293,#13295,.T.);
#13293 = VERTEX_POINT('',#13294);
#13294 = CARTESIAN_POINT('',(21.175,-7.475,-5.E-02));
#13295 = CIRCLE('',#13296,0.200001216283);
#13296 = AXIS2_PLACEMENT_3D('',#13297,#13298,#13299);
#13297 = CARTESIAN_POINT('',(20.974998783721,-7.474998783721,-5.E-02));
#13298 = DIRECTION('',(0.,0.,1.));
#13299 = DIRECTION('',(6.081358954676E-06,-0.999999999982,0.));
#13300 = ORIENTED_EDGE('',*,*,#13301,.T.);
#13301 = EDGE_CURVE('',#13293,#13240,#13302,.T.);
#13302 = LINE('',#13303,#13304);
#13303 = CARTESIAN_POINT('',(21.175,-7.475,-5.E-02));
#13304 = VECTOR('',#13305,1.);
#13305 = DIRECTION('',(0.,1.,0.));
#13306 = FACE_BOUND('',#13307,.T.);
#13307 = EDGE_LOOP('',(#13308));
#13308 = ORIENTED_EDGE('',*,*,#13309,.T.);
#13309 = EDGE_CURVE('',#13310,#13310,#13312,.T.);
#13310 = VERTEX_POINT('',#13311);
#13311 = CARTESIAN_POINT('',(5.549999,-4.55,-5.E-02));
#13312 = CIRCLE('',#13313,2.649999);
#13313 = AXIS2_PLACEMENT_3D('',#13314,#13315,#13316);
#13314 = CARTESIAN_POINT('',(2.9,-4.55,-5.E-02));
#13315 = DIRECTION('',(0.,0.,1.));
#13316 = DIRECTION('',(1.,0.,-0.));
#13317 = FACE_BOUND('',#13318,.T.);
#13318 = EDGE_LOOP('',(#13319));
#13319 = ORIENTED_EDGE('',*,*,#13320,.T.);
#13320 = EDGE_CURVE('',#13321,#13321,#13323,.T.);
#13321 = VERTEX_POINT('',#13322);
#13322 = CARTESIAN_POINT('',(36.624999,-4.55,-5.E-02));
#13323 = CIRCLE('',#13324,2.649999);
#13324 = AXIS2_PLACEMENT_3D('',#13325,#13326,#13327);
#13325 = CARTESIAN_POINT('',(33.975,-4.55,-5.E-02));
#13326 = DIRECTION('',(0.,0.,1.));
#13327 = DIRECTION('',(1.,0.,-0.));
#13328 = FACE_BOUND('',#13329,.T.);
#13329 = EDGE_LOOP('',(#13330,#13341,#13349,#13358,#13366,#13375,#13383,
    #13392));
#13330 = ORIENTED_EDGE('',*,*,#13331,.T.);
#13331 = EDGE_CURVE('',#13332,#13334,#13336,.T.);
#13332 = VERTEX_POINT('',#13333);
#13333 = CARTESIAN_POINT('',(11.15,-6.25,-5.E-02));
#13334 = VERTEX_POINT('',#13335);
#13335 = CARTESIAN_POINT('',(10.925,-6.025,-5.E-02));
#13336 = CIRCLE('',#13337,0.225000087974);
#13337 = AXIS2_PLACEMENT_3D('',#13338,#13339,#13340);
#13338 = CARTESIAN_POINT('',(10.924999912026,-6.250000087974,-5.E-02));
#13339 = DIRECTION('',(0.,0.,1.));
#13340 = DIRECTION('',(1.,3.90995357659E-07,-0.));
#13341 = ORIENTED_EDGE('',*,*,#13342,.T.);
#13342 = EDGE_CURVE('',#13334,#13343,#13345,.T.);
#13343 = VERTEX_POINT('',#13344);
#13344 = CARTESIAN_POINT('',(10.425,-6.025,-5.E-02));
#13345 = LINE('',#13346,#13347);
#13346 = CARTESIAN_POINT('',(10.925,-6.025,-5.E-02));
#13347 = VECTOR('',#13348,1.);
#13348 = DIRECTION('',(-1.,0.,0.));
#13349 = ORIENTED_EDGE('',*,*,#13350,.T.);
#13350 = EDGE_CURVE('',#13343,#13351,#13353,.T.);
#13351 = VERTEX_POINT('',#13352);
#13352 = CARTESIAN_POINT('',(10.2,-6.25,-5.E-02));
#13353 = CIRCLE('',#13354,0.225000087974);
#13354 = AXIS2_PLACEMENT_3D('',#13355,#13356,#13357);
#13355 = CARTESIAN_POINT('',(10.425000087974,-6.250000087974,-5.E-02));
#13356 = DIRECTION('',(0.,0.,1.));
#13357 = DIRECTION('',(-3.909953537115E-07,1.,0.));
#13358 = ORIENTED_EDGE('',*,*,#13359,.T.);
#13359 = EDGE_CURVE('',#13351,#13360,#13362,.T.);
#13360 = VERTEX_POINT('',#13361);
#13361 = CARTESIAN_POINT('',(10.2,-6.7,-5.E-02));
#13362 = LINE('',#13363,#13364);
#13363 = CARTESIAN_POINT('',(10.2,-6.25,-5.E-02));
#13364 = VECTOR('',#13365,1.);
#13365 = DIRECTION('',(0.,-1.,0.));
#13366 = ORIENTED_EDGE('',*,*,#13367,.T.);
#13367 = EDGE_CURVE('',#13360,#13368,#13370,.T.);
#13368 = VERTEX_POINT('',#13369);
#13369 = CARTESIAN_POINT('',(10.425,-6.925,-5.E-02));
#13370 = CIRCLE('',#13371,0.225000087974);
#13371 = AXIS2_PLACEMENT_3D('',#13372,#13373,#13374);
#13372 = CARTESIAN_POINT('',(10.425000087974,-6.699999912026,-5.E-02));
#13373 = DIRECTION('',(0.,0.,1.));
#13374 = DIRECTION('',(-1.,-3.909953655539E-07,0.));
#13375 = ORIENTED_EDGE('',*,*,#13376,.T.);
#13376 = EDGE_CURVE('',#13368,#13377,#13379,.T.);
#13377 = VERTEX_POINT('',#13378);
#13378 = CARTESIAN_POINT('',(10.925,-6.925,-5.E-02));
#13379 = LINE('',#13380,#13381);
#13380 = CARTESIAN_POINT('',(10.425,-6.925,-5.E-02));
#13381 = VECTOR('',#13382,1.);
#13382 = DIRECTION('',(1.,0.,0.));
#13383 = ORIENTED_EDGE('',*,*,#13384,.T.);
#13384 = EDGE_CURVE('',#13377,#13385,#13387,.T.);
#13385 = VERTEX_POINT('',#13386);
#13386 = CARTESIAN_POINT('',(11.15,-6.7,-5.E-02));
#13387 = CIRCLE('',#13388,0.225000087974);
#13388 = AXIS2_PLACEMENT_3D('',#13389,#13390,#13391);
#13389 = CARTESIAN_POINT('',(10.924999912026,-6.699999912026,-5.E-02));
#13390 = DIRECTION('',(0.,0.,1.));
#13391 = DIRECTION('',(3.909953695014E-07,-1.,0.));
#13392 = ORIENTED_EDGE('',*,*,#13393,.T.);
#13393 = EDGE_CURVE('',#13385,#13332,#13394,.T.);
#13394 = LINE('',#13395,#13396);
#13395 = CARTESIAN_POINT('',(11.15,-6.7,-5.E-02));
#13396 = VECTOR('',#13397,1.);
#13397 = DIRECTION('',(0.,1.,0.));
#13398 = FACE_BOUND('',#13399,.T.);
#13399 = EDGE_LOOP('',(#13400,#13411,#13419,#13428,#13436,#13445,#13453,
    #13462));
#13400 = ORIENTED_EDGE('',*,*,#13401,.T.);
#13401 = EDGE_CURVE('',#13402,#13404,#13406,.T.);
#13402 = VERTEX_POINT('',#13403);
#13403 = CARTESIAN_POINT('',(12.65,-6.25,-5.E-02));
#13404 = VERTEX_POINT('',#13405);
#13405 = CARTESIAN_POINT('',(12.425,-6.025,-5.E-02));
#13406 = CIRCLE('',#13407,0.225000087974);
#13407 = AXIS2_PLACEMENT_3D('',#13408,#13409,#13410);
#13408 = CARTESIAN_POINT('',(12.424999912026,-6.250000087974,-5.E-02));
#13409 = DIRECTION('',(0.,0.,1.));
#13410 = DIRECTION('',(1.,3.90995357659E-07,-0.));
#13411 = ORIENTED_EDGE('',*,*,#13412,.T.);
#13412 = EDGE_CURVE('',#13404,#13413,#13415,.T.);
#13413 = VERTEX_POINT('',#13414);
#13414 = CARTESIAN_POINT('',(11.925,-6.025,-5.E-02));
#13415 = LINE('',#13416,#13417);
#13416 = CARTESIAN_POINT('',(12.425,-6.025,-5.E-02));
#13417 = VECTOR('',#13418,1.);
#13418 = DIRECTION('',(-1.,0.,0.));
#13419 = ORIENTED_EDGE('',*,*,#13420,.T.);
#13420 = EDGE_CURVE('',#13413,#13421,#13423,.T.);
#13421 = VERTEX_POINT('',#13422);
#13422 = CARTESIAN_POINT('',(11.7,-6.25,-5.E-02));
#13423 = CIRCLE('',#13424,0.225000087974);
#13424 = AXIS2_PLACEMENT_3D('',#13425,#13426,#13427);
#13425 = CARTESIAN_POINT('',(11.925000087974,-6.250000087974,-5.E-02));
#13426 = DIRECTION('',(0.,0.,1.));
#13427 = DIRECTION('',(-3.909953537115E-07,1.,0.));
#13428 = ORIENTED_EDGE('',*,*,#13429,.T.);
#13429 = EDGE_CURVE('',#13421,#13430,#13432,.T.);
#13430 = VERTEX_POINT('',#13431);
#13431 = CARTESIAN_POINT('',(11.7,-6.7,-5.E-02));
#13432 = LINE('',#13433,#13434);
#13433 = CARTESIAN_POINT('',(11.7,-6.25,-5.E-02));
#13434 = VECTOR('',#13435,1.);
#13435 = DIRECTION('',(0.,-1.,0.));
#13436 = ORIENTED_EDGE('',*,*,#13437,.T.);
#13437 = EDGE_CURVE('',#13430,#13438,#13440,.T.);
#13438 = VERTEX_POINT('',#13439);
#13439 = CARTESIAN_POINT('',(11.925,-6.925,-5.E-02));
#13440 = CIRCLE('',#13441,0.225000087974);
#13441 = AXIS2_PLACEMENT_3D('',#13442,#13443,#13444);
#13442 = CARTESIAN_POINT('',(11.925000087974,-6.699999912026,-5.E-02));
#13443 = DIRECTION('',(0.,0.,1.));
#13444 = DIRECTION('',(-1.,-3.909953655539E-07,0.));
#13445 = ORIENTED_EDGE('',*,*,#13446,.T.);
#13446 = EDGE_CURVE('',#13438,#13447,#13449,.T.);
#13447 = VERTEX_POINT('',#13448);
#13448 = CARTESIAN_POINT('',(12.425,-6.925,-5.E-02));
#13449 = LINE('',#13450,#13451);
#13450 = CARTESIAN_POINT('',(11.925,-6.925,-5.E-02));
#13451 = VECTOR('',#13452,1.);
#13452 = DIRECTION('',(1.,0.,0.));
#13453 = ORIENTED_EDGE('',*,*,#13454,.T.);
#13454 = EDGE_CURVE('',#13447,#13455,#13457,.T.);
#13455 = VERTEX_POINT('',#13456);
#13456 = CARTESIAN_POINT('',(12.65,-6.7,-5.E-02));
#13457 = CIRCLE('',#13458,0.225000087974);
#13458 = AXIS2_PLACEMENT_3D('',#13459,#13460,#13461);
#13459 = CARTESIAN_POINT('',(12.424999912026,-6.699999912026,-5.E-02));
#13460 = DIRECTION('',(0.,0.,1.));
#13461 = DIRECTION('',(3.909953695014E-07,-1.,0.));
#13462 = ORIENTED_EDGE('',*,*,#13463,.T.);
#13463 = EDGE_CURVE('',#13455,#13402,#13464,.T.);
#13464 = LINE('',#13465,#13466);
#13465 = CARTESIAN_POINT('',(12.65,-6.7,-5.E-02));
#13466 = VECTOR('',#13467,1.);
#13467 = DIRECTION('',(0.,1.,0.));
#13468 = FACE_BOUND('',#13469,.T.);
#13469 = EDGE_LOOP('',(#13470,#13481,#13489,#13498,#13506,#13515,#13523,
    #13532));
#13470 = ORIENTED_EDGE('',*,*,#13471,.T.);
#13471 = EDGE_CURVE('',#13472,#13474,#13476,.T.);
#13472 = VERTEX_POINT('',#13473);
#13473 = CARTESIAN_POINT('',(16.5,-5.45,-5.E-02));
#13474 = VERTEX_POINT('',#13475);
#13475 = CARTESIAN_POINT('',(16.275,-5.225,-5.E-02));
#13476 = CIRCLE('',#13477,0.225000087974);
#13477 = AXIS2_PLACEMENT_3D('',#13478,#13479,#13480);
#13478 = CARTESIAN_POINT('',(16.274999912026,-5.450000087974,-5.E-02));
#13479 = DIRECTION('',(0.,0.,1.));
#13480 = DIRECTION('',(1.,3.909953734488E-07,-0.));
#13481 = ORIENTED_EDGE('',*,*,#13482,.T.);
#13482 = EDGE_CURVE('',#13474,#13483,#13485,.T.);
#13483 = VERTEX_POINT('',#13484);
#13484 = CARTESIAN_POINT('',(15.825,-5.225,-5.E-02));
#13485 = LINE('',#13486,#13487);
#13486 = CARTESIAN_POINT('',(16.275,-5.225,-5.E-02));
#13487 = VECTOR('',#13488,1.);
#13488 = DIRECTION('',(-1.,0.,0.));
#13489 = ORIENTED_EDGE('',*,*,#13490,.T.);
#13490 = EDGE_CURVE('',#13483,#13491,#13493,.T.);
#13491 = VERTEX_POINT('',#13492);
#13492 = CARTESIAN_POINT('',(15.6,-5.45,-5.E-02));
#13493 = CIRCLE('',#13494,0.225000087974);
#13494 = AXIS2_PLACEMENT_3D('',#13495,#13496,#13497);
#13495 = CARTESIAN_POINT('',(15.825000087974,-5.450000087974,-5.E-02));
#13496 = DIRECTION('',(0.,0.,1.));
#13497 = DIRECTION('',(-3.909953695014E-07,1.,0.));
#13498 = ORIENTED_EDGE('',*,*,#13499,.T.);
#13499 = EDGE_CURVE('',#13491,#13500,#13502,.T.);
#13500 = VERTEX_POINT('',#13501);
#13501 = CARTESIAN_POINT('',(15.6,-5.95,-5.E-02));
#13502 = LINE('',#13503,#13504);
#13503 = CARTESIAN_POINT('',(15.6,-5.45,-5.E-02));
#13504 = VECTOR('',#13505,1.);
#13505 = DIRECTION('',(0.,-1.,0.));
#13506 = ORIENTED_EDGE('',*,*,#13507,.T.);
#13507 = EDGE_CURVE('',#13500,#13508,#13510,.T.);
#13508 = VERTEX_POINT('',#13509);
#13509 = CARTESIAN_POINT('',(15.825,-6.175,-5.E-02));
#13510 = CIRCLE('',#13511,0.225000087974);
#13511 = AXIS2_PLACEMENT_3D('',#13512,#13513,#13514);
#13512 = CARTESIAN_POINT('',(15.825000087974,-5.949999912026,-5.E-02));
#13513 = DIRECTION('',(0.,0.,1.));
#13514 = DIRECTION('',(-1.,-3.909953695014E-07,0.));
#13515 = ORIENTED_EDGE('',*,*,#13516,.T.);
#13516 = EDGE_CURVE('',#13508,#13517,#13519,.T.);
#13517 = VERTEX_POINT('',#13518);
#13518 = CARTESIAN_POINT('',(16.275,-6.175,-5.E-02));
#13519 = LINE('',#13520,#13521);
#13520 = CARTESIAN_POINT('',(15.825,-6.175,-5.E-02));
#13521 = VECTOR('',#13522,1.);
#13522 = DIRECTION('',(1.,0.,0.));
#13523 = ORIENTED_EDGE('',*,*,#13524,.T.);
#13524 = EDGE_CURVE('',#13517,#13525,#13527,.T.);
#13525 = VERTEX_POINT('',#13526);
#13526 = CARTESIAN_POINT('',(16.5,-5.95,-5.E-02));
#13527 = CIRCLE('',#13528,0.225000087974);
#13528 = AXIS2_PLACEMENT_3D('',#13529,#13530,#13531);
#13529 = CARTESIAN_POINT('',(16.274999912026,-5.949999912026,-5.E-02));
#13530 = DIRECTION('',(0.,0.,1.));
#13531 = DIRECTION('',(3.909953773963E-07,-1.,0.));
#13532 = ORIENTED_EDGE('',*,*,#13533,.T.);
#13533 = EDGE_CURVE('',#13525,#13472,#13534,.T.);
#13534 = LINE('',#13535,#13536);
#13535 = CARTESIAN_POINT('',(16.5,-5.95,-5.E-02));
#13536 = VECTOR('',#13537,1.);
#13537 = DIRECTION('',(0.,1.,0.));
#13538 = FACE_BOUND('',#13539,.T.);
#13539 = EDGE_LOOP('',(#13540,#13551,#13559,#13568,#13576,#13585,#13593,
    #13602));
#13540 = ORIENTED_EDGE('',*,*,#13541,.T.);
#13541 = EDGE_CURVE('',#13542,#13544,#13546,.T.);
#13542 = VERTEX_POINT('',#13543);
#13543 = CARTESIAN_POINT('',(18.05,-5.45,-5.E-02));
#13544 = VERTEX_POINT('',#13545);
#13545 = CARTESIAN_POINT('',(17.825,-5.225,-5.E-02));
#13546 = CIRCLE('',#13547,0.225000087974);
#13547 = AXIS2_PLACEMENT_3D('',#13548,#13549,#13550);
#13548 = CARTESIAN_POINT('',(17.824999912026,-5.450000087974,-5.E-02));
#13549 = DIRECTION('',(0.,0.,1.));
#13550 = DIRECTION('',(1.,3.90995357659E-07,-0.));
#13551 = ORIENTED_EDGE('',*,*,#13552,.T.);
#13552 = EDGE_CURVE('',#13544,#13553,#13555,.T.);
#13553 = VERTEX_POINT('',#13554);
#13554 = CARTESIAN_POINT('',(17.375,-5.225,-5.E-02));
#13555 = LINE('',#13556,#13557);
#13556 = CARTESIAN_POINT('',(17.825,-5.225,-5.E-02));
#13557 = VECTOR('',#13558,1.);
#13558 = DIRECTION('',(-1.,0.,0.));
#13559 = ORIENTED_EDGE('',*,*,#13560,.T.);
#13560 = EDGE_CURVE('',#13553,#13561,#13563,.T.);
#13561 = VERTEX_POINT('',#13562);
#13562 = CARTESIAN_POINT('',(17.15,-5.45,-5.E-02));
#13563 = CIRCLE('',#13564,0.225000087974);
#13564 = AXIS2_PLACEMENT_3D('',#13565,#13566,#13567);
#13565 = CARTESIAN_POINT('',(17.375000087974,-5.450000087974,-5.E-02));
#13566 = DIRECTION('',(0.,0.,1.));
#13567 = DIRECTION('',(-3.909953773963E-07,1.,0.));
#13568 = ORIENTED_EDGE('',*,*,#13569,.T.);
#13569 = EDGE_CURVE('',#13561,#13570,#13572,.T.);
#13570 = VERTEX_POINT('',#13571);
#13571 = CARTESIAN_POINT('',(17.15,-5.95,-5.E-02));
#13572 = LINE('',#13573,#13574);
#13573 = CARTESIAN_POINT('',(17.15,-5.45,-5.E-02));
#13574 = VECTOR('',#13575,1.);
#13575 = DIRECTION('',(0.,-1.,0.));
#13576 = ORIENTED_EDGE('',*,*,#13577,.T.);
#13577 = EDGE_CURVE('',#13570,#13578,#13580,.T.);
#13578 = VERTEX_POINT('',#13579);
#13579 = CARTESIAN_POINT('',(17.375,-6.175,-5.E-02));
#13580 = CIRCLE('',#13581,0.225000087974);
#13581 = AXIS2_PLACEMENT_3D('',#13582,#13583,#13584);
#13582 = CARTESIAN_POINT('',(17.375000087974,-5.949999912026,-5.E-02));
#13583 = DIRECTION('',(0.,0.,1.));
#13584 = DIRECTION('',(-1.,-3.909953734488E-07,0.));
#13585 = ORIENTED_EDGE('',*,*,#13586,.T.);
#13586 = EDGE_CURVE('',#13578,#13587,#13589,.T.);
#13587 = VERTEX_POINT('',#13588);
#13588 = CARTESIAN_POINT('',(17.825,-6.175,-5.E-02));
#13589 = LINE('',#13590,#13591);
#13590 = CARTESIAN_POINT('',(17.375,-6.175,-5.E-02));
#13591 = VECTOR('',#13592,1.);
#13592 = DIRECTION('',(1.,0.,0.));
#13593 = ORIENTED_EDGE('',*,*,#13594,.T.);
#13594 = EDGE_CURVE('',#13587,#13595,#13597,.T.);
#13595 = VERTEX_POINT('',#13596);
#13596 = CARTESIAN_POINT('',(18.05,-5.95,-5.E-02));
#13597 = CIRCLE('',#13598,0.225000087974);
#13598 = AXIS2_PLACEMENT_3D('',#13599,#13600,#13601);
#13599 = CARTESIAN_POINT('',(17.824999912026,-5.949999912026,-5.E-02));
#13600 = DIRECTION('',(0.,0.,1.));
#13601 = DIRECTION('',(3.909953458166E-07,-1.,0.));
#13602 = ORIENTED_EDGE('',*,*,#13603,.T.);
#13603 = EDGE_CURVE('',#13595,#13542,#13604,.T.);
#13604 = LINE('',#13605,#13606);
#13605 = CARTESIAN_POINT('',(18.05,-5.95,-5.E-02));
#13606 = VECTOR('',#13607,1.);
#13607 = DIRECTION('',(0.,1.,0.));
#13608 = FACE_BOUND('',#13609,.T.);
#13609 = EDGE_LOOP('',(#13610,#13621,#13629,#13638,#13646,#13655,#13663,
    #13672));
#13610 = ORIENTED_EDGE('',*,*,#13611,.T.);
#13611 = EDGE_CURVE('',#13612,#13614,#13616,.T.);
#13612 = VERTEX_POINT('',#13613);
#13613 = CARTESIAN_POINT('',(11.15,-4.7,-5.E-02));
#13614 = VERTEX_POINT('',#13615);
#13615 = CARTESIAN_POINT('',(10.925,-4.475,-5.E-02));
#13616 = CIRCLE('',#13617,0.225000087974);
#13617 = AXIS2_PLACEMENT_3D('',#13618,#13619,#13620);
#13618 = CARTESIAN_POINT('',(10.924999912026,-4.700000087974,-5.E-02));
#13619 = DIRECTION('',(0.,0.,1.));
#13620 = DIRECTION('',(1.,3.909953655539E-07,-0.));
#13621 = ORIENTED_EDGE('',*,*,#13622,.T.);
#13622 = EDGE_CURVE('',#13614,#13623,#13625,.T.);
#13623 = VERTEX_POINT('',#13624);
#13624 = CARTESIAN_POINT('',(10.425,-4.475,-5.E-02));
#13625 = LINE('',#13626,#13627);
#13626 = CARTESIAN_POINT('',(10.925,-4.475,-5.E-02));
#13627 = VECTOR('',#13628,1.);
#13628 = DIRECTION('',(-1.,0.,0.));
#13629 = ORIENTED_EDGE('',*,*,#13630,.T.);
#13630 = EDGE_CURVE('',#13623,#13631,#13633,.T.);
#13631 = VERTEX_POINT('',#13632);
#13632 = CARTESIAN_POINT('',(10.2,-4.7,-5.E-02));
#13633 = CIRCLE('',#13634,0.225000087974);
#13634 = AXIS2_PLACEMENT_3D('',#13635,#13636,#13637);
#13635 = CARTESIAN_POINT('',(10.425000087974,-4.700000087974,-5.E-02));
#13636 = DIRECTION('',(0.,0.,1.));
#13637 = DIRECTION('',(-3.909953616065E-07,1.,0.));
#13638 = ORIENTED_EDGE('',*,*,#13639,.T.);
#13639 = EDGE_CURVE('',#13631,#13640,#13642,.T.);
#13640 = VERTEX_POINT('',#13641);
#13641 = CARTESIAN_POINT('',(10.2,-5.15,-5.E-02));
#13642 = LINE('',#13643,#13644);
#13643 = CARTESIAN_POINT('',(10.2,-4.7,-5.E-02));
#13644 = VECTOR('',#13645,1.);
#13645 = DIRECTION('',(0.,-1.,0.));
#13646 = ORIENTED_EDGE('',*,*,#13647,.T.);
#13647 = EDGE_CURVE('',#13640,#13648,#13650,.T.);
#13648 = VERTEX_POINT('',#13649);
#13649 = CARTESIAN_POINT('',(10.425,-5.375,-5.E-02));
#13650 = CIRCLE('',#13651,0.225000087974);
#13651 = AXIS2_PLACEMENT_3D('',#13652,#13653,#13654);
#13652 = CARTESIAN_POINT('',(10.425000087974,-5.149999912026,-5.E-02));
#13653 = DIRECTION('',(0.,0.,1.));
#13654 = DIRECTION('',(-1.,-3.909953655539E-07,0.));
#13655 = ORIENTED_EDGE('',*,*,#13656,.T.);
#13656 = EDGE_CURVE('',#13648,#13657,#13659,.T.);
#13657 = VERTEX_POINT('',#13658);
#13658 = CARTESIAN_POINT('',(10.925,-5.375,-5.E-02));
#13659 = LINE('',#13660,#13661);
#13660 = CARTESIAN_POINT('',(10.425,-5.375,-5.E-02));
#13661 = VECTOR('',#13662,1.);
#13662 = DIRECTION('',(1.,0.,0.));
#13663 = ORIENTED_EDGE('',*,*,#13664,.T.);
#13664 = EDGE_CURVE('',#13657,#13665,#13667,.T.);
#13665 = VERTEX_POINT('',#13666);
#13666 = CARTESIAN_POINT('',(11.15,-5.15,-5.E-02));
#13667 = CIRCLE('',#13668,0.225000087974);
#13668 = AXIS2_PLACEMENT_3D('',#13669,#13670,#13671);
#13669 = CARTESIAN_POINT('',(10.924999912026,-5.149999912026,-5.E-02));
#13670 = DIRECTION('',(0.,0.,1.));
#13671 = DIRECTION('',(3.909953695014E-07,-1.,0.));
#13672 = ORIENTED_EDGE('',*,*,#13673,.T.);
#13673 = EDGE_CURVE('',#13665,#13612,#13674,.T.);
#13674 = LINE('',#13675,#13676);
#13675 = CARTESIAN_POINT('',(11.15,-5.15,-5.E-02));
#13676 = VECTOR('',#13677,1.);
#13677 = DIRECTION('',(0.,1.,0.));
#13678 = FACE_BOUND('',#13679,.T.);
#13679 = EDGE_LOOP('',(#13680,#13691,#13699,#13708,#13716,#13725,#13733,
    #13742));
#13680 = ORIENTED_EDGE('',*,*,#13681,.T.);
#13681 = EDGE_CURVE('',#13682,#13684,#13686,.T.);
#13682 = VERTEX_POINT('',#13683);
#13683 = CARTESIAN_POINT('',(12.65,-4.7,-5.E-02));
#13684 = VERTEX_POINT('',#13685);
#13685 = CARTESIAN_POINT('',(12.425,-4.475,-5.E-02));
#13686 = CIRCLE('',#13687,0.225000087974);
#13687 = AXIS2_PLACEMENT_3D('',#13688,#13689,#13690);
#13688 = CARTESIAN_POINT('',(12.424999912026,-4.700000087974,-5.E-02));
#13689 = DIRECTION('',(0.,0.,1.));
#13690 = DIRECTION('',(1.,3.909953655539E-07,-0.));
#13691 = ORIENTED_EDGE('',*,*,#13692,.T.);
#13692 = EDGE_CURVE('',#13684,#13693,#13695,.T.);
#13693 = VERTEX_POINT('',#13694);
#13694 = CARTESIAN_POINT('',(11.925,-4.475,-5.E-02));
#13695 = LINE('',#13696,#13697);
#13696 = CARTESIAN_POINT('',(12.425,-4.475,-5.E-02));
#13697 = VECTOR('',#13698,1.);
#13698 = DIRECTION('',(-1.,0.,0.));
#13699 = ORIENTED_EDGE('',*,*,#13700,.T.);
#13700 = EDGE_CURVE('',#13693,#13701,#13703,.T.);
#13701 = VERTEX_POINT('',#13702);
#13702 = CARTESIAN_POINT('',(11.7,-4.7,-5.E-02));
#13703 = CIRCLE('',#13704,0.225000087974);
#13704 = AXIS2_PLACEMENT_3D('',#13705,#13706,#13707);
#13705 = CARTESIAN_POINT('',(11.925000087974,-4.700000087974,-5.E-02));
#13706 = DIRECTION('',(0.,0.,1.));
#13707 = DIRECTION('',(-3.909953616065E-07,1.,0.));
#13708 = ORIENTED_EDGE('',*,*,#13709,.T.);
#13709 = EDGE_CURVE('',#13701,#13710,#13712,.T.);
#13710 = VERTEX_POINT('',#13711);
#13711 = CARTESIAN_POINT('',(11.7,-5.15,-5.E-02));
#13712 = LINE('',#13713,#13714);
#13713 = CARTESIAN_POINT('',(11.7,-4.7,-5.E-02));
#13714 = VECTOR('',#13715,1.);
#13715 = DIRECTION('',(0.,-1.,0.));
#13716 = ORIENTED_EDGE('',*,*,#13717,.T.);
#13717 = EDGE_CURVE('',#13710,#13718,#13720,.T.);
#13718 = VERTEX_POINT('',#13719);
#13719 = CARTESIAN_POINT('',(11.925,-5.375,-5.E-02));
#13720 = CIRCLE('',#13721,0.225000087974);
#13721 = AXIS2_PLACEMENT_3D('',#13722,#13723,#13724);
#13722 = CARTESIAN_POINT('',(11.925000087974,-5.149999912026,-5.E-02));
#13723 = DIRECTION('',(0.,0.,1.));
#13724 = DIRECTION('',(-1.,-3.909953655539E-07,0.));
#13725 = ORIENTED_EDGE('',*,*,#13726,.T.);
#13726 = EDGE_CURVE('',#13718,#13727,#13729,.T.);
#13727 = VERTEX_POINT('',#13728);
#13728 = CARTESIAN_POINT('',(12.425,-5.375,-5.E-02));
#13729 = LINE('',#13730,#13731);
#13730 = CARTESIAN_POINT('',(11.925,-5.375,-5.E-02));
#13731 = VECTOR('',#13732,1.);
#13732 = DIRECTION('',(1.,0.,0.));
#13733 = ORIENTED_EDGE('',*,*,#13734,.T.);
#13734 = EDGE_CURVE('',#13727,#13735,#13737,.T.);
#13735 = VERTEX_POINT('',#13736);
#13736 = CARTESIAN_POINT('',(12.65,-5.15,-5.E-02));
#13737 = CIRCLE('',#13738,0.225000087974);
#13738 = AXIS2_PLACEMENT_3D('',#13739,#13740,#13741);
#13739 = CARTESIAN_POINT('',(12.424999912026,-5.149999912026,-5.E-02));
#13740 = DIRECTION('',(0.,0.,1.));
#13741 = DIRECTION('',(3.909953695014E-07,-1.,0.));
#13742 = ORIENTED_EDGE('',*,*,#13743,.T.);
#13743 = EDGE_CURVE('',#13735,#13682,#13744,.T.);
#13744 = LINE('',#13745,#13746);
#13745 = CARTESIAN_POINT('',(12.65,-5.15,-5.E-02));
#13746 = VECTOR('',#13747,1.);
#13747 = DIRECTION('',(0.,1.,0.));
#13748 = FACE_BOUND('',#13749,.T.);
#13749 = EDGE_LOOP('',(#13750,#13761,#13769,#13778,#13786,#13795,#13803,
    #13812));
#13750 = ORIENTED_EDGE('',*,*,#13751,.T.);
#13751 = EDGE_CURVE('',#13752,#13754,#13756,.T.);
#13752 = VERTEX_POINT('',#13753);
#13753 = CARTESIAN_POINT('',(16.35,-3.925,-5.E-02));
#13754 = VERTEX_POINT('',#13755);
#13755 = CARTESIAN_POINT('',(16.15,-3.725,-5.E-02));
#13756 = CIRCLE('',#13757,0.200001216283);
#13757 = AXIS2_PLACEMENT_3D('',#13758,#13759,#13760);
#13758 = CARTESIAN_POINT('',(16.149998783721,-3.925001216279,-5.E-02));
#13759 = DIRECTION('',(0.,0.,1.));
#13760 = DIRECTION('',(0.999999999982,6.081358943574E-06,-0.));
#13761 = ORIENTED_EDGE('',*,*,#13762,.T.);
#13762 = EDGE_CURVE('',#13754,#13763,#13765,.T.);
#13763 = VERTEX_POINT('',#13764);
#13764 = CARTESIAN_POINT('',(15.75,-3.725,-5.E-02));
#13765 = LINE('',#13766,#13767);
#13766 = CARTESIAN_POINT('',(16.15,-3.725,-5.E-02));
#13767 = VECTOR('',#13768,1.);
#13768 = DIRECTION('',(-1.,0.,0.));
#13769 = ORIENTED_EDGE('',*,*,#13770,.T.);
#13770 = EDGE_CURVE('',#13763,#13771,#13773,.T.);
#13771 = VERTEX_POINT('',#13772);
#13772 = CARTESIAN_POINT('',(15.55,-3.925,-5.E-02));
#13773 = CIRCLE('',#13774,0.200001216283);
#13774 = AXIS2_PLACEMENT_3D('',#13775,#13776,#13777);
#13775 = CARTESIAN_POINT('',(15.750001216279,-3.925001216279,-5.E-02));
#13776 = DIRECTION('',(0.,0.,1.));
#13777 = DIRECTION('',(-6.081358928031E-06,0.999999999982,0.));
#13778 = ORIENTED_EDGE('',*,*,#13779,.T.);
#13779 = EDGE_CURVE('',#13771,#13780,#13782,.T.);
#13780 = VERTEX_POINT('',#13781);
#13781 = CARTESIAN_POINT('',(15.55,-4.475,-5.E-02));
#13782 = LINE('',#13783,#13784);
#13783 = CARTESIAN_POINT('',(15.55,-3.925,-5.E-02));
#13784 = VECTOR('',#13785,1.);
#13785 = DIRECTION('',(0.,-1.,0.));
#13786 = ORIENTED_EDGE('',*,*,#13787,.T.);
#13787 = EDGE_CURVE('',#13780,#13788,#13790,.T.);
#13788 = VERTEX_POINT('',#13789);
#13789 = CARTESIAN_POINT('',(15.75,-4.675,-5.E-02));
#13790 = CIRCLE('',#13791,0.200001216283);
#13791 = AXIS2_PLACEMENT_3D('',#13792,#13793,#13794);
#13792 = CARTESIAN_POINT('',(15.750001216279,-4.474998783721,-5.E-02));
#13793 = DIRECTION('',(0.,0.,1.));
#13794 = DIRECTION('',(-0.999999999982,-6.081358919149E-06,0.));
#13795 = ORIENTED_EDGE('',*,*,#13796,.T.);
#13796 = EDGE_CURVE('',#13788,#13797,#13799,.T.);
#13797 = VERTEX_POINT('',#13798);
#13798 = CARTESIAN_POINT('',(16.15,-4.675,-5.E-02));
#13799 = LINE('',#13800,#13801);
#13800 = CARTESIAN_POINT('',(15.75,-4.675,-5.E-02));
#13801 = VECTOR('',#13802,1.);
#13802 = DIRECTION('',(1.,0.,0.));
#13803 = ORIENTED_EDGE('',*,*,#13804,.T.);
#13804 = EDGE_CURVE('',#13797,#13805,#13807,.T.);
#13805 = VERTEX_POINT('',#13806);
#13806 = CARTESIAN_POINT('',(16.35,-4.475,-5.E-02));
#13807 = CIRCLE('',#13808,0.200001216283);
#13808 = AXIS2_PLACEMENT_3D('',#13809,#13810,#13811);
#13809 = CARTESIAN_POINT('',(16.149998783721,-4.474998783721,-5.E-02));
#13810 = DIRECTION('',(0.,0.,1.));
#13811 = DIRECTION('',(6.081358919149E-06,-0.999999999982,0.));
#13812 = ORIENTED_EDGE('',*,*,#13813,.T.);
#13813 = EDGE_CURVE('',#13805,#13752,#13814,.T.);
#13814 = LINE('',#13815,#13816);
#13815 = CARTESIAN_POINT('',(16.35,-4.475,-5.E-02));
#13816 = VECTOR('',#13817,1.);
#13817 = DIRECTION('',(0.,1.,0.));
#13818 = FACE_BOUND('',#13819,.T.);
#13819 = EDGE_LOOP('',(#13820,#13831,#13839,#13848,#13856,#13865,#13873,
    #13882));
#13820 = ORIENTED_EDGE('',*,*,#13821,.T.);
#13821 = EDGE_CURVE('',#13822,#13824,#13826,.T.);
#13822 = VERTEX_POINT('',#13823);
#13823 = CARTESIAN_POINT('',(18.,-3.925,-5.E-02));
#13824 = VERTEX_POINT('',#13825);
#13825 = CARTESIAN_POINT('',(17.8,-3.725,-5.E-02));
#13826 = CIRCLE('',#13827,0.200001216283);
#13827 = AXIS2_PLACEMENT_3D('',#13828,#13829,#13830);
#13828 = CARTESIAN_POINT('',(17.799998783721,-3.925001216279,-5.E-02));
#13829 = DIRECTION('',(0.,0.,1.));
#13830 = DIRECTION('',(0.999999999982,6.081358939133E-06,-0.));
#13831 = ORIENTED_EDGE('',*,*,#13832,.T.);
#13832 = EDGE_CURVE('',#13824,#13833,#13835,.T.);
#13833 = VERTEX_POINT('',#13834);
#13834 = CARTESIAN_POINT('',(17.4,-3.725,-5.E-02));
#13835 = LINE('',#13836,#13837);
#13836 = CARTESIAN_POINT('',(17.8,-3.725,-5.E-02));
#13837 = VECTOR('',#13838,1.);
#13838 = DIRECTION('',(-1.,0.,0.));
#13839 = ORIENTED_EDGE('',*,*,#13840,.T.);
#13840 = EDGE_CURVE('',#13833,#13841,#13843,.T.);
#13841 = VERTEX_POINT('',#13842);
#13842 = CARTESIAN_POINT('',(17.2,-3.925,-5.E-02));
#13843 = CIRCLE('',#13844,0.200001216283);
#13844 = AXIS2_PLACEMENT_3D('',#13845,#13846,#13847);
#13845 = CARTESIAN_POINT('',(17.400001216279,-3.925001216279,-5.E-02));
#13846 = DIRECTION('',(0.,0.,1.));
#13847 = DIRECTION('',(-6.081358954676E-06,0.999999999982,0.));
#13848 = ORIENTED_EDGE('',*,*,#13849,.T.);
#13849 = EDGE_CURVE('',#13841,#13850,#13852,.T.);
#13850 = VERTEX_POINT('',#13851);
#13851 = CARTESIAN_POINT('',(17.2,-4.475,-5.E-02));
#13852 = LINE('',#13853,#13854);
#13853 = CARTESIAN_POINT('',(17.2,-3.925,-5.E-02));
#13854 = VECTOR('',#13855,1.);
#13855 = DIRECTION('',(0.,-1.,0.));
#13856 = ORIENTED_EDGE('',*,*,#13857,.T.);
#13857 = EDGE_CURVE('',#13850,#13858,#13860,.T.);
#13858 = VERTEX_POINT('',#13859);
#13859 = CARTESIAN_POINT('',(17.4,-4.675,-5.E-02));
#13860 = CIRCLE('',#13861,0.200001216283);
#13861 = AXIS2_PLACEMENT_3D('',#13862,#13863,#13864);
#13862 = CARTESIAN_POINT('',(17.400001216279,-4.474998783721,-5.E-02));
#13863 = DIRECTION('',(0.,0.,1.));
#13864 = DIRECTION('',(-0.999999999982,-6.081358941354E-06,0.));
#13865 = ORIENTED_EDGE('',*,*,#13866,.T.);
#13866 = EDGE_CURVE('',#13858,#13867,#13869,.T.);
#13867 = VERTEX_POINT('',#13868);
#13868 = CARTESIAN_POINT('',(17.8,-4.675,-5.E-02));
#13869 = LINE('',#13870,#13871);
#13870 = CARTESIAN_POINT('',(17.4,-4.675,-5.E-02));
#13871 = VECTOR('',#13872,1.);
#13872 = DIRECTION('',(1.,0.,0.));
#13873 = ORIENTED_EDGE('',*,*,#13874,.T.);
#13874 = EDGE_CURVE('',#13867,#13875,#13877,.T.);
#13875 = VERTEX_POINT('',#13876);
#13876 = CARTESIAN_POINT('',(18.,-4.475,-5.E-02));
#13877 = CIRCLE('',#13878,0.200001216283);
#13878 = AXIS2_PLACEMENT_3D('',#13879,#13880,#13881);
#13879 = CARTESIAN_POINT('',(17.799998783721,-4.474998783721,-5.E-02));
#13880 = DIRECTION('',(0.,0.,1.));
#13881 = DIRECTION('',(6.081358936913E-06,-0.999999999982,0.));
#13882 = ORIENTED_EDGE('',*,*,#13883,.T.);
#13883 = EDGE_CURVE('',#13875,#13822,#13884,.T.);
#13884 = LINE('',#13885,#13886);
#13885 = CARTESIAN_POINT('',(18.,-4.475,-5.E-02));
#13886 = VECTOR('',#13887,1.);
#13887 = DIRECTION('',(0.,1.,0.));
#13888 = FACE_BOUND('',#13889,.T.);
#13889 = EDGE_LOOP('',(#13890,#13901,#13909,#13918,#13926,#13935,#13943,
    #13952));
#13890 = ORIENTED_EDGE('',*,*,#13891,.T.);
#13891 = EDGE_CURVE('',#13892,#13894,#13896,.T.);
#13892 = VERTEX_POINT('',#13893);
#13893 = CARTESIAN_POINT('',(16.45,-1.75,-5.E-02));
#13894 = VERTEX_POINT('',#13895);
#13895 = CARTESIAN_POINT('',(16.225,-1.525,-5.E-02));
#13896 = CIRCLE('',#13897,0.225000087974);
#13897 = AXIS2_PLACEMENT_3D('',#13898,#13899,#13900);
#13898 = CARTESIAN_POINT('',(16.224999912026,-1.750000087974,-5.E-02));
#13899 = DIRECTION('',(0.,0.,1.));
#13900 = DIRECTION('',(1.,3.90995357659E-07,-0.));
#13901 = ORIENTED_EDGE('',*,*,#13902,.T.);
#13902 = EDGE_CURVE('',#13894,#13903,#13905,.T.);
#13903 = VERTEX_POINT('',#13904);
#13904 = CARTESIAN_POINT('',(15.775,-1.525,-5.E-02));
#13905 = LINE('',#13906,#13907);
#13906 = CARTESIAN_POINT('',(16.225,-1.525,-5.E-02));
#13907 = VECTOR('',#13908,1.);
#13908 = DIRECTION('',(-1.,0.,0.));
#13909 = ORIENTED_EDGE('',*,*,#13910,.T.);
#13910 = EDGE_CURVE('',#13903,#13911,#13913,.T.);
#13911 = VERTEX_POINT('',#13912);
#13912 = CARTESIAN_POINT('',(15.55,-1.75,-5.E-02));
#13913 = CIRCLE('',#13914,0.225000087974);
#13914 = AXIS2_PLACEMENT_3D('',#13915,#13916,#13917);
#13915 = CARTESIAN_POINT('',(15.775000087974,-1.750000087974,-5.E-02));
#13916 = DIRECTION('',(0.,0.,1.));
#13917 = DIRECTION('',(-3.909953537115E-07,1.,0.));
#13918 = ORIENTED_EDGE('',*,*,#13919,.T.);
#13919 = EDGE_CURVE('',#13911,#13920,#13922,.T.);
#13920 = VERTEX_POINT('',#13921);
#13921 = CARTESIAN_POINT('',(15.55,-2.25,-5.E-02));
#13922 = LINE('',#13923,#13924);
#13923 = CARTESIAN_POINT('',(15.55,-1.75,-5.E-02));
#13924 = VECTOR('',#13925,1.);
#13925 = DIRECTION('',(0.,-1.,0.));
#13926 = ORIENTED_EDGE('',*,*,#13927,.T.);
#13927 = EDGE_CURVE('',#13920,#13928,#13930,.T.);
#13928 = VERTEX_POINT('',#13929);
#13929 = CARTESIAN_POINT('',(15.775,-2.475,-5.E-02));
#13930 = CIRCLE('',#13931,0.225000087974);
#13931 = AXIS2_PLACEMENT_3D('',#13932,#13933,#13934);
#13932 = CARTESIAN_POINT('',(15.775000087974,-2.249999912026,-5.E-02));
#13933 = DIRECTION('',(0.,0.,1.));
#13934 = DIRECTION('',(-1.,-3.909953537115E-07,0.));
#13935 = ORIENTED_EDGE('',*,*,#13936,.T.);
#13936 = EDGE_CURVE('',#13928,#13937,#13939,.T.);
#13937 = VERTEX_POINT('',#13938);
#13938 = CARTESIAN_POINT('',(16.225,-2.475,-5.E-02));
#13939 = LINE('',#13940,#13941);
#13940 = CARTESIAN_POINT('',(15.775,-2.475,-5.E-02));
#13941 = VECTOR('',#13942,1.);
#13942 = DIRECTION('',(1.,0.,0.));
#13943 = ORIENTED_EDGE('',*,*,#13944,.T.);
#13944 = EDGE_CURVE('',#13937,#13945,#13947,.T.);
#13945 = VERTEX_POINT('',#13946);
#13946 = CARTESIAN_POINT('',(16.45,-2.25,-5.E-02));
#13947 = CIRCLE('',#13948,0.225000087974);
#13948 = AXIS2_PLACEMENT_3D('',#13949,#13950,#13951);
#13949 = CARTESIAN_POINT('',(16.224999912026,-2.249999912026,-5.E-02));
#13950 = DIRECTION('',(0.,0.,1.));
#13951 = DIRECTION('',(3.909953773963E-07,-1.,0.));
#13952 = ORIENTED_EDGE('',*,*,#13953,.T.);
#13953 = EDGE_CURVE('',#13945,#13892,#13954,.T.);
#13954 = LINE('',#13955,#13956);
#13955 = CARTESIAN_POINT('',(16.45,-2.25,-5.E-02));
#13956 = VECTOR('',#13957,1.);
#13957 = DIRECTION('',(0.,1.,0.));
#13958 = FACE_BOUND('',#13959,.T.);
#13959 = EDGE_LOOP('',(#13960,#13971,#13979,#13988,#13996,#14005,#14013,
    #14022));
#13960 = ORIENTED_EDGE('',*,*,#13961,.T.);
#13961 = EDGE_CURVE('',#13962,#13964,#13966,.T.);
#13962 = VERTEX_POINT('',#13963);
#13963 = CARTESIAN_POINT('',(18.,-1.75,-5.E-02));
#13964 = VERTEX_POINT('',#13965);
#13965 = CARTESIAN_POINT('',(17.775,-1.525,-5.E-02));
#13966 = CIRCLE('',#13967,0.225000087974);
#13967 = AXIS2_PLACEMENT_3D('',#13968,#13969,#13970);
#13968 = CARTESIAN_POINT('',(17.774999912026,-1.750000087974,-5.E-02));
#13969 = DIRECTION('',(0.,0.,1.));
#13970 = DIRECTION('',(1.,3.909953704882E-07,-0.));
#13971 = ORIENTED_EDGE('',*,*,#13972,.T.);
#13972 = EDGE_CURVE('',#13964,#13973,#13975,.T.);
#13973 = VERTEX_POINT('',#13974);
#13974 = CARTESIAN_POINT('',(17.325,-1.525,-5.E-02));
#13975 = LINE('',#13976,#13977);
#13976 = CARTESIAN_POINT('',(17.775,-1.525,-5.E-02));
#13977 = VECTOR('',#13978,1.);
#13978 = DIRECTION('',(-1.,0.,0.));
#13979 = ORIENTED_EDGE('',*,*,#13980,.T.);
#13980 = EDGE_CURVE('',#13973,#13981,#13983,.T.);
#13981 = VERTEX_POINT('',#13982);
#13982 = CARTESIAN_POINT('',(17.1,-1.75,-5.E-02));
#13983 = CIRCLE('',#13984,0.225000087974);
#13984 = AXIS2_PLACEMENT_3D('',#13985,#13986,#13987);
#13985 = CARTESIAN_POINT('',(17.325000087974,-1.750000087974,-5.E-02));
#13986 = DIRECTION('',(0.,0.,1.));
#13987 = DIRECTION('',(-3.909953773963E-07,1.,0.));
#13988 = ORIENTED_EDGE('',*,*,#13989,.T.);
#13989 = EDGE_CURVE('',#13981,#13990,#13992,.T.);
#13990 = VERTEX_POINT('',#13991);
#13991 = CARTESIAN_POINT('',(17.1,-2.25,-5.E-02));
#13992 = LINE('',#13993,#13994);
#13993 = CARTESIAN_POINT('',(17.1,-1.75,-5.E-02));
#13994 = VECTOR('',#13995,1.);
#13995 = DIRECTION('',(0.,-1.,0.));
#13996 = ORIENTED_EDGE('',*,*,#13997,.T.);
#13997 = EDGE_CURVE('',#13990,#13998,#14000,.T.);
#13998 = VERTEX_POINT('',#13999);
#13999 = CARTESIAN_POINT('',(17.325,-2.475,-5.E-02));
#14000 = CIRCLE('',#14001,0.225000087974);
#14001 = AXIS2_PLACEMENT_3D('',#14002,#14003,#14004);
#14002 = CARTESIAN_POINT('',(17.325000087974,-2.249999912026,-5.E-02));
#14003 = DIRECTION('',(0.,0.,1.));
#14004 = DIRECTION('',(-1.,-3.909953695014E-07,0.));
#14005 = ORIENTED_EDGE('',*,*,#14006,.T.);
#14006 = EDGE_CURVE('',#13998,#14007,#14009,.T.);
#14007 = VERTEX_POINT('',#14008);
#14008 = CARTESIAN_POINT('',(17.775,-2.475,-5.E-02));
#14009 = LINE('',#14010,#14011);
#14010 = CARTESIAN_POINT('',(17.325,-2.475,-5.E-02));
#14011 = VECTOR('',#14012,1.);
#14012 = DIRECTION('',(1.,0.,0.));
#14013 = ORIENTED_EDGE('',*,*,#14014,.T.);
#14014 = EDGE_CURVE('',#14007,#14015,#14017,.T.);
#14015 = VERTEX_POINT('',#14016);
#14016 = CARTESIAN_POINT('',(18.,-2.25,-5.E-02));
#14017 = CIRCLE('',#14018,0.225000087974);
#14018 = AXIS2_PLACEMENT_3D('',#14019,#14020,#14021);
#14019 = CARTESIAN_POINT('',(17.774999912026,-2.249999912026,-5.E-02));
#14020 = DIRECTION('',(0.,0.,1.));
#14021 = DIRECTION('',(3.909953773963E-07,-1.,0.));
#14022 = ORIENTED_EDGE('',*,*,#14023,.T.);
#14023 = EDGE_CURVE('',#14015,#13962,#14024,.T.);
#14024 = LINE('',#14025,#14026);
#14025 = CARTESIAN_POINT('',(18.,-2.25,-5.E-02));
#14026 = VECTOR('',#14027,1.);
#14027 = DIRECTION('',(0.,1.,0.));
#14028 = FACE_BOUND('',#14029,.T.);
#14029 = EDGE_LOOP('',(#14030,#14041,#14049,#14058,#14066,#14075,#14083,
    #14092));
#14030 = ORIENTED_EDGE('',*,*,#14031,.T.);
#14031 = EDGE_CURVE('',#14032,#14034,#14036,.T.);
#14032 = VERTEX_POINT('',#14033);
#14033 = CARTESIAN_POINT('',(19.65,-1.75,-5.E-02));
#14034 = VERTEX_POINT('',#14035);
#14035 = CARTESIAN_POINT('',(19.425,-1.525,-5.E-02));
#14036 = CIRCLE('',#14037,0.225000087974);
#14037 = AXIS2_PLACEMENT_3D('',#14038,#14039,#14040);
#14038 = CARTESIAN_POINT('',(19.424999912026,-1.750000087974,-5.E-02));
#14039 = DIRECTION('',(0.,0.,1.));
#14040 = DIRECTION('',(1.,3.909953655539E-07,-0.));
#14041 = ORIENTED_EDGE('',*,*,#14042,.T.);
#14042 = EDGE_CURVE('',#14034,#14043,#14045,.T.);
#14043 = VERTEX_POINT('',#14044);
#14044 = CARTESIAN_POINT('',(18.975,-1.525,-5.E-02));
#14045 = LINE('',#14046,#14047);
#14046 = CARTESIAN_POINT('',(19.425,-1.525,-5.E-02));
#14047 = VECTOR('',#14048,1.);
#14048 = DIRECTION('',(-1.,0.,0.));
#14049 = ORIENTED_EDGE('',*,*,#14050,.T.);
#14050 = EDGE_CURVE('',#14043,#14051,#14053,.T.);
#14051 = VERTEX_POINT('',#14052);
#14052 = CARTESIAN_POINT('',(18.75,-1.75,-5.E-02));
#14053 = CIRCLE('',#14054,0.225000087974);
#14054 = AXIS2_PLACEMENT_3D('',#14055,#14056,#14057);
#14055 = CARTESIAN_POINT('',(18.975000087974,-1.750000087974,-5.E-02));
#14056 = DIRECTION('',(0.,0.,1.));
#14057 = DIRECTION('',(-3.909953616065E-07,1.,0.));
#14058 = ORIENTED_EDGE('',*,*,#14059,.T.);
#14059 = EDGE_CURVE('',#14051,#14060,#14062,.T.);
#14060 = VERTEX_POINT('',#14061);
#14061 = CARTESIAN_POINT('',(18.75,-2.25,-5.E-02));
#14062 = LINE('',#14063,#14064);
#14063 = CARTESIAN_POINT('',(18.75,-1.75,-5.E-02));
#14064 = VECTOR('',#14065,1.);
#14065 = DIRECTION('',(0.,-1.,0.));
#14066 = ORIENTED_EDGE('',*,*,#14067,.T.);
#14067 = EDGE_CURVE('',#14060,#14068,#14070,.T.);
#14068 = VERTEX_POINT('',#14069);
#14069 = CARTESIAN_POINT('',(18.975,-2.475,-5.E-02));
#14070 = CIRCLE('',#14071,0.225000087974);
#14071 = AXIS2_PLACEMENT_3D('',#14072,#14073,#14074);
#14072 = CARTESIAN_POINT('',(18.975000087974,-2.249999912026,-5.E-02));
#14073 = DIRECTION('',(0.,0.,1.));
#14074 = DIRECTION('',(-1.,-3.909953734488E-07,0.));
#14075 = ORIENTED_EDGE('',*,*,#14076,.T.);
#14076 = EDGE_CURVE('',#14068,#14077,#14079,.T.);
#14077 = VERTEX_POINT('',#14078);
#14078 = CARTESIAN_POINT('',(19.425,-2.475,-5.E-02));
#14079 = LINE('',#14080,#14081);
#14080 = CARTESIAN_POINT('',(18.975,-2.475,-5.E-02));
#14081 = VECTOR('',#14082,1.);
#14082 = DIRECTION('',(1.,0.,0.));
#14083 = ORIENTED_EDGE('',*,*,#14084,.T.);
#14084 = EDGE_CURVE('',#14077,#14085,#14087,.T.);
#14085 = VERTEX_POINT('',#14086);
#14086 = CARTESIAN_POINT('',(19.65,-2.25,-5.E-02));
#14087 = CIRCLE('',#14088,0.225000087974);
#14088 = AXIS2_PLACEMENT_3D('',#14089,#14090,#14091);
#14089 = CARTESIAN_POINT('',(19.424999912026,-2.249999912026,-5.E-02));
#14090 = DIRECTION('',(0.,0.,1.));
#14091 = DIRECTION('',(3.909953773963E-07,-1.,0.));
#14092 = ORIENTED_EDGE('',*,*,#14093,.T.);
#14093 = EDGE_CURVE('',#14085,#14032,#14094,.T.);
#14094 = LINE('',#14095,#14096);
#14095 = CARTESIAN_POINT('',(19.65,-2.25,-5.E-02));
#14096 = VECTOR('',#14097,1.);
#14097 = DIRECTION('',(0.,1.,0.));
#14098 = FACE_BOUND('',#14099,.T.);
#14099 = EDGE_LOOP('',(#14100,#14111,#14119,#14128,#14136,#14145,#14153,
    #14162));
#14100 = ORIENTED_EDGE('',*,*,#14101,.T.);
#14101 = EDGE_CURVE('',#14102,#14104,#14106,.T.);
#14102 = VERTEX_POINT('',#14103);
#14103 = CARTESIAN_POINT('',(21.2,-1.75,-5.E-02));
#14104 = VERTEX_POINT('',#14105);
#14105 = CARTESIAN_POINT('',(20.975,-1.525,-5.E-02));
#14106 = CIRCLE('',#14107,0.225000087974);
#14107 = AXIS2_PLACEMENT_3D('',#14108,#14109,#14110);
#14108 = CARTESIAN_POINT('',(20.974999912026,-1.750000087974,-5.E-02));
#14109 = DIRECTION('',(0.,0.,1.));
#14110 = DIRECTION('',(1.,3.90995357659E-07,-0.));
#14111 = ORIENTED_EDGE('',*,*,#14112,.T.);
#14112 = EDGE_CURVE('',#14104,#14113,#14115,.T.);
#14113 = VERTEX_POINT('',#14114);
#14114 = CARTESIAN_POINT('',(20.525,-1.525,-5.E-02));
#14115 = LINE('',#14116,#14117);
#14116 = CARTESIAN_POINT('',(20.975,-1.525,-5.E-02));
#14117 = VECTOR('',#14118,1.);
#14118 = DIRECTION('',(-1.,0.,0.));
#14119 = ORIENTED_EDGE('',*,*,#14120,.T.);
#14120 = EDGE_CURVE('',#14113,#14121,#14123,.T.);
#14121 = VERTEX_POINT('',#14122);
#14122 = CARTESIAN_POINT('',(20.3,-1.75,-5.E-02));
#14123 = CIRCLE('',#14124,0.225000087974);
#14124 = AXIS2_PLACEMENT_3D('',#14125,#14126,#14127);
#14125 = CARTESIAN_POINT('',(20.525000087974,-1.750000087974,-5.E-02));
#14126 = DIRECTION('',(0.,0.,1.));
#14127 = DIRECTION('',(-3.909953773963E-07,1.,0.));
#14128 = ORIENTED_EDGE('',*,*,#14129,.T.);
#14129 = EDGE_CURVE('',#14121,#14130,#14132,.T.);
#14130 = VERTEX_POINT('',#14131);
#14131 = CARTESIAN_POINT('',(20.3,-2.25,-5.E-02));
#14132 = LINE('',#14133,#14134);
#14133 = CARTESIAN_POINT('',(20.3,-1.75,-5.E-02));
#14134 = VECTOR('',#14135,1.);
#14135 = DIRECTION('',(0.,-1.,0.));
#14136 = ORIENTED_EDGE('',*,*,#14137,.T.);
#14137 = EDGE_CURVE('',#14130,#14138,#14140,.T.);
#14138 = VERTEX_POINT('',#14139);
#14139 = CARTESIAN_POINT('',(20.525,-2.475,-5.E-02));
#14140 = CIRCLE('',#14141,0.225000087974);
#14141 = AXIS2_PLACEMENT_3D('',#14142,#14143,#14144);
#14142 = CARTESIAN_POINT('',(20.525000087974,-2.249999912026,-5.E-02));
#14143 = DIRECTION('',(0.,0.,1.));
#14144 = DIRECTION('',(-1.,-3.909953616065E-07,0.));
#14145 = ORIENTED_EDGE('',*,*,#14146,.T.);
#14146 = EDGE_CURVE('',#14138,#14147,#14149,.T.);
#14147 = VERTEX_POINT('',#14148);
#14148 = CARTESIAN_POINT('',(20.975,-2.475,-5.E-02));
#14149 = LINE('',#14150,#14151);
#14150 = CARTESIAN_POINT('',(20.525,-2.475,-5.E-02));
#14151 = VECTOR('',#14152,1.);
#14152 = DIRECTION('',(1.,0.,0.));
#14153 = ORIENTED_EDGE('',*,*,#14154,.T.);
#14154 = EDGE_CURVE('',#14147,#14155,#14157,.T.);
#14155 = VERTEX_POINT('',#14156);
#14156 = CARTESIAN_POINT('',(21.2,-2.25,-5.E-02));
#14157 = CIRCLE('',#14158,0.225000087974);
#14158 = AXIS2_PLACEMENT_3D('',#14159,#14160,#14161);
#14159 = CARTESIAN_POINT('',(20.974999912026,-2.249999912026,-5.E-02));
#14160 = DIRECTION('',(0.,0.,1.));
#14161 = DIRECTION('',(3.909953773963E-07,-1.,0.));
#14162 = ORIENTED_EDGE('',*,*,#14163,.T.);
#14163 = EDGE_CURVE('',#14155,#14102,#14164,.T.);
#14164 = LINE('',#14165,#14166);
#14165 = CARTESIAN_POINT('',(21.2,-2.25,-5.E-02));
#14166 = VECTOR('',#14167,1.);
#14167 = DIRECTION('',(0.,1.,0.));
#14168 = FACE_BOUND('',#14169,.T.);
#14169 = EDGE_LOOP('',(#14170,#14181,#14189,#14198,#14206,#14215,#14223,
    #14232));
#14170 = ORIENTED_EDGE('',*,*,#14171,.T.);
#14171 = EDGE_CURVE('',#14172,#14174,#14176,.T.);
#14172 = VERTEX_POINT('',#14173);
#14173 = CARTESIAN_POINT('',(8.225,-0.7,-5.E-02));
#14174 = VERTEX_POINT('',#14175);
#14175 = CARTESIAN_POINT('',(7.975,-0.45,-5.E-02));
#14176 = CIRCLE('',#14177,0.249998959685);
#14177 = AXIS2_PLACEMENT_3D('',#14178,#14179,#14180);
#14178 = CARTESIAN_POINT('',(7.975001040317,-0.699998959683,-5.E-02));
#14179 = DIRECTION('',(0.,0.,1.));
#14180 = DIRECTION('',(0.999999999991,-4.161285829961E-06,0.));
#14181 = ORIENTED_EDGE('',*,*,#14182,.T.);
#14182 = EDGE_CURVE('',#14174,#14183,#14185,.T.);
#14183 = VERTEX_POINT('',#14184);
#14184 = CARTESIAN_POINT('',(7.475,-0.45,-5.E-02));
#14185 = LINE('',#14186,#14187);
#14186 = CARTESIAN_POINT('',(7.975,-0.45,-5.E-02));
#14187 = VECTOR('',#14188,1.);
#14188 = DIRECTION('',(-1.,0.,0.));
#14189 = ORIENTED_EDGE('',*,*,#14190,.T.);
#14190 = EDGE_CURVE('',#14183,#14191,#14193,.T.);
#14191 = VERTEX_POINT('',#14192);
#14192 = CARTESIAN_POINT('',(7.225,-0.7,-5.E-02));
#14193 = CIRCLE('',#14194,0.249998959685);
#14194 = AXIS2_PLACEMENT_3D('',#14195,#14196,#14197);
#14195 = CARTESIAN_POINT('',(7.474998959683,-0.699998959683,-5.E-02));
#14196 = DIRECTION('',(0.,0.,1.));
#14197 = DIRECTION('',(4.161285829961E-06,0.999999999991,-0.));
#14198 = ORIENTED_EDGE('',*,*,#14199,.T.);
#14199 = EDGE_CURVE('',#14191,#14200,#14202,.T.);
#14200 = VERTEX_POINT('',#14201);
#14201 = CARTESIAN_POINT('',(7.225,-2.2,-5.E-02));
#14202 = LINE('',#14203,#14204);
#14203 = CARTESIAN_POINT('',(7.225,-0.7,-5.E-02));
#14204 = VECTOR('',#14205,1.);
#14205 = DIRECTION('',(0.,-1.,0.));
#14206 = ORIENTED_EDGE('',*,*,#14207,.T.);
#14207 = EDGE_CURVE('',#14200,#14208,#14210,.T.);
#14208 = VERTEX_POINT('',#14209);
#14209 = CARTESIAN_POINT('',(7.475,-2.45,-5.E-02));
#14210 = CIRCLE('',#14211,0.249998959685);
#14211 = AXIS2_PLACEMENT_3D('',#14212,#14213,#14214);
#14212 = CARTESIAN_POINT('',(7.474998959683,-2.200001040317,-5.E-02));
#14213 = DIRECTION('',(0.,0.,1.));
#14214 = DIRECTION('',(-0.999999999991,4.161285828185E-06,0.));
#14215 = ORIENTED_EDGE('',*,*,#14216,.T.);
#14216 = EDGE_CURVE('',#14208,#14217,#14219,.T.);
#14217 = VERTEX_POINT('',#14218);
#14218 = CARTESIAN_POINT('',(7.975,-2.45,-5.E-02));
#14219 = LINE('',#14220,#14221);
#14220 = CARTESIAN_POINT('',(7.475,-2.45,-5.E-02));
#14221 = VECTOR('',#14222,1.);
#14222 = DIRECTION('',(1.,0.,0.));
#14223 = ORIENTED_EDGE('',*,*,#14224,.T.);
#14224 = EDGE_CURVE('',#14217,#14225,#14227,.T.);
#14225 = VERTEX_POINT('',#14226);
#14226 = CARTESIAN_POINT('',(8.225,-2.2,-5.E-02));
#14227 = CIRCLE('',#14228,0.249998959685);
#14228 = AXIS2_PLACEMENT_3D('',#14229,#14230,#14231);
#14229 = CARTESIAN_POINT('',(7.975001040317,-2.200001040317,-5.E-02));
#14230 = DIRECTION('',(0.,0.,1.));
#14231 = DIRECTION('',(-4.161285826408E-06,-0.999999999991,0.));
#14232 = ORIENTED_EDGE('',*,*,#14233,.T.);
#14233 = EDGE_CURVE('',#14225,#14172,#14234,.T.);
#14234 = LINE('',#14235,#14236);
#14235 = CARTESIAN_POINT('',(8.225,-2.2,-5.E-02));
#14236 = VECTOR('',#14237,1.);
#14237 = DIRECTION('',(0.,1.,0.));
#14238 = FACE_BOUND('',#14239,.T.);
#14239 = EDGE_LOOP('',(#14240,#14251,#14259,#14268,#14276,#14285,#14293,
    #14302));
#14240 = ORIENTED_EDGE('',*,*,#14241,.T.);
#14241 = EDGE_CURVE('',#14242,#14244,#14246,.T.);
#14242 = VERTEX_POINT('',#14243);
#14243 = CARTESIAN_POINT('',(9.725,-0.7,-5.E-02));
#14244 = VERTEX_POINT('',#14245);
#14245 = CARTESIAN_POINT('',(9.475,-0.45,-5.E-02));
#14246 = CIRCLE('',#14247,0.249998959685);
#14247 = AXIS2_PLACEMENT_3D('',#14248,#14249,#14250);
#14248 = CARTESIAN_POINT('',(9.475001040317,-0.699998959683,-5.E-02));
#14249 = DIRECTION('',(0.,0.,1.));
#14250 = DIRECTION('',(0.999999999991,-4.161285829961E-06,0.));
#14251 = ORIENTED_EDGE('',*,*,#14252,.T.);
#14252 = EDGE_CURVE('',#14244,#14253,#14255,.T.);
#14253 = VERTEX_POINT('',#14254);
#14254 = CARTESIAN_POINT('',(8.975,-0.45,-5.E-02));
#14255 = LINE('',#14256,#14257);
#14256 = CARTESIAN_POINT('',(9.475,-0.45,-5.E-02));
#14257 = VECTOR('',#14258,1.);
#14258 = DIRECTION('',(-1.,0.,0.));
#14259 = ORIENTED_EDGE('',*,*,#14260,.T.);
#14260 = EDGE_CURVE('',#14253,#14261,#14263,.T.);
#14261 = VERTEX_POINT('',#14262);
#14262 = CARTESIAN_POINT('',(8.725,-0.7,-5.E-02));
#14263 = CIRCLE('',#14264,0.249998959685);
#14264 = AXIS2_PLACEMENT_3D('',#14265,#14266,#14267);
#14265 = CARTESIAN_POINT('',(8.974998959683,-0.699998959683,-5.E-02));
#14266 = DIRECTION('',(0.,0.,1.));
#14267 = DIRECTION('',(4.161285822856E-06,0.999999999991,-0.));
#14268 = ORIENTED_EDGE('',*,*,#14269,.T.);
#14269 = EDGE_CURVE('',#14261,#14270,#14272,.T.);
#14270 = VERTEX_POINT('',#14271);
#14271 = CARTESIAN_POINT('',(8.725,-2.2,-5.E-02));
#14272 = LINE('',#14273,#14274);
#14273 = CARTESIAN_POINT('',(8.725,-0.7,-5.E-02));
#14274 = VECTOR('',#14275,1.);
#14275 = DIRECTION('',(0.,-1.,0.));
#14276 = ORIENTED_EDGE('',*,*,#14277,.T.);
#14277 = EDGE_CURVE('',#14270,#14278,#14280,.T.);
#14278 = VERTEX_POINT('',#14279);
#14279 = CARTESIAN_POINT('',(8.975,-2.45,-5.E-02));
#14280 = CIRCLE('',#14281,0.249998959685);
#14281 = AXIS2_PLACEMENT_3D('',#14282,#14283,#14284);
#14282 = CARTESIAN_POINT('',(8.974998959683,-2.200001040317,-5.E-02));
#14283 = DIRECTION('',(0.,0.,1.));
#14284 = DIRECTION('',(-0.999999999991,4.161285828185E-06,0.));
#14285 = ORIENTED_EDGE('',*,*,#14286,.T.);
#14286 = EDGE_CURVE('',#14278,#14287,#14289,.T.);
#14287 = VERTEX_POINT('',#14288);
#14288 = CARTESIAN_POINT('',(9.475,-2.45,-5.E-02));
#14289 = LINE('',#14290,#14291);
#14290 = CARTESIAN_POINT('',(8.975,-2.45,-5.E-02));
#14291 = VECTOR('',#14292,1.);
#14292 = DIRECTION('',(1.,0.,0.));
#14293 = ORIENTED_EDGE('',*,*,#14294,.T.);
#14294 = EDGE_CURVE('',#14287,#14295,#14297,.T.);
#14295 = VERTEX_POINT('',#14296);
#14296 = CARTESIAN_POINT('',(9.725,-2.2,-5.E-02));
#14297 = CIRCLE('',#14298,0.249998959685);
#14298 = AXIS2_PLACEMENT_3D('',#14299,#14300,#14301);
#14299 = CARTESIAN_POINT('',(9.475001040317,-2.200001040317,-5.E-02));
#14300 = DIRECTION('',(0.,0.,1.));
#14301 = DIRECTION('',(-4.161285822856E-06,-0.999999999991,0.));
#14302 = ORIENTED_EDGE('',*,*,#14303,.T.);
#14303 = EDGE_CURVE('',#14295,#14242,#14304,.T.);
#14304 = LINE('',#14305,#14306);
#14305 = CARTESIAN_POINT('',(9.725,-2.2,-5.E-02));
#14306 = VECTOR('',#14307,1.);
#14307 = DIRECTION('',(0.,1.,0.));
#14308 = FACE_BOUND('',#14309,.T.);
#14309 = EDGE_LOOP('',(#14310,#14321,#14329,#14338,#14346,#14355,#14363,
    #14372));
#14310 = ORIENTED_EDGE('',*,*,#14311,.T.);
#14311 = EDGE_CURVE('',#14312,#14314,#14316,.T.);
#14312 = VERTEX_POINT('',#14313);
#14313 = CARTESIAN_POINT('',(11.225,-0.7,-5.E-02));
#14314 = VERTEX_POINT('',#14315);
#14315 = CARTESIAN_POINT('',(10.975,-0.45,-5.E-02));
#14316 = CIRCLE('',#14317,0.249998959685);
#14317 = AXIS2_PLACEMENT_3D('',#14318,#14319,#14320);
#14318 = CARTESIAN_POINT('',(10.975001040317,-0.699998959683,-5.E-02));
#14319 = DIRECTION('',(0.,0.,1.));
#14320 = DIRECTION('',(0.999999999991,-4.161285829961E-06,0.));
#14321 = ORIENTED_EDGE('',*,*,#14322,.T.);
#14322 = EDGE_CURVE('',#14314,#14323,#14325,.T.);
#14323 = VERTEX_POINT('',#14324);
#14324 = CARTESIAN_POINT('',(10.475,-0.45,-5.E-02));
#14325 = LINE('',#14326,#14327);
#14326 = CARTESIAN_POINT('',(10.975,-0.45,-5.E-02));
#14327 = VECTOR('',#14328,1.);
#14328 = DIRECTION('',(-1.,0.,0.));
#14329 = ORIENTED_EDGE('',*,*,#14330,.T.);
#14330 = EDGE_CURVE('',#14323,#14331,#14333,.T.);
#14331 = VERTEX_POINT('',#14332);
#14332 = CARTESIAN_POINT('',(10.225,-0.7,-5.E-02));
#14333 = CIRCLE('',#14334,0.249998959685);
#14334 = AXIS2_PLACEMENT_3D('',#14335,#14336,#14337);
#14335 = CARTESIAN_POINT('',(10.474998959683,-0.699998959683,-5.E-02));
#14336 = DIRECTION('',(0.,0.,1.));
#14337 = DIRECTION('',(4.161285822856E-06,0.999999999991,-0.));
#14338 = ORIENTED_EDGE('',*,*,#14339,.T.);
#14339 = EDGE_CURVE('',#14331,#14340,#14342,.T.);
#14340 = VERTEX_POINT('',#14341);
#14341 = CARTESIAN_POINT('',(10.225,-2.2,-5.E-02));
#14342 = LINE('',#14343,#14344);
#14343 = CARTESIAN_POINT('',(10.225,-0.7,-5.E-02));
#14344 = VECTOR('',#14345,1.);
#14345 = DIRECTION('',(0.,-1.,0.));
#14346 = ORIENTED_EDGE('',*,*,#14347,.T.);
#14347 = EDGE_CURVE('',#14340,#14348,#14350,.T.);
#14348 = VERTEX_POINT('',#14349);
#14349 = CARTESIAN_POINT('',(10.475,-2.45,-5.E-02));
#14350 = CIRCLE('',#14351,0.249998959685);
#14351 = AXIS2_PLACEMENT_3D('',#14352,#14353,#14354);
#14352 = CARTESIAN_POINT('',(10.474998959683,-2.200001040317,-5.E-02));
#14353 = DIRECTION('',(0.,0.,1.));
#14354 = DIRECTION('',(-0.999999999991,4.161285828185E-06,0.));
#14355 = ORIENTED_EDGE('',*,*,#14356,.T.);
#14356 = EDGE_CURVE('',#14348,#14357,#14359,.T.);
#14357 = VERTEX_POINT('',#14358);
#14358 = CARTESIAN_POINT('',(10.975,-2.45,-5.E-02));
#14359 = LINE('',#14360,#14361);
#14360 = CARTESIAN_POINT('',(10.475,-2.45,-5.E-02));
#14361 = VECTOR('',#14362,1.);
#14362 = DIRECTION('',(1.,0.,0.));
#14363 = ORIENTED_EDGE('',*,*,#14364,.T.);
#14364 = EDGE_CURVE('',#14357,#14365,#14367,.T.);
#14365 = VERTEX_POINT('',#14366);
#14366 = CARTESIAN_POINT('',(11.225,-2.2,-5.E-02));
#14367 = CIRCLE('',#14368,0.249998959685);
#14368 = AXIS2_PLACEMENT_3D('',#14369,#14370,#14371);
#14369 = CARTESIAN_POINT('',(10.975001040317,-2.200001040317,-5.E-02));
#14370 = DIRECTION('',(0.,0.,1.));
#14371 = DIRECTION('',(-4.161285822856E-06,-0.999999999991,0.));
#14372 = ORIENTED_EDGE('',*,*,#14373,.T.);
#14373 = EDGE_CURVE('',#14365,#14312,#14374,.T.);
#14374 = LINE('',#14375,#14376);
#14375 = CARTESIAN_POINT('',(11.225,-2.2,-5.E-02));
#14376 = VECTOR('',#14377,1.);
#14377 = DIRECTION('',(0.,1.,0.));
#14378 = FACE_BOUND('',#14379,.T.);
#14379 = EDGE_LOOP('',(#14380,#14391,#14399,#14408,#14416,#14425,#14433,
    #14442));
#14380 = ORIENTED_EDGE('',*,*,#14381,.T.);
#14381 = EDGE_CURVE('',#14382,#14384,#14386,.T.);
#14382 = VERTEX_POINT('',#14383);
#14383 = CARTESIAN_POINT('',(12.725,-0.7,-5.E-02));
#14384 = VERTEX_POINT('',#14385);
#14385 = CARTESIAN_POINT('',(12.475,-0.45,-5.E-02));
#14386 = CIRCLE('',#14387,0.249998959685);
#14387 = AXIS2_PLACEMENT_3D('',#14388,#14389,#14390);
#14388 = CARTESIAN_POINT('',(12.475001040317,-0.699998959683,-5.E-02));
#14389 = DIRECTION('',(0.,0.,1.));
#14390 = DIRECTION('',(0.999999999991,-4.161285829961E-06,0.));
#14391 = ORIENTED_EDGE('',*,*,#14392,.T.);
#14392 = EDGE_CURVE('',#14384,#14393,#14395,.T.);
#14393 = VERTEX_POINT('',#14394);
#14394 = CARTESIAN_POINT('',(11.975,-0.45,-5.E-02));
#14395 = LINE('',#14396,#14397);
#14396 = CARTESIAN_POINT('',(12.475,-0.45,-5.E-02));
#14397 = VECTOR('',#14398,1.);
#14398 = DIRECTION('',(-1.,0.,0.));
#14399 = ORIENTED_EDGE('',*,*,#14400,.T.);
#14400 = EDGE_CURVE('',#14393,#14401,#14403,.T.);
#14401 = VERTEX_POINT('',#14402);
#14402 = CARTESIAN_POINT('',(11.725,-0.7,-5.E-02));
#14403 = CIRCLE('',#14404,0.249998959685);
#14404 = AXIS2_PLACEMENT_3D('',#14405,#14406,#14407);
#14405 = CARTESIAN_POINT('',(11.974998959683,-0.699998959683,-5.E-02));
#14406 = DIRECTION('',(0.,0.,1.));
#14407 = DIRECTION('',(4.161285822856E-06,0.999999999991,-0.));
#14408 = ORIENTED_EDGE('',*,*,#14409,.T.);
#14409 = EDGE_CURVE('',#14401,#14410,#14412,.T.);
#14410 = VERTEX_POINT('',#14411);
#14411 = CARTESIAN_POINT('',(11.725,-2.2,-5.E-02));
#14412 = LINE('',#14413,#14414);
#14413 = CARTESIAN_POINT('',(11.725,-0.7,-5.E-02));
#14414 = VECTOR('',#14415,1.);
#14415 = DIRECTION('',(0.,-1.,0.));
#14416 = ORIENTED_EDGE('',*,*,#14417,.T.);
#14417 = EDGE_CURVE('',#14410,#14418,#14420,.T.);
#14418 = VERTEX_POINT('',#14419);
#14419 = CARTESIAN_POINT('',(11.975,-2.45,-5.E-02));
#14420 = CIRCLE('',#14421,0.249998959685);
#14421 = AXIS2_PLACEMENT_3D('',#14422,#14423,#14424);
#14422 = CARTESIAN_POINT('',(11.974998959683,-2.200001040317,-5.E-02));
#14423 = DIRECTION('',(0.,0.,1.));
#14424 = DIRECTION('',(-0.999999999991,4.161285828185E-06,0.));
#14425 = ORIENTED_EDGE('',*,*,#14426,.T.);
#14426 = EDGE_CURVE('',#14418,#14427,#14429,.T.);
#14427 = VERTEX_POINT('',#14428);
#14428 = CARTESIAN_POINT('',(12.475,-2.45,-5.E-02));
#14429 = LINE('',#14430,#14431);
#14430 = CARTESIAN_POINT('',(11.975,-2.45,-5.E-02));
#14431 = VECTOR('',#14432,1.);
#14432 = DIRECTION('',(1.,0.,0.));
#14433 = ORIENTED_EDGE('',*,*,#14434,.T.);
#14434 = EDGE_CURVE('',#14427,#14435,#14437,.T.);
#14435 = VERTEX_POINT('',#14436);
#14436 = CARTESIAN_POINT('',(12.725,-2.2,-5.E-02));
#14437 = CIRCLE('',#14438,0.249998959685);
#14438 = AXIS2_PLACEMENT_3D('',#14439,#14440,#14441);
#14439 = CARTESIAN_POINT('',(12.475001040317,-2.200001040317,-5.E-02));
#14440 = DIRECTION('',(0.,0.,1.));
#14441 = DIRECTION('',(-4.161285822856E-06,-0.999999999991,0.));
#14442 = ORIENTED_EDGE('',*,*,#14443,.T.);
#14443 = EDGE_CURVE('',#14435,#14382,#14444,.T.);
#14444 = LINE('',#14445,#14446);
#14445 = CARTESIAN_POINT('',(12.725,-2.2,-5.E-02));
#14446 = VECTOR('',#14447,1.);
#14447 = DIRECTION('',(0.,1.,0.));
#14448 = FACE_BOUND('',#14449,.T.);
#14449 = EDGE_LOOP('',(#14450));
#14450 = ORIENTED_EDGE('',*,*,#14451,.T.);
#14451 = EDGE_CURVE('',#14452,#14452,#14454,.T.);
#14452 = VERTEX_POINT('',#14453);
#14453 = CARTESIAN_POINT('',(14.525,-1.45,-5.E-02));
#14454 = CIRCLE('',#14455,0.5);
#14455 = AXIS2_PLACEMENT_3D('',#14456,#14457,#14458);
#14456 = CARTESIAN_POINT('',(14.025,-1.45,-5.E-02));
#14457 = DIRECTION('',(0.,0.,1.));
#14458 = DIRECTION('',(1.,0.,-0.));
#14459 = PLANE('',#14460);
#14460 = AXIS2_PLACEMENT_3D('',#14461,#14462,#14463);
#14461 = CARTESIAN_POINT('',(0.,0.,-5.E-02));
#14462 = DIRECTION('',(-0.,-0.,-1.));
#14463 = DIRECTION('',(-1.,0.,0.));
#14464 = ( GEOMETRIC_REPRESENTATION_CONTEXT(3) 
GLOBAL_UNCERTAINTY_ASSIGNED_CONTEXT((#14468)) 
GLOBAL_UNIT_ASSIGNED_CONTEXT((#14465,#14466,#14467)) 
REPRESENTATION_CONTEXT('Context #1',
  '3D Context with UNIT and UNCERTAINTY') );
#14465 = ( LENGTH_UNIT() NAMED_UNIT(*) SI_UNIT(.MILLI.,.METRE.) );
#14466 = ( NAMED_UNIT(*) PLANE_ANGLE_UNIT() SI_UNIT($,.RADIAN.) );
#14467 = ( NAMED_UNIT(*) SI_UNIT($,.STERADIAN.) SOLID_ANGLE_UNIT() );
#14468 = UNCERTAINTY_MEASURE_WITH_UNIT(LENGTH_MEASURE(1.E-07),#14465,
  'distance_accuracy_value','confusion accuracy');
#14469 = CONTEXT_DEPENDENT_SHAPE_REPRESENTATION(#14470,#14472);
#14470 = ( REPRESENTATION_RELATIONSHIP('','',#12828,#10) 
REPRESENTATION_RELATIONSHIP_WITH_TRANSFORMATION(#14471) 
SHAPE_REPRESENTATION_RELATIONSHIP() );
#14471 = ITEM_DEFINED_TRANSFORMATION('','',#11,#67);
#14472 = PRODUCT_DEFINITION_SHAPE('Placement','Placement of an item',
  #14473);
#14473 = NEXT_ASSEMBLY_USAGE_OCCURRENCE('20','=>[0:1:1:14]','',#5,#12823
  ,$);
#14474 = PRODUCT_RELATED_PRODUCT_CATEGORY('part',$,(#12825));
#14475 = SHAPE_DEFINITION_REPRESENTATION(#14476,#14482);
#14476 = PRODUCT_DEFINITION_SHAPE('','',#14477);
#14477 = PRODUCT_DEFINITION('design','',#14478,#14481);
#14478 = PRODUCT_DEFINITION_FORMATION('','',#14479);
#14479 = PRODUCT('oled_board_PCB','oled_board_PCB','',(#14480));
#14480 = PRODUCT_CONTEXT('',#2,'mechanical');
#14481 = PRODUCT_DEFINITION_CONTEXT('part definition',#2,'design');
#14482 = ADVANCED_BREP_SHAPE_REPRESENTATION('',(#11,#14483),#14851);
#14483 = MANIFOLD_SOLID_BREP('',#14484);
#14484 = CLOSED_SHELL('',(#14485,#14527,#14558,#14589,#14663,#14737,
    #14754,#14771,#14788,#14805,#14817,#14834));
#14485 = ADVANCED_FACE('',(#14486),#14522,.T.);
#14486 = FACE_BOUND('',#14487,.T.);
#14487 = EDGE_LOOP('',(#14488,#14498,#14507,#14515));
#14488 = ORIENTED_EDGE('',*,*,#14489,.T.);
#14489 = EDGE_CURVE('',#14490,#14492,#14494,.T.);
#14490 = VERTEX_POINT('',#14491);
#14491 = CARTESIAN_POINT('',(34.875,2.22044604925E-16,0.));
#14492 = VERTEX_POINT('',#14493);
#14493 = CARTESIAN_POINT('',(34.875,2.22044604925E-16,0.91));
#14494 = LINE('',#14495,#14496);
#14495 = CARTESIAN_POINT('',(34.875,2.22044604925E-16,0.));
#14496 = VECTOR('',#14497,1.);
#14497 = DIRECTION('',(0.,0.,1.));
#14498 = ORIENTED_EDGE('',*,*,#14499,.T.);
#14499 = EDGE_CURVE('',#14492,#14500,#14502,.T.);
#14500 = VERTEX_POINT('',#14501);
#14501 = CARTESIAN_POINT('',(36.875,-2.,0.91));
#14502 = CIRCLE('',#14503,1.99999850585);
#14503 = AXIS2_PLACEMENT_3D('',#14504,#14505,#14506);
#14504 = CARTESIAN_POINT('',(34.87500149415,-1.99999850585,0.91));
#14505 = DIRECTION('',(0.,0.,-1.));
#14506 = DIRECTION('',(-7.470757420593E-07,1.,0.));
#14507 = ORIENTED_EDGE('',*,*,#14508,.F.);
#14508 = EDGE_CURVE('',#14509,#14500,#14511,.T.);
#14509 = VERTEX_POINT('',#14510);
#14510 = CARTESIAN_POINT('',(36.875,-2.,0.));
#14511 = LINE('',#14512,#14513);
#14512 = CARTESIAN_POINT('',(36.875,-2.,0.));
#14513 = VECTOR('',#14514,1.);
#14514 = DIRECTION('',(0.,0.,1.));
#14515 = ORIENTED_EDGE('',*,*,#14516,.F.);
#14516 = EDGE_CURVE('',#14490,#14509,#14517,.T.);
#14517 = CIRCLE('',#14518,1.99999850585);
#14518 = AXIS2_PLACEMENT_3D('',#14519,#14520,#14521);
#14519 = CARTESIAN_POINT('',(34.87500149415,-1.99999850585,0.));
#14520 = DIRECTION('',(0.,0.,-1.));
#14521 = DIRECTION('',(-7.470757420593E-07,1.,0.));
#14522 = CYLINDRICAL_SURFACE('',#14523,1.99999850585);
#14523 = AXIS2_PLACEMENT_3D('',#14524,#14525,#14526);
#14524 = CARTESIAN_POINT('',(34.87500149415,-1.99999850585,0.));
#14525 = DIRECTION('',(0.,0.,-1.));
#14526 = DIRECTION('',(-7.470757420593E-07,1.,0.));
#14527 = ADVANCED_FACE('',(#14528),#14553,.T.);
#14528 = FACE_BOUND('',#14529,.T.);
#14529 = EDGE_LOOP('',(#14530,#14540,#14546,#14547));
#14530 = ORIENTED_EDGE('',*,*,#14531,.T.);
#14531 = EDGE_CURVE('',#14532,#14534,#14536,.T.);
#14532 = VERTEX_POINT('',#14533);
#14533 = CARTESIAN_POINT('',(2.,0.,0.));
#14534 = VERTEX_POINT('',#14535);
#14535 = CARTESIAN_POINT('',(2.,0.,0.91));
#14536 = LINE('',#14537,#14538);
#14537 = CARTESIAN_POINT('',(2.,0.,0.));
#14538 = VECTOR('',#14539,1.);
#14539 = DIRECTION('',(0.,0.,1.));
#14540 = ORIENTED_EDGE('',*,*,#14541,.T.);
#14541 = EDGE_CURVE('',#14534,#14492,#14542,.T.);
#14542 = LINE('',#14543,#14544);
#14543 = CARTESIAN_POINT('',(2.,0.,0.91));
#14544 = VECTOR('',#14545,1.);
#14545 = DIRECTION('',(1.,0.,0.));
#14546 = ORIENTED_EDGE('',*,*,#14489,.F.);
#14547 = ORIENTED_EDGE('',*,*,#14548,.F.);
#14548 = EDGE_CURVE('',#14532,#14490,#14549,.T.);
#14549 = LINE('',#14550,#14551);
#14550 = CARTESIAN_POINT('',(2.,-0.,0.));
#14551 = VECTOR('',#14552,1.);
#14552 = DIRECTION('',(1.,0.,0.));
#14553 = PLANE('',#14554);
#14554 = AXIS2_PLACEMENT_3D('',#14555,#14556,#14557);
#14555 = CARTESIAN_POINT('',(2.,0.,0.));
#14556 = DIRECTION('',(0.,1.,0.));
#14557 = DIRECTION('',(1.,0.,0.));
#14558 = ADVANCED_FACE('',(#14559),#14584,.T.);
#14559 = FACE_BOUND('',#14560,.T.);
#14560 = EDGE_LOOP('',(#14561,#14562,#14570,#14578));
#14561 = ORIENTED_EDGE('',*,*,#14508,.T.);
#14562 = ORIENTED_EDGE('',*,*,#14563,.T.);
#14563 = EDGE_CURVE('',#14500,#14564,#14566,.T.);
#14564 = VERTEX_POINT('',#14565);
#14565 = CARTESIAN_POINT('',(36.875,-7.1,0.91));
#14566 = LINE('',#14567,#14568);
#14567 = CARTESIAN_POINT('',(36.875,-2.,0.91));
#14568 = VECTOR('',#14569,1.);
#14569 = DIRECTION('',(0.,-1.,0.));
#14570 = ORIENTED_EDGE('',*,*,#14571,.F.);
#14571 = EDGE_CURVE('',#14572,#14564,#14574,.T.);
#14572 = VERTEX_POINT('',#14573);
#14573 = CARTESIAN_POINT('',(36.875,-7.1,0.));
#14574 = LINE('',#14575,#14576);
#14575 = CARTESIAN_POINT('',(36.875,-7.1,0.));
#14576 = VECTOR('',#14577,1.);
#14577 = DIRECTION('',(0.,0.,1.));
#14578 = ORIENTED_EDGE('',*,*,#14579,.F.);
#14579 = EDGE_CURVE('',#14509,#14572,#14580,.T.);
#14580 = LINE('',#14581,#14582);
#14581 = CARTESIAN_POINT('',(36.875,-2.,0.));
#14582 = VECTOR('',#14583,1.);
#14583 = DIRECTION('',(0.,-1.,0.));
#14584 = PLANE('',#14585);
#14585 = AXIS2_PLACEMENT_3D('',#14586,#14587,#14588);
#14586 = CARTESIAN_POINT('',(36.875,-2.,0.));
#14587 = DIRECTION('',(1.,0.,-0.));
#14588 = DIRECTION('',(0.,-1.,0.));
#14589 = ADVANCED_FACE('',(#14590,#14636,#14647),#14658,.F.);
#14590 = FACE_BOUND('',#14591,.F.);
#14591 = EDGE_LOOP('',(#14592,#14593,#14594,#14603,#14611,#14620,#14628,
    #14635));
#14592 = ORIENTED_EDGE('',*,*,#14516,.F.);
#14593 = ORIENTED_EDGE('',*,*,#14548,.F.);
#14594 = ORIENTED_EDGE('',*,*,#14595,.F.);
#14595 = EDGE_CURVE('',#14596,#14532,#14598,.T.);
#14596 = VERTEX_POINT('',#14597);
#14597 = CARTESIAN_POINT('',(0.,-2.,0.));
#14598 = CIRCLE('',#14599,1.99999850585);
#14599 = AXIS2_PLACEMENT_3D('',#14600,#14601,#14602);
#14600 = CARTESIAN_POINT('',(1.99999850585,-1.99999850585,0.));
#14601 = DIRECTION('',(0.,0.,-1.));
#14602 = DIRECTION('',(-1.,-7.470757411712E-07,-0.));
#14603 = ORIENTED_EDGE('',*,*,#14604,.F.);
#14604 = EDGE_CURVE('',#14605,#14596,#14607,.T.);
#14605 = VERTEX_POINT('',#14606);
#14606 = CARTESIAN_POINT('',(0.,-7.1,0.));
#14607 = LINE('',#14608,#14609);
#14608 = CARTESIAN_POINT('',(0.,-7.1,0.));
#14609 = VECTOR('',#14610,1.);
#14610 = DIRECTION('',(0.,1.,0.));
#14611 = ORIENTED_EDGE('',*,*,#14612,.F.);
#14612 = EDGE_CURVE('',#14613,#14605,#14615,.T.);
#14613 = VERTEX_POINT('',#14614);
#14614 = CARTESIAN_POINT('',(2.,-9.1,0.));
#14615 = CIRCLE('',#14616,1.99999850585);
#14616 = AXIS2_PLACEMENT_3D('',#14617,#14618,#14619);
#14617 = CARTESIAN_POINT('',(1.99999850585,-7.10000149415,0.));
#14618 = DIRECTION('',(0.,0.,-1.));
#14619 = DIRECTION('',(7.470757425034E-07,-1.,0.));
#14620 = ORIENTED_EDGE('',*,*,#14621,.F.);
#14621 = EDGE_CURVE('',#14622,#14613,#14624,.T.);
#14622 = VERTEX_POINT('',#14623);
#14623 = CARTESIAN_POINT('',(34.875,-9.1,0.));
#14624 = LINE('',#14625,#14626);
#14625 = CARTESIAN_POINT('',(34.875,-9.1,0.));
#14626 = VECTOR('',#14627,1.);
#14627 = DIRECTION('',(-1.,0.,0.));
#14628 = ORIENTED_EDGE('',*,*,#14629,.F.);
#14629 = EDGE_CURVE('',#14572,#14622,#14630,.T.);
#14630 = CIRCLE('',#14631,1.99999850585);
#14631 = AXIS2_PLACEMENT_3D('',#14632,#14633,#14634);
#14632 = CARTESIAN_POINT('',(34.87500149415,-7.10000149415,0.));
#14633 = DIRECTION('',(0.,0.,-1.));
#14634 = DIRECTION('',(1.,7.470757438357E-07,0.));
#14635 = ORIENTED_EDGE('',*,*,#14579,.F.);
#14636 = FACE_BOUND('',#14637,.F.);
#14637 = EDGE_LOOP('',(#14638));
#14638 = ORIENTED_EDGE('',*,*,#14639,.T.);
#14639 = EDGE_CURVE('',#14640,#14640,#14642,.T.);
#14640 = VERTEX_POINT('',#14641);
#14641 = CARTESIAN_POINT('',(33.975,-6.05,0.));
#14642 = CIRCLE('',#14643,1.5);
#14643 = AXIS2_PLACEMENT_3D('',#14644,#14645,#14646);
#14644 = CARTESIAN_POINT('',(33.975,-4.55,0.));
#14645 = DIRECTION('',(-0.,0.,-1.));
#14646 = DIRECTION('',(-0.,-1.,0.));
#14647 = FACE_BOUND('',#14648,.F.);
#14648 = EDGE_LOOP('',(#14649));
#14649 = ORIENTED_EDGE('',*,*,#14650,.T.);
#14650 = EDGE_CURVE('',#14651,#14651,#14653,.T.);
#14651 = VERTEX_POINT('',#14652);
#14652 = CARTESIAN_POINT('',(2.9,-6.05,0.));
#14653 = CIRCLE('',#14654,1.5);
#14654 = AXIS2_PLACEMENT_3D('',#14655,#14656,#14657);
#14655 = CARTESIAN_POINT('',(2.9,-4.55,0.));
#14656 = DIRECTION('',(-0.,0.,-1.));
#14657 = DIRECTION('',(-2.960594732334E-16,-1.,0.));
#14658 = PLANE('',#14659);
#14659 = AXIS2_PLACEMENT_3D('',#14660,#14661,#14662);
#14660 = CARTESIAN_POINT('',(0.,0.,0.));
#14661 = DIRECTION('',(0.,0.,1.));
#14662 = DIRECTION('',(1.,0.,-0.));
#14663 = ADVANCED_FACE('',(#14664,#14710,#14721),#14732,.T.);
#14664 = FACE_BOUND('',#14665,.T.);
#14665 = EDGE_LOOP('',(#14666,#14667,#14668,#14677,#14685,#14694,#14702,
    #14709));
#14666 = ORIENTED_EDGE('',*,*,#14499,.F.);
#14667 = ORIENTED_EDGE('',*,*,#14541,.F.);
#14668 = ORIENTED_EDGE('',*,*,#14669,.F.);
#14669 = EDGE_CURVE('',#14670,#14534,#14672,.T.);
#14670 = VERTEX_POINT('',#14671);
#14671 = CARTESIAN_POINT('',(0.,-2.,0.91));
#14672 = CIRCLE('',#14673,1.99999850585);
#14673 = AXIS2_PLACEMENT_3D('',#14674,#14675,#14676);
#14674 = CARTESIAN_POINT('',(1.99999850585,-1.99999850585,0.91));
#14675 = DIRECTION('',(0.,0.,-1.));
#14676 = DIRECTION('',(-1.,-7.470757411712E-07,-0.));
#14677 = ORIENTED_EDGE('',*,*,#14678,.F.);
#14678 = EDGE_CURVE('',#14679,#14670,#14681,.T.);
#14679 = VERTEX_POINT('',#14680);
#14680 = CARTESIAN_POINT('',(0.,-7.1,0.91));
#14681 = LINE('',#14682,#14683);
#14682 = CARTESIAN_POINT('',(0.,-7.1,0.91));
#14683 = VECTOR('',#14684,1.);
#14684 = DIRECTION('',(0.,1.,0.));
#14685 = ORIENTED_EDGE('',*,*,#14686,.F.);
#14686 = EDGE_CURVE('',#14687,#14679,#14689,.T.);
#14687 = VERTEX_POINT('',#14688);
#14688 = CARTESIAN_POINT('',(2.,-9.1,0.91));
#14689 = CIRCLE('',#14690,1.99999850585);
#14690 = AXIS2_PLACEMENT_3D('',#14691,#14692,#14693);
#14691 = CARTESIAN_POINT('',(1.99999850585,-7.10000149415,0.91));
#14692 = DIRECTION('',(0.,0.,-1.));
#14693 = DIRECTION('',(7.470757425034E-07,-1.,0.));
#14694 = ORIENTED_EDGE('',*,*,#14695,.F.);
#14695 = EDGE_CURVE('',#14696,#14687,#14698,.T.);
#14696 = VERTEX_POINT('',#14697);
#14697 = CARTESIAN_POINT('',(34.875,-9.1,0.91));
#14698 = LINE('',#14699,#14700);
#14699 = CARTESIAN_POINT('',(34.875,-9.1,0.91));
#14700 = VECTOR('',#14701,1.);
#14701 = DIRECTION('',(-1.,0.,0.));
#14702 = ORIENTED_EDGE('',*,*,#14703,.F.);
#14703 = EDGE_CURVE('',#14564,#14696,#14704,.T.);
#14704 = CIRCLE('',#14705,1.99999850585);
#14705 = AXIS2_PLACEMENT_3D('',#14706,#14707,#14708);
#14706 = CARTESIAN_POINT('',(34.87500149415,-7.10000149415,0.91));
#14707 = DIRECTION('',(0.,0.,-1.));
#14708 = DIRECTION('',(1.,7.470757438357E-07,0.));
#14709 = ORIENTED_EDGE('',*,*,#14563,.F.);
#14710 = FACE_BOUND('',#14711,.T.);
#14711 = EDGE_LOOP('',(#14712));
#14712 = ORIENTED_EDGE('',*,*,#14713,.T.);
#14713 = EDGE_CURVE('',#14714,#14714,#14716,.T.);
#14714 = VERTEX_POINT('',#14715);
#14715 = CARTESIAN_POINT('',(33.975,-6.05,0.91));
#14716 = CIRCLE('',#14717,1.5);
#14717 = AXIS2_PLACEMENT_3D('',#14718,#14719,#14720);
#14718 = CARTESIAN_POINT('',(33.975,-4.55,0.91));
#14719 = DIRECTION('',(-0.,0.,-1.));
#14720 = DIRECTION('',(-0.,-1.,0.));
#14721 = FACE_BOUND('',#14722,.T.);
#14722 = EDGE_LOOP('',(#14723));
#14723 = ORIENTED_EDGE('',*,*,#14724,.T.);
#14724 = EDGE_CURVE('',#14725,#14725,#14727,.T.);
#14725 = VERTEX_POINT('',#14726);
#14726 = CARTESIAN_POINT('',(2.9,-6.05,0.91));
#14727 = CIRCLE('',#14728,1.5);
#14728 = AXIS2_PLACEMENT_3D('',#14729,#14730,#14731);
#14729 = CARTESIAN_POINT('',(2.9,-4.55,0.91));
#14730 = DIRECTION('',(-0.,0.,-1.));
#14731 = DIRECTION('',(-2.960594732334E-16,-1.,0.));
#14732 = PLANE('',#14733);
#14733 = AXIS2_PLACEMENT_3D('',#14734,#14735,#14736);
#14734 = CARTESIAN_POINT('',(0.,0.,0.91));
#14735 = DIRECTION('',(0.,0.,1.));
#14736 = DIRECTION('',(1.,0.,-0.));
#14737 = ADVANCED_FACE('',(#14738),#14749,.T.);
#14738 = FACE_BOUND('',#14739,.T.);
#14739 = EDGE_LOOP('',(#14740,#14746,#14747,#14748));
#14740 = ORIENTED_EDGE('',*,*,#14741,.T.);
#14741 = EDGE_CURVE('',#14596,#14670,#14742,.T.);
#14742 = LINE('',#14743,#14744);
#14743 = CARTESIAN_POINT('',(0.,-2.,0.));
#14744 = VECTOR('',#14745,1.);
#14745 = DIRECTION('',(0.,0.,1.));
#14746 = ORIENTED_EDGE('',*,*,#14669,.T.);
#14747 = ORIENTED_EDGE('',*,*,#14531,.F.);
#14748 = ORIENTED_EDGE('',*,*,#14595,.F.);
#14749 = CYLINDRICAL_SURFACE('',#14750,1.99999850585);
#14750 = AXIS2_PLACEMENT_3D('',#14751,#14752,#14753);
#14751 = CARTESIAN_POINT('',(1.99999850585,-1.99999850585,0.));
#14752 = DIRECTION('',(0.,0.,-1.));
#14753 = DIRECTION('',(-1.,-7.470757411712E-07,-0.));
#14754 = ADVANCED_FACE('',(#14755),#14766,.T.);
#14755 = FACE_BOUND('',#14756,.T.);
#14756 = EDGE_LOOP('',(#14757,#14758,#14759,#14765));
#14757 = ORIENTED_EDGE('',*,*,#14571,.T.);
#14758 = ORIENTED_EDGE('',*,*,#14703,.T.);
#14759 = ORIENTED_EDGE('',*,*,#14760,.F.);
#14760 = EDGE_CURVE('',#14622,#14696,#14761,.T.);
#14761 = LINE('',#14762,#14763);
#14762 = CARTESIAN_POINT('',(34.875,-9.1,0.));
#14763 = VECTOR('',#14764,1.);
#14764 = DIRECTION('',(0.,0.,1.));
#14765 = ORIENTED_EDGE('',*,*,#14629,.F.);
#14766 = CYLINDRICAL_SURFACE('',#14767,1.99999850585);
#14767 = AXIS2_PLACEMENT_3D('',#14768,#14769,#14770);
#14768 = CARTESIAN_POINT('',(34.87500149415,-7.10000149415,0.));
#14769 = DIRECTION('',(0.,0.,-1.));
#14770 = DIRECTION('',(1.,7.470757438357E-07,0.));
#14771 = ADVANCED_FACE('',(#14772),#14783,.T.);
#14772 = FACE_BOUND('',#14773,.T.);
#14773 = EDGE_LOOP('',(#14774,#14780,#14781,#14782));
#14774 = ORIENTED_EDGE('',*,*,#14775,.T.);
#14775 = EDGE_CURVE('',#14605,#14679,#14776,.T.);
#14776 = LINE('',#14777,#14778);
#14777 = CARTESIAN_POINT('',(0.,-7.1,0.));
#14778 = VECTOR('',#14779,1.);
#14779 = DIRECTION('',(0.,0.,1.));
#14780 = ORIENTED_EDGE('',*,*,#14678,.T.);
#14781 = ORIENTED_EDGE('',*,*,#14741,.F.);
#14782 = ORIENTED_EDGE('',*,*,#14604,.F.);
#14783 = PLANE('',#14784);
#14784 = AXIS2_PLACEMENT_3D('',#14785,#14786,#14787);
#14785 = CARTESIAN_POINT('',(0.,-7.1,0.));
#14786 = DIRECTION('',(-1.,0.,0.));
#14787 = DIRECTION('',(0.,1.,0.));
#14788 = ADVANCED_FACE('',(#14789),#14800,.T.);
#14789 = FACE_BOUND('',#14790,.T.);
#14790 = EDGE_LOOP('',(#14791,#14792,#14793,#14799));
#14791 = ORIENTED_EDGE('',*,*,#14760,.T.);
#14792 = ORIENTED_EDGE('',*,*,#14695,.T.);
#14793 = ORIENTED_EDGE('',*,*,#14794,.F.);
#14794 = EDGE_CURVE('',#14613,#14687,#14795,.T.);
#14795 = LINE('',#14796,#14797);
#14796 = CARTESIAN_POINT('',(2.,-9.1,0.));
#14797 = VECTOR('',#14798,1.);
#14798 = DIRECTION('',(0.,0.,1.));
#14799 = ORIENTED_EDGE('',*,*,#14621,.F.);
#14800 = PLANE('',#14801);
#14801 = AXIS2_PLACEMENT_3D('',#14802,#14803,#14804);
#14802 = CARTESIAN_POINT('',(34.875,-9.1,0.));
#14803 = DIRECTION('',(0.,-1.,0.));
#14804 = DIRECTION('',(-1.,0.,0.));
#14805 = ADVANCED_FACE('',(#14806),#14812,.T.);
#14806 = FACE_BOUND('',#14807,.T.);
#14807 = EDGE_LOOP('',(#14808,#14809,#14810,#14811));
#14808 = ORIENTED_EDGE('',*,*,#14794,.T.);
#14809 = ORIENTED_EDGE('',*,*,#14686,.T.);
#14810 = ORIENTED_EDGE('',*,*,#14775,.F.);
#14811 = ORIENTED_EDGE('',*,*,#14612,.F.);
#14812 = CYLINDRICAL_SURFACE('',#14813,1.99999850585);
#14813 = AXIS2_PLACEMENT_3D('',#14814,#14815,#14816);
#14814 = CARTESIAN_POINT('',(1.99999850585,-7.10000149415,0.));
#14815 = DIRECTION('',(0.,0.,-1.));
#14816 = DIRECTION('',(7.470757425034E-07,-1.,0.));
#14817 = ADVANCED_FACE('',(#14818),#14829,.F.);
#14818 = FACE_BOUND('',#14819,.T.);
#14819 = EDGE_LOOP('',(#14820,#14821,#14827,#14828));
#14820 = ORIENTED_EDGE('',*,*,#14639,.T.);
#14821 = ORIENTED_EDGE('',*,*,#14822,.T.);
#14822 = EDGE_CURVE('',#14640,#14714,#14823,.T.);
#14823 = LINE('',#14824,#14825);
#14824 = CARTESIAN_POINT('',(33.975,-6.05,-4.6E-02));
#14825 = VECTOR('',#14826,1.);
#14826 = DIRECTION('',(0.,0.,1.));
#14827 = ORIENTED_EDGE('',*,*,#14713,.F.);
#14828 = ORIENTED_EDGE('',*,*,#14822,.F.);
#14829 = CYLINDRICAL_SURFACE('',#14830,1.5);
#14830 = AXIS2_PLACEMENT_3D('',#14831,#14832,#14833);
#14831 = CARTESIAN_POINT('',(33.975,-4.55,-4.6E-02));
#14832 = DIRECTION('',(-0.,-0.,-1.));
#14833 = DIRECTION('',(-0.,-1.,0.));
#14834 = ADVANCED_FACE('',(#14835),#14846,.F.);
#14835 = FACE_BOUND('',#14836,.T.);
#14836 = EDGE_LOOP('',(#14837,#14838,#14844,#14845));
#14837 = ORIENTED_EDGE('',*,*,#14650,.T.);
#14838 = ORIENTED_EDGE('',*,*,#14839,.T.);
#14839 = EDGE_CURVE('',#14651,#14725,#14840,.T.);
#14840 = LINE('',#14841,#14842);
#14841 = CARTESIAN_POINT('',(2.9,-6.05,-4.6E-02));
#14842 = VECTOR('',#14843,1.);
#14843 = DIRECTION('',(0.,0.,1.));
#14844 = ORIENTED_EDGE('',*,*,#14724,.F.);
#14845 = ORIENTED_EDGE('',*,*,#14839,.F.);
#14846 = CYLINDRICAL_SURFACE('',#14847,1.5);
#14847 = AXIS2_PLACEMENT_3D('',#14848,#14849,#14850);
#14848 = CARTESIAN_POINT('',(2.9,-4.55,-4.6E-02));
#14849 = DIRECTION('',(-0.,-0.,-1.));
#14850 = DIRECTION('',(-2.960594732334E-16,-1.,0.));
#14851 = ( GEOMETRIC_REPRESENTATION_CONTEXT(3) 
GLOBAL_UNCERTAINTY_ASSIGNED_CONTEXT((#14855)) 
GLOBAL_UNIT_ASSIGNED_CONTEXT((#14852,#14853,#14854)) 
REPRESENTATION_CONTEXT('Context #1',
  '3D Context with UNIT and UNCERTAINTY') );
#14852 = ( LENGTH_UNIT() NAMED_UNIT(*) SI_UNIT(.MILLI.,.METRE.) );
#14853 = ( NAMED_UNIT(*) PLANE_ANGLE_UNIT() SI_UNIT($,.RADIAN.) );
#14854 = ( NAMED_UNIT(*) SI_UNIT($,.STERADIAN.) SOLID_ANGLE_UNIT() );
#14855 = UNCERTAINTY_MEASURE_WITH_UNIT(LENGTH_MEASURE(1.E-07),#14852,
  'distance_accuracy_value','confusion accuracy');
#14856 = CONTEXT_DEPENDENT_SHAPE_REPRESENTATION(#14857,#14859);
#14857 = ( REPRESENTATION_RELATIONSHIP('','',#14482,#10) 
REPRESENTATION_RELATIONSHIP_WITH_TRANSFORMATION(#14858) 
SHAPE_REPRESENTATION_RELATIONSHIP() );
#14858 = ITEM_DEFINED_TRANSFORMATION('','',#11,#71);
#14859 = PRODUCT_DEFINITION_SHAPE('Placement','Placement of an item',
  #14860);
#14860 = NEXT_ASSEMBLY_USAGE_OCCURRENCE('21','=>[0:1:1:15]','',#5,#14477
  ,$);
#14861 = PRODUCT_RELATED_PRODUCT_CATEGORY('part',$,(#14479));
#14862 = MECHANICAL_DESIGN_GEOMETRIC_PRESENTATION_REPRESENTATION('',(
    #14863,#14873,#14882,#14891,#14900,#14909,#14918),#3515);
#14863 = STYLED_ITEM('color',(#14864),#3355);
#14864 = PRESENTATION_STYLE_ASSIGNMENT((#14865,#14871));
#14865 = SURFACE_STYLE_USAGE(.BOTH.,#14866);
#14866 = SURFACE_SIDE_STYLE('',(#14867));
#14867 = SURFACE_STYLE_FILL_AREA(#14868);
#14868 = FILL_AREA_STYLE('',(#14869));
#14869 = FILL_AREA_STYLE_COLOUR('',#14870);
#14870 = COLOUR_RGB('',0.823999987314,0.819999987296,0.781000009244);
#14871 = CURVE_STYLE('',#14872,POSITIVE_LENGTH_MEASURE(0.1),#14870);
#14872 = DRAUGHTING_PRE_DEFINED_CURVE_FONT('continuous');
#14873 = STYLED_ITEM('color',(#14874),#3383);
#14874 = PRESENTATION_STYLE_ASSIGNMENT((#14875,#14880));
#14875 = SURFACE_STYLE_USAGE(.BOTH.,#14876);
#14876 = SURFACE_SIDE_STYLE('',(#14877));
#14877 = SURFACE_STYLE_FILL_AREA(#14878);
#14878 = FILL_AREA_STYLE('',(#14879));
#14879 = FILL_AREA_STYLE_COLOUR('',#14870);
#14880 = CURVE_STYLE('',#14881,POSITIVE_LENGTH_MEASURE(0.1),#14870);
#14881 = DRAUGHTING_PRE_DEFINED_CURVE_FONT('continuous');
#14882 = STYLED_ITEM('color',(#14883),#3408);
#14883 = PRESENTATION_STYLE_ASSIGNMENT((#14884,#14889));
#14884 = SURFACE_STYLE_USAGE(.BOTH.,#14885);
#14885 = SURFACE_SIDE_STYLE('',(#14886));
#14886 = SURFACE_STYLE_FILL_AREA(#14887);
#14887 = FILL_AREA_STYLE('',(#14888));
#14888 = FILL_AREA_STYLE_COLOUR('',#14870);
#14889 = CURVE_STYLE('',#14890,POSITIVE_LENGTH_MEASURE(0.1),#14870);
#14890 = DRAUGHTING_PRE_DEFINED_CURVE_FONT('continuous');
#14891 = STYLED_ITEM('color',(#14892),#3433);
#14892 = PRESENTATION_STYLE_ASSIGNMENT((#14893,#14898));
#14893 = SURFACE_STYLE_USAGE(.BOTH.,#14894);
#14894 = SURFACE_SIDE_STYLE('',(#14895));
#14895 = SURFACE_STYLE_FILL_AREA(#14896);
#14896 = FILL_AREA_STYLE('',(#14897));
#14897 = FILL_AREA_STYLE_COLOUR('',#14870);
#14898 = CURVE_STYLE('',#14899,POSITIVE_LENGTH_MEASURE(0.1),#14870);
#14899 = DRAUGHTING_PRE_DEFINED_CURVE_FONT('continuous');
#14900 = STYLED_ITEM('color',(#14901),#3458);
#14901 = PRESENTATION_STYLE_ASSIGNMENT((#14902,#14907));
#14902 = SURFACE_STYLE_USAGE(.BOTH.,#14903);
#14903 = SURFACE_SIDE_STYLE('',(#14904));
#14904 = SURFACE_STYLE_FILL_AREA(#14905);
#14905 = FILL_AREA_STYLE('',(#14906));
#14906 = FILL_AREA_STYLE_COLOUR('',#14870);
#14907 = CURVE_STYLE('',#14908,POSITIVE_LENGTH_MEASURE(0.1),#14870);
#14908 = DRAUGHTING_PRE_DEFINED_CURVE_FONT('continuous');
#14909 = STYLED_ITEM('color',(#14910),#3478);
#14910 = PRESENTATION_STYLE_ASSIGNMENT((#14911,#14916));
#14911 = SURFACE_STYLE_USAGE(.BOTH.,#14912);
#14912 = SURFACE_SIDE_STYLE('',(#14913));
#14913 = SURFACE_STYLE_FILL_AREA(#14914);
#14914 = FILL_AREA_STYLE('',(#14915));
#14915 = FILL_AREA_STYLE_COLOUR('',#14870);
#14916 = CURVE_STYLE('',#14917,POSITIVE_LENGTH_MEASURE(0.1),#14870);
#14917 = DRAUGHTING_PRE_DEFINED_CURVE_FONT('continuous');
#14918 = STYLED_ITEM('color',(#14919),#3498);
#14919 = PRESENTATION_STYLE_ASSIGNMENT((#14920,#14925));
#14920 = SURFACE_STYLE_USAGE(.BOTH.,#14921);
#14921 = SURFACE_SIDE_STYLE('',(#14922));
#14922 = SURFACE_STYLE_FILL_AREA(#14923);
#14923 = FILL_AREA_STYLE('',(#14924));
#14924 = FILL_AREA_STYLE_COLOUR('',#14870);
#14925 = CURVE_STYLE('',#14926,POSITIVE_LENGTH_MEASURE(0.1),#14870);
#14926 = DRAUGHTING_PRE_DEFINED_CURVE_FONT('continuous');
#14927 = MECHANICAL_DESIGN_GEOMETRIC_PRESENTATION_REPRESENTATION('',(
    #14928),#289);
#14928 = STYLED_ITEM('color',(#14929),#139);
#14929 = PRESENTATION_STYLE_ASSIGNMENT((#14930,#14936));
#14930 = SURFACE_STYLE_USAGE(.BOTH.,#14931);
#14931 = SURFACE_SIDE_STYLE('',(#14932));
#14932 = SURFACE_STYLE_FILL_AREA(#14933);
#14933 = FILL_AREA_STYLE('',(#14934));
#14934 = FILL_AREA_STYLE_COLOUR('',#14935);
#14935 = COLOUR_RGB('',6.666667149455E-02,6.666667149455E-02,
  6.666667149455E-02);
#14936 = CURVE_STYLE('',#14937,POSITIVE_LENGTH_MEASURE(0.1),#14938);
#14937 = DRAUGHTING_PRE_DEFINED_CURVE_FONT('continuous');
#14938 = COLOUR_RGB('',0.678431390124,0.709803936702,0.741176476869);
#14939 = MECHANICAL_DESIGN_GEOMETRIC_PRESENTATION_REPRESENTATION('',(
    #14940),#12810);
#14940 = STYLED_ITEM('color',(#14941),#12172);
#14941 = PRESENTATION_STYLE_ASSIGNMENT((#14942));
#14942 = SURFACE_STYLE_USAGE(.BOTH.,#14943);
#14943 = SURFACE_SIDE_STYLE('',(#14944,#14948));
#14944 = SURFACE_STYLE_FILL_AREA(#14945);
#14945 = FILL_AREA_STYLE('',(#14946));
#14946 = FILL_AREA_STYLE_COLOUR('',#14947);
#14947 = COLOUR_RGB('',0.890440242649,0.890440242649,0.890440242649);
#14948 = SURFACE_STYLE_RENDERING_WITH_PROPERTIES(.NORMAL_SHADING.,#14947
  ,(#14949));
#14949 = SURFACE_STYLE_TRANSPARENT(0.170000016689);
#14950 = MECHANICAL_DESIGN_GEOMETRIC_PRESENTATION_REPRESENTATION('',(
    #14951,#14958,#14965,#14972,#14979,#14986,#14993,#15000,#15007,
    #15014,#15021,#15029,#15036,#15043,#15050,#15057,#15064,#15071,
    #15078,#15085,#15092,#15099,#15106,#15113,#15120,#15127,#15134,
    #15141),#2474);
#14951 = STYLED_ITEM('color',(#14952),#1622);
#14952 = PRESENTATION_STYLE_ASSIGNMENT((#14953));
#14953 = SURFACE_STYLE_USAGE(.BOTH.,#14954);
#14954 = SURFACE_SIDE_STYLE('',(#14955));
#14955 = SURFACE_STYLE_FILL_AREA(#14956);
#14956 = FILL_AREA_STYLE('',(#14957));
#14957 = FILL_AREA_STYLE_COLOUR('',#14870);
#14958 = STYLED_ITEM('color',(#14959),#1698);
#14959 = PRESENTATION_STYLE_ASSIGNMENT((#14960));
#14960 = SURFACE_STYLE_USAGE(.BOTH.,#14961);
#14961 = SURFACE_SIDE_STYLE('',(#14962));
#14962 = SURFACE_STYLE_FILL_AREA(#14963);
#14963 = FILL_AREA_STYLE('',(#14964));
#14964 = FILL_AREA_STYLE_COLOUR('',#14870);
#14965 = STYLED_ITEM('color',(#14966),#1729);
#14966 = PRESENTATION_STYLE_ASSIGNMENT((#14967));
#14967 = SURFACE_STYLE_USAGE(.BOTH.,#14968);
#14968 = SURFACE_SIDE_STYLE('',(#14969));
#14969 = SURFACE_STYLE_FILL_AREA(#14970);
#14970 = FILL_AREA_STYLE('',(#14971));
#14971 = FILL_AREA_STYLE_COLOUR('',#14870);
#14972 = STYLED_ITEM('color',(#14973),#1754);
#14973 = PRESENTATION_STYLE_ASSIGNMENT((#14974));
#14974 = SURFACE_STYLE_USAGE(.BOTH.,#14975);
#14975 = SURFACE_SIDE_STYLE('',(#14976));
#14976 = SURFACE_STYLE_FILL_AREA(#14977);
#14977 = FILL_AREA_STYLE('',(#14978));
#14978 = FILL_AREA_STYLE_COLOUR('',#14870);
#14979 = STYLED_ITEM('color',(#14980),#1779);
#14980 = PRESENTATION_STYLE_ASSIGNMENT((#14981));
#14981 = SURFACE_STYLE_USAGE(.BOTH.,#14982);
#14982 = SURFACE_SIDE_STYLE('',(#14983));
#14983 = SURFACE_STYLE_FILL_AREA(#14984);
#14984 = FILL_AREA_STYLE('',(#14985));
#14985 = FILL_AREA_STYLE_COLOUR('',#14870);
#14986 = STYLED_ITEM('color',(#14987),#1803);
#14987 = PRESENTATION_STYLE_ASSIGNMENT((#14988));
#14988 = SURFACE_STYLE_USAGE(.BOTH.,#14989);
#14989 = SURFACE_SIDE_STYLE('',(#14990));
#14990 = SURFACE_STYLE_FILL_AREA(#14991);
#14991 = FILL_AREA_STYLE('',(#14992));
#14992 = FILL_AREA_STYLE_COLOUR('',#14870);
#14993 = STYLED_ITEM('color',(#14994),#1827);
#14994 = PRESENTATION_STYLE_ASSIGNMENT((#14995));
#14995 = SURFACE_STYLE_USAGE(.BOTH.,#14996);
#14996 = SURFACE_SIDE_STYLE('',(#14997));
#14997 = SURFACE_STYLE_FILL_AREA(#14998);
#14998 = FILL_AREA_STYLE('',(#14999));
#14999 = FILL_AREA_STYLE_COLOUR('',#14870);
#15000 = STYLED_ITEM('color',(#15001),#1852);
#15001 = PRESENTATION_STYLE_ASSIGNMENT((#15002));
#15002 = SURFACE_STYLE_USAGE(.BOTH.,#15003);
#15003 = SURFACE_SIDE_STYLE('',(#15004));
#15004 = SURFACE_STYLE_FILL_AREA(#15005);
#15005 = FILL_AREA_STYLE('',(#15006));
#15006 = FILL_AREA_STYLE_COLOUR('',#14870);
#15007 = STYLED_ITEM('color',(#15008),#1877);
#15008 = PRESENTATION_STYLE_ASSIGNMENT((#15009));
#15009 = SURFACE_STYLE_USAGE(.BOTH.,#15010);
#15010 = SURFACE_SIDE_STYLE('',(#15011));
#15011 = SURFACE_STYLE_FILL_AREA(#15012);
#15012 = FILL_AREA_STYLE('',(#15013));
#15013 = FILL_AREA_STYLE_COLOUR('',#14870);
#15014 = STYLED_ITEM('color',(#15015),#1894);
#15015 = PRESENTATION_STYLE_ASSIGNMENT((#15016));
#15016 = SURFACE_STYLE_USAGE(.BOTH.,#15017);
#15017 = SURFACE_SIDE_STYLE('',(#15018));
#15018 = SURFACE_STYLE_FILL_AREA(#15019);
#15019 = FILL_AREA_STYLE('',(#15020));
#15020 = FILL_AREA_STYLE_COLOUR('',#14870);
#15021 = STYLED_ITEM('color',(#15022),#1980);
#15022 = PRESENTATION_STYLE_ASSIGNMENT((#15023));
#15023 = SURFACE_STYLE_USAGE(.BOTH.,#15024);
#15024 = SURFACE_SIDE_STYLE('',(#15025));
#15025 = SURFACE_STYLE_FILL_AREA(#15026);
#15026 = FILL_AREA_STYLE('',(#15027));
#15027 = FILL_AREA_STYLE_COLOUR('',#15028);
#15028 = COLOUR_RGB('',0.379000005575,0.270000008848,0.214999999939);
#15029 = STYLED_ITEM('color',(#15030),#2012);
#15030 = PRESENTATION_STYLE_ASSIGNMENT((#15031));
#15031 = SURFACE_STYLE_USAGE(.BOTH.,#15032);
#15032 = SURFACE_SIDE_STYLE('',(#15033));
#15033 = SURFACE_STYLE_FILL_AREA(#15034);
#15034 = FILL_AREA_STYLE('',(#15035));
#15035 = FILL_AREA_STYLE_COLOUR('',#15028);
#15036 = STYLED_ITEM('color',(#15037),#2036);
#15037 = PRESENTATION_STYLE_ASSIGNMENT((#15038));
#15038 = SURFACE_STYLE_USAGE(.BOTH.,#15039);
#15039 = SURFACE_SIDE_STYLE('',(#15040));
#15040 = SURFACE_STYLE_FILL_AREA(#15041);
#15041 = FILL_AREA_STYLE('',(#15042));
#15042 = FILL_AREA_STYLE_COLOUR('',#15028);
#15043 = STYLED_ITEM('color',(#15044),#2061);
#15044 = PRESENTATION_STYLE_ASSIGNMENT((#15045));
#15045 = SURFACE_STYLE_USAGE(.BOTH.,#15046);
#15046 = SURFACE_SIDE_STYLE('',(#15047));
#15047 = SURFACE_STYLE_FILL_AREA(#15048);
#15048 = FILL_AREA_STYLE('',(#15049));
#15049 = FILL_AREA_STYLE_COLOUR('',#15028);
#15050 = STYLED_ITEM('color',(#15051),#2085);
#15051 = PRESENTATION_STYLE_ASSIGNMENT((#15052));
#15052 = SURFACE_STYLE_USAGE(.BOTH.,#15053);
#15053 = SURFACE_SIDE_STYLE('',(#15054));
#15054 = SURFACE_STYLE_FILL_AREA(#15055);
#15055 = FILL_AREA_STYLE('',(#15056));
#15056 = FILL_AREA_STYLE_COLOUR('',#15028);
#15057 = STYLED_ITEM('color',(#15058),#2110);
#15058 = PRESENTATION_STYLE_ASSIGNMENT((#15059));
#15059 = SURFACE_STYLE_USAGE(.BOTH.,#15060);
#15060 = SURFACE_SIDE_STYLE('',(#15061));
#15061 = SURFACE_STYLE_FILL_AREA(#15062);
#15062 = FILL_AREA_STYLE('',(#15063));
#15063 = FILL_AREA_STYLE_COLOUR('',#15028);
#15064 = STYLED_ITEM('color',(#15065),#2134);
#15065 = PRESENTATION_STYLE_ASSIGNMENT((#15066));
#15066 = SURFACE_STYLE_USAGE(.BOTH.,#15067);
#15067 = SURFACE_SIDE_STYLE('',(#15068));
#15068 = SURFACE_STYLE_FILL_AREA(#15069);
#15069 = FILL_AREA_STYLE('',(#15070));
#15070 = FILL_AREA_STYLE_COLOUR('',#15028);
#15071 = STYLED_ITEM('color',(#15072),#2159);
#15072 = PRESENTATION_STYLE_ASSIGNMENT((#15073));
#15073 = SURFACE_STYLE_USAGE(.BOTH.,#15074);
#15074 = SURFACE_SIDE_STYLE('',(#15075));
#15075 = SURFACE_STYLE_FILL_AREA(#15076);
#15076 = FILL_AREA_STYLE('',(#15077));
#15077 = FILL_AREA_STYLE_COLOUR('',#15028);
#15078 = STYLED_ITEM('color',(#15079),#2176);
#15079 = PRESENTATION_STYLE_ASSIGNMENT((#15080));
#15080 = SURFACE_STYLE_USAGE(.BOTH.,#15081);
#15081 = SURFACE_SIDE_STYLE('',(#15082));
#15082 = SURFACE_STYLE_FILL_AREA(#15083);
#15083 = FILL_AREA_STYLE('',(#15084));
#15084 = FILL_AREA_STYLE_COLOUR('',#14870);
#15085 = STYLED_ITEM('color',(#15086),#2262);
#15086 = PRESENTATION_STYLE_ASSIGNMENT((#15087));
#15087 = SURFACE_STYLE_USAGE(.BOTH.,#15088);
#15088 = SURFACE_SIDE_STYLE('',(#15089));
#15089 = SURFACE_STYLE_FILL_AREA(#15090);
#15090 = FILL_AREA_STYLE('',(#15091));
#15091 = FILL_AREA_STYLE_COLOUR('',#14870);
#15092 = STYLED_ITEM('color',(#15093),#2293);
#15093 = PRESENTATION_STYLE_ASSIGNMENT((#15094));
#15094 = SURFACE_STYLE_USAGE(.BOTH.,#15095);
#15095 = SURFACE_SIDE_STYLE('',(#15096));
#15096 = SURFACE_STYLE_FILL_AREA(#15097);
#15097 = FILL_AREA_STYLE('',(#15098));
#15098 = FILL_AREA_STYLE_COLOUR('',#14870);
#15099 = STYLED_ITEM('color',(#15100),#2318);
#15100 = PRESENTATION_STYLE_ASSIGNMENT((#15101));
#15101 = SURFACE_STYLE_USAGE(.BOTH.,#15102);
#15102 = SURFACE_SIDE_STYLE('',(#15103));
#15103 = SURFACE_STYLE_FILL_AREA(#15104);
#15104 = FILL_AREA_STYLE('',(#15105));
#15105 = FILL_AREA_STYLE_COLOUR('',#14870);
#15106 = STYLED_ITEM('color',(#15107),#2343);
#15107 = PRESENTATION_STYLE_ASSIGNMENT((#15108));
#15108 = SURFACE_STYLE_USAGE(.BOTH.,#15109);
#15109 = SURFACE_SIDE_STYLE('',(#15110));
#15110 = SURFACE_STYLE_FILL_AREA(#15111);
#15111 = FILL_AREA_STYLE('',(#15112));
#15112 = FILL_AREA_STYLE_COLOUR('',#14870);
#15113 = STYLED_ITEM('color',(#15114),#2367);
#15114 = PRESENTATION_STYLE_ASSIGNMENT((#15115));
#15115 = SURFACE_STYLE_USAGE(.BOTH.,#15116);
#15116 = SURFACE_SIDE_STYLE('',(#15117));
#15117 = SURFACE_STYLE_FILL_AREA(#15118);
#15118 = FILL_AREA_STYLE('',(#15119));
#15119 = FILL_AREA_STYLE_COLOUR('',#14870);
#15120 = STYLED_ITEM('color',(#15121),#2391);
#15121 = PRESENTATION_STYLE_ASSIGNMENT((#15122));
#15122 = SURFACE_STYLE_USAGE(.BOTH.,#15123);
#15123 = SURFACE_SIDE_STYLE('',(#15124));
#15124 = SURFACE_STYLE_FILL_AREA(#15125);
#15125 = FILL_AREA_STYLE('',(#15126));
#15126 = FILL_AREA_STYLE_COLOUR('',#14870);
#15127 = STYLED_ITEM('color',(#15128),#2416);
#15128 = PRESENTATION_STYLE_ASSIGNMENT((#15129));
#15129 = SURFACE_STYLE_USAGE(.BOTH.,#15130);
#15130 = SURFACE_SIDE_STYLE('',(#15131));
#15131 = SURFACE_STYLE_FILL_AREA(#15132);
#15132 = FILL_AREA_STYLE('',(#15133));
#15133 = FILL_AREA_STYLE_COLOUR('',#14870);
#15134 = STYLED_ITEM('color',(#15135),#2441);
#15135 = PRESENTATION_STYLE_ASSIGNMENT((#15136));
#15136 = SURFACE_STYLE_USAGE(.BOTH.,#15137);
#15137 = SURFACE_SIDE_STYLE('',(#15138));
#15138 = SURFACE_STYLE_FILL_AREA(#15139);
#15139 = FILL_AREA_STYLE('',(#15140));
#15140 = FILL_AREA_STYLE_COLOUR('',#14870);
#15141 = STYLED_ITEM('color',(#15142),#2458);
#15142 = PRESENTATION_STYLE_ASSIGNMENT((#15143));
#15143 = SURFACE_STYLE_USAGE(.BOTH.,#15144);
#15144 = SURFACE_SIDE_STYLE('',(#15145));
#15145 = SURFACE_STYLE_FILL_AREA(#15146);
#15146 = FILL_AREA_STYLE('',(#15147));
#15147 = FILL_AREA_STYLE_COLOUR('',#14870);
#15148 = MECHANICAL_DESIGN_GEOMETRIC_PRESENTATION_REPRESENTATION('',(
    #15149,#15156,#15163,#15170,#15177,#15184,#15191,#15198,#15206,
    #15213,#15220,#15227,#15234,#15241,#15249,#15256,#15263,#15270,
    #15277,#15284,#15291,#15298,#15305,#15312,#15319,#15326),#3306);
#15149 = STYLED_ITEM('color',(#15150),#2518);
#15150 = PRESENTATION_STYLE_ASSIGNMENT((#15151));
#15151 = SURFACE_STYLE_USAGE(.BOTH.,#15152);
#15152 = SURFACE_SIDE_STYLE('',(#15153));
#15153 = SURFACE_STYLE_FILL_AREA(#15154);
#15154 = FILL_AREA_STYLE('',(#15155));
#15155 = FILL_AREA_STYLE_COLOUR('',#14870);
#15156 = STYLED_ITEM('color',(#15157),#2558);
#15157 = PRESENTATION_STYLE_ASSIGNMENT((#15158));
#15158 = SURFACE_STYLE_USAGE(.BOTH.,#15159);
#15159 = SURFACE_SIDE_STYLE('',(#15160));
#15160 = SURFACE_STYLE_FILL_AREA(#15161);
#15161 = FILL_AREA_STYLE('',(#15162));
#15162 = FILL_AREA_STYLE_COLOUR('',#14870);
#15163 = STYLED_ITEM('color',(#15164),#2641);
#15164 = PRESENTATION_STYLE_ASSIGNMENT((#15165));
#15165 = SURFACE_STYLE_USAGE(.BOTH.,#15166);
#15166 = SURFACE_SIDE_STYLE('',(#15167));
#15167 = SURFACE_STYLE_FILL_AREA(#15168);
#15168 = FILL_AREA_STYLE('',(#15169));
#15169 = FILL_AREA_STYLE_COLOUR('',#14870);
#15170 = STYLED_ITEM('color',(#15171),#2666);
#15171 = PRESENTATION_STYLE_ASSIGNMENT((#15172));
#15172 = SURFACE_STYLE_USAGE(.BOTH.,#15173);
#15173 = SURFACE_SIDE_STYLE('',(#15174));
#15174 = SURFACE_STYLE_FILL_AREA(#15175);
#15175 = FILL_AREA_STYLE('',(#15176));
#15176 = FILL_AREA_STYLE_COLOUR('',#14870);
#15177 = STYLED_ITEM('color',(#15178),#2691);
#15178 = PRESENTATION_STYLE_ASSIGNMENT((#15179));
#15179 = SURFACE_STYLE_USAGE(.BOTH.,#15180);
#15180 = SURFACE_SIDE_STYLE('',(#15181));
#15181 = SURFACE_STYLE_FILL_AREA(#15182);
#15182 = FILL_AREA_STYLE('',(#15183));
#15183 = FILL_AREA_STYLE_COLOUR('',#14870);
#15184 = STYLED_ITEM('color',(#15185),#2758);
#15185 = PRESENTATION_STYLE_ASSIGNMENT((#15186));
#15186 = SURFACE_STYLE_USAGE(.BOTH.,#15187);
#15187 = SURFACE_SIDE_STYLE('',(#15188));
#15188 = SURFACE_STYLE_FILL_AREA(#15189);
#15189 = FILL_AREA_STYLE('',(#15190));
#15190 = FILL_AREA_STYLE_COLOUR('',#14870);
#15191 = STYLED_ITEM('color',(#15192),#2775);
#15192 = PRESENTATION_STYLE_ASSIGNMENT((#15193));
#15193 = SURFACE_STYLE_USAGE(.BOTH.,#15194);
#15194 = SURFACE_SIDE_STYLE('',(#15195));
#15195 = SURFACE_STYLE_FILL_AREA(#15196);
#15196 = FILL_AREA_STYLE('',(#15197));
#15197 = FILL_AREA_STYLE_COLOUR('',#14870);
#15198 = STYLED_ITEM('color',(#15199),#2792);
#15199 = PRESENTATION_STYLE_ASSIGNMENT((#15200));
#15200 = SURFACE_STYLE_USAGE(.BOTH.,#15201);
#15201 = SURFACE_SIDE_STYLE('',(#15202));
#15202 = SURFACE_STYLE_FILL_AREA(#15203);
#15203 = FILL_AREA_STYLE('',(#15204));
#15204 = FILL_AREA_STYLE_COLOUR('',#15205);
#15205 = COLOUR_RGB('',0.894999966383,0.890999961016,0.813000030345);
#15206 = STYLED_ITEM('color',(#15207),#2841);
#15207 = PRESENTATION_STYLE_ASSIGNMENT((#15208));
#15208 = SURFACE_STYLE_USAGE(.BOTH.,#15209);
#15209 = SURFACE_SIDE_STYLE('',(#15210));
#15210 = SURFACE_STYLE_FILL_AREA(#15211);
#15211 = FILL_AREA_STYLE('',(#15212));
#15212 = FILL_AREA_STYLE_COLOUR('',#14870);
#15213 = STYLED_ITEM('color',(#15214),#2858);
#15214 = PRESENTATION_STYLE_ASSIGNMENT((#15215));
#15215 = SURFACE_STYLE_USAGE(.BOTH.,#15216);
#15216 = SURFACE_SIDE_STYLE('',(#15217));
#15217 = SURFACE_STYLE_FILL_AREA(#15218);
#15218 = FILL_AREA_STYLE('',(#15219));
#15219 = FILL_AREA_STYLE_COLOUR('',#14870);
#15220 = STYLED_ITEM('color',(#15221),#2875);
#15221 = PRESENTATION_STYLE_ASSIGNMENT((#15222));
#15222 = SURFACE_STYLE_USAGE(.BOTH.,#15223);
#15223 = SURFACE_SIDE_STYLE('',(#15224));
#15224 = SURFACE_STYLE_FILL_AREA(#15225);
#15225 = FILL_AREA_STYLE('',(#15226));
#15226 = FILL_AREA_STYLE_COLOUR('',#15205);
#15227 = STYLED_ITEM('color',(#15228),#2924);
#15228 = PRESENTATION_STYLE_ASSIGNMENT((#15229));
#15229 = SURFACE_STYLE_USAGE(.BOTH.,#15230);
#15230 = SURFACE_SIDE_STYLE('',(#15231));
#15231 = SURFACE_STYLE_FILL_AREA(#15232);
#15232 = FILL_AREA_STYLE('',(#15233));
#15233 = FILL_AREA_STYLE_COLOUR('',#15205);
#15234 = STYLED_ITEM('color',(#15235),#2941);
#15235 = PRESENTATION_STYLE_ASSIGNMENT((#15236));
#15236 = SURFACE_STYLE_USAGE(.BOTH.,#15237);
#15237 = SURFACE_SIDE_STYLE('',(#15238));
#15238 = SURFACE_STYLE_FILL_AREA(#15239);
#15239 = FILL_AREA_STYLE('',(#15240));
#15240 = FILL_AREA_STYLE_COLOUR('',#14870);
#15241 = STYLED_ITEM('color',(#15242),#3010);
#15242 = PRESENTATION_STYLE_ASSIGNMENT((#15243));
#15243 = SURFACE_STYLE_USAGE(.BOTH.,#15244);
#15244 = SURFACE_SIDE_STYLE('',(#15245));
#15245 = SURFACE_STYLE_FILL_AREA(#15246);
#15246 = FILL_AREA_STYLE('',(#15247));
#15247 = FILL_AREA_STYLE_COLOUR('',#15248);
#15248 = COLOUR_RGB('',8.200000279077E-02,8.600000121357E-02,
  9.399999706163E-02);
#15249 = STYLED_ITEM('color',(#15250),#3041);
#15250 = PRESENTATION_STYLE_ASSIGNMENT((#15251));
#15251 = SURFACE_STYLE_USAGE(.BOTH.,#15252);
#15252 = SURFACE_SIDE_STYLE('',(#15253));
#15253 = SURFACE_STYLE_FILL_AREA(#15254);
#15254 = FILL_AREA_STYLE('',(#15255));
#15255 = FILL_AREA_STYLE_COLOUR('',#15248);
#15256 = STYLED_ITEM('color',(#15257),#3065);
#15257 = PRESENTATION_STYLE_ASSIGNMENT((#15258));
#15258 = SURFACE_STYLE_USAGE(.BOTH.,#15259);
#15259 = SURFACE_SIDE_STYLE('',(#15260));
#15260 = SURFACE_STYLE_FILL_AREA(#15261);
#15261 = FILL_AREA_STYLE('',(#15262));
#15262 = FILL_AREA_STYLE_COLOUR('',#14870);
#15263 = STYLED_ITEM('color',(#15264),#3134);
#15264 = PRESENTATION_STYLE_ASSIGNMENT((#15265));
#15265 = SURFACE_STYLE_USAGE(.BOTH.,#15266);
#15266 = SURFACE_SIDE_STYLE('',(#15267));
#15267 = SURFACE_STYLE_FILL_AREA(#15268);
#15268 = FILL_AREA_STYLE('',(#15269));
#15269 = FILL_AREA_STYLE_COLOUR('',#15248);
#15270 = STYLED_ITEM('color',(#15271),#3158);
#15271 = PRESENTATION_STYLE_ASSIGNMENT((#15272));
#15272 = SURFACE_STYLE_USAGE(.BOTH.,#15273);
#15273 = SURFACE_SIDE_STYLE('',(#15274));
#15274 = SURFACE_STYLE_FILL_AREA(#15275);
#15275 = FILL_AREA_STYLE('',(#15276));
#15276 = FILL_AREA_STYLE_COLOUR('',#14870);
#15277 = STYLED_ITEM('color',(#15278),#3175);
#15278 = PRESENTATION_STYLE_ASSIGNMENT((#15279));
#15279 = SURFACE_STYLE_USAGE(.BOTH.,#15280);
#15280 = SURFACE_SIDE_STYLE('',(#15281));
#15281 = SURFACE_STYLE_FILL_AREA(#15282);
#15282 = FILL_AREA_STYLE('',(#15283));
#15283 = FILL_AREA_STYLE_COLOUR('',#14870);
#15284 = STYLED_ITEM('color',(#15285),#3192);
#15285 = PRESENTATION_STYLE_ASSIGNMENT((#15286));
#15286 = SURFACE_STYLE_USAGE(.BOTH.,#15287);
#15287 = SURFACE_SIDE_STYLE('',(#15288));
#15288 = SURFACE_STYLE_FILL_AREA(#15289);
#15289 = FILL_AREA_STYLE('',(#15290));
#15290 = FILL_AREA_STYLE_COLOUR('',#14870);
#15291 = STYLED_ITEM('color',(#15292),#3209);
#15292 = PRESENTATION_STYLE_ASSIGNMENT((#15293));
#15293 = SURFACE_STYLE_USAGE(.BOTH.,#15294);
#15294 = SURFACE_SIDE_STYLE('',(#15295));
#15295 = SURFACE_STYLE_FILL_AREA(#15296);
#15296 = FILL_AREA_STYLE('',(#15297));
#15297 = FILL_AREA_STYLE_COLOUR('',#14870);
#15298 = STYLED_ITEM('color',(#15299),#3226);
#15299 = PRESENTATION_STYLE_ASSIGNMENT((#15300));
#15300 = SURFACE_STYLE_USAGE(.BOTH.,#15301);
#15301 = SURFACE_SIDE_STYLE('',(#15302));
#15302 = SURFACE_STYLE_FILL_AREA(#15303);
#15303 = FILL_AREA_STYLE('',(#15304));
#15304 = FILL_AREA_STYLE_COLOUR('',#14870);
#15305 = STYLED_ITEM('color',(#15306),#3243);
#15306 = PRESENTATION_STYLE_ASSIGNMENT((#15307));
#15307 = SURFACE_STYLE_USAGE(.BOTH.,#15308);
#15308 = SURFACE_SIDE_STYLE('',(#15309));
#15309 = SURFACE_STYLE_FILL_AREA(#15310);
#15310 = FILL_AREA_STYLE('',(#15311));
#15311 = FILL_AREA_STYLE_COLOUR('',#14870);
#15312 = STYLED_ITEM('color',(#15313),#3260);
#15313 = PRESENTATION_STYLE_ASSIGNMENT((#15314));
#15314 = SURFACE_STYLE_USAGE(.BOTH.,#15315);
#15315 = SURFACE_SIDE_STYLE('',(#15316));
#15316 = SURFACE_STYLE_FILL_AREA(#15317);
#15317 = FILL_AREA_STYLE('',(#15318));
#15318 = FILL_AREA_STYLE_COLOUR('',#14870);
#15319 = STYLED_ITEM('color',(#15320),#3277);
#15320 = PRESENTATION_STYLE_ASSIGNMENT((#15321));
#15321 = SURFACE_STYLE_USAGE(.BOTH.,#15322);
#15322 = SURFACE_SIDE_STYLE('',(#15323));
#15323 = SURFACE_STYLE_FILL_AREA(#15324);
#15324 = FILL_AREA_STYLE('',(#15325));
#15325 = FILL_AREA_STYLE_COLOUR('',#15248);
#15326 = STYLED_ITEM('color',(#15327),#3294);
#15327 = PRESENTATION_STYLE_ASSIGNMENT((#15328));
#15328 = SURFACE_STYLE_USAGE(.BOTH.,#15329);
#15329 = SURFACE_SIDE_STYLE('',(#15330));
#15330 = SURFACE_STYLE_FILL_AREA(#15331);
#15331 = FILL_AREA_STYLE('',(#15332));
#15332 = FILL_AREA_STYLE_COLOUR('',#15248);
#15333 = MECHANICAL_DESIGN_GEOMETRIC_PRESENTATION_REPRESENTATION('',(
    #15334),#14851);
#15334 = STYLED_ITEM('color',(#15335),#14483);
#15335 = PRESENTATION_STYLE_ASSIGNMENT((#15336));
#15336 = SURFACE_STYLE_USAGE(.BOTH.,#15337);
#15337 = SURFACE_SIDE_STYLE('',(#15338,#15342));
#15338 = SURFACE_STYLE_FILL_AREA(#15339);
#15339 = FILL_AREA_STYLE('',(#15340));
#15340 = FILL_AREA_STYLE_COLOUR('',#15341);
#15341 = COLOUR_RGB('',0.679975718802,0.701410709185,0.574871009914);
#15342 = SURFACE_STYLE_RENDERING_WITH_PROPERTIES(.NORMAL_SHADING.,#15341
  ,(#15343));
#15343 = SURFACE_STYLE_TRANSPARENT(1.999998092651E-02);
#15344 = MECHANICAL_DESIGN_GEOMETRIC_PRESENTATION_REPRESENTATION('',(
    #15345),#1578);
#15345 = STYLED_ITEM('color',(#15346),#308);
#15346 = PRESENTATION_STYLE_ASSIGNMENT((#15347,#15353));
#15347 = SURFACE_STYLE_USAGE(.BOTH.,#15348);
#15348 = SURFACE_SIDE_STYLE('',(#15349));
#15349 = SURFACE_STYLE_FILL_AREA(#15350);
#15350 = FILL_AREA_STYLE('',(#15351));
#15351 = FILL_AREA_STYLE_COLOUR('',#15352);
#15352 = COLOUR_RGB('',0.796078452645,0.572549045538,7.843137448654E-03
  );
#15353 = CURVE_STYLE('',#15354,POSITIVE_LENGTH_MEASURE(0.1),#14938);
#15354 = DRAUGHTING_PRE_DEFINED_CURVE_FONT('continuous');
#15355 = MECHANICAL_DESIGN_GEOMETRIC_PRESENTATION_REPRESENTATION('',(
    #15356,#15366,#15375),#14464);
#15356 = STYLED_ITEM('color',(#15357),#12831);
#15357 = PRESENTATION_STYLE_ASSIGNMENT((#15358));
#15358 = SURFACE_STYLE_USAGE(.BOTH.,#15359);
#15359 = SURFACE_SIDE_STYLE('',(#15360,#15364));
#15360 = SURFACE_STYLE_FILL_AREA(#15361);
#15361 = FILL_AREA_STYLE('',(#15362));
#15362 = FILL_AREA_STYLE_COLOUR('',#15363);
#15363 = COLOUR_RGB('',0.313304153717,0.484529207832,0.410020903123);
#15364 = SURFACE_STYLE_RENDERING_WITH_PROPERTIES(.NORMAL_SHADING.,#15363
  ,(#15365));
#15365 = SURFACE_STYLE_TRANSPARENT(0.170000016689);
#15366 = STYLED_ITEM('color',(#15367),#12861);
#15367 = PRESENTATION_STYLE_ASSIGNMENT((#15368));
#15368 = SURFACE_STYLE_USAGE(.BOTH.,#15369);
#15369 = SURFACE_SIDE_STYLE('',(#15370,#15373));
#15370 = SURFACE_STYLE_FILL_AREA(#15371);
#15371 = FILL_AREA_STYLE('',(#15372));
#15372 = FILL_AREA_STYLE_COLOUR('',#15363);
#15373 = SURFACE_STYLE_RENDERING_WITH_PROPERTIES(.NORMAL_SHADING.,#15363
  ,(#15374));
#15374 = SURFACE_STYLE_TRANSPARENT(0.170000016689);
#15375 = STYLED_ITEM('color',(#15376),#12891);
#15376 = PRESENTATION_STYLE_ASSIGNMENT((#15377));
#15377 = SURFACE_STYLE_USAGE(.BOTH.,#15378);
#15378 = SURFACE_SIDE_STYLE('',(#15379,#15382));
#15379 = SURFACE_STYLE_FILL_AREA(#15380);
#15380 = FILL_AREA_STYLE('',(#15381));
#15381 = FILL_AREA_STYLE_COLOUR('',#15363);
#15382 = SURFACE_STYLE_RENDERING_WITH_PROPERTIES(.NORMAL_SHADING.,#15363
  ,(#15383));
#15383 = SURFACE_STYLE_TRANSPARENT(0.170000016689);
#15384 = MECHANICAL_DESIGN_GEOMETRIC_PRESENTATION_REPRESENTATION('',(
    #15385,#15393,#15400,#15407,#15414,#15421,#15428,#15435,#15442,
    #15449,#15456,#15463,#15470,#15477,#15484,#15491,#15498,#15505,
    #15512,#15519,#15526,#15533,#15540,#15547,#15554,#15561,#15568,
    #15575,#15582,#15589,#15596,#15603,#15610,#15617,#15624,#15631,
    #15638,#15645,#15652,#15659,#15666,#15673,#15680),#12151);
#15385 = STYLED_ITEM('color',(#15386),#3564);
#15386 = PRESENTATION_STYLE_ASSIGNMENT((#15387));
#15387 = SURFACE_STYLE_USAGE(.BOTH.,#15388);
#15388 = SURFACE_SIDE_STYLE('',(#15389));
#15389 = SURFACE_STYLE_FILL_AREA(#15390);
#15390 = FILL_AREA_STYLE('',(#15391));
#15391 = FILL_AREA_STYLE_COLOUR('',#15392);
#15392 = COLOUR_RGB('',0.735356983052,0.735356983052,0.735356983052);
#15393 = STYLED_ITEM('color',(#15394),#3714);
#15394 = PRESENTATION_STYLE_ASSIGNMENT((#15395));
#15395 = SURFACE_STYLE_USAGE(.BOTH.,#15396);
#15396 = SURFACE_SIDE_STYLE('',(#15397));
#15397 = SURFACE_STYLE_FILL_AREA(#15398);
#15398 = FILL_AREA_STYLE('',(#15399));
#15399 = FILL_AREA_STYLE_COLOUR('',#15392);
#15400 = STYLED_ITEM('color',(#15401),#4004);
#15401 = PRESENTATION_STYLE_ASSIGNMENT((#15402));
#15402 = SURFACE_STYLE_USAGE(.BOTH.,#15403);
#15403 = SURFACE_SIDE_STYLE('',(#15404));
#15404 = SURFACE_STYLE_FILL_AREA(#15405);
#15405 = FILL_AREA_STYLE('',(#15406));
#15406 = FILL_AREA_STYLE_COLOUR('',#15392);
#15407 = STYLED_ITEM('color',(#15408),#4057);
#15408 = PRESENTATION_STYLE_ASSIGNMENT((#15409));
#15409 = SURFACE_STYLE_USAGE(.BOTH.,#15410);
#15410 = SURFACE_SIDE_STYLE('',(#15411));
#15411 = SURFACE_STYLE_FILL_AREA(#15412);
#15412 = FILL_AREA_STYLE('',(#15413));
#15413 = FILL_AREA_STYLE_COLOUR('',#15392);
#15414 = STYLED_ITEM('color',(#15415),#4207);
#15415 = PRESENTATION_STYLE_ASSIGNMENT((#15416));
#15416 = SURFACE_STYLE_USAGE(.BOTH.,#15417);
#15417 = SURFACE_SIDE_STYLE('',(#15418));
#15418 = SURFACE_STYLE_FILL_AREA(#15419);
#15419 = FILL_AREA_STYLE('',(#15420));
#15420 = FILL_AREA_STYLE_COLOUR('',#15392);
#15421 = STYLED_ITEM('color',(#15422),#4497);
#15422 = PRESENTATION_STYLE_ASSIGNMENT((#15423));
#15423 = SURFACE_STYLE_USAGE(.BOTH.,#15424);
#15424 = SURFACE_SIDE_STYLE('',(#15425));
#15425 = SURFACE_STYLE_FILL_AREA(#15426);
#15426 = FILL_AREA_STYLE('',(#15427));
#15427 = FILL_AREA_STYLE_COLOUR('',#15392);
#15428 = STYLED_ITEM('color',(#15429),#4647);
#15429 = PRESENTATION_STYLE_ASSIGNMENT((#15430));
#15430 = SURFACE_STYLE_USAGE(.BOTH.,#15431);
#15431 = SURFACE_SIDE_STYLE('',(#15432));
#15432 = SURFACE_STYLE_FILL_AREA(#15433);
#15433 = FILL_AREA_STYLE('',(#15434));
#15434 = FILL_AREA_STYLE_COLOUR('',#15392);
#15435 = STYLED_ITEM('color',(#15436),#4937);
#15436 = PRESENTATION_STYLE_ASSIGNMENT((#15437));
#15437 = SURFACE_STYLE_USAGE(.BOTH.,#15438);
#15438 = SURFACE_SIDE_STYLE('',(#15439));
#15439 = SURFACE_STYLE_FILL_AREA(#15440);
#15440 = FILL_AREA_STYLE('',(#15441));
#15441 = FILL_AREA_STYLE_COLOUR('',#15392);
#15442 = STYLED_ITEM('color',(#15443),#5087);
#15443 = PRESENTATION_STYLE_ASSIGNMENT((#15444));
#15444 = SURFACE_STYLE_USAGE(.BOTH.,#15445);
#15445 = SURFACE_SIDE_STYLE('',(#15446));
#15446 = SURFACE_STYLE_FILL_AREA(#15447);
#15447 = FILL_AREA_STYLE('',(#15448));
#15448 = FILL_AREA_STYLE_COLOUR('',#15392);
#15449 = STYLED_ITEM('color',(#15450),#5237);
#15450 = PRESENTATION_STYLE_ASSIGNMENT((#15451));
#15451 = SURFACE_STYLE_USAGE(.BOTH.,#15452);
#15452 = SURFACE_SIDE_STYLE('',(#15453));
#15453 = SURFACE_STYLE_FILL_AREA(#15454);
#15454 = FILL_AREA_STYLE('',(#15455));
#15455 = FILL_AREA_STYLE_COLOUR('',#15392);
#15456 = STYLED_ITEM('color',(#15457),#5527);
#15457 = PRESENTATION_STYLE_ASSIGNMENT((#15458));
#15458 = SURFACE_STYLE_USAGE(.BOTH.,#15459);
#15459 = SURFACE_SIDE_STYLE('',(#15460));
#15460 = SURFACE_STYLE_FILL_AREA(#15461);
#15461 = FILL_AREA_STYLE('',(#15462));
#15462 = FILL_AREA_STYLE_COLOUR('',#15392);
#15463 = STYLED_ITEM('color',(#15464),#5817);
#15464 = PRESENTATION_STYLE_ASSIGNMENT((#15465));
#15465 = SURFACE_STYLE_USAGE(.BOTH.,#15466);
#15466 = SURFACE_SIDE_STYLE('',(#15467));
#15467 = SURFACE_STYLE_FILL_AREA(#15468);
#15468 = FILL_AREA_STYLE('',(#15469));
#15469 = FILL_AREA_STYLE_COLOUR('',#15392);
#15470 = STYLED_ITEM('color',(#15471),#6107);
#15471 = PRESENTATION_STYLE_ASSIGNMENT((#15472));
#15472 = SURFACE_STYLE_USAGE(.BOTH.,#15473);
#15473 = SURFACE_SIDE_STYLE('',(#15474));
#15474 = SURFACE_STYLE_FILL_AREA(#15475);
#15475 = FILL_AREA_STYLE('',(#15476));
#15476 = FILL_AREA_STYLE_COLOUR('',#15392);
#15477 = STYLED_ITEM('color',(#15478),#6397);
#15478 = PRESENTATION_STYLE_ASSIGNMENT((#15479));
#15479 = SURFACE_STYLE_USAGE(.BOTH.,#15480);
#15480 = SURFACE_SIDE_STYLE('',(#15481));
#15481 = SURFACE_STYLE_FILL_AREA(#15482);
#15482 = FILL_AREA_STYLE('',(#15483));
#15483 = FILL_AREA_STYLE_COLOUR('',#15392);
#15484 = STYLED_ITEM('color',(#15485),#6547);
#15485 = PRESENTATION_STYLE_ASSIGNMENT((#15486));
#15486 = SURFACE_STYLE_USAGE(.BOTH.,#15487);
#15487 = SURFACE_SIDE_STYLE('',(#15488));
#15488 = SURFACE_STYLE_FILL_AREA(#15489);
#15489 = FILL_AREA_STYLE('',(#15490));
#15490 = FILL_AREA_STYLE_COLOUR('',#15392);
#15491 = STYLED_ITEM('color',(#15492),#6837);
#15492 = PRESENTATION_STYLE_ASSIGNMENT((#15493));
#15493 = SURFACE_STYLE_USAGE(.BOTH.,#15494);
#15494 = SURFACE_SIDE_STYLE('',(#15495));
#15495 = SURFACE_STYLE_FILL_AREA(#15496);
#15496 = FILL_AREA_STYLE('',(#15497));
#15497 = FILL_AREA_STYLE_COLOUR('',#15392);
#15498 = STYLED_ITEM('color',(#15499),#7127);
#15499 = PRESENTATION_STYLE_ASSIGNMENT((#15500));
#15500 = SURFACE_STYLE_USAGE(.BOTH.,#15501);
#15501 = SURFACE_SIDE_STYLE('',(#15502));
#15502 = SURFACE_STYLE_FILL_AREA(#15503);
#15503 = FILL_AREA_STYLE('',(#15504));
#15504 = FILL_AREA_STYLE_COLOUR('',#15392);
#15505 = STYLED_ITEM('color',(#15506),#7417);
#15506 = PRESENTATION_STYLE_ASSIGNMENT((#15507));
#15507 = SURFACE_STYLE_USAGE(.BOTH.,#15508);
#15508 = SURFACE_SIDE_STYLE('',(#15509));
#15509 = SURFACE_STYLE_FILL_AREA(#15510);
#15510 = FILL_AREA_STYLE('',(#15511));
#15511 = FILL_AREA_STYLE_COLOUR('',#15392);
#15512 = STYLED_ITEM('color',(#15513),#7707);
#15513 = PRESENTATION_STYLE_ASSIGNMENT((#15514));
#15514 = SURFACE_STYLE_USAGE(.BOTH.,#15515);
#15515 = SURFACE_SIDE_STYLE('',(#15516));
#15516 = SURFACE_STYLE_FILL_AREA(#15517);
#15517 = FILL_AREA_STYLE('',(#15518));
#15518 = FILL_AREA_STYLE_COLOUR('',#15392);
#15519 = STYLED_ITEM('color',(#15520),#7997);
#15520 = PRESENTATION_STYLE_ASSIGNMENT((#15521));
#15521 = SURFACE_STYLE_USAGE(.BOTH.,#15522);
#15522 = SURFACE_SIDE_STYLE('',(#15523));
#15523 = SURFACE_STYLE_FILL_AREA(#15524);
#15524 = FILL_AREA_STYLE('',(#15525));
#15525 = FILL_AREA_STYLE_COLOUR('',#15392);
#15526 = STYLED_ITEM('color',(#15527),#8287);
#15527 = PRESENTATION_STYLE_ASSIGNMENT((#15528));
#15528 = SURFACE_STYLE_USAGE(.BOTH.,#15529);
#15529 = SURFACE_SIDE_STYLE('',(#15530));
#15530 = SURFACE_STYLE_FILL_AREA(#15531);
#15531 = FILL_AREA_STYLE('',(#15532));
#15532 = FILL_AREA_STYLE_COLOUR('',#15392);
#15533 = STYLED_ITEM('color',(#15534),#8437);
#15534 = PRESENTATION_STYLE_ASSIGNMENT((#15535));
#15535 = SURFACE_STYLE_USAGE(.BOTH.,#15536);
#15536 = SURFACE_SIDE_STYLE('',(#15537));
#15537 = SURFACE_STYLE_FILL_AREA(#15538);
#15538 = FILL_AREA_STYLE('',(#15539));
#15539 = FILL_AREA_STYLE_COLOUR('',#15392);
#15540 = STYLED_ITEM('color',(#15541),#8727);
#15541 = PRESENTATION_STYLE_ASSIGNMENT((#15542));
#15542 = SURFACE_STYLE_USAGE(.BOTH.,#15543);
#15543 = SURFACE_SIDE_STYLE('',(#15544));
#15544 = SURFACE_STYLE_FILL_AREA(#15545);
#15545 = FILL_AREA_STYLE('',(#15546));
#15546 = FILL_AREA_STYLE_COLOUR('',#15392);
#15547 = STYLED_ITEM('color',(#15548),#8877);
#15548 = PRESENTATION_STYLE_ASSIGNMENT((#15549));
#15549 = SURFACE_STYLE_USAGE(.BOTH.,#15550);
#15550 = SURFACE_SIDE_STYLE('',(#15551));
#15551 = SURFACE_STYLE_FILL_AREA(#15552);
#15552 = FILL_AREA_STYLE('',(#15553));
#15553 = FILL_AREA_STYLE_COLOUR('',#15392);
#15554 = STYLED_ITEM('color',(#15555),#9167);
#15555 = PRESENTATION_STYLE_ASSIGNMENT((#15556));
#15556 = SURFACE_STYLE_USAGE(.BOTH.,#15557);
#15557 = SURFACE_SIDE_STYLE('',(#15558));
#15558 = SURFACE_STYLE_FILL_AREA(#15559);
#15559 = FILL_AREA_STYLE('',(#15560));
#15560 = FILL_AREA_STYLE_COLOUR('',#15392);
#15561 = STYLED_ITEM('color',(#15562),#9317);
#15562 = PRESENTATION_STYLE_ASSIGNMENT((#15563));
#15563 = SURFACE_STYLE_USAGE(.BOTH.,#15564);
#15564 = SURFACE_SIDE_STYLE('',(#15565));
#15565 = SURFACE_STYLE_FILL_AREA(#15566);
#15566 = FILL_AREA_STYLE('',(#15567));
#15567 = FILL_AREA_STYLE_COLOUR('',#15392);
#15568 = STYLED_ITEM('color',(#15569),#9607);
#15569 = PRESENTATION_STYLE_ASSIGNMENT((#15570));
#15570 = SURFACE_STYLE_USAGE(.BOTH.,#15571);
#15571 = SURFACE_SIDE_STYLE('',(#15572));
#15572 = SURFACE_STYLE_FILL_AREA(#15573);
#15573 = FILL_AREA_STYLE('',(#15574));
#15574 = FILL_AREA_STYLE_COLOUR('',#15392);
#15575 = STYLED_ITEM('color',(#15576),#9757);
#15576 = PRESENTATION_STYLE_ASSIGNMENT((#15577));
#15577 = SURFACE_STYLE_USAGE(.BOTH.,#15578);
#15578 = SURFACE_SIDE_STYLE('',(#15579));
#15579 = SURFACE_STYLE_FILL_AREA(#15580);
#15580 = FILL_AREA_STYLE('',(#15581));
#15581 = FILL_AREA_STYLE_COLOUR('',#15392);
#15582 = STYLED_ITEM('color',(#15583),#10047);
#15583 = PRESENTATION_STYLE_ASSIGNMENT((#15584));
#15584 = SURFACE_STYLE_USAGE(.BOTH.,#15585);
#15585 = SURFACE_SIDE_STYLE('',(#15586));
#15586 = SURFACE_STYLE_FILL_AREA(#15587);
#15587 = FILL_AREA_STYLE('',(#15588));
#15588 = FILL_AREA_STYLE_COLOUR('',#15392);
#15589 = STYLED_ITEM('color',(#15590),#10197);
#15590 = PRESENTATION_STYLE_ASSIGNMENT((#15591));
#15591 = SURFACE_STYLE_USAGE(.BOTH.,#15592);
#15592 = SURFACE_SIDE_STYLE('',(#15593));
#15593 = SURFACE_STYLE_FILL_AREA(#15594);
#15594 = FILL_AREA_STYLE('',(#15595));
#15595 = FILL_AREA_STYLE_COLOUR('',#15392);
#15596 = STYLED_ITEM('color',(#15597),#10487);
#15597 = PRESENTATION_STYLE_ASSIGNMENT((#15598));
#15598 = SURFACE_STYLE_USAGE(.BOTH.,#15599);
#15599 = SURFACE_SIDE_STYLE('',(#15600));
#15600 = SURFACE_STYLE_FILL_AREA(#15601);
#15601 = FILL_AREA_STYLE('',(#15602));
#15602 = FILL_AREA_STYLE_COLOUR('',#15392);
#15603 = STYLED_ITEM('color',(#15604),#10637);
#15604 = PRESENTATION_STYLE_ASSIGNMENT((#15605));
#15605 = SURFACE_STYLE_USAGE(.BOTH.,#15606);
#15606 = SURFACE_SIDE_STYLE('',(#15607));
#15607 = SURFACE_STYLE_FILL_AREA(#15608);
#15608 = FILL_AREA_STYLE('',(#15609));
#15609 = FILL_AREA_STYLE_COLOUR('',#15392);
#15610 = STYLED_ITEM('color',(#15611),#10927);
#15611 = PRESENTATION_STYLE_ASSIGNMENT((#15612));
#15612 = SURFACE_STYLE_USAGE(.BOTH.,#15613);
#15613 = SURFACE_SIDE_STYLE('',(#15614));
#15614 = SURFACE_STYLE_FILL_AREA(#15615);
#15615 = FILL_AREA_STYLE('',(#15616));
#15616 = FILL_AREA_STYLE_COLOUR('',#15392);
#15617 = STYLED_ITEM('color',(#15618),#11077);
#15618 = PRESENTATION_STYLE_ASSIGNMENT((#15619));
#15619 = SURFACE_STYLE_USAGE(.BOTH.,#15620);
#15620 = SURFACE_SIDE_STYLE('',(#15621));
#15621 = SURFACE_STYLE_FILL_AREA(#15622);
#15622 = FILL_AREA_STYLE('',(#15623));
#15623 = FILL_AREA_STYLE_COLOUR('',#15392);
#15624 = STYLED_ITEM('color',(#15625),#11367);
#15625 = PRESENTATION_STYLE_ASSIGNMENT((#15626));
#15626 = SURFACE_STYLE_USAGE(.BOTH.,#15627);
#15627 = SURFACE_SIDE_STYLE('',(#15628));
#15628 = SURFACE_STYLE_FILL_AREA(#15629);
#15629 = FILL_AREA_STYLE('',(#15630));
#15630 = FILL_AREA_STYLE_COLOUR('',#15392);
#15631 = STYLED_ITEM('color',(#15632),#11525);
#15632 = PRESENTATION_STYLE_ASSIGNMENT((#15633));
#15633 = SURFACE_STYLE_USAGE(.BOTH.,#15634);
#15634 = SURFACE_SIDE_STYLE('',(#15635));
#15635 = SURFACE_STYLE_FILL_AREA(#15636);
#15636 = FILL_AREA_STYLE('',(#15637));
#15637 = FILL_AREA_STYLE_COLOUR('',#15392);
#15638 = STYLED_ITEM('color',(#15639),#11578);
#15639 = PRESENTATION_STYLE_ASSIGNMENT((#15640));
#15640 = SURFACE_STYLE_USAGE(.BOTH.,#15641);
#15641 = SURFACE_SIDE_STYLE('',(#15642));
#15642 = SURFACE_STYLE_FILL_AREA(#15643);
#15643 = FILL_AREA_STYLE('',(#15644));
#15644 = FILL_AREA_STYLE_COLOUR('',#15392);
#15645 = STYLED_ITEM('color',(#15646),#11631);
#15646 = PRESENTATION_STYLE_ASSIGNMENT((#15647));
#15647 = SURFACE_STYLE_USAGE(.BOTH.,#15648);
#15648 = SURFACE_SIDE_STYLE('',(#15649));
#15649 = SURFACE_STYLE_FILL_AREA(#15650);
#15650 = FILL_AREA_STYLE('',(#15651));
#15651 = FILL_AREA_STYLE_COLOUR('',#15392);
#15652 = STYLED_ITEM('color',(#15653),#11684);
#15653 = PRESENTATION_STYLE_ASSIGNMENT((#15654));
#15654 = SURFACE_STYLE_USAGE(.BOTH.,#15655);
#15655 = SURFACE_SIDE_STYLE('',(#15656));
#15656 = SURFACE_STYLE_FILL_AREA(#15657);
#15657 = FILL_AREA_STYLE('',(#15658));
#15658 = FILL_AREA_STYLE_COLOUR('',#15392);
#15659 = STYLED_ITEM('color',(#15660),#11737);
#15660 = PRESENTATION_STYLE_ASSIGNMENT((#15661));
#15661 = SURFACE_STYLE_USAGE(.BOTH.,#15662);
#15662 = SURFACE_SIDE_STYLE('',(#15663));
#15663 = SURFACE_STYLE_FILL_AREA(#15664);
#15664 = FILL_AREA_STYLE('',(#15665));
#15665 = FILL_AREA_STYLE_COLOUR('',#15392);
#15666 = STYLED_ITEM('color',(#15667),#11895);
#15667 = PRESENTATION_STYLE_ASSIGNMENT((#15668));
#15668 = SURFACE_STYLE_USAGE(.BOTH.,#15669);
#15669 = SURFACE_SIDE_STYLE('',(#15670));
#15670 = SURFACE_STYLE_FILL_AREA(#15671);
#15671 = FILL_AREA_STYLE('',(#15672));
#15672 = FILL_AREA_STYLE_COLOUR('',#15392);
#15673 = STYLED_ITEM('color',(#15674),#11948);
#15674 = PRESENTATION_STYLE_ASSIGNMENT((#15675));
#15675 = SURFACE_STYLE_USAGE(.BOTH.,#15676);
#15676 = SURFACE_SIDE_STYLE('',(#15677));
#15677 = SURFACE_STYLE_FILL_AREA(#15678);
#15678 = FILL_AREA_STYLE('',(#15679));
#15679 = FILL_AREA_STYLE_COLOUR('',#15392);
#15680 = STYLED_ITEM('color',(#15681),#12001);
#15681 = PRESENTATION_STYLE_ASSIGNMENT((#15682));
#15682 = SURFACE_STYLE_USAGE(.BOTH.,#15683);
#15683 = SURFACE_SIDE_STYLE('',(#15684));
#15684 = SURFACE_STYLE_FILL_AREA(#15685);
#15685 = FILL_AREA_STYLE('',(#15686));
#15686 = FILL_AREA_STYLE_COLOUR('',#15392);
ENDSEC;
END-ISO-10303-21;
